parameter_point,k,wq,phase,quantity,reference_value,production_value,absolute_difference,relative_difference,expected_numerical_tolerance,status,source_function,notes
A1,0.0,-0.5,3.141592653589793,r_emit,12.0,12.0,0.0,0.0,1e-07,PASS,archived CSV versus independent_reference,
A1,0.0,-0.5,3.141592653589793,p_r_emit,0.0,0.0,0.0,0.0,1e-07,PASS,archived CSV versus independent_reference,
A1,0.0,-0.5,3.141592653589793,t_emit,0.0,0.0,0.0,0.0,1e-07,PASS,archived CSV versus independent_reference,
A1,0.0,-0.5,3.141592653589793,tau_emit,0.0,0.0,0.0,0.0,1e-07,PASS,archived CSV versus independent_reference,
A1,0.0,-0.5,3.141592653589793,emitter_energy,0.9563650695950076,0.9563650695950076,0.0,0.0,1e-07,PASS,archived CSV versus independent_reference,
A1,0.0,-0.5,3.141592653589793,emitter_angular_momentum,3.7481702853265464,3.7481702853265455,8.881784197001252e-16,2.3696319859777817e-16,1e-07,PASS,archived CSV versus independent_reference,
A1,0.0,-0.5,3.141592653589793,alpha_launch,2.939190288802952,2.9391902888030303,7.815970093361102e-14,2.6592256116034306e-14,1e-07,PASS,archived CSV versus independent_reference,raw launch angles have equivalent periodic parameterizations
A1,0.0,-0.5,3.141592653589793,beta_launch,-1.5797983004071954,-1.5797983004072007,5.329070518200751e-15,3.3732600654318705e-15,1e-07,PASS,archived CSV versus independent_reference,raw launch angles have equivalent periodic parameterizations
A1,0.0,-0.5,3.141592653589793,x_hit,-6.326217327767836e-12,-5.895284260759581e-12,4.309330670082545e-13,0.06811859989645762,1e-07,PASS,archived CSV versus independent_reference,
A1,0.0,-0.5,3.141592653589793,y_hit,1.3594472769717925e-12,1.3294296219434898e-12,3.001765502830267e-14,0.022080779105437508,1e-07,PASS,archived CSV versus independent_reference,
A1,0.0,-0.5,3.141592653589793,z_hit,-79.99999999999999,-80.0,1.4210854715202004e-14,1.7763568394002506e-16,1e-07,PASS,archived CSV versus independent_reference,
A1,0.0,-0.5,3.141592653589793,hit_error,6.470635407517259e-12,6.043323558677001e-12,4.273118488402576e-13,0.06603862247343255,1e-07,PASS,archived CSV versus independent_reference,
A1,0.0,-0.5,3.141592653589793,impact_parameter,10.384586688878427,10.384586688878384,4.263256414560601e-14,4.10536937317536e-15,1e-07,PASS,archived CSV versus independent_reference,
A1,0.0,-0.5,3.141592653589793,impact_parameter_drift,1.3447021274259896e-12,1.3411494137471889e-12,3.552713678800703e-15,0.002642007926023928,1e-07,PASS,archived CSV versus independent_reference,
A1,0.0,-0.5,3.141592653589793,alpha_sky,-0.12660224057859387,-0.1266022405785931,7.771561172376096e-16,6.138565270929435e-15,1e-07,PASS,archived CSV versus independent_reference,
A1,0.0,-0.5,3.141592653589793,beta_sky,0.02598034205396479,0.0259803420539647,9.020562075079397e-17,3.4720720983359003e-15,1e-07,PASS,archived CSV versus independent_reference,
A1,0.0,-0.5,3.141592653589793,propagation_time,77.06548026348193,77.06548026348186,7.105427357601002e-14,9.219987124336345e-16,1e-07,PASS,archived CSV versus independent_reference,
A1,0.0,-0.5,3.141592653589793,euclidean_distance,72.89414068670325,72.89414068670325,0.0,0.0,1e-07,PASS,archived CSV versus independent_reference,
A1,0.0,-0.5,3.141592653589793,excess_time_delay,4.171339576778678,4.171339576778607,7.105427357601002e-14,1.703392214135723e-14,1e-07,PASS,archived CSV versus independent_reference,
A1,0.0,-0.5,3.141592653589793,one_plus_z,1.029302599817455,1.0293025998174556,6.661338147750939e-16,6.471700497921905e-16,1e-07,PASS,archived CSV versus independent_reference,
A1,0.0,-0.5,3.141592653589793,redshift,0.029302599817454977,0.0293025998174556,6.210310043996969e-16,2.1193716880703123e-14,1e-07,PASS,archived CSV versus independent_reference,
A1,0.0,-0.5,3.141592653589793,null_constraint_error,1.143092565047965e-12,1.1434082847205929e-12,3.157196726277789e-16,0.00027612155416989063,1e-07,PASS,archived CSV versus independent_reference,
A1,0.0,-0.5,3.141592653589793,launch_direction_difference,0.0,5.3750571755155316e-15,5.3750571755155316e-15,5.3750571755155316e-15,1e-07,PASS,angle-to-unit-vector comparison,invariant to equivalent angle branches
A1,0.0,-0.5,4.71238898038469,r_emit,10.751456069158118,10.751456069120858,3.7260861063259654e-11,3.4656571931821443e-12,1e-07,PASS,archived CSV versus independent_reference,
A1,0.0,-0.5,4.71238898038469,p_r_emit,-0.051068421733491756,-0.0510684217332436,2.481556626854342e-13,4.8592780873564466e-12,1e-07,PASS,archived CSV versus independent_reference,
A1,0.0,-0.5,4.71238898038469,t_emit,64.70293858369108,64.70293858360098,9.00968188943807e-11,1.3924687327430035e-12,1e-07,PASS,archived CSV versus independent_reference,
A1,0.0,-0.5,4.71238898038469,tau_emit,55.94793919768013,55.94793919759458,8.554934538551606e-11,1.5290884099098927e-12,1e-07,PASS,archived CSV versus independent_reference,
A1,0.0,-0.5,4.71238898038469,emitter_energy,0.9563650695950076,0.9563650695950076,0.0,0.0,1e-07,PASS,archived CSV versus independent_reference,
A1,0.0,-0.5,4.71238898038469,emitter_angular_momentum,3.7481702853265464,3.7481702853265455,8.881784197001252e-16,2.3696319859777817e-16,1e-07,PASS,archived CSV versus independent_reference,
A1,0.0,-0.5,4.71238898038469,alpha_launch,-2.0376910587300983,1.1039015945200348,3.1415926532501333,1.5417413939127718,1e-07,WARNING,archived CSV versus independent_reference,raw launch angles have equivalent periodic parameterizations
A1,0.0,-0.5,4.71238898038469,beta_launch,-1.5197459113957428,-1.6218467421890774,0.10210083079333465,0.0629534395189059,1e-07,WARNING,archived CSV versus independent_reference,raw launch angles have equivalent periodic parameterizations
A1,0.0,-0.5,4.71238898038469,x_hit,-1.3072876114961218e-12,-1.029593771351145e-09,1.0282864837396488e-09,0.9987302879564038,1e-07,PASS,archived CSV versus independent_reference,
A1,0.0,-0.5,4.71238898038469,y_hit,-4.312106227644108e-13,1.0942479145015227e-09,1.0946791251242871e-09,1.0003940703172012,1e-07,PASS,archived CSV versus independent_reference,
A1,0.0,-0.5,4.71238898038469,z_hit,-79.99999999999999,-79.99999999999999,0.0,0.0,1e-07,PASS,archived CSV versus independent_reference,
A1,0.0,-0.5,4.71238898038469,hit_error,1.376569468045876e-12,1.5024785630404202e-09,1.5011019935723744e-09,0.9990838009260776,1e-07,PASS,archived CSV versus independent_reference,
A1,0.0,-0.5,4.71238898038469,impact_parameter,11.303157963613643,11.303157963596718,1.6925127965805586e-11,1.4973804683867824e-12,1e-07,PASS,archived CSV versus independent_reference,
A1,0.0,-0.5,4.71238898038469,impact_parameter_drift,1.2594369991347776e-12,1.2683187833317788e-12,8.881784197001252e-15,0.0070028011204481795,1e-07,PASS,archived CSV versus independent_reference,
A1,0.0,-0.5,4.71238898038469,alpha_sky,0.06341679399341572,0.0634167939926243,7.914224831040428e-13,1.247969872438226e-11,1e-07,PASS,archived CSV versus independent_reference,
A1,0.0,-0.5,4.71238898038469,beta_sky,0.12581061718446598,0.1258106171846247,1.5870638137016613e-13,1.2614704936807323e-12,1e-07,PASS,archived CSV versus independent_reference,
A1,0.0,-0.5,4.71238898038469,propagation_time,82.08564380443772,82.08564380452532,8.759570846450515e-11,1.06712580184059e-12,1e-07,PASS,archived CSV versus independent_reference,
A1,0.0,-0.5,4.71238898038469,euclidean_distance,77.46951566128668,77.46951566129303,6.352252057695296e-12,8.199679581666913e-14,1e-07,PASS,archived CSV versus independent_reference,
A1,0.0,-0.5,4.71238898038469,excess_time_delay,4.616128143151045,4.616128143232288,8.124345640680986e-11,1.7599913582538e-11,1e-07,PASS,archived CSV versus independent_reference,
A1,0.0,-0.5,4.71238898038469,one_plus_z,1.4191505631310626,1.4191505631280437,3.0189184485607257e-12,2.127271430523979e-12,1e-07,PASS,archived CSV versus independent_reference,
A1,0.0,-0.5,4.71238898038469,redshift,0.4191505631310626,0.4191505631280436,3.018973959711957e-12,7.202600271272845e-12,1e-07,PASS,archived CSV versus independent_reference,
A1,0.0,-0.5,4.71238898038469,null_constraint_error,1.1910125663483484e-12,1.195599175218831e-12,4.586608870482678e-15,0.003836242919491132,1e-07,PASS,archived CSV versus independent_reference,
A1,0.0,-0.5,4.71238898038469,launch_direction_difference,0.0,1.803159520712231e-11,1.803159520712231e-11,1.803159520712231e-11,1e-07,PASS,angle-to-unit-vector comparison,invariant to equivalent angle branches
A1,0.0,-0.5,6.283185307179586,r_emit,8.905258956685069,8.905258956681742,3.327116360196669e-12,3.7361253349056667e-13,1e-07,PASS,archived CSV versus independent_reference,
A1,0.0,-0.5,6.283185307179586,p_r_emit,-0.05553878844845753,-0.0555387884495113,1.0537751227168712e-12,1.8973678615168703e-11,1e-07,PASS,archived CSV versus independent_reference,
A1,0.0,-0.5,6.283185307179586,t_emit,112.97576216180532,112.97576216197912,1.737987531669205e-10,1.5383720352135032e-12,1e-07,PASS,archived CSV versus independent_reference,
A1,0.0,-0.5,6.283185307179586,tau_emit,96.11997530098226,96.11997530113874,1.5647572126908926e-10,1.6279209475331137e-12,1e-07,PASS,archived CSV versus independent_reference,
A1,0.0,-0.5,6.283185307179586,emitter_energy,0.9563650695950076,0.9563650695950076,0.0,0.0,1e-07,PASS,archived CSV versus independent_reference,
A1,0.0,-0.5,6.283185307179586,emitter_angular_momentum,3.7481702853265464,3.7481702853265455,8.881784197001252e-16,2.3696319859777817e-16,1e-07,PASS,archived CSV versus independent_reference,
A1,0.0,-0.5,6.283185307179586,alpha_launch,-3.3439950183767166,-0.2024023647869232,3.1415926535897936,0.9394728868689596,1e-07,WARNING,archived CSV versus independent_reference,raw launch angles have equivalent periodic parameterizations
A1,0.0,-0.5,6.283185307179586,beta_launch,-1.282265330555011,-1.8593273230349536,0.5770619924799427,0.31036062630328726,1e-07,WARNING,archived CSV versus independent_reference,raw launch angles have equivalent periodic parameterizations
A1,0.0,-0.5,6.283185307179586,x_hit,4.0190073491430667e-14,-7.444045380111676e-14,1.1463052729254741e-13,1.5398956002982847,1e-07,PASS,archived CSV versus independent_reference,
A1,0.0,-0.5,6.283185307179586,y_hit,-1.3183898417423734e-15,1.314226505400029e-14,1.4460654895742664e-14,1.1003167898627244,1e-07,PASS,archived CSV versus independent_reference,
A1,0.0,-0.5,6.283185307179586,z_hit,-80.0,-79.99999999999999,1.4210854715202004e-14,1.7763568394002506e-16,1e-07,PASS,archived CSV versus independent_reference,
A1,0.0,-0.5,6.283185307179586,hit_error,4.021169181993475e-14,7.559166814448399e-14,3.5379976324549236e-14,0.46804068745942806,1e-07,PASS,archived CSV versus independent_reference,
A1,0.0,-0.5,6.283185307179586,impact_parameter,9.454482803966867,9.45448280396447,2.396305376350938e-12,2.5345705587887977e-13,1e-07,PASS,archived CSV versus independent_reference,
A1,0.0,-0.5,6.283185307179586,impact_parameter_drift,8.684608587827825e-12,8.704148513061227e-12,1.9539925233402755e-14,0.0022448979591836735,1e-07,PASS,archived CSV versus independent_reference,
A1,0.0,-0.5,6.283185307179586,alpha_sky,0.11509864661822854,0.1150986466181984,3.0142555118573e-14,2.618845312625877e-13,1e-07,PASS,archived CSV versus independent_reference,
A1,0.0,-0.5,6.283185307179586,beta_sky,-0.023619662617531845,-0.0236196626175256,6.2450045135165055e-15,2.6439854855848414e-13,1e-07,PASS,archived CSV versus independent_reference,
A1,0.0,-0.5,6.283185307179586,propagation_time,92.75042274946374,92.75042274946168,2.0605739337042905e-12,2.2216329291245244e-14,1e-07,PASS,archived CSV versus independent_reference,
A1,0.0,-0.5,6.283185307179586,euclidean_distance,85.97919726821014,85.97919726820781,2.3305801732931286e-12,2.7106326266607688e-14,1e-07,PASS,archived CSV versus independent_reference,
A1,0.0,-0.5,6.283185307179586,excess_time_delay,6.771225481253595,6.771225481253879,2.8421709430404007e-13,4.1974247511162406e-14,1e-07,PASS,archived CSV versus independent_reference,
A1,0.0,-0.5,6.283185307179586,one_plus_z,1.370144214009483,1.3701442140093392,1.438849039914203e-13,1.0501442294922133e-13,1e-07,PASS,archived CSV versus independent_reference,
A1,0.0,-0.5,6.283185307179586,redshift,0.37014421400948305,0.3701442140093391,1.4394041514265155e-13,3.888765775465122e-13,1e-07,PASS,archived CSV versus independent_reference,
A1,0.0,-0.5,6.283185307179586,null_constraint_error,4.708768097660965e-12,4.7157486249282946e-12,6.980527267329864e-15,0.001480258559675879,1e-07,PASS,archived CSV versus independent_reference,
A1,0.0,-0.5,6.283185307179586,launch_direction_difference,0.0,1.712892967822615e-13,1.712892967822615e-13,1.712892967822615e-13,1e-07,PASS,angle-to-unit-vector comparison,invariant to equivalent angle branches
A1,0.0,-0.5,7.853981633974483,r_emit,8.04109616580456,8.041096165782546,2.2014390310687304e-11,2.7377349874641913e-12,1e-07,PASS,archived CSV versus independent_reference,
A1,0.0,-0.5,7.853981633974483,p_r_emit,-0.014774956111321031,-0.0147749561112584,6.263045637666664e-14,4.238960569817006e-12,1e-07,PASS,archived CSV versus independent_reference,
A1,0.0,-0.5,7.853981633974483,t_emit,149.96020824591912,149.96020824587896,4.015987542516086e-11,2.6780354531985477e-13,1e-07,PASS,archived CSV versus independent_reference,
A1,0.0,-0.5,7.853981633974483,tau_emit,125.5664784371824,125.56647843714296,3.943512183468556e-11,3.140577192695096e-13,1e-07,PASS,archived CSV versus independent_reference,
A1,0.0,-0.5,7.853981633974483,emitter_energy,0.9563650695950076,0.9563650695950076,0.0,0.0,1e-07,PASS,archived CSV versus independent_reference,
A1,0.0,-0.5,7.853981633974483,emitter_angular_momentum,3.7481702853265464,3.7481702853265455,8.881784197001252e-16,2.3696319859777817e-16,1e-07,PASS,archived CSV versus independent_reference,
A1,0.0,-0.5,7.853981633974483,alpha_launch,1.1039015948599258,-2.0376910587062262,3.141592653566152,1.5417413940859201,1e-07,WARNING,archived CSV versus independent_reference,raw launch angles have equivalent periodic parameterizations
A1,0.0,-0.5,7.853981633974483,beta_launch,-1.3391386149944484,-1.8024540385924992,0.4633154235980508,0.25704701128459545,1e-07,WARNING,archived CSV versus independent_reference,raw launch angles have equivalent periodic parameterizations
A1,0.0,-0.5,7.853981633974483,x_hit,2.8296809340133677e-13,-5.539280700794791e-10,5.542110381728804e-10,1.0005108390577873,1e-07,PASS,archived CSV versus independent_reference,
A1,0.0,-0.5,7.853981633974483,y_hit,4.533040609544514e-13,-1.7603907220831158e-10,1.7649237626926603e-10,1.0025750195980245,1e-07,PASS,archived CSV versus independent_reference,
A1,0.0,-0.5,7.853981633974483,z_hit,-79.99999999999999,-80.0,1.4210854715202004e-14,1.7763568394002506e-16,1e-07,PASS,archived CSV versus independent_reference,
A1,0.0,-0.5,7.853981633974483,hit_error,5.34373945436138e-13,5.812280634707337e-10,5.806936895252976e-10,0.999080612277657,1e-07,PASS,archived CSV versus independent_reference,
A1,0.0,-0.5,7.853981633974483,impact_parameter,9.259176729711058,9.259176729688496,2.256150821722258e-11,2.4366646059175755e-12,1e-07,PASS,archived CSV versus independent_reference,
A1,0.0,-0.5,7.853981633974483,impact_parameter_drift,3.213429522475053e-12,3.209876808796253e-12,3.552713678800097e-15,0.0011055831951353083,1e-07,PASS,archived CSV versus independent_reference,
A1,0.0,-0.5,7.853981633974483,alpha_sky,-0.051780174160023576,-0.0517801741597287,2.948752353404416e-13,5.694751709971988e-12,1e-07,PASS,archived CSV versus independent_reference,
A1,0.0,-0.5,7.853981633974483,beta_sky,-0.10272508682271148,-0.102725086822542,1.6947554470903015e-13,1.6497970452098058e-12,1e-07,PASS,archived CSV versus independent_reference,
A1,0.0,-0.5,7.853981633974483,propagation_time,88.81221878427519,88.81221878432059,4.54036808150704e-11,5.112323668585816e-13,1e-07,PASS,archived CSV versus independent_reference,
A1,0.0,-0.5,7.853981633974483,euclidean_distance,82.75949840894829,82.75949840893979,8.498091119690798e-12,1.0268417865099035e-13,1e-07,PASS,archived CSV versus independent_reference,
A1,0.0,-0.5,7.853981633974483,excess_time_delay,6.052720375326899,6.052720375380801,5.39017719347612e-11,8.90537949745779e-12,1e-07,PASS,archived CSV versus independent_reference,
A1,0.0,-0.5,7.853981633974483,one_plus_z,0.9001562295383876,0.9001562295405506,2.1630475188771925e-12,2.4029690045929418e-12,1e-07,PASS,archived CSV versus independent_reference,
A1,0.0,-0.5,7.853981633974483,redshift,-0.09984377046161241,-0.0998437704594493,2.1631169078162316e-12,2.166501623301475e-11,1e-07,PASS,archived CSV versus independent_reference,
A1,0.0,-0.5,7.853981633974483,null_constraint_error,3.065422915504712e-12,3.06467351496309e-12,7.494005416219807e-16,0.0002444688913335778,1e-07,PASS,archived CSV versus independent_reference,
A1,0.0,-0.5,7.853981633974483,launch_direction_difference,0.0,6.12851804055038e-12,6.12851804055038e-12,6.12851804055038e-12,1e-07,PASS,angle-to-unit-vector comparison,invariant to equivalent angle branches
A2,0.0,-0.6666666666666666,3.141592653589793,r_emit,12.0,12.0,0.0,0.0,1e-07,PASS,archived CSV versus independent_reference,
A2,0.0,-0.6666666666666666,3.141592653589793,p_r_emit,0.0,0.0,0.0,0.0,1e-07,PASS,archived CSV versus independent_reference,
A2,0.0,-0.6666666666666666,3.141592653589793,t_emit,0.0,0.0,0.0,0.0,1e-07,PASS,archived CSV versus independent_reference,
A2,0.0,-0.6666666666666666,3.141592653589793,tau_emit,0.0,0.0,0.0,0.0,1e-07,PASS,archived CSV versus independent_reference,
A2,0.0,-0.6666666666666666,3.141592653589793,emitter_energy,0.9563650695950076,0.9563650695950076,0.0,0.0,1e-07,PASS,archived CSV versus independent_reference,
A2,0.0,-0.6666666666666666,3.141592653589793,emitter_angular_momentum,3.7481702853265464,3.7481702853265455,8.881784197001252e-16,2.3696319859777817e-16,1e-07,PASS,archived CSV versus independent_reference,
A2,0.0,-0.6666666666666666,3.141592653589793,alpha_launch,2.939190288802952,2.9391902888030303,7.815970093361102e-14,2.6592256116034306e-14,1e-07,PASS,archived CSV versus independent_reference,raw launch angles have equivalent periodic parameterizations
A2,0.0,-0.6666666666666666,3.141592653589793,beta_launch,-1.5797983004071954,-1.5797983004072007,5.329070518200751e-15,3.3732600654318705e-15,1e-07,PASS,archived CSV versus independent_reference,raw launch angles have equivalent periodic parameterizations
A2,0.0,-0.6666666666666666,3.141592653589793,x_hit,-6.326217327767836e-12,-5.895284260759581e-12,4.309330670082545e-13,0.06811859989645762,1e-07,PASS,archived CSV versus independent_reference,
A2,0.0,-0.6666666666666666,3.141592653589793,y_hit,1.3594472769717925e-12,1.3294296219434898e-12,3.001765502830267e-14,0.022080779105437508,1e-07,PASS,archived CSV versus independent_reference,
A2,0.0,-0.6666666666666666,3.141592653589793,z_hit,-79.99999999999999,-80.0,1.4210854715202004e-14,1.7763568394002506e-16,1e-07,PASS,archived CSV versus independent_reference,
A2,0.0,-0.6666666666666666,3.141592653589793,hit_error,6.470635407517259e-12,6.043323558677001e-12,4.273118488402576e-13,0.06603862247343255,1e-07,PASS,archived CSV versus independent_reference,
A2,0.0,-0.6666666666666666,3.141592653589793,impact_parameter,10.384586688878427,10.384586688878384,4.263256414560601e-14,4.10536937317536e-15,1e-07,PASS,archived CSV versus independent_reference,
A2,0.0,-0.6666666666666666,3.141592653589793,impact_parameter_drift,1.3447021274259896e-12,1.3411494137471889e-12,3.552713678800703e-15,0.002642007926023928,1e-07,PASS,archived CSV versus independent_reference,
A2,0.0,-0.6666666666666666,3.141592653589793,alpha_sky,-0.12660224057859387,-0.1266022405785931,7.771561172376096e-16,6.138565270929435e-15,1e-07,PASS,archived CSV versus independent_reference,
A2,0.0,-0.6666666666666666,3.141592653589793,beta_sky,0.02598034205396479,0.0259803420539647,9.020562075079397e-17,3.4720720983359003e-15,1e-07,PASS,archived CSV versus independent_reference,
A2,0.0,-0.6666666666666666,3.141592653589793,propagation_time,77.06548026348193,77.06548026348186,7.105427357601002e-14,9.219987124336345e-16,1e-07,PASS,archived CSV versus independent_reference,
A2,0.0,-0.6666666666666666,3.141592653589793,euclidean_distance,72.89414068670325,72.89414068670325,0.0,0.0,1e-07,PASS,archived CSV versus independent_reference,
A2,0.0,-0.6666666666666666,3.141592653589793,excess_time_delay,4.171339576778678,4.171339576778607,7.105427357601002e-14,1.703392214135723e-14,1e-07,PASS,archived CSV versus independent_reference,
A2,0.0,-0.6666666666666666,3.141592653589793,one_plus_z,1.029302599817455,1.0293025998174556,6.661338147750939e-16,6.471700497921905e-16,1e-07,PASS,archived CSV versus independent_reference,
A2,0.0,-0.6666666666666666,3.141592653589793,redshift,0.029302599817454977,0.0293025998174556,6.210310043996969e-16,2.1193716880703123e-14,1e-07,PASS,archived CSV versus independent_reference,
A2,0.0,-0.6666666666666666,3.141592653589793,null_constraint_error,1.143092565047965e-12,1.1434082847205929e-12,3.157196726277789e-16,0.00027612155416989063,1e-07,PASS,archived CSV versus independent_reference,
A2,0.0,-0.6666666666666666,3.141592653589793,launch_direction_difference,0.0,5.3750571755155316e-15,5.3750571755155316e-15,5.3750571755155316e-15,1e-07,PASS,angle-to-unit-vector comparison,invariant to equivalent angle branches
A2,0.0,-0.6666666666666666,4.71238898038469,r_emit,10.751456069158118,10.751456069120858,3.7260861063259654e-11,3.4656571931821443e-12,1e-07,PASS,archived CSV versus independent_reference,
A2,0.0,-0.6666666666666666,4.71238898038469,p_r_emit,-0.051068421733491756,-0.0510684217332436,2.481556626854342e-13,4.8592780873564466e-12,1e-07,PASS,archived CSV versus independent_reference,
A2,0.0,-0.6666666666666666,4.71238898038469,t_emit,64.70293858369108,64.70293858360098,9.00968188943807e-11,1.3924687327430035e-12,1e-07,PASS,archived CSV versus independent_reference,
A2,0.0,-0.6666666666666666,4.71238898038469,tau_emit,55.94793919768013,55.94793919759458,8.554934538551606e-11,1.5290884099098927e-12,1e-07,PASS,archived CSV versus independent_reference,
A2,0.0,-0.6666666666666666,4.71238898038469,emitter_energy,0.9563650695950076,0.9563650695950076,0.0,0.0,1e-07,PASS,archived CSV versus independent_reference,
A2,0.0,-0.6666666666666666,4.71238898038469,emitter_angular_momentum,3.7481702853265464,3.7481702853265455,8.881784197001252e-16,2.3696319859777817e-16,1e-07,PASS,archived CSV versus independent_reference,
A2,0.0,-0.6666666666666666,4.71238898038469,alpha_launch,-2.0376910587300983,1.1039015945200348,3.1415926532501333,1.5417413939127718,1e-07,WARNING,archived CSV versus independent_reference,raw launch angles have equivalent periodic parameterizations
A2,0.0,-0.6666666666666666,4.71238898038469,beta_launch,-1.5197459113957428,-1.6218467421890774,0.10210083079333465,0.0629534395189059,1e-07,WARNING,archived CSV versus independent_reference,raw launch angles have equivalent periodic parameterizations
A2,0.0,-0.6666666666666666,4.71238898038469,x_hit,-1.3072876114961218e-12,-1.029593771351145e-09,1.0282864837396488e-09,0.9987302879564038,1e-07,PASS,archived CSV versus independent_reference,
A2,0.0,-0.6666666666666666,4.71238898038469,y_hit,-4.312106227644108e-13,1.0942479145015227e-09,1.0946791251242871e-09,1.0003940703172012,1e-07,PASS,archived CSV versus independent_reference,
A2,0.0,-0.6666666666666666,4.71238898038469,z_hit,-79.99999999999999,-79.99999999999999,0.0,0.0,1e-07,PASS,archived CSV versus independent_reference,
A2,0.0,-0.6666666666666666,4.71238898038469,hit_error,1.376569468045876e-12,1.5024785630404202e-09,1.5011019935723744e-09,0.9990838009260776,1e-07,PASS,archived CSV versus independent_reference,
A2,0.0,-0.6666666666666666,4.71238898038469,impact_parameter,11.303157963613643,11.303157963596718,1.6925127965805586e-11,1.4973804683867824e-12,1e-07,PASS,archived CSV versus independent_reference,
A2,0.0,-0.6666666666666666,4.71238898038469,impact_parameter_drift,1.2594369991347776e-12,1.2683187833317788e-12,8.881784197001252e-15,0.0070028011204481795,1e-07,PASS,archived CSV versus independent_reference,
A2,0.0,-0.6666666666666666,4.71238898038469,alpha_sky,0.06341679399341572,0.0634167939926243,7.914224831040428e-13,1.247969872438226e-11,1e-07,PASS,archived CSV versus independent_reference,
A2,0.0,-0.6666666666666666,4.71238898038469,beta_sky,0.12581061718446598,0.1258106171846247,1.5870638137016613e-13,1.2614704936807323e-12,1e-07,PASS,archived CSV versus independent_reference,
A2,0.0,-0.6666666666666666,4.71238898038469,propagation_time,82.08564380443772,82.08564380452532,8.759570846450515e-11,1.06712580184059e-12,1e-07,PASS,archived CSV versus independent_reference,
A2,0.0,-0.6666666666666666,4.71238898038469,euclidean_distance,77.46951566128668,77.46951566129303,6.352252057695296e-12,8.199679581666913e-14,1e-07,PASS,archived CSV versus independent_reference,
A2,0.0,-0.6666666666666666,4.71238898038469,excess_time_delay,4.616128143151045,4.616128143232288,8.124345640680986e-11,1.7599913582538e-11,1e-07,PASS,archived CSV versus independent_reference,
A2,0.0,-0.6666666666666666,4.71238898038469,one_plus_z,1.4191505631310626,1.4191505631280437,3.0189184485607257e-12,2.127271430523979e-12,1e-07,PASS,archived CSV versus independent_reference,
A2,0.0,-0.6666666666666666,4.71238898038469,redshift,0.4191505631310626,0.4191505631280436,3.018973959711957e-12,7.202600271272845e-12,1e-07,PASS,archived CSV versus independent_reference,
A2,0.0,-0.6666666666666666,4.71238898038469,null_constraint_error,1.1910125663483484e-12,1.195599175218831e-12,4.586608870482678e-15,0.003836242919491132,1e-07,PASS,archived CSV versus independent_reference,
A2,0.0,-0.6666666666666666,4.71238898038469,launch_direction_difference,0.0,1.803159520712231e-11,1.803159520712231e-11,1.803159520712231e-11,1e-07,PASS,angle-to-unit-vector comparison,invariant to equivalent angle branches
A2,0.0,-0.6666666666666666,6.283185307179586,r_emit,8.905258956685069,8.905258956681742,3.327116360196669e-12,3.7361253349056667e-13,1e-07,PASS,archived CSV versus independent_reference,
A2,0.0,-0.6666666666666666,6.283185307179586,p_r_emit,-0.05553878844845753,-0.0555387884495113,1.0537751227168712e-12,1.8973678615168703e-11,1e-07,PASS,archived CSV versus independent_reference,
A2,0.0,-0.6666666666666666,6.283185307179586,t_emit,112.97576216180532,112.97576216197912,1.737987531669205e-10,1.5383720352135032e-12,1e-07,PASS,archived CSV versus independent_reference,
A2,0.0,-0.6666666666666666,6.283185307179586,tau_emit,96.11997530098226,96.11997530113874,1.5647572126908926e-10,1.6279209475331137e-12,1e-07,PASS,archived CSV versus independent_reference,
A2,0.0,-0.6666666666666666,6.283185307179586,emitter_energy,0.9563650695950076,0.9563650695950076,0.0,0.0,1e-07,PASS,archived CSV versus independent_reference,
A2,0.0,-0.6666666666666666,6.283185307179586,emitter_angular_momentum,3.7481702853265464,3.7481702853265455,8.881784197001252e-16,2.3696319859777817e-16,1e-07,PASS,archived CSV versus independent_reference,
A2,0.0,-0.6666666666666666,6.283185307179586,alpha_launch,-3.3439950183767166,-0.2024023647869232,3.1415926535897936,0.9394728868689596,1e-07,WARNING,archived CSV versus independent_reference,raw launch angles have equivalent periodic parameterizations
A2,0.0,-0.6666666666666666,6.283185307179586,beta_launch,-1.282265330555011,-1.8593273230349536,0.5770619924799427,0.31036062630328726,1e-07,WARNING,archived CSV versus independent_reference,raw launch angles have equivalent periodic parameterizations
A2,0.0,-0.6666666666666666,6.283185307179586,x_hit,4.0190073491430667e-14,-7.444045380111676e-14,1.1463052729254741e-13,1.5398956002982847,1e-07,PASS,archived CSV versus independent_reference,
A2,0.0,-0.6666666666666666,6.283185307179586,y_hit,-1.3183898417423734e-15,1.314226505400029e-14,1.4460654895742664e-14,1.1003167898627244,1e-07,PASS,archived CSV versus independent_reference,
A2,0.0,-0.6666666666666666,6.283185307179586,z_hit,-80.0,-79.99999999999999,1.4210854715202004e-14,1.7763568394002506e-16,1e-07,PASS,archived CSV versus independent_reference,
A2,0.0,-0.6666666666666666,6.283185307179586,hit_error,4.021169181993475e-14,7.559166814448399e-14,3.5379976324549236e-14,0.46804068745942806,1e-07,PASS,archived CSV versus independent_reference,
A2,0.0,-0.6666666666666666,6.283185307179586,impact_parameter,9.454482803966867,9.45448280396447,2.396305376350938e-12,2.5345705587887977e-13,1e-07,PASS,archived CSV versus independent_reference,
A2,0.0,-0.6666666666666666,6.283185307179586,impact_parameter_drift,8.684608587827825e-12,8.704148513061227e-12,1.9539925233402755e-14,0.0022448979591836735,1e-07,PASS,archived CSV versus independent_reference,
A2,0.0,-0.6666666666666666,6.283185307179586,alpha_sky,0.11509864661822854,0.1150986466181984,3.0142555118573e-14,2.618845312625877e-13,1e-07,PASS,archived CSV versus independent_reference,
A2,0.0,-0.6666666666666666,6.283185307179586,beta_sky,-0.023619662617531845,-0.0236196626175256,6.2450045135165055e-15,2.6439854855848414e-13,1e-07,PASS,archived CSV versus independent_reference,
A2,0.0,-0.6666666666666666,6.283185307179586,propagation_time,92.75042274946374,92.75042274946168,2.0605739337042905e-12,2.2216329291245244e-14,1e-07,PASS,archived CSV versus independent_reference,
A2,0.0,-0.6666666666666666,6.283185307179586,euclidean_distance,85.97919726821014,85.97919726820781,2.3305801732931286e-12,2.7106326266607688e-14,1e-07,PASS,archived CSV versus independent_reference,
A2,0.0,-0.6666666666666666,6.283185307179586,excess_time_delay,6.771225481253595,6.771225481253879,2.8421709430404007e-13,4.1974247511162406e-14,1e-07,PASS,archived CSV versus independent_reference,
A2,0.0,-0.6666666666666666,6.283185307179586,one_plus_z,1.370144214009483,1.3701442140093392,1.438849039914203e-13,1.0501442294922133e-13,1e-07,PASS,archived CSV versus independent_reference,
A2,0.0,-0.6666666666666666,6.283185307179586,redshift,0.37014421400948305,0.3701442140093391,1.4394041514265155e-13,3.888765775465122e-13,1e-07,PASS,archived CSV versus independent_reference,
A2,0.0,-0.6666666666666666,6.283185307179586,null_constraint_error,4.708768097660965e-12,4.7157486249282946e-12,6.980527267329864e-15,0.001480258559675879,1e-07,PASS,archived CSV versus independent_reference,
A2,0.0,-0.6666666666666666,6.283185307179586,launch_direction_difference,0.0,1.712892967822615e-13,1.712892967822615e-13,1.712892967822615e-13,1e-07,PASS,angle-to-unit-vector comparison,invariant to equivalent angle branches
A2,0.0,-0.6666666666666666,7.853981633974483,r_emit,8.04109616580456,8.041096165782546,2.2014390310687304e-11,2.7377349874641913e-12,1e-07,PASS,archived CSV versus independent_reference,
A2,0.0,-0.6666666666666666,7.853981633974483,p_r_emit,-0.014774956111321031,-0.0147749561112584,6.263045637666664e-14,4.238960569817006e-12,1e-07,PASS,archived CSV versus independent_reference,
A2,0.0,-0.6666666666666666,7.853981633974483,t_emit,149.96020824591912,149.96020824587896,4.015987542516086e-11,2.6780354531985477e-13,1e-07,PASS,archived CSV versus independent_reference,
A2,0.0,-0.6666666666666666,7.853981633974483,tau_emit,125.5664784371824,125.56647843714296,3.943512183468556e-11,3.140577192695096e-13,1e-07,PASS,archived CSV versus independent_reference,
A2,0.0,-0.6666666666666666,7.853981633974483,emitter_energy,0.9563650695950076,0.9563650695950076,0.0,0.0,1e-07,PASS,archived CSV versus independent_reference,
A2,0.0,-0.6666666666666666,7.853981633974483,emitter_angular_momentum,3.7481702853265464,3.7481702853265455,8.881784197001252e-16,2.3696319859777817e-16,1e-07,PASS,archived CSV versus independent_reference,
A2,0.0,-0.6666666666666666,7.853981633974483,alpha_launch,1.1039015948599258,-2.0376910587062262,3.141592653566152,1.5417413940859201,1e-07,WARNING,archived CSV versus independent_reference,raw launch angles have equivalent periodic parameterizations
A2,0.0,-0.6666666666666666,7.853981633974483,beta_launch,-1.3391386149944484,-1.8024540385924992,0.4633154235980508,0.25704701128459545,1e-07,WARNING,archived CSV versus independent_reference,raw launch angles have equivalent periodic parameterizations
A2,0.0,-0.6666666666666666,7.853981633974483,x_hit,2.8296809340133677e-13,-5.539280700794791e-10,5.542110381728804e-10,1.0005108390577873,1e-07,PASS,archived CSV versus independent_reference,
A2,0.0,-0.6666666666666666,7.853981633974483,y_hit,4.533040609544514e-13,-1.7603907220831158e-10,1.7649237626926603e-10,1.0025750195980245,1e-07,PASS,archived CSV versus independent_reference,
A2,0.0,-0.6666666666666666,7.853981633974483,z_hit,-79.99999999999999,-80.0,1.4210854715202004e-14,1.7763568394002506e-16,1e-07,PASS,archived CSV versus independent_reference,
A2,0.0,-0.6666666666666666,7.853981633974483,hit_error,5.34373945436138e-13,5.812280634707337e-10,5.806936895252976e-10,0.999080612277657,1e-07,PASS,archived CSV versus independent_reference,
A2,0.0,-0.6666666666666666,7.853981633974483,impact_parameter,9.259176729711058,9.259176729688496,2.256150821722258e-11,2.4366646059175755e-12,1e-07,PASS,archived CSV versus independent_reference,
A2,0.0,-0.6666666666666666,7.853981633974483,impact_parameter_drift,3.213429522475053e-12,3.209876808796253e-12,3.552713678800097e-15,0.0011055831951353083,1e-07,PASS,archived CSV versus independent_reference,
A2,0.0,-0.6666666666666666,7.853981633974483,alpha_sky,-0.051780174160023576,-0.0517801741597287,2.948752353404416e-13,5.694751709971988e-12,1e-07,PASS,archived CSV versus independent_reference,
A2,0.0,-0.6666666666666666,7.853981633974483,beta_sky,-0.10272508682271148,-0.102725086822542,1.6947554470903015e-13,1.6497970452098058e-12,1e-07,PASS,archived CSV versus independent_reference,
A2,0.0,-0.6666666666666666,7.853981633974483,propagation_time,88.81221878427519,88.81221878432059,4.54036808150704e-11,5.112323668585816e-13,1e-07,PASS,archived CSV versus independent_reference,
A2,0.0,-0.6666666666666666,7.853981633974483,euclidean_distance,82.75949840894829,82.75949840893979,8.498091119690798e-12,1.0268417865099035e-13,1e-07,PASS,archived CSV versus independent_reference,
A2,0.0,-0.6666666666666666,7.853981633974483,excess_time_delay,6.052720375326899,6.052720375380801,5.39017719347612e-11,8.90537949745779e-12,1e-07,PASS,archived CSV versus independent_reference,
A2,0.0,-0.6666666666666666,7.853981633974483,one_plus_z,0.9001562295383876,0.9001562295405506,2.1630475188771925e-12,2.4029690045929418e-12,1e-07,PASS,archived CSV versus independent_reference,
A2,0.0,-0.6666666666666666,7.853981633974483,redshift,-0.09984377046161241,-0.0998437704594493,2.1631169078162316e-12,2.166501623301475e-11,1e-07,PASS,archived CSV versus independent_reference,
A2,0.0,-0.6666666666666666,7.853981633974483,null_constraint_error,3.065422915504712e-12,3.06467351496309e-12,7.494005416219807e-16,0.0002444688913335778,1e-07,PASS,archived CSV versus independent_reference,
A2,0.0,-0.6666666666666666,7.853981633974483,launch_direction_difference,0.0,6.12851804055038e-12,6.12851804055038e-12,6.12851804055038e-12,1e-07,PASS,angle-to-unit-vector comparison,invariant to equivalent angle branches
B/E,0.00025,-0.6666666666666666,3.141592653589793,r_emit,12.0,12.0,0.0,0.0,1e-07,PASS,archived CSV versus independent_reference,
B/E,0.00025,-0.6666666666666666,3.141592653589793,p_r_emit,0.0,0.0,0.0,0.0,1e-07,PASS,archived CSV versus independent_reference,
B/E,0.00025,-0.6666666666666666,3.141592653589793,t_emit,0.0,0.0,0.0,0.0,1e-07,PASS,archived CSV versus independent_reference,
B/E,0.00025,-0.6666666666666666,3.141592653589793,tau_emit,0.0,0.0,0.0,0.0,1e-07,PASS,archived CSV versus independent_reference,
B/E,0.00025,-0.6666666666666666,3.141592653589793,emitter_energy,0.9542065626428976,0.9542065626428976,0.0,0.0,1e-07,PASS,archived CSV versus independent_reference,
B/E,0.00025,-0.6666666666666666,3.141592653589793,emitter_angular_momentum,3.728888973794978,3.728888973794978,0.0,0.0,1e-07,PASS,archived CSV versus independent_reference,
B/E,0.00025,-0.6666666666666666,3.141592653589793,alpha_launch,2.9391902888029127,2.939190288802793,1.1945999744966684e-13,4.0643845995531336e-14,1e-07,PASS,archived CSV versus independent_reference,raw launch angles have equivalent periodic parameterizations
B/E,0.00025,-0.6666666666666666,3.141592653589793,beta_launch,-1.5820558593433176,-1.5820558593432632,5.440092820663267e-14,3.4386224661633315e-14,1e-07,PASS,archived CSV versus independent_reference,raw launch angles have equivalent periodic parameterizations
B/E,0.00025,-0.6666666666666666,3.141592653589793,x_hit,-5.261235891396154e-12,-9.549971924371904e-12,4.28873603297575e-12,0.44908362735923096,1e-07,PASS,archived CSV versus independent_reference,
B/E,0.00025,-0.6666666666666666,3.141592653589793,y_hit,1.1182582637658811e-12,1.889953471501116e-12,7.71695207735235e-13,0.40831439470428216,1e-07,PASS,archived CSV versus independent_reference,
B/E,0.00025,-0.6666666666666666,3.141592653589793,z_hit,-80.0,-80.0,0.0,0.0,1e-07,PASS,archived CSV versus independent_reference,
B/E,0.00025,-0.6666666666666666,3.141592653589793,hit_error,5.378764230694237e-12,9.735188127649649e-12,4.356423896955412e-12,0.4474925229829304,1e-07,PASS,archived CSV versus independent_reference,
B/E,0.00025,-0.6666666666666666,3.141592653589793,impact_parameter,10.392484145007353,10.392484145007783,4.298783551348606e-13,4.13643503455678e-14,1e-07,PASS,archived CSV versus independent_reference,
B/E,0.00025,-0.6666666666666666,3.141592653589793,impact_parameter_drift,1.3518075547835906e-12,1.3571366253017916e-12,5.329070518200953e-15,0.003926701570680776,1e-07,PASS,archived CSV versus independent_reference,
B/E,0.00025,-0.6666666666666666,3.141592653589793,alpha_sky,-0.1253724001408,-0.1253724001408054,5.384581669432009e-15,4.294870053843271e-14,1e-07,PASS,archived CSV versus independent_reference,
B/E,0.00025,-0.6666666666666666,3.141592653589793,beta_sky,0.025727963619747028,0.0257279636197479,8.708311849403572e-16,3.384765299776532e-14,1e-07,PASS,archived CSV versus independent_reference,
B/E,0.00025,-0.6666666666666666,3.141592653589793,propagation_time,77.93586655769445,77.935866557695,5.400124791776761e-13,6.928934045763273e-15,1e-07,PASS,archived CSV versus independent_reference,
B/E,0.00025,-0.6666666666666666,3.141592653589793,euclidean_distance,72.89414068670325,72.89414068670325,0.0,0.0,1e-07,PASS,archived CSV versus independent_reference,
B/E,0.00025,-0.6666666666666666,3.141592653589793,excess_time_delay,5.0417258709912005,5.0417258709917405,5.400124791776761e-13,1.0710865544767355e-13,1e-07,PASS,archived CSV versus independent_reference,
B/E,0.00025,-0.6666666666666666,3.141592653589793,one_plus_z,1.020653771052729,1.0206537710527246,4.440892098500626e-15,4.3510269833424255e-15,1e-07,PASS,archived CSV versus independent_reference,
B/E,0.00025,-0.6666666666666666,3.141592653589793,redshift,0.02065377105272903,0.0206537710527245,4.53109771925142e-15,2.193835550749322e-13,1e-07,PASS,archived CSV versus independent_reference,
B/E,0.00025,-0.6666666666666666,3.141592653589793,null_constraint_error,1.180344016971091e-12,1.180579939363824e-12,2.359223927330477e-16,0.0001998360169157021,1e-07,PASS,archived CSV versus independent_reference,
B/E,0.00025,-0.6666666666666666,3.141592653589793,launch_direction_difference,0.0,5.441731633048684e-14,5.441731633048684e-14,5.441731633048684e-14,1e-07,PASS,angle-to-unit-vector comparison,invariant to equivalent angle branches
B/E,0.00025,-0.6666666666666666,4.71238898038469,r_emit,10.800920552622376,10.800920552615626,6.750155989720952e-12,6.249611740808582e-13,1e-07,PASS,archived CSV versus independent_reference,
B/E,0.00025,-0.6666666666666666,4.71238898038469,p_r_emit,-0.04898347836626469,-0.0489834783661995,6.519090822720841e-14,1.3308754380355704e-12,1e-07,PASS,archived CSV versus independent_reference,
B/E,0.00025,-0.6666666666666666,4.71238898038469,t_emit,65.31241084878177,65.3124108487492,3.257127900724299e-11,4.986996894457851e-13,1e-07,PASS,archived CSV versus independent_reference,
B/E,0.00025,-0.6666666666666666,4.71238898038469,tau_emit,56.4237125191314,56.423712519100086,3.1313618364947615e-11,5.549726695904707e-13,1e-07,PASS,archived CSV versus independent_reference,
B/E,0.00025,-0.6666666666666666,4.71238898038469,emitter_energy,0.9542065626428976,0.9542065626428976,0.0,0.0,1e-07,PASS,archived CSV versus independent_reference,
B/E,0.00025,-0.6666666666666666,4.71238898038469,emitter_angular_momentum,3.728888973794978,3.728888973794978,0.0,0.0,1e-07,PASS,archived CSV versus independent_reference,
B/E,0.00025,-0.6666666666666666,4.71238898038469,alpha_launch,-2.0376910587301267,1.1039015945695978,3.1415926532997247,1.5417413939370872,1e-07,WARNING,archived CSV versus independent_reference,raw launch angles have equivalent periodic parameterizations
B/E,0.00025,-0.6666666666666666,4.71238898038469,beta_launch,-1.5192357606405495,-1.622356892944927,0.10312113230437747,0.0635625445626766,1e-07,WARNING,archived CSV versus independent_reference,raw launch angles have equivalent periodic parameterizations
B/E,0.00025,-0.6666666666666666,4.71238898038469,x_hit,-4.9155124415278806e-14,-9.170206538566815e-10,9.169714987322663e-10,0.9999463969276935,1e-07,PASS,archived CSV versus independent_reference,
B/E,0.00025,-0.6666666666666666,4.71238898038469,y_hit,2.3387403125241235e-12,8.874421197901937e-10,8.851033794776696e-10,0.9973646277764266,1e-07,PASS,archived CSV versus independent_reference,
B/E,0.00025,-0.6666666666666666,4.71238898038469,z_hit,-80.0,-80.0,0.0,0.0,1e-07,PASS,archived CSV versus independent_reference,
B/E,0.00025,-0.6666666666666666,4.71238898038469,hit_error,2.3392568212322727e-12,1.2761192716895427e-09,1.2737800148683105e-09,0.9981668979748773,1e-07,PASS,archived CSV versus independent_reference,
B/E,0.00025,-0.6666666666666666,4.71238898038469,impact_parameter,11.367584833638869,11.367584833647769,8.899547765395255e-12,7.828881768317941e-13,1e-07,PASS,archived CSV versus independent_reference,
B/E,0.00025,-0.6666666666666666,4.71238898038469,impact_parameter_drift,1.2043699371133698e-12,1.2043699371133698e-12,0.0,0.0,1e-07,PASS,archived CSV versus independent_reference,
B/E,0.00025,-0.6666666666666666,4.71238898038469,alpha_sky,0.06311490313033616,0.0631149031297894,5.46757084052274e-13,8.66288399307509e-12,1e-07,PASS,archived CSV versus independent_reference,
B/E,0.00025,-0.6666666666666666,4.71238898038469,beta_sky,0.12521170523362954,0.1252117052340292,3.9965253328944073e-13,3.191814475671128e-12,1e-07,PASS,archived CSV versus independent_reference,
B/E,0.00025,-0.6666666666666666,4.71238898038469,propagation_time,82.94524512667962,82.94524512673522,5.559286364587024e-11,6.702356905561949e-13,1e-07,PASS,archived CSV versus independent_reference,
B/E,0.00025,-0.6666666666666666,4.71238898038469,euclidean_distance,77.46113121521721,77.46113121521836,1.1510792319313623e-12,1.486008807092164e-14,1e-07,PASS,archived CSV versus independent_reference,
B/E,0.00025,-0.6666666666666666,4.71238898038469,excess_time_delay,5.484113911462416,5.484113911516857,5.4441784413938876e-11,9.92717972170654e-12,1e-07,PASS,archived CSV versus independent_reference,
B/E,0.00025,-0.6666666666666666,4.71238898038469,one_plus_z,1.401823458241716,1.4018234582379652,3.750777466393629e-12,2.6756418180490195e-12,1e-07,PASS,archived CSV versus independent_reference,
B/E,0.00025,-0.6666666666666666,4.71238898038469,redshift,0.40182345824171595,0.4018234582379651,3.75083297754486e-12,9.3345296313899e-12,1e-07,PASS,archived CSV versus independent_reference,
B/E,0.00025,-0.6666666666666666,4.71238898038469,null_constraint_error,1.1908737884702703e-12,1.182762221496603e-12,8.111566973667348e-15,0.006811441356927515,1e-07,PASS,archived CSV versus independent_reference,
B/E,0.00025,-0.6666666666666666,4.71238898038469,launch_direction_difference,0.0,1.5560230925890646e-11,1.5560230925890646e-11,1.5560230925890646e-11,1e-07,PASS,angle-to-unit-vector comparison,invariant to equivalent angle branches
B/E,0.00025,-0.6666666666666666,6.283185307179586,r_emit,8.974112746162925,8.974112746158827,4.098055228496378e-12,4.56652968868548e-13,1e-07,PASS,archived CSV versus independent_reference,
B/E,0.00025,-0.6666666666666666,6.283185307179586,p_r_emit,-0.05518723266855411,-0.0551872326688123,2.5818930327048406e-13,4.67842453380333e-12,1e-07,PASS,archived CSV versus independent_reference,
B/E,0.00025,-0.6666666666666666,6.283185307179586,t_emit,114.44475066525216,114.44475066527072,1.8559376258053817e-11,1.6216887319136627e-13,1e-07,PASS,archived CSV versus independent_reference,
B/E,0.00025,-0.6666666666666666,6.283185307179586,tau_emit,97.34594737924844,97.345947379263,1.4551915228366852e-11,1.4948660545335405e-13,1e-07,PASS,archived CSV versus independent_reference,
B/E,0.00025,-0.6666666666666666,6.283185307179586,emitter_energy,0.9542065626428976,0.9542065626428976,0.0,0.0,1e-07,PASS,archived CSV versus independent_reference,
B/E,0.00025,-0.6666666666666666,6.283185307179586,emitter_angular_momentum,3.728888973794978,3.728888973794978,0.0,0.0,1e-07,PASS,archived CSV versus independent_reference,
B/E,0.00025,-0.6666666666666666,6.283185307179586,alpha_launch,-3.343995018376716,-0.2024023647869231,3.141592653589793,0.9394728868689596,1e-07,WARNING,archived CSV versus independent_reference,raw launch angles have equivalent periodic parameterizations
B/E,0.00025,-0.6666666666666666,6.283185307179586,beta_launch,-1.2850283316658795,-1.8565643219241048,0.5715359902582253,0.3078460484826603,1e-07,WARNING,archived CSV versus independent_reference,raw launch angles have equivalent periodic parameterizations
B/E,0.00025,-0.6666666666666666,6.283185307179586,x_hit,-1.5960011090498938e-12,-1.2612133559741778e-12,3.3478775307571595e-13,0.20976661681332823,1e-07,PASS,archived CSV versus independent_reference,
B/E,0.00025,-0.6666666666666666,6.283185307179586,y_hit,3.263084247251413e-13,2.575301083496129e-13,6.87783163755284e-14,0.21077701696933596,1e-07,PASS,archived CSV versus independent_reference,
B/E,0.00025,-0.6666666666666666,6.283185307179586,z_hit,-80.00000000000001,-80.0,1.4210854715202004e-14,1.77635683940025e-16,1e-07,PASS,archived CSV versus independent_reference,
B/E,0.00025,-0.6666666666666666,6.283185307179586,hit_error,1.629017104924038e-12,1.2872376959964357e-12,3.4177940892760227e-13,0.20980713332874404,1e-07,PASS,archived CSV versus independent_reference,
B/E,0.00025,-0.6666666666666666,6.283185307179586,impact_parameter,9.522031795563972,9.52203179556096,3.0127011996228248e-12,3.1639268428260777e-13,1e-07,PASS,archived CSV versus independent_reference,
B/E,0.00025,-0.6666666666666666,6.283185307179586,impact_parameter_drift,8.675726803630823e-12,8.661515948915621e-12,1.4210854715202004e-14,0.001638001638001638,1e-07,PASS,archived CSV versus independent_reference,
B/E,0.00025,-0.6666666666666666,6.283185307179586,alpha_sky,0.1147207720140855,0.1147207720140489,3.659572644920672e-14,3.1899825817693653e-13,1e-07,PASS,archived CSV versus independent_reference,
B/E,0.00025,-0.6666666666666666,6.283185307179586,beta_sky,-0.0235421180857425,-0.023542118085735,7.500944310123714e-15,3.186180734802452e-13,1e-07,PASS,archived CSV versus independent_reference,
B/E,0.00025,-0.6666666666666666,6.283185307179586,propagation_time,93.68058416020351,93.68058416020185,1.6626700016786344e-12,1.774828814939173e-14,1e-07,PASS,archived CSV versus independent_reference,
B/E,0.00025,-0.6666666666666666,6.283185307179586,euclidean_distance,86.02739963434625,86.02739963434338,2.8705926524708048e-12,3.3368353160412474e-14,1e-07,PASS,archived CSV versus independent_reference,
B/E,0.00025,-0.6666666666666666,6.283185307179586,excess_time_delay,7.653184525857256,7.65318452585845,1.1937117960769683e-12,1.5597582836839686e-13,1e-07,PASS,archived CSV versus independent_reference,
B/E,0.00025,-0.6666666666666666,6.283185307179586,one_plus_z,1.3518365717181202,1.3518365717182963,1.7608137170554983e-13,1.302534458597579e-13,1e-07,PASS,archived CSV versus independent_reference,
B/E,0.00025,-0.6666666666666666,6.283185307179586,redshift,0.3518365717181202,0.3518365717182965,1.7630341631047486e-13,5.010946288199823e-13,1e-07,PASS,archived CSV versus independent_reference,
B/E,0.00025,-0.6666666666666666,6.283185307179586,null_constraint_error,4.611436232870858e-12,4.607463716110871e-12,3.972516759986888e-15,0.0008614489194646829,1e-07,PASS,archived CSV versus independent_reference,
B/E,0.00025,-0.6666666666666666,6.283185307179586,launch_direction_difference,0.0,1.9102114198818684e-13,1.9102114198818684e-13,1.9102114198818684e-13,1e-07,PASS,angle-to-unit-vector comparison,invariant to equivalent angle branches
B/E,0.00025,-0.6666666666666666,7.853981633974483,r_emit,8.064297636218342,8.064297636222411,4.069633519065974e-12,5.046482288533596e-13,1e-07,PASS,archived CSV versus independent_reference,
B/E,0.00025,-0.6666666666666666,7.853981633974483,p_r_emit,-0.017945918718955504,-0.0179459187186751,2.8040417210384305e-13,1.562495498253116e-11,1e-07,PASS,archived CSV versus independent_reference,
B/E,0.00025,-0.6666666666666666,7.853981633974483,t_emit,152.01709098715543,152.01709098706473,9.069367479241919e-11,5.96601830777582e-13,1e-07,PASS,archived CSV versus independent_reference,
B/E,0.00025,-0.6666666666666666,7.853981633974483,tau_emit,127.30135276367318,127.30135276358632,8.685674401931465e-11,6.82292388365728e-13,1e-07,PASS,archived CSV versus independent_reference,
B/E,0.00025,-0.6666666666666666,7.853981633974483,emitter_energy,0.9542065626428976,0.9542065626428976,0.0,0.0,1e-07,PASS,archived CSV versus independent_reference,
B/E,0.00025,-0.6666666666666666,7.853981633974483,emitter_angular_momentum,3.728888973794978,3.728888973794978,0.0,0.0,1e-07,PASS,archived CSV versus independent_reference,
B/E,0.00025,-0.6666666666666666,7.853981633974483,alpha_launch,1.1039015948599151,-2.03769105870808,3.141592653567995,1.5417413940854223,1e-07,WARNING,archived CSV versus independent_reference,raw launch angles have equivalent periodic parameterizations
B/E,0.00025,-0.6666666666666666,7.853981633974483,beta_launch,-1.3392412874705912,-1.8023513661152888,0.46311007864469755,0.25694772248702274,1e-07,WARNING,archived CSV versus independent_reference,raw launch angles have equivalent periodic parameterizations
B/E,0.00025,-0.6666666666666666,7.853981633974483,x_hit,2.2020163470415355e-12,-5.03540986684925e-10,5.057430030319665e-10,1.004373062779931,1e-07,PASS,archived CSV versus independent_reference,
B/E,0.00025,-0.6666666666666666,7.853981633974483,y_hit,3.835043393962678e-12,-1.4880824350527178e-10,1.5264328689923445e-10,1.0257717133380908,1e-07,PASS,archived CSV versus independent_reference,
B/E,0.00025,-0.6666666666666666,7.853981633974483,z_hit,-80.0,-80.0,0.0,0.0,1e-07,PASS,archived CSV versus independent_reference,
B/E,0.00025,-0.6666666666666666,7.853981633974483,hit_error,4.422265689238371e-12,5.250689655719065e-10,5.206466998826682e-10,0.9915777431552794,1e-07,PASS,archived CSV versus independent_reference,
B/E,0.00025,-0.6666666666666666,7.853981633974483,impact_parameter,9.293919906603794,9.293919906605742,1.9486634528220748e-12,2.0967078180187926e-13,1e-07,PASS,archived CSV versus independent_reference,
B/E,0.00025,-0.6666666666666666,7.853981633974483,impact_parameter_drift,1.8900436771218665e-12,1.8900436771218665e-12,0.0,0.0,1e-07,PASS,archived CSV versus independent_reference,
B/E,0.00025,-0.6666666666666666,7.853981633974483,alpha_sky,-0.051434160555508736,-0.0514341605553667,1.4203915821298096e-13,2.761572400111198e-12,1e-07,PASS,archived CSV versus independent_reference,
B/E,0.00025,-0.6666666666666666,7.853981633974483,beta_sky,-0.10203864112911866,-0.1020386411292174,9.874046025259986e-14,9.67677138384851e-13,1e-07,PASS,archived CSV versus independent_reference,
B/E,0.00025,-0.6666666666666666,7.853981633974483,propagation_time,89.70717173994294,89.70717173998554,4.260414243617561e-11,4.749245975523882e-13,1e-07,PASS,archived CSV versus independent_reference,
B/E,0.00025,-0.6666666666666666,7.853981633974483,euclidean_distance,82.76845773688638,82.76845773688794,1.5631940186722204e-12,1.8886349479187432e-14,1e-07,PASS,archived CSV versus independent_reference,
B/E,0.00025,-0.6666666666666666,7.853981633974483,excess_time_delay,6.93871400305656,6.938714003097601,4.1040948417503387e-11,5.914777349114226e-12,1e-07,PASS,archived CSV versus independent_reference,
B/E,0.00025,-0.6666666666666666,7.853981633974483,one_plus_z,0.8925452500105896,0.8925452500125565,1.9668711104259273e-12,2.2036654280533755e-12,1e-07,PASS,archived CSV versus independent_reference,
B/E,0.00025,-0.6666666666666666,7.853981633974483,redshift,-0.1074547499894104,-0.1074547499874435,1.966898866001543e-12,1.8304438530594316e-11,1e-07,PASS,archived CSV versus independent_reference,
B/E,0.00025,-0.6666666666666666,7.853981633974483,null_constraint_error,2.506692770021246e-12,2.5064186837120417e-12,2.740863092043355e-16,0.00010934180386294905,1e-07,PASS,archived CSV versus independent_reference,
B/E,0.00025,-0.6666666666666666,7.853981633974483,launch_direction_difference,0.0,6.3512542596376256e-12,6.3512542596376256e-12,6.3512542596376256e-12,1e-07,PASS,angle-to-unit-vector comparison,invariant to equivalent angle branches
C1,0.001,-0.5,3.141592653589793,r_emit,12.0,12.0,0.0,0.0,1e-07,PASS,archived CSV versus independent_reference,
C1,0.001,-0.5,3.141592653589793,p_r_emit,0.0,0.0,0.0,0.0,1e-07,PASS,archived CSV versus independent_reference,
C1,0.001,-0.5,3.141592653589793,t_emit,0.0,0.0,0.0,0.0,1e-07,PASS,archived CSV versus independent_reference,
C1,0.001,-0.5,3.141592653589793,tau_emit,0.0,0.0,0.0,0.0,1e-07,PASS,archived CSV versus independent_reference,
C1,0.001,-0.5,3.141592653589793,emitter_energy,0.9541950478186142,0.9541950478186142,0.0,0.0,1e-07,PASS,archived CSV versus independent_reference,
C1,0.001,-0.5,3.141592653589793,emitter_angular_momentum,3.7402015313069836,3.740201531306984,4.440892098500626e-16,1.18734032413189e-16,1e-07,PASS,archived CSV versus independent_reference,
C1,0.001,-0.5,3.141592653589793,alpha_launch,2.939190288802955,2.939190288802989,3.419486915845482e-14,1.1634112050765173e-14,1e-07,PASS,archived CSV versus independent_reference,raw launch angles have equivalent periodic parameterizations
C1,0.001,-0.5,3.141592653589793,beta_launch,-1.582561144960169,-1.5825611449601564,1.2656542480726785e-14,7.99750614441209e-15,1e-07,PASS,archived CSV versus independent_reference,raw launch angles have equivalent periodic parameterizations
C1,0.001,-0.5,3.141592653589793,x_hit,-3.877675958108284e-12,-4.887867888214714e-12,1.01019193010643e-12,0.20667332939626584,1e-07,PASS,archived CSV versus independent_reference,
C1,0.001,-0.5,3.141592653589793,y_hit,8.793799022299709e-13,1.117966830221917e-12,2.3858692799194614e-13,0.2134114551006728,1e-07,PASS,archived CSV versus independent_reference,
C1,0.001,-0.5,3.141592653589793,z_hit,-80.0,-80.0,0.0,0.0,1e-07,PASS,archived CSV versus independent_reference,
C1,0.001,-0.5,3.141592653589793,hit_error,3.97613881152771e-12,5.0140903787344134e-12,1.037951567206703e-12,0.20700695216999423,1e-07,PASS,archived CSV versus independent_reference,
C1,0.001,-0.5,3.141592653589793,impact_parameter,10.392473046837893,10.39247304683799,9.769962616701378e-14,9.400998754260885e-15,1e-07,PASS,archived CSV versus independent_reference,
C1,0.001,-0.5,3.141592653589793,impact_parameter_drift,1.3464784842653899e-12,1.34647848426539e-12,2.0194839173657902e-28,1.499826355166438e-16,1e-07,PASS,archived CSV versus independent_reference,
C1,0.001,-0.5,3.141592653589793,alpha_sky,-0.12610783037037945,-0.1261078303703803,8.604228440844963e-16,6.822913704544939e-15,1e-07,PASS,archived CSV versus independent_reference,
C1,0.001,-0.5,3.141592653589793,beta_sky,0.025878882978156364,0.0258788829781566,2.3592239273284576e-16,9.116405562480384e-15,1e-07,PASS,archived CSV versus independent_reference,
C1,0.001,-0.5,3.141592653589793,propagation_time,77.56895564872183,77.56895564872195,1.2789769243681803e-13,1.6488257624095691e-15,1e-07,PASS,archived CSV versus independent_reference,
C1,0.001,-0.5,3.141592653589793,euclidean_distance,72.89414068670325,72.89414068670325,0.0,0.0,1e-07,PASS,archived CSV versus independent_reference,
C1,0.001,-0.5,3.141592653589793,excess_time_delay,4.674814962018573,4.674814962018701,1.2789769243681803e-13,2.7358878046712815e-14,1e-07,PASS,archived CSV versus independent_reference,
C1,0.001,-0.5,3.141592653589793,one_plus_z,1.0268504300599466,1.0268504300599457,8.881784197001252e-16,8.649540319599167e-16,1e-07,PASS,archived CSV versus independent_reference,
C1,0.001,-0.5,3.141592653589793,redshift,0.026850430059946584,0.0268504300599456,9.853229343548264e-16,3.6696728214594065e-14,1e-07,PASS,archived CSV versus independent_reference,
C1,0.001,-0.5,3.141592653589793,null_constraint_error,1.1215126050068136e-12,1.122758136462565e-12,1.2455314557513475e-15,0.0011093497480014708,1e-07,PASS,archived CSV versus independent_reference,
C1,0.001,-0.5,3.141592653589793,launch_direction_difference,0.0,1.2660948670143891e-14,1.2660948670143891e-14,1.2660948670143891e-14,1e-07,PASS,angle-to-unit-vector comparison,invariant to equivalent angle branches
C1,0.001,-0.5,4.71238898038469,r_emit,10.777104074516757,10.777104074538824,2.206768101586931e-11,2.0476447905894084e-12,1e-07,PASS,archived CSV versus independent_reference,
C1,0.001,-0.5,4.71238898038469,p_r_emit,-0.050119343315205046,-0.0501193433153162,1.1115414144668989e-13,2.2177892624686842e-12,1e-07,PASS,archived CSV versus independent_reference,
C1,0.001,-0.5,4.71238898038469,t_emit,65.06080346298032,65.06080346299045,1.0132339411939029e-11,1.55736463010371e-13,1e-07,PASS,archived CSV versus independent_reference,
C1,0.001,-0.5,4.71238898038469,tau_emit,56.163285406353474,56.16328540636205,8.57625082062441e-12,1.5270208568768862e-13,1e-07,PASS,archived CSV versus independent_reference,
C1,0.001,-0.5,4.71238898038469,emitter_energy,0.9541950478186142,0.9541950478186142,0.0,0.0,1e-07,PASS,archived CSV versus independent_reference,
C1,0.001,-0.5,4.71238898038469,emitter_angular_momentum,3.7402015313069836,3.740201531306984,4.440892098500626e-16,1.18734032413189e-16,1e-07,PASS,archived CSV versus independent_reference,
C1,0.001,-0.5,4.71238898038469,alpha_launch,-2.037691058730162,1.1039015945791504,3.1415926533093126,1.5417413939417657,1e-07,WARNING,archived CSV versus independent_reference,raw launch angles have equivalent periodic parameterizations
C1,0.001,-0.5,4.71238898038469,beta_launch,-1.5176472628558781,-1.6239453907276384,0.1062981278717603,0.06545671330988012,1e-07,WARNING,archived CSV versus independent_reference,raw launch angles have equivalent periodic parameterizations
C1,0.001,-0.5,4.71238898038469,x_hit,-5.159483951189259e-13,-8.751569746667797e-10,8.746410262716607e-10,0.9994104504562563,1e-07,PASS,archived CSV versus independent_reference,
C1,0.001,-0.5,4.71238898038469,y_hit,1.8372525723009403e-12,9.63592983183048e-10,9.617557306107472e-10,0.9980933313085865,1e-07,PASS,archived CSV versus independent_reference,
C1,0.001,-0.5,4.71238898038469,z_hit,-80.0,-80.0,0.0,0.0,1e-07,PASS,archived CSV versus independent_reference,
C1,0.001,-0.5,4.71238898038469,hit_error,1.9083238092242673e-12,1.3016954972448495e-09,1.2997871734356253e-09,0.9985339706457744,1e-07,PASS,archived CSV versus independent_reference,
C1,0.001,-0.5,4.71238898038469,impact_parameter,11.34458599818617,11.344585998228524,4.235367612182017e-11,3.733382260792396e-12,1e-07,PASS,archived CSV versus independent_reference,
C1,0.001,-0.5,4.71238898038469,impact_parameter_drift,1.2594369991347776e-12,1.2736478538499796e-12,1.4210854715202004e-14,0.011157601115760111,1e-07,PASS,archived CSV versus independent_reference,
C1,0.001,-0.5,4.71238898038469,alpha_sky,0.06335541528434727,0.0633554152839909,3.5636771311686744e-13,5.6248974380081516e-12,1e-07,PASS,archived CSV versus independent_reference,
C1,0.001,-0.5,4.71238898038469,beta_sky,0.1256888498609606,0.1256888498617396,7.789879852282411e-13,6.197749331664221e-12,1e-07,PASS,archived CSV versus independent_reference,
C1,0.001,-0.5,4.71238898038469,propagation_time,82.58900951041625,82.58900951047308,5.682920800609281e-11,6.880964954409136e-13,1e-07,PASS,archived CSV versus independent_reference,
C1,0.001,-0.5,4.71238898038469,euclidean_distance,77.46516438288829,77.46516438288455,3.737454790098127e-12,4.824690968994722e-14,1e-07,PASS,archived CSV versus independent_reference,
C1,0.001,-0.5,4.71238898038469,excess_time_delay,5.123845127527957,5.123845127588524,6.056666279619094e-11,1.1820549077504204e-11,1e-07,PASS,archived CSV versus independent_reference,
C1,0.001,-0.5,4.71238898038469,one_plus_z,1.413029196795925,1.4130291967908382,5.086819854227542e-12,3.599939665621927e-12,1e-07,PASS,archived CSV versus independent_reference,
C1,0.001,-0.5,4.71238898038469,redshift,0.413029196795925,0.4130291967908381,5.0868753653787735e-12,1.2316018830727275e-11,1e-07,PASS,archived CSV versus independent_reference,
C1,0.001,-0.5,4.71238898038469,null_constraint_error,1.2529352555468165e-12,1.2476894517554626e-12,5.245803791353865e-15,0.004186811543637542,1e-07,PASS,archived CSV versus independent_reference,
C1,0.001,-0.5,4.71238898038469,launch_direction_difference,0.0,1.616831508546915e-11,1.616831508546915e-11,1.616831508546915e-11,1e-07,PASS,angle-to-unit-vector comparison,invariant to equivalent angle branches
C1,0.001,-0.5,6.283185307179586,r_emit,8.941326891968703,8.941326891968357,3.4638958368304884e-13,3.874028853527138e-14,1e-07,PASS,archived CSV versus independent_reference,
C1,0.001,-0.5,6.283185307179586,p_r_emit,-0.055504483444497245,-0.0555044834443889,1.0834388941560746e-13,1.951984464893687e-12,1e-07,PASS,archived CSV versus independent_reference,
C1,0.001,-0.5,6.283185307179586,t_emit,113.81302473586949,113.81302473583251,3.6976643968955614e-11,3.2488938814137324e-13,1e-07,PASS,archived CSV versus independent_reference,
C1,0.001,-0.5,6.283185307179586,tau_emit,96.70233828514273,96.70233828510706,3.566924533515703e-11,3.688560790534392e-13,1e-07,PASS,archived CSV versus independent_reference,
C1,0.001,-0.5,6.283185307179586,emitter_energy,0.9541950478186142,0.9541950478186142,0.0,0.0,1e-07,PASS,archived CSV versus independent_reference,
C1,0.001,-0.5,6.283185307179586,emitter_angular_momentum,3.7402015313069836,3.740201531306984,4.440892098500626e-16,1.18734032413189e-16,1e-07,PASS,archived CSV versus independent_reference,
C1,0.001,-0.5,6.283185307179586,alpha_launch,-3.343995018376716,-0.2024023647869231,3.141592653589793,0.9394728868689596,1e-07,WARNING,archived CSV versus independent_reference,raw launch angles have equivalent periodic parameterizations
C1,0.001,-0.5,6.283185307179586,beta_launch,-1.2822393041537135,-1.8593533494360983,0.5771140452823849,0.31038427712377054,1e-07,WARNING,archived CSV versus independent_reference,raw launch angles have equivalent periodic parameterizations
C1,0.001,-0.5,6.283185307179586,x_hit,-3.3861802251067274e-15,-5.92081939032596e-13,5.886957588074893e-13,0.9942808925557848,1e-07,PASS,archived CSV versus independent_reference,
C1,0.001,-0.5,6.283185307179586,y_hit,-5.745404152435185e-15,1.2298495555285174e-13,1.2873035970528693e-13,1.046716316858497,1e-07,PASS,archived CSV versus independent_reference,
C1,0.001,-0.5,6.283185307179586,z_hit,-80.0,-80.0,0.0,0.0,1e-07,PASS,archived CSV versus independent_reference,
C1,0.001,-0.5,6.283185307179586,hit_error,6.669024320822598e-15,6.047200359016853e-13,5.980510115808627e-13,0.9889717159596365,1e-07,PASS,archived CSV versus independent_reference,
C1,0.001,-0.5,6.283185307179586,impact_parameter,9.50725443993186,9.507254439931614,2.4513724383723456e-13,2.5784230913987353e-14,1e-07,PASS,archived CSV versus independent_reference,
C1,0.001,-0.5,6.283185307179586,impact_parameter_drift,8.844480703373847e-12,8.835598919176846e-12,8.881784197001252e-15,0.001004217714400482,1e-07,PASS,archived CSV versus independent_reference,
C1,0.001,-0.5,6.283185307179586,alpha_sky,0.11521050764680536,0.1152105076468025,2.858824288409778e-15,2.481391972660967e-14,1e-07,PASS,archived CSV versus independent_reference,
C1,0.001,-0.5,6.283185307179586,beta_sky,-0.023642617880974617,-0.023642617880974,6.175615574477433e-16,2.612069274886431e-14,1e-07,PASS,archived CSV versus independent_reference,
C1,0.001,-0.5,6.283185307179586,propagation_time,93.30745264940677,93.3074526494068,2.842170943040401e-14,3.046027795571236e-16,1e-07,PASS,archived CSV versus independent_reference,
C1,0.001,-0.5,6.283185307179586,euclidean_distance,86.00444378653624,86.00444378653602,2.2737367544323206e-13,2.643743339676441e-15,1e-07,PASS,archived CSV versus independent_reference,
C1,0.001,-0.5,6.283185307179586,excess_time_delay,7.303008862870527,7.303008862870783,2.5579538487363607e-13,3.5026026898875206e-14,1e-07,PASS,archived CSV versus independent_reference,
C1,0.001,-0.5,6.283185307179586,one_plus_z,1.3635977428482025,1.3635977428482635,6.106226635438361e-14,4.4780263589200156e-14,1e-07,PASS,archived CSV versus independent_reference,
C1,0.001,-0.5,6.283185307179586,redshift,0.36359774284820245,0.3635977428482635,6.106226635438361e-14,1.679390688073278e-13,1e-07,PASS,archived CSV versus independent_reference,
C1,0.001,-0.5,6.283185307179586,null_constraint_error,4.628953470531272e-12,4.625709537631195e-12,3.2439329000766293e-15,0.000700791857323275,1e-07,PASS,archived CSV versus independent_reference,
C1,0.001,-0.5,6.283185307179586,launch_direction_difference,0.0,1.8499674151471052e-14,1.8499674151471052e-14,1.8499674151471052e-14,1e-07,PASS,angle-to-unit-vector comparison,invariant to equivalent angle branches
C1,0.001,-0.5,7.853981633974483,r_emit,8.052946241873522,8.05294624189484,2.1318058429642406e-11,2.647237146416901e-12,1e-07,PASS,archived CSV versus independent_reference,
C1,0.001,-0.5,7.853981633974483,p_r_emit,-0.016549828011510528,-0.0165498280107286,7.819266067965458e-13,4.7246811643765124e-11,1e-07,PASS,archived CSV versus independent_reference,
C1,0.001,-0.5,7.853981633974483,t_emit,151.1304185387482,151.1304185385703,1.7789147932489868e-10,1.1770726306781798e-12,1e-07,PASS,archived CSV versus independent_reference,
C1,0.001,-0.5,7.853981633974483,tau_emit,126.3973663697766,126.39736636960792,1.6868284546944778e-10,1.3345439886458127e-12,1e-07,PASS,archived CSV versus independent_reference,
C1,0.001,-0.5,7.853981633974483,emitter_energy,0.9541950478186142,0.9541950478186142,0.0,0.0,1e-07,PASS,archived CSV versus independent_reference,
C1,0.001,-0.5,7.853981633974483,emitter_angular_momentum,3.7402015313069836,3.740201531306984,4.440892098500626e-16,1.18734032413189e-16,1e-07,PASS,archived CSV versus independent_reference,
C1,0.001,-0.5,7.853981633974483,alpha_launch,1.103901594859919,-2.0376910587078605,3.1415926535677796,1.5417413940854825,1e-07,WARNING,archived CSV versus independent_reference,raw launch angles have equivalent periodic parameterizations
C1,0.001,-0.5,7.853981633974483,beta_launch,-1.3373587809226881,-1.8042338726621383,0.4668750917394502,0.2587663932118613,1e-07,WARNING,archived CSV versus independent_reference,raw launch angles have equivalent periodic parameterizations
C1,0.001,-0.5,7.853981633974483,x_hit,-1.7313928069029316e-13,-5.146645332132492e-10,5.144913939325589e-10,0.999663588085992,1e-07,PASS,archived CSV versus independent_reference,
C1,0.001,-0.5,7.853981633974483,y_hit,-7.265299473147024e-13,-1.5558437871376896e-10,1.5485784876645425e-10,0.9953303155926,1e-07,PASS,archived CSV versus independent_reference,
C1,0.001,-0.5,7.853981633974483,z_hit,-79.99999999999999,-79.99999999999999,0.0,0.0,1e-07,PASS,archived CSV versus independent_reference,
C1,0.001,-0.5,7.853981633974483,hit_error,7.468754748035689e-13,5.376672582995559e-10,5.369203828247523e-10,0.998610896491697,1e-07,PASS,archived CSV versus independent_reference,
C1,0.001,-0.5,7.853981633974483,impact_parameter,9.289053608624277,9.289053608642371,1.809397076613095e-11,1.9478809713506917e-12,1e-07,PASS,archived CSV versus independent_reference,
C1,0.001,-0.5,7.853981633974483,impact_parameter_drift,3.1299407510232413e-12,3.142375248899043e-12,1.2434497875801753e-14,0.00395703787450537,1e-07,PASS,archived CSV versus independent_reference,
C1,0.001,-0.5,7.853981633974483,alpha_sky,-0.05170748654237101,-0.0517074865423165,5.4511950509095186e-14,1.054237097067677e-12,1e-07,PASS,archived CSV versus independent_reference,
C1,0.001,-0.5,7.853981633974483,beta_sky,-0.10258088410506068,-0.102580884105342,2.8131663665220685e-13,2.7423884976787506e-12,1e-07,PASS,archived CSV versus independent_reference,
C1,0.001,-0.5,7.853981633974483,propagation_time,89.34636753897735,89.34636753902183,4.447997525858227e-11,4.978375336765173e-13,1e-07,PASS,archived CSV versus independent_reference,
C1,0.001,-0.5,7.853981633974483,euclidean_distance,82.76407366528836,82.76407366529659,8.22808488010196e-12,9.941614175948953e-14,1e-07,PASS,archived CSV versus independent_reference,
C1,0.001,-0.5,7.853981633974483,excess_time_delay,6.582293873688982,6.582293873725234,3.625189037848031e-11,5.50748585127568e-12,1e-07,PASS,archived CSV versus independent_reference,
C1,0.001,-0.5,7.853981633974483,one_plus_z,0.8978732606701485,0.8978732606722065,2.0580204207476527e-12,2.2921057023202634e-12,1e-07,PASS,archived CSV versus independent_reference,
C1,0.001,-0.5,7.853981633974483,redshift,-0.1021267393298515,-0.1021267393277934,2.0581036874744996e-12,2.015244686141584e-11,1e-07,PASS,archived CSV versus independent_reference,
C1,0.001,-0.5,7.853981633974483,null_constraint_error,3.051430635947483e-12,3.052991887075862e-12,1.5612511283791264e-15,0.0005113839754990255,1e-07,PASS,archived CSV versus independent_reference,
C1,0.001,-0.5,7.853981633974483,launch_direction_difference,0.0,7.113452539068636e-12,7.113452539068636e-12,7.113452539068636e-12,1e-07,PASS,angle-to-unit-vector comparison,invariant to equivalent angle branches
C2,0.001,-0.6666666666666666,3.141592653589793,r_emit,12.0,12.0,0.0,0.0,1e-07,PASS,archived CSV versus independent_reference,
C2,0.001,-0.6666666666666666,3.141592653589793,p_r_emit,0.0,0.0,0.0,0.0,1e-07,PASS,archived CSV versus independent_reference,
C2,0.001,-0.6666666666666666,3.141592653589793,t_emit,0.0,0.0,0.0,0.0,1e-07,PASS,archived CSV versus independent_reference,
C2,0.001,-0.6666666666666666,3.141592653589793,tau_emit,0.0,0.0,0.0,0.0,1e-07,PASS,archived CSV versus independent_reference,
C2,0.001,-0.6666666666666666,3.141592653589793,emitter_energy,0.9477113531045734,0.9477113531045734,0.0,0.0,1e-07,PASS,archived CSV versus independent_reference,
C2,0.001,-0.6666666666666666,3.141592653589793,emitter_angular_momentum,3.6700205577197096,3.6700205577197096,0.0,0.0,1e-07,PASS,archived CSV versus independent_reference,
C2,0.001,-0.6666666666666666,3.141592653589793,alpha_launch,2.9391902888029713,2.9391902888028514,1.199040866595169e-13,4.0794938359826176e-14,1e-07,PASS,archived CSV versus independent_reference,raw launch angles have equivalent periodic parameterizations
C2,0.001,-0.6666666666666666,3.141592653589793,beta_launch,-1.5888742397267621,-1.588874239726756,6.217248937900877e-15,3.9129899537990205e-15,1e-07,PASS,archived CSV versus independent_reference,raw launch angles have equivalent periodic parameterizations
C2,0.001,-0.6666666666666666,3.141592653589793,x_hit,-1.1667056210029614e-12,-1.7309487176930818e-12,5.642430966901204e-13,0.32597331793983714,1e-07,PASS,archived CSV versus independent_reference,
C2,0.001,-0.6666666666666666,3.141592653589793,y_hit,3.906944212594965e-13,3.274325255375743e-13,6.32618957219222e-14,0.16192167658289672,1e-07,PASS,archived CSV versus independent_reference,
C2,0.001,-0.6666666666666666,3.141592653589793,z_hit,-80.0,-80.0,0.0,0.0,1e-07,PASS,archived CSV versus independent_reference,
C2,0.001,-0.6666666666666666,3.141592653589793,hit_error,1.2303837356220207e-12,1.7616456857334389e-12,5.312619501114182e-13,0.3015713967989165,1e-07,PASS,archived CSV versus independent_reference,
C2,0.001,-0.6666666666666666,3.141592653589793,impact_parameter,10.41626286288726,10.416262862887308,4.796163466380676e-14,4.604495421740169e-15,1e-07,PASS,archived CSV versus independent_reference,
C2,0.001,-0.6666666666666666,3.141592653589793,impact_parameter_drift,1.3091749906379846e-12,1.3091749906379846e-12,0.0,0.0,1e-07,PASS,archived CSV versus independent_reference,
C2,0.001,-0.6666666666666666,3.141592653589793,alpha_sky,-0.1215895450060836,-0.121589545006084,4.0245584642661925e-16,3.3099543748311704e-15,1e-07,PASS,archived CSV versus independent_reference,
C2,0.001,-0.6666666666666666,3.141592653589793,beta_sky,0.024951675065205202,0.024951675065205,2.0122792321330962e-16,8.064705984165346e-15,1e-07,PASS,archived CSV versus independent_reference,
C2,0.001,-0.6666666666666666,3.141592653589793,propagation_time,80.70184907895758,80.70184907895747,1.1368683772161603e-13,1.4087265535934176e-15,1e-07,PASS,archived CSV versus independent_reference,
C2,0.001,-0.6666666666666666,3.141592653589793,euclidean_distance,72.89414068670325,72.89414068670325,0.0,0.0,1e-07,PASS,archived CSV versus independent_reference,
C2,0.001,-0.6666666666666666,3.141592653589793,excess_time_delay,7.807708392254327,7.807708392254213,1.1368683772161603e-13,1.4560845770623245e-14,1e-07,PASS,archived CSV versus independent_reference,
C2,0.001,-0.6666666666666666,3.141592653589793,one_plus_z,0.9938443858457906,0.9938443858457896,9.992007221626409e-16,1.0053895120736552e-15,1e-07,PASS,archived CSV versus independent_reference,
C2,0.001,-0.6666666666666666,3.141592653589793,redshift,-0.006155614154209399,-0.0061556141542105,1.1006820455072841e-15,1.7880946042636654e-13,1e-07,PASS,archived CSV versus independent_reference,
C2,0.001,-0.6666666666666666,3.141592653589793,null_constraint_error,1.2258874471093861e-12,1.2274209426621496e-12,1.5334955527634975e-15,0.0012493640115325908,1e-07,PASS,archived CSV versus independent_reference,
C2,0.001,-0.6666666666666666,3.141592653589793,launch_direction_difference,0.0,6.5879627614504685e-15,6.5879627614504685e-15,6.5879627614504685e-15,1e-07,PASS,angle-to-unit-vector comparison,invariant to equivalent angle branches
C2,0.001,-0.6666666666666666,4.71238898038469,r_emit,10.962764261791213,10.962764261875131,8.391864980694663e-11,7.654880448244969e-12,1e-07,PASS,archived CSV versus independent_reference,
C2,0.001,-0.6666666666666666,4.71238898038469,p_r_emit,-0.04218728843688537,-0.0421872884370145,1.2912587665780961e-13,3.0607768700421262e-12,1e-07,PASS,archived CSV versus independent_reference,
C2,0.001,-0.6666666666666666,4.71238898038469,t_emit,67.25254960499727,67.25254960485853,1.3874057458451716e-10,2.062978658792854e-12,1e-07,PASS,archived CSV versus independent_reference,
C2,0.001,-0.6666666666666666,4.71238898038469,tau_emit,57.941235305907185,57.94123530577095,1.36232358727284e-10,2.3512159864737115e-12,1e-07,PASS,archived CSV versus independent_reference,
C2,0.001,-0.6666666666666666,4.71238898038469,emitter_energy,0.9477113531045734,0.9477113531045734,0.0,0.0,1e-07,PASS,archived CSV versus independent_reference,
C2,0.001,-0.6666666666666666,4.71238898038469,emitter_angular_momentum,3.6700205577197096,3.6700205577197096,0.0,0.0,1e-07,PASS,archived CSV versus independent_reference,
C2,0.001,-0.6666666666666666,4.71238898038469,alpha_launch,4.245494248449721,1.1039015946862805,3.141592653763441,0.7399827840799974,1e-07,WARNING,archived CSV versus independent_reference,raw launch angles have equivalent periodic parameterizations
C2,0.001,-0.6666666666666666,4.71238898038469,beta_launch,-1.5179404786162622,-1.6236521749670505,0.10571169635078825,0.06510735364422095,1e-07,WARNING,archived CSV versus independent_reference,raw launch angles have equivalent periodic parameterizations
C2,0.001,-0.6666666666666666,4.71238898038469,x_hit,-5.750955267558311e-14,-5.217038467897338e-10,5.216463372370582e-10,0.999889765902572,1e-07,PASS,archived CSV versus independent_reference,
C2,0.001,-0.6666666666666666,4.71238898038469,y_hit,-1.04638520070921e-13,6.253205730999412e-10,6.254252116200121e-10,1.0001673358027423,1e-07,PASS,archived CSV versus independent_reference,
C2,0.001,-0.6666666666666666,4.71238898038469,z_hit,-79.99999999999999,-79.99999999999999,0.0,0.0,1e-07,PASS,archived CSV versus independent_reference,
C2,0.001,-0.6666666666666666,4.71238898038469,hit_error,1.1940087324462164e-13,8.143713666978015e-10,8.142519658245568e-10,0.9998533827708987,1e-07,PASS,archived CSV versus independent_reference,
C2,0.001,-0.6666666666666666,4.71238898038469,impact_parameter,11.576753003054133,11.57675300315545,1.0131628869203269e-10,8.75170167873644e-12,1e-07,PASS,archived CSV versus independent_reference,
C2,0.001,-0.6666666666666666,4.71238898038469,impact_parameter_drift,1.0160761121369433e-12,1.0231815394945445e-12,7.105427357601204e-15,0.00694444444444464,1e-07,PASS,archived CSV versus independent_reference,
C2,0.001,-0.6666666666666666,4.71238898038469,alpha_sky,0.06220720857788856,0.0622072085780821,1.9353962876778041e-13,3.1112090253149788e-12,1e-07,PASS,archived CSV versus independent_reference,
C2,0.001,-0.6666666666666666,4.71238898038469,beta_sky,0.12341095807081416,0.1234109580720964,1.2822382045030167e-12,1.0389986631121817e-11,1e-07,PASS,archived CSV versus independent_reference,
C2,0.001,-0.6666666666666666,4.71238898038469,propagation_time,85.67262788723902,85.67262788725245,1.3429257705865894e-11,1.5675085540202138e-13,1e-07,PASS,archived CSV versus independent_reference,
C2,0.001,-0.6666666666666666,4.71238898038469,euclidean_distance,77.43391248133481,77.43391248132079,1.4026113603904378e-11,1.8113657381428745e-13,1e-07,PASS,archived CSV versus independent_reference,
C2,0.001,-0.6666666666666666,4.71238898038469,excess_time_delay,8.238715405904202,8.238715405931657,2.745537130977027e-11,3.332482062677287e-12,1e-07,PASS,archived CSV versus independent_reference,
C2,0.001,-0.6666666666666666,4.71238898038469,one_plus_z,1.3487977188738514,1.3487977188679667,5.88462611972318e-12,4.362867787644553e-12,1e-07,PASS,archived CSV versus independent_reference,
C2,0.001,-0.6666666666666666,4.71238898038469,redshift,0.34879771887385136,0.3487977188679667,5.884681630874411e-12,1.6871330609254088e-11,1e-07,PASS,archived CSV versus independent_reference,
C2,0.001,-0.6666666666666666,4.71238898038469,null_constraint_error,1.1540768340978502e-12,1.149226547259019e-12,4.850286838831153e-15,0.004202741702741703,1e-07,PASS,archived CSV versus independent_reference,
C2,0.001,-0.6666666666666666,4.71238898038469,launch_direction_difference,0.0,1.1232070717118523e-11,1.1232070717118523e-11,1.1232070717118523e-11,1e-07,PASS,angle-to-unit-vector comparison,invariant to equivalent angle branches
C2,0.001,-0.6666666666666666,6.283185307179586,r_emit,9.220601997136681,9.2206019971258,1.0880185641326534e-11,1.179986474278492e-12,1e-07,PASS,archived CSV versus independent_reference,
C2,0.001,-0.6666666666666666,6.283185307179586,p_r_emit,-0.053019864548834277,-0.0530198645484679,3.6637359812630166e-13,6.9101194664284925e-12,1e-07,PASS,archived CSV versus independent_reference,
C2,0.001,-0.6666666666666666,6.283185307179586,t_emit,119.31928089178979,119.31928089164504,1.447517661290476e-10,1.2131464843500226e-12,1e-07,PASS,archived CSV versus independent_reference,
C2,0.001,-0.6666666666666666,6.283185307179586,tau_emit,101.43201553938603,101.432015539248,1.3803003184875706e-10,1.3608132611262174e-12,1e-07,PASS,archived CSV versus independent_reference,
C2,0.001,-0.6666666666666666,6.283185307179586,emitter_energy,0.9477113531045734,0.9477113531045734,0.0,0.0,1e-07,PASS,archived CSV versus independent_reference,
C2,0.001,-0.6666666666666666,6.283185307179586,emitter_angular_momentum,3.6700205577197096,3.6700205577197096,0.0,0.0,1e-07,PASS,archived CSV versus independent_reference,
C2,0.001,-0.6666666666666666,6.283185307179586,alpha_launch,2.93919028880287,-0.202402364786923,3.141592653589793,1.0688633075435756,1e-07,WARNING,archived CSV versus independent_reference,raw launch angles have equivalent periodic parameterizations
C2,0.001,-0.6666666666666666,6.283185307179586,beta_launch,-1.2949303453216716,-1.846662308268596,0.5517319629469244,0.29877252623638606,1e-07,WARNING,archived CSV versus independent_reference,raw launch angles have equivalent periodic parameterizations
C2,0.001,-0.6666666666666666,6.283185307179586,x_hit,-3.1616376183762895e-12,1.0550449403012865e-12,4.216682558677576e-12,1.3337020454744974,1e-07,PASS,archived CSV versus independent_reference,
C2,0.001,-0.6666666666666666,6.283185307179586,y_hit,6.524850104661084e-13,-2.1871393585115586e-13,8.711989463172642e-13,1.3352014718237215,1e-07,PASS,archived CSV versus independent_reference,
C2,0.001,-0.6666666666666666,6.283185307179586,z_hit,-79.99999999999999,-80.0,1.4210854715202004e-14,1.7763568394002506e-16,1e-07,PASS,archived CSV versus independent_reference,
C2,0.001,-0.6666666666666666,6.283185307179586,hit_error,3.228264103014971e-12,1.0774765017348859e-12,2.150787601280085e-12,0.6662365694527288,1e-07,PASS,archived CSV versus independent_reference,
C2,0.001,-0.6666666666666666,6.283185307179586,impact_parameter,9.75659638564381,9.756596385635705,8.105516258183343e-12,8.307729394351166e-13,1e-07,PASS,archived CSV versus independent_reference,
C2,0.001,-0.6666666666666666,6.283185307179586,impact_parameter_drift,8.517631044924201e-12,8.530065542800003e-12,1.2434497875801753e-14,0.0014577259475218659,1e-07,PASS,archived CSV versus independent_reference,
C2,0.001,-0.6666666666666666,6.283185307179586,alpha_sky,0.11378177447588657,0.1137817744757902,9.636735853746359e-14,8.469489861742878e-13,1e-07,PASS,archived CSV versus independent_reference,
C2,0.001,-0.6666666666666666,6.283185307179586,beta_sky,-0.023349424203558854,-0.023349424203539,1.9855644906030534e-14,8.503697878341767e-13,1e-07,PASS,archived CSV versus independent_reference,
C2,0.001,-0.6666666666666666,6.283185307179586,propagation_time,96.64686644376584,96.64686644376089,4.959588295605499e-12,5.1316596989631783e-14,1e-07,PASS,archived CSV versus independent_reference,
C2,0.001,-0.6666666666666666,6.283185307179586,euclidean_distance,86.20018888025376,86.20018888024612,7.645439836778678e-12,8.869400329736459e-14,1e-07,PASS,archived CSV versus independent_reference,
C2,0.001,-0.6666666666666666,6.283185307179586,excess_time_delay,10.446677563512083,10.446677563514768,2.6858515411731787e-12,2.5710102803915085e-13,1e-07,PASS,archived CSV versus independent_reference,
C2,0.001,-0.6666666666666666,6.283185307179586,one_plus_z,1.2953316064085973,1.2953316064093507,7.533973445106312e-13,5.816250763764214e-13,1e-07,PASS,archived CSV versus independent_reference,
C2,0.001,-0.6666666666666666,6.283185307179586,redshift,0.29533160640859735,0.2953316064093507,7.533418333594e-13,2.550833764521683e-12,1e-07,PASS,archived CSV versus independent_reference,
C2,0.001,-0.6666666666666666,6.283185307179586,null_constraint_error,4.228326022648332e-12,4.233322026259145e-12,4.9960036108132044e-15,0.001180161485429923,1e-07,PASS,archived CSV versus independent_reference,
C2,0.001,-0.6666666666666666,6.283185307179586,launch_direction_difference,0.0,4.743918353357346e-13,4.743918353357346e-13,4.743918353357346e-13,1e-07,PASS,angle-to-unit-vector comparison,invariant to equivalent angle branches
C2,0.001,-0.6666666666666666,7.853981633974483,r_emit,8.179001250249833,8.17900125022369,2.6142643605453486e-11,3.1963124598684884e-12,1e-07,PASS,archived CSV versus independent_reference,
C2,0.001,-0.6666666666666666,7.853981633974483,p_r_emit,-0.026843067843207793,-0.0268430678429715,2.362936235567048e-13,8.802780104603249e-12,1e-07,PASS,archived CSV versus independent_reference,
C2,0.001,-0.6666666666666666,7.853981633974483,t_emit,159.06949290929856,159.0694929092151,8.344613888766617e-11,5.245892053936902e-13,1e-07,PASS,archived CSV versus independent_reference,
C2,0.001,-0.6666666666666666,7.853981633974483,tau_emit,133.29263649343613,133.2926364933571,7.904077392595354e-11,5.929867996109885e-13,1e-07,PASS,archived CSV versus independent_reference,
C2,0.001,-0.6666666666666666,7.853981633974483,emitter_energy,0.9477113531045734,0.9477113531045734,0.0,0.0,1e-07,PASS,archived CSV versus independent_reference,
C2,0.001,-0.6666666666666666,7.853981633974483,emitter_angular_momentum,3.6700205577197096,3.6700205577197096,0.0,0.0,1e-07,PASS,archived CSV versus independent_reference,
C2,0.001,-0.6666666666666666,7.853981633974483,alpha_launch,1.1039015950362303,-2.0376910587125727,3.141592653748803,1.5417413941707545,1e-07,WARNING,archived CSV versus independent_reference,raw launch angles have equivalent periodic parameterizations
C2,0.001,-0.6666666666666666,7.853981633974483,beta_launch,-1.3419953662501607,-1.7995972873877892,0.45760192113762854,0.2542801794294,1e-07,WARNING,archived CSV versus independent_reference,raw launch angles have equivalent periodic parameterizations
C2,0.001,-0.6666666666666666,7.853981633974483,x_hit,-4.948192383613659e-09,-4.1825609642387457e-10,4.529936287189784e-09,0.9154729517370902,1e-07,PASS,archived CSV versus independent_reference,
C2,0.001,-0.6666666666666666,7.853981633974483,y_hit,-3.015407923356861e-09,-1.6269618985376155e-10,2.8527117335030994e-09,0.9460450479706102,1e-07,PASS,archived CSV versus independent_reference,
C2,0.001,-0.6666666666666666,7.853981633974483,z_hit,-80.0,-80.0,0.0,0.0,1e-07,PASS,archived CSV versus independent_reference,
C2,0.001,-0.6666666666666666,7.853981633974483,hit_error,5.7945916861756155e-09,4.4878526311440835e-10,5.345806423061207e-09,0.9225510118020752,1e-07,PASS,archived CSV versus independent_reference,
C2,0.001,-0.6666666666666666,7.853981633974483,impact_parameter,9.441667585630965,9.441667585631032,6.750155989720952e-14,7.149326036423688e-15,1e-07,PASS,archived CSV versus independent_reference,
C2,0.001,-0.6666666666666666,7.853981633974483,impact_parameter_drift,1.886490963443066e-12,1.886490963443066e-12,0.0,0.0,1e-07,PASS,archived CSV versus independent_reference,
C2,0.001,-0.6666666666666666,7.853981633974483,alpha_sky,-0.050572952277599795,-0.0505729522786845,1.0847087117404897e-12,2.144839608657122e-11,1e-07,PASS,archived CSV versus independent_reference,
C2,0.001,-0.6666666666666666,7.853981633974483,beta_sky,-0.1003301166523114,-0.1003301166517655,5.458966612081895e-13,5.441004948693171e-12,1e-07,PASS,archived CSV versus independent_reference,
C2,0.001,-0.6666666666666666,7.853981633974483,propagation_time,92.55122636231262,92.55122636176904,5.435794037111918e-10,5.873281479634077e-12,1e-07,PASS,archived CSV versus independent_reference,
C2,0.001,-0.6666666666666666,7.853981633974483,euclidean_distance,82.81283219817183,82.8128321981617,1.0132339411939029e-11,1.2235228699451132e-13,1e-07,PASS,archived CSV versus independent_reference,
C2,0.001,-0.6666666666666666,7.853981633974483,excess_time_delay,9.738394164140786,9.738394163607351,5.33434629801377e-10,5.477644679505964e-11,1e-07,PASS,archived CSV versus independent_reference,
C2,0.001,-0.6666666666666666,7.853981633974483,one_plus_z,0.8690481571589858,0.8690481571460325,1.2953305095209089e-11,1.490516375704066e-11,1e-07,PASS,archived CSV versus independent_reference,
C2,0.001,-0.6666666666666666,7.853981633974483,redshift,-0.13095184284101424,-0.1309518428539675,1.2953249584057858e-11,9.891613055421319e-11,1e-07,PASS,archived CSV versus independent_reference,
C2,0.001,-0.6666666666666666,7.853981633974483,null_constraint_error,2.548648792011221e-12,2.5482393972708905e-12,4.0939474033052647e-16,0.0001606320735967155,1e-07,PASS,archived CSV versus independent_reference,
C2,0.001,-0.6666666666666666,7.853981633974483,launch_direction_difference,0.0,6.016438905039791e-11,6.016438905039791e-11,6.016438905039791e-11,1e-07,PASS,angle-to-unit-vector comparison,invariant to equivalent angle branches
D,0.00125,-0.58,3.141592653589793,r_emit,12.0,12.0,0.0,0.0,1e-07,PASS,archived CSV versus independent_reference,
D,0.00125,-0.58,3.141592653589793,p_r_emit,0.0,0.0,0.0,0.0,1e-07,PASS,archived CSV versus independent_reference,
D,0.00125,-0.58,3.141592653589793,t_emit,0.0,0.0,0.0,0.0,1e-07,PASS,archived CSV versus independent_reference,
D,0.00125,-0.58,3.141592653589793,tau_emit,0.0,0.0,0.0,0.0,1e-07,PASS,archived CSV versus independent_reference,
D,0.00125,-0.58,3.141592653589793,emitter_energy,0.9510633260223117,0.9510633260223116,1.1102230246251565e-16,1.1673492124530842e-16,1e-07,PASS,archived CSV versus independent_reference,
D,0.00125,-0.58,3.141592653589793,emitter_angular_momentum,3.71347009696268,3.71347009696268,0.0,0.0,1e-07,PASS,archived CSV versus independent_reference,
D,0.00125,-0.58,3.141592653589793,alpha_launch,2.939190288802872,2.9391902888029056,3.375077994860476e-14,1.1483019686469847e-14,1e-07,PASS,archived CSV versus independent_reference,raw launch angles have equivalent periodic parameterizations
D,0.00125,-0.58,3.141592653589793,beta_launch,-1.5859276306336276,-1.5859276306336207,6.8833827526759706e-15,4.340288055846435e-15,1e-07,PASS,archived CSV versus independent_reference,raw launch angles have equivalent periodic parameterizations
D,0.00125,-0.58,3.141592653589793,x_hit,-6.7481575882766265e-12,-7.218808883990846e-12,4.706512957142195e-13,0.06519791606590153,1e-07,PASS,archived CSV versus independent_reference,
D,0.00125,-0.58,3.141592653589793,y_hit,1.3866963133324361e-12,1.5261472641192597e-12,1.3945095078682357e-13,0.09137450498088123,1e-07,PASS,archived CSV versus independent_reference,
D,0.00125,-0.58,3.141592653589793,z_hit,-80.0,-79.99999999999999,1.4210854715202004e-14,1.7763568394002506e-16,1e-07,PASS,archived CSV versus independent_reference,
D,0.00125,-0.58,3.141592653589793,hit_error,6.8891623222003695e-12,7.378368869564862e-12,4.892065473644924e-13,0.0663028043206714,1e-07,PASS,archived CSV versus independent_reference,
D,0.00125,-0.58,3.141592653589793,impact_parameter,10.403737368694753,10.403737368694806,5.3290705182007514e-14,5.122265518001351e-15,1e-07,PASS,archived CSV versus independent_reference,
D,0.00125,-0.58,3.141592653589793,impact_parameter_drift,1.3535839116229909e-12,1.3535839116229909e-12,0.0,0.0,1e-07,PASS,archived CSV versus independent_reference,
D,0.00125,-0.58,3.141592653589793,alpha_sky,-0.12470625170895099,-0.1247062517089519,9.159339953157541e-16,7.344731982270018e-15,1e-07,PASS,archived CSV versus independent_reference,
D,0.00125,-0.58,3.141592653589793,beta_sky,0.02559126174117787,0.0255912617411781,2.2898349882893854e-16,8.947722122684101e-15,1e-07,PASS,archived CSV versus independent_reference,
D,0.00125,-0.58,3.141592653589793,propagation_time,78.66910295814688,78.66910295814715,2.7000623958883807e-13,3.4321764127968313e-15,1e-07,PASS,archived CSV versus independent_reference,
D,0.00125,-0.58,3.141592653589793,euclidean_distance,72.89414068670325,72.89414068670325,0.0,0.0,1e-07,PASS,archived CSV versus independent_reference,
D,0.00125,-0.58,3.141592653589793,excess_time_delay,5.774962271443627,5.774962271443897,2.7000623958883807e-13,4.675463265344056e-14,1e-07,PASS,archived CSV versus independent_reference,
D,0.00125,-0.58,3.141592653589793,one_plus_z,1.0174046410776867,1.0174046410776862,4.440892098500626e-16,4.3649221943754924e-16,1e-07,PASS,archived CSV versus independent_reference,
D,0.00125,-0.58,3.141592653589793,redshift,0.01740464107768669,0.0174046410776862,4.891920202254596e-16,2.8106986983639643e-14,1e-07,PASS,archived CSV versus independent_reference,
D,0.00125,-0.58,3.141592653589793,null_constraint_error,1.1781894904139278e-12,1.1758857776378306e-12,2.3037127760972e-15,0.0019552990370741187,1e-07,PASS,archived CSV versus independent_reference,
D,0.00125,-0.58,3.141592653589793,launch_direction_difference,0.0,6.901806365253699e-15,6.901806365253699e-15,6.901806365253699e-15,1e-07,PASS,angle-to-unit-vector comparison,invariant to equivalent angle branches
D,0.00125,-0.58,4.71238898038469,r_emit,10.842251329814234,10.84225132981445,2.1671553440683056e-13,1.998805670653452e-14,1e-07,PASS,archived CSV versus independent_reference,
D,0.00125,-0.58,4.71238898038469,p_r_emit,-0.04737036103398632,-0.0473703610339741,1.2219392164780629e-14,2.579543811374735e-13,1e-07,PASS,archived CSV versus independent_reference,
D,0.00125,-0.58,4.71238898038469,t_emit,65.90926732096474,65.90926732094323,2.1515234038815834e-11,3.2643715995265146e-13,1e-07,PASS,archived CSV versus independent_reference,
D,0.00125,-0.58,4.71238898038469,tau_emit,56.813047535169346,56.81304753514819,2.1152857243578183e-11,3.7232393193630027e-13,1e-07,PASS,archived CSV versus independent_reference,
D,0.00125,-0.58,4.71238898038469,emitter_energy,0.9510633260223117,0.9510633260223116,1.1102230246251565e-16,1.1673492124530842e-16,1e-07,PASS,archived CSV versus independent_reference,
D,0.00125,-0.58,4.71238898038469,emitter_angular_momentum,3.71347009696268,3.71347009696268,0.0,0.0,1e-07,PASS,archived CSV versus independent_reference,
D,0.00125,-0.58,4.71238898038469,alpha_launch,-2.0376910587301973,1.103901594637851,3.1415926533680483,1.5417413939705638,1e-07,WARNING,archived CSV versus independent_reference,raw launch angles have equivalent periodic parameterizations
D,0.00125,-0.58,4.71238898038469,beta_launch,-1.5165193144839677,-1.6250733391015522,0.10855402461758445,0.06679946191080846,1e-07,WARNING,archived CSV versus independent_reference,raw launch angles have equivalent periodic parameterizations
D,0.00125,-0.58,4.71238898038469,x_hit,-8.109068971862143e-13,-7.163063198145635e-10,7.154954129173773e-10,0.9988679327897091,1e-07,PASS,archived CSV versus independent_reference,
D,0.00125,-0.58,4.71238898038469,y_hit,1.6523449275496205e-12,7.604988305764947e-10,7.588464856489451e-10,0.9978272880100327,1e-07,PASS,archived CSV versus independent_reference,
D,0.00125,-0.58,4.71238898038469,z_hit,-80.0,-80.0,0.0,0.0,1e-07,PASS,archived CSV versus independent_reference,
D,0.00125,-0.58,4.71238898038469,hit_error,1.8406014656908037e-12,1.0447263828938655e-09,1.0428857814281746e-09,0.9982381975837611,1e-07,PASS,archived CSV versus independent_reference,
D,0.00125,-0.58,4.71238898038469,impact_parameter,11.431666812719232,11.431666812734552,1.531930138298776e-11,1.3400759166565714e-12,1e-07,PASS,archived CSV versus independent_reference,
D,0.00125,-0.58,4.71238898038469,impact_parameter_drift,1.2096990076315706e-12,1.2150280781497713e-12,5.329070518200751e-15,0.0043859649122807015,1e-07,PASS,archived CSV versus independent_reference,
D,0.00125,-0.58,4.71238898038469,alpha_sky,0.06306968263545591,0.0630696826350626,3.933103842612695e-13,6.236124360013222e-12,1e-07,PASS,archived CSV versus independent_reference,
D,0.00125,-0.58,4.71238898038469,beta_sky,0.12512199369174956,0.1251219936921641,4.145295218194178e-13,3.3130028509558364e-12,1e-07,PASS,archived CSV versus independent_reference,
D,0.00125,-0.58,4.71238898038469,propagation_time,83.67591693799801,83.67591693804977,5.17559328727657e-11,6.185284221155733e-13,1e-07,PASS,archived CSV versus independent_reference,
D,0.00125,-0.58,4.71238898038469,euclidean_distance,77.45414899678342,77.45414899678339,2.842170943040401e-14,3.6694883099915445e-16,1e-07,PASS,archived CSV versus independent_reference,
D,0.00125,-0.58,4.71238898038469,excess_time_delay,6.221767941214594,6.221767941266378,5.17843545821961e-11,8.323093222222608e-12,1e-07,PASS,archived CSV versus independent_reference,
D,0.00125,-0.58,4.71238898038469,one_plus_z,1.3928220646002374,1.3928220645970262,3.2112090764258028e-12,2.305541503140584e-12,1e-07,PASS,archived CSV versus independent_reference,
D,0.00125,-0.58,4.71238898038469,redshift,0.3928220646002374,0.3928220645970262,3.2112090764258028e-12,8.17471666133049e-12,1e-07,PASS,archived CSV versus independent_reference,
D,0.00125,-0.58,4.71238898038469,null_constraint_error,1.2504788871048333e-12,1.2637807467186237e-12,1.3301859613790359e-14,0.010525448855213468,1e-07,PASS,archived CSV versus independent_reference,
D,0.00125,-0.58,4.71238898038469,launch_direction_difference,0.0,1.2766222512911081e-11,1.2766222512911081e-11,1.2766222512911081e-11,1e-07,PASS,angle-to-unit-vector comparison,invariant to equivalent angle branches
D,0.00125,-0.58,6.283185307179586,r_emit,9.035063422877128,9.035063422872936,4.192202140984591e-12,4.639925526554439e-13,1e-07,PASS,archived CSV versus independent_reference,
D,0.00125,-0.58,6.283185307179586,p_r_emit,-0.05489480138981888,-0.0548948013898178,1.0755285551056204e-15,1.9592539327505326e-14,1e-07,PASS,archived CSV versus independent_reference,
D,0.00125,-0.58,6.283185307179586,t_emit,115.84904013710262,115.84904013707252,3.0098590286797844e-11,2.598087153003373e-13,1e-07,PASS,archived CSV versus independent_reference,
D,0.00125,-0.58,6.283185307179586,tau_emit,98.37628224364444,98.37628224361455,2.9885427466069814e-11,3.0378691676977404e-13,1e-07,PASS,archived CSV versus independent_reference,
D,0.00125,-0.58,6.283185307179586,emitter_energy,0.9510633260223117,0.9510633260223116,1.1102230246251565e-16,1.1673492124530842e-16,1e-07,PASS,archived CSV versus independent_reference,
D,0.00125,-0.58,6.283185307179586,emitter_angular_momentum,3.71347009696268,3.71347009696268,0.0,0.0,1e-07,PASS,archived CSV versus independent_reference,
D,0.00125,-0.58,6.283185307179586,alpha_launch,-3.34399501860494,-0.2024023647869231,3.141592653818017,0.9394728868730905,1e-07,WARNING,archived CSV versus independent_reference,raw launch angles have equivalent periodic parameterizations
D,0.00125,-0.58,6.283185307179586,beta_launch,-1.2857714218826242,-1.8558212317554792,0.570049809872855,0.30716849237338834,1e-07,WARNING,archived CSV versus independent_reference,raw launch angles have equivalent periodic parameterizations
D,0.00125,-0.58,6.283185307179586,x_hit,6.526334972445369e-09,1.604827382095664e-13,6.526174489707159e-09,0.9999754099752944,1e-07,PASS,archived CSV versus independent_reference,
D,0.00125,-0.58,6.283185307179586,y_hit,3.0485245439137998e-09,-3.2224223289745175e-14,3.0485567681370895e-09,1.0000105704326225,1e-07,PASS,archived CSV versus independent_reference,
D,0.00125,-0.58,6.283185307179586,z_hit,-80.0,-80.0,0.0,0.0,1e-07,PASS,archived CSV versus independent_reference,
D,0.00125,-0.58,6.283185307179586,hit_error,7.203231918202297e-09,1.6368600987826534e-13,7.203068232192418e-09,0.9999772760322397,1e-07,PASS,archived CSV versus independent_reference,
D,0.00125,-0.58,6.283185307179586,impact_parameter,9.60257481108872,9.602574811246798,1.580779951382283e-10,1.646204255061705e-11,1e-07,PASS,archived CSV versus independent_reference,
D,0.00125,-0.58,6.283185307179586,impact_parameter_drift,8.86402062860725e-12,8.876455126483052e-12,1.2434497875801753e-14,0.0014008405043025814,1e-07,PASS,archived CSV versus independent_reference,
D,0.00125,-0.58,6.283185307179586,alpha_sky,0.11496510213754133,0.1149651021405177,2.9763691511419665e-12,2.588932724561979e-11,1e-07,PASS,archived CSV versus independent_reference,
D,0.00125,-0.58,6.283185307179586,beta_sky,-0.023592257647513146,-0.0235922576427502,4.762946981262672e-12,2.018860192366852e-10,1e-07,PASS,archived CSV versus independent_reference,
D,0.00125,-0.58,6.283185307179586,propagation_time,94.49294524351923,94.49294524282318,6.960476639505941e-10,7.366133653224577e-12,1e-07,PASS,archived CSV versus independent_reference,
D,0.00125,-0.58,6.283185307179586,euclidean_distance,86.07009271604251,86.07009271603955,2.9558577807620168e-12,3.434244913054541e-14,1e-07,PASS,archived CSV versus independent_reference,
D,0.00125,-0.58,6.283185307179586,excess_time_delay,8.42285252747672,8.422852526783629,6.930918061698321e-10,8.22870641399518e-11,1e-07,PASS,archived CSV versus independent_reference,
D,0.00125,-0.58,6.283185307179586,one_plus_z,1.3419867650914086,1.3419867651239774,3.256883651658882e-11,2.4269119012943466e-11,1e-07,PASS,archived CSV versus independent_reference,
D,0.00125,-0.58,6.283185307179586,redshift,0.3419867650914086,0.3419867651239774,3.256883651658882e-11,9.523420154806846e-11,1e-07,PASS,archived CSV versus independent_reference,
D,0.00125,-0.58,6.283185307179586,null_constraint_error,4.498741656977501e-12,4.503508677089485e-12,4.767020111984266e-15,0.0010585124741149788,1e-07,PASS,archived CSV versus independent_reference,
D,0.00125,-0.58,6.283185307179586,launch_direction_difference,0.0,8.032395308050665e-11,8.032395308050665e-11,8.032395308050665e-11,1e-07,PASS,angle-to-unit-vector comparison,invariant to equivalent angle branches
D,0.00125,-0.58,7.853981633974483,r_emit,8.08877806960226,8.088778069627848,2.5588420271560608e-11,3.163446944803851e-12,1e-07,PASS,archived CSV versus independent_reference,
D,0.00125,-0.58,7.853981633974483,p_r_emit,-0.020571354514350763,-0.020571354513797,5.537618974482683e-13,2.6919078034553292e-11,1e-07,PASS,archived CSV versus independent_reference,
D,0.00125,-0.58,7.853981633974483,t_emit,154.003448982207,154.00344898204165,1.6535750546609052e-10,1.0737259883393605e-12,1e-07,PASS,archived CSV versus independent_reference,
D,0.00125,-0.58,7.853981633974483,tau_emit,128.78926272942357,128.7892627292667,1.5685941434639972e-10,1.2179541292658022e-12,1e-07,PASS,archived CSV versus independent_reference,
D,0.00125,-0.58,7.853981633974483,emitter_energy,0.9510633260223117,0.9510633260223116,1.1102230246251565e-16,1.1673492124530842e-16,1e-07,PASS,archived CSV versus independent_reference,
D,0.00125,-0.58,7.853981633974483,emitter_angular_momentum,3.71347009696268,3.71347009696268,0.0,0.0,1e-07,PASS,archived CSV versus independent_reference,
D,0.00125,-0.58,7.853981633974483,alpha_launch,1.1039015948599284,-2.037691058710142,3.1415926535700702,1.5417413940848805,1e-07,WARNING,archived CSV versus independent_reference,raw launch angles have equivalent periodic parameterizations
D,0.00125,-0.58,7.853981633974483,beta_launch,-1.3374683258546536,-1.8041243277298071,0.46665600187515355,0.25866066695212914,1e-07,WARNING,archived CSV versus independent_reference,raw launch angles have equivalent periodic parameterizations
D,0.00125,-0.58,7.853981633974483,x_hit,-6.367129046225273e-14,-4.837362455045735e-10,4.836725742141113e-10,0.999868376018845,1e-07,PASS,archived CSV versus independent_reference,
D,0.00125,-0.58,7.853981633974483,y_hit,-1.3461454173580023e-13,-1.843172836579754e-10,1.841826691162396e-10,0.9992696586068098,1e-07,PASS,archived CSV versus independent_reference,
D,0.00125,-0.58,7.853981633974483,z_hit,-80.0,-80.0,0.0,0.0,1e-07,PASS,archived CSV versus independent_reference,
D,0.00125,-0.58,7.853981633974483,hit_error,1.489130890011622e-13,5.176616812841333e-10,5.175127681951321e-10,0.9997123351130959,1e-07,PASS,archived CSV versus independent_reference,
D,0.00125,-0.58,7.853981633974483,impact_parameter,9.34244537375128,9.342445373773392,2.2112089936854318e-11,2.3668417691719716e-12,1e-07,PASS,archived CSV versus independent_reference,
D,0.00125,-0.58,7.853981633974483,impact_parameter_drift,1.9806378759312793e-12,1.9770851622524788e-12,3.552713678800501e-15,0.0017937219730941704,1e-07,PASS,archived CSV versus independent_reference,
D,0.00125,-0.58,7.853981633974483,alpha_sky,-0.051376006340293906,-0.0513760063402778,1.6105172750968677e-14,3.134765408641248e-13,1e-07,PASS,archived CSV versus independent_reference,
D,0.00125,-0.58,7.853981633974483,beta_sky,-0.10192327077928982,-0.1019232707796044,3.145816940275381e-13,3.08645603326231e-12,1e-07,PASS,archived CSV versus independent_reference,
D,0.00125,-0.58,7.853981633974483,propagation_time,90.48332805298364,90.48332805303014,4.6497916628140956e-11,5.138838018965176e-13,1e-07,PASS,archived CSV versus independent_reference,
D,0.00125,-0.58,7.853981633974483,euclidean_distance,82.77791694007585,82.77791694008575,9.890754881780595e-12,1.1948542857075608e-13,1e-07,PASS,archived CSV versus independent_reference,
D,0.00125,-0.58,7.853981633974483,excess_time_delay,7.7054111129077825,7.70541111294439,3.660716174636036e-11,4.750838236893507e-12,1e-07,PASS,archived CSV versus independent_reference,
D,0.00125,-0.58,7.853981633974483,one_plus_z,0.8895745166866572,0.8895745166884386,1.7813528430110637e-12,2.0024773749616733e-12,1e-07,PASS,archived CSV versus independent_reference,
D,0.00125,-0.58,7.853981633974483,redshift,-0.11042548331334279,-0.1104254833115614,1.7813805985866793e-12,1.6131970131675518e-11,1e-07,PASS,archived CSV versus independent_reference,
D,0.00125,-0.58,7.853981633974483,null_constraint_error,2.55351295663786e-12,2.5553587024162998e-12,1.8457457784397266e-15,0.0007223039867923136,1e-07,PASS,archived CSV versus independent_reference,
D,0.00125,-0.58,7.853981633974483,launch_direction_difference,0.0,7.0165560322006035e-12,7.0165560322006035e-12,7.0165560322006035e-12,1e-07,PASS,angle-to-unit-vector comparison,invariant to equivalent angle branches
F,0.0025,-0.58,3.141592653589793,r_emit,12.0,12.0,0.0,0.0,1e-07,PASS,archived CSV versus independent_reference,
F,0.0025,-0.58,3.141592653589793,p_r_emit,0.0,0.0,0.0,0.0,1e-07,PASS,archived CSV versus independent_reference,
F,0.0025,-0.58,3.141592653589793,t_emit,0.0,0.0,0.0,0.0,1e-07,PASS,archived CSV versus independent_reference,
F,0.0025,-0.58,3.141592653589793,tau_emit,0.0,0.0,0.0,0.0,1e-07,PASS,archived CSV versus independent_reference,
F,0.0025,-0.58,3.141592653589793,emitter_energy,0.9457371501351698,0.9457371501351698,0.0,0.0,1e-07,PASS,archived CSV versus independent_reference,
F,0.0025,-0.58,3.141592653589793,emitter_angular_momentum,3.678005234760266,3.678005234760266,0.0,0.0,1e-07,PASS,archived CSV versus independent_reference,
F,0.0025,-0.58,3.141592653589793,alpha_launch,2.9391902888028048,2.939190288802895,9.015010959956271e-14,3.067174995201825e-14,1e-07,PASS,archived CSV versus independent_reference,raw launch angles have equivalent periodic parameterizations
F,0.0025,-0.58,3.141592653589793,beta_launch,-1.592108657738227,-1.5921086577382064,2.0650148258027912e-14,1.2970313400194567e-14,1e-07,PASS,archived CSV versus independent_reference,raw launch angles have equivalent periodic parameterizations
F,0.0025,-0.58,3.141592653589793,x_hit,-3.957889571637452e-12,-5.626554777649062e-12,1.6686652060116103e-12,0.29656961887942856,1e-07,PASS,archived CSV versus independent_reference,
F,0.0025,-0.58,3.141592653589793,y_hit,6.956657472301231e-13,1.1998180227124069e-12,5.041522754822838e-13,0.42019061719256046,1e-07,PASS,archived CSV versus independent_reference,
F,0.0025,-0.58,3.141592653589793,z_hit,-80.0,-80.0,0.0,0.0,1e-07,PASS,archived CSV versus independent_reference,
F,0.0025,-0.58,3.141592653589793,hit_error,4.018562018078822e-12,5.753058486884259e-12,1.734496468805437e-12,0.3014911933816973,1e-07,PASS,archived CSV versus independent_reference,
F,0.0025,-0.58,3.141592653589793,impact_parameter,10.422962942049875,10.422962942050042,1.6697754290362354e-13,1.6020160853683468e-14,1e-07,PASS,archived CSV versus independent_reference,
F,0.0025,-0.58,3.141592653589793,impact_parameter_drift,1.3677947663381929e-12,1.3731238368563936e-12,5.329070518200751e-15,0.0038809831824062097,1e-07,PASS,archived CSV versus independent_reference,
F,0.0025,-0.58,3.141592653589793,alpha_sky,-0.12276814750293863,-0.1227681475029405,1.8735013540549517e-15,1.5260484027504595e-14,1e-07,PASS,archived CSV versus independent_reference,
F,0.0025,-0.58,3.141592653589793,beta_sky,0.025193538841659455,0.02519353884166,5.447031714567174e-16,2.1620748672115766e-14,1e-07,PASS,archived CSV versus independent_reference,
F,0.0025,-0.58,3.141592653589793,propagation_time,80.35291183108191,80.35291183108201,9.947598300641403e-14,1.237988527603487e-15,1e-07,PASS,archived CSV versus independent_reference,
F,0.0025,-0.58,3.141592653589793,euclidean_distance,72.89414068670325,72.89414068670325,0.0,0.0,1e-07,PASS,archived CSV versus independent_reference,
F,0.0025,-0.58,3.141592653589793,excess_time_delay,7.458771144378659,7.458771144378758,9.947598300641403e-14,1.3336779086107674e-14,1e-07,PASS,archived CSV versus independent_reference,
F,0.0025,-0.58,3.141592653589793,one_plus_z,1.0051167753150607,1.0051167753150596,1.1102230246251565e-15,1.1045711820670285e-15,1e-07,PASS,archived CSV versus independent_reference,
F,0.0025,-0.58,3.141592653589793,redshift,0.005116775315060718,0.0051167753150596,1.1171619185290638e-15,2.1833319810639508e-13,1e-07,PASS,archived CSV versus independent_reference,
F,0.0025,-0.58,3.141592653589793,null_constraint_error,1.281613704051665e-12,1.283285977482507e-12,1.672273430841844e-15,0.0013031182917796977,1e-07,PASS,archived CSV versus independent_reference,
F,0.0025,-0.58,3.141592653589793,launch_direction_difference,0.0,2.0743288181006974e-14,2.0743288181006974e-14,2.0743288181006974e-14,1e-07,PASS,angle-to-unit-vector comparison,invariant to equivalent angle branches
F,0.0025,-0.58,4.71238898038469,r_emit,10.940215024115274,10.940215024192725,7.745093455469032e-11,7.079470959521237e-12,1e-07,PASS,archived CSV versus independent_reference,
F,0.0025,-0.58,4.71238898038469,p_r_emit,-0.04336085201240393,-0.0433608520124826,7.866624018859625e-14,1.8142226579392406e-12,1e-07,PASS,archived CSV versus independent_reference,
F,0.0025,-0.58,4.71238898038469,t_emit,67.18433114830191,67.18433114818762,1.1428369361965451e-10,1.701046831401596e-12,1e-07,PASS,archived CSV versus independent_reference,
F,0.0025,-0.58,4.71238898038469,tau_emit,57.729855741316044,57.72985574120398,1.12066800284083e-10,1.941227790109982e-12,1e-07,PASS,archived CSV versus independent_reference,
F,0.0025,-0.58,4.71238898038469,emitter_energy,0.9457371501351698,0.9457371501351698,0.0,0.0,1e-07,PASS,archived CSV versus independent_reference,
F,0.0025,-0.58,4.71238898038469,emitter_angular_momentum,3.678005234760266,3.678005234760266,0.0,0.0,1e-07,PASS,archived CSV versus independent_reference,
F,0.0025,-0.58,4.71238898038469,alpha_launch,1.1039015948599287,1.1039015947152324,1.4469625497781635e-10,1.3107713192150656e-10,1e-07,PASS,archived CSV versus independent_reference,raw launch angles have equivalent periodic parameterizations
F,0.0025,-0.58,4.71238898038469,beta_launch,-1.6282231740558188,-1.6282231740499216,5.8972826622039065e-12,3.6219129884474518e-12,1e-07,PASS,archived CSV versus independent_reference,raw launch angles have equivalent periodic parameterizations
F,0.0025,-0.58,4.71238898038469,x_hit,2.6367796834847468e-15,-4.740340342479499e-10,4.740366710276334e-10,1.000005562426942,1e-07,PASS,archived CSV versus independent_reference,
F,0.0025,-0.58,4.71238898038469,y_hit,-4.440892098500626e-16,5.651656365124325e-10,5.651660806016423e-10,1.0000007857682442,1e-07,PASS,archived CSV versus independent_reference,
F,0.0025,-0.58,4.71238898038469,z_hit,-79.99999999999999,-80.0,1.4210854715202004e-14,1.7763568394002506e-16,1e-07,PASS,archived CSV versus independent_reference,
F,0.0025,-0.58,4.71238898038469,hit_error,2.673915167978067e-15,7.376452143950297e-10,7.376425404798617e-10,0.9999963750660673,1e-07,PASS,archived CSV versus independent_reference,
F,0.0025,-0.58,4.71238898038469,impact_parameter,11.569032052322385,11.5690320524158,9.341505347038037e-11,8.07457815374224e-12,1e-07,PASS,archived CSV versus independent_reference,
F,0.0025,-0.58,4.71238898038469,impact_parameter_drift,1.163513729807164e-12,1.1617373729677638e-12,1.7763568394002505e-15,0.0015267175572519084,1e-07,PASS,archived CSV versus independent_reference,
F,0.0025,-0.58,4.71238898038469,alpha_sky,0.06272858610751673,0.0627285861077026,1.8586521211005902e-13,2.9630065595761318e-12,1e-07,PASS,archived CSV versus independent_reference,
F,0.0025,-0.58,4.71238898038469,beta_sky,0.12444530283437073,0.1244453028355609,1.1901729601859756e-12,9.563823889429095e-12,1e-07,PASS,archived CSV versus independent_reference,
F,0.0025,-0.58,4.71238898038469,propagation_time,85.34255710261726,85.34255710262816,1.0899725566559937e-11,1.277173538806968e-13,1e-07,PASS,archived CSV versus independent_reference,
F,0.0025,-0.58,4.71238898038469,euclidean_distance,77.43768508537055,77.43768508535759,1.2960299500264227e-11,1.6736424243540145e-13,1e-07,PASS,archived CSV versus independent_reference,
F,0.0025,-0.58,4.71238898038469,excess_time_delay,7.904872017246717,7.904872017270577,2.3860025066824164e-11,3.0183948601185123e-12,1e-07,PASS,archived CSV versus independent_reference,
F,0.0025,-0.58,4.71238898038469,one_plus_z,1.3659396067320118,1.3659396067265084,5.503375533066901e-12,4.02900355619209e-12,1e-07,PASS,archived CSV versus independent_reference,
F,0.0025,-0.58,4.71238898038469,redshift,0.36593960673201176,0.3659396067265084,5.503375533066901e-12,1.503902674600944e-11,1e-07,PASS,archived CSV versus independent_reference,
F,0.0025,-0.58,4.71238898038469,null_constraint_error,1.3121101427593374e-12,1.3073223059656414e-12,4.7878367936959876e-15,0.003648959517702742,1e-07,PASS,archived CSV versus independent_reference,
F,0.0025,-0.58,4.71238898038469,launch_direction_difference,0.0,1.018572796544804e-11,1.018572796544804e-11,1.018572796544804e-11,1e-07,PASS,angle-to-unit-vector comparison,invariant to equivalent angle branches
F,0.0025,-0.58,6.283185307179586,r_emit,9.186698861985102,9.186698861992792,7.689848757763684e-12,8.370633318109647e-13,1e-07,PASS,archived CSV versus independent_reference,
F,0.0025,-0.58,6.283185307179586,p_r_emit,-0.05361920057286811,-0.0536192005723101,5.580119699644115e-13,1.0406943109979366e-11,1e-07,PASS,archived CSV versus independent_reference,
F,0.0025,-0.58,6.283185307179586,t_emit,118.99358264682564,118.993582646624,2.0163781755400123e-10,1.6945268229503153e-12,1e-07,PASS,archived CSV versus independent_reference,
F,0.0025,-0.58,6.283185307179586,tau_emit,100.85943684915861,100.859436848967,1.9161916497978382e-10,1.8998635226008834e-12,1e-07,PASS,archived CSV versus independent_reference,
F,0.0025,-0.58,6.283185307179586,emitter_energy,0.9457371501351698,0.9457371501351698,0.0,0.0,1e-07,PASS,archived CSV versus independent_reference,
F,0.0025,-0.58,6.283185307179586,emitter_angular_momentum,3.678005234760266,3.678005234760266,0.0,0.0,1e-07,PASS,archived CSV versus independent_reference,
F,0.0025,-0.58,6.283185307179586,alpha_launch,-0.20240236477109946,-0.202402364786923,1.582353692519689e-11,7.81786168449907e-11,1e-07,PASS,archived CSV versus independent_reference,raw launch angles have equivalent periodic parameterizations
F,0.0025,-0.58,6.283185307179586,beta_launch,-1.8514648111755398,-1.8514648111723693,3.170574913724522e-12,1.712468362664396e-12,1e-07,PASS,archived CSV versus independent_reference,raw launch angles have equivalent periodic parameterizations
F,0.0025,-0.58,6.283185307179586,x_hit,-3.8496328347292774e-10,3.3527625120655106e-12,3.8831604598499325e-10,1.0087093046428188,1e-07,PASS,archived CSV versus independent_reference,
F,0.0025,-0.58,6.283185307179586,y_hit,-2.2127369381230722e-10,-6.914677164182592e-13,2.2058222609588896e-10,0.9968750568379593,1e-07,PASS,archived CSV versus independent_reference,
F,0.0025,-0.58,6.283185307179586,z_hit,-80.0,-80.0,0.0,0.0,1e-07,PASS,archived CSV versus independent_reference,
F,0.0025,-0.58,6.283185307179586,hit_error,4.440256492541849e-10,3.4233235408241085e-12,4.406023257133608e-10,0.992290257225964,1e-07,PASS,archived CSV versus independent_reference,
F,0.0025,-0.58,6.283185307179586,impact_parameter,9.76939241081524,9.769392410811262,3.977262963417161e-12,4.0711466958928973e-13,1e-07,PASS,archived CSV versus independent_reference,
F,0.0025,-0.58,6.283185307179586,impact_parameter_drift,9.00968188943807e-12,9.016787316795671e-12,7.105427357601002e-15,0.0007880220646178094,1e-07,PASS,archived CSV versus independent_reference,
F,0.0025,-0.58,6.283185307179586,alpha_sky,0.11496036576489006,0.1149603657647698,1.2026490914252008e-13,1.0461423669134678e-12,1e-07,PASS,archived CSV versus independent_reference,
F,0.0025,-0.58,6.283185307179586,beta_sky,-0.023591285679656293,-0.0235912856799993,3.4300687290489407e-13,1.4539558274083188e-11,1e-07,PASS,archived CSV versus independent_reference,
F,0.0025,-0.58,6.283185307179586,propagation_time,96.32734479496486,96.32734479500934,4.447997525858227e-11,4.617585520834033e-13,1e-07,PASS,archived CSV versus independent_reference,
F,0.0025,-0.58,6.283185307179586,euclidean_distance,86.17640147567805,86.17640147568345,5.4001247917767614e-12,6.266361439216656e-14,1e-07,PASS,archived CSV versus independent_reference,
F,0.0025,-0.58,6.283185307179586,excess_time_delay,10.15094331928681,10.15094331932589,3.907985046680551e-11,3.849873774036672e-12,1e-07,PASS,archived CSV versus independent_reference,
F,0.0025,-0.58,6.283185307179586,one_plus_z,1.3129686518777304,1.312968651875395,2.3354651546014793e-12,1.7787668816475052e-12,1e-07,PASS,archived CSV versus independent_reference,
F,0.0025,-0.58,6.283185307179586,redshift,0.3129686518777304,0.3129686518753947,2.3356871992064043e-12,7.463006870473735e-12,1e-07,PASS,archived CSV versus independent_reference,
F,0.0025,-0.58,6.283185307179586,null_constraint_error,4.25723345465201e-12,4.260924946208888e-12,3.6914915568786455e-15,0.0008663592068579171,1e-07,PASS,archived CSV versus independent_reference,
F,0.0025,-0.58,6.283185307179586,launch_direction_difference,0.0,5.409623595848002e-12,5.409623595848002e-12,5.409623595848002e-12,1e-07,PASS,angle-to-unit-vector comparison,invariant to equivalent angle branches
F,0.0025,-0.58,7.853981633974483,r_emit,8.16192967257617,8.161929672553555,2.261479892240459e-11,2.77076620721073e-12,1e-07,PASS,archived CSV versus independent_reference,
F,0.0025,-0.58,7.853981633974483,p_r_emit,-0.02600251077765868,-0.0260025107775179,1.407797489694218e-13,5.414082900424353e-12,1e-07,PASS,archived CSV versus independent_reference,
F,0.0025,-0.58,7.853981633974483,t_emit,158.55500979326874,158.55500979320408,6.465938895416912e-11,4.078041371160393e-13,1e-07,PASS,archived CSV versus independent_reference,
F,0.0025,-0.58,7.853981633974483,tau_emit,132.45117445138504,132.45117445132354,6.150457920739427e-11,4.643566164071195e-13,1e-07,PASS,archived CSV versus independent_reference,
F,0.0025,-0.58,7.853981633974483,emitter_energy,0.9457371501351698,0.9457371501351698,0.0,0.0,1e-07,PASS,archived CSV versus independent_reference,
F,0.0025,-0.58,7.853981633974483,emitter_angular_momentum,3.678005234760266,3.678005234760266,0.0,0.0,1e-07,PASS,archived CSV versus independent_reference,
F,0.0025,-0.58,7.853981633974483,alpha_launch,-2.037691058735797,-2.0376910587133974,2.2399415655627308e-11,1.099254745197936e-11,1e-07,PASS,archived CSV versus independent_reference,raw launch angles have equivalent periodic parameterizations
F,0.0025,-0.58,7.853981633974483,beta_launch,-1.8044527149023155,-1.804452714901441,8.744116541947733e-13,4.845855183531977e-13,1e-07,PASS,archived CSV versus independent_reference,raw launch angles have equivalent periodic parameterizations
F,0.0025,-0.58,7.853981633974483,x_hit,3.438799245358837e-11,-4.1466091671438216e-10,4.4904890916797053e-10,1.0829303922010927,1e-07,PASS,archived CSV versus independent_reference,
F,0.0025,-0.58,7.853981633974483,y_hit,-1.6532974989047489e-10,-1.7436824206740198e-10,9.038492176927093e-12,0.051835655792373404,1e-07,PASS,archived CSV versus independent_reference,
F,0.0025,-0.58,7.853981633974483,z_hit,-79.99999999999999,-79.99999999999999,0.0,0.0,1e-07,PASS,archived CSV versus independent_reference,
F,0.0025,-0.58,7.853981633974483,hit_error,1.6886817409990264e-10,4.4983103460309175e-10,2.809628605031891e-10,0.6245964348615844,1e-07,PASS,archived CSV versus independent_reference,
F,0.0025,-0.58,7.853981633974483,impact_parameter,9.450836261067465,9.450836261045028,2.2437163238464564e-11,2.3740928970374842e-12,1e-07,PASS,archived CSV versus independent_reference,
F,0.0025,-0.58,7.853981633974483,impact_parameter_drift,2.0463630789890885e-12,2.0516921495072893e-12,5.329070518200751e-15,0.0025974025974025974,1e-07,PASS,archived CSV versus independent_reference,
F,0.0025,-0.58,7.853981633974483,alpha_sky,-0.05107875288961974,-0.0510787528893394,2.8033825261175593e-13,5.488353508112499e-12,1e-07,PASS,archived CSV versus independent_reference,
F,0.0025,-0.58,7.853981633974483,beta_sky,-0.10133355884746323,-0.1013335588472989,1.6432688543233098e-13,1.6216432867979226e-12,1e-07,PASS,archived CSV versus independent_reference,
F,0.0025,-0.58,7.853981633974483,propagation_time,92.23722875169321,92.23722875171634,2.3135271476348862e-11,2.5082357513823683e-13,1e-07,PASS,archived CSV versus independent_reference,
F,0.0025,-0.58,7.853981633974483,euclidean_distance,82.80621929686964,82.80621929686087,8.768097359279636e-12,1.0588694223371095e-13,1e-07,PASS,archived CSV versus independent_reference,
F,0.0025,-0.58,7.853981633974483,excess_time_delay,9.431009454823567,9.43100945485547,3.19033688356285e-11,3.3828159104647423e-12,1e-07,PASS,archived CSV versus independent_reference,
F,0.0025,-0.58,7.853981633974483,one_plus_z,0.8787285673907212,0.8787285673926405,1.919242542669508e-12,2.184113062767808e-12,1e-07,PASS,archived CSV versus independent_reference,
F,0.0025,-0.58,7.853981633974483,redshift,-0.12127143260927875,-0.1212714326073595,1.919256420457316e-12,1.5826121446432632e-11,1e-07,PASS,archived CSV versus independent_reference,
F,0.0025,-0.58,7.853981633974483,null_constraint_error,2.58418286769313e-12,2.583343261530757e-12,8.396061623731785e-16,0.0003249019923743575,1e-07,PASS,archived CSV versus independent_reference,
F,0.0025,-0.58,7.853981633974483,launch_direction_difference,0.0,5.2594766553337694e-12,5.2594766553337694e-12,5.2594766553337694e-12,1e-07,PASS,angle-to-unit-vector comparison,invariant to equivalent angle branches
G,0.001,-0.7125,3.141592653589793,r_emit,12.0,12.0,0.0,0.0,1e-07,PASS,archived CSV versus independent_reference,
G,0.001,-0.7125,3.141592653589793,p_r_emit,0.0,0.0,0.0,0.0,1e-07,PASS,archived CSV versus independent_reference,
G,0.001,-0.7125,3.141592653589793,t_emit,0.0,0.0,0.0,0.0,1e-07,PASS,archived CSV versus independent_reference,
G,0.001,-0.7125,3.141592653589793,tau_emit,0.0,0.0,0.0,0.0,1e-07,PASS,archived CSV versus independent_reference,
G,0.001,-0.7125,3.141592653589793,emitter_energy,0.9437954375402442,0.9437954375402442,0.0,0.0,1e-07,PASS,archived CSV versus independent_reference,
G,0.001,-0.7125,3.141592653589793,emitter_angular_momentum,3.620129015835301,3.620129015835301,0.0,0.0,1e-07,PASS,archived CSV versus independent_reference,
G,0.001,-0.7125,3.141592653589793,alpha_launch,2.9391902888028882,2.939190288802857,3.108624468950438e-14,1.0576465500695974e-14,1e-07,PASS,archived CSV versus independent_reference,raw launch angles have equivalent periodic parameterizations
G,0.001,-0.7125,3.141592653589793,beta_launch,-1.5923495913160628,-1.592349591316062,8.881784197001252e-16,5.577785333973388e-16,1e-07,PASS,archived CSV versus independent_reference,raw launch angles have equivalent periodic parameterizations
G,0.001,-0.7125,3.141592653589793,x_hit,-1.0013767592909062e-11,-1.0111134152168688e-11,9.736655925962623e-14,0.009629637763113107,1e-07,PASS,archived CSV versus independent_reference,
G,0.001,-0.7125,3.141592653589793,y_hit,2.088350326001631e-12,2.0516643939316737e-12,3.6685932069957516e-14,0.017566943444875284,1e-07,PASS,archived CSV versus independent_reference,
G,0.001,-0.7125,3.141592653589793,z_hit,-80.0,-80.0,0.0,0.0,1e-07,PASS,archived CSV versus independent_reference,
G,0.001,-0.7125,3.141592653589793,hit_error,1.0229210550619577e-11,1.0317187631737587e-11,8.797708111800969e-14,0.008527234771554976,1e-07,PASS,archived CSV versus independent_reference,
G,0.001,-0.7125,3.141592653589793,impact_parameter,10.431299095902366,10.431299095902371,5.329070518200751e-15,5.108731395013033e-16,1e-07,PASS,archived CSV versus independent_reference,
G,0.001,-0.7125,3.141592653589793,impact_parameter_drift,1.2327916465437738e-12,1.2327916465437738e-12,0.0,0.0,1e-07,PASS,archived CSV versus independent_reference,
G,0.001,-0.7125,3.141592653589793,alpha_sky,-0.11711539946098697,-0.1171153994609871,1.3877787807814457e-16,1.1849669532517246e-15,1e-07,PASS,archived CSV versus independent_reference,
G,0.001,-0.7125,3.141592653589793,beta_sky,0.02403352518784431,0.0240335251878442,1.1102230246251565e-16,4.6194764020164876e-15,1e-07,PASS,archived CSV versus independent_reference,
G,0.001,-0.7125,3.141592653589793,propagation_time,83.60143412622483,83.60143412622487,4.263256414560601e-14,5.099501532621751e-16,1e-07,PASS,archived CSV versus independent_reference,
G,0.001,-0.7125,3.141592653589793,euclidean_distance,72.89414068670325,72.89414068670325,0.0,0.0,1e-07,PASS,archived CSV versus independent_reference,
G,0.001,-0.7125,3.141592653589793,excess_time_delay,10.707293439521578,10.70729343952162,4.263256414560601e-14,3.981637786094965e-15,1e-07,PASS,archived CSV versus independent_reference,
G,0.001,-0.7125,3.141592653589793,one_plus_z,0.9594854452655255,0.9594854452655251,3.3306690738754696e-16,3.4713075537625785e-16,1e-07,PASS,archived CSV versus independent_reference,
G,0.001,-0.7125,3.141592653589793,redshift,-0.04051455473447452,-0.0405145547344747,1.8041124150158794e-16,4.452998254182272e-15,1e-07,PASS,archived CSV versus independent_reference,
G,0.001,-0.7125,3.141592653589793,null_constraint_error,1.2906203883389367e-12,1.2900513990388165e-12,5.689893001201908e-16,0.00044086495553699985,1e-07,PASS,archived CSV versus independent_reference,
G,0.001,-0.7125,3.141592653589793,launch_direction_difference,0.0,1.116278382096028e-15,1.116278382096028e-15,1.116278382096028e-15,1e-07,PASS,angle-to-unit-vector comparison,invariant to equivalent angle branches
G,0.001,-0.7125,4.71238898038469,r_emit,11.126483984260759,11.126483984288203,2.744471316873387e-11,2.4666114836896153e-12,1e-07,PASS,archived CSV versus independent_reference,
G,0.001,-0.7125,4.71238898038469,p_r_emit,-0.03528785116009833,-0.0352878511604104,3.120698144343237e-13,8.843548251655408e-12,1e-07,PASS,archived CSV versus independent_reference,
G,0.001,-0.7125,4.71238898038469,t_emit,68.93962410065093,68.93962410060139,4.9539039537194185e-11,7.185858667414236e-13,1e-07,PASS,archived CSV versus independent_reference,
G,0.001,-0.7125,4.71238898038469,tau_emit,59.35751706793636,59.357517067886434,4.992273261450464e-11,8.410515648315724e-13,1e-07,PASS,archived CSV versus independent_reference,
G,0.001,-0.7125,4.71238898038469,emitter_energy,0.9437954375402442,0.9437954375402442,0.0,0.0,1e-07,PASS,archived CSV versus independent_reference,
G,0.001,-0.7125,4.71238898038469,emitter_angular_momentum,3.620129015835301,3.620129015835301,0.0,0.0,1e-07,PASS,archived CSV versus independent_reference,
G,0.001,-0.7125,4.71238898038469,alpha_launch,1.1039015958918912,1.103901594738616,1.1532752530740709e-09,1.0447265022225904e-09,1e-07,PASS,archived CSV versus independent_reference,raw launch angles have equivalent periodic parameterizations
G,0.001,-0.7125,4.71238898038469,beta_launch,-1.621475158471634,-1.621475158552615,8.098099968378847e-11,4.994279391617379e-11,1e-07,PASS,archived CSV versus independent_reference,raw launch angles have equivalent periodic parameterizations
G,0.001,-0.7125,4.71238898038469,x_hit,6.9452832096583705e-09,-3.4544077320841637e-10,7.290723982866787e-09,1.049737463942152,1e-07,PASS,archived CSV versus independent_reference,
G,0.001,-0.7125,4.71238898038469,y_hit,4.3252725290265914e-09,4.2596698390795495e-10,3.8993055451186365e-09,0.9015167296281745,1e-07,PASS,archived CSV versus independent_reference,
G,0.001,-0.7125,4.71238898038469,z_hit,-80.0,-80.0,0.0,0.0,1e-07,PASS,archived CSV versus independent_reference,
G,0.001,-0.7125,4.71238898038469,hit_error,8.181988836017474e-09,5.484315811242716e-10,7.633557254893203e-09,0.9329708714939757,1e-07,PASS,archived CSV versus independent_reference,
G,0.001,-0.7125,4.71238898038469,impact_parameter,11.772323639467224,11.77232363920256,2.646647345727615e-10,2.2481945168875715e-11,1e-07,PASS,archived CSV versus independent_reference,
G,0.001,-0.7125,4.71238898038469,impact_parameter_drift,6.643574579356937e-13,6.679101716144943e-13,3.552713678800602e-15,0.0053191489361703636,1e-07,PASS,archived CSV versus independent_reference,
G,0.001,-0.7125,4.71238898038469,alpha_sky,0.06085132470239616,0.060851324698756,3.64015761977754e-12,5.982051561868793e-11,1e-07,PASS,archived CSV versus independent_reference,
G,0.001,-0.7125,4.71238898038469,beta_sky,0.12072106195999664,0.1207210619583656,1.6310425232646253e-12,1.3510836442153766e-11,1e-07,PASS,archived CSV versus independent_reference,
G,0.001,-0.7125,4.71238898038469,propagation_time,88.52103536926984,88.52103536826382,1.0060148269985802e-09,1.1364697925209981e-11,1e-07,PASS,archived CSV versus independent_reference,
G,0.001,-0.7125,4.71238898038469,euclidean_distance,77.40671279668467,77.40671279668014,4.533262654149439e-12,5.856420574345329e-14,1e-07,PASS,archived CSV versus independent_reference,
G,0.001,-0.7125,4.71238898038469,excess_time_delay,11.114322572585166,11.114322571583685,1.0014815643444308e-09,9.010729694085966e-11,1e-07,PASS,archived CSV versus independent_reference,
G,0.001,-0.7125,4.71238898038469,one_plus_z,1.2882998707594826,1.288299870741077,1.840549934684077e-11,1.4286657760813328e-11,1e-07,PASS,archived CSV versus independent_reference,
G,0.001,-0.7125,4.71238898038469,redshift,0.2882998707594826,0.2882998707410773,1.8405277302235845e-11,6.38407407320368e-11,1e-07,PASS,archived CSV versus independent_reference,
G,0.001,-0.7125,4.71238898038469,null_constraint_error,1.0194067812108187e-12,1.019163919924182e-12,2.42861286636753e-16,0.00023823785667610544,1e-07,PASS,archived CSV versus independent_reference,
G,0.001,-0.7125,4.71238898038469,launch_direction_difference,0.0,9.985493814504575e-11,9.985493814504575e-11,9.985493814504575e-11,1e-07,PASS,angle-to-unit-vector comparison,invariant to equivalent angle branches
G,0.001,-0.7125,6.283185307179586,r_emit,9.504000246793083,9.504000246784445,8.638423310003418e-12,9.089249879721189e-13,1e-07,PASS,archived CSV versus independent_reference,
G,0.001,-0.7125,6.283185307179586,p_r_emit,-0.04924841116068099,-0.0492484111607512,7.021466741363724e-14,1.4257245210297305e-12,1e-07,PASS,archived CSV versus independent_reference,
G,0.001,-0.7125,6.283185307179586,t_emit,124.02580273913105,124.02580273915032,1.9269918993813917e-11,1.553702420644049e-13,1e-07,PASS,archived CSV versus independent_reference,
G,0.001,-0.7125,6.283185307179586,tau_emit,105.58855697410887,105.58855697412685,1.7976731214730535e-11,1.7025264602427995e-13,1e-07,PASS,archived CSV versus independent_reference,
G,0.001,-0.7125,6.283185307179586,emitter_energy,0.9437954375402442,0.9437954375402442,0.0,0.0,1e-07,PASS,archived CSV versus independent_reference,
G,0.001,-0.7125,6.283185307179586,emitter_angular_momentum,3.620129015835301,3.620129015835301,0.0,0.0,1e-07,PASS,archived CSV versus independent_reference,
G,0.001,-0.7125,6.283185307179586,alpha_launch,-0.20240236478661444,-0.2024023647869229,3.084477118164841e-13,1.5239333401128956e-12,1e-07,PASS,archived CSV versus independent_reference,raw launch angles have equivalent periodic parameterizations
G,0.001,-0.7125,6.283185307179586,beta_launch,-1.8335035998504634,-1.833503599851778,1.3145040611561853e-12,7.169356314666909e-13,1e-07,PASS,archived CSV versus independent_reference,raw launch angles have equivalent periodic parameterizations
G,0.001,-0.7125,6.283185307179586,x_hit,1.0610340384076267e-10,3.1413760481768804e-13,1.0578926623594498e-10,0.9970393258515142,1e-07,PASS,archived CSV versus independent_reference,
G,0.001,-0.7125,6.283185307179586,y_hit,-2.7311319872325157e-11,-6.81607548180807e-14,2.7243159117507076e-11,0.9975043038880318,1e-07,PASS,archived CSV versus independent_reference,
G,0.001,-0.7125,6.283185307179586,z_hit,-80.0,-80.0,0.0,0.0,1e-07,PASS,archived CSV versus independent_reference,
G,0.001,-0.7125,6.283185307179586,hit_error,1.0956203950166514e-10,3.21447232462755e-13,1.0924059226920238e-10,0.9970660711143674,1e-07,PASS,archived CSV versus independent_reference,
G,0.001,-0.7125,6.283185307179586,impact_parameter,9.988055656475558,9.98805565647269,2.8670399387920042e-12,2.870468525005881e-13,1e-07,PASS,archived CSV versus independent_reference,
G,0.001,-0.7125,6.283185307179586,impact_parameter_drift,7.858602657506708e-12,7.890577080615913e-12,3.197442310920451e-14,0.00405222872579919,1e-07,PASS,archived CSV versus independent_reference,
G,0.001,-0.7125,6.283185307179586,alpha_sky,0.1120723668588164,0.1120723668587816,3.480549182199866e-14,3.105626551623114e-13,1e-07,PASS,archived CSV versus independent_reference,
G,0.001,-0.7125,6.283185307179586,beta_sky,-0.022998632666228983,-0.0229986326662284,5.828670879282072e-16,2.5343553957626567e-14,1e-07,PASS,archived CSV versus independent_reference,
G,0.001,-0.7125,6.283185307179586,propagation_time,99.72402578269808,99.72402578267938,1.8701484805205837e-11,1.8753238909505103e-13,1e-07,PASS,archived CSV versus independent_reference,
G,0.001,-0.7125,6.283185307179586,euclidean_distance,86.39929336982904,86.39929336982296,6.0822458181064576e-12,7.039693938319177e-14,1e-07,PASS,archived CSV versus independent_reference,
G,0.001,-0.7125,6.283185307179586,excess_time_delay,13.32473241286904,13.32473241285642,1.261923898709938e-11,9.47053839138391e-13,1e-07,PASS,archived CSV versus independent_reference,
G,0.001,-0.7125,6.283185307179586,one_plus_z,1.2313707549070914,1.2313707549075603,4.689582056016661e-13,3.8084240975568004e-13,1e-07,PASS,archived CSV versus independent_reference,
G,0.001,-0.7125,6.283185307179586,redshift,0.23137075490709136,0.2313707549075603,4.689304500260505e-13,2.0267490168037988e-12,1e-07,PASS,archived CSV versus independent_reference,
G,0.001,-0.7125,6.283185307179586,null_constraint_error,3.754524469101739e-12,3.767930412124088e-12,1.3405943022349573e-14,0.003557906212708495,1e-07,PASS,archived CSV versus independent_reference,
G,0.001,-0.7125,6.283185307179586,launch_direction_difference,0.0,1.316933862690116e-12,1.316933862690116e-12,1.316933862690116e-12,1e-07,PASS,angle-to-unit-vector comparison,invariant to equivalent angle branches
G,0.001,-0.7125,7.853981633974483,r_emit,8.358862078070954,8.358862078072661,1.7070789226636407e-12,2.0422384132186199e-13,1e-07,PASS,archived CSV versus independent_reference,
G,0.001,-0.7125,7.853981633974483,p_r_emit,-0.033263290300592975,-0.0332632903003773,2.1567470032124447e-13,6.483865497737597e-12,1e-07,PASS,archived CSV versus independent_reference,
G,0.001,-0.7125,7.853981633974483,t_emit,166.31586412074765,166.315864120643,1.0464873412274756e-10,6.29216789847366e-13,1e-07,PASS,archived CSV versus independent_reference,
G,0.001,-0.7125,7.853981633974483,tau_emit,139.76435676709505,139.76435676699623,9.882228368951473e-11,7.070635602336963e-13,1e-07,PASS,archived CSV versus independent_reference,
G,0.001,-0.7125,7.853981633974483,emitter_energy,0.9437954375402442,0.9437954375402442,0.0,0.0,1e-07,PASS,archived CSV versus independent_reference,
G,0.001,-0.7125,7.853981633974483,emitter_angular_momentum,3.620129015835301,3.620129015835301,0.0,0.0,1e-07,PASS,archived CSV versus independent_reference,
G,0.001,-0.7125,7.853981633974483,alpha_launch,-2.037691058731834,-2.037691058714511,1.7323031897831243e-11,8.50130436780358e-12,1e-07,PASS,archived CSV versus independent_reference,raw launch angles have equivalent periodic parameterizations
G,0.001,-0.7125,7.853981633974483,beta_launch,-1.7905916594180158,-1.7905916594152125,2.8033131371785203e-12,1.5655792443988388e-12,1e-07,PASS,archived CSV versus independent_reference,raw launch angles have equivalent periodic parameterizations
G,0.001,-0.7125,7.853981633974483,x_hit,1.5705603484406083e-11,-3.6194383601362285e-10,3.7764943949802893e-10,1.043392377274288,1e-07,PASS,archived CSV versus independent_reference,
G,0.001,-0.7125,7.853981633974483,y_hit,-4.1935843686502494e-11,-1.4828194228044822e-10,1.0634609859394573e-10,0.7171884651524965,1e-07,PASS,archived CSV versus independent_reference,
G,0.001,-0.7125,7.853981633974483,z_hit,-79.99999999999999,-80.0,1.4210854715202004e-14,1.7763568394002506e-16,1e-07,PASS,archived CSV versus independent_reference,
G,0.001,-0.7125,7.853981633974483,hit_error,4.478036362635033e-11,3.9114047966775125e-10,3.4636011604140093e-10,0.8855133489011714,1e-07,PASS,archived CSV versus independent_reference,
G,0.001,-0.7125,7.853981633974483,impact_parameter,9.629589053933298,9.629589053933264,3.375077994860476e-14,3.5049034553368535e-15,1e-07,PASS,archived CSV versus independent_reference,
G,0.001,-0.7125,7.853981633974483,impact_parameter_drift,1.7177370637000422e-12,1.7195134205394424e-12,1.7763568394002505e-15,0.0010330578512396695,1e-07,PASS,archived CSV versus independent_reference,
G,0.001,-0.7125,7.853981633974483,alpha_sky,-0.04962566236524675,-0.049625662365135,1.1175088632242591e-13,2.2518769724408948e-12,1e-07,PASS,archived CSV versus independent_reference,
G,0.001,-0.7125,7.853981633974483,beta_sky,-0.0984508174759794,-0.0984508174760352,5.5788706987414116e-14,5.66665756746958e-13,1e-07,PASS,archived CSV versus independent_reference,
G,0.001,-0.7125,7.853981633974483,propagation_time,95.50040333425959,95.50040333429163,3.204547738278052e-11,3.355533198180101e-13,1e-07,PASS,archived CSV versus independent_reference,
G,0.001,-0.7125,7.853981633974483,euclidean_distance,82.88268528345436,82.88268528345502,6.536993168992922e-13,7.887043170279417e-15,1e-07,PASS,archived CSV versus independent_reference,
G,0.001,-0.7125,7.853981633974483,excess_time_delay,12.617718050805223,12.61771805083663,3.140598892059643e-11,2.4890387306216613e-12,1e-07,PASS,archived CSV versus independent_reference,
G,0.001,-0.7125,7.853981633974483,one_plus_z,0.8391377470799792,0.8391377470812504,1.2712053631958042e-12,1.514894744775101e-12,1e-07,PASS,archived CSV versus independent_reference,
G,0.001,-0.7125,7.853981633974483,redshift,-0.16086225292002077,-0.1608622529187495,1.2712608743470355e-12,7.902791682142452e-12,1e-07,PASS,archived CSV versus independent_reference,
G,0.001,-0.7125,7.853981633974483,null_constraint_error,2.321115522008199e-12,2.3209489885545054e-12,1.6653345369377348e-16,7.174716299759647e-05,1e-07,PASS,archived CSV versus independent_reference,
G,0.001,-0.7125,7.853981633974483,launch_direction_difference,0.0,4.703613724341704e-12,4.703613724341704e-12,4.703613724341704e-12,1e-07,PASS,angle-to-unit-vector comparison,invariant to equivalent angle branches
H,0.001,-0.45,3.141592653589793,r_emit,12.0,12.0,0.0,0.0,1e-07,PASS,archived CSV versus independent_reference,
H,0.001,-0.45,3.141592653589793,p_r_emit,0.0,0.0,0.0,0.0,1e-07,PASS,archived CSV versus independent_reference,
H,0.001,-0.45,3.141592653589793,t_emit,0.0,0.0,0.0,0.0,1e-07,PASS,archived CSV versus independent_reference,
H,0.001,-0.45,3.141592653589793,tau_emit,0.0,0.0,0.0,0.0,1e-07,PASS,archived CSV versus independent_reference,
H,0.001,-0.45,3.141592653589793,emitter_energy,0.9549468124654938,0.9549468124654938,0.0,0.0,1e-07,PASS,archived CSV versus independent_reference,
H,0.001,-0.45,3.141592653589793,emitter_angular_momentum,3.746050002507491,3.746050002507491,0.0,0.0,1e-07,PASS,archived CSV versus independent_reference,
H,0.001,-0.45,3.141592653589793,alpha_launch,2.939190288802865,2.939190288802854,1.1102230246251565e-14,3.777309107391449e-15,1e-07,PASS,archived CSV versus independent_reference,raw launch angles have equivalent periodic parameterizations
H,0.001,-0.45,3.141592653589793,beta_launch,-1.5817265844606565,-1.58172658446059,6.661338147750939e-14,4.2114346519770665e-14,1e-07,PASS,archived CSV versus independent_reference,raw launch angles have equivalent periodic parameterizations
H,0.001,-0.45,3.141592653589793,x_hit,-9.992007221626409e-13,-6.296241306102957e-12,5.2970405839403164e-12,0.8413020286890666,1e-07,PASS,archived CSV versus independent_reference,
H,0.001,-0.45,3.141592653589793,y_hit,1.9998586120451023e-13,1.2777764957228044e-12,1.0777906345182942e-12,0.8434891689791308,1e-07,PASS,archived CSV versus independent_reference,
H,0.001,-0.45,3.141592653589793,z_hit,-80.0,-80.0,0.0,0.0,1e-07,PASS,archived CSV versus independent_reference,
H,0.001,-0.45,3.141592653589793,hit_error,1.0190173834886492e-12,6.424590831928421e-12,5.405573448439771e-12,0.8413879716005542,1e-07,PASS,archived CSV versus independent_reference,
H,0.001,-0.45,3.141592653589793,impact_parameter,10.389810413645575,10.389810413646106,5.311306949806749e-13,5.1120345206980985e-14,1e-07,PASS,archived CSV versus independent_reference,
H,0.001,-0.45,3.141592653589793,impact_parameter_drift,1.3731238368563936e-12,1.374900193695794e-12,1.7763568394004524e-15,0.001291989664082834,1e-07,PASS,archived CSV versus independent_reference,
H,0.001,-0.45,3.141592653589793,alpha_sky,-0.12636050883624597,-0.1263605088362524,6.439293542825908e-15,5.095969937229705e-14,1e-07,PASS,archived CSV versus independent_reference,
H,0.001,-0.45,3.141592653589793,beta_sky,0.025930735717435434,0.0259307357174367,1.2663481374630692e-15,4.883579668784847e-14,1e-07,PASS,archived CSV versus independent_reference,
H,0.001,-0.45,3.141592653589793,propagation_time,77.34999926756151,77.34999926756204,5.258016244624741e-13,6.797693981142382e-15,1e-07,PASS,archived CSV versus independent_reference,
H,0.001,-0.45,3.141592653589793,euclidean_distance,72.89414068670325,72.89414068670325,0.0,0.0,1e-07,PASS,archived CSV versus independent_reference,
H,0.001,-0.45,3.141592653589793,excess_time_delay,4.455858580858262,4.455858580858788,5.258016244624741e-13,1.1800231423887228e-13,1e-07,PASS,archived CSV versus independent_reference,
H,0.001,-0.45,3.141592653589793,one_plus_z,1.0284246201730523,1.0284246201730467,5.551115123125783e-15,5.397687894900552e-15,1e-07,PASS,archived CSV versus independent_reference,
H,0.001,-0.45,3.141592653589793,redshift,0.02842462017305225,0.0284246201730467,5.551115123125783e-15,1.952924995771263e-13,1e-07,PASS,archived CSV versus independent_reference,
H,0.001,-0.45,3.141592653589793,null_constraint_error,1.1755839357530107e-12,1.176839875549618e-12,1.2559397966074103e-15,0.001067213834865045,1e-07,PASS,archived CSV versus independent_reference,
H,0.001,-0.45,3.141592653589793,launch_direction_difference,0.0,6.661413619229552e-14,6.661413619229552e-14,6.661413619229552e-14,1e-07,PASS,angle-to-unit-vector comparison,invariant to equivalent angle branches
H,0.001,-0.45,4.71238898038469,r_emit,10.764432472070238,10.764432472053027,1.7211121416949027e-11,1.5988879545304025e-12,1e-07,PASS,archived CSV versus independent_reference,
H,0.001,-0.45,4.71238898038469,p_r_emit,-0.050651398323284566,-0.0506513983231423,1.422681417118099e-13,2.808770269357182e-12,1e-07,PASS,archived CSV versus independent_reference,
H,0.001,-0.45,4.71238898038469,t_emit,64.87861580424972,64.87861580420048,4.924061158817494e-11,7.589651995157017e-13,1e-07,PASS,archived CSV versus independent_reference,
H,0.001,-0.45,4.71238898038469,tau_emit,56.02810839343915,56.028108393392365,4.6782133722444996e-11,8.349761407958429e-13,1e-07,PASS,archived CSV versus independent_reference,
H,0.001,-0.45,4.71238898038469,emitter_energy,0.9549468124654938,0.9549468124654938,0.0,0.0,1e-07,PASS,archived CSV versus independent_reference,
H,0.001,-0.45,4.71238898038469,emitter_angular_momentum,3.746050002507491,3.746050002507491,0.0,0.0,1e-07,PASS,archived CSV versus independent_reference,
H,0.001,-0.45,4.71238898038469,alpha_launch,-2.0376910587301436,1.1039015945622577,3.1415926532924012,1.5417413939334805,1e-07,WARNING,archived CSV versus independent_reference,raw launch angles have equivalent periodic parameterizations
H,0.001,-0.45,4.71238898038469,beta_launch,-1.5180530077281793,-1.6235396458574376,0.10548663812925829,0.0649732443543427,1e-07,WARNING,archived CSV versus independent_reference,raw launch angles have equivalent periodic parameterizations
H,0.001,-0.45,4.71238898038469,x_hit,-3.0031532816110484e-13,-9.631297703815987e-10,9.628294550534375e-10,0.9996881880953155,1e-07,PASS,archived CSV versus independent_reference,
H,0.001,-0.45,4.71238898038469,y_hit,2.0528578836831457e-12,9.29233134883134e-10,9.271802769994508e-10,0.9977908042593193,1e-07,PASS,archived CSV versus independent_reference,
H,0.001,-0.45,4.71238898038469,z_hit,-80.0,-80.0,0.0,0.0,1e-07,PASS,archived CSV versus independent_reference,
H,0.001,-0.45,4.71238898038469,hit_error,2.0747083618977766e-12,1.338317291810895e-09,1.3362425834489972e-09,0.9984497634644693,1e-07,PASS,archived CSV versus independent_reference,
H,0.001,-0.45,4.71238898038469,impact_parameter,11.326771989712965,11.326771989711748,1.2168044349891716e-12,1.0742729138489588e-13,1e-07,PASS,archived CSV versus independent_reference,
H,0.001,-0.45,4.71238898038469,impact_parameter_drift,1.2754242106893798e-12,1.2878587085651816e-12,1.2434497875801753e-14,0.009655172413793104,1e-07,PASS,archived CSV versus independent_reference,
H,0.001,-0.45,4.71238898038469,alpha_sky,0.06339766647852398,0.0633976664778888,6.351724701758599e-13,1.0018861978003958e-11,1e-07,PASS,archived CSV versus independent_reference,
H,0.001,-0.45,4.71238898038469,beta_sky,0.12577267069896608,0.1257726706992701,3.040068197179835e-13,2.4171134955453226e-12,1e-07,PASS,archived CSV versus independent_reference,
H,0.001,-0.45,4.71238898038469,propagation_time,82.37195673080646,82.3719567308696,6.31388274996425e-11,7.665087731973311e-13,1e-07,PASS,archived CSV versus independent_reference,
H,0.001,-0.45,4.71238898038469,euclidean_distance,77.46731313607634,77.46731313607927,2.9274360713316128e-12,3.778930690663392e-14,1e-07,PASS,archived CSV versus independent_reference,
H,0.001,-0.45,4.71238898038469,excess_time_delay,4.904643594730118,4.904643594790329,6.021139142831089e-11,1.2276405056682798e-11,1e-07,PASS,archived CSV versus independent_reference,
H,0.001,-0.45,4.71238898038469,one_plus_z,1.4167169699309343,1.4167169699274045,3.5298430844932227e-12,2.4915654710236898e-12,1e-07,PASS,archived CSV versus independent_reference,
H,0.001,-0.45,4.71238898038469,redshift,0.4167169699309343,0.4167169699274042,3.530120640249379e-12,8.471266818902174e-12,1e-07,PASS,archived CSV versus independent_reference,
H,0.001,-0.45,4.71238898038469,null_constraint_error,1.2406395355490929e-12,1.2480710909201777e-12,7.431555371084844e-15,0.00595443274437653,1e-07,PASS,archived CSV versus independent_reference,
H,0.001,-0.45,4.71238898038469,launch_direction_difference,0.0,1.6224879101065485e-11,1.6224879101065485e-11,1.6224879101065485e-11,1e-07,PASS,angle-to-unit-vector comparison,invariant to equivalent angle branches
H,0.001,-0.45,6.283185307179586,r_emit,8.923603178158977,8.92360317816229,3.312905505481467e-12,3.7125199757747637e-13,1e-07,PASS,archived CSV versus independent_reference,
H,0.001,-0.45,6.283185307179586,p_r_emit,-0.05559226336821698,-0.0555922633690498,8.328199241347534e-13,1.498086017124487e-11,1e-07,PASS,archived CSV versus independent_reference,
H,0.001,-0.45,6.283185307179586,t_emit,113.39176039449373,113.39176039461547,1.2174439234513557e-10,1.0736617186420956e-12,1e-07,PASS,archived CSV versus independent_reference,
H,0.001,-0.45,6.283185307179586,tau_emit,96.36530049007777,96.3653004901865,1.0872724942601053e-10,1.1282821604139855e-12,1e-07,PASS,archived CSV versus independent_reference,
H,0.001,-0.45,6.283185307179586,emitter_energy,0.9549468124654938,0.9549468124654938,0.0,0.0,1e-07,PASS,archived CSV versus independent_reference,
H,0.001,-0.45,6.283185307179586,emitter_angular_momentum,3.746050002507491,3.746050002507491,0.0,0.0,1e-07,PASS,archived CSV versus independent_reference,
H,0.001,-0.45,6.283185307179586,alpha_launch,-3.343995018376716,-0.2024023647869229,3.141592653589793,0.9394728868689596,1e-07,WARNING,archived CSV versus independent_reference,raw launch angles have equivalent periodic parameterizations
H,0.001,-0.45,6.283185307179586,beta_launch,-1.281663665567523,-1.859928988022096,0.5782653224545728,0.3109072046183427,1e-07,WARNING,archived CSV versus independent_reference,raw launch angles have equivalent periodic parameterizations
H,0.001,-0.45,6.283185307179586,x_hit,5.279110482092619e-13,-6.107336858462986e-13,1.1386447340555605e-12,1.8643882930376294,1e-07,PASS,archived CSV versus independent_reference,
H,0.001,-0.45,6.283185307179586,y_hit,-1.1105005803813128e-13,1.2054246489867637e-13,2.3159252293680765e-13,1.9212525903753166,1e-07,PASS,archived CSV versus independent_reference,
H,0.001,-0.45,6.283185307179586,z_hit,-80.0,-79.99999999999999,1.4210854715202004e-14,1.7763568394002506e-16,1e-07,PASS,archived CSV versus independent_reference,
H,0.001,-0.45,6.283185307179586,hit_error,5.394647256416994e-13,6.225159603345556e-13,8.305123469285621e-14,0.1334122174927409,1e-07,PASS,archived CSV versus independent_reference,
H,0.001,-0.45,6.283185307179586,impact_parameter,9.487571276783694,9.487571276786072,2.3785418079569354e-12,2.5070081041464067e-13,1e-07,PASS,archived CSV versus independent_reference,
H,0.001,-0.45,6.283185307179586,impact_parameter_drift,8.844480703373847e-12,8.801848139228241e-12,4.263256414560601e-14,0.004820245029122314,1e-07,PASS,archived CSV versus independent_reference,
H,0.001,-0.45,6.283185307179586,alpha_sky,0.11522834879152523,0.1152283487915561,3.0878077872387166e-14,2.6797292676860695e-13,1e-07,PASS,archived CSV versus independent_reference,
H,0.001,-0.45,6.283185307179586,beta_sky,-0.02364627910403308,-0.0236462791040394,6.321332346459485e-15,2.6732883929208283e-13,1e-07,PASS,archived CSV versus independent_reference,
H,0.001,-0.45,6.283185307179586,propagation_time,93.06985789200355,93.06985789200608,2.5295321393059567e-12,2.7178854643155335e-14,1e-07,PASS,archived CSV versus independent_reference,
H,0.001,-0.45,6.283185307179586,euclidean_distance,85.99203673193402,85.99203673193634,2.3163693185779266e-12,2.693702122440434e-14,1e-07,PASS,archived CSV versus independent_reference,
H,0.001,-0.45,6.283185307179586,excess_time_delay,7.077821160069533,7.077821160069746,2.1316282072803006e-13,3.011701142303651e-14,1e-07,PASS,archived CSV versus independent_reference,
H,0.001,-0.45,6.283185307179586,one_plus_z,1.3675552603538081,1.3675552603532943,5.138112157965224e-13,3.7571513977694137e-13,1e-07,PASS,archived CSV versus independent_reference,
H,0.001,-0.45,6.283185307179586,redshift,0.36755526035380814,0.3675552603532943,5.138667269477537e-13,1.398066583112173e-12,1e-07,PASS,archived CSV versus independent_reference,
H,0.001,-0.45,6.283185307179586,null_constraint_error,4.666784320095374e-12,4.6493295324800946e-12,1.745478761527944e-14,0.003740217335546958,1e-07,PASS,archived CSV versus independent_reference,
H,0.001,-0.45,6.283185307179586,launch_direction_difference,0.0,1.7425241276498314e-13,1.7425241276498314e-13,1.7425241276498314e-13,1e-07,PASS,angle-to-unit-vector comparison,invariant to equivalent angle branches
H,0.001,-0.45,7.853981633974483,r_emit,8.047026707046497,8.04702670704195,4.547473508864641e-12,5.651122674767041e-13,1e-07,PASS,archived CSV versus independent_reference,
H,0.001,-0.45,7.853981633974483,p_r_emit,-0.01571690452934909,-0.0157169045291088,2.4029042644535537e-13,1.5288661071691762e-11,1e-07,PASS,archived CSV versus independent_reference,
H,0.001,-0.45,7.853981633974483,t_emit,150.54453888014936,150.54453888007492,7.44364569982281e-11,4.944480719920901e-13,1e-07,PASS,archived CSV versus independent_reference,
H,0.001,-0.45,7.853981633974483,tau_emit,125.92265176726535,125.92265176719384,7.150902092689648e-11,5.678805196944387e-13,1e-07,PASS,archived CSV versus independent_reference,
H,0.001,-0.45,7.853981633974483,emitter_energy,0.9549468124654938,0.9549468124654938,0.0,0.0,1e-07,PASS,archived CSV versus independent_reference,
H,0.001,-0.45,7.853981633974483,emitter_angular_momentum,3.746050002507491,3.746050002507491,0.0,0.0,1e-07,PASS,archived CSV versus independent_reference,
H,0.001,-0.45,7.853981633974483,alpha_launch,1.10390159485992,-2.0376910587072645,3.1415926535671845,1.5417413940856415,1e-07,WARNING,archived CSV versus independent_reference,raw launch angles have equivalent periodic parameterizations
H,0.001,-0.45,7.853981633974483,beta_launch,-1.337536078423072,-1.8040565751628344,0.46652049673976226,0.2585952697728751,1e-07,WARNING,archived CSV versus independent_reference,raw launch angles have equivalent periodic parameterizations
H,0.001,-0.45,7.853981633974483,x_hit,-2.0337898032352086e-12,-5.439027284115382e-10,5.41868938608303e-10,0.9962607471943101,1e-07,PASS,archived CSV versus independent_reference,
H,0.001,-0.45,7.853981633974483,y_hit,-4.367284311967978e-12,-1.9079099411456468e-10,1.864237098025967e-10,0.9771095887820285,1e-07,PASS,archived CSV versus independent_reference,
H,0.001,-0.45,7.853981633974483,z_hit,-80.0,-80.0,0.0,0.0,1e-07,PASS,archived CSV versus independent_reference,
H,0.001,-0.45,7.853981633974483,hit_error,4.817621116827799e-12,5.763951608130826e-10,5.715775396962548e-10,0.9916418085293571,1e-07,PASS,archived CSV versus independent_reference,
H,0.001,-0.45,7.853981633974483,impact_parameter,9.278530957203719,9.278530957197445,6.274092356761685e-12,6.761945814159912e-13,1e-07,PASS,archived CSV versus independent_reference,
H,0.001,-0.45,7.853981633974483,impact_parameter_drift,3.183231456205249e-12,3.1867841698840493e-12,3.552713678800501e-15,0.0011148272017837235,1e-07,PASS,archived CSV versus independent_reference,
H,0.001,-0.45,7.853981633974483,alpha_sky,-0.0517647164480044,-0.0517647164478081,1.963013085415355e-13,3.792183595532922e-12,1e-07,PASS,archived CSV versus independent_reference,
H,0.001,-0.45,7.853981633974483,beta_sky,-0.10269442074568459,-0.1026944207456952,1.0602629885170245e-14,1.0324445873671956e-13,1e-07,PASS,archived CSV versus independent_reference,
H,0.001,-0.45,7.853981633974483,propagation_time,89.11846984483246,89.11846984487971,4.725109192804666e-11,5.302053772948781e-13,1e-07,PASS,archived CSV versus independent_reference,
H,0.001,-0.45,7.853981633974483,euclidean_distance,82.76178798140512,82.76178798140337,1.7479351299698465e-12,2.1120074524762222e-14,1e-07,PASS,archived CSV versus independent_reference,
H,0.001,-0.45,7.853981633974483,excess_time_delay,6.35668186342734,6.356681863476339,4.899902705801651e-11,7.708271093375113e-12,1e-07,PASS,archived CSV versus independent_reference,
H,0.001,-0.45,7.853981633974483,one_plus_z,0.8992626867224498,0.8992626867245382,2.088440531622382e-12,2.32239206902856e-12,1e-07,PASS,archived CSV versus independent_reference,
H,0.001,-0.45,7.853981633974483,redshift,-0.1007373132775502,-0.1007373132754617,2.0884960427736132e-12,2.0732099902440467e-11,1e-07,PASS,archived CSV versus independent_reference,
H,0.001,-0.45,7.853981633974483,null_constraint_error,3.0715152643523425e-12,3.0717893506615468e-12,2.740863092043355e-16,8.92269221342628e-05,1e-07,PASS,archived CSV versus independent_reference,
H,0.001,-0.45,7.853981633974483,launch_direction_difference,0.0,6.512956228350954e-12,6.512956228350954e-12,6.512956228350954e-12,1e-07,PASS,angle-to-unit-vector comparison,invariant to equivalent angle branches
