k,wq,observable_set,sigma_max_81,sigma_min_81,condition_number_81,cosine_similarity_81,sensitivity_angle_deg_81,numerical_rank_81,gram_determinant_81,derivative_scheme_k_81,derivative_scheme_wq_81,derivative_quality_81,missing_features_81,feature_count_81,rank_tolerance_81,parameter_k_scale_81,parameter_wq_scale_81,sigma_max_161,sigma_min_161,condition_number_161,cosine_similarity_161,sensitivity_angle_deg_161,numerical_rank_161,gram_determinant_161,derivative_scheme_k_161,derivative_scheme_wq_161,derivative_quality_161,missing_features_161,feature_count_161,rank_tolerance_161,parameter_k_scale_161,parameter_wq_scale_161,absolute_change_sigma_min,absolute_change_sigma_max,absolute_change_condition_number,absolute_change_cosine_similarity,absolute_change_numerical_rank
0.0,-0.7125,orbital,8.160143887880263,0.0,inf,,,1,0.0,one_sided_forward,analytic_k_zero,one_sided,,18,8.160143887880262e-10,0.0025,0.2625,8.16182277883514,0.0,inf,,,1,0.0,one_sided_forward,analytic_k_zero,one_sided,,18,8.161822778835139e-10,0.0025,0.2625,0.0,0.0016788909548761666,,,0
0.0,-0.7125,photon_geometry,10.225188283834816,0.0,inf,,,1,0.0,one_sided_forward,analytic_k_zero,one_sided,,27,1.0225188283834815e-09,0.0025,0.2625,10.227126447441456,0.0,inf,,,1,0.0,one_sided_forward,analytic_k_zero,one_sided,,27,1.0227126447441458e-09,0.0025,0.2625,0.0,0.0019381636066402308,,,0
0.0,-0.7125,redshift,4.916503998197602,0.0,inf,,,1,0.0,one_sided_forward,analytic_k_zero,one_sided,,9,4.916503998197601e-10,0.0025,0.2625,4.916915610740778,0.0,inf,,,1,0.0,one_sided_forward,analytic_k_zero,one_sided,,9,4.916915610740779e-10,0.0025,0.2625,0.0,0.0004116125431758988,,,0
0.0,-0.7125,timing,6.396799788593743,0.0,inf,,,1,0.0,one_sided_forward,analytic_k_zero,one_sided,,17,6.396799788593742e-10,0.0025,0.2625,6.392386520923823,0.0,inf,,,1,0.0,one_sided_forward,analytic_k_zero,one_sided,,17,6.392386520923824e-10,0.0025,0.2625,0.0,0.004413267669919563,,,0
0.0,-0.7125,all_shooting,15.369888835330867,0.0,inf,,,1,0.0,one_sided_forward,analytic_k_zero,one_sided,,71,1.5369888835330866e-09,0.0025,0.2625,15.370365350280505,0.0,inf,,,1,0.0,one_sided_forward,analytic_k_zero,one_sided,,71,1.5370365350280506e-09,0.0025,0.2625,0.0,0.0004765149496375187,,,0
0.0,-0.7125,ringdown_only,2.3575205487453537,0.0,inf,,,1,0.0,one_sided_forward,analytic_k_zero,one_sided,,4,2.3575205487453536e-10,0.0025,0.2625,2.3575205487453537,0.0,inf,,,1,0.0,one_sided_forward,analytic_k_zero,one_sided,,4,2.3575205487453536e-10,0.0025,0.2625,0.0,0.0,,,0
0.0,-0.7125,ringdown_plus_photon_geometry,10.493444552558966,0.0,inf,,,1,0.0,one_sided_forward,analytic_k_zero,one_sided,,31,1.0493444552558967e-09,0.0025,0.2625,10.495333177642006,0.0,inf,,,1,0.0,one_sided_forward,analytic_k_zero,one_sided,,31,1.0495333177642006e-09,0.0025,0.2625,0.0,0.0018886250830405515,,,0
0.0,-0.7125,ringdown_plus_all_shooting,15.549642630883357,0.0,inf,,,1,0.0,one_sided_forward,analytic_k_zero,one_sided,,75,1.5549642630883356e-09,0.0025,0.2625,15.550113637490247,0.0,inf,,,1,0.0,one_sided_forward,analytic_k_zero,one_sided,,75,1.5550113637490247e-09,0.0025,0.2625,0.0,0.0004710066068902563,,,0
0.0,-0.69,orbital,6.471297724594281,0.0,inf,,,1,0.0,one_sided_forward,analytic_k_zero,one_sided,,18,6.47129772459428e-10,0.0025,0.2625,6.472348318997543,0.0,inf,,,1,0.0,one_sided_forward,analytic_k_zero,one_sided,,18,6.472348318997543e-10,0.0025,0.2625,0.0,0.0010505944032619396,,,0
0.0,-0.69,photon_geometry,7.915618968847693,0.0,inf,,,1,0.0,one_sided_forward,analytic_k_zero,one_sided,,27,7.915618968847694e-10,0.0025,0.2625,7.917195186998218,0.0,inf,,,1,0.0,one_sided_forward,analytic_k_zero,one_sided,,27,7.917195186998219e-10,0.0025,0.2625,0.0,0.0015762181505252215,,,0
0.0,-0.69,redshift,3.758869603337209,0.0,inf,,,1,0.0,one_sided_forward,analytic_k_zero,one_sided,,9,3.758869603337209e-10,0.0025,0.2625,3.7591901617516417,0.0,inf,,,1,0.0,one_sided_forward,analytic_k_zero,one_sided,,9,3.7591901617516416e-10,0.0025,0.2625,0.0,0.0003205584144327922,,,0
0.0,-0.69,timing,5.244165165867706,0.0,inf,,,1,0.0,one_sided_forward,analytic_k_zero,one_sided,,17,5.244165165867707e-10,0.0025,0.2625,5.240065147212303,0.0,inf,,,1,0.0,one_sided_forward,analytic_k_zero,one_sided,,17,5.240065147212303e-10,0.0025,0.2625,0.0,0.004100018655402771,,,0
0.0,-0.69,all_shooting,12.089875387369103,0.0,inf,,,1,0.0,one_sided_forward,analytic_k_zero,one_sided,,71,1.2089875387369103e-09,0.0025,0.2625,12.089791801792845,0.0,inf,,,1,0.0,one_sided_forward,analytic_k_zero,one_sided,,71,1.2089791801792845e-09,0.0025,0.2625,0.0,8.358557625776086e-05,,,0
0.0,-0.69,ringdown_only,2.270259125252929,0.0,inf,,,1,0.0,one_sided_forward,analytic_k_zero,one_sided,,4,2.2702591252529286e-10,0.0025,0.2625,2.270259125252929,0.0,inf,,,1,0.0,one_sided_forward,analytic_k_zero,one_sided,,4,2.2702591252529291e-10,0.0025,0.2625,0.0,0.0,,,0
0.0,-0.69,ringdown_plus_photon_geometry,8.234749550276293,0.0,inf,,,1,0.0,one_sided_forward,analytic_k_zero,one_sided,,31,8.234749550276292e-10,0.0025,0.2625,8.236264694922205,0.0,inf,,,1,0.0,one_sided_forward,analytic_k_zero,one_sided,,31,8.236264694922206e-10,0.0025,0.2625,0.0,0.001515144645912514,,,0
0.0,-0.69,ringdown_plus_all_shooting,12.301185446041671,0.0,inf,,,1,0.0,one_sided_forward,analytic_k_zero,one_sided,,75,1.2301185446041671e-09,0.0025,0.2625,12.30110329631012,0.0,inf,,,1,0.0,one_sided_forward,analytic_k_zero,one_sided,,75,1.2301103296310121e-09,0.0025,0.2625,0.0,8.214973155062921e-05,,,0
0.0,-0.6666666666666666,orbital,5.055040959111168,0.0,inf,,,1,0.0,one_sided_forward,analytic_k_zero,one_sided,,18,5.055040959111168e-10,0.0025,0.2625,5.056091031142879,0.0,inf,,,1,0.0,one_sided_forward,analytic_k_zero,one_sided,,18,5.056091031142879e-10,0.0025,0.2625,0.0,0.0010500720317105916,,,0
0.0,-0.6666666666666666,photon_geometry,6.064491048919462,0.0,inf,,,1,0.0,one_sided_forward,analytic_k_zero,one_sided,,27,6.064491048919462e-10,0.0025,0.2625,6.065753059065102,0.0,inf,,,1,0.0,one_sided_forward,analytic_k_zero,one_sided,,27,6.065753059065102e-10,0.0025,0.2625,0.0,0.0012620101456404242,,,0
0.0,-0.6666666666666666,redshift,2.8398426893896382,0.0,inf,,,1,0.0,one_sided_forward,analytic_k_zero,one_sided,,9,2.8398426893896383e-10,0.0025,0.2625,2.8401024744296532,0.0,inf,,,1,0.0,one_sided_forward,analytic_k_zero,one_sided,,9,2.8401024744296533e-10,0.0025,0.2625,0.0,0.0002597850400150037,,,0
0.0,-0.6666666666666666,timing,4.322185231776557,0.0,inf,,,1,0.0,one_sided_forward,analytic_k_zero,one_sided,,17,4.3221852317765564e-10,0.0025,0.2625,4.3187085496887905,0.0,inf,,,1,0.0,one_sided_forward,analytic_k_zero,one_sided,,17,4.3187085496887905e-10,0.0025,0.2625,0.0,0.003476682087766747,,,0
0.0,-0.6666666666666666,all_shooting,9.438086800776045,0.0,inf,,,1,0.0,one_sided_forward,analytic_k_zero,one_sided,,71,9.438086800776044e-10,0.0025,0.2625,9.437946931996256,0.0,inf,,,1,0.0,one_sided_forward,analytic_k_zero,one_sided,,71,9.437946931996257e-10,0.0025,0.2625,0.0,0.00013986877978844348,,,0
0.0,-0.6666666666666666,ringdown_only,2.182106842630374,0.0,inf,,,1,0.0,one_sided_forward,analytic_k_zero,one_sided,,4,2.1821068426303738e-10,0.0025,0.2625,2.182106842630374,0.0,inf,,,1,0.0,one_sided_forward,analytic_k_zero,one_sided,,4,2.182106842630374e-10,0.0025,0.2625,0.0,0.0,,,0
0.0,-0.6666666666666666,ringdown_plus_photon_geometry,6.445125441376495,0.0,inf,,,1,0.0,one_sided_forward,analytic_k_zero,one_sided,,31,6.445125441376496e-10,0.0025,0.2625,6.44631293424481,0.0,inf,,,1,0.0,one_sided_forward,analytic_k_zero,one_sided,,31,6.44631293424481e-10,0.0025,0.2625,0.0,0.0011874928683148767,,,0
0.0,-0.6666666666666666,ringdown_plus_all_shooting,9.687056969567037,0.0,inf,,,1,0.0,one_sided_forward,analytic_k_zero,one_sided,,75,9.687056969567036e-10,0.0025,0.2625,9.686920695651011,0.0,inf,,,1,0.0,one_sided_forward,analytic_k_zero,one_sided,,75,9.686920695651011e-10,0.0025,0.2625,0.0,0.00013627391602533123,,,0
0.0,-0.64,orbital,3.78380351907144,0.0,inf,,,1,0.0,one_sided_forward,analytic_k_zero,one_sided,,18,3.7838035190714405e-10,0.0025,0.2625,3.784911759331792,0.0,inf,,,1,0.0,one_sided_forward,analytic_k_zero,one_sided,,18,3.7849117593317917e-10,0.0025,0.2625,0.0,0.0011082402603519448,,,0
0.0,-0.64,photon_geometry,4.463920330966576,0.0,inf,,,1,0.0,one_sided_forward,analytic_k_zero,one_sided,,27,4.463920330966576e-10,0.0025,0.2625,4.464889589207248,0.0,inf,,,1,0.0,one_sided_forward,analytic_k_zero,one_sided,,27,4.4648895892072477e-10,0.0025,0.2625,0.0,0.0009692582406719552,,,0
0.0,-0.64,redshift,2.055199570631305,0.0,inf,,,1,0.0,one_sided_forward,analytic_k_zero,one_sided,,9,2.0551995706313048e-10,0.0025,0.2625,2.0554162501219566,0.0,inf,,,1,0.0,one_sided_forward,analytic_k_zero,one_sided,,9,2.0554162501219566e-10,0.0025,0.2625,0.0,0.00021667949065173886,,,0
0.0,-0.64,timing,3.508962720984852,0.0,inf,,,1,0.0,one_sided_forward,analytic_k_zero,one_sided,,17,3.5089627209848523e-10,0.0025,0.2625,3.5063399871069927,0.0,inf,,,1,0.0,one_sided_forward,analytic_k_zero,one_sided,,17,3.5063399871069926e-10,0.0025,0.2625,0.0,0.0026227338778594955,,,0
0.0,-0.64,all_shooting,7.126038060839885,0.0,inf,,,1,0.0,one_sided_forward,analytic_k_zero,one_sided,,71,7.126038060839884e-10,0.0025,0.2625,7.126005342138765,0.0,inf,,,1,0.0,one_sided_forward,analytic_k_zero,one_sided,,71,7.126005342138765e-10,0.0025,0.2625,0.0,3.271870111998254e-05,,,0
0.0,-0.64,ringdown_only,2.0840261626194483,0.0,inf,,,1,0.0,one_sided_forward,analytic_k_zero,one_sided,,4,2.0840261626194482e-10,0.0025,0.2625,2.0840261626194483,0.0,inf,,,1,0.0,one_sided_forward,analytic_k_zero,one_sided,,4,2.0840261626194485e-10,0.0025,0.2625,0.0,0.0,,,0
0.0,-0.64,ringdown_plus_photon_geometry,4.926433777866001,0.0,inf,,,1,0.0,one_sided_forward,analytic_k_zero,one_sided,,31,4.926433777866002e-10,0.0025,0.2625,4.927312055298874,0.0,inf,,,1,0.0,one_sided_forward,analytic_k_zero,one_sided,,31,4.927312055298874e-10,0.0025,0.2625,0.0,0.0008782774328723875,,,0
0.0,-0.64,ringdown_plus_all_shooting,7.424525809169298,0.0,inf,,,1,0.0,one_sided_forward,analytic_k_zero,one_sided,,75,7.424525809169298e-10,0.0025,0.2625,7.4244944058617595,0.0,inf,,,1,0.0,one_sided_forward,analytic_k_zero,one_sided,,75,7.42449440586176e-10,0.0025,0.2625,0.0,3.140330753836906e-05,,,0
0.0,-0.61,orbital,2.7080772940134263,0.0,inf,,,1,0.0,one_sided_forward,analytic_k_zero,one_sided,,18,2.7080772940134265e-10,0.0025,0.2625,2.709003315913266,0.0,inf,,,1,0.0,one_sided_forward,analytic_k_zero,one_sided,,18,2.709003315913266e-10,0.0025,0.2625,0.0,0.0009260218998394798,,,0
0.0,-0.61,photon_geometry,3.151429778993758,0.0,inf,,,1,0.0,one_sided_forward,analytic_k_zero,one_sided,,27,3.1514297789937587e-10,0.0025,0.2625,3.1521414571850506,0.0,inf,,,1,0.0,one_sided_forward,analytic_k_zero,one_sided,,27,3.1521414571850505e-10,0.0025,0.2625,0.0,0.0007116781912923642,,,0
0.0,-0.61,redshift,1.422448158797572,0.0,inf,,,1,0.0,one_sided_forward,analytic_k_zero,one_sided,,9,1.4224481587975718e-10,0.0025,0.2625,1.4226366133571007,0.0,inf,,,1,0.0,one_sided_forward,analytic_k_zero,one_sided,,9,1.4226366133571008e-10,0.0025,0.2625,0.0,0.00018845455952876122,,,0
0.0,-0.61,timing,2.810458960088857,0.0,inf,,,1,0.0,one_sided_forward,analytic_k_zero,one_sided,,17,2.8104589600888577e-10,0.0025,0.2625,2.808776633959754,0.0,inf,,,1,0.0,one_sided_forward,analytic_k_zero,one_sided,,17,2.808776633959754e-10,0.0025,0.2625,0.0,0.0016823261291030178,,,0
0.0,-0.61,all_shooting,5.21413757136212,0.0,inf,,,1,0.0,one_sided_forward,analytic_k_zero,one_sided,,71,5.214137571362121e-10,0.0025,0.2625,5.214193690771009,0.0,inf,,,1,0.0,one_sided_forward,analytic_k_zero,one_sided,,71,5.21419369077101e-10,0.0025,0.2625,0.0,5.611940888883282e-05,,,0
0.0,-0.61,ringdown_only,1.9768824110735352,0.0,inf,,,1,0.0,one_sided_forward,analytic_k_zero,one_sided,,4,1.9768824110735352e-10,0.0025,0.2625,1.9768824110735352,0.0,inf,,,1,0.0,one_sided_forward,analytic_k_zero,one_sided,,4,1.9768824110735352e-10,0.0025,0.2625,0.0,0.0,,,0
0.0,-0.61,ringdown_plus_photon_geometry,3.720157754604039,0.0,inf,,,1,0.0,one_sided_forward,analytic_k_zero,one_sided,,31,3.720157754604039e-10,0.0025,0.2625,3.7207606525167143,0.0,inf,,,1,0.0,one_sided_forward,analytic_k_zero,one_sided,,31,3.7207606525167143e-10,0.0025,0.2625,0.0,0.0006028979126750933,,,0
0.0,-0.61,ringdown_plus_all_shooting,5.576315511186754,0.0,inf,,,1,0.0,one_sided_forward,analytic_k_zero,one_sided,,75,5.576315511186755e-10,0.0025,0.2625,5.576367985713293,0.0,inf,,,1,0.0,one_sided_forward,analytic_k_zero,one_sided,,75,5.576367985713293e-10,0.0025,0.2625,0.0,5.2474526538226485e-05,,,0
0.0,-0.58,orbital,1.921593425481389,0.0,inf,,,1,0.0,one_sided_forward,analytic_k_zero,one_sided,,18,1.921593425481389e-10,0.0025,0.2625,1.9223290593247235,0.0,inf,,,1,0.0,one_sided_forward,analytic_k_zero,one_sided,,18,1.9223290593247236e-10,0.0025,0.2625,0.0,0.0007356338433346377,,,0
0.0,-0.58,photon_geometry,2.215195105419489,0.0,inf,,,1,0.0,one_sided_forward,analytic_k_zero,one_sided,,27,2.215195105419489e-10,0.0025,0.2625,2.215711489276351,0.0,inf,,,1,0.0,one_sided_forward,analytic_k_zero,one_sided,,27,2.2157114892763514e-10,0.0025,0.2625,0.0,0.0005163838568620349,,,0
0.0,-0.58,redshift,0.980313972580205,0.0,inf,,,1,0.0,one_sided_forward,analytic_k_zero,one_sided,,9,9.803139725802049e-11,0.0025,0.2625,0.9804868192446287,0.0,inf,,,1,0.0,one_sided_forward,analytic_k_zero,one_sided,,9,9.804868192446286e-11,0.0025,0.2625,0.0,0.0001728466644236315,,,0
0.0,-0.58,timing,2.2746962754560425,0.0,inf,,,1,0.0,one_sided_forward,analytic_k_zero,one_sided,,17,2.2746962754560424e-10,0.0025,0.2625,2.273814114170513,0.0,inf,,,1,0.0,one_sided_forward,analytic_k_zero,one_sided,,17,2.273814114170513e-10,0.0025,0.2625,0.0,0.0008821612855296479,,,0
0.0,-0.58,all_shooting,3.838602516325092,0.0,inf,,,1,0.0,one_sided_forward,analytic_k_zero,one_sided,,71,3.8386025163250927e-10,0.0025,0.2625,3.8387903621517268,0.0,inf,,,1,0.0,one_sided_forward,analytic_k_zero,one_sided,,71,3.838790362151727e-10,0.0025,0.2625,0.0,0.00018784582663489147,,,0
0.0,-0.58,ringdown_only,1.8730248659654496,0.0,inf,,,1,0.0,one_sided_forward,analytic_k_zero,one_sided,,4,1.8730248659654494e-10,0.0025,0.2625,1.8730248659654496,0.0,inf,,,1,0.0,one_sided_forward,analytic_k_zero,one_sided,,4,1.8730248659654497e-10,0.0025,0.2625,0.0,0.0,,,0
0.0,-0.58,ringdown_plus_photon_geometry,2.900915631934054,0.0,inf,,,1,0.0,one_sided_forward,analytic_k_zero,one_sided,,31,2.9009156319340536e-10,0.0025,0.2625,2.9013099717603628,0.0,inf,,,1,0.0,one_sided_forward,analytic_k_zero,one_sided,,31,2.9013099717603627e-10,0.0025,0.2625,0.0,0.000394339826308876,,,0
0.0,-0.58,ringdown_plus_all_shooting,4.271193208795666,0.0,inf,,,1,0.0,one_sided_forward,analytic_k_zero,one_sided,,75,4.271193208795666e-10,0.0025,0.2625,4.271362030204636,0.0,inf,,,1,0.0,one_sided_forward,analytic_k_zero,one_sided,,75,4.271362030204636e-10,0.0025,0.2625,0.0,0.00016882140896967712,,,0
0.0,-0.55,orbital,1.3525850182633523,0.0,inf,,,1,0.0,one_sided_forward,analytic_k_zero,one_sided,,18,1.3525850182633522e-10,0.0025,0.2625,1.3531132980206673,0.0,inf,,,1,0.0,one_sided_forward,analytic_k_zero,one_sided,,18,1.3531132980206674e-10,0.0025,0.2625,0.0,0.0005282797573149534,,,0
0.0,-0.55,photon_geometry,1.5499776025657372,0.0,inf,,,1,0.0,one_sided_forward,analytic_k_zero,one_sided,,27,1.549977602565737e-10,0.0025,0.2625,1.5503482077659037,0.0,inf,,,1,0.0,one_sided_forward,analytic_k_zero,one_sided,,27,1.5503482077659037e-10,0.0025,0.2625,0.0,0.0003706052001664073,,,0
0.0,-0.55,redshift,0.6737891042225727,0.0,inf,,,1,0.0,one_sided_forward,analytic_k_zero,one_sided,,9,6.737891042225727e-11,0.0025,0.2625,0.6739538591765005,0.0,inf,,,1,0.0,one_sided_forward,analytic_k_zero,one_sided,,9,6.739538591765005e-11,0.0025,0.2625,0.0,0.00016475495392787032,,,0
0.0,-0.55,timing,1.8566514112646892,0.0,inf,,,1,0.0,one_sided_forward,analytic_k_zero,one_sided,,17,1.8566514112646896e-10,0.0025,0.2625,1.8563848594212244,0.0,inf,,,1,0.0,one_sided_forward,analytic_k_zero,one_sided,,17,1.8563848594212244e-10,0.0025,0.2625,0.0,0.00026655184346480176,,,0
0.0,-0.55,all_shooting,2.851852559303535,0.0,inf,,,1,0.0,one_sided_forward,analytic_k_zero,one_sided,,71,2.8518525593035354e-10,0.0025,0.2625,2.85217000075216,0.0,inf,,,1,0.0,one_sided_forward,analytic_k_zero,one_sided,,71,2.8521700007521605e-10,0.0025,0.2625,0.0,0.0003174414486251109,,,0
0.0,-0.55,ringdown_only,1.772442240074731,0.0,inf,,,1,0.0,one_sided_forward,analytic_k_zero,one_sided,,4,1.7724422400747312e-10,0.0025,0.2625,1.772442240074731,0.0,inf,,,1,0.0,one_sided_forward,analytic_k_zero,one_sided,,4,1.7724422400747312e-10,0.0025,0.2625,0.0,0.0,,,0
0.0,-0.55,ringdown_plus_photon_geometry,2.354566215432592,0.0,inf,,,1,0.0,one_sided_forward,analytic_k_zero,one_sided,,31,2.3545662154325915e-10,0.0025,0.2625,2.3548101961143453,0.0,inf,,,1,0.0,one_sided_forward,analytic_k_zero,one_sided,,31,2.3548101961143454e-10,0.0025,0.2625,0.0,0.00024398068175335297,,,0
0.0,-0.55,ringdown_plus_all_shooting,3.357769276529769,0.0,inf,,,1,0.0,one_sided_forward,analytic_k_zero,one_sided,,75,3.35776927652977e-10,0.0025,0.2625,3.358038893102893,0.0,inf,,,1,0.0,one_sided_forward,analytic_k_zero,one_sided,,75,3.3580388931028934e-10,0.0025,0.2625,0.0,0.00026961657312396525,,,0
0.0,-0.525,orbital,1.0038692139137115,0.0,inf,,,1,0.0,one_sided_forward,analytic_k_zero,one_sided,,18,1.0038692139137115e-10,0.0025,0.2625,1.0042472113860375,0.0,inf,,,1,0.0,one_sided_forward,analytic_k_zero,one_sided,,18,1.0042472113860375e-10,0.0025,0.2625,0.0,0.0003779974723259194,,,0
0.0,-0.525,photon_geometry,1.1473786647457076,0.0,inf,,,1,0.0,one_sided_forward,analytic_k_zero,one_sided,,27,1.1473786647457075e-10,0.0025,0.2625,1.1476576216066086,0.0,inf,,,1,0.0,one_sided_forward,analytic_k_zero,one_sided,,27,1.1476576216066086e-10,0.0025,0.2625,0.0,0.0002789568609009585,,,0
0.0,-0.525,redshift,0.493412362864774,0.0,inf,,,1,0.0,one_sided_forward,analytic_k_zero,one_sided,,9,4.934123628647741e-11,0.0025,0.2625,0.4935739292051069,0.0,inf,,,1,0.0,one_sided_forward,analytic_k_zero,one_sided,,9,4.935739292051069e-11,0.0025,0.2625,0.0,0.00016156634033287487,,,0
0.0,-0.525,timing,1.5759013165585478,0.0,inf,,,1,0.0,one_sided_forward,analytic_k_zero,one_sided,,17,1.5759013165585478e-10,0.0025,0.2625,1.576007520315249,0.0,inf,,,1,0.0,one_sided_forward,analytic_k_zero,one_sided,,17,1.576007520315249e-10,0.0025,0.2625,0.0,0.00010620375670122861,,,0
0.0,-0.525,all_shooting,2.247476789271947,0.0,inf,,,1,0.0,one_sided_forward,analytic_k_zero,one_sided,,71,2.2474767892719475e-10,0.0025,0.2625,2.2478979971719264,0.0,inf,,,1,0.0,one_sided_forward,analytic_k_zero,one_sided,,71,2.2478979971719266e-10,0.0025,0.2625,0.0,0.0004212078999792368,,,0
0.0,-0.525,ringdown_only,1.6911542041048884,0.0,inf,,,1,0.0,one_sided_forward,analytic_k_zero,one_sided,,4,1.6911542041048884e-10,0.0025,0.2625,1.6911542041048884,0.0,inf,,,1,0.0,one_sided_forward,analytic_k_zero,one_sided,,4,1.6911542041048884e-10,0.0025,0.2625,0.0,0.0,,,0
0.0,-0.525,ringdown_plus_photon_geometry,2.0436438883463235,0.0,inf,,,1,0.0,one_sided_forward,analytic_k_zero,one_sided,,31,2.0436438883463235e-10,0.0025,0.2625,2.0438005182730956,0.0,inf,,,1,0.0,one_sided_forward,analytic_k_zero,one_sided,,31,2.0438005182730958e-10,0.0025,0.2625,0.0,0.00015662992677212273,,,0
0.0,-0.525,ringdown_plus_all_shooting,2.812677454024506,0.0,inf,,,1,0.0,one_sided_forward,analytic_k_zero,one_sided,,75,2.812677454024506e-10,0.0025,0.2625,2.8130140326260724,0.0,inf,,,1,0.0,one_sided_forward,analytic_k_zero,one_sided,,75,2.8130140326260727e-10,0.0025,0.2625,0.0,0.0003365786015665506,,,0
0.0,-0.5,orbital,0.7419868346096187,0.0,inf,,,1,0.0,one_sided_forward,analytic_k_zero,one_sided,,18,7.419868346096188e-11,0.0025,0.2625,0.7422509245800926,0.0,inf,,,1,0.0,one_sided_forward,analytic_k_zero,one_sided,,18,7.422509245800925e-11,0.0025,0.2625,0.0,0.0002640899704738908,,,0
0.0,-0.5,photon_geometry,0.8476617722198179,0.0,inf,,,1,0.0,one_sided_forward,analytic_k_zero,one_sided,,27,8.476617722198178e-11,0.0025,0.2625,0.8478704138649525,0.0,inf,,,1,0.0,one_sided_forward,analytic_k_zero,one_sided,,27,8.478704138649526e-11,0.0025,0.2625,0.0,0.0002086416451346773,,,0
0.0,-0.5,redshift,0.3634243900943276,0.0,inf,,,1,0.0,one_sided_forward,analytic_k_zero,one_sided,,9,3.634243900943276e-11,0.0025,0.2625,0.3635846104115591,0.0,inf,,,1,0.0,one_sided_forward,analytic_k_zero,one_sided,,9,3.6358461041155914e-11,0.0025,0.2625,0.0,0.00016022031723150754,,,0
0.0,-0.5,timing,1.3428393366088358,0.0,inf,,,1,0.0,one_sided_forward,analytic_k_zero,one_sided,,17,1.342839336608836e-10,0.0025,0.2625,1.3432051889187973,0.0,inf,,,1,0.0,one_sided_forward,analytic_k_zero,one_sided,,17,1.3432051889187974e-10,0.0025,0.2625,0.0,0.00036585230996144524,,,0
0.0,-0.5,all_shooting,1.7900753375420644,0.0,inf,,,1,0.0,one_sided_forward,analytic_k_zero,one_sided,,71,1.7900753375420646e-10,0.0025,0.2625,1.7905905791704686,0.0,inf,,,1,0.0,one_sided_forward,analytic_k_zero,one_sided,,71,1.7905905791704688e-10,0.0025,0.2625,0.0,0.0005152416284042172,,,0
0.0,-0.5,ringdown_only,1.6122065416511338,0.0,inf,,,1,0.0,one_sided_forward,analytic_k_zero,one_sided,,4,1.6122065416511338e-10,0.0025,0.2625,1.6122065416511338,0.0,inf,,,1,0.0,one_sided_forward,analytic_k_zero,one_sided,,4,1.6122065416511338e-10,0.0025,0.2625,0.0,0.0,,,0
0.0,-0.5,ringdown_plus_photon_geometry,1.8214665555605327,0.0,inf,,,1,0.0,one_sided_forward,analytic_k_zero,one_sided,,31,1.8214665555605327e-10,0.0025,0.2625,1.8215636611576975,0.0,inf,,,1,0.0,one_sided_forward,analytic_k_zero,one_sided,,31,1.8215636611576975e-10,0.0025,0.2625,0.0,9.710559716480383e-05,,,0
0.0,-0.5,ringdown_plus_all_shooting,2.4090619848852057,0.0,inf,,,1,0.0,one_sided_forward,analytic_k_zero,one_sided,,75,2.4090619848852055e-10,0.0025,0.2625,2.409444864518951,0.0,inf,,,1,0.0,one_sided_forward,analytic_k_zero,one_sided,,75,2.409444864518951e-10,0.0025,0.2625,0.0,0.00038287963374505907,,,0
0.0,-0.475,orbital,0.5469561720677742,0.0,inf,,,1,0.0,one_sided_forward,analytic_k_zero,one_sided,,18,5.469561720677743e-11,0.0025,0.2625,0.5471514070137663,0.0,inf,,,1,0.0,one_sided_forward,analytic_k_zero,one_sided,,18,5.471514070137663e-11,0.0025,0.2625,0.0,0.00019523494599205105,,,0
0.0,-0.475,photon_geometry,0.626025905774348,0.0,inf,,,1,0.0,one_sided_forward,analytic_k_zero,one_sided,,27,6.260259057743481e-11,0.0025,0.2625,0.6261810517245662,0.0,inf,,,1,0.0,one_sided_forward,analytic_k_zero,one_sided,,27,6.261810517245662e-11,0.0025,0.2625,0.0,0.00015514595021814959,,,0
0.0,-0.475,redshift,0.27132174096231,0.0,inf,,,1,0.0,one_sided_forward,analytic_k_zero,one_sided,,9,2.7132174096231002e-11,0.0025,0.2625,0.27148107072817235,0.0,inf,,,1,0.0,one_sided_forward,analytic_k_zero,one_sided,,9,2.7148107072817237e-11,0.0025,0.2625,0.0,0.00015932976586235936,,,0
0.0,-0.475,timing,1.1477884824764248,0.0,inf,,,1,0.0,one_sided_forward,analytic_k_zero,one_sided,,17,1.1477884824764248e-10,0.0025,0.2625,1.14831971887731,0.0,inf,,,1,0.0,one_sided_forward,analytic_k_zero,one_sided,,17,1.1483197188773101e-10,0.0025,0.2625,0.0,0.0005312364008851489,,,0
0.0,-0.475,all_shooting,1.4429495405203812,0.0,inf,,,1,0.0,one_sided_forward,analytic_k_zero,one_sided,,71,1.4429495405203812e-10,0.0025,0.2625,1.4435433905020685,0.0,inf,,,1,0.0,one_sided_forward,analytic_k_zero,one_sided,,71,1.4435433905020684e-10,0.0025,0.2625,0.0,0.0005938499816873222,,,0
0.0,-0.475,ringdown_only,1.5356401218551827,0.0,inf,,,1,0.0,one_sided_forward,analytic_k_zero,one_sided,,4,1.5356401218551828e-10,0.0025,0.2625,1.5356401218551827,0.0,inf,,,1,0.0,one_sided_forward,analytic_k_zero,one_sided,,4,1.5356401218551828e-10,0.0025,0.2625,0.0,0.0,,,0
0.0,-0.475,ringdown_plus_photon_geometry,1.6583422501257068,0.0,inf,,,1,0.0,one_sided_forward,analytic_k_zero,one_sided,,31,1.6583422501257068e-10,0.0025,0.2625,1.6584008241044395,0.0,inf,,,1,0.0,one_sided_forward,analytic_k_zero,one_sided,,31,1.6584008241044395e-10,0.0025,0.2625,0.0,5.8573978732656684e-05,,,0
0.0,-0.475,ringdown_plus_all_shooting,2.107200503117675,0.0,inf,,,1,0.0,one_sided_forward,analytic_k_zero,one_sided,,75,2.107200503117675e-10,0.0025,0.2625,2.1076071987240903,0.0,inf,,,1,0.0,one_sided_forward,analytic_k_zero,one_sided,,75,2.1076071987240903e-10,0.0025,0.2625,0.0,0.00040669560641548586,,,0
0.0,-0.45,orbital,0.403054732870247,0.0,inf,,,1,0.0,one_sided_forward,analytic_k_zero,one_sided,,18,4.030547328702471e-11,0.0025,0.2625,0.4032047450437938,0.0,inf,,,1,0.0,one_sided_forward,analytic_k_zero,one_sided,,18,4.032047450437938e-11,0.0025,0.2625,0.0,0.00015001217354676522,,,0
0.0,-0.45,photon_geometry,0.463446790657289,0.0,inf,,,1,0.0,one_sided_forward,analytic_k_zero,one_sided,,27,4.6344679065728894e-11,0.0025,0.2625,0.4635615425547973,0.0,inf,,,1,0.0,one_sided_forward,analytic_k_zero,one_sided,,27,4.635615425547973e-11,0.0025,0.2625,0.0,0.00011475189750831394,,,0
0.0,-0.45,redshift,0.2074611882671709,0.0,inf,,,1,0.0,one_sided_forward,analytic_k_zero,one_sided,,9,2.074611882671709e-11,0.0025,0.2625,0.2076184522067732,0.0,inf,,,1,0.0,one_sided_forward,analytic_k_zero,one_sided,,9,2.076184522067732e-11,0.0025,0.2625,0.0,0.00015726393960230345,,,0
0.0,-0.45,timing,0.983316920363092,0.0,inf,,,1,0.0,one_sided_forward,analytic_k_zero,one_sided,,17,9.833169203630919e-11,0.0025,0.2625,0.9839390525238411,0.0,inf,,,1,0.0,one_sided_forward,analytic_k_zero,one_sided,,17,9.839390525238411e-11,0.0025,0.2625,0.0,0.0006221321607490227,,,0
0.0,-0.45,all_shooting,1.177789605986243,0.0,inf,,,1,0.0,one_sided_forward,analytic_k_zero,one_sided,,71,1.177789605986243e-10,0.0025,0.2625,1.1784332187017914,0.0,inf,,,1,0.0,one_sided_forward,analytic_k_zero,one_sided,,71,1.1784332187017914e-10,0.0025,0.2625,0.0,0.0006436127155484694,,,0
0.0,-0.45,ringdown_only,1.4614935019123765,0.0,inf,,,1,0.0,one_sided_forward,analytic_k_zero,one_sided,,4,1.4614935019123762e-10,0.0025,0.2625,1.4614935019123765,0.0,inf,,,1,0.0,one_sided_forward,analytic_k_zero,one_sided,,4,1.4614935019123765e-10,0.0025,0.2625,0.0,0.0,,,0
0.0,-0.45,ringdown_plus_photon_geometry,1.5332143307126511,0.0,inf,,,1,0.0,one_sided_forward,analytic_k_zero,one_sided,,31,1.5332143307126514e-10,0.0025,0.2625,1.5332490208273037,0.0,inf,,,1,0.0,one_sided_forward,analytic_k_zero,one_sided,,31,1.5332490208273038e-10,0.0025,0.2625,0.0,3.4690114652624615e-05,,,0
0.0,-0.45,ringdown_plus_all_shooting,1.8770060234589905,0.0,inf,,,1,0.0,one_sided_forward,analytic_k_zero,one_sided,,75,1.8770060234589902e-10,0.0025,0.2625,1.8774099464613385,0.0,inf,,,1,0.0,one_sided_forward,analytic_k_zero,one_sided,,75,1.8774099464613387e-10,0.0025,0.2625,0.0,0.0004039230023480389,,,0
0.00025,-0.7125,orbital,7.9394539715417025,0.0482235290398012,164.63859301937188,-0.9996825920115228,178.55636286596206,2,0.1465882799892432,central,one_sided_forward,one_sided,,18,7.939453971541702e-10,0.0025,0.2625,7.940712209801373,0.044046362869478356,180.28076990901417,-0.999735377972112,178.68186405162928,2,0.12233170184881585,central,one_sided_forward,one_sided,,18,7.940712209801374e-10,0.0025,0.2625,0.004177166170322842,0.001258238259670641,15.642176889642286,5.2785960589218917e-05,0
0.00025,-0.7125,photon_geometry,10.118841150950535,0.4502456696381589,22.47404435690091,-0.9856466100324268,170.28068380017197,2,20.75681170493021,central,one_sided_forward,one_sided,,27,1.0118841150950534e-09,0.0025,0.2625,10.120791282775096,0.4504386914307823,22.4687431948335,-0.9856391351965904,170.27814727049633,2,20.78262080237449,central,one_sided_forward,one_sided,,27,1.0120791282775096e-09,0.0025,0.2625,0.00019302179262342678,0.0019501318245609411,0.005301162067411269,7.474835836407401e-06,0
0.00025,-0.7125,redshift,5.074153564918012,0.1292884082758654,39.24677883025044,-0.995173047635008,174.36817716003765,2,0.4303743607901428,central,one_sided_forward,one_sided,,9,5.074153564918012e-10,0.0025,0.2625,5.074037878126523,0.12939489062361792,39.21358759740997,-0.9951658612647147,174.36398300703632,2,0.43106391160832086,central,one_sided_forward,one_sided,,9,5.074037878126523e-10,0.0025,0.2625,0.00010648234775251231,0.00011568679148865613,0.03319123284047265,7.186370293288391e-06,0
0.00025,-0.7125,timing,6.302174692677494,0.7649992498368791,8.238144931542493,-0.8735115919842945,150.8693094962435,2,23.243573257063925,central,one_sided_forward,one_sided,,17,6.302174692677493e-10,0.0025,0.2625,6.300174555143123,0.7666392847111921,8.217912492596202,-0.872983619515004,150.80722853158957,2,23.32852629966874,central,one_sided_forward,one_sided,,17,6.300174555143123e-10,0.0025,0.2625,0.0016400348743130788,0.002000137534371227,0.020232438946290898,0.000527972469290483,0
0.00025,-0.7125,all_shooting,15.192933155032282,0.9338543917877424,16.26906002545792,-0.9704849382485926,166.04488269160643,2,201.2989850711312,central,one_sided_forward,one_sided,,71,1.5192933155032282e-09,0.0025,0.2625,15.194024040811737,0.9350581676865413,16.24928220070392,-0.9704196725469961,166.02938514523512,2,201.8472675702741,central,one_sided_forward,one_sided,,71,1.5194024040811738e-09,0.0025,0.2625,0.0012037758987988312,0.0010908857794547089,0.019777824754001472,6.526570159648415e-05,0
0.00025,-0.7125,ringdown_only,2.3597921911673247,0.0929022889774953,25.400797086269435,-0.7436598728375357,138.0441209339505,2,0.0480618350231524,central,one_sided_forward,one_sided,,4,2.359792191167325e-10,0.0025,0.2625,2.3597921911673247,0.09290228897749535,25.400797086269435,-0.7436598728375357,138.0441209339505,2,0.04806183502315244,central,one_sided_forward,one_sided,,4,2.359792191167325e-10,0.0025,0.2625,4.163336342344337e-17,0.0,0.0,0.0,0
0.00025,-0.7125,ringdown_plus_photon_geometry,10.377144716514922,0.696982750500937,14.888667917615804,-0.9655648526505832,164.92029672843177,2,52.31181717560099,central,one_sided_forward,one_sided,,31,1.037714471651492e-09,0.0025,0.2625,10.379047072566268,0.6970961845250633,14.888974151590842,-0.9655652465575064,164.9203834790952,2,52.3480338570147,central,one_sided_forward,one_sided,,31,1.0379047072566267e-09,0.0025,0.2625,0.00011343402412622439,0.0019023560513460325,0.0003062339750385945,3.9390692319063447e-07,0
0.00025,-0.7125,ringdown_plus_all_shooting,15.366990669070212,1.0630849805359766,14.455091502960208,-0.961728503725587,164.09732201215627,2,266.8785196243631,central,one_sided_forward,one_sided,,75,1.536699066907021e-09,0.0025,0.2625,15.36806767993788,1.0641645245744573,14.441439575410888,-0.9616648401868679,164.08401503957919,2,267.4583019080743,central,one_sided_forward,one_sided,,75,1.536806767993788e-09,0.0025,0.2625,0.001079544038480762,0.0010770108676680934,0.01365192754932032,6.366353871911645e-05,0
0.00025,-0.69,orbital,6.44641577668105,0.0370618069477105,173.93689913112195,-0.9997676166653392,178.76476800976363,2,0.0570807676223621,central,central,central,,18,6.44641577668105e-10,0.0025,0.2625,6.447593424322467,0.03707215332679018,173.92012186308895,-0.9997675797538569,178.76466990849568,2,0.05713351090815289,central,central,central,,18,6.447593424322467e-10,0.0025,0.2625,1.0346379079678725e-05,0.0011776476414171455,0.016777268032996062,3.6911482315105104e-08,0
0.00025,-0.69,photon_geometry,7.988253050852773,0.482622994230253,16.551745661421354,-0.978505682600551,168.09908240372508,2,14.863450711788262,central,central,central,,27,7.988253050852774e-10,0.0025,0.2625,7.989613295407848,0.4827746185139441,16.549364836124006,-0.9784995060443458,168.0973664416183,2,14.877856921347277,central,central,central,,27,7.989613295407848e-10,0.0025,0.2625,0.0001516242836910875,0.0013602445550748854,0.0023808252973473998,6.1765562052729095e-06,0
0.00025,-0.69,redshift,3.9286291309567054,0.1519598699921779,25.853069834548617,-0.9912586925050306,172.41871722363848,2,0.3564018025896052,central,central,central,,9,3.928629130956705e-10,0.0025,0.2625,3.92901499095237,0.1520686058760029,25.83712113568068,-0.9912476589930516,172.41392708609487,2,0.3569821498141008,central,central,central,,9,3.92901499095237e-10,0.0025,0.2625,0.00010873588382501187,0.0003858599956645392,0.015948698867937594,1.1033511979063881e-05,0
0.00025,-0.69,timing,5.233055030444361,0.7689072037835576,6.805834312247427,-0.8321647706400692,146.32175872645254,2,16.190432974659412,central,central,central,,17,5.23305503044436e-10,0.0025,0.2625,5.230302514694301,0.770289062332315,6.790051644843252,-0.8315404121201062,146.25730225885917,2,16.231590581692657,central,central,central,,17,5.230302514694302e-10,0.0025,0.2625,0.0013818585487573865,0.0027525157500596364,0.01578266740417522,0.0006243585199630086,0
0.00025,-0.69,all_shooting,12.168702314793707,0.979156558834273,12.427739164900308,-0.9581834495586158,163.37212077534394,2,141.96876642466813,central,central,central,,71,1.2168702314793707e-09,0.0025,0.2625,12.169163630225452,0.9802943884077208,12.413784852927357,-0.9580973774659549,163.35489551999163,2,142.30969725124206,central,central,central,,71,1.2169163630225451e-09,0.0025,0.2625,0.0011378295734477684,0.00046131543174432466,0.013954311972950606,8.607209266087157e-05,0
0.00025,-0.69,ringdown_only,2.272479298785752,0.0901233124242546,25.215221651952582,-0.7436698550723102,138.04497642374795,2,0.0419444170136419,central,central,central,,4,2.2724792987857518e-10,0.0025,0.2625,2.272479298785752,0.0901233124242546,25.215221651952582,-0.7436698550723102,138.04497642374795,2,0.04194441701364194,central,central,central,,4,2.2724792987857518e-10,0.0025,0.2625,0.0,0.0,0.0,0.0,0
0.00025,-0.69,ringdown_plus_photon_geometry,8.285775747925936,0.75054406196633,11.039692628062712,-0.947988111380646,161.43950620212658,2,38.67396828879276,central,central,central,,31,8.285775747925936e-10,0.0025,0.2625,8.287086868010636,0.7506447624122004,11.039958290496886,-0.9479919010119332,161.44018835674922,2,38.696590346330304,central,central,central,,31,8.287086868010636e-10,0.0025,0.2625,0.00010070044587040528,0.0013111200847006899,0.0002656624341739189,3.7896312872209847e-06,0
0.00025,-0.69,ringdown_plus_all_shooting,12.367454800736745,1.120004338991501,11.04232757872431,-0.9452616184808617,160.95483057853463,2,191.86690675298257,central,central,central,,75,1.2367454800736743e-09,0.0025,0.2625,12.367907397673957,1.1210136147966807,11.032789641825302,-0.945177556883364,160.94007611792125,2,192.22692739100867,central,central,central,,75,1.2367907397673958e-09,0.0025,0.2625,0.0010092758051796213,0.00045259693721177996,0.00953793689900806,8.406159749763109e-05,0
0.00025,-0.6666666666666666,orbital,5.100445700099062,0.0361733634811146,141.00004006433912,-0.9996554218480482,178.495840224721,2,0.03404035192725,central,central,central,,18,5.100445700099061e-10,0.0025,0.2625,5.101345595186582,0.03547660288177628,143.7946471985077,-0.9996685510997105,178.52477617482484,2,0.03275318555327326,central,central,central,,18,5.101345595186582e-10,0.0025,0.2625,0.0006967605993383197,0.0008998950875200862,2.7946071341685865,1.3129251662302721e-05,0
0.00025,-0.6666666666666666,photon_geometry,6.170436020925665,0.3574041310128907,17.264590656628734,-0.980047023316898,168.5352059858694,2,4.863521534111264,central,central,central,,27,6.170436020925664e-10,0.0025,0.2625,6.171582551618695,0.35751729893018985,17.262332676170114,-0.9800416248888495,168.53364995118352,2,4.868410676074907,central,central,central,,27,6.171582551618695e-10,0.0025,0.2625,0.00011316791729915066,0.0011465306930293906,0.0022579804586193575,5.3984280484753455e-06,0
0.00025,-0.6666666666666666,redshift,2.9731145150209337,0.122429244100061,24.284349191856617,-0.9902317645828022,171.98506788841425,2,0.1324932064580924,central,central,central,,9,2.973114515020934e-10,0.0025,0.2625,2.9734113323925904,0.12252582830740705,24.26762890296526,-0.9902178361538265,171.97934637514803,2,0.13272883389861737,central,central,central,,9,2.97341133239259e-10,0.0025,0.2625,9.658420734605377e-05,0.00029681737165665467,0.01672028889135646,1.3928428975629181e-05,0
0.00025,-0.6666666666666666,timing,4.338074437662922,0.5884742752552565,7.371731645841679,-0.8360824912461722,146.7287233947112,2,6.517018669829875,central,central,central,,17,4.3380744376629213e-10,0.0025,0.2625,4.3347642052924895,0.5894166203576444,7.3543297823231635,-0.8354636581527245,146.6641483572512,2,6.527933367447899,central,central,central,,17,4.33476420529249e-10,0.0025,0.2625,0.000942345102387887,0.0033102323704321535,0.017401863518515803,0.0006188330934476793,0
0.00025,-0.6666666666666666,all_shooting,9.572934569267376,0.7722613703875969,12.39597749718173,-0.9569565926630306,163.12820905509332,2,54.653603753642045,central,central,central,,71,9.572934569267374e-10,0.0025,0.2625,9.572752919761434,0.7729275623246094,12.385058298310662,-0.9568859379969817,163.11426640363638,2,54.7458606821329,central,central,central,,71,9.572752919761435e-10,0.0025,0.2625,0.0006661919370124503,0.00018164950594190543,0.010919198871068403,7.065466604883053e-05,0
0.00025,-0.6666666666666666,ringdown_only,2.1842998296719456,0.0810499078229686,26.950059393564644,-0.7696038348562902,140.31832688803905,2,0.0313422055391126,central,central,central,,4,2.1842998296719455e-10,0.0025,0.2625,2.1842998296719456,0.08104990782296868,26.950059393564644,-0.7696038348562902,140.31832688803905,2,0.03134220553911265,central,central,central,,4,2.1842998296719457e-10,0.0025,0.2625,8.326672684688674e-17,0.0,0.0,0.0,0
0.00025,-0.6666666666666666,ringdown_plus_photon_geometry,6.5240459618453,0.6454281698183473,10.10808989586163,-0.934848522810824,159.20368653435506,2,17.730862283483148,central,central,central,,31,6.5240459618453e-10,0.0025,0.2625,6.525129949359144,0.6454949944949016,10.108722770910166,-0.9348586947971951,159.20532810344153,2,17.74042778726979,central,central,central,,31,6.525129949359144e-10,0.0025,0.2625,6.682467655427793e-05,0.0010839875138435318,0.0006328750485362633,1.0171986371099173e-05,0
0.00025,-0.6666666666666666,ringdown_plus_all_shooting,9.806149811713576,0.924459082577578,10.607446015211464,-0.938265903078316,159.7623473590021,2,82.181191755257,central,central,central,,75,9.806149811713575e-10,0.0025,0.2625,9.80597194128365,0.9250214049539399,10.600805439493504,-0.9381960118351255,159.75077405883295,2,82.27821424773218,central,central,central,,75,9.80597194128365e-10,0.0025,0.2625,0.0005623223763618901,0.00017787042992623014,0.006640575717959507,6.989124319056739e-05,0
0.00025,-0.64,orbital,3.8601294523200895,0.033678988696,114.61536114291172,-0.9994955350570024,178.18000001406926,2,0.0169013666369697,central,central,central,,18,3.8601294523200894e-10,0.0025,0.2625,3.860872403637231,0.0335984201694385,114.912319810475,-0.9994979867863992,178.1844284254405,2,0.016827074283085056,central,central,central,,18,3.860872403637231e-10,0.0025,0.2625,8.056852656149888e-05,0.0007429513171413049,0.29695866756327405,2.451729396835134e-06,0
0.00025,-0.64,photon_geometry,4.578346449348364,0.2556119711071982,17.91131467558811,-0.9814827301101768,168.9567079510689,2,1.3695556536610278,central,central,central,,27,4.5783464493483634e-10,0.0025,0.2625,4.579264896150881,0.25569275290783344,17.909247892534186,-0.9814781777740301,168.95534635938156,2,1.3709713263182703,central,central,central,,27,4.579264896150881e-10,0.0025,0.2625,8.078180063525453e-05,0.000918446802517181,0.00206678305392316,4.552336146712577e-06,0
0.00025,-0.64,redshift,2.156144340258636,0.0980438949502267,21.991622643645787,-0.9883586029330492,171.24890497358925,2,0.0446886024814658,central,central,central,,9,2.156144340258636e-10,0.0025,0.2625,2.156378823785693,0.09812832823225145,21.975089789382192,-0.9883401859019044,171.24197196580118,2,0.04477534250594011,central,central,central,,9,2.156378823785693e-10,0.0025,0.2625,8.443328202475953e-05,0.00023448352705690567,0.016532854263594743,1.8417031144801754e-05,0
0.00025,-0.64,timing,3.5381348353974533,0.439164338876258,8.05651671183252,-0.843305247859332,147.4908093041638,2,2.4143648147326155,central,central,central,,17,3.538134835397453e-10,0.0025,0.2625,3.5353830710701413,0.43991199684458276,8.036568896572199,-0.8426020274775534,147.41591596487504,2,2.4188256623878996,central,central,central,,17,3.5353830710701415e-10,0.0025,0.2625,0.0007476579683247664,0.0027517643273120562,0.019947815260321633,0.0007032203817786131,0
0.00025,-0.64,all_shooting,7.275669817208365,0.6023209404510419,12.079390452140103,-0.9537189387047368,162.5003787845535,2,19.20445062785493,central,central,central,,71,7.275669817208363e-10,0.0025,0.2625,7.275374153413261,0.6029063745816566,12.067170725241514,-0.9536308725709068,162.4836063036445,2,19.240236991892395,central,central,central,,71,7.275374153413262e-10,0.0025,0.2625,0.000585434130614737,0.00029566379510370666,0.0122197268985893,8.806613382994488e-05,0
0.00025,-0.64,ringdown_only,2.0861958333287327,0.071932839143441,29.001994890937883,-0.7971353809376167,142.8574155484945,2,0.0225198011447535,central,central,central,,4,2.0861958333287327e-10,0.0025,0.2625,2.0861958333287327,0.07193283914344101,29.001994890937883,-0.7971353809376167,142.8574155484945,2,0.02251980114475356,central,central,central,,4,2.0861958333287327e-10,0.0025,0.2625,1.3877787807814457e-17,0.0,0.0,0.0,0
0.00025,-0.64,ringdown_plus_photon_geometry,5.007329297545363,0.5573458390652368,8.984240926501759,-0.9117400743258472,155.74693544466453,2,7.788643613233604,central,central,central,,31,5.007329297545362e-10,0.0025,0.2625,5.008168137374171,0.5573913070230351,8.9850129958471,-0.9117598579604531,155.74969510562178,2,7.792524640301883,central,central,central,,31,5.008168137374172e-10,0.0025,0.2625,4.546795779825086e-05,0.0008388398288081689,0.000772069345341464,1.97836346058633e-05,0
0.00025,-0.64,ringdown_plus_all_shooting,7.554656882523564,0.7633535092127045,9.89666883213148,-0.9255514459076268,157.75165574687037,2,33.25683391153067,central,central,central,,75,7.554656882523563e-10,0.0025,0.2625,7.554372020095375,0.7638166920213509,9.890294489511113,-0.9254642156365067,157.7384591509842,2,33.29469387894204,central,central,central,,75,7.554372020095376e-10,0.0025,0.2625,0.000463182808646434,0.0002848624281890366,0.006374342620366846,8.723027112012005e-05,0
0.00025,-0.61,orbital,2.787926176230891,0.0323966956263831,86.05588077200278,-0.9991374485437112,177.6200854818574,2,0.0081576293782801,central,central,central,,18,2.787926176230891e-10,0.0025,0.2625,2.7884521087990133,0.03083733578095573,90.42454667958322,-0.9992186553055532,177.7349007000212,2,0.0073940107797345125,central,central,central,,18,2.788452108799013e-10,0.0025,0.2625,0.0015593598454273702,0.0005259325681223892,4.368665907580436,8.120676184197873e-05,0
0.00025,-0.61,photon_geometry,3.2554022188000493,0.1767231314361063,18.420917467598343,-0.982642180721494,169.3090716095907,2,0.3309756982672302,central,central,central,,27,3.2554022188000487e-10,0.0025,0.2625,3.2560991008739006,0.17677822508819654,18.419118640032718,-0.9826384852212575,169.30793030069162,2,0.33132390168709147,central,central,central,,27,3.2560991008739007e-10,0.0025,0.2625,5.509365209024897e-05,0.0006968820738513237,0.0017988275656257713,3.6955002364891243e-06,0
0.00025,-0.61,redshift,1.4953986483204715,0.0784360898541742,19.06518607825387,-0.9849161675256451,170.03583527778798,2,0.0137577001024886,central,central,central,,9,1.4953986483204716e-10,0.0025,0.2625,1.495592760378378,0.07850846082783237,19.050083833106672,-0.9848904012096462,170.02730694599856,2,0.013786678067282681,central,central,central,,9,1.4955927603783782e-10,0.0025,0.2625,7.237097365817013e-05,0.00019411205790653696,0.01510224514719738,2.5766315998931866e-05,0
0.00025,-0.61,timing,2.842455309994122,0.3199553432124324,8.88391261560177,-0.8536769859598997,148.6138798088366,2,0.8271152439169206,central,central,central,,17,2.842455309994122e-10,0.0025,0.2625,2.840633610864873,0.32052013612537694,8.862574580193334,-0.8529363857838917,148.5324978822707,2,0.8289743250396939,central,central,central,,17,2.840633610864873e-10,0.0025,0.2625,0.0005647929129445339,0.0018216991292492324,0.021338035408435374,0.0007406001760079661,0
0.00025,-0.61,all_shooting,5.348934148278555,0.4643845467795195,11.518329335834084,-0.9477419107369708,161.39524043012702,2,6.170069006899495,central,central,central,,71,5.348934148278555e-10,0.0025,0.2625,5.3487083515893135,0.46482332311796043,11.506970682346648,-0.947642840720551,161.37745672554516,2,6.181212270717636,central,central,central,,71,5.348708351589314e-10,0.0025,0.2625,0.000438776338440916,0.00022579668924116447,0.011358653487436143,9.907001641973334e-05,0
0.00025,-0.61,ringdown_only,1.979031729314041,0.0630033351532955,31.41153915897933,-0.8252511517207962,145.61396252359555,2,0.0155464986780315,central,central,central,,4,1.9790317293140408e-10,0.0025,0.2625,1.979031729314041,0.06300333515329551,31.41153915897933,-0.8252511517207962,145.61396252359557,2,0.015546498678031576,central,central,central,,4,1.979031729314041e-10,0.0025,0.2625,1.3877787807814457e-17,0.0,0.0,0.0,0
0.00025,-0.61,ringdown_plus_photon_geometry,3.7844222433179855,0.4770314051559744,7.933276934001018,-0.8728815821971179,150.79524448385487,2,3.2590657032590364,central,central,central,,31,3.784422243317986e-10,0.0025,0.2625,3.78501961075216,0.4770685984959512,7.933910600456934,-0.8729142447539896,150.79908013781136,2,3.2606030533396146,central,central,central,,31,3.78501961075216e-10,0.0025,0.2625,3.719333997675989e-05,0.0005973674341746005,0.0006336664559158933,3.266255687173203e-05,0
0.00025,-0.61,ringdown_plus_all_shooting,5.687978734073844,0.6278403113084624,9.059594663840086,-0.9042201225433156,154.7184506526945,2,12.753057606232916,central,central,central,,75,5.687978734073844e-10,0.0025,0.2625,5.687767571682622,0.628154287148813,9.054730164303026,-0.9041238101453843,154.7055323496096,2,12.764868288325742,central,central,central,,75,5.687767571682623e-10,0.0025,0.2625,0.0003139758403506443,0.00021116239122154212,0.004864499537060141,9.631239793128632e-05,0
0.00025,-0.58,orbital,1.991283274698736,0.0285099362685994,69.84523767216962,-0.9987351076196864,177.11789229114058,2,0.0032229872315902,central,central,central,,18,1.9912832746987363e-10,0.0025,0.2625,1.9918486969181235,0.02842273306573411,70.07942171892883,-0.9987433799369955,177.12733413406866,2,0.003205120518398886,central,central,central,,18,1.9918486969181237e-10,0.0025,0.2625,8.720320286528804e-05,0.0005654222193876013,0.23418404675921067,8.272317309043764e-06,0
0.00025,-0.58,photon_geometry,2.3008770078395067,0.1248561978902785,18.42821619365245,-0.9828789169201444,169.38243729754777,2,0.0825290830812449,central,central,central,,27,2.3008770078395067e-10,0.0025,0.2625,2.3013942001382413,0.12489400595247839,18.426778631905773,-0.982875949035537,169.38151443446836,2,0.08261620088774727,central,central,central,,27,2.3013942001382412e-10,0.0025,0.2625,3.780806219988442e-05,0.0005171922987345923,0.001437561746676863,2.9678846074077114e-06,0
0.00025,-0.58,redshift,1.0321620332139416,0.0647763142885832,15.934250729604406,-0.9789224882480884,168.21544776290366,2,0.0044702131003561,central,central,central,,9,1.0321620332139416e-10,0.0025,0.2625,1.0323339311205046,0.06483790332718574,15.921766098930279,-0.9788854773850613,168.2050691505888,2,0.004480209569675255,central,central,central,,9,1.0323339311205047e-10,0.0025,0.2625,6.158903860253861e-05,0.00017189790656302328,0.012484630674126862,3.701086302709822e-05,0
0.00025,-0.58,timing,2.3040176928523657,0.2363530502176488,9.748203760140523,-0.8646030123486758,149.83740532487226,2,0.2965473464988492,central,central,central,,17,2.3040176928523654e-10,0.0025,0.2625,2.3030180023129203,0.23674602844041334,9.727799944456375,-0.8639127540415638,149.75878690563178,2,0.2972761514353024,central,central,central,,17,2.3030180023129203e-10,0.0025,0.2625,0.0003929782227645451,0.0009996905394453748,0.02040381568414773,0.0006902583071120016,0
0.00025,-0.58,all_shooting,3.946832750649575,0.3634170295157417,10.860340683288245,-0.9390406580244548,159.89106656942838,2,2.057349119668464,central,central,central,,71,3.9468327506495744e-10,0.0025,0.2625,3.946864437607381,0.3638706796137793,10.846887805845402,-0.9388871448818861,159.8654989652537,2,2.062521782350909,central,central,central,,71,3.946864437607381e-10,0.0025,0.2625,0.0004536500980376057,3.1686957806087435e-05,0.013452877442842848,0.0001535131425687286,0
0.00025,-0.58,ringdown_only,1.875155345205848,0.0552870075443852,33.91674515392147,-0.8500300763112926,148.21494079851806,2,0.0107478271278879,central,central,central,,4,1.8751553452058478e-10,0.0025,0.2625,1.8751553452058476,0.05528700754438524,33.91674515392147,-0.8500300763112926,148.21494079851806,2,0.010747827127887919,central,central,central,,4,1.8751553452058476e-10,0.0025,0.2625,3.469446951953614e-17,4.440892098500626e-16,0.0,0.0,0
0.00025,-0.58,ringdown_plus_photon_geometry,2.943859141913419,0.4032141487921267,7.300981750596004,-0.819872685008113,145.0720510644576,2,1.4089824322914732,central,central,central,,31,2.9438591419134193e-10,0.0025,0.2625,2.9442597325487143,0.4032525589531218,7.30127972452863,-0.8199167856858303,145.07646454847753,2,1.4096344427913148,central,central,central,,31,2.9442597325487147e-10,0.0025,0.2625,3.8410160995094866e-05,0.0004005906352952948,0.00029797393262587235,4.410067771731807e-05,0
0.00025,-0.58,ringdown_plus_all_shooting,4.354131479765464,0.5199653620336835,8.373887565770971,-0.8746491744920213,151.00348270216924,2,5.125684911923411,central,central,central,,75,4.3541314797654636e-10,0.0025,0.2625,4.354165228082275,0.5202404720405062,8.369524214454538,-0.874513984893772,150.98750798825742,2,5.1311898157652065,central,central,central,,75,4.354165228082275e-10,0.0025,0.2625,0.0002751100068226764,3.374831681046686e-05,0.004363351316433395,0.00013518959824931898,0
0.00025,-0.55,orbital,1.4084087702853725,0.0261225095609941,53.91552320028213,-0.9979378876147657,176.31982514095156,2,0.0013535903053143,central,central,central,,18,1.4084087702853722e-10,0.0025,0.2625,1.4088897245952032,0.02639085767025472,53.385522448676255,-0.9978970053699777,176.28351100297212,2,0.0013824868606407096,central,central,central,,18,1.4088897245952033e-10,0.0025,0.2625,0.0002683481092606195,0.00048095430983075005,0.5300007516058756,4.088224478793201e-05,0
0.00025,-0.55,photon_geometry,1.6163908112447978,0.0911091974987675,17.741247378088953,-0.9817606238486524,169.04014158612705,2,0.0216878843404681,central,central,central,,27,1.6163908112447978e-10,0.0025,0.2625,1.616767852762349,0.0911353417735628,17.740295052378382,-0.9817583843205993,169.0394666924739,2,0.02171045791578991,central,central,central,,27,1.616767852762349e-10,0.0025,0.2625,2.6144274795303346e-05,0.0003770415175512465,0.0009523257105712446,2.2395280531162243e-06,0
0.00025,-0.55,redshift,0.7097386636402656,0.0549829715920055,12.908335855449836,-0.968373497217728,165.5517744737656,2,0.0015228367350614,central,central,central,,9,7.097386636402656e-11,0.0025,0.2625,0.709898910511626,0.05503445265575839,12.89917272280435,-0.9683195913857031,165.53940084509188,2,0.0015263787894440439,central,central,central,,9,7.098989105116261e-11,0.0025,0.2625,5.148106375289091e-05,0.00016024687136040328,0.009163132645486627,5.390583202491417e-05,0
0.00025,-0.55,timing,1.8816060308172189,0.1762590499875753,10.675230752405929,-0.8759085974316311,151.15269088384034,2,0.1099917831539745,central,central,central,,17,1.8816060308172187e-10,0.0025,0.2625,1.8812513351997355,0.17651221178636275,10.657910385694233,-0.8753302485260109,151.08408455384324,2,0.11026638991862261,central,central,central,,17,1.8812513351997357e-10,0.0025,0.2625,0.0002531617987874546,0.0003546956174833582,0.017320366711695456,0.0005783489056201407,0
0.00025,-0.55,all_shooting,2.932895150255709,0.2858398740829385,10.260622873786703,-0.9278730116046716,158.10564715446168,2,0.7028112401314276,central,central,central,,71,2.932895150255709e-10,0.0025,0.2625,2.93312510465479,0.2862449918400627,10.246904533769634,-0.927670279940425,158.07451833371533,2,0.7049153505291686,central,central,central,,71,2.9331251046547904e-10,0.0025,0.2625,0.00040511775712420706,0.0002299543990811337,0.013718340017069508,0.00020273166424666922,0
0.00025,-0.55,ringdown_only,1.7745522621088796,0.0486005103188506,36.51303762998934,-0.8715154337689418,150.63522307221265,2,0.0074380526375033,central,central,central,,4,1.7745522621088796e-10,0.0025,0.2625,1.7745522621088796,0.04860051031885067,36.51303762998934,-0.8715154337689418,150.63522307221265,2,0.007438052637503382,central,central,central,,4,1.7745522621088796e-10,0.0025,0.2625,6.938893903907228e-17,0.0,0.0,0.0,0
0.00025,-0.55,ringdown_plus_photon_geometry,2.379863928404909,0.3296446016267051,7.219484003866399,-0.7587255980065396,139.35197786874534,2,0.6154548364593617,central,central,central,,31,2.379863928404909e-10,0.0025,0.2625,2.3801152708749864,0.3296861813189101,7.219335858583249,-0.7587734561222003,139.35618748147786,2,0.6157401455732429,central,central,central,,31,2.3801152708749864e-10,0.0025,0.2625,4.157969220497382e-05,0.0002513424700776312,0.0001481452831502139,4.785811566065945e-05,0
0.00025,-0.55,ringdown_plus_all_shooting,3.4136430530897632,0.426634788384873,8.001323722364312,-0.83830152867299,146.96119746544684,2,2.1210394467018534,central,central,central,,75,3.413643053089764e-10,0.0025,0.2625,3.413848081771744,0.42684668213783067,7.997832066243864,-0.8381454487626182,146.94479863925088,2,2.1234019005526346,central,central,central,,75,3.413848081771744e-10,0.0025,0.2625,0.00021189375295765922,0.0002050286819805791,0.0034916561204481056,0.00015607991037180913,0
0.00025,-0.525,orbital,1.0485148798216797,0.0243302610657639,43.09509367727599,-0.996838245878042,175.44261025203966,2,0.000650792791853,central,central,central,,18,1.0485148798216795e-10,0.0025,0.2625,1.0489080152208847,0.02436055630789388,43.057638009727754,-0.9968331079132068,175.43890683840746,2,0.0006529038233041136,central,central,central,,18,1.0489080152208848e-10,0.0025,0.2625,3.029524212997889e-05,0.0003931353992050468,0.037455667548236704,5.137964835255637e-06,0
0.00025,-0.525,photon_geometry,1.1994519469316332,0.0723590702203533,16.576386944704673,-0.9793210301260862,168.32778359292595,2,0.0075327171976825,central,central,central,,27,1.199451946931633e-10,0.0025,0.2625,1.1997384369086037,0.07237844571265466,16.575907718046526,-0.9793195646804705,168.3273685794921,2,0.007540352536524435,central,central,central,,27,1.1997384369086037e-10,0.0025,0.2625,1.937549230135449e-05,0.0002864899769705609,0.0004792266581468141,1.4654456156337758e-06,0
0.00025,-0.525,redshift,0.5192791738939321,0.0487677245712015,10.64800907690038,-0.953626825025178,162.4828358093488,2,0.0006413082037008,central,central,central,,9,5.192791738939321e-11,0.0025,0.2625,0.5194346955229285,0.04881098128519947,10.641758920762205,-0.9535538263875779,162.4689453562619,2,0.0006428312590954364,central,central,central,,9,5.194346955229285e-11,0.0025,0.2625,4.325671399797032e-05,0.00015552162899645783,0.0062501561381740345,7.299863760013015e-05,0
0.00025,-0.525,timing,1.5971858838077246,0.1388590835691837,11.502206717445016,-0.8854987795777558,152.31296390660987,2,0.0491880397993667,central,central,central,,17,1.5971858838077246e-10,0.0025,0.2625,1.5972267251490684,0.139024772040963,11.488792261270193,-0.8850379365742643,152.25619014784652,2,0.049308015049336545,central,central,central,,17,1.5972267251490684e-10,0.0025,0.2625,0.00016568847177930723,4.084134134374473e-05,0.013414456174823286,0.00046084300349147345,0
0.00025,-0.525,all_shooting,2.309023780190089,0.2337074010232949,9.87997714270048,-0.9172938479669234,156.53361332599235,2,0.2912069548296473,central,central,central,,71,2.3090237801900886e-10,0.0025,0.2625,2.3093951909369506,0.23401342515696433,9.868644029238602,-0.9170775379205842,156.50250944102922,2,0.2920640214178823,central,central,central,,71,2.3093951909369508e-10,0.0025,0.2625,0.0003060241336694247,0.00037141074686175557,0.01133311346187682,0.00021631004633915207,0
0.00025,-0.525,ringdown_only,1.6932438259862477,0.0437302638150589,38.7201831927472,-0.8869183152257102,152.48852217778688,2,0.0054828099995402,central,central,central,,4,1.6932438259862474e-10,0.0025,0.2625,1.6932438259862475,0.04373026381505897,38.7201831927472,-0.8869183152257102,152.48852217778688,2,0.005482809999540223,central,central,central,,4,1.6932438259862474e-10,0.0025,0.2625,6.938893903907228e-17,2.220446049250313e-16,0.0,0.0,0
0.00025,-0.525,ringdown_plus_photon_geometry,2.0591147942231336,0.2701000971242707,7.623524819673622,-0.7109710726940681,135.3139794918608,2,0.3093218496959619,central,central,central,,31,2.0591147942231336e-10,0.0025,0.2625,2.059276888998054,0.2701418905909557,7.622945425062476,-0.7110124691694956,135.31735241879895,2,0.30946629885366245,central,central,central,,31,2.059276888998054e-10,0.0025,0.2625,4.179346668503614e-05,0.00016209477492035163,0.0005793946111456449,4.139647542744651e-05,0
0.00025,-0.525,ringdown_plus_all_shooting,2.850950522679546,0.3567605278383537,7.991216236711299,-0.8060547300889942,143.7122395607087,2,1.034505862843383,central,central,central,,75,2.8509505226795455e-10,0.0025,0.2625,2.8512606395124336,0.3568867983793119,7.9892578051654715,-0.8059200201226887,143.69920038867397,2,1.0354635227677542,central,central,central,,75,2.8512606395124337e-10,0.0025,0.2625,0.00012627054095820656,0.00031011683288761915,0.0019584315458276436,0.0001347099663054907,0
0.00025,-0.5,orbital,0.7769408404320983,0.0226764563056285,34.2620041668174,-0.9950969403960802,174.3239158684793,2,0.000310403262319,central,central,central,,18,7.769408404320983e-11,0.0025,0.2625,0.777232490367522,0.02276505383387255,34.14147385898394,-0.9950625566146198,174.3040318961163,2,0.00031306841695073344,central,central,central,,18,7.77232490367522e-11,0.0025,0.2625,8.859752824405195e-05,0.0002916499354236324,0.1205303078334552,3.438378146036758e-05,0
0.00025,-0.5,photon_geometry,0.8877619035799813,0.0593962994708246,14.946417731226644,-0.974863028786726,167.12616130613546,2,0.0027804288429203,central,central,central,,27,8.877619035799812e-11,0.0025,0.2625,0.8879777444757729,0.05941083833118476,14.946393106351325,-0.9748626926274937,167.1260748608568,2,0.0027831430143514906,central,central,central,,27,8.87977744475773e-11,0.0025,0.2625,1.4538860360159556e-05,0.00021584089579163024,2.462487531929014e-05,3.3615923233920597e-07,0
0.00025,-0.5,redshift,0.3815277977272661,0.0437148271144673,8.727651987007404,-0.9301519136042646,158.45850792157304,2,0.0002781697509704,central,central,central,,9,3.8152779772726615e-11,0.0025,0.2625,0.3816814030867442,0.04374981619865447,8.72418300807588,-0.9300572230010112,158.44373675740366,2,0.00027883960940813487,central,central,central,,9,3.816814030867442e-11,0.0025,0.2625,3.498908418717028e-05,0.00015360535947811504,0.0034689789315240915,9.469060325340006e-05,0
0.00025,-0.5,timing,1.3608441138824403,0.1100385871035561,12.366971893248358,-0.8949638814843364,153.503790867753,2,0.022423673907661,central,central,central,,17,1.3608441138824402e-10,0.0025,0.2625,1.3611635180019666,0.11014146740287567,12.358320168580105,-0.8946236152071116,153.46012521731046,2,0.022476170487138954,central,central,central,,17,1.3611635180019665e-10,0.0025,0.2625,0.00010288029931956877,0.00031940411952624537,0.008651724668252925,0.00034026627722472114,0
0.00025,-0.5,all_shooting,1.836015903036088,0.1905928968450075,9.633181159574686,-0.9063483016600404,155.00549326852473,2,0.1224521174091863,central,central,central,,71,1.8360159030360878e-10,0.0025,0.2625,1.836496500397431,0.19082799491498403,9.623831666918736,-0.9061152835434619,154.97391438726217,2,0.12281866836226586,central,central,central,,71,1.836496500397431e-10,0.0025,0.2625,0.00023509806997654148,0.00048059736134287157,0.009349492655950087,0.00023301811657849836,0
0.00025,-0.5,ringdown_only,1.6142713930218522,0.0394366603363276,40.933268163553,-0.9001405098158147,154.17654277524667,2,0.0040527830957972,central,central,central,,4,1.6142713930218522e-10,0.0025,0.2625,1.6142713930218522,0.03943666033632761,40.933268163552995,-0.9001405098158147,154.17654277524667,2,0.00405278309579728,central,central,central,,4,1.6142713930218522e-10,0.0025,0.2625,6.938893903907228e-18,0.0,7.105427357601002e-15,0.0,0
0.00025,-0.5,ringdown_plus_photon_geometry,1.8309839096274405,0.2158110771748911,8.484198001308476,-0.675774487573532,132.5143225253477,2,0.1561408432574484,central,central,central,,31,1.8309839096274402e-10,0.0025,0.2625,1.8310844634675447,0.2158499259913291,8.483136860288296,-0.6758006961105394,132.51635976025966,2,0.15621421961379017,central,central,central,,31,1.8310844634675447e-10,0.0025,0.2625,3.8848816438008527e-05,0.00010055384010421164,0.0010611410201804006,2.620853700741055e-05,0
0.00025,-0.5,ringdown_plus_all_shooting,2.434759908238937,0.29436646933492,8.271186299648658,-0.7761365730792219,140.9081921431497,2,0.513675629190229,central,central,central,,75,2.434759908238937e-10,0.0025,0.2625,2.435132420323144,0.29443538444559286,8.270515532324271,-0.7760317979984245,140.8986728109636,2,0.5140734417250239,central,central,central,,75,2.4351324203231445e-10,0.0025,0.2625,6.891511067286249e-05,0.00037251208420707727,0.0006707673243866452,0.0001047750807974257,0
0.00025,-0.475,orbital,0.5736582229831463,0.0209994307930912,27.317798688709196,-0.9923804643670596,172.9225301385914,2,0.0001451180695503,central,central,central,,18,5.7365822298314626e-11,0.0025,0.2625,0.573858525441671,0.02099495070650246,27.33316850627033,-0.9923887066159702,172.92636398768192,2,0.0001451574715365769,central,central,central,,18,5.7385852544167104e-11,0.0025,0.2625,4.4800865887408e-06,0.00020030245852475925,0.015369817561133203,8.242248910605987e-06,0
0.00025,-0.475,photon_geometry,0.656188341597259,0.0496370770333179,13.219721643899485,-0.9680169727550464,165.47012874491583,2,0.0010608877115073,central,central,central,,27,6.561883415972589e-11,0.0025,0.2625,0.6563497374671827,0.0496480118413757,13.2200608468312,-0.9680184385908033,165.47046350882871,2,0.0010618773452122285,central,central,central,,27,6.563497374671828e-11,0.0025,0.2625,1.0934808057798395e-05,0.00016139586992369725,0.0003392029317161871,1.4658357568864133e-06,0
0.00025,-0.475,redshift,0.2833650960770171,0.0389054570885145,7.283428014541189,-0.89492747653041,153.4991159090669,2,0.0001215384666211,central,central,central,,9,2.833650960770172e-11,0.0025,0.2625,0.2835183282421388,0.03893174991828469,7.282445018197898,-0.8948176627829828,153.48501875877054,2,0.00012183445608410756,central,central,central,,9,2.835183282421388e-11,0.0025,0.2625,2.6292829770194204e-05,0.00015323216512169724,0.0009829963432910205,0.00010981374742724537,0
0.00025,-0.475,timing,1.1629909529321245,0.0871324013533199,13.347399301164918,-0.9051634294044072,154.8453032524892,2,0.0102686189711459,central,central,central,,17,1.1629909529321243e-10,0.0025,0.2625,1.1634907717982113,0.08719186290060224,13.344029283152006,-0.9049385736087533,154.81501122832748,2,0.010291479172383338,central,central,central,,17,1.1634907717982112e-10,0.0025,0.2625,5.946154728234121e-05,0.0004998188660867431,0.003370018012912368,0.0002248557956538999,0
0.00025,-0.475,all_shooting,1.4768075086721584,0.1534950113765598,9.62120850331219,-0.8972277231574404,153.7960231733481,2,0.0513849944985215,central,central,central,,71,1.4768075086721583e-10,0.0025,0.2625,1.4773682261310364,0.1536520197241985,9.615026400452626,-0.8970144605725282,153.76836479849834,2,0.05152927776728538,central,central,central,,71,1.4773682261310365e-10,0.0025,0.2625,0.00015700834763870963,0.0005607174588779795,0.006182102859563443,0.0002132625849121661,0
0.00025,-0.475,ringdown_only,1.537676279051878,0.0356225563439876,43.16580382955609,-0.9115688479961552,155.72306303711505,2,0.0030004057817984,central,central,central,,4,1.5376762790518779e-10,0.0025,0.2625,1.5376762790518779,0.03562255634398761,43.16580382955609,-0.9115688479961551,155.72306303711505,2,0.003000405781798446,central,central,central,,4,1.5376762790518779e-10,0.0025,0.2625,6.938893903907228e-18,2.220446049250313e-16,0.0,1.1102230246251565e-16,0
0.00025,-0.475,ringdown_plus_photon_geometry,1.6644678262896682,0.1682591453396482,9.89228741730365,-0.6616300403259672,131.4243077271757,2,0.0784346868180388,central,central,central,,31,1.6644678262896683e-10,0.0025,0.2625,1.6645283992928985,0.1682926515917108,9.890677837385054,-0.6616351913604297,131.4247013273996,2,0.07847163921924633,central,central,central,,31,1.6645283992928985e-10,0.0025,0.2625,3.350625206260949e-05,6.057300323036863e-05,0.0016095799185968929,5.1510344625249616e-06,0
0.00025,-0.475,ringdown_plus_all_shooting,2.124437826330701,0.2387516783659391,8.89810635414481,-0.7539077938334315,138.93002650951138,2,0.2572651253833992,central,central,central,,75,2.1244378263307008e-10,0.0025,0.2625,2.1248365287032733,0.2387736390693551,8.898957761774051,-0.7538641775315144,138.92622284134248,2,0.2574090456811568,central,central,central,,75,2.1248365287032735e-10,0.0025,0.2625,2.1960703415979665e-05,0.00039870237257222385,0.0008514076292414074,4.361630191718202e-05,0
0.00025,-0.45,orbital,0.4295511175771354,0.0227164046939729,18.909291473007706,-0.9872701453900612,170.84810266100257,2,9.521577369361496e-05,central,one_sided_backward,one_sided,,18,4.295511175771354e-11,0.0025,0.2625,0.4296908781113073,0.022710219993912758,18.920595142912816,-0.9872844138381662,170.8532440464565,2,9.522587037015808e-05,central,one_sided_backward,one_sided,,18,4.296908781113073e-11,0.0025,0.2625,6.184700060141157e-06,0.0001397605341719177,0.01130366990511078,1.4268448105037024e-05,0
0.00025,-0.45,photon_geometry,0.4926388107125946,0.0507084808161397,9.71511673754964,-0.9522486124123182,162.22235866137592,2,0.0006240486464205,central,one_sided_backward,one_sided,,27,4.9263881071259455e-11,0.0025,0.2625,0.4927603759571426,0.05071892659843808,9.715512709062684,-0.9522524466282933,162.22307818846693,2,0.000624613926578949,central,one_sided_backward,one_sided,,27,4.9276037595714265e-11,0.0025,0.2625,1.044578229838361e-05,0.00012156524454803863,0.0003959715130452679,3.834215975162536e-06,0
0.00025,-0.45,redshift,0.2173506470758351,0.0404024522020934,5.379639978005418,-0.8335873172524729,146.46902529542373,2,7.711472696273555e-05,central,one_sided_backward,one_sided,,9,2.173506470758351e-11,0.0025,0.2625,0.21750115039187218,0.04042390733692389,5.38050784104195,-0.8334737464193354,146.4572471183028,2,7.730359586353287e-05,central,one_sided_backward,one_sided,,9,2.1750115039187217e-11,0.0025,0.2625,2.145513483048367e-05,0.00015050331603708167,0.0008678630365315243,0.00011357083313756622,0
0.00025,-0.45,timing,0.99799053194147,0.0820705135712203,12.160159459407058,-0.8978251418661493,153.8736482518052,2,0.0067085265734973,central,one_sided_backward,one_sided,,17,9.979905319414702e-11,0.0025,0.2625,0.9985857522134336,0.0821099448970393,12.161568899669794,-0.8976484226504864,153.85066408671688,2,0.00672298669680995,central,one_sided_backward,one_sided,,17,9.985857522134336e-11,0.0025,0.2625,3.943132581898934e-05,0.0005952202719635702,0.001409440262735373,0.0001767192156628683,0
0.00025,-0.45,all_shooting,1.2083710205827232,0.1474054106460951,8.197602891822571,-0.8729341666657573,150.80141984832886,2,0.0317268863371964,central,one_sided_backward,one_sided,,71,1.208371020582723e-10,0.0025,0.2625,1.2089769722389667,0.14753397347627115,8.194566605592131,-0.8727120867426809,150.775347537989,2,0.031814136207755396,central,one_sided_backward,one_sided,,71,1.2089769722389667e-10,0.0025,0.2625,0.00012856283017603776,0.000605951656243553,0.003036286230440055,0.00022207992307643476,0
0.00025,-0.45,ringdown_only,1.4635470401669564,0.0346278539046752,42.26502295510017,-0.9127570199963086,155.889175799608,2,0.0025684110198108,central,one_sided_backward,one_sided,,4,1.4635470401669562e-10,0.0025,0.2625,1.4635470401669564,0.03462785390467529,42.26502295510017,-0.9127570199963086,155.889175799608,2,0.002568411019810839,central,one_sided_backward,one_sided,,4,1.4635470401669565e-10,0.0025,0.2625,9.020562075079397e-17,0.0,0.0,0.0,0
0.00025,-0.45,ringdown_plus_photon_geometry,1.538065087158398,0.1509607980865606,10.18850659676875,-0.6355800572416187,129.46301951621945,2,0.0539110505115103,central,one_sided_backward,one_sided,,31,1.5380650871583979e-10,0.0025,0.2625,1.538101233286619,0.15099278406071526,10.186587676058332,-0.6355674781825629,129.4620859805754,2,0.05393643359958883,central,one_sided_backward,one_sided,,31,1.5381012332866192e-10,0.0025,0.2625,3.198597415465798e-05,3.614612822100405e-05,0.0019189207104179928,1.2579059055828345e-05,0
0.00025,-0.45,ringdown_plus_all_shooting,1.8908693040541649,0.2228703221721036,8.484168217758524,-0.7157911874039222,135.70807741343302,2,0.177593679393713,central,one_sided_backward,one_sided,,75,1.8908693040541648e-10,0.0025,0.2625,1.8912659431250156,0.22287609148749657,8.485728238065034,-0.7157874612248782,135.70777168616377,2,0.177677391755091,central,one_sided_backward,one_sided,,75,1.8912659431250158e-10,0.0025,0.2625,5.769315392978314e-06,0.0003966390708507461,0.0015600203065098128,3.726179043983535e-06,0
0.0005,-0.7125,orbital,7.67253358853414,0.1985733945931845,38.638275808563314,-0.9980136328380724,176.38807013352957,2,2.3212382420130417,central,one_sided_forward,one_sided,,18,7.67253358853414e-10,0.0025,0.2625,7.6728342971562835,0.19863603609595648,38.627604778871614,-0.9980122647642269,176.38682611026803,2,2.322885048244323,central,one_sided_forward,one_sided,,18,7.672834297156284e-10,0.0025,0.2625,6.264150277199287e-05,0.00030070862214337524,0.010671029691700085,1.3680738455423835e-06,0
0.0005,-0.7125,photon_geometry,10.228175100131988,0.7806266739298873,13.102518068772325,-0.984801463219804,169.99792487570895,2,63.75042472797078,central,one_sided_forward,one_sided,,27,1.0228175100131988e-09,0.0025,0.2625,10.230305095894478,0.7826541240818443,13.071297756075793,-0.9847303136487292,169.97448085999983,2,64.10869369321338,central,one_sided_forward,one_sided,,27,1.0230305095894479e-09,0.0025,0.2625,0.0020274501519570443,0.0021299957624894006,0.03122031269653114,7.114957107479114e-05,0
0.0005,-0.7125,redshift,5.554264928669875,0.1869854401247788,29.70426427300122,-0.996910144688987,175.49475315912656,2,1.0786207327228985,central,one_sided_forward,one_sided,,9,5.554264928669874e-10,0.0025,0.2625,5.5529165421664795,0.18721295437695834,29.66096315635045,-0.9969002880954202,175.48756933404445,2,1.0807222335956936,central,one_sided_forward,one_sided,,9,5.552916542166479e-10,0.0025,0.2625,0.00022751425217953924,0.0013483865033956377,0.04330111665076686,9.85659356678159e-06,0
0.0005,-0.7125,timing,6.313015085437298,1.4414876603071494,4.379513789311337,-0.8554287241174167,148.80713069424633,2,82.81242689661248,central,one_sided_forward,one_sided,,17,6.313015085437297e-10,0.0025,0.2625,6.3137210336496885,1.4421156952684322,4.3780960531564475,-0.8553560389195588,148.79909071104692,2,82.903140982226,central,one_sided_forward,one_sided,,17,6.313721033649689e-10,0.0025,0.2625,0.0006280349612828307,0.0007059482123903393,0.001417736154889937,7.268519785785799e-05,0
0.0005,-0.7125,all_shooting,15.29774045997367,1.7111844900441922,8.939854556289601,-0.9658757784952796,164.98892471988583,2,685.2487425702903,central,one_sided_forward,one_sided,,71,1.5297740459973671e-09,0.0025,0.2625,15.299113537092536,1.7127051767526111,8.9327186866455,-0.9658217351813971,164.97697421296004,2,686.5904462688962,central,one_sided_forward,one_sided,,71,1.5299113537092536e-09,0.0025,0.2625,0.0015206867084189835,0.0013730771188651403,0.007135869644100623,5.404331388247918e-05,0
0.0005,-0.7125,ringdown_only,2.3666361598249197,0.1852672580541533,12.774173832340928,-0.7436598728360593,138.04412093382396,2,0.1922473400937027,central,one_sided_forward,one_sided,,4,2.3666361598249195e-10,0.0025,0.2625,2.3666361598249193,0.1852672580541533,12.774173832340928,-0.7436598728360593,138.04412093382396,2,0.19224734009370273,central,one_sided_forward,one_sided,,4,2.3666361598249195e-10,0.0025,0.2625,0.0,4.440892098500626e-16,0.0,0.0,0
0.0005,-0.7125,ringdown_plus_photon_geometry,10.452221480750492,1.2693701864493971,8.234179116800272,-0.960443806271094,163.83085853519057,2,176.03288038885825,central,one_sided_forward,one_sided,,31,1.045222148075049e-09,0.0025,0.2625,10.454300832307405,1.2706591244473338,8.227462921540383,-0.960383756043764,163.81850783910753,2,176.46074367881224,central,one_sided_forward,one_sided,,31,1.0454300832307405e-09,0.0025,0.2625,0.0012889379979366122,0.0020793515569135224,0.006716195259889091,6.0050227330021855e-05,0
0.0005,-0.7125,ringdown_plus_all_shooting,15.451037693892896,1.9620755315435283,7.874843473399747,-0.9554243551606628,162.82830990386475,2,919.0661008728118,central,one_sided_forward,one_sided,,75,1.5451037693892895e-09,0.0025,0.2625,15.452398572436033,1.9633907078821216,7.870261639928148,-0.9553731715790319,162.81837960762192,2,920.4607322390448,central,one_sided_forward,one_sided,,75,1.5452398572436033e-09,0.0025,0.2625,0.001315176338593238,0.0013608785431369341,0.004581833471599239,5.1183581630920294e-05,0
0.0005,-0.69,orbital,6.514639826017446,0.0771002939604916,84.49565483311552,-0.9996260407420976,178.4330205180563,2,0.2522858469771028,central,central,central,,18,6.514639826017445e-10,0.0025,0.2625,6.515447066277575,0.07687273975077184,84.75627494741602,-0.9996282873516378,178.4377348191573,2,0.2508610067445604,central,central,central,,18,6.515447066277575e-10,0.0025,0.2625,0.00022755420971976026,0.0008072402601291273,0.2606201143004938,2.2466095401796338e-06,0
0.0005,-0.69,photon_geometry,8.366172048636873,0.8603230129025432,9.724454563189264,-0.9750931260526504,167.18546663946648,2,51.80559465461715,central,central,central,,27,8.366172048636874e-10,0.0025,0.2625,8.36868686295375,0.8608475126767756,9.721450941911428,-0.9750754690188668,167.1809061547881,2,51.8999684257813,central,central,central,,27,8.36868686295375e-10,0.0025,0.2625,0.000524499774232412,0.0025148143168767234,0.003003621277835933,1.7657033783646803e-05,0
0.0005,-0.69,redshift,4.413605784371733,0.2656601118680418,16.613731558481206,-0.9913676930085958,172.4662018898486,2,1.3748008204105644,central,central,central,,9,4.4136057843717335e-10,0.0025,0.2625,4.4127306949003735,0.2658586345413129,16.598034148914056,-0.9913512723761737,172.4590294344668,2,1.376310385486408,central,central,central,,9,4.4127306949003736e-10,0.0025,0.2625,0.00019852267327113982,0.0008750894713598356,0.01569740956714938,1.6420632422131654e-05,0
0.0005,-0.69,timing,5.335186502380776,1.4501178051541883,3.67914005566844,-0.8074851228965304,143.8509438409783,2,59.85573683504883,central,central,central,,17,5.335186502380777e-10,0.0025,0.2625,5.335214002327657,1.450362598133157,3.678538049171228,-0.8074744582660841,143.8499079988849,2,59.876564175009584,central,central,central,,17,5.335214002327657e-10,0.0025,0.2625,0.00024479297896862207,2.7499946880560344e-05,0.000602006497211871,1.0664630446299839e-05,0
0.0005,-0.69,all_shooting,12.653410210280237,1.7855601309528937,7.086521473531969,-0.95095863758464,161.98186084770006,2,510.4628438348645,central,central,central,,71,1.2653410210280235e-09,0.0025,0.2625,12.655217172068253,1.7858750195911846,7.086283773074577,-0.9509535460622066,161.98091775580787,2,510.78875732720275,central,central,central,,71,1.2655217172068253e-09,0.0025,0.2625,0.00031488863829087776,0.0018069617880165367,0.00023770045739190948,5.091522433442464e-06,0
0.0005,-0.69,ringdown_only,2.279168619210472,0.179717604126413,12.681944155049546,-0.7436698550721575,138.04497642373485,2,0.1677776680548727,central,central,central,,4,2.279168619210472e-10,0.0025,0.2625,2.279168619210472,0.17971760412641305,12.681944155049546,-0.7436698550721575,138.04497642373485,2,0.1677776680548727,central,central,central,,4,2.2791686192104722e-10,0.0025,0.2625,5.551115123125783e-17,0.0,0.0,0.0,0
0.0005,-0.69,ringdown_plus_photon_geometry,8.609153526471955,1.3573407838803064,6.342661790402027,-0.939668921442272,159.99603022463836,2,136.55220024267408,central,central,central,,31,8.609153526471954e-10,0.0025,0.2625,8.611609322454663,1.357597561759412,6.3432710583939445,-0.9396755164601756,159.9971348519143,2,136.68181497756686,central,central,central,,31,8.611609322454664e-10,0.0025,0.2625,0.00025677787910560745,0.0024557959827085085,0.000609267991917406,6.5950179035656475e-06,0
0.0005,-0.69,ringdown_plus_all_shooting,12.819243239202375,2.0471750577474817,6.261918437648153,-0.9362205902531692,159.4262429703899,2,688.7073842358651,central,central,central,,75,1.2819243239202375e-09,0.0025,0.2625,12.821029667267684,2.0474319380335095,6.262005309725635,-0.9362202019713307,159.42617966343772,2,689.0722450444997,central,central,central,,75,1.2821029667267685e-09,0.0025,0.2625,0.00025688028602788293,0.0017864280653085984,8.687207748181436e-05,3.882818384592923e-07,0
0.0005,-0.6666666666666666,orbital,5.296091637798318,0.0708994067656872,74.69867350655227,-0.9995286125096248,178.2406845429882,2,0.1409925563327446,central,central,central,,18,5.296091637798318e-10,0.0025,0.2625,5.2968225057285245,0.0707530793472016,74.86349081339345,-0.9995306789506773,178.24454527312935,2,0.14044993179773888,central,central,central,,18,5.296822505728524e-10,0.0025,0.2625,0.00014632741848560893,0.0007308679302067134,0.16481730684118645,2.066441052495094e-06,0
0.0005,-0.6666666666666666,photon_geometry,6.553032845007354,0.640325238843698,10.233913092104332,-0.9772115781896096,167.74472776484257,2,17.60702292834893,central,central,central,,27,6.553032845007353e-10,0.0025,0.2625,6.55403907796111,0.6405631148626636,10.231683538891078,-0.9772013200781073,167.74195917865353,2,17.625518741623537,central,central,central,,27,6.55403907796111e-10,0.0025,0.2625,0.0002378760189656326,0.0010062329537561254,0.002229553213254576,1.02581115022371e-05,0
0.0005,-0.6666666666666666,redshift,3.3481273136547705,0.2156323362163842,15.527018685615724,-0.9901740285983972,171.96137750147682,2,0.5212327603318946,central,central,central,,9,3.3481273136547705e-10,0.0025,0.2625,3.348266251758801,0.21582229966608305,15.513995805526989,-0.9901582013819658,171.95489533796223,2,0.5221948718302699,central,central,central,,9,3.3482662517588014e-10,0.0025,0.2625,0.00018996344969884893,0.00013893810403065032,0.013022880088735533,1.582721643145213e-05,0
0.0005,-0.6666666666666666,timing,4.451914089657614,1.1137264988035982,3.997313608358971,-0.8177630458445106,144.86148893892135,2,24.583892932448386,central,central,central,,17,4.4519140896576136e-10,0.0025,0.2625,4.450884868423733,1.1145925253645435,3.9932843322881673,-0.8174840352058855,144.83372333871736,2,24.61075706752354,central,central,central,,17,4.450884868423733e-10,0.0025,0.2625,0.0008660265609452544,0.0010292212338809392,0.004029276070803611,0.0002790106386251212,0
0.0005,-0.6666666666666666,all_shooting,10.086847759634813,1.4063253904147293,7.172484994145042,-0.9511412418658166,162.01571585916722,2,201.225292675653,central,central,central,,71,1.0086847759634811e-09,0.0025,0.2625,10.087494688480064,1.4070158748719441,7.16942492876859,-0.9511035208252251,162.0087172936833,2,201.44877602634295,central,central,central,,71,1.0087494688480064e-09,0.0025,0.2625,0.0006904844572148683,0.0006469288452510824,0.0030600653764514263,3.7721040591520705e-05,0
0.0005,-0.6666666666666666,ringdown_only,2.190901705893713,0.161611357895501,13.556607248547254,-0.769603834856192,140.3183268880302,2,0.1253688221562932,central,central,central,,4,2.1909017058937128e-10,0.0025,0.2625,2.190901705893713,0.161611357895501,13.556607248547254,-0.769603834856192,140.3183268880302,2,0.12536882215629325,central,central,central,,4,2.190901705893713e-10,0.0025,0.2625,0.0,0.0,0.0,0.0,0
0.0005,-0.6666666666666666,ringdown_plus_photon_geometry,6.841734639101753,1.170081844679859,5.847227414227326,-0.9267227011222154,157.92957405895643,2,64.08626084385808,central,central,central,,31,6.841734639101752e-10,0.0025,0.2625,6.842699821194667,1.1702038337294693,5.847442662520433,-0.9267279885453692,157.93038032784898,2,64.11771109605215,central,central,central,,31,6.842699821194667e-10,0.0025,0.2625,0.00012198904961024937,0.0009651820929139632,0.0002152482931068178,5.2874231537547445e-06,0
0.0005,-0.6666666666666666,ringdown_plus_all_shooting,10.280923907668672,1.6884966539470956,6.0888032461512935,-0.9305775893964104,158.52503030890878,2,301.345491524655,central,central,central,,75,1.0280923907668672e-09,0.0025,0.2625,10.281554040187563,1.6890997000907826,6.087002466245758,-0.9305425863086407,158.51955280432455,2,301.5977482072441,central,central,central,,75,1.0281554040187564e-09,0.0025,0.2625,0.0006030461436870027,0.0006301325188911022,0.0018007799055359541,3.5003087769713837e-05,0
0.0005,-0.64,orbital,4.104735935026908,0.0649399728490765,63.20815600841874,-0.9993541443152112,177.94065670250808,2,0.0710550013872339,central,central,central,,18,4.1047359350269077e-10,0.0025,0.2625,4.105115966344969,0.06463108297013165,63.516125333101584,-0.999360463623183,177.9507572624382,2,0.07039368921173378,central,central,central,,18,4.1051159663449693e-10,0.0025,0.2625,0.0003088898789448541,0.0003800313180608583,0.3079693246828441,6.319307971791588e-06,0
0.0005,-0.64,photon_geometry,4.937512002992937,0.4573728657246522,10.795375880399124,-0.9794097081080462,168.35292429182124,2,5.099846689508282,central,central,central,,27,4.937512002992936e-10,0.0025,0.2625,4.938322321195059,0.4575194619265449,10.793687989578705,-0.9794032160359125,168.35108193818203,2,5.104791528056564,central,central,central,,27,4.938322321195059e-10,0.0025,0.2625,0.0001465962018927236,0.0008103182021219624,0.0016878908204187582,6.49207213365699e-06,0
0.0005,-0.64,redshift,2.4378208265337937,0.1730843182386034,14.084585197216784,-0.988186465219884,171.18431553231648,2,0.1780405836982204,central,central,central,,9,2.437820826533794e-10,0.0025,0.2625,2.438100723211101,0.17323834751308384,14.073678017662708,-0.9881678098391621,171.1773438445897,2,0.17839856284977373,central,central,central,,9,2.438100723211101e-10,0.0025,0.2625,0.00015402927448043835,0.00027989667730743406,0.010907179554076052,1.8655380721877002e-05,0
0.0005,-0.64,timing,3.6562275629238656,0.8337443997829319,4.385309890987905,-0.831253488509874,146.2277177066559,2,9.292494147055011,central,central,central,,17,3.656227562923865e-10,0.0025,0.2625,3.6539739128000654,0.8353232606790345,4.374323192951372,-0.8304889659470923,146.14899943441398,2,9.316226419800413,central,central,central,,17,3.653973912800066e-10,0.0025,0.2625,0.0015788608961025963,0.0022536501238001883,0.010986698036533404,0.0007645225627816998,0
0.0005,-0.64,all_shooting,7.763958123905219,1.0946696050302822,7.092512743779382,-0.949241073929508,161.66638075100462,2,72.23247360345484,central,central,central,,71,7.763958123905221e-10,0.0025,0.2625,7.763699758837436,1.0959510488772666,7.08398405822127,-0.9491275076561457,161.645705698221,2,72.39686775711483,central,central,central,,71,7.763699758837437e-10,0.0025,0.2625,0.0012814438469843648,0.000258365067782762,0.008528685558112592,0.00011356627336223113,0
0.0005,-0.64,ringdown_only,2.0927221439119794,0.143417022405043,14.591867191341109,-0.7971353809380058,142.85741554853143,2,0.0900792045789235,central,central,central,,4,2.0927221439119795e-10,0.0025,0.2625,2.0927221439119794,0.143417022405043,14.591867191341107,-0.7971353809380058,142.85741554853143,2,0.09007920457892352,central,central,central,,4,2.0927221439119795e-10,0.0025,0.2625,0.0,0.0,1.7763568394002505e-15,0.0,0
0.0005,-0.64,ringdown_plus_photon_geometry,5.28775771813111,1.0138478417792671,5.215533830847123,-0.9042393528112476,154.7210307314224,2,28.740125327895484,central,central,central,,31,5.28775771813111e-10,0.0025,0.2625,5.2885122699364295,1.0139249433374382,5.2158814167533425,-0.9042545192901495,154.72306575490722,2,28.75270092084926,central,central,central,,31,5.28851226993643e-10,0.0025,0.2625,7.710155817108877e-05,0.000754551805319359,0.0003475859062191944,1.5166478901984526e-05,0
0.0005,-0.64,ringdown_plus_all_shooting,7.995694394041646,1.395088837657692,5.731315582358291,-0.9192359565917912,156.81463837028056,2,124.42742129302854,central,central,central,,75,7.995694394041645e-10,0.0025,0.2625,7.995436162862265,1.396136678995664,5.7268291014415045,-0.9191235069065012,156.79827913741926,2,124.60635556278541,central,central,central,,75,7.995436162862265e-10,0.0025,0.2625,0.0010478413379719775,0.0002582311793810632,0.004486480916786384,0.00011244968529000587,0
0.0005,-0.61,orbital,3.023512554933052,0.0577264973373254,52.3765115569913,-0.9990794198375156,177.5413214135401,2,0.0304630908721211,central,central,central,,18,3.0235125549330524e-10,0.0025,0.2625,3.0238766977143094,0.05772501219949556,52.38416732185176,-0.9990796708858365,177.54165673683215,2,0.030468861266549234,central,central,central,,18,3.0238766977143096e-10,0.0025,0.2625,1.4851378298402773e-06,0.0003641427812572928,0.007655764860466263,2.5104832090949714e-07,0
0.0005,-0.61,photon_geometry,3.5619833589092327,0.3144937211591808,11.326087356466926,-0.9813122131299692,168.90581945590583,2,1.2548959878195216,central,central,central,,27,3.5619833589092325e-10,0.0025,0.2625,3.562654782142931,0.3145932916359699,11.324636846565184,-0.9813072998925523,168.9043565825995,2,1.2561641603576514,central,central,central,,27,3.562654782142931e-10,0.0025,0.2625,9.957047678910147e-05,0.0006714232336983983,0.0014505099017423362,4.91323741691474e-06,0
0.0005,-0.61,redshift,1.6981949768710145,0.1380714853792399,12.299389495279168,-0.984714035927858,169.96912492108527,2,0.054977260836676,central,central,central,,9,1.6981949768710146e-10,0.0025,0.2625,1.6984062300769227,0.13820315664549576,12.289199981397648,-0.9846879713610235,169.9605546577177,2,0.05509587363237875,central,central,central,,9,1.6984062300769227e-10,0.0025,0.2625,0.00013167126625585057,0.00021125320590820174,0.010189513881520895,2.606456683451608e-05,0
0.0005,-0.61,timing,2.9516225713678166,0.6096980441215903,4.841121928839882,-0.8465612497706401,147.83959872319636,2,3.2385547926883795,central,central,central,,17,2.9516225713678165e-10,0.0025,0.2625,2.949466506221544,0.6108574070781799,4.828404259398724,-0.8457717696641408,147.75471913136886,2,3.246135365899603,central,central,central,,17,2.949466506221544e-10,0.0025,0.2625,0.0011593629565895824,0.0021560651462726454,0.01271766944115793,0.0007894801064992629,0
0.0005,-0.61,all_shooting,5.762580271979643,0.8432071515807565,6.834121676004005,-0.9444648259852956,160.81541688680124,2,23.61035618238152,central,central,central,,71,5.762580271979643e-10,0.0025,0.2625,5.7621298971417785,0.8442054384579871,6.82550672460343,-0.9443320805884509,160.79228526363715,2,23.66259552047437,central,central,central,,71,5.762129897141779e-10,0.0025,0.2625,0.0009982868772305808,0.00045037483786458665,0.008614951400574888,0.00013274539684471343,0
0.0005,-0.61,ringdown_only,1.985491700224848,0.1255966965835248,15.808470718053067,-0.8252511517204056,145.61396252355593,2,0.062185994712271,central,central,central,,4,1.9854917002248484e-10,0.0025,0.2625,1.9854917002248482,0.12559669658352485,15.808470718053067,-0.8252511517204056,145.61396252355593,2,0.06218599471227105,central,central,central,,4,1.9854917002248484e-10,0.0025,0.2625,5.551115123125783e-17,2.220446049250313e-16,0.0,0.0,0
0.0005,-0.61,ringdown_plus_photon_geometry,3.997128833784652,0.8760962605653833,4.562431109117084,-0.8664477958468187,150.04843803416898,2,12.263090865432586,central,central,central,,31,3.9971288337846517e-10,0.0025,0.2625,3.997722415633418,0.8761537223939744,4.562809371750621,-0.8664766440063052,150.05174880458233,2,12.268342490013653,central,central,central,,31,3.997722415633418e-10,0.0025,0.2625,5.7461828591121034e-05,0.0005935818487659006,0.00037826263353668566,2.884815948644981e-05,0
0.0005,-0.61,ringdown_plus_all_shooting,6.045421934861135,1.1528899092455474,5.243711378146476,-0.8992729900926617,154.06266896911555,2,48.57680097138096,central,central,central,,75,6.045421934861135e-10,0.0025,0.2625,6.044990511999451,1.1536313560007965,5.239967239582622,-0.8991418818404432,154.04549968311906,2,48.632360603634574,central,central,central,,75,6.044990511999451e-10,0.0025,0.2625,0.00074144675524912,0.0004314228616841831,0.003744138563853916,0.00013110825221851474,0
0.0005,-0.58,orbital,2.1912985907314275,0.0518543020644947,42.25876163574551,-0.9986133083996256,176.98228812753848,2,0.0129113812518437,central,central,central,,18,2.1912985907314275e-10,0.0025,0.2625,2.191363512083224,0.05187174404565507,42.24580361428544,-0.9986124405400723,176.98134374083588,2,0.012920834164689483,central,central,central,,18,2.1913635120832244e-10,0.0025,0.2625,1.7441981160368214e-05,6.492135179669845e-05,0.012958021460065083,8.678595533329059e-07,0
0.0005,-0.58,photon_geometry,2.5464377116199484,0.2209738436639187,11.52370646859386,-0.982045050311547,169.12619132117803,2,0.3166269333523482,central,central,central,,27,2.5464377116199484e-10,0.0025,0.2625,2.5469646253753,0.22104159823147465,11.522557951775756,-0.9820413327773043,169.12506228858743,2,0.3169522582134914,central,central,central,,27,2.5469646253753003e-10,0.0025,0.2625,6.775456755594989e-05,0.0005269137553516323,0.0011485168181035732,3.7175342426643e-06,0
0.0005,-0.58,redshift,1.1763272790100832,0.1135925597013485,10.35567190406502,-0.9787250483612596,168.16018522850666,2,0.0178548460112051,central,central,central,,9,1.176327279010083e-10,0.0025,0.2625,1.1765006906679432,0.11370494053215574,10.346961927615,-0.9786877242801102,168.1497669386593,2,0.017895467308982012,central,central,central,,9,1.1765006906679433e-10,0.0025,0.2625,0.00011238083080723771,0.0001734116578600009,0.008709976450019141,3.732408114942576e-05,0
0.0005,-0.58,timing,2.397590503626676,0.4520955991687067,5.3032821112066975,-0.8604614056463057,149.36842902571772,2,1.174926173552899,central,central,central,,17,2.397590503626676e-10,0.0025,0.2625,2.3962869474867805,0.45291100930641853,5.290856036280549,-0.8597369729098578,149.28706304185175,2,1.1778863786101068,central,central,central,,17,2.396286947486781e-10,0.0025,0.2625,0.0008154101377118583,0.001303556139895523,0.012426074926148445,0.0007244327364478442,0
0.0005,-0.58,all_shooting,4.271969006961453,0.6613723879328892,6.459249108226965,-0.9366086320011752,159.48960422065616,2,7.982672370990661,central,central,central,,71,4.2719690069614525e-10,0.0025,0.2625,4.271592174460241,0.6622351634895237,6.450264815223476,-0.9364357002893392,159.46134403008142,2,8.002101191301895,central,central,central,,71,4.271592174460241e-10,0.0025,0.2625,0.0008627755566344986,0.000376832501212121,0.008984293003488908,0.00017293171183596634,0
0.0005,-0.58,ringdown_only,1.8815543710501903,0.110197961124687,17.07431200946854,-0.8500300763106302,148.21494079844604,2,0.0429913085117149,central,central,central,,4,1.8815543710501903e-10,0.0025,0.2625,1.8815543710501903,0.110197961124687,17.07431200946854,-0.8500300763106302,148.21494079844604,2,0.042991308511714975,central,central,central,,4,1.8815543710501903e-10,0.0025,0.2625,0.0,0.0,0.0,0.0,0
0.0005,-0.58,ringdown_plus_photon_geometry,3.0853370883630027,0.7525024596436002,4.100102330328965,-0.8148657492178639,144.574089639342,2,5.390401161204277,central,central,central,,31,3.085337088363003e-10,0.0025,0.2625,3.0857624953218252,0.7525612635401862,4.100347233932601,-0.8149066421117859,144.5781319191961,2,5.392730448294476,central,central,central,,31,3.0857624953218255e-10,0.0025,0.2625,5.8803896585968296e-05,0.00042540695882253843,0.00024490360363582653,4.089289392195106e-05,0
0.0005,-0.58,ringdown_plus_all_shooting,4.616248380056628,0.9642478765535168,4.78740839601986,-0.8708831707858409,150.56143238230754,2,19.813249971742263,central,central,central,,75,4.6162483800566274e-10,0.0025,0.2625,4.61590973616692,0.9647916179598135,4.78435928571592,-0.8707221771260206,150.5426698837374,2,19.832691601180176,central,central,central,,75,4.6159097361669196e-10,0.0025,0.2625,0.0005437414062966495,0.0003386438897079458,0.0030491103039400613,0.00016099365982025216,0
0.0005,-0.55,orbital,1.566046213513314,0.0470102730241417,33.312850846645475,-0.997804211804444,176.20237258854752,2,0.0054199426921386,central,central,central,,18,1.5660462135133137e-10,0.0025,0.2625,1.5662720834295487,0.04688332891218739,33.40786842084488,-0.9978165222401049,176.21303692135587,2,0.005392265857554394,central,central,central,,18,1.5662720834295487e-10,0.0025,0.2625,0.00012694411195431077,0.0002258699162347444,0.09501757419940304,1.23104356608561e-05,0
0.0005,-0.55,photon_geometry,1.8041005469581808,0.1606881371387884,11.227341228058147,-0.981209781613151,168.87536067211616,2,0.0840405930337846,central,central,central,,27,1.804100546958181e-10,0.0025,0.2625,1.8044990283284734,0.1607346693511172,11.22657007111908,-0.9812070663423859,168.8745543861685,2,0.08412642377964535,central,central,central,,27,1.8044990283284736e-10,0.0025,0.2625,4.6532212328781464e-05,0.00039848137029263597,0.0007711569390682627,2.7152707651190156e-06,0
0.0005,-0.55,redshift,0.810203343180582,0.0962411094269705,8.418474683060241,-0.9681710711045344,165.50536274739008,2,0.0060800801346126,central,central,central,,9,8.102033431805819e-11,0.0025,0.2625,0.8103563610676826,0.0963362072070546,8.411752803657617,-0.9681168285952642,165.4929508536099,2,0.006094403139904349,central,central,central,,9,8.103563610676826e-11,0.0025,0.2625,9.509778008409686e-05,0.00015301788710064823,0.006721879402624253,5.424250927021923e-05,0
0.0005,-0.55,timing,1.958662627616223,0.33824895808202,5.79059471083804,-0.8735051726722665,150.86855396500582,2,0.438926911001769,central,central,central,,17,1.9586626276162228e-10,0.0025,0.2625,1.9580709128267875,0.33877960561969,5.77977800418392,-0.8729059788919145,150.79810941145632,2,0.440039181556204,central,central,central,,17,1.9580709128267877e-10,0.0025,0.2625,0.0005306475376700148,0.0005917147894354269,0.010816706654119379,0.0005991937803520031,0
0.0005,-0.55,all_shooting,3.174653842913888,0.5228255944021881,6.072108704899703,-0.9260835179514284,157.83231151035457,2,2.7549037816910364,central,central,central,,71,3.1746538429138876e-10,0.0025,0.2625,3.1746138526121426,0.5235045056325585,6.064157649944595,-0.9258843499256245,157.80208743540763,2,2.76199356051224,central,central,central,,71,3.1746138526121425e-10,0.0025,0.2625,0.0006789112303703382,3.999030174561824e-05,0.007951054955108283,0.00019916802580388637,0
0.0005,-0.55,ringdown_only,1.7808861633781796,0.0968553154036866,18.387077218793443,-0.8715154337683834,150.63522307214737,2,0.0297522105500584,central,central,central,,4,1.7808861633781796e-10,0.0025,0.2625,1.7808861633781796,0.09685531540368661,18.387077218793443,-0.8715154337683834,150.63522307214737,2,0.02975221055005846,central,central,central,,4,1.7808861633781796e-10,0.0025,0.2625,1.3877787807814457e-17,0.0,0.0,0.0,0
0.0005,-0.55,ringdown_plus_photon_geometry,2.463399276406816,0.6270565723952808,3.9285120112798224,-0.755413638006596,139.0615256806784,2,2.386069379379785,central,central,central,,31,2.463399276406816e-10,0.0025,0.2625,2.463676824376407,0.6271246775834926,3.928527950565945,-0.7554589591911358,139.0654887835774,2,2.3871255316035316,central,central,central,,31,2.4636768243764073e-10,0.0025,0.2625,6.810518821176448e-05,0.0002775479695911187,1.5939286122534924e-05,4.532118453981493e-05,0
0.0005,-0.55,ringdown_plus_all_shooting,3.5902036208829444,0.8019651265003443,4.476757781912607,-0.8356419845731267,146.68274530550937,2,8.289896873030399,central,central,central,,75,3.590203620882944e-10,0.0025,0.2625,3.590192730461467,0.8022983969757993,4.474884586575787,-0.8354854921990335,146.66642484943094,2,8.296737990236876,central,central,central,,75,3.590192730461467e-10,0.0025,0.2625,0.0003332704754549498,1.0890421477505186e-05,0.0018731953368193999,0.00015649237409320893,0
0.0005,-0.525,orbital,1.1734158253352875,0.0433364869665436,27.07685618913182,-0.996713587894962,175.35358868826287,2,0.0025858973884105,central,central,central,,18,1.1734158253352876e-10,0.0025,0.2625,1.1736955288618307,0.04336762988889903,27.063861499202332,-0.9967102730428176,175.35124468287665,2,0.0025908500378843164,central,central,central,,18,1.1736955288618307e-10,0.0025,0.2625,3.114292235542604e-05,0.00027970352654316244,0.012994689929488601,3.3148521444426038e-06,0
0.0005,-0.525,photon_geometry,1.3457767938060772,0.1274304852410159,10.560870040326211,-0.9788943425372278,168.20755430266107,2,0.0294098455713987,central,central,central,,27,1.3457767938060772e-10,0.0025,0.2625,1.3460861026784148,0.12746483500033262,10.560450673904706,-0.978892536052209,168.20704785209966,2,0.02943923072484873,central,central,central,,27,1.3460861026784147e-10,0.0025,0.2625,3.4349759316709694e-05,0.0003093088723375992,0.0004193664215055293,1.8064850187959891e-06,0
0.0005,-0.525,redshift,0.5922659179630384,0.0854510025929105,6.931058735315249,-0.953387263430316,162.43729097639502,2,0.0025613434033552,central,central,central,,9,5.922659179630384e-11,0.0025,0.2625,0.5924099750136478,0.08553260424251263,6.926130453528267,-0.9533138995773355,162.42336609252254,2,0.0025674861873937883,central,central,central,,9,5.924099750136477e-11,0.0025,0.2625,8.160164960213656e-05,0.0001440570506093808,0.004928281786981792,7.336385298051251e-05,0
0.0005,-0.525,timing,1.6618555270714557,0.2670254683001938,6.223584355643461,-0.8839824469081056,152.12655981558152,2,0.1969209410076933,central,central,central,,17,1.6618555270714555e-10,0.0025,0.2625,1.6617168836010532,0.2673764016389575,6.214897326073284,-0.8835087865393302,152.06856701229802,2,0.19740593856498662,central,central,central,,17,1.6617168836010532e-10,0.0025,0.2625,0.0003509333387636815,0.0001386434704024886,0.008687029570177529,0.000473660368775386,0
0.0005,-0.525,all_shooting,2.492469103002062,0.4299783868397764,5.796731136467179,-0.9159440429553404,156.3401513813565,2,1.1485577032272376,central,central,central,,71,2.4924691030020616e-10,0.0025,0.2625,2.492655749207719,0.43053790541848075,5.7896313375354715,-0.9157222991288063,156.30851222207076,2,1.1517212904350895,central,central,central,,71,2.492655749207719e-10,0.0025,0.2625,0.0005595185787043433,0.000186646205657226,0.007099798931707646,0.00022174382653405988,0
0.0005,-0.525,ringdown_only,1.6995138505418312,0.0871378590881623,19.50373658850552,-0.8869183152260839,152.48852217783323,2,0.0219312399980712,central,central,central,,4,1.699513850541831e-10,0.0025,0.2625,1.6995138505418312,0.08713785908816239,19.50373658850552,-0.8869183152260839,152.48852217783323,2,0.021931239998071294,central,central,central,,4,1.6995138505418313e-10,0.0025,0.2625,9.71445146547012e-17,0.0,0.0,0.0,0
0.0005,-0.525,ringdown_plus_photon_geometry,2.109885550067677,0.5212264456081758,4.047924981254217,-0.709042693059129,135.1570794917133,2,1.2094019948886678,central,central,central,,31,2.1098855500676767e-10,0.0025,0.2625,2.110066900160445,0.5212994259568157,4.047706164816001,-0.7090822416856049,135.16029296869672,2,1.2099486608696375,central,central,central,,31,2.110066900160445e-10,0.0025,0.2625,7.2980348639895e-05,0.00018135009276809555,0.00021881643821597407,3.954862647581603e-05,0
0.0005,-0.525,ringdown_plus_all_shooting,2.971925750520002,0.6788823982365089,4.377673892031949,-0.804253099036774,143.53818451401287,2,4.0706616641649465,central,central,central,,75,2.9719257505200017e-10,0.0025,0.2625,2.9721143254063995,0.6790967114075034,4.376570045886929,-0.8041132684340516,143.5247054554363,2,4.073749092212051,central,central,central,,75,2.9721143254064e-10,0.0025,0.2625,0.00021431317099451785,0.0001885748863976744,0.0011038461450203485,0.00013983060272237946,0
0.0005,-0.5,orbital,0.8740670883456044,0.0401880805007517,21.74941120487836,-0.9949612904050016,174.2458680024803,2,0.0012339116446119,central,central,central,,18,8.740670883456043e-11,0.0025,0.2625,0.8743758259800385,0.040249868504006386,21.723693976615227,-0.9949495812008912,174.23918038143202,2,0.0012385832882158573,central,central,central,,18,8.743758259800385e-11,0.0025,0.2625,6.17880032546883e-05,0.0003087376344340642,0.025717228263133052,1.1709204110421645e-05,0
0.0005,-0.5,photon_geometry,1.000143132680164,0.1044868679015287,9.57195055002248,-0.974505014541154,167.03441692657424,2,0.010920631091202,central,central,central,,27,1.000143132680164e-10,0.0025,0.2625,1.0003798957529222,0.1045125553306189,9.571863328652555,-0.9745044196519264,167.0342650118983,2,0.010931174905186454,central,central,central,,27,1.0003798957529222e-10,0.0025,0.2625,2.5687429090204272e-05,0.00023676307275821706,8.722136992567187e-05,5.948892276563811e-07,0
0.0005,-0.5,redshift,0.4334804420428358,0.0769293338251647,5.63478741448607,-0.9298085419155993,158.40498982500603,2,0.0011120465278549,central,central,central,,9,4.334804420428358e-11,0.0025,0.2625,0.43362020181443517,0.07699775771346996,5.631595187850228,-0.9297134768564693,158.3901952434992,2,0.001114744069612701,central,central,central,,9,4.336202018144352e-11,0.0025,0.2625,6.84238883052607e-05,0.00013975977159935704,0.003192226635841955,9.506505912992846e-05,0
0.0005,-0.5,timing,1.4149642256561965,0.211910752926042,6.677170488606713,-0.8940107969573683,153.3816511309204,2,0.089907704327947,central,central,central,,17,1.4149642256561963e-10,0.0025,0.2625,1.4151541076147918,0.21213185648776398,6.671106033036672,-0.8936629414506512,153.33720197547294,2,0.09011960054652784,central,central,central,,17,1.4151541076147917e-10,0.0025,0.2625,0.00022110356172197476,0.00018988195859526158,0.00606445557004065,0.00034785550671712073,0
0.0005,-0.5,all_shooting,1.973083796053796,0.3529955028514663,5.589543719722773,-0.9053698226849648,154.87313810127472,2,0.4850979116171835,central,central,central,,71,1.973083796053796e-10,0.0025,0.2625,1.9734560522512303,0.3534449940297275,5.583488479356556,-0.905136484680997,154.84167152699476,2,0.4865176369018127,central,central,central,,71,1.9734560522512303e-10,0.0025,0.2625,0.00044949117826120766,0.0003722561974344174,0.00605524036621663,0.0002333380039677424,0
0.0005,-0.5,ringdown_only,1.620464805205469,0.0785718670502992,20.62398242577205,-0.9001405098160818,154.17654277528183,2,0.0162111323831347,central,central,central,,4,1.6204648052054691e-10,0.0025,0.2625,1.620464805205469,0.07857186705029921,20.623982425772052,-0.9001405098160818,154.17654277528183,2,0.01621113238313478,central,central,central,,4,1.6204648052054691e-10,0.0025,0.2625,1.3877787807814457e-17,0.0,3.552713678800501e-15,0.0,0
0.0005,-0.5,ringdown_plus_photon_geometry,1.8617376969405428,0.4209706194059815,4.422488437714685,-0.6749930738058657,132.45361234799984,2,0.6142434836741929,central,central,central,,31,1.8617376969405428e-10,0.0025,0.2625,1.861850242278378,0.4210418133364858,4.422007941502083,-0.6750181517620195,132.45555980872345,2,0.614525552724225,central,central,central,,31,1.861850242278378e-10,0.0025,0.2625,7.119393050430967e-05,0.00011254533783522369,0.000480496212602155,2.5077956153807257e-05,0
0.0005,-0.5,ringdown_plus_all_shooting,2.515717157790334,0.5664913030966257,4.440875162669941,-0.775078077923299,140.8121119235185,2,2.031000906571901,central,central,central,,75,2.5157171577903335e-10,0.0025,0.2625,2.5160413520538527,0.5666284425689149,4.440372496387428,-0.7749720363807018,140.80249736487147,2,2.032508125729578,central,central,central,,75,2.516041352053853e-10,0.0025,0.2625,0.00013713947228921608,0.0003241942635185957,0.0005026662825127204,0.00010604154259719056,0
0.0005,-0.475,orbital,0.6476105184191115,0.0370989448996103,17.45630556803014,-0.9922336508331392,172.8545832963166,2,0.0005772326718752,central,central,central,,18,6.476105184191116e-11,0.0025,0.2625,0.6478661250656443,0.03713085051797205,17.448189740551854,-0.9922268470915422,172.85145003124617,2,0.0005786824876823847,central,central,central,,18,6.478661250656444e-11,0.0025,0.2625,3.190561836174943e-05,0.0002556066465327911,0.008115827478285098,6.803741597005697e-06,0
0.0005,-0.475,photon_geometry,0.7408237800649586,0.0873426620025089,8.481809039020114,-0.9676989374735632,165.39767420159012,2,0.0041868044511988,central,central,central,,27,7.408237800649587e-11,0.0025,0.2625,0.7410029667697958,0.08736191847263801,8.48199054834035,-0.9677002045215669,165.39796216158734,2,0.004190677291806055,central,central,central,,27,7.410029667697959e-11,0.0025,0.2625,1.925647012911147e-05,0.00017918670483718646,0.00018150932023708322,1.267048003739113e-06,0
0.0005,-0.475,redshift,0.3188711405513977,0.0691515622254301,4.611192145043609,-0.8944480145156019,153.43761679888493,2,0.0004862217947234,central,central,central,,9,3.1887114055139776e-11,0.0025,0.2625,0.31901009719462103,0.06920601118082376,4.609572084151778,-0.8943379408331772,153.42351661728782,2,0.0004874123128346003,central,central,central,,9,3.1901009719462105e-11,0.0025,0.2625,5.444895539365169e-05,0.00013895664322333134,0.0016200608918310877,0.00011007368242466065,0
0.0005,-0.475,timing,1.208357594823878,0.1679567295631155,7.194457750916115,-0.904593144158362,154.76854204572322,2,0.0411894289705909,central,central,central,,17,1.2083575948238778e-10,0.0025,0.2625,1.2087688407169077,0.16808725692888138,7.191317550195636,-0.9043640723299702,154.73777002472642,2,0.041281559222850935,central,central,central,,17,1.2087688407169077e-10,0.0025,0.2625,0.0001305273657658812,0.00041124589302965475,0.003140200720478603,0.00022907182839182472,0
0.0005,-0.475,all_shooting,1.5779786208051056,0.2863670443434809,5.510335955112245,-0.8965811812044595,153.71225536057926,2,0.2041965047476236,central,central,central,,71,1.5779786208051058e-10,0.0025,0.2625,1.5784689522295008,0.2866964157463022,5.5057156822856435,-0.896359540132753,153.68359593024553,2,0.20479371054198497,central,central,central,,71,1.578468952229501e-10,0.0025,0.2625,0.00032937140282129906,0.0004903314243951407,0.004620272826601379,0.00022164107170652425,0
0.0005,-0.475,ringdown_only,1.543781614634727,0.0709633530675794,21.75463176274323,-0.9115688479964212,155.72306303715214,2,0.0120016231271684,central,central,central,,4,1.543781614634727e-10,0.0025,0.2625,1.543781614634727,0.07096335306757949,21.75463176274323,-0.9115688479964213,155.72306303715214,2,0.012001623127168492,central,central,central,,4,1.543781614634727e-10,0.0025,0.2625,9.71445146547012e-17,0.0,0.0,1.1102230246251565e-16,0
0.0005,-0.475,ringdown_plus_photon_geometry,1.683872100521823,0.3306370123903842,5.092811867455629,-0.6616275752971809,131.42411937053754,2,0.3099710530682708,central,central,central,,31,1.6838721005218228e-10,0.0025,0.2625,1.6839394933216085,0.3307004015047756,5.092039458250524,-0.661632204906083,131.4244731265197,2,0.31011474026635405,central,central,central,,31,1.6839394933216086e-10,0.0025,0.2625,6.338911439141004e-05,6.739279978562607e-05,0.000772409205104907,4.6296089021291564e-06,0
0.0005,-0.475,ringdown_plus_all_shooting,2.1783485330982586,0.4638078819031284,4.696661307608463,-0.7534302607204947,138.88839780991344,2,1.0207772551217442,central,central,central,,75,2.1783485330982584e-10,0.0025,0.2625,2.1787331174778557,0.4638734115276454,4.696826900043203,-0.7533784651892844,138.88388464514912,2,1.0214262861194028,central,central,central,,75,2.1787331174778557e-10,0.0025,0.2625,6.552962451700228e-05,0.0003845843795970971,0.00016559243474034702,5.179553121026359e-05,0
0.0005,-0.45,orbital,0.5009546313423797,0.0389187160216478,12.871818049283334,-0.987049037072969,170.76879303163568,2,0.0003801139426136,central,one_sided_backward,one_sided,,18,5.0095463134237977e-11,0.0025,0.2625,0.5011303855253411,0.03895492848826026,12.864364150388965,-0.9870348797635211,170.7637379267621,2,0.0003810888971041828,central,one_sided_backward,one_sided,,18,5.0113038552534106e-11,0.0025,0.2625,3.621246661245775e-05,0.0001757541829613407,0.007453898894368649,1.4157309447870858e-05,0
0.0005,-0.45,photon_geometry,0.5733612670739904,0.0865951096436501,6.621173752576156,-0.9519916031743614,162.17419251493257,2,0.0024651504815974,central,one_sided_backward,one_sided,,27,5.7336126707399036e-11,0.0025,0.2625,0.5735013934329796,0.08661286892984421,6.6214339799494635,-0.9519952544364206,162.1748759167306,2,0.0024673672921411397,central,one_sided_backward,one_sided,,27,5.735013934329796e-11,0.0025,0.2625,1.7759286194116153e-05,0.0001401263589891899,0.0002602273733076643,3.651262059256588e-06,0
0.0005,-0.45,redshift,0.247709661308091,0.0709536631824272,3.4911469006358526,-0.8327561384296179,146.38290985641493,2,0.0003089125376476,central,one_sided_backward,one_sided,,9,2.477096613080911e-11,0.0025,0.2625,0.24784273639758872,0.07100267939824649,3.490611037471771,-0.8326426916639336,146.37117114551873,2,0.000309671948305733,central,one_sided_backward,one_sided,,9,2.478427363975887e-11,0.0025,0.2625,4.901621581929194e-05,0.00013307508949772506,0.000535863164081718,0.00011344676568436629,0
0.0005,-0.45,timing,1.0416840935301426,0.157495843403484,6.614041812274894,-0.8973491108430487,153.81177826351242,2,0.0269159837881532,central,one_sided_backward,one_sided,,17,1.0416840935301426e-10,0.0025,0.2625,1.0422024650023842,0.15758784809165113,6.613469741627871,-0.8971690340225236,153.7884089784337,2,0.026974266400672076,central,one_sided_backward,one_sided,,17,1.0422024650023842e-10,0.0025,0.2625,9.200468816714102e-05,0.0005183714722416521,0.0005720706470224712,0.0001800768205251213,0
0.0005,-0.45,all_shooting,1.3001295222835418,0.27327729512214,4.757546804985957,-0.8724841252263645,150.74860676365222,2,0.1262351617467174,central,one_sided_backward,one_sided,,71,1.300129522283542e-10,0.0025,0.2625,1.300655735689498,0.2735630726032274,4.754500391125354,-0.872247782734091,150.7209063756789,2,0.1266017377491228,central,one_sided_backward,one_sided,,71,1.300655735689498e-10,0.0025,0.2625,0.0002857774810873792,0.0005262134059562662,0.0030464138606030033,0.00023634249227355575,0
0.0005,-0.45,ringdown_only,1.4697040822378649,0.0689655743657864,21.310691540720047,-0.9127570199960584,155.88917579957288,2,0.0102736440792905,central,one_sided_backward,one_sided,,4,1.469704082237865e-10,0.0025,0.2625,1.4697040822378649,0.06896557436578646,21.310691540720047,-0.9127570199960583,155.88917579957288,2,0.010273644079290543,central,one_sided_backward,one_sided,,4,1.469704082237865e-10,0.0025,0.2625,5.551115123125783e-17,0.0,0.0,1.1102230246251565e-16,0
0.0005,-0.45,ringdown_plus_photon_geometry,1.5532350985133814,0.2974708794743805,5.221469413267905,-0.6360796042369701,129.5001027638075,2,0.2134830045473231,central,one_sided_backward,one_sided,,31,1.5532350985133815e-10,0.0025,0.2625,1.5532760896117677,0.2975321269517832,5.220532335533248,-0.6360669358215272,129.49916209535925,2,0.21358219610725535,central,one_sided_backward,one_sided,,31,1.5532760896117677e-10,0.0025,0.2625,6.124747740271497e-05,4.099109838628934e-05,0.0009370777346573433,1.2668415442895764e-05,0
0.0005,-0.45,ringdown_plus_all_shooting,1.9342077047296284,0.4343318426057374,4.45329472765688,-0.7156911756568944,135.6998721829145,2,0.7057478416574503,central,one_sided_backward,one_sided,,75,1.9342077047296288e-10,0.0025,0.2625,1.9345936875941934,0.4343681631853963,4.453810963969,-0.7156736699326585,135.6984360904297,2,0.7061476292868972,central,one_sided_backward,one_sided,,75,1.9345936875941934e-10,0.0025,0.2625,3.632057965891056e-05,0.0003859828645649266,0.0005162363121193891,1.7505724235977738e-05,0
0.00075,-0.7125,orbital,7.85158507407697,0.5676186498219228,13.83250017690614,-0.9889321783790572,171.46762216507585,2,19.8622294285431,central,one_sided_forward,one_sided,,18,7.85158507407697e-10,0.0025,0.2625,7.851610812947928,0.5676581257514457,13.831583583083997,-0.988930189407312,171.46685411279728,2,19.865122466485616,central,one_sided_forward,one_sided,,18,7.851610812947928e-10,0.0025,0.2625,3.947592952291412e-05,2.573887095724814e-05,0.0009165938221435965,1.988971745192636e-06,0
0.00075,-0.7125,photon_geometry,11.007895040346336,1.108798092870766,9.92777234297547,-0.9796824845476356,168.43059566325317,2,148.97503647947724,central,one_sided_forward,one_sided,,27,1.1007895040346335e-09,0.0025,0.2625,11.001240032306564,1.1071711496413892,9.936349981545172,-0.979719656955052,168.44122012634463,2,148.35862584917166,central,one_sided_forward,one_sided,,27,1.1001240032306564e-09,0.0025,0.2625,0.0016269432293767316,0.006655008039771815,0.008577638569702728,3.717240741640815e-05,0
0.00075,-0.7125,redshift,6.341928438420172,0.1699712738917706,37.311766236796,-0.998527199123086,176.88998155960655,2,1.161966836445827,central,one_sided_forward,one_sided,,9,6.341928438420173e-10,0.0025,0.2625,6.342000784851325,0.17012583237275772,37.278293933372524,-0.9985245176558557,176.88715101057215,2,1.1641075583510168,central,one_sided_forward,one_sided,,9,6.342000784851325e-10,0.0025,0.2625,0.00015455848098711034,7.23464311525035e-05,0.03347230342347274,2.6814672302588605e-06,0
0.00075,-0.7125,timing,6.825778707054134,1.978159905394974,3.4505697382898117,-0.838620630929903,146.99474701940574,2,182.3170137167569,central,one_sided_forward,one_sided,,17,6.825778707054134e-10,0.0025,0.2625,6.826816523711981,1.9792677915755765,3.4491626412399516,-0.8385075758876575,146.9828572582084,2,182.57679410139679,central,one_sided_forward,one_sided,,17,6.826816523711982e-10,0.0025,0.2625,0.0011078861806024243,0.0010378166578473014,0.0014070970498600843,0.00011305504224556895,0
0.00075,-0.7125,all_shooting,16.412851850825774,2.396743161240067,6.847981092114108,-0.9571122619402428,163.1589676279907,2,1547.4302858354106,central,one_sided_forward,one_sided,,71,1.6412851850825772e-09,0.0025,0.2625,16.40879860154904,2.3973544493145384,6.844544245946073,-0.9570730836196618,163.1512212794738,2,1547.4551397246416,central,one_sided_forward,one_sided,,71,1.640879860154904e-09,0.0025,0.2625,0.0006112880744715277,0.0040532492767333395,0.0034368461680349682,3.9178320580979253e-05,0
0.00075,-0.7125,ringdown_only,2.378138226362632,0.2765567959518913,8.599095235310443,-0.7436598728363636,138.04412093385002,2,0.4325565152104397,central,one_sided_forward,one_sided,,4,2.3781382263626317e-10,0.0025,0.2625,2.3781382263626316,0.27655679595189137,8.599095235310443,-0.7436598728363636,138.04412093385002,2,0.43255651521043975,central,one_sided_forward,one_sided,,4,2.3781382263626317e-10,0.0025,0.2625,5.551115123125783e-17,4.440892098500626e-16,0.0,0.0,0
0.00075,-0.7125,ringdown_plus_photon_geometry,11.185377667087518,1.738544782204205,6.433758728323463,-0.951813269583964,162.14084485397655,2,378.1578050643791,central,one_sided_forward,one_sided,,31,1.1185377667087519e-09,0.0025,0.2625,11.178764899889847,1.7379155908984503,6.432282993738931,-0.951798773063953,162.13813671046086,2,377.4374625442302,central,one_sided_forward,one_sided,,31,1.1178764899889848e-09,0.0025,0.2625,0.0006291913057547838,0.006612767197671232,0.0014757345845319847,1.4496520010953695e-05,0
0.00075,-0.7125,ringdown_plus_all_shooting,16.53614381675077,2.7228764964492336,6.073042181059157,-0.94545892059977,160.9895042843719,2,2027.3296302849044,central,one_sided_forward,one_sided,,75,1.653614381675077e-09,0.0025,0.2625,16.532104898548138,2.723511081365559,6.070144164884028,-0.945412202449031,160.98128857598923,2,2027.2840237364621,central,one_sided_forward,one_sided,,75,1.653210489854814e-09,0.0025,0.2625,0.000634584916325398,0.004038918202631692,0.002898016175128859,4.6718150738978004e-05,0
0.00075,-0.69,orbital,6.780615494034553,0.1333486949124912,50.84875782612095,-0.9992101534266776,177.7226090575824,2,0.8175527327940021,central,central,central,,18,6.780615494034552e-10,0.0025,0.2625,6.780914886660535,0.13322203218550227,50.89935032081323,-0.9992117089664202,177.72485302760523,2,0.8160724087486922,central,central,central,,18,6.780914886660536e-10,0.0025,0.2625,0.00012666272698894088,0.000299392625982442,0.05059249469227467,1.5555397425703887e-06,0
0.00075,-0.69,photon_geometry,9.1438572375332,1.0980185283348018,8.32759830692502,-0.9715680970966398,166.3045916861506,2,100.8041033341173,central,central,central,,27,9.143857237533201e-10,0.0025,0.2625,9.144605784527839,1.0980802906387706,8.327811602199214,-0.9715695084211986,166.30493322962212,2,100.83195074750077,central,central,central,,27,9.144605784527839e-10,0.0025,0.2625,6.17623039687043e-05,0.0007485469946377776,0.0002132952741931149,1.411324558775462e-06,0
0.00075,-0.69,redshift,5.146667257113505,0.3330752947629702,15.451963378959343,-0.991657168408804,172.5937772673457,2,2.9385766544513747,central,central,central,,9,5.146667257113503e-10,0.0025,0.2625,5.1453229214936815,0.33332129529362714,15.43652624102849,-0.9916405534682626,172.5863958079767,2,2.941381756162719,central,central,central,,9,5.145322921493682e-10,0.0025,0.2625,0.0002460005306569313,0.001344335619823056,0.015437137930852884,1.6614940541392897e-05,0
0.00075,-0.69,timing,5.716045429322612,1.970197243443631,2.901255419143597,-0.7827281478091824,141.51104521600465,2,126.82671909157868,central,central,central,,17,5.716045429322611e-10,0.0025,0.2625,5.7168893565179655,1.9715751924466094,2.899655756686429,-0.7825180632894331,141.49170861033195,2,127.0416904692956,central,central,central,,17,5.716889356517965e-10,0.0025,0.2625,0.0013779490029783847,0.0008439271953530891,0.0015996624571679163,0.00021008451974935394,0
0.00075,-0.69,all_shooting,13.727640076312882,2.348653165564901,5.844898803102369,-0.9429181578931252,160.54754376898703,2,1039.5120860431628,central,central,central,,71,1.3727640076312883e-09,0.0025,0.2625,13.72812503421445,2.3499184753011515,5.841957999183412,-0.9428624498406338,160.5379616500747,2,1040.7059643634566,central,central,central,,71,1.3728125034214452e-09,0.0025,0.2625,0.0012653097362504973,0.000484957901567995,0.0029408039189569024,5.570805249133226e-05,0
0.00075,-0.69,ringdown_only,2.2904121239120494,0.2682530707257338,8.538251277853227,-0.7436698550719167,138.04497642371422,2,0.377499753123391,central,central,central,,4,2.2904121239120496e-10,0.0025,0.2625,2.2904121239120494,0.26825307072573384,8.538251277853227,-0.7436698550719167,138.04497642371422,2,0.377499753123391,central,central,central,,4,2.2904121239120496e-10,0.0025,0.2625,5.551115123125783e-17,0.0,0.0,0.0,0
0.00075,-0.69,ringdown_plus_photon_geometry,9.327640464618703,1.7688529161803346,5.273270818220903,-0.9304125702296384,158.499218706128,2,272.2243938205603,central,central,central,,31,9.327640464618702e-10,0.0025,0.2625,9.328367039584418,1.7689293545027307,5.273453694371387,-0.930417599625295,158.50000494684852,2,272.29033692857143,central,central,central,,31,9.328367039584418e-10,0.0025,0.2625,7.64383223961218e-05,0.0007265749657143772,0.00018287615048429018,5.029395656608315e-06,0
0.00075,-0.69,ringdown_plus_all_shooting,13.85558795895067,2.702758493836974,5.126461720699494,-0.9261677881523466,157.84511143886178,2,1402.375775295338,central,central,central,,75,1.385558795895067e-09,0.0025,0.2625,13.856066769031182,2.7038666563005727,5.124537756602627,-0.9261146451644799,157.83703865229577,2,1403.6229973364834,central,central,central,,75,1.3856066769031183e-09,0.0025,0.2625,0.001108162463598461,0.0004788100805122042,0.0019239640968669036,5.3142987866627855e-05,0
0.00075,-0.6666666666666666,orbital,5.637473029669446,0.1102049759930871,51.154432718383525,-0.999222488345749,177.74046419791455,2,0.385985831281876,central,central,central,,18,5.637473029669447e-10,0.0025,0.2625,5.638111204218031,0.11040237647917706,51.0687485543523,-0.9992198961598727,177.73670025205578,2,0.38745754190118215,central,central,central,,18,5.638111204218031e-10,0.0025,0.2625,0.0001974004860899603,0.0006381745485848356,0.08568416403122825,2.5921858762822936e-06,0
0.00075,-0.6666666666666666,photon_geometry,7.194934340718049,0.8283042172037626,8.686342760643095,-0.9738314037162772,166.86350534012985,2,35.51676609096265,central,central,central,,27,7.19493434071805e-10,0.0025,0.2625,7.198340899899171,0.8285915126321498,8.687442231978121,-0.9738378963903063,166.86514226058003,2,35.575071470119,central,central,central,,27,7.198340899899172e-10,0.0025,0.2625,0.0002872954283872353,0.003406559181121871,0.001099471335026081,6.492674029079382e-06,0
0.00075,-0.6666666666666666,redshift,3.90157837645834,0.2745786830077381,14.20932729999432,-0.9901424184245736,171.9484364637189,2,1.1476628045860122,central,central,central,,9,3.90157837645834e-10,0.0025,0.2625,3.900264733166368,0.27481316926349686,14.192422960002725,-0.9901190282551207,171.9388739380797,2,1.148849801046668,central,central,central,,9,3.900264733166368e-10,0.0025,0.2625,0.00023448625575878124,0.001313643291971811,0.01690433999159424,2.3390169452963683e-05,0
0.00075,-0.6666666666666666,timing,4.7242400077047,1.530536533203687,3.0866561530655003,-0.7970216200483997,142.84662190526797,2,52.281893399362566,central,central,central,,17,4.724240007704701e-10,0.0025,0.2625,4.724893830764926,1.531842761279026,3.0844509307338,-0.7967519336741828,142.82104475211545,2,52.38566795717007,central,central,central,,17,4.724893830764926e-10,0.0025,0.2625,0.0013062280753388666,0.0006538230602259887,0.002205222331700174,0.0002696863742168709,0
0.00075,-0.6666666666666666,all_shooting,10.98936213070738,1.8544617308853928,5.925903968619847,-0.9441587327651486,160.76211873850545,2,415.3179683039099,central,central,central,,71,1.098936213070738e-09,0.0025,0.2625,10.991726267889414,1.8557659113378335,5.923013350302036,-0.9441056618071614,160.75289226200837,2,416.08129704136684,central,central,central,,71,1.0991726267889415e-09,0.0025,0.2625,0.0013041804524407397,0.002364137182032877,0.002890618317811011,5.307095798723349e-05,0
0.00075,-0.6666666666666666,ringdown_only,2.201979816850573,0.2411974421802681,9.129366368673344,-0.7696038348567884,140.31832688808376,2,0.282079849850974,central,central,central,,4,2.201979816850573e-10,0.0025,0.2625,2.201979816850573,0.2411974421802681,9.129366368673345,-0.7696038348567884,140.31832688808376,2,0.282079849850974,central,central,central,,4,2.2019798168505733e-10,0.0025,0.2625,0.0,0.0,1.7763568394002505e-15,0.0,0
0.00075,-0.6666666666666666,ringdown_plus_photon_geometry,7.4164349495925554,1.5351065115734106,4.831218481374993,-0.9170184910664112,156.49402565872552,2,129.61862538298308,central,central,central,,31,7.416434949592556e-10,0.0025,0.2625,7.419740675756052,1.5352573824704168,4.832896920395707,-0.9170742180171767,156.50203236456906,2,129.75970282025025,central,central,central,,31,7.419740675756052e-10,0.0025,0.2625,0.0001508708970061612,0.0033057261634965585,0.0016784390207140731,5.572695076550005e-05,0
0.00075,-0.6666666666666666,ringdown_plus_all_shooting,11.140847008005052,2.234620239615744,4.985566142514124,-0.9214245685803804,157.13524073949267,2,619.7890177793942,central,central,central,,75,1.1140847008005055e-09,0.0025,0.2625,11.14317929607575,2.2357012236285163,4.984198773211075,-0.9213832841545632,157.12915379806768,2,620.6485797917757,central,central,central,,75,1.1143179296075752e-09,0.0025,0.2625,0.0010809840127721237,0.0023322880706988514,0.0013673693030495926,4.128442581718961e-05,0
0.00075,-0.64,orbital,4.481803437852099,0.094187511283717,47.58383969135518,-0.9991057889328434,177.57679577011135,2,0.1781936624989108,central,central,central,,18,4.481803437852099e-10,0.0025,0.2625,4.482363602093021,0.0941391221907215,47.61424897304609,-0.9991069306743064,177.57834348560252,2,0.17805511513688618,central,central,central,,18,4.4823636020930214e-10,0.0025,0.2625,4.83890929954961e-05,0.0005601642409223118,0.03040928169090762,1.1417414630399136e-06,0
0.00075,-0.64,photon_geometry,5.492535126497505,0.5933471880544992,9.256865520011557,-0.9769057228210042,167.6624425367625,2,10.62095241718202,central,central,central,,27,5.492535126497504e-10,0.0025,0.2625,5.493485008171094,0.5935703820844694,9.254985043019431,-0.976896401553911,167.65994329013407,2,10.632620962088382,central,central,central,,27,5.493485008171094e-10,0.0025,0.2625,0.00022319402997028615,0.0009498816735886706,0.0018804769921256792,9.32126709318748e-06,0
0.00075,-0.64,redshift,2.8489590639022384,0.2217160332391628,12.84958522070028,-0.9879598857723192,171.10000740793154,2,0.3989942324378835,central,central,central,,9,2.8489590639022387e-10,0.0025,0.2625,2.8489406770225636,0.22191427294978905,12.838023616746693,-0.9879383244289813,171.0920258768216,2,0.3997028858233659,central,central,central,,9,2.8489406770225637e-10,0.0025,0.2625,0.00019823971062624124,1.8386879674814338e-05,0.011561603953587962,2.1561343337861416e-05,0
0.00075,-0.64,timing,3.885698333241271,1.1537561068336195,3.367868053071652,-0.8174210831530272,144.8274613379744,2,20.098617615406827,central,central,central,,17,3.885698333241272e-10,0.0025,0.2625,3.885420572281702,1.1548536428759455,3.364426822610867,-0.817081235913727,144.79367262647608,2,20.13399553187264,central,central,central,,17,3.885420572281702e-10,0.0025,0.2625,0.0010975360423259861,0.00027776095956921765,0.0034412304607851496,0.0003398472393001395,0
0.00075,-0.64,all_shooting,8.551581012443012,1.4427158313492896,5.927418848967095,-0.943918771744268,160.7204349268655,2,152.21393856728216,central,central,central,,71,8.551581012443012e-10,0.0025,0.2625,8.552352970238402,1.443709294610355,5.923874703976753,-0.9438534983643505,160.709111229616,2,152.45116174944823,central,central,central,,71,8.552352970238402e-10,0.0025,0.2625,0.0009934632610653082,0.0007719577953899659,0.0035441449903421685,6.527337991746318e-05,0
0.00075,-0.64,ringdown_only,2.1036556124260795,0.2140074474368185,9.829824324441525,-0.7971353809379345,142.85741554852467,2,0.2026782103025882,central,central,central,,4,2.1036556124260795e-10,0.0025,0.2625,2.1036556124260795,0.2140074474368185,9.829824324441525,-0.7971353809379345,142.85741554852467,2,0.20267821030258826,central,central,central,,4,2.1036556124260795e-10,0.0025,0.2625,0.0,0.0,0.0,0.0,0
0.00075,-0.64,ringdown_plus_photon_geometry,5.762393089038645,1.336411243603919,4.311841221493407,-0.8954949513857074,153.57207567406192,2,59.304275338724274,central,central,central,,31,5.762393089038644e-10,0.0025,0.2625,5.7632998196055265,1.336504637505434,4.3122183476763984,-0.8955126531647818,153.57435458301708,2,59.331231984037636,central,central,central,,31,5.763299819605527e-10,0.0025,0.2625,9.339390151485993e-05,0.0009067305668812864,0.0003771261829914607,1.7701779074341673e-05,0
0.00075,-0.64,ringdown_plus_all_shooting,8.732848873343952,1.8491845394625104,4.722540496624673,-0.9118322509933948,155.75979587898286,2,260.778868467094,central,central,central,,75,8.732848873343953e-10,0.0025,0.2625,8.733605115952683,1.8499582851365128,4.720974081482172,-0.9117764930426364,155.75201579673848,2,261.04235244074073,central,central,central,,75,8.733605115952683e-10,0.0025,0.2625,0.0007737456740024573,0.0007562426087304175,0.0015664151425012207,5.575795075840606e-05,0
0.00075,-0.61,orbital,3.375000078491163,0.0793239544164461,42.547047777933614,-0.9988869624688186,177.29645984115157,2,0.0716731162019988,central,central,central,,18,3.375000078491163e-10,0.0025,0.2625,3.3754805947787463,0.07927073962403747,42.58167150688715,-0.9988887600728764,177.2986442956849,2,0.07159736708896366,central,central,central,,18,3.3754805947787463e-10,0.0025,0.2625,5.321479240863458e-05,0.00048051628758338794,0.03462372895353383,1.7976040578293606e-06,0
0.00075,-0.61,photon_geometry,4.020647764985054,0.4061822956928709,9.89862878717198,-0.97977108646524,168.45593539856353,2,2.667067671372229,central,central,central,,27,4.0206477649850543e-10,0.0025,0.2625,4.0212904826856635,0.40631335533549207,9.897017732447638,-0.9797645539740669,168.45406526339542,2,2.6696423753246146,central,central,central,,27,4.0212904826856637e-10,0.0025,0.2625,0.00013105964262116743,0.0006427177006091966,0.0016110547243410878,6.532491173105726e-06,0
0.00075,-0.61,redshift,1.9931068030042944,0.176418175978205,11.297627310524543,-0.9844483557812016,169.88210354196673,2,0.1236368119652685,central,central,central,,9,1.9931068030042943e-10,0.0025,0.2625,1.9933490798136997,0.17659147792407356,11.287912096589116,-0.9844218185967766,169.8734521553667,2,0.12390995592769016,central,central,central,,9,1.9933490798136997e-10,0.0025,0.2625,0.00017330194586856473,0.00024227680940525076,0.009715213935427514,2.6537184425023952e-05,0
0.00075,-0.61,timing,3.146183972646654,0.8484963494516193,3.70795227896976,-0.8385954983511722,146.9921035506035,2,7.126367011777983,central,central,central,,17,3.1461839726466535e-10,0.0025,0.2625,3.1443653662570252,0.8497744833114422,3.700235095320714,-0.8379760113864165,146.9270045466071,2,7.1395917726013876,central,central,central,,17,3.1443653662570254e-10,0.0025,0.2625,0.0012781338598228942,0.0018186063896288296,0.007717183649045722,0.0006194869647556667,0
0.00075,-0.61,all_shooting,6.412216423850748,1.1104092067525717,5.77464270366011,-0.9407049809267176,160.170287755413,2,50.69702236884325,central,central,central,,71,6.412216423850747e-10,0.0025,0.2625,6.412067632618413,1.1113886775342994,5.769419611907577,-0.9406019493796343,160.15289288433,2,50.78414266063963,central,central,central,,71,6.412067632618413e-10,0.0025,0.2625,0.0009794707817276649,0.00014879123233502156,0.00522309175253266,0.00010303154708335427,0
0.00075,-0.61,ringdown_only,1.996297073471365,0.1873753174986138,10.6540023527172,-0.8252511517205469,145.61396252357025,2,0.1399184881025201,central,central,central,,4,1.9962970734713648e-10,0.0025,0.2625,1.996297073471365,0.18737531749861389,10.654002352717201,-0.8252511517205469,145.61396252357025,2,0.13991848810252017,central,central,central,,4,1.996297073471365e-10,0.0025,0.2625,8.326672684688674e-17,0.0,1.7763568394002505e-15,0.0,0
0.00075,-0.61,ringdown_plus_photon_geometry,4.357742498191802,1.1666123357931537,3.7353818097843705,-0.8593282957827224,149.2412474340045,2,25.844983341532163,central,central,central,,31,4.357742498191802e-10,0.0025,0.2625,4.358330707725835,1.1666758959172592,3.735682483008056,-0.859352192442255,149.24392472430384,2,25.854777984427642,central,central,central,,31,4.358330707725835e-10,0.0025,0.2625,6.356012410546619e-05,0.0005882095340332683,0.0003006732236854326,2.3896659532618436e-05,0
0.00075,-0.61,ringdown_plus_all_shooting,6.634154410825901,1.5355242887103524,4.320449021615775,-0.8937011611664797,153.3420823512396,2,103.7730382236389,central,central,central,,75,6.6341544108259e-10,0.0025,0.2625,6.6340021088046495,1.5362693947864927,4.318254422901283,-0.8936017770881632,153.329393459667,2,103.86900417420344,central,central,central,,75,6.63400210880465e-10,0.0025,0.2625,0.0007451060761403117,0.0001523020212514936,0.002194598714491569,9.938407831644458e-05,0
0.00075,-0.58,orbital,2.485493475217201,0.0687741285219216,36.13994867888373,-0.9984630576392975,176.82296455554263,2,0.0292196794029153,central,central,central,,18,2.4854934752172013e-10,0.0025,0.2625,2.4857440958937698,0.0688727644452442,36.09182985343948,-0.9984589653393026,176.81873665597084,2,0.029309463142019845,central,central,central,,18,2.48574409589377e-10,0.0025,0.2625,9.86359233226125e-05,0.00025062067656866915,0.048118825444248614,4.092299994984394e-06,0
0.00075,-0.58,photon_geometry,2.9090752132832907,0.2838339519684104,10.249215053761642,-0.9811250499010914,168.8502271507978,2,0.6817711007656739,central,central,central,,27,2.9090752132832907e-10,0.0025,0.2625,2.9096205986450876,0.28392227364933526,10.247947655697775,-0.9811204128072188,168.84885328835233,2,0.6824512815579854,central,central,central,,27,2.9096205986450877e-10,0.0025,0.2625,8.832168092487436e-05,0.0005453853617969351,0.0012673980638666649,4.637093872550402e-06,0
0.00075,-0.58,redshift,1.3860843752909522,0.1444938230120473,9.592689475559002,-0.9784794881091384,168.09180676198946,2,0.0401123309146453,central,central,central,,9,1.3860843752909522e-10,0.0025,0.2625,1.3862685910295378,0.14464170073109284,9.584155772661896,-0.9784417082250575,168.08132093294455,2,0.040205161067300925,central,central,central,,9,1.386268591029538e-10,0.0025,0.2625,0.00014787771904553604,0.00018421573858562468,0.008533702897105755,3.777988408093513e-05,0
0.00075,-0.58,timing,2.5582403277036376,0.6323852988309008,4.045382352235403,-0.8559643210188062,148.86643264655555,2,2.617256048451428,central,central,central,,17,2.558240327703637e-10,0.0025,0.2625,2.5565421828167927,0.6336227225435589,4.034801928431538,-0.8552031226361505,148.78218214444146,2,2.6240216405211974,central,central,central,,17,2.556542182816793e-10,0.0025,0.2625,0.0012374237126581145,0.0016981448868449434,0.010580423803864925,0.0007611983826556479,0
0.00075,-0.58,all_shooting,4.780300192089342,0.8723710100766028,5.47966419891645,-0.9339455606906344,159.05845525646137,2,17.39052889887813,central,central,central,,71,4.780300192089341e-10,0.0025,0.2625,4.779869341264552,0.8735374342504242,5.471854042942215,-0.9337636900471624,159.02931967537845,2,17.433921739378555,central,central,central,,71,4.779869341264552e-10,0.0025,0.2625,0.001166424173821401,0.0004308508247898857,0.0078101559742354,0.0001818706434719708,0
0.00075,-0.58,ringdown_only,1.89224352292008,0.1643631907760589,11.51257476802223,-0.8500300763106449,148.2149407984476,2,0.0967304441513675,central,central,central,,4,1.8922435229200804e-10,0.0025,0.2625,1.8922435229200802,0.16436319077605893,11.51257476802223,-0.8500300763106449,148.2149407984476,2,0.09673044415136754,central,central,central,,4,1.8922435229200804e-10,0.0025,0.2625,2.7755575615628914e-17,2.220446049250313e-16,0.0,0.0,0
0.00075,-0.58,ringdown_plus_photon_geometry,3.3330624075148005,1.0205763591990338,3.2658628406115997,-0.8095698262436024,144.05392354798155,2,11.571186643571156,central,central,central,,31,3.3330624075148e-10,0.0025,0.2625,3.3335272961539184,1.0206372812345401,3.2661233892237975,-0.8096069921182819,144.0575512398992,2,11.575796600762326,central,central,central,,31,3.3335272961539183e-10,0.0025,0.2625,6.09220355063389e-05,0.0004648886391178664,0.00026054861219781955,3.7165874679501165e-05,0
0.00075,-0.58,ringdown_plus_all_shooting,5.053340819239395,1.2975548076422356,3.894510497342099,-0.8668193731568373,150.0911076902649,2,42.99407425165352,central,central,central,,75,5.053340819239394e-10,0.0025,0.2625,5.052934030620597,1.2983362658837656,3.891853107238833,-0.8666499270511421,150.0716426938026,2,43.03894658013422,central,central,central,,75,5.052934030620597e-10,0.0025,0.2625,0.0007814582415299753,0.00040678861879772654,0.002657390103265822,0.00016944610569524787,0
0.00075,-0.55,orbital,1.7969515403739067,0.0612206016443419,29.352072539456703,-0.9976760091181462,176.09303982780847,2,0.0121023000833282,central,central,central,,18,1.7969515403739067e-10,0.0025,0.2625,1.7970202147271905,0.06120267301786661,29.361792975979903,-0.997677530145279,176.09431906433596,2,0.012096137242189098,central,central,central,,18,1.7970202147271907e-10,0.0025,0.2625,1.79286264752887e-05,6.867435328383742e-05,0.009720436523199538,1.5210271328003344e-06,0
0.00075,-0.55,photon_geometry,2.0797705041150856,0.2056533824989654,10.1129895304569,-0.9806253708318337,168.7031327624208,2,0.1829374172146443,central,central,central,,27,2.0797705041150856e-10,0.0025,0.2625,2.080202533097169,0.20571354162853123,10.112132223427032,-0.980622108812171,168.70217870780175,2,0.18312051631331422,central,central,central,,27,2.080202533097169e-10,0.0025,0.2625,6.015912956583436e-05,0.0004320289820833878,0.0008573070298680818,3.2620196626087505e-06,0
0.00075,-0.55,redshift,0.957111306843302,0.1220718515908955,7.840556970094209,-0.9679353574491752,165.4515015376904,2,0.013650732542274,central,central,central,,9,9.57111306843302e-11,0.0025,0.2625,0.9572637079945806,0.1221979213163704,7.833715153928233,-0.9678806699353893,165.43903315409713,2,0.013683299246478146,central,central,central,,9,9.572637079945807e-11,0.0025,0.2625,0.0001260697254749088,0.00015240115127856946,0.006841816165976233,5.468751378590042e-05,0
0.00075,-0.55,timing,2.08828586873552,0.475265686454781,4.393933600199452,-0.870963285522833,150.57077315960066,2,0.9850376246710768,central,central,central,,17,2.08828586873552e-10,0.0025,0.2625,2.087364378456976,0.47608669948149096,4.384420696336062,-0.8703421495459271,150.49842385215354,2,0.9875716926597313,central,central,central,,17,2.087364378456976e-10,0.0025,0.2625,0.0008210130267099491,0.000921490278543935,0.009512903863389433,0.0006211359769058289,0
0.00075,-0.55,all_shooting,3.555011823555571,0.6929583907697865,5.13019521937878,-0.9241979442716552,157.54772093830056,2,6.068710417818065,central,central,central,,71,3.5550118235555716e-10,0.0025,0.2625,3.554733339026223,0.6938974565043711,5.122851086576696,-0.9239852840010548,157.51583851329727,2,6.0842163087019365,central,central,central,,71,3.5547333390262227e-10,0.0025,0.2625,0.0009390657345845765,0.0002784845293484217,0.0073441328020837915,0.0002126602706004066,0
0.00075,-0.55,ringdown_only,1.791454399528069,0.1444259126251667,12.40396800661034,-0.8715154337683548,150.63522307214404,2,0.066942473737698,central,central,central,,4,1.791454399528069e-10,0.0025,0.2625,1.791454399528069,0.14442591262516674,12.403968006610341,-0.8715154337683548,150.63522307214404,2,0.06694247373769809,central,central,central,,4,1.791454399528069e-10,0.0025,0.2625,2.7755575615628914e-17,0.0,1.7763568394002505e-15,0.0,0
0.00075,-0.55,ringdown_plus_photon_geometry,2.6149366068296045,0.8717871962864262,2.999512516321088,-0.7520247210570168,138.76607117554343,2,5.1968873434384495,central,central,central,,31,2.6149366068296044e-10,0.0025,0.2625,2.6152598378597496,0.8718625638351007,2.999623961781189,-0.7520673133631426,138.76977367914276,2,5.199071013483387,central,central,central,,31,2.6152598378597496e-10,0.0025,0.2625,7.53675486745431e-05,0.00032323103014508803,0.00011144546010122269,4.259230612579934e-05,0
0.00075,-0.55,ringdown_plus_all_shooting,3.891828241080767,1.0964219300572364,3.549571688043126,-0.8328716080010645,146.39486158968955,2,18.20802149370409,central,central,central,,75,3.8918282410807665e-10,0.0025,0.2625,3.891601665318485,1.0969170342574863,3.547762997365382,-0.832700223407037,146.37712369267194,2,18.22234743007418,central,central,central,,75,3.891601665318485e-10,0.0025,0.2625,0.0004951042002498962,0.000226575762282355,0.0018086906777439182,0.00017138459402754602,0
0.00075,-0.525,orbital,1.3557964098452242,0.056096067494417,24.16918815173913,-0.9965780526182488,175.25869148026985,2,0.0057843397393195,central,central,central,,18,1.3557964098452242e-10,0.0025,0.2625,1.3559349065302344,0.05611588514352292,24.163120711047732,-0.9965763343813475,175.25750059081238,2,0.005789610104503841,central,central,central,,18,1.3559349065302345e-10,0.0025,0.2625,1.9817649105920154e-05,0.00013849668501020318,0.006067440691399639,1.7182369013157839e-06,0
0.00075,-0.525,photon_geometry,1.560282902907878,0.1628196951816093,9.582887998700254,-0.9784514221927472,168.0840161818741,2,0.064538753623301,central,central,central,,27,1.5602829029078778e-10,0.0025,0.2625,1.5606268067805158,0.1628639026760643,9.58239843904881,-0.9784492385891411,168.08341026429653,2,0.0646022731882232,central,central,central,,27,1.5606268067805158e-10,0.0025,0.2625,4.420749445499528e-05,0.0003439038726378296,0.0004895596514451483,2.183603606042972e-06,0
0.00075,-0.525,redshift,0.7000148709949474,0.1083491246282758,6.460733978207563,-0.9531225496658636,162.38709694165493,2,0.0057526154883221,central,central,central,,9,7.000148709949475e-11,0.0025,0.2625,0.7001525048127297,0.1084589184874718,6.455462718758394,-0.95304873376507,162.37312492625452,2,0.005766546955038335,central,central,central,,9,7.001525048127297e-11,0.0025,0.2625,0.00010979385919600293,0.0001376338177823122,0.0052712594491692855,7.381590079358347e-05,0
0.00075,-0.525,timing,1.7694245771451118,0.3763286967189256,4.701806140674595,-0.8824059756134062,151.93397087651624,2,0.4434031595878915,central,central,central,,17,1.769424577145112e-10,0.0025,0.2625,1.7690276851588533,0.37688091374677923,4.693863819135816,-0.8819190227635497,151.87472754843756,2,0.4445059182491351,central,central,central,,17,1.7690276851588533e-10,0.0025,0.2625,0.0005522170278536298,0.0003968919862584741,0.007942321538778607,0.00048695284985644793,0
0.00075,-0.525,all_shooting,2.7834870044918194,0.5733853280381958,4.8544789487644495,-0.9145458481479832,156.14131358419607,2,2.547249864553183,central,central,central,,71,2.7834870044918195e-10,0.0025,0.2625,2.783450903507276,0.5741648307882189,4.847825492352306,-0.9143129869762449,156.10834973755394,2,2.5541141614721465,central,central,central,,71,2.783450903507276e-10,0.0025,0.2625,0.0007795027500231422,3.610098454354116e-05,0.006653456412143655,0.0002328611717383744,0
0.00075,-0.525,ringdown_only,1.7099668252904845,0.1299077820428119,13.16292833578634,-0.8869183152261453,152.48852217784085,2,0.049345289995631,central,central,central,,4,1.7099668252904842e-10,0.0025,0.2625,1.7099668252904845,0.1299077820428119,13.16292833578634,-0.8869183152261453,152.48852217784085,2,0.04934528999563102,central,central,central,,4,1.7099668252904845e-10,0.0025,0.2625,0.0,0.0,0.0,0.0,0
0.00075,-0.525,ringdown_plus_photon_geometry,2.203244261338737,0.7399799257769692,2.9774378798524297,-0.7071116205960282,135.0003921312803,2,2.6580623985252068,central,central,central,,31,2.2032442613387376e-10,0.0025,0.2625,2.203461372263609,0.7400684003578983,2.9773752955781,-0.7071492599136647,135.0034420895954,2,2.659222060783691,central,central,central,,31,2.2034613722636093e-10,0.0025,0.2625,8.847458092908767e-05,0.00021711092487208816,6.258427432959124e-05,3.763931763656192e-05,0
0.00075,-0.525,ringdown_plus_all_shooting,3.182482512436098,0.9429943117813798,3.3748692570840366,-0.802407648034084,143.3606347994224,2,9.006378569196107,central,central,central,,75,3.182482512436098e-10,0.0025,0.2625,3.1824947792996694,0.9433205925395572,3.3737149432219296,-0.8022542622415999,143.34591095662987,2,9.012681629959536,central,central,central,,75,3.1824947792996694e-10,0.0025,0.2625,0.00032628075817742186,1.2266863571586129e-05,0.0011543138621070703,0.00015338579248413975,0
0.00075,-0.5,orbital,1.0154101097144543,0.0517796193028798,19.610227409647635,-0.9948103121784052,174.16022321377918,2,0.0027643986501519,central,central,central,,18,1.0154101097144543e-10,0.0025,0.2625,1.015581660421358,0.051776933871026304,19.614557767192625,-0.9948125867464179,174.1615042092985,2,0.0027650459760263646,central,central,central,,18,1.0155816604213579e-10,0.0025,0.2625,2.685431853492737e-06,0.000171550706903556,0.0043303575449904486,2.274568012716749e-06,0
0.00075,-0.5,photon_geometry,1.1648411887145638,0.1333187325299806,8.737265698596522,-0.9741391043565972,166.94130383017614,2,0.024116583886265,central,central,central,,27,1.164841188714564e-10,0.0025,0.2625,1.165109131568617,0.13335167491226957,8.737116592912148,-0.9741382307653942,166.94108230830636,2,0.0241396051352063,central,central,central,,27,1.1651091315686172e-10,0.0025,0.2625,3.2942382288958516e-05,0.00026794285405329354,0.00014910568437365157,8.735912030433113e-07,0
0.00075,-0.5,redshift,0.5115254819207316,0.0977515848070454,5.232912417025728,-0.9294415435571892,158.347928535852,2,0.0025002426585819,central,central,central,,9,5.115254819207316e-11,0.0025,0.2625,0.511654947121946,0.09784617200352747,5.229176948317408,-0.9293460335608046,158.33310200338906,2,0.0025063518257067005,central,central,central,,9,5.1165494712194603e-11,0.0025,0.2625,9.458719648205993e-05,0.0001294652012144848,0.003735468708319978,9.550999638463509e-05,0
0.00075,-0.5,timing,1.5042339360482693,0.2993477104023712,5.0250390558402405,-0.8930323757090467,153.25680252471582,2,0.2027601697111733,central,central,central,,17,1.5042339360482694e-10,0.0025,0.2625,1.5042331950311525,0.2997027546863681,5.019083647079912,-0.8926767483865682,153.2115573331325,2,0.2032412260702594,central,central,central,,17,1.5042331950311526e-10,0.0025,0.2625,0.00035504428399690813,7.410171167787638e-07,0.005955408760328851,0.00035562732247851336,0
0.00075,-0.5,all_shooting,2.192501005168836,0.4741830012320268,4.6237444182357,-0.9043658832714436,154.73801315748233,2,1.0808652750332597,central,central,central,,71,2.1925010051688358e-10,0.0025,0.2625,2.1926759729740377,0.47478932124096956,4.618208276553023,-0.9041303851625964,154.7064140552566,2,1.0838041265432226,central,central,central,,71,2.1926759729740378e-10,0.0025,0.2625,0.0006063200089427845,0.00017496780520165345,0.005536141682676465,0.00023549810884726519,0
0.00075,-0.5,ringdown_only,1.630782545275134,0.1171121302498209,13.924966967951011,-0.9001405098161667,154.17654277529297,2,0.0364750478620366,central,central,central,,4,1.6307825452751338e-10,0.0025,0.2625,1.6307825452751339,0.11711213024982099,13.924966967951013,-0.9001405098161667,154.17654277529297,2,0.03647504786203662,central,central,central,,4,1.630782545275134e-10,0.0025,0.2625,9.71445146547012e-17,2.220446049250313e-16,1.7763568394002505e-15,0.0,0
0.00075,-0.5,ringdown_plus_photon_geometry,1.9179187540339555,0.6077692763869298,3.1556691470743794,-0.6742327249656374,132.39459520177,2,1.3587448026336473,central,central,central,,31,1.9179187540339558e-10,0.0025,0.2625,1.9180542506571083,0.6078624928619778,3.1554081279573616,-0.6742566668125626,132.3964526857141,2,1.3593536791241343,central,central,central,,31,1.9180542506571084e-10,0.0025,0.2625,9.321647504800801e-05,0.00013549662315281985,0.00026101911701781333,2.3941846925223942e-05,0
0.00075,-0.5,ringdown_plus_all_shooting,2.658174567403204,0.7994905293749607,3.3248355918379127,-0.7740027727424585,140.71470779436825,2,4.516412950643249,central,central,central,,75,2.6581745674032034e-10,0.0025,0.2625,2.658376233319083,0.7996596683415053,3.3243845332759587,-0.7738949714302001,140.70495401799292,2,4.519009726542531,central,central,central,,75,2.658376233319083e-10,0.0025,0.2625,0.00016913896654457972,0.0002016659158790013,0.000451058561953932,0.00010780131225840428,0
0.00075,-0.475,orbital,0.7550332205998777,0.0476485841324933,15.845868966439925,-0.9920648145960052,172.77723022336534,2,0.0012942915666906,central,central,central,,18,7.550332205998776e-11,0.0025,0.2625,0.7552915990555202,0.04766246873508056,15.846673894581757,-0.9920656166735204,172.77759575051,2,0.0012959324811408289,central,central,central,,18,7.552915990555203e-11,0.0025,0.2625,1.38846025872566e-05,0.00025837845564258277,0.0008049281418323062,8.020775152939308e-07,0
0.00075,-0.475,photon_geometry,0.8652097722164602,0.1114132442666317,7.765771277119074,-0.9673771935834296,165.32473088771252,2,0.0092921555967784,central,central,central,,27,8.652097722164602e-11,0.0025,0.2625,0.8654151869363866,0.11143785664666055,7.765899425725544,-0.9673782519227316,165.3249702449395,2,0.009300676211915524,central,central,central,,27,8.654151869363866e-11,0.0025,0.2625,2.4612380028848913e-05,0.00020541471992641114,0.00012814860646948034,1.0583393020846543e-06,0
0.00075,-0.475,redshift,0.373879986159716,0.0884675863474256,4.226180475766941,-0.8939467090044589,153.37345677107737,2,0.0010940389728858,central,central,central,,9,3.738799861597161e-11,0.0025,0.2625,0.3740061627616907,0.08854652876077376,4.223837659092696,-0.8938363217189725,153.35934800298233,2,0.0010967322082527091,central,central,central,,9,3.740061627616907e-11,0.0025,0.2625,7.894241334815977e-05,0.00012617660197467018,0.002342816674245185,0.00011038728548640186,0
0.00075,-0.475,timing,1.2827064643395203,0.2376598345212182,5.397237050693144,-0.9040132044095004,154.69070449178076,2,0.0929321848560756,central,central,central,,17,1.2827064643395207e-10,0.0025,0.2625,1.2829853256533323,0.23787500632932335,5.39352723706129,-0.9037798550968626,154.65944815845322,2,0.09314102305488642,central,central,central,,17,1.2829853256533325e-10,0.0025,0.2625,0.00021517180810515235,0.00027886131381205104,0.0037098136318540753,0.00023334931263774283,0
0.00075,-0.475,all_shooting,1.7413359581147798,0.3879772186360771,4.488242800019024,-0.895918467236947,153.62664879102962,2,0.4564335787693136,central,central,central,,71,1.74133595811478e-10,0.0025,0.2625,1.7417144856385132,0.3884411985592511,4.483856223538142,-0.8956976091642197,153.5981765480278,2,0.45772485803843127,central,central,central,,71,1.7417144856385132e-10,0.0025,0.2625,0.00046397992317398495,0.00037852752373335186,0.004386576480881921,0.00022085807272731461,0
0.00075,-0.475,ringdown_only,1.5539460345314362,0.105748768629047,14.694696256771342,-0.9115688479965808,155.72306303717437,2,0.0270036520360788,central,central,central,,4,1.5539460345314362e-10,0.0025,0.2625,1.5539460345314362,0.10574876862904703,14.694696256771342,-0.9115688479965807,155.72306303717437,2,0.0270036520360788,central,central,central,,4,1.5539460345314362e-10,0.0025,0.2625,2.7755575615628914e-17,0.0,0.0,1.1102230246251565e-16,0
0.00075,-0.475,ringdown_plus_photon_geometry,1.7186283166138927,0.4829582285998533,3.558544434777262,-0.6616457704248073,131.42550970107237,2,0.6889426417660759,central,central,central,,31,1.7186283166138927e-10,0.0025,0.2625,1.718708763542882,0.4830456583984323,3.5580668900769483,-0.6616498936004949,131.42582476631722,2,0.6892566245677447,central,central,central,,31,1.718708763542882e-10,0.0025,0.2625,8.742979857895294e-05,8.044692898923067e-05,0.00047754470031380336,4.123175687542613e-06,0
0.00075,-0.475,ringdown_plus_all_shooting,2.2732976557935336,0.6639473545924125,3.4239125136496367,-0.7529435695082056,138.8460063878653,2,2.2781373161368617,central,central,central,,75,2.2732976557935334e-10,0.0025,0.2625,2.2736416055498965,0.6640337672409458,3.423984920220031,-0.7528940900053791,138.8416986701905,2,2.2794199487956637,central,central,central,,75,2.2736416055498965e-10,0.0025,0.2625,8.64126485332628e-05,0.0003439497563628713,7.240657039453424e-05,4.947950282652158e-05,0
0.00075,-0.45,orbital,0.6013870493632374,0.0486363406832703,12.364973205521174,-0.98678998942457,170.6767257126912,2,0.0008555195273368,central,one_sided_backward,one_sided,,18,6.013870493632375e-11,0.0025,0.2625,0.6016559414585677,0.048698228067753764,12.354780971116337,-0.9867678775156493,170.66890869871355,2,0.0008584652859483337,central,one_sided_backward,one_sided,,18,6.016559414585677e-11,0.0025,0.2625,6.188738448346248e-05,0.00026889209533031977,0.010192234404836853,2.211190892065229e-05,0
0.00075,-0.45,photon_geometry,0.6892571264724914,0.1073678526302392,6.419585654247948,-0.951735831307608,162.1263829532243,2,0.0054766005382211,central,one_sided_backward,one_sided,,27,6.892571264724914e-11,0.0025,0.2625,0.689423405200897,0.10738985262338378,6.419818896844052,-0.9517392899787531,162.12702863207113,2,0.005481488900955231,central,one_sided_backward,one_sided,,27,6.89423405200897e-11,0.0025,0.2625,2.1999993144589114e-05,0.00016627872840557778,0.00023324259610379983,3.458671145151193e-06,0
0.00075,-0.45,redshift,0.2960881726196268,0.0891044864853619,3.322932259626099,-0.8318960302011733,146.29400163182564,2,0.0006960513219657,central,one_sided_backward,one_sided,,9,2.9608817261962675e-11,0.0025,0.2625,0.29620500944793093,0.08917916648188617,3.3214597212914665,-0.8317826480057707,146.28229689625442,2,0.0006977689114724683,central,one_sided_backward,one_sided,,9,2.9620500944793095e-11,0.0025,0.2625,7.467999652427393e-05,0.00011683682830415654,0.0014725383346325671,0.00011338219540257821,0
0.00075,-0.45,timing,1.1131526220089525,0.2214105116015793,5.027550923201119,-0.8968675267075255,153.74932445954963,2,0.0607443512424183,central,one_sided_backward,one_sided,,17,1.1131526220089524e-10,0.0025,0.2625,1.1135553348912774,0.22157099928229476,5.025726915969455,-0.8966840838680509,153.72557111952707,2,0.06087646679972067,central,one_sided_backward,one_sided,,17,1.1135553348912775e-10,0.0025,0.2625,0.00016048768071547093,0.0004027128823249626,0.0018240072316642042,0.00018344283947457907,0
0.00075,-0.45,all_shooting,1.4490765159741346,0.3668127039932183,3.950453460851032,-0.872017408525202,150.69392846549746,2,0.2825344262240647,central,one_sided_backward,one_sided,,71,1.4490765159741343e-10,0.0025,0.2625,1.4495243421183783,0.36724284328645695,3.9470458543087785,-0.8717778731156824,150.66590171238045,2,0.28337250424196914,central,one_sided_backward,one_sided,,71,1.4495243421183785e-10,0.0025,0.2625,0.00043013929323865163,0.0004478261442437681,0.003407606542253472,0.00023953540951959784,0
0.00075,-0.45,ringdown_only,1.4799531546700957,0.1027319539062743,14.405967164026729,-0.9127570199957816,155.88917579953412,2,0.0231156991784342,central,one_sided_backward,one_sided,,4,1.4799531546700955e-10,0.0025,0.2625,1.4799531546700957,0.10273195390627436,14.405967164026727,-0.9127570199957817,155.88917579953412,2,0.023115699178434274,central,one_sided_backward,one_sided,,4,1.4799531546700957e-10,0.0025,0.2625,5.551115123125783e-17,0.0,1.7763568394002505e-15,1.1102230246251565e-16,0
0.00075,-0.45,ringdown_plus_photon_geometry,1.5801902009146598,0.4363683827641531,3.621229821704832,-0.6365969674060914,129.53852944070672,2,0.4754723655437787,central,one_sided_backward,one_sided,,31,1.5801902009146598e-10,0.0025,0.2625,1.58024045428279,0.4364544799916297,3.6206306195163713,-0.6365842264754774,129.5375828642967,2,0.47569026370902406,central,one_sided_backward,one_sided,,31,1.58024045428279e-10,0.0025,0.2625,8.609722747660031e-05,5.025336813013759e-05,0.0005992021884608789,1.2740930613985846e-05,0
0.00075,-0.45,ringdown_plus_all_shooting,2.011269957336406,0.6244859182126822,3.220681041283984,-0.7155816278550894,135.6908859706074,2,1.5775605324903634,central,one_sided_backward,one_sided,,75,2.0112699573364058e-10,0.0025,0.2625,2.0116484076131775,0.6245590467342346,3.2209098853533766,-0.7155612063246272,135.68921095098406,2,1.5785239027157358,central,one_sided_backward,one_sided,,75,2.0116484076131776e-10,0.0025,0.2625,7.312852155239025e-05,0.00037845027677141374,0.00022884406939249757,2.0421530462222393e-05,0
0.001,-0.7125,orbital,9.145181789311348,1.3641428101700368,6.703976827889028,-0.9564107042654624,163.02077489861878,2,155.63395805194287,central,one_sided_forward,one_sided,,18,9.145181789311347e-10,0.0025,0.2625,9.14421933471603,1.364418078135811,6.701918921515372,-0.9563845991626463,163.01565378349483,2,155.6640047255724,central,one_sided_forward,one_sided,,18,9.14421933471603e-10,0.0025,0.2625,0.0002752679657742618,0.0009624545953172969,0.0020579063736567704,2.6105102816087467e-05,0
0.001,-0.7125,photon_geometry,12.958497160852342,1.8208403219038023,7.116767464432809,-0.9606015745813246,163.86335101892757,2,556.7407370748778,central,one_sided_forward,one_sided,,27,1.2958497160852342e-09,0.0025,0.2625,12.94304269189739,1.8199641348438207,7.111702062748665,-0.9605535089419021,163.85344512863622,2,554.8791761127125,central,one_sided_forward,one_sided,,27,1.294304269189739e-09,0.0025,0.2625,0.0008761870599816035,0.015454468954953171,0.005065401684143822,4.806563942250097e-05,0
0.001,-0.7125,redshift,7.479042220321305,0.2425820485192549,30.830979728195576,-0.997868685700507,176.25856207104928,2,3.2916169358568457,central,one_sided_forward,one_sided,,9,7.479042220321304e-10,0.0025,0.2625,7.480768452109768,0.2423850833453848,30.86315522746135,-0.9978730135449054,176.26236403026098,2,3.287791010297394,central,one_sided_forward,one_sided,,9,7.480768452109768e-10,0.0025,0.2625,0.00019696517387010615,0.001726231788462762,0.032175499265772345,4.3278443984107184e-06,0
0.001,-0.7125,timing,8.386566158811025,2.48230943834102,3.378533727211684,-0.8386900616690204,147.00205078739918,2,433.39130286824536,central,one_sided_forward,one_sided,,17,8.386566158811024e-10,0.0025,0.2625,8.38569570588471,2.4868412739658994,3.372026913688621,-0.8381131167276089,146.9414025155482,2,434.88490298417287,central,one_sided_forward,one_sided,,17,8.385695705884712e-10,0.0025,0.2625,0.004531835624879577,0.000870452926314158,0.0065068135230630375,0.0005769449414114725,0
0.001,-0.7125,all_shooting,19.42616315162713,3.4422085331291785,5.643517225833949,-0.9387810498483748,159.8478470144749,2,4471.450397922426,central,one_sided_forward,one_sided,,71,1.942616315162713e-09,0.0025,0.2625,19.415796528214784,3.4445278110359268,5.636707726965795,-0.9386397622735139,159.8243627571151,2,4472.700472180997,central,one_sided_forward,one_sided,,71,1.9415796528214785e-09,0.0025,0.2625,0.0023192779067482405,0.010366623412345177,0.006809498868154407,0.0001412875748609821,0
0.001,-0.7125,ringdown_only,2.3944366912772157,0.3662324368316337,6.538024627179591,-0.7436598728359115,138.04412093381129,2,0.7689893603754798,central,one_sided_forward,one_sided,,4,2.3944366912772146e-10,0.0025,0.2625,2.3944366912772153,0.36623243683163376,6.538024627179591,-0.7436598728359115,138.04412093381129,2,0.7689893603754798,central,one_sided_forward,one_sided,,4,2.394436691277215e-10,0.0025,0.2625,5.551115123125783e-17,4.440892098500626e-16,0.0,0.0,0
0.001,-0.7125,ringdown_plus_photon_geometry,13.096339209608622,2.364626972458656,5.5384377164536485,-0.9362542031320368,159.43172404892016,2,959.0143567595084,central,one_sided_forward,one_sided,,31,1.3096339209608624e-09,0.0025,0.2625,13.081122934497381,2.3635354059723896,5.534557638291708,-0.9361767022832651,159.41908848784826,2,955.9040004948193,central,one_sided_forward,one_sided,,31,1.3081122934497381e-09,0.0025,0.2625,0.0010915664862665153,0.015216275111241018,0.003880078161940581,7.750084877167218e-05,0
0.001,-0.7125,ringdown_plus_all_shooting,19.52174155655856,3.7408119766221897,5.218584007578468,-0.9289105958831096,158.26562866470815,2,5332.966772333963,central,one_sided_forward,one_sided,,75,1.9521741556558557e-09,0.0025,0.2625,19.51144311281337,3.7428555392650615,5.212983217793277,-0.9287653321992672,158.2431635993684,2,5333.163701329289,central,one_sided_forward,one_sided,,75,1.951144311281337e-09,0.0025,0.2625,0.0020435626428718656,0.010298443745188735,0.005600789785191296,0.00014526368384248922,0
0.001,-0.69,orbital,7.447387787797655,0.2310096966169089,32.23842071074578,-0.9980331200845868,176.40583705430336,2,2.959840824847482,central,central,central,,18,7.447387787797654e-10,0.0025,0.2625,7.4472728582012735,0.2309453474530495,32.24690577373628,-0.9980341475296867,176.40677623177083,2,2.9581007888491984,central,central,central,,18,7.447272858201274e-10,0.0025,0.2625,6.43491638593896e-05,0.00011492959638115252,0.008485062990502001,1.027445099888169e-06,0
0.001,-0.69,photon_geometry,10.41062479034612,1.2242672414142308,8.503555790907326,-0.9697316749433292,165.8670311364391,2,162.4448870643808,central,central,central,,27,1.041062479034612e-09,0.0025,0.2625,10.39728967941875,1.2253689850046257,8.485027617521673,-0.9696005780576034,165.83630167035696,2,162.3207556228863,central,central,central,,27,1.039728967941875e-09,0.0025,0.2625,0.0011017435903948325,0.013335110927370053,0.01852817338565238,0.00013109688572587874,0
0.001,-0.69,redshift,6.094052135570653,0.3641491589819249,16.735043828216394,-0.9922742464758738,172.87330691949518,2,4.924599915027183,central,central,central,,9,6.094052135570654e-10,0.0025,0.2625,6.095101526246438,0.36442720415908075,16.725155138489026,-0.9922650386798297,172.8690557884118,2,4.93382187911711,central,central,central,,9,6.095101526246438e-10,0.0025,0.2625,0.0002780451771558501,0.0010493906757851335,0.009888689727368671,9.207796044075067e-06,0
0.001,-0.69,timing,6.598828763709783,2.3108821968736253,2.855545285967968,-0.7738030701738169,140.6966404678488,2,232.5355360449877,central,central,central,,17,6.598828763709782e-10,0.0025,0.2625,6.5997651042422145,2.3124010914178905,2.854074549928295,-0.773585341323753,140.6769502095857,2,232.90740070071567,central,central,central,,17,6.599765104242214e-10,0.0025,0.2625,0.0015188945442652368,0.0009363405324318563,0.0014707360396730706,0.00021772885006388076,0
0.001,-0.69,all_shooting,15.627709663595256,2.7067274405711395,5.773654720217302,-0.9379223658478848,159.70552182594685,2,1789.285819047759,central,central,central,,71,1.5627709663595258e-09,0.0025,0.2625,15.619587556513787,2.708509407537094,5.766857413545782,-0.9377814179095075,159.682251247346,2,1789.7806999893505,central,central,central,,71,1.5619587556513789e-09,0.0025,0.2625,0.0017819669659546733,0.00812210708146921,0.006797306671519898,0.00014094793837726716,0
0.001,-0.69,ringdown_only,2.306346854889129,0.3551995856793694,6.493101196832521,-0.7436698550717784,138.04497642370237,2,0.6711106722200042,central,central,central,,4,2.3063468548891287e-10,0.0025,0.2625,2.306346854889129,0.3551995856793694,6.493101196832521,-0.7436698550717784,138.04497642370237,2,0.6711106722200042,central,central,central,,4,2.306346854889129e-10,0.0025,0.2625,0.0,0.0,0.0,0.0,0
0.001,-0.69,ringdown_plus_photon_geometry,10.547513914099138,2.018735147655083,5.224813134279101,-0.9242062420328514,157.54896582439773,2,453.3763929166328,central,central,central,,31,1.054751391409914e-09,0.0025,0.2625,10.53435256154058,2.0194010243253206,5.216572852368485,-0.9239795801063884,157.51498396504016,2,452.54403281365046,central,central,central,,31,1.053435256154058e-09,0.0025,0.2625,0.0006658766702374308,0.013161352558558548,0.008240281910615543,0.0002266619264630343,0
0.001,-0.69,ringdown_plus_all_shooting,15.723381578389246,3.126076945352239,5.029748740435298,-0.9198955906071656,156.91082276594912,2,2415.96832065733,central,central,central,,75,1.5723381578389243e-09,0.0025,0.2625,15.715310842362001,3.1276103233907273,5.024702318198197,-0.9197429836863511,156.88853678380994,2,2415.857018135186,central,central,central,,75,1.5715310842362003e-09,0.0025,0.2625,0.0015333780384882978,0.008070736027244507,0.005046422237100501,0.0001526069208145353,0
0.001,-0.6666666666666666,orbital,6.065816218187435,0.1655067247300592,36.64996832050635,-0.9984758797076824,176.83624803360394,2,1.0078822216129415,central,central,central,,18,6.065816218187435e-10,0.0025,0.2625,6.066046742215236,0.16559937594968965,36.63085508280023,-0.9984742641353413,176.8345712577606,2,1.0090876631058556,central,central,central,,18,6.066046742215236e-10,0.0025,0.2625,9.265121963045186e-05,0.00023052402780088244,0.019113237706122277,1.6155723410182787e-06,0
0.001,-0.6666666666666666,photon_geometry,7.994542704671545,0.9429685340281048,8.478058828242164,-0.9702205129490288,165.98219787920422,2,56.83052334769841,central,central,central,,27,7.994542704671546e-10,0.0025,0.2625,7.994029085312509,0.9436903386920925,8.471029910502033,-0.9701779148962931,165.97212523540853,2,56.91024638335783,central,central,central,,27,7.99402908531251e-10,0.0025,0.2625,0.0007218046639877462,0.0005136193590358218,0.007028917740131035,4.259805273565398e-05,0
0.001,-0.6666666666666666,redshift,4.577365394241442,0.3083643243355546,14.84401739437427,-0.9901889038011488,171.9674744973196,2,1.992321486006492,central,central,central,,9,4.5773653942414416e-10,0.0025,0.2625,4.576081478810263,0.30859401120204577,14.82880844312356,-0.990167981484446,171.95890024463515,2,1.9941714046163999,central,central,central,,9,4.576081478810263e-10,0.0025,0.2625,0.00022968686649116332,0.0012839154311787837,0.015208951250709646,2.0922316702809418e-05,0
0.001,-0.6666666666666666,timing,5.182019592901336,1.830402532301776,2.8310819622746157,-0.777336403647365,141.01734183994452,2,89.96867349988372,central,central,central,,17,5.182019592901334e-10,0.0025,0.2625,5.182776615474639,1.8319714789787749,2.829070580489472,-0.7770548775269136,140.9917081051645,2,90.14930798910757,central,central,central,,17,5.182776615474639e-10,0.0025,0.2625,0.0015689466769988059,0.0007570225733024571,0.0020113817851439286,0.000281526120451403,0
0.001,-0.6666666666666666,all_shooting,12.17562056343104,2.151452643561577,5.659255666104351,-0.9367028256279128,159.50501286022134,2,686.1922252884755,central,central,central,,71,1.217562056343104e-09,0.0025,0.2625,12.175269536586887,2.1529643113251975,5.6551190711994375,-0.9366166790875189,159.49092016836462,2,687.1172165020004,central,central,central,,71,1.2175269536586888e-09,0.0025,0.2625,0.001511667763620661,0.00035102684415377894,0.004136594904913693,8.614654039396097e-05,0
0.001,-0.6666666666666666,ringdown_only,2.217641667880374,0.3193253489352676,6.944771767336033,-0.7696038348567565,140.3183268880809,2,0.5014752886240176,central,central,central,,4,2.2176416678803742e-10,0.0025,0.2625,2.217641667880374,0.31932534893526765,6.944771767336033,-0.7696038348567565,140.3183268880809,2,0.5014752886240176,central,central,central,,4,2.2176416678803742e-10,0.0025,0.2625,5.551115123125783e-17,0.0,0.0,0.0,0
0.001,-0.6666666666666666,ringdown_plus_photon_geometry,8.166242394222875,1.770392927395807,4.6126722875215975,-0.9065429239465934,155.03189734431623,2,209.0180854064692,central,central,central,,31,8.166242394222874e-10,0.0025,0.2625,8.165791767229987,1.7705367920475514,4.612042971322043,-0.9065313455704374,155.0303257946614,2,209.0289859497677,central,central,central,,31,8.165791767229987e-10,0.0025,0.2625,0.00014386465174442975,0.0004506269928885587,0.0006293161995545304,1.157837615606283e-05,0
0.001,-0.6666666666666666,ringdown_plus_all_shooting,12.293784800518877,2.5994697740608164,4.729343238838236,-0.9117447558795798,155.74758845783023,2,1021.2704292683268,central,central,central,,75,1.2293784800518876e-09,0.0025,0.2625,12.293449672087657,2.600661842650911,4.7270465811720745,-0.9116668093347614,155.7367181246961,2,1022.1515854053299,central,central,central,,75,1.2293449672087657e-09,0.0025,0.2625,0.0011920685900945749,0.00033512843121918934,0.0022966576661618276,7.794654481840801e-05,0
0.001,-0.64,orbital,4.907293707065207,0.1270044570011704,38.638751922068224,-0.9986210486989794,176.99072405725488,2,0.3884382846629663,central,central,central,,18,4.907293707065206e-10,0.0025,0.2625,4.907889239813359,0.12679584807076066,38.70701852220291,-0.998625956222414,176.99608488647632,2,0.38725726311601893,central,central,central,,18,4.90788923981336e-10,0.0025,0.2625,0.00020860893040974826,0.000595532748151939,0.06826660013468455,4.907523434627414e-06,0
0.001,-0.64,photon_geometry,6.132149643632337,0.6808834042646168,9.006166996029696,-0.9739164274569396,166.8849572575332,2,17.432954100016534,central,central,central,,27,6.132149643632337e-10,0.0025,0.2625,6.135368471728093,0.6811439553070741,9.007447579802921,-0.97392458503627,166.88701726849726,2,17.464618944594545,central,central,central,,27,6.135368471728093e-10,0.0025,0.2625,0.0002605510424572577,0.00321882809575591,0.0012805837732248193,8.15757933037009e-06,0
0.001,-0.64,redshift,3.341231734461439,0.2517875023483144,13.270045984408274,-0.9876848480174534,170.99872089658143,2,0.7077526999608243,central,central,central,,9,3.3412317344614387e-10,0.0025,0.2625,3.3401325433970723,0.25202490370639385,13.25318448405515,-0.9876540654187639,170.9874550246732,2,0.70862148650439,central,central,central,,9,3.3401325433970725e-10,0.0025,0.2625,0.00023740135807948093,0.0010991910643665115,0.01686150035312295,3.0782598689493845e-05,0
0.001,-0.64,timing,4.21316621752848,1.3944967906095,3.0212806841147404,-0.8021003078396413,143.3311376430444,2,34.51852459250681,central,central,central,,17,4.21316621752848e-10,0.0025,0.2625,4.213790727639641,1.3958872956051986,3.0187184458991134,-0.8017939027477592,143.30175052315943,2,34.59765275858551,central,central,central,,17,4.2137907276396414e-10,0.0025,0.2625,0.0013905049956985938,0.0006245101111614915,0.002562238215626955,0.0003064050918820671,0
0.001,-0.64,all_shooting,9.501534935546124,1.6757011414491614,5.670184677041584,-0.9377219653665678,159.67244325223714,2,253.50157971758625,central,central,central,,71,9.501534935546123e-10,0.0025,0.2625,9.503788994654458,1.6771069411630466,5.666775780001085,-0.93765127484276,159.6607872016133,2,254.04759250604633,central,central,central,,71,9.50378899465446e-10,0.0025,0.2625,0.001405799713885214,0.0022540591083348716,0.003408897040498182,7.069052380781482e-05,0
0.001,-0.64,ringdown_only,2.1190758369264566,0.283266859421263,7.480846298984281,-0.7971353809380666,142.85741554853718,2,0.3603168183153747,central,central,central,,4,2.1190758369264566e-10,0.0025,0.2625,2.1190758369264566,0.28326685942126306,7.480846298984281,-0.7971353809380666,142.85741554853718,2,0.36031681831537477,central,central,central,,4,2.1190758369264566e-10,0.0025,0.2625,5.551115123125783e-17,0.0,0.0,0.0,0
0.001,-0.64,ringdown_plus_photon_geometry,6.343635279597642,1.5478615628793375,4.09832211854734,-0.8855037489428411,152.31357669393967,2,96.41412031208776,central,central,central,,31,6.343635279597642e-10,0.0025,0.2625,6.346747075874051,1.5479752720578666,4.100031305691811,-0.8855918303667578,152.32444035237975,2,96.52291314719317,central,central,central,,31,6.34674707587405e-10,0.0025,0.2625,0.00011370917852904228,0.0031117962764088958,0.0017091871444705475,8.808142391669715e-05,0
0.001,-0.64,ringdown_plus_all_shooting,9.644444547887575,2.1546582851744924,4.476090066925175,-0.9033632801582508,154.60373870999666,2,431.8284467407166,central,central,central,,75,9.644444547887576e-10,0.0025,0.2625,9.646673261398172,2.1557157630656887,4.474928200960703,-0.903316998558675,154.59755641519632,2,432.45222178650937,central,central,central,,75,9.646673261398172e-10,0.0025,0.2625,0.0010574778911962568,0.002228713510596947,0.0011618659644714313,4.62815995758703e-05,0
0.001,-0.61,orbital,3.777420855303816,0.0981751035748276,38.47636231343235,-0.9985973532027572,176.9649729300395,2,0.1375287462132672,central,central,central,,18,3.7774208553038155e-10,0.0025,0.2625,3.7779080570393666,0.09827953009018921,38.44043671731493,-0.9985947228862483,176.96212787606473,2,0.13785702789637386,central,central,central,,18,3.7779080570393666e-10,0.0025,0.2625,0.0001044265153616053,0.0004872017355506131,0.03592559611741564,2.630316508933639e-06,0
0.001,-0.61,photon_geometry,4.549131912971703,0.4645701898057465,9.79213047413537,-0.9779801099236493,167.95393043657884,2,4.466421841218141,central,central,central,,27,4.5491319129717024e-10,0.0025,0.2625,4.549889084509403,0.4646716922859565,9.791620966033424,-0.9779772770050871,167.95315271459208,2,4.46986134695514,central,central,central,,27,4.5498890845094037e-10,0.0025,0.2625,0.00010150248021001396,0.0007571715377006072,0.0005095081019454994,2.832918562178932e-06,0
0.001,-0.61,redshift,2.3441154844738046,0.2000650029784649,11.716769297857285,-0.984113655691162,169.77351834647607,2,0.2199379927590192,central,central,central,,9,2.344115484473805e-10,0.0025,0.2625,2.3442589291822635,0.20025506565346726,11.706365187479962,-0.9840871744229653,169.7649758121609,2,0.22038304502751935,central,central,central,,9,2.344258929182264e-10,0.0025,0.2625,0.0001900626750023504,0.00014344470845895074,0.010404110377322695,2.6481268196709706e-05,0
0.001,-0.61,timing,3.4125014870937718,1.0318047530558088,3.307313207258693,-0.8297107902705189,146.06904062614657,2,12.397689261272602,central,central,central,,17,3.4125014870937716e-10,0.0025,0.2625,3.412116490065747,1.0331244236554018,3.3027159284386998,-0.8292688477809431,146.02370409158925,2,12.426618239669912,central,central,central,,17,3.412116490065747e-10,0.0025,0.2625,0.001319670599593037,0.00038499702802496927,0.004597278819993278,0.0004419424895757418,0
0.001,-0.61,all_shooting,7.195512881526358,1.2877338706116717,5.587732873802954,-0.9364326799412108,159.4608507807876,2,85.85700758816336,central,central,central,,71,7.195512881526356e-10,0.0025,0.2625,7.196091760838181,1.2889759582423674,5.582797502794922,-0.9363238313832196,159.44308241580148,2,86.03655636188232,central,central,central,,71,7.196091760838182e-10,0.0025,0.2625,0.0012420876306957762,0.0005788793118233215,0.004935371008031986,0.00010884855799120352,0
0.001,-0.61,ringdown_only,2.011501478816514,0.24794532966376,8.112681459030995,-0.8252511517205742,145.61396252357304,2,0.248743978848892,central,central,central,,4,2.0115014788165137e-10,0.0025,0.2625,2.011501478816514,0.24794532966376007,8.112681459030995,-0.8252511517205742,145.61396252357304,2,0.24874397884889202,central,central,central,,4,2.011501478816514e-10,0.0025,0.2625,5.551115123125783e-17,0.0,0.0,0.0,0
0.001,-0.61,ringdown_plus_photon_geometry,4.8132670066091015,1.3603317359177791,3.538303841277157,-0.851491565042912,148.37427271097,2,42.87158776947481,central,central,central,,31,4.813267006609102e-10,0.0025,0.2625,4.813966450571107,1.3604236698575223,3.5385788686514665,-0.8515111568804774,148.3764135033464,2,42.889845092204965,central,central,central,,31,4.813966450571108e-10,0.0025,0.2625,9.193393974316066e-05,0.0006994439620058301,0.0002750273743097331,1.95918375653914e-05,0
0.001,-0.61,ringdown_plus_all_shooting,7.370486126100811,1.7936592487066252,4.109189708923551,-0.8874888707688283,152.55937609829803,2,174.77211768324878,central,central,central,,75,7.37048612610081e-10,0.0025,0.2625,7.37104964431736,1.794557850313544,4.107446100458391,-0.8873985180670015,152.5481444921125,2,174.9740315633406,central,central,central,,75,7.37104964431736e-10,0.0025,0.2625,0.0008986016069187919,0.0005635182165484309,0.0017436084651594186,9.035270182677912e-05,0
0.001,-0.58,orbital,2.827800694019893,0.0816609001798989,34.628576072395084,-0.9982516889744,176.61147829192214,2,0.0533243928743211,central,central,central,,18,2.827800694019893e-10,0.0025,0.2625,2.8283032057670767,0.08151257189884549,34.69775446757969,-0.9982587159234031,176.6182968360654,2,0.05314973752447399,central,central,central,,18,2.8283032057670766e-10,0.0025,0.2625,0.0001483282810534059,0.0005025117471837426,0.06917839518460767,7.026949003119398e-06,0
0.001,-0.58,photon_geometry,3.3317570344443475,0.3229030847591505,10.318133185161312,-0.980108077622978,168.55281871236238,2,1.1574201383910383,central,central,central,,27,3.3317570344443477e-10,0.0025,0.2625,3.332312678048433,0.32300517446804256,10.316592245113165,-0.9801023055629318,168.5511524650491,2,1.158538445563914,central,central,central,,27,3.332312678048433e-10,0.0025,0.2625,0.00010208970889202806,0.0005556436040854429,0.001540940048146311,5.772060046260741e-06,0
0.001,-0.58,redshift,1.6357224641197206,0.1631405574730993,10.026461166098684,-0.978182200168051,168.0095385603041,2,0.0712103499773384,central,central,central,,9,1.6357224641197206e-10,0.0025,0.2625,1.6359296100071834,0.16331175907154732,10.01721871901752,-0.9781438119531612,167.99895594213623,2,0.07137796133923335,central,central,central,,9,1.6359296100071835e-10,0.0025,0.2625,0.00017120159844802307,0.00020714588746284512,0.009242447081163618,3.8388214889772954e-05,0
0.001,-0.58,timing,2.776864282258068,0.7728869468612815,3.592846655691369,-0.8510732385626472,148.3285932917663,2,4.60618369855083,central,central,central,,17,2.776864282258068e-10,0.0025,0.2625,2.7750198626076688,0.7741289410009586,3.5846998033939057,-0.8504365563547094,148.25918344535336,2,4.614862863300203,central,central,central,,17,2.775019862607669e-10,0.0025,0.2625,0.0012419941396771828,0.001844419650399054,0.008146852297463258,0.0006366822079377776,0
0.001,-0.58,all_shooting,5.403193343298122,1.0119439693977683,5.339419480422112,-0.931023362165618,158.59490444724875,2,29.89605953430117,central,central,central,,71,5.403193343298123e-10,0.0025,0.2625,5.402921224682249,1.0129032356227519,5.334094151017725,-0.9308892163765572,158.5738544790877,2,29.949749060386637,central,central,central,,71,5.402921224682249e-10,0.0025,0.2625,0.000959266224983546,0.0002721186158733957,0.005325329404387347,0.0001341457890607911,0
0.001,-0.58,ringdown_only,1.9072548942624616,0.2174260567467347,8.771970217369564,-0.8500300763102858,148.21494079840858,2,0.171965234047233,central,central,central,,4,1.9072548942624614e-10,0.0025,0.2625,1.9072548942624616,0.21742605674673474,8.771970217369564,-0.8500300763102858,148.21494079840858,2,0.17196523404723302,central,central,central,,4,1.9072548942624617e-10,0.0025,0.2625,2.7755575615628914e-17,0.0,0.0,0.0,0
0.001,-0.58,ringdown_plus_photon_geometry,3.66501140354666,1.2072522820147653,3.0358289299981087,-0.8039841719971412,143.51226493036927,2,19.577026583134685,central,central,central,,31,3.6650114035466603e-10,0.0025,0.2625,3.6655075494986997,1.2073068596773693,3.0361026445904895,-0.804017010462279,143.51542910004747,2,19.58409797105895,central,central,central,,31,3.6655075494987e-10,0.0025,0.2625,5.457766260397179e-05,0.0004961459520398392,0.00027371459238079154,3.2838465137796646e-05,0
0.001,-0.58,ringdown_plus_all_shooting,5.618915433223603,1.5268312213155062,3.68011562429434,-0.862434746011238,149.59106509191977,2,73.60156615689226,central,central,central,,75,5.618915433223602e-10,0.0025,0.2625,5.618644320833013,1.5275018961259772,3.678322321617353,-0.8623095973766041,149.5769018591199,2,73.65913208937647,central,central,central,,75,5.618644320833014e-10,0.0025,0.2625,0.0006706748104710059,0.00027111239058985603,0.0017933026769871852,0.00012514863463397585,0
0.001,-0.55,orbital,2.0682699300189467,0.0708947759523905,29.173798805823097,-0.9975156839856124,175.96046848145957,2,0.0215002200351194,central,central,central,,18,2.0682699300189467e-10,0.0025,0.2625,2.0682748251065166,0.07090924176214711,29.16791625052472,-0.9975144999119973,175.95950553721215,2,0.021509096819897378,central,central,central,,18,2.0682748251065166e-10,0.0025,0.2625,1.4465809756600279e-05,4.895087569956047e-06,0.0058825552983776674,1.184073615156933e-06,0
0.001,-0.55,photon_geometry,2.404181468096571,0.2331538206489593,10.31156796575232,-0.9800052871116148,168.52318142148195,2,0.3142096822377315,central,central,central,,27,2.4041814680965714e-10,0.0025,0.2625,2.4046484099618115,0.2332226938085033,10.31052497805485,-0.9800013942805981,168.52206049662567,2,0.31451747948660097,central,central,central,,27,2.404648409961812e-10,0.0025,0.2625,6.887315954401396e-05,0.00046694186524032233,0.0010429876974686891,3.892831016760745e-06,0
0.001,-0.55,redshift,1.1324637945399467,0.1373932544911786,8.24249923137716,-0.9676647437424836,165.38990514309845,2,0.0242091462750293,central,central,central,,9,1.1324637945399467e-10,0.0025,0.2625,1.1326252273995356,0.13753951071769632,8.234908074700662,-0.9676094974603369,165.37736132788706,2,0.024267632600044588,central,central,central,,9,1.1326252273995356e-10,0.0025,0.2625,0.0001462562265177325,0.00016143285958891695,0.007591156676497235,5.5246282146703685e-05,0
0.001,-0.55,timing,2.2645228445356524,0.5835812566302081,3.8803899522266345,-0.8682705050729806,150.25827882013368,2,1.7464497007809048,central,central,central,,17,2.2645228445356526e-10,0.0025,0.2625,2.2632360765906037,0.5846751415380664,3.8709291977710176,-0.8676262745790706,150.18395809597365,2,1.7510113995539167,central,central,central,,17,2.263236076590604e-10,0.0025,0.2625,0.0010938849078583335,0.0012867679450487834,0.009460754455616893,0.0006442304939100474,0
0.001,-0.55,all_shooting,4.029546329153391,0.8061973321364736,4.998213425582592,-0.9222012475352954,157.25004087265754,2,10.553463685334128,central,central,central,,71,4.029546329153391e-10,0.0025,0.2625,4.029087096481927,0.8073490102816615,4.9905146908847895,-0.9219708702891427,157.21593192426636,2,10.581224909344611,central,central,central,,71,4.029087096481927e-10,0.0025,0.2625,0.0011516781451879066,0.00045923267146363855,0.007698734697802578,0.00023037724615271316,0
0.001,-0.55,ringdown_only,1.806270996188415,0.1909882751989645,9.45749677202283,-0.8715154337686766,150.63522307218165,2,0.1190088422001171,central,central,central,,4,1.806270996188415e-10,0.0025,0.2625,1.806270996188415,0.19098827519896452,9.45749677202283,-0.8715154337686766,150.63522307218165,2,0.11900884220011716,central,central,central,,4,1.806270996188415e-10,0.0025,0.2625,2.7755575615628914e-17,0.0,0.0,0.0,0
0.001,-0.55,ringdown_plus_photon_geometry,2.8319300505715312,1.05532594833401,2.68346481486801,-0.7485646693374617,138.4661976252981,2,8.931785346225611,central,central,central,,31,2.8319300505715314e-10,0.0025,0.2625,2.8323065589354366,1.055394613206563,2.683646972889272,-0.7486043270337084,138.46962459904006,2,8.935323128060233,central,central,central,,31,2.832306558935437e-10,0.0025,0.2625,6.866487255297038e-05,0.0003765083639053479,0.00018215802126198,3.965769624669768e-05,0
0.001,-0.55,ringdown_plus_all_shooting,4.298591170459766,1.3070589655091416,3.2887507632720507,-0.8299800887269299,146.09669268852414,2,31.567678537066417,central,central,central,,75,4.2985911704597664e-10,0.0025,0.2625,4.298169189061666,1.3077416834282998,3.286711162860416,-0.8297856159801525,146.07672187724614,2,31.59446072427043,central,central,central,,75,4.2981691890616655e-10,0.0025,0.2625,0.0006827179191581934,0.00042198139810079027,0.0020396004116345345,0.00019447274677730775,0
0.001,-0.525,orbital,1.5713057963475858,0.0643644310766431,24.412641734944017,-0.9964298006801068,175.15701464029956,2,0.0102285316845558,central,central,central,,18,1.5713057963475858e-10,0.0025,0.2625,1.5714291945593393,0.06433070307576504,24.42735924568708,-0.9964342410715844,175.16002907234548,2,0.010219419581192976,central,central,central,,18,1.5714291945593394e-10,0.0025,0.2625,3.372800087805827e-05,0.0001233982117534449,0.014717510743061268,4.440391477622541e-06,0
0.001,-0.525,photon_geometry,1.8141894588997445,0.1843175413753432,9.842739032663957,-0.9779918577871276,167.95715610915497,2,0.1118146260795848,central,central,central,,27,1.8141894588997444e-10,0.0025,0.2625,1.8145721621450046,0.18436789943044465,9.842126355784496,-0.9779892571899452,167.9564419761716,2,0.11192293832194816,central,central,central,,27,1.8145721621450048e-10,0.0025,0.2625,5.0358055101451527e-05,0.0003827032452601298,0.0006126768794612047,2.6005971823783725e-06,0
0.001,-0.525,redshift,0.8293209540747011,0.1218130374095618,6.808146087732333,-0.9528319073664284,162.33214547823246,2,0.0102054655780581,central,central,central,,9,8.293209540747009e-11,0.0025,0.2625,0.8294607238605781,0.12194133394054348,6.802129327738936,-0.9527575513641839,162.31811362109477,2,0.01023042170197104,central,central,central,,9,8.294607238605781e-11,0.0025,0.2625,0.00012829653098167526,0.00013976978587704192,0.006016759993396903,7.435600224448002e-05,0
0.001,-0.525,timing,1.9155127910675345,0.4636577430569747,4.131307671987167,-0.8807651790247896,151.73480469595555,2,0.7887968116655422,central,central,central,,17,1.9155127910675344e-10,0.0025,0.2625,1.914817696433277,0.46440812069396814,4.123135688437042,-0.8802644449514755,151.67427972475696,2,0.7907778126280299,central,central,central,,17,1.914817696433277e-10,0.0025,0.2625,0.0007503776369934267,0.0006950946342574316,0.008171983550124828,0.0005007340733140797,0
0.001,-0.525,all_shooting,3.1521651934972064,0.6701007713471163,4.704016661793045,-0.9130929965728084,155.93634256952794,2,4.461677487680755,central,central,central,,71,3.1521651934972063e-10,0.0025,0.2625,3.151983792403611,0.6710189816686549,4.697309433133206,-0.912857923998341,155.9033322958174,2,4.473398239697777,central,central,central,,71,3.1519837924036114e-10,0.0025,0.2625,0.0009182103215386039,0.00018140109359521261,0.006707228659838194,0.00023507257446742091,0
0.001,-0.525,ringdown_only,1.7246040080004514,0.1717402925423222,10.041930070518855,-0.8869183152262664,152.48852217785586,2,0.0877249599922082,central,central,central,,4,1.7246040080004515e-10,0.0025,0.2625,1.7246040080004514,0.17174029254232226,10.041930070518857,-0.8869183152262664,152.48852217785586,2,0.08772495999220821,central,central,central,,4,1.7246040080004515e-10,0.0025,0.2625,5.551115123125783e-17,0.0,1.7763568394002505e-15,0.0,0
0.001,-0.525,ringdown_plus_photon_geometry,2.342772020978749,0.9167493218183976,2.5555208661968747,-0.7051818484052215,134.84423717924017,2,4.612764175810698,central,central,central,,31,2.3427720209787487e-10,0.0025,0.2625,2.3430377816817556,0.9168376737883163,2.555564467590505,-0.7052175171868722,134.84711961284935,2,4.614700123329659,central,central,central,,31,2.3430377816817554e-10,0.0025,0.2625,8.835196991863192e-05,0.00026576070300654564,4.3601393630243734e-05,3.566878165073284e-05,0
0.001,-0.525,ringdown_plus_all_shooting,3.4766262812097564,1.1410538392865794,3.04685560094469,-0.8005115435122017,143.17897896360708,2,15.737229955275772,central,central,central,,75,3.4766262812097564e-10,0.0025,0.2625,3.476503942982848,1.1414650008883949,3.0456509312831384,-0.8003577495961663,143.16427851656798,2,15.747465020639211,central,central,central,,75,3.476503942982848e-10,0.0025,0.2625,0.00041116160181542405,0.0001223382269084361,0.0012046696615515273,0.00015379391603531634,0
0.001,-0.5,orbital,1.1829244464022133,0.0592606385853764,19.96138540927096,-0.9946299151304624,174.05950347158915,2,0.004914130305241,central,central,central,,18,1.182924446402213e-10,0.0025,0.2625,1.183007733185638,0.05914654944873982,20.001297526424732,-0.9946511060360342,174.0712464519352,2,0.004895916405633074,central,central,central,,18,1.183007733185638e-10,0.0025,0.2625,0.00011408913663657483,8.32867834246187e-05,0.039912117153772186,2.1190905571844e-05,0
0.001,-0.5,photon_geometry,1.360595073630972,0.150734589087661,9.026429049006834,-0.973765325835721,166.8468572954773,2,0.042061391003439,central,central,central,,27,1.3605950736309719e-10,0.0025,0.2625,1.3608989766504085,0.15077199062894597,9.026205537072324,-0.9737641538408792,166.84656220312664,2,0.04210106797020576,central,central,central,,27,1.3608989766504086e-10,0.0025,0.2625,3.740154128498152e-05,0.0003039030194365022,0.00022351193451086715,1.1719948417310277e-06,0
0.001,-0.5,redshift,0.606118822708252,0.1099441509172558,5.512970154859972,-0.929050253608366,158.2872476199365,2,0.0044407855512625,central,central,central,,9,6.06118822708252e-11,0.0025,0.2625,0.6062458878208158,0.11005629024215152,5.508507387328088,-0.9289542248671145,158.27238021394157,2,0.0044517149782873746,central,central,central,,9,6.062458878208158e-11,0.0025,0.2625,0.00011213932489571865,0.0001270651125637734,0.0044627675318844595,9.602874125147487e-05,0
0.001,-0.5,timing,1.6252425310182983,0.3698298446547917,4.39456835219813,-0.8920272432389496,153.12910522687133,2,0.3612769617063008,central,central,central,,17,1.6252425310182983e-10,0.0025,0.2625,1.625015994665625,0.3703228401406831,4.388106318390442,-0.891663650160261,153.08305061178692,2,0.3621398164193942,central,central,central,,17,1.6250159946656252e-10,0.0025,0.2625,0.0004929954858914343,0.00022653635267322336,0.006462033807688172,0.0003635930786886066,0
0.001,-0.5,all_shooting,2.474618898823256,0.557385313490508,4.439691608174023,-0.9033405260364618,154.6006990394686,2,1.902513264245247,central,central,central,,71,2.4746188988232553e-10,0.0025,0.2625,2.4746189023931615,0.5581286313960313,4.433778815832235,-0.903096832402982,154.56816583961782,2,1.9075909605185224,central,central,central,,71,2.4746189023931616e-10,0.0025,0.2625,0.0007433179055232886,3.5699057043814264e-09,0.005912792341788098,0.00024369363347975792,0
0.001,-0.5,ringdown_only,1.6452149819183788,0.1547797055504235,10.629397284790718,-0.9001405098161935,154.1765427752965,2,0.0648445295324811,central,central,central,,4,1.6452149819183788e-10,0.0025,0.2625,1.6452149819183788,0.15477970555042353,10.629397284790718,-0.9001405098161935,154.1765427752965,2,0.06484452953248111,central,central,central,,4,1.6452149819183788e-10,0.0025,0.2625,2.7755575615628914e-17,0.0,0.0,0.0,0
0.001,-0.5,ringdown_plus_photon_geometry,2.0032631980086464,0.7691329691408592,2.6045733031654352,-0.6734953998225034,132.33741807627916,2,2.373989977902761,central,central,central,,31,2.0032631980086463e-10,0.0025,0.2625,2.003433015158632,0.7692356372124892,2.6044464377892766,-0.6735182054033231,132.3391857941823,2,2.3750264185507084,central,central,central,,31,2.003433015158632e-10,0.0025,0.2625,0.0001026680716300632,0.00016981714998554054,0.0001268653761585803,2.2805580819684756e-05,0
0.001,-0.5,ringdown_plus_all_shooting,2.8630850990815384,0.9837936224149636,2.910249704662032,-0.7729193049331136,140.61676857100403,2,7.9337136056668145,central,central,central,,75,2.8630850990815384e-10,0.0025,0.2625,2.863145637847433,0.9840388364895605,2.9095860159964406,-0.7728003586770754,140.60602894294325,2,7.938004792576151,central,central,central,,75,2.863145637847433e-10,0.0025,0.2625,0.00024521407459687783,6.053876589451335e-05,0.000663688665591522,0.0001189462560381438,0
0.001,-0.475,orbital,0.8826258350894994,0.0542590148292106,16.26689754444882,-0.9918899023095782,172.6979529891122,2,0.0022934912047236,central,central,central,,18,8.826258350894995e-11,0.0025,0.2625,0.882786326049004,0.054281720700900496,16.263049782693408,-0.9918861461345534,172.69625992784955,2,0.0022962459707379194,central,central,central,,18,8.82786326049004e-11,0.0025,0.2625,2.2705871689898682e-05,0.0001604909595045445,0.003847761755412904,3.756175024793862e-06,0
0.001,-0.475,photon_geometry,1.0137267115871764,0.1259069537086447,8.05139574683852,-0.9670518474854368,165.25132972718274,2,0.0162907550384397,central,central,central,,27,1.0137267115871764e-10,0.0025,0.2625,1.0139627922561185,0.1259348252923876,8.051488457636426,-0.9670526858960233,165.25151842143222,2,0.016305560246128364,central,central,central,,27,1.0139627922561186e-10,0.0025,0.2625,2.7871583742899997e-05,0.00023608066894209578,9.271079790629244e-05,8.384105865122393e-07,0
0.001,-0.475,redshift,0.4418514805369297,0.0998077435855159,4.427026046915371,-0.8934230273019029,153.3065855959952,2,0.0019448275758574,central,central,central,,9,4.4185148053692974e-11,0.0025,0.2625,0.44197195707606984,0.09990393701122813,4.423969367957911,-0.8933122745285341,153.29246297539567,2,0.0019496409373422983,central,central,central,,9,4.4197195707606985e-11,0.0025,0.2625,9.619342571222378e-05,0.00012047653914015743,0.0030566789574599795,0.00011075277336880518,0
0.001,-0.475,timing,1.383245176961894,0.2942484532795907,4.70094289891663,-0.9034232032419318,154.61174532185922,2,0.1656634519307759,central,central,central,,17,1.3832451769618939e-10,0.0025,0.2625,1.3833647153078297,0.29455496339521847,4.696456985013365,-0.903185519655872,154.58000112535484,2,0.1660374591416054,central,central,central,,17,1.3833647153078298e-10,0.0025,0.2625,0.0003065101156277672,0.0001195383459355881,0.0044859139032658035,0.00023768358605980033,0
0.001,-0.475,all_shooting,1.954372552185876,0.4593891899857489,4.254285026268259,-0.8952475137153355,153.54023986972345,2,0.8060764853887007,central,central,central,,71,1.954372552185876e-10,0.0025,0.2625,1.9545977096168596,0.45996379206910315,4.249459942975704,-0.8950203239663422,153.51104046794208,2,0.808280427675331,central,central,central,,71,1.9545977096168597e-10,0.0025,0.2625,0.0005746020833542476,0.00022515743098372454,0.004825083292555377,0.00022718974899327282,0
0.001,-0.475,ringdown_only,1.5681505430927754,0.1397211769763099,11.2234278083605,-0.9115688479965032,155.72306303716357,2,0.0480064925086029,central,central,central,,4,1.5681505430927754e-10,0.0025,0.2625,1.5681505430927754,0.1397211769763099,11.2234278083605,-0.9115688479965033,155.72306303716357,2,0.04800649250860294,central,central,central,,4,1.5681505430927754e-10,0.0025,0.2625,0.0,0.0,0.0,1.1102230246251565e-16,0
0.001,-0.475,ringdown_plus_photon_geometry,1.770996857005562,0.6210335517117999,2.8516927179280973,-0.6616853622237511,131.42853510215372,2,1.2096666529504132,central,central,central,,31,1.770996857005562e-10,0.0025,0.2625,1.7710976232334843,0.6211372363461737,2.85137892175315,-0.6616889892208089,131.42881226561178,2,1.2102083115528215,central,central,central,,31,1.7710976232334844e-10,0.0025,0.2625,0.00010368463437382403,0.00010076622792221102,0.00031379617494708967,3.6269970578040045e-06,0
0.001,-0.475,ringdown_plus_all_shooting,2.412240786410849,0.8308567999884672,2.9033171377358085,-0.7524559691033417,138.80357172918534,2,4.016924507055742,central,central,central,,75,2.412240786410849e-10,0.0025,0.2625,2.412495655179586,0.830964345379208,2.9032480979417365,-0.7524018897359003,138.79886754755418,2,4.018813561355138,central,central,central,,75,2.4124956551795863e-10,0.0025,0.2625,0.00010754539074087077,0.00025486876873692665,6.90397940719123e-05,5.40793674413953e-05,0
0.001,-0.45,orbital,0.717913557948095,0.0543412349710694,13.211211676184805,-0.98652000086545,170.5817192979696,2,0.001521960280147,central,one_sided_backward,one_sided,,18,7.17913557948095e-11,0.0025,0.2625,0.7181356644196175,0.054309042488547704,13.223132493471097,-0.986545398978089,170.59061614242196,2,0.0015210983058858841,central,one_sided_backward,one_sided,,18,7.181356644196176e-11,0.0025,0.2625,3.219248252169654e-05,0.00022210647152254293,0.011920817286291907,2.5398112639019033e-05,0
0.001,-0.45,photon_geometry,0.8248077699192037,0.118862149704988,6.939196135745058,-0.9514814757271124,162.07896049627064,2,0.0096115327031427,central,one_sided_backward,one_sided,,27,8.248077699192037e-11,0.0025,0.2625,0.8250038942157983,0.11888652042726025,6.939423336227342,-0.9514847314337458,162.07956672846106,2,0.009620047793327783,central,one_sided_backward,one_sided,,27,8.250038942157983e-11,0.0025,0.2625,2.4370722272251677e-05,0.00019612429659465747,0.00022720048228386247,3.2557066333982476e-06,0
0.001,-0.45,redshift,0.3559359036750192,0.0988989596387626,3.5989853176929967,-0.8310063156599227,146.202250138908,2,0.0012391590190946,central,one_sided_backward,one_sided,,9,3.5593590367501923e-11,0.0025,0.2625,0.35604544400183663,0.09899090384422111,3.5967490968880758,-0.8308929511761474,146.19057523282495,2,0.0012422283744154454,central,one_sided_backward,one_sided,,9,3.5604544400183665e-11,0.0025,0.2625,9.19442054585079e-05,0.00010954032681742554,0.0022362208049209187,0.00011336448377530228,0
0.001,-0.45,timing,1.2095523736520706,0.2720939313413922,4.445348588588928,-0.8963801707474619,153.68626236049607,2,0.1083146167285543,central,one_sided_backward,one_sided,,17,1.2095523736520706e-10,0.0025,0.2625,1.2098169000168901,0.2723313908137446,4.442443804960844,-0.8961933399284979,153.66212431642103,2,0.10855121826273789,central,one_sided_backward,one_sided,,17,1.20981690001689e-10,0.0025,0.2625,0.00023745947235237486,0.0002645263648195506,0.0029047836280842176,0.0001868308189639789,0
0.001,-0.45,all_shooting,1.6435807309231314,0.4300636222890694,3.821715313131949,-0.8715458971343644,150.63878268126206,2,0.4996288399366478,central,one_sided_backward,one_sided,,71,1.6435807309231316e-10,0.0025,0.2625,1.6439102420309564,0.43055978236601594,3.8180766280522676,-0.8713234417871938,150.61279806844666,2,0.5009831559782281,central,one_sided_backward,one_sided,,71,1.6439102420309565e-10,0.0025,0.2625,0.000496160076946528,0.0003295111078249757,0.0036386850796814585,0.00022245534717058035,0
0.001,-0.45,ringdown_only,1.4942727528413215,0.1356632997378656,11.01456883128023,-0.9127570199957544,155.8891757995303,2,0.0410945763172784,central,one_sided_backward,one_sided,,4,1.4942727528413215e-10,0.0025,0.2625,1.4942727528413215,0.1356632997378656,11.01456883128023,-0.9127570199957545,155.8891757995303,2,0.04109457631727845,central,one_sided_backward,one_sided,,4,1.4942727528413215e-10,0.0025,0.2625,0.0,0.0,0.0,1.1102230246251565e-16,0
0.001,-0.45,ringdown_plus_photon_geometry,1.6208781937009584,0.5643097907320476,2.872319814969511,-0.6371324241496984,129.57832241706777,2,0.8366348087984727,central,one_sided_backward,one_sided,,31,1.6208781937009583e-10,0.0025,0.2625,1.6209433018484563,0.5644145933468646,2.871901827053389,-0.6371196200522469,129.57737060187063,2,0.8370128332718978,central,one_sided_backward,one_sided,,31,1.6209433018484564e-10,0.0025,0.2625,0.00010480261481704556,6.510814749782767e-05,0.0004179879161219091,1.2804097451524221e-05,0
0.001,-0.45,ringdown_plus_all_shooting,2.1263471288313927,0.7849941507861385,2.7087426405686537,-0.7154730769569349,135.68198295828267,2,2.7861286847722404,central,one_sided_backward,one_sided,,75,2.1263471288313928e-10,0.0025,0.2625,2.1266843182920363,0.7850426811045595,2.709004706979472,-0.7154711977931631,135.68182884749916,2,2.7873569968591054,central,one_sided_backward,one_sided,,75,2.1266843182920364e-10,0.0025,0.2625,4.853031842100286e-05,0.00033718946064364985,0.00026206641081838455,1.8791637717008314e-06,0
0.00125,-0.7125,orbital,13.845567814543688,2.2710077621678386,6.096662479624071,-0.9473908371917524,161.33229412315842,2,988.6868991104484,central,one_sided_forward,one_sided,,18,1.384556781454369e-09,0.0025,0.2625,13.843858330502353,2.268820569452637,6.101786327617017,-0.9474773045576655,161.347778414821,2,986.5397631671239,central,one_sided_forward,one_sided,,18,1.3843858330502354e-09,0.0025,0.2625,0.0021871927152017356,0.0017094840413349743,0.005123847992945407,8.64673659131121e-05,0
0.00125,-0.7125,photon_geometry,17.509184392968425,2.974653512523442,5.886125667831185,-0.9417858290545628,160.35365876355053,2,2712.7177282311877,central,one_sided_forward,one_sided,,27,1.7509184392968424e-09,0.0025,0.2625,17.515370365436713,2.9696809206059633,5.89806475298454,-0.942029151923262,160.3951667299629,2,2705.566590764289,central,one_sided_forward,one_sided,,27,1.7515370365436713e-09,0.0025,0.2625,0.004972591917478564,0.006185972468287559,0.0119390851533554,0.00024332286869921393,0
0.00125,-0.7125,redshift,9.159396085643044,0.5475666911495766,16.727452991001982,-0.9922158199158349,172.84637468605774,2,25.15403862622399,central,one_sided_forward,one_sided,,9,9.159396085643043e-10,0.0025,0.2625,9.159615410041484,0.5476266982431301,16.72602055273588,-0.9922146144200992,172.84582006426066,2,25.160757042487806,central,one_sided_forward,one_sided,,9,9.159615410041484e-10,0.0025,0.2625,6.000709355358236e-05,0.00021932439844007945,0.0014324382661037305,1.205495735678852e-06,0
0.00125,-0.7125,timing,12.041012607039775,3.1123817956318782,3.868745352494648,-0.8729738177594759,150.8060771432349,2,1404.4676980214454,central,one_sided_forward,one_sided,,17,1.2041012607039775e-09,0.0025,0.2625,12.033798006505215,3.1074861824901587,3.872518588920009,-0.8732271776061731,150.83585202001225,2,1398.3756313103547,central,one_sided_forward,one_sided,,17,1.2033798006505215e-09,0.0025,0.2625,0.00489561314171949,0.007214600534560134,0.003773236425361315,0.0002533598466971654,0
0.00125,-0.7125,all_shooting,26.915006414359784,5.169818825073531,5.206179815010629,-0.9277841986030008,158.0920050163716,2,19361.527731427675,central,one_sided_forward,one_sided,,71,2.691500641435978e-09,0.0025,0.2625,26.915172523598752,5.162157144176188,5.2139390126787895,-0.9279977321676762,158.1248185366076,2,19304.42089408855,central,one_sided_forward,one_sided,,71,2.6915172523598753e-09,0.0025,0.2625,0.007661680897342649,0.00016610923896820395,0.007759197668160134,0.00021353356467546103,0
0.00125,-0.7125,ringdown_only,2.4157149467949703,0.4537582059554321,5.323793410431988,-0.7436598728356153,138.04412093378588,2,1.2015458755877757,central,one_sided_forward,one_sided,,4,2.4157149467949705e-10,0.0025,0.2625,2.4157149467949703,0.4537582059554321,5.323793410431988,-0.7436598728356153,138.04412093378588,2,1.2015458755877757,central,one_sided_forward,one_sided,,4,2.4157149467949705e-10,0.0025,0.2625,0.0,0.0,0.0,0.0,0
0.00125,-0.7125,ringdown_plus_photon_geometry,17.615566941008666,3.339682348221174,5.27462348339545,-0.92850973547376,158.20368898864928,2,3461.0157249314902,central,one_sided_forward,one_sided,,31,1.7615566941008664e-09,0.0025,0.2625,17.62176962347542,3.3349684195550116,5.283938978296745,-0.9287682319133627,158.2436118249828,2,3453.6831355672316,central,one_sided_forward,one_sided,,31,1.762176962347542e-09,0.0025,0.2625,0.004713928666162381,0.006202682466753373,0.009315494901295018,0.000258496439602629,0
0.00125,-0.7125,ringdown_plus_all_shooting,26.98766945311824,5.371393643365027,5.024332835195303,-0.9228047220384988,157.33961990383037,2,21013.806373674757,central,one_sided_forward,one_sided,,75,2.6987669453118236e-09,0.0025,0.2625,26.987855157743777,5.363919048096982,5.031368839788618,-0.9230186149976561,157.37145053371793,2,20955.651679574596,central,one_sided_forward,one_sided,,75,2.698785515774378e-09,0.0025,0.2625,0.007474595268045725,0.00018570462553668676,0.007036004593314438,0.00021389295915730244,0
0.00125,-0.69,orbital,9.176565603991564,0.4485398047366937,20.458754177633093,-0.9943909320764016,173.92863716483296,2,16.941908303407928,central,central,central,,18,9.176565603991563e-10,0.0025,0.2625,9.17533649488137,0.4485626462455291,20.454972280190887,-0.9943888700424476,173.92752022918253,2,16.939095295595695,central,central,central,,18,9.17533649488137e-10,0.0025,0.2625,2.2841508835413915e-05,0.0012291091101950258,0.003781897442205917,2.0620339540311505e-06,0
0.00125,-0.69,photon_geometry,12.790330466344384,1.2962074507475945,9.867502658596424,-0.9724238371521507,166.51323945707733,2,274.86064301050925,central,central,central,,27,1.2790330466344383e-09,0.0025,0.2625,12.780759492595383,1.2981259405015193,9.845546640611504,-0.9722859418556672,166.4794041030994,2,275.26245686014624,central,central,central,,27,1.2780759492595383e-09,0.0025,0.2625,0.0019184897539248347,0.00957097374900151,0.02195601798491964,0.00013789529648355892,0
0.00125,-0.69,redshift,7.326618538295687,0.3699727380618128,19.803130837904064,-0.9933690445243778,173.39814531567222,2,7.347618659063257,central,central,central,,9,7.326618538295686e-10,0.0025,0.2625,7.327708085220484,0.3702189354633809,19.79290463911261,-0.993361814278937,173.3945430493502,2,7.359589232269778,central,central,central,,9,7.327708085220484e-10,0.0025,0.2625,0.00024619740156811565,0.0010895469247973466,0.010226198791453811,7.230245440803529e-06,0
0.00125,-0.69,timing,8.528931026572307,2.515632118217629,3.3903729264735296,-0.8042143190518521,143.53444586309763,2,460.3450381258248,central,central,central,,17,8.528931026572308e-10,0.0025,0.2625,8.525827943735225,2.516873274247324,3.3874681061504344,-0.8039957496774183,143.51338047761607,2,460.4641533642254,central,central,central,,17,8.525827943735225e-10,0.0025,0.2625,0.0012411560296947677,0.0031030828370823826,0.0029048203230952474,0.00021856937443387459,0
0.00125,-0.69,all_shooting,19.336996152111823,2.9412785809101427,6.574350446644271,-0.942422454964837,160.46243863669002,2,3234.8216586460258,central,central,central,,71,1.933699615211182e-09,0.0025,0.2625,19.329081421721767,2.9435225235263633,6.566649742691751,-0.9422850992268799,160.4389195789154,2,3237.107765900077,central,central,central,,71,1.9329081421721768e-09,0.0025,0.2625,0.002243942616220629,0.007914730390055524,0.007700703952520094,0.0001373557379571455,0
0.00125,-0.69,ringdown_only,2.327154361220772,0.4400296027524441,5.288631370853483,-0.7436698550720633,138.0449764237268,2,1.0486104253430908,central,central,central,,4,2.3271543612207723e-10,0.0025,0.2625,2.327154361220772,0.4400296027524441,5.288631370853483,-0.7436698550720633,138.0449764237268,2,1.0486104253430908,central,central,central,,4,2.3271543612207723e-10,0.0025,0.2625,0.0,0.0,0.0,0.0,0
0.00125,-0.69,ringdown_plus_photon_geometry,12.891424819102207,2.166367189410413,5.950710886925254,-0.9292893690024878,158.3243102207616,2,779.9485937492342,central,central,central,,31,1.2891424819102206e-09,0.0025,0.2625,12.88187724874096,2.167822913797917,5.942310678030687,-0.9290645362585318,158.28945972266342,2,779.8407367572977,central,central,central,,31,1.288187724874096e-09,0.0025,0.2625,0.001455724387504187,0.009547570361247537,0.008400208894567385,0.00022483274395601605,0
0.00125,-0.69,ringdown_plus_all_shooting,19.406596125876277,3.400564682031453,5.706874575396409,-0.9256286121662384,157.7633360095278,2,4355.126914454764,central,central,central,,75,1.9406596125876273e-09,0.0025,0.2625,19.398701082088788,3.4025554005881036,5.701215350890652,-0.9254799909685716,157.7408451655738,2,4356.680503901099,central,central,central,,75,1.939870108208879e-09,0.0025,0.2625,0.0019907185566507835,0.007895043787488731,0.0056592245057567325,0.00014862119766678727,0
0.00125,-0.6666666666666666,orbital,6.705972587066942,0.2482821446901001,27.00948388953696,-0.9968266970196168,175.4342901091319,2,2.772135943694949,central,central,central,,18,6.705972587066942e-10,0.0025,0.2625,6.705988517961577,0.2482326862658627,27.014929495543207,-0.9968280666381485,175.43527603234782,2,2.77104478676504,central,central,central,,18,6.705988517961578e-10,0.0025,0.2625,4.9458424237397436e-05,1.5930894635474147e-05,0.005445606006247772,1.369618531699146e-06,0
0.00125,-0.6666666666666666,photon_geometry,9.014365078264422,1.0110204583185378,8.916105509137289,-0.9674363199061784,165.33810893350028,2,83.05966463028032,central,central,central,,27,9.014365078264421e-10,0.0025,0.2625,9.002725383284005,1.0123768199183436,8.892662500915566,-0.967262996859177,165.2989262041735,2,83.06773922959877,central,central,central,,27,9.002725383284005e-10,0.0025,0.2625,0.0013563615998057887,0.011639694980416948,0.023443008221722295,0.00017332304700135026,0
0.00125,-0.6666666666666666,redshift,5.358947978183836,0.3258772632496861,16.44468203993056,-0.9904135692924706,172.06012519018364,2,3.0497708082870045,central,central,central,,9,5.358947978183836e-10,0.0025,0.2625,5.359611383356828,0.3261492733636643,16.433001147240738,-0.9903995891705203,172.05432855491168,2,3.055620621357104,central,central,central,,9,5.359611383356828e-10,0.0025,0.2625,0.00027201011397820496,0.0006634051729923485,0.011680892689820865,1.3980121950307733e-05,0
0.00125,-0.6666666666666666,timing,5.935928002162568,2.0296627760628767,2.9245882972131128,-0.76736239409886,140.11762138261236,2,145.15266806400524,central,central,central,,17,5.935928002162566e-10,0.0025,0.2625,5.936754775608941,2.0313391764705697,2.922581735426375,-0.767069028360836,140.09141479773436,2,145.43304906120832,central,central,central,,17,5.936754775608942e-10,0.0025,0.2625,0.0016764004076930128,0.0008267734463727194,0.0020065617867377483,0.00029336573802396515,0
0.00125,-0.6666666666666666,all_shooting,13.783440612741783,2.3470639154556534,5.872631129461977,-0.9311667571283784,158.61742762054848,2,1046.562361596169,central,central,central,,71,1.3783440612741784e-09,0.0025,0.2625,13.77644923728355,2.349153609100598,5.864430995024644,-0.9309817702800725,158.58837579777258,2,1047.363474260847,central,central,central,,71,1.3776449237283551e-09,0.0025,0.2625,0.0020896936449443793,0.006991375458232696,0.008200134437333695,0.0001849868483059236,0
0.00125,-0.6666666666666666,ringdown_only,2.2380276091764477,0.3955208128944807,5.658431961641222,-0.7696038348566443,140.3183268880708,2,0.7835551384752897,central,central,central,,4,2.2380276091764474e-10,0.0025,0.2625,2.2380276091764473,0.3955208128944807,5.658431961641222,-0.7696038348566443,140.3183268880708,2,0.7835551384752897,central,central,central,,4,2.2380276091764474e-10,0.0025,0.2625,0.0,4.440892098500626e-16,0.0,0.0,0
0.00125,-0.6666666666666666,ringdown_plus_photon_geometry,9.152052921400342,1.9199145158386544,4.7669064668759775,-0.8981895907693622,153.92110807298718,2,308.7456375125642,central,central,central,,31,9.152052921400341e-10,0.0025,0.2625,9.14057847359816,1.9206771236199087,4.759039591397262,-0.8978764368698892,153.88032321939994,2,308.21664618797354,central,central,central,,31,9.14057847359816e-10,0.0025,0.2625,0.0007626077812543652,0.011474447802182652,0.00786687547871523,0.00031315389947306205,0
0.00125,-0.6666666666666666,ringdown_plus_all_shooting,13.877493504018917,2.841183289933119,4.884406280013561,-0.9046311609722144,154.77365237108032,2,1554.6068212032333,central,central,central,,75,1.3877493504018914e-09,0.0025,0.2625,13.870548713898726,2.842913810658367,4.87899023244977,-0.9044330971902804,154.74703868768432,2,1554.9437047798633,central,central,central,,75,1.3870548713898728e-09,0.0025,0.2625,0.0017305207252480415,0.006944790120190447,0.005416047563791437,0.0001980637819339881,0
0.00125,-0.64,orbital,5.350038438295149,0.1690683797306465,31.644228488015504,-0.9976766964470896,176.09361784346882,2,0.8181606459376324,central,central,central,,18,5.350038438295148e-10,0.0025,0.2625,5.35023488484155,0.16901218081885422,31.655912957989017,-0.9976785167108643,176.09514902389992,2,0.8176768622871986,central,central,central,,18,5.35023488484155e-10,0.0025,0.2625,5.6198911792287864e-05,0.0001964465464006082,0.011684469973513245,1.820263774710007e-06,0
0.00125,-0.64,photon_geometry,6.804136084626288,0.7385019323369687,9.213430306261746,-0.97051036773291,166.05092557134398,2,25.2492948636385,central,central,central,,27,6.804136084626288e-10,0.0025,0.2625,6.805515581799321,0.7390606449678722,9.208331722351641,-0.9704966389823302,166.04766285118637,2,25.29776877323444,central,central,central,,27,6.805515581799322e-10,0.0025,0.2625,0.0005587126309034574,0.0013794971730334282,0.005098583910104537,1.3728750579811155e-05,0
0.00125,-0.64,redshift,3.885879828018956,0.2708880307536706,14.344966875087012,-0.9873752063619332,170.88602690948645,2,1.1080474629588577,central,central,central,,9,3.8858798280189565e-10,0.0025,0.2625,3.8843098930607622,0.27112365228398955,14.326709825346136,-0.9873408539114945,170.8736093850994,2,1.1090791842657175,central,central,central,,9,3.8843098930607626e-10,0.0025,0.2625,0.0002356215303189746,0.0015699349581939082,0.018257049740876496,3.435245043870161e-05,0
0.00125,-0.64,timing,4.635908254072216,1.5691923215189674,2.954327643908357,-0.7863506160238803,141.84576684803378,2,52.92026543303978,central,central,central,,17,4.635908254072216e-10,0.0025,0.2625,4.636572732479183,1.5707853329552346,2.9517545365387745,-0.7860277516640453,141.81583288588962,2,53.042969421612966,central,central,central,,17,4.6365727324791833e-10,0.0025,0.2625,0.001593011436267222,0.0006644784069669285,0.0025731073695824946,0.00032286435983508444,0
0.00125,-0.64,all_shooting,10.54780312918604,1.8342436488841385,5.7504918365686,-0.9308781366910062,158.57211675149176,2,374.3157304190214,central,central,central,,71,1.054780312918604e-09,0.0025,0.2625,10.54853634777507,1.8356897823207354,5.746361095086168,-0.9307980276211542,158.5595565126584,2,374.9583147287697,central,central,central,,71,1.054853634777507e-09,0.0025,0.2625,0.0014461334365969414,0.0007332185890298604,0.004130741482432754,8.010906985200794e-05,0
0.00125,-0.64,ringdown_only,2.139084602679433,0.3507715148630778,6.098227797985294,-0.7971353809380194,142.8574155485327,2,0.5629950286179185,central,central,central,,4,2.1390846026794327e-10,0.0025,0.2625,2.139084602679433,0.35077151486307784,6.098227797985294,-0.7971353809380194,142.8574155485327,2,0.5629950286179185,central,central,central,,4,2.1390846026794332e-10,0.0025,0.2625,5.551115123125783e-17,0.0,0.0,0.0,0
0.00125,-0.64,ringdown_plus_photon_geometry,6.978483966289574,1.6855675861495196,4.1401389203449845,-0.8746228680079554,151.00037356002358,2,138.36126124192438,central,central,central,,31,6.978483966289575e-10,0.0025,0.2625,6.979923485482541,1.6854212235884913,4.141352551987765,-0.8747385169210596,151.0140442851927,2,138.3943118896589,central,central,central,,31,6.979923485482541e-10,0.0025,0.2625,0.00014636256102829037,0.0014395191929663653,0.0012136316427806548,0.00011564891310422709,0
0.00125,-0.64,ringdown_plus_all_shooting,10.665216906447974,2.3606085120185574,4.517994767937248,-0.8941976436629758,153.40555492595013,2,633.8512081935036,central,central,central,,75,1.0665216906447975e-09,0.0025,0.2625,10.665969706542866,2.361607475728769,4.516402414948932,-0.8941466097544787,153.39902404584558,2,634.477347945495,central,central,central,,75,1.0665969706542866e-09,0.0025,0.2625,0.0009989637102116866,0.0007528000948919811,0.001592352988315504,5.103390849714451e-05,0
0.00125,-0.61,orbital,4.190115810754799,0.1175068103327905,35.65849331530649,-0.9981386148396912,176.50358364834307,2,0.2424254043398375,central,central,central,,18,4.1901158107547985e-10,0.0025,0.2625,4.190535279260549,0.11752192481285174,35.65747655966138,-0.9981384908779022,176.50346718954228,2,0.24253632584381896,central,central,central,,18,4.190535279260549e-10,0.0025,0.2625,1.511448006123739e-05,0.0004194685057496983,0.0010167556451037285,1.2396178905582644e-07,0
0.00125,-0.61,photon_geometry,5.095046054149642,0.5029058837141512,10.131211861195158,-0.9758978449866104,167.3950323862873,2,6.565528051300192,central,central,central,,27,5.095046054149641e-10,0.0025,0.2625,5.097294654942721,0.5030553711237421,10.132671168098677,-0.975904864388229,167.3968754645654,2,6.575231667047641,central,central,central,,27,5.097294654942721e-10,0.0025,0.2625,0.00014948740959086493,0.002248600793079092,0.0014593069035182538,7.019401618624244e-06,0
0.00125,-0.61,redshift,2.728030782225116,0.2151672399175038,12.678653048071151,-0.9837057764628114,169.642714627931,2,0.3445488706802774,central,central,central,,9,2.7280307822251165e-10,0.0025,0.2625,2.727560220081178,0.21538080889297176,12.663896259376445,-0.9836709487041992,169.63162127788073,2,0.34511409993072684,central,central,central,,9,2.7275602200811784e-10,0.0025,0.2625,0.00021356897546795373,0.00047056214393803586,0.014756788694706202,3.482775861218812e-05,0
0.00125,-0.61,timing,3.733834380284403,1.1677810945875218,3.197375259447277,-0.8198781175389006,145.07259471207388,2,19.012226551381783,central,central,central,,17,3.7338343802844027e-10,0.0025,0.2625,3.734360897713222,1.1692550379658666,3.1937950031926543,-0.8195242724675179,145.0371999197673,2,19.065626177165015,central,central,central,,17,3.734360897713222e-10,0.0025,0.2625,0.001473943378344833,0.000526517428819151,0.003580256254622771,0.00035384507138269683,0
0.00125,-0.61,all_shooting,8.037336769387837,1.4064797863494796,5.714505709498148,-0.9315997777645306,158.68558023258606,2,127.78836740765168,central,central,central,,71,8.037336769387837e-10,0.0025,0.2625,8.039027018904529,1.408013398293069,5.70948190454027,-0.9314882272088273,158.66800357262076,2,128.12106838988652,central,central,central,,71,8.039027018904529e-10,0.0025,0.2625,0.0015336119435893636,0.001690249516691722,0.005023804957878575,0.0001115505557033325,0
0.00125,-0.61,ringdown_only,2.0311711691873566,0.3069303099919125,6.617694971998291,-0.825251151720603,145.61396252357596,2,0.3886624669513114,central,central,central,,4,2.0311711691873566e-10,0.0025,0.2625,2.0311711691873566,0.30693030999191256,6.617694971998291,-0.825251151720603,145.61396252357596,2,0.38866246695131146,central,central,central,,4,2.0311711691873566e-10,0.0025,0.2625,5.551115123125783e-17,0.0,0.0,0.0,0
0.00125,-0.61,ringdown_plus_photon_geometry,5.312629467287547,1.48601456884441,3.575085721682312,-0.8429463871073132,147.4525712808457,2,62.32541631703375,central,central,central,,31,5.312629467287546e-10,0.0025,0.2625,5.314774632641829,1.4861058655697,3.5763095724034475,-0.8430339279905837,147.46189541715464,2,62.383423370796805,central,central,central,,31,5.314774632641829e-10,0.0025,0.2625,9.129672528995769e-05,0.002145165354281886,0.001223850721135289,8.754088327056486e-05,0
0.00125,-0.61,ringdown_plus_all_shooting,8.1813198531207,1.9654098118779624,4.162653408809124,-0.8806127073651242,151.71636248652962,2,258.55502556517587,central,central,central,,75,8.181319853120701e-10,0.0025,0.2625,8.182987721883586,1.9664769557973336,4.161242621104445,-0.8805406740642332,151.7076535348982,2,258.9414180751847,central,central,central,,75,8.182987721883587e-10,0.0025,0.2625,0.0010671439193712384,0.001667868762886826,0.0014107877046791728,7.203330089100568e-05,0
0.00125,-0.58,orbital,3.188329728929641,0.0915824950300652,34.813746097253144,-0.9980085474256885,176.38344800094575,2,0.0852611918906074,central,central,central,,18,3.1883297289296407e-10,0.0025,0.2625,3.188904042250127,0.09187737202405637,34.70826354736368,-0.9979961863370327,176.37223752608728,2,0.08584204024181853,central,central,central,,18,3.188904042250127e-10,0.0025,0.2625,0.0002948769939911666,0.000574313320485853,0.10548254988946582,1.2361088655765684e-05,0
0.00125,-0.58,photon_geometry,3.776895565409085,0.3476069681828147,10.865419600629886,-0.9789820384158716,168.232165803283,2,1.7236413344543242,central,central,central,,27,3.776895565409085e-10,0.0025,0.2625,3.77744133444241,0.34771887628139087,10.863492298259708,-0.9789748591301962,168.23014905843408,2,1.72524982254635,central,central,central,,27,3.7774413344424097e-10,0.0025,0.2625,0.00011190809857614115,0.0005457690333248166,0.0019273023701789072,7.179285675396052e-06,0
0.00125,-0.58,redshift,1.9084243464544932,0.1746909846791451,10.924572610084578,-0.9778296661339668,167.91269726734376,2,0.1111452436883362,central,central,central,,9,1.9084243464544932e-10,0.0025,0.2625,1.9086649624108345,0.17487787811666503,10.914273337291528,-0.977790507261737,167.90198743299325,2,0.11141127711437541,central,central,central,,9,1.9086649624108345e-10,0.0025,0.2625,0.00018689343751993048,0.00024061595634128352,0.010299272793050207,3.91588722298275e-05,0
0.00125,-0.58,timing,3.040381289444932,0.8781301021929223,3.462335799504308,-0.8457466657411987,147.7520233970146,2,7.128100797446966,central,central,central,,17,3.0403812894449315e-10,0.0025,0.2625,3.039441613927633,0.8792541788793277,3.456840680361188,-0.8452962110545187,147.7036863409721,2,7.141944856396606,central,central,central,,17,3.039441613927633e-10,0.0025,0.2625,0.0011240766864053509,0.0009396755172992322,0.005495119143120064,0.0004504546866800352,0
0.00125,-0.58,all_shooting,6.085131731782748,1.1038150319740394,5.512818321472056,-0.927849708936208,158.10206696165025,2,45.116206608380935,central,central,central,,71,6.085131731782748e-10,0.0025,0.2625,6.08536895113004,1.1048457219943744,5.507890223935742,-0.9277226970967756,158.08256279698404,2,45.204024894670475,central,central,central,,71,6.08536895113004e-10,0.0025,0.2625,0.0010306900203349567,0.0002372193472925943,0.004928097536314624,0.00012701183943242267,0
0.00125,-0.58,ringdown_only,1.926625565833628,0.2690500156233766,7.160845396606741,-0.8500300763103418,148.21494079841463,2,0.2686956781987368,central,central,central,,4,1.9266255658336283e-10,0.0025,0.2625,1.9266255658336282,0.2690500156233766,7.160845396606741,-0.8500300763103418,148.21494079841463,2,0.26869567819873685,central,central,central,,4,1.9266255658336283e-10,0.0025,0.2625,0.0,2.220446049250313e-16,0.0,0.0,0
0.00125,-0.58,ringdown_plus_photon_geometry,4.049588433687255,1.330743482386126,3.0431022111233865,-0.7981156630691827,142.9505363132492,2,29.040926682555995,central,central,central,,31,4.049588433687255e-10,0.0025,0.2625,4.050091376282386,1.3307912224200278,3.043370972132912,-0.798143488858179,142.95318251699783,2,29.05022488758725,central,central,central,,31,4.050091376282386e-10,0.0025,0.2625,4.7740033901844114e-05,0.0005029425951308397,0.0002687610095253312,2.7825788996294065e-05,0
0.00125,-0.58,ringdown_plus_all_shooting,6.261895502833943,1.6793375215780408,3.7287891340329034,-0.8577590613895044,149.0658939175047,2,110.58280833754952,central,central,central,,75,6.261895502833943e-10,0.0025,0.2625,6.262115521465974,1.680054320083856,3.727329197994869,-0.8576519505640212,149.0539575131041,2,110.68500718011458,central,central,central,,75,6.262115521465974e-10,0.0025,0.2625,0.000716798505815186,0.00022001863203069405,0.001459936038034293,0.00010711082548320316,0
0.00125,-0.55,orbital,2.3585231649757192,0.0777682030176995,30.32760271494168,-0.9973295889965093,175.81183891248494,2,0.0336422024581376,central,central,central,,18,2.3585231649757187e-10,0.0025,0.2625,2.3587521440576955,0.07761906060627809,30.388826219147926,-0.9973406307205984,175.82051042055807,2,0.0335197970558007,central,central,central,,18,2.358752144057696e-10,0.0025,0.2625,0.0001491424114214157,0.00022897908197627714,0.06122350420624656,1.1041724089166927e-05,0
0.00125,-0.55,photon_geometry,2.751394402896401,0.2501435138962448,10.99926342298698,-0.9793473910623546,168.33525148306333,2,0.4736790658143761,central,central,central,,27,2.7513944028964006e-10,0.0025,0.2625,2.7518902238450793,0.25021813408809696,10.997964771315065,-0.9793427698344269,168.33394197700966,2,0.4741325518897439,central,central,central,,27,2.7518902238450795e-10,0.0025,0.2625,7.46201918521705e-05,0.0004958209486782827,0.0012986516719148966,4.621227927659177e-06,0
0.00125,-0.55,redshift,1.324337365866377,0.1466638451082601,9.029746662436237,-0.967357635773806,165.32030832119585,2,0.0377262292103676,central,central,central,,9,1.3243373658663772e-10,0.0025,0.2625,1.3245159235707031,0.14682332961355202,9.02115438368623,-0.9673017095331747,165.30766902229004,2,0.037818517901399604,central,central,central,,9,1.3245159235707033e-10,0.0025,0.2625,0.00015948450529190694,0.00017855770432606555,0.008592278750006344,5.592624063122109e-05,0
0.00125,-0.55,timing,2.478295035308957,0.6656525828997867,3.723105864793229,-0.8654130675683572,149.92990568404775,2,2.721455621933377,central,central,central,,17,2.4782950353089567e-10,0.0025,0.2625,2.4766518804989968,0.6669769486241814,3.7132495892215682,-0.86474452900481,149.8535465978903,2,2.7286735522272196,central,central,central,,17,2.476651880498997e-10,0.0025,0.2625,0.0013243657243947604,0.0016431548099600235,0.009856275571660689,0.0006685385635472052,0
0.00125,-0.55,all_shooting,4.559207739906283,0.880605769110312,5.1773539304795975,-0.9200690928664468,156.93618492915746,2,16.119138064143666,central,central,central,,71,4.5592077399062826e-10,0.0025,0.2625,4.558751735776667,0.8818107705321192,5.169761912780604,-0.9198467476650544,156.90368776546137,2,16.16004930345316,central,central,central,,71,4.5587517357766676e-10,0.0025,0.2625,0.0012050014218072391,0.00045600412961555037,0.007592017698993203,0.00022234520139241543,0
0.00125,-0.55,ringdown_only,1.825348795661204,0.2362401797700368,7.726665283772019,-0.8715154337686629,150.63522307218005,2,0.1859513159377663,central,central,central,,4,1.8253487956612044e-10,0.0025,0.2625,1.8253487956612042,0.2362401797700368,7.726665283772019,-0.8715154337686629,150.63522307218005,2,0.18595131593776631,central,central,central,,4,1.8253487956612044e-10,0.0025,0.2625,0.0,2.220446049250313e-16,0.0,0.0,0
0.00125,-0.55,ringdown_plus_photon_geometry,3.101571929152255,1.1835126338524466,2.6206496157597763,-0.7450410839144679,138.16262784672014,2,13.4744023539255,central,central,central,,31,3.1015719291522554e-10,0.0025,0.2625,3.1019959651464406,1.1835698539990924,2.6208811880982728,-0.7450775898895072,138.16576374473553,2,13.479390252742506,central,central,central,,31,3.101995965146441e-10,0.0025,0.2625,5.722014664577557e-05,0.000424035994185612,0.0002315723384964663,3.650597503934705e-05,0
0.00125,-0.55,ringdown_plus_all_shooting,4.779716535934993,1.450468621060411,3.295291236594026,-0.8269335150466443,145.78501245144008,2,48.06411590411964,central,central,central,,75,4.779716535934993e-10,0.0025,0.2625,4.779289600421295,1.4511740719629949,3.293395115553834,-0.8267558519614403,145.76691359574238,2,48.10228589563936,central,central,central,,75,4.779289600421296e-10,0.0025,0.2625,0.0007054509025838929,0.00042693551369765714,0.0018961210401919892,0.00017766308520394958,0
0.00125,-0.525,orbital,1.8042167930483848,0.0699400186528903,25.796630138213786,-0.9962640998007924,175.04583390644945,2,0.0159231479048398,central,central,central,,18,1.8042167930483847e-10,0.0025,0.2625,1.8040714380058323,0.0698764397020209,25.818021720898535,-0.9962703766882793,175.05000012970817,2,0.015891650297151533,central,central,central,,18,1.8040714380058323e-10,0.0025,0.2625,6.357895086940568e-05,0.00014535504255253073,0.02139158268474972,6.276887486889038e-06,0
0.00125,-0.525,photon_geometry,2.0884195835049493,0.1974992307167831,10.574317560253052,-0.9775152970971244,167.82698013083578,2,0.1701242919544752,central,central,central,,27,2.0884195835049491e-10,0.0025,0.2625,2.088840167524547,0.19755348665601014,10.573542400503102,-0.9775122353771711,167.82614823302998,2,0.17028634283941618,central,central,central,,27,2.088840167524547e-10,0.0025,0.2625,5.4255939227032535e-05,0.00042058401959765845,0.0007751597499492391,3.061719953234565e-06,0
0.00125,-0.525,redshift,0.9711951208621276,0.1298682730499382,7.478309351882075,-0.9525145789581348,162.27233682453968,2,0.0159081293907097,central,central,central,,9,9.711951208621276e-11,0.0025,0.2625,0.9713441398918488,0.13000855620020896,7.471386255501602,-0.9524395895381054,162.25823166026922,2,0.01594740851547017,central,central,central,,9,9.713441398918488e-11,0.0025,0.2625,0.0001402831502707591,0.00014901902972119796,0.006923096380472948,7.498942002948095e-05,0
0.00125,-0.525,timing,2.0933583207277,0.5304970867378862,3.9460316994389255,-0.8790555349524869,151.52864221359033,2,1.2332557601414311,central,central,central,,17,2.0933583207277e-10,0.0025,0.2625,2.0923583901920333,0.5314231796144816,3.9372734770619617,-0.878540513079879,151.46680446859185,2,1.2363833181264299,central,central,central,,17,2.0923583901920334e-10,0.0025,0.2625,0.0009260928765953969,0.0009999305356664934,0.008758222376963776,0.0005150218726078792,0
0.00125,-0.525,all_shooting,3.5700951364971245,0.7339446920006342,4.864256360742289,-0.9115866026506504,155.7255373694818,2,6.865722510628661,central,central,central,,71,3.570095136497125e-10,0.0025,0.2625,3.569655863054897,0.734969391737944,4.856876902878795,-0.9113383802457451,155.69096595281164,2,6.883212935825464,central,central,central,,71,3.569655863054897e-10,0.0025,0.2625,0.0010246997373097866,0.00043927344222760567,0.007379457863494032,0.0002482224049052961,0
0.00125,-0.525,ringdown_only,1.743421260966496,0.2123583119904236,8.209809376546167,-0.8869183152262604,152.48852217785512,2,0.1370702499878158,central,central,central,,4,1.7434212609664958e-10,0.0025,0.2625,1.7434212609664959,0.2123583119904236,8.209809376546167,-0.8869183152262604,152.48852217785512,2,0.1370702499878158,central,central,central,,4,1.7434212609664958e-10,0.0025,0.2625,0.0,2.220446049250313e-16,0.0,0.0,0
0.00125,-0.525,ringdown_plus_photon_geometry,2.5266116131562613,1.0494521451814989,2.4075529548984758,-0.7032578310869305,134.68896816135234,2,7.030759707870619,central,central,central,,31,2.526611613156261e-10,0.0025,0.2625,2.526930957116308,1.0495305185570407,2.40767744475929,-0.7032914681628093,134.69167910943466,2,7.03358750917548,central,central,central,,31,2.5269309571163084e-10,0.0025,0.2625,7.837337554184032e-05,0.0003193439600468473,0.0001244898608141476,3.363707587877851e-05,0
0.00125,-0.525,ringdown_plus_all_shooting,3.837799750890749,1.280687671714167,2.996671113226189,-0.7985699026871518,142.99375430516642,2,24.15744939458544,central,central,central,,75,3.837799750890749e-10,0.0025,0.2625,3.8374229197249257,1.281179951632516,2.9952255456660652,-0.7984001947221254,142.97760262097327,2,24.171277166979216,central,central,central,,75,3.837422919724926e-10,0.0025,0.2625,0.0004922799183488813,0.00037683116582343246,0.0014455675601237061,0.00016970796502635555,0
0.00125,-0.5,orbital,1.3647218380581023,0.0639197619343995,21.350546321788684,-0.9944859952959304,173.98035393564524,2,0.0076095430761519,central,central,central,,18,1.3647218380581024e-10,0.0025,0.2625,1.3648948150359952,0.06393976873169649,21.346571032550262,-0.9944840539121627,173.97929334730412,2,0.007616237706952158,central,central,central,,18,1.3648948150359952e-10,0.0025,0.2625,2.0006797296995282e-05,0.00017297697789286914,0.003975289238422164,1.9413837677451085e-06,0
0.00125,-0.5,photon_geometry,1.5732435467444543,0.1613619518731424,9.749780096743548,-0.973383742404257,166.7511209480408,2,0.0644457370739191,central,central,central,,27,1.5732435467444546e-10,0.0025,0.2625,1.57358450915534,0.16140212606872237,9.749465806202165,-0.9733822486211116,166.75074750453828,2,0.06450578215045169,central,central,central,,27,1.57358450915534e-10,0.0025,0.2625,4.0174195579972816e-05,0.00034096241088565904,0.00031429054138243373,1.4937831454009398e-06,0
0.00125,-0.5,redshift,0.7103815455057165,0.1171952513420418,6.061521583604292,-0.9286339998624812,158.22287200068865,2,0.0069311192496002,central,central,central,,9,7.103815455057165e-11,0.0025,0.2625,0.7105129105795076,0.11731872623437495,6.056261718696737,-0.9285373770858624,158.20795470585296,2,0.006948301031222057,central,central,central,,9,7.105129105795077e-11,0.0025,0.2625,0.00012347489233315023,0.00013136507379107876,0.005259864907555034,9.662277661881546e-05,0
0.00125,-0.5,timing,1.772795194589533,0.4242797288440685,4.178364117040038,-0.8909939442026105,152.9984123886017,2,0.565746266884358,central,central,central,,17,1.7727951945895327e-10,0.0025,0.2625,1.772331789036878,0.42490051836512954,4.171168808774813,-0.8906221826935965,152.95153448307502,2,0.5671064361759681,central,central,central,,17,1.772331789036878e-10,0.0025,0.2625,0.0006207895210610381,0.0004634055526551162,0.0071953082652251865,0.0003717615090139681,0
0.00125,-0.5,all_shooting,2.7987938819718856,0.612886557007502,4.566577370594256,-0.902288673948576,154.46055323695475,2,2.942402108856494,central,central,central,,71,2.798793881971886e-10,0.0025,0.2625,2.7987267203405226,0.6137315775693586,4.560180415393789,-0.9020416084218505,154.42773887624423,2,2.9503798035458555,central,central,central,,71,2.7987267203405226e-10,0.0025,0.2625,0.0008450205618565354,6.716163136299969e-05,0.00639695520046768,0.0002470655267254873,0
0.00125,-0.5,ringdown_only,1.663743608371424,0.1913199614916677,8.696131837993718,-0.9001405098161848,154.17654277529536,2,0.1013195773945264,central,central,central,,4,1.6637436083714237e-10,0.0025,0.2625,1.6637436083714239,0.19131996149166774,8.696131837993718,-0.9001405098161848,154.17654277529536,2,0.10131957739452647,central,central,central,,4,1.663743608371424e-10,0.0025,0.2625,5.551115123125783e-17,2.220446049250313e-16,0.0,0.0,0
0.00125,-0.5,ringdown_plus_photon_geometry,2.1201538427963187,0.9004036549366744,2.3546704094014697,-0.6727831523620587,132.28223496482892,2,3.64425911938731,central,central,central,,31,2.1201538427963188e-10,0.0025,0.2625,2.120367246313292,0.900504145785504,2.3546446246104833,-0.672804818267757,132.28391287077366,2,3.6458064349161083,central,central,central,,31,2.1203672463132918e-10,0.0025,0.2625,0.00010049084882957082,0.00021340351697318738,2.578479098636066e-05,2.1665905698298182e-05,0
0.00125,-0.5,ringdown_plus_all_shooting,3.12388273164164,1.1202142324291693,2.78864760079645,-0.7718126476571757,140.51694323401384,2,12.24592561381729,central,central,central,,75,3.12388273164164e-10,0.0025,0.2625,3.123875883758349,1.1205281296731147,2.7878602964386623,-0.7716948272736655,140.50632775608665,2,12.252735762236533,central,central,central,,75,3.123875883758349e-10,0.0025,0.2625,0.00031389724394537133,6.847883291083434e-06,0.0007873043577877326,0.0001178203835102698,0
0.00125,-0.475,orbital,1.0217503690869183,0.0585001939021168,17.465760383572793,-0.9917086089391516,172.61667709607465,2,0.0035727630785026,central,central,central,,18,1.0217503690869184e-10,0.0025,0.2625,1.0217989581571842,0.05851337617224064,17.462655977146238,-0.9917061626998938,172.61558650216466,2,0.003574713377661084,central,central,central,,18,1.0217989581571842e-10,0.0025,0.2625,1.3182270123840434e-05,4.85890702659475e-05,0.003104406426555073,2.446239257825056e-06,0
0.00125,-0.475,photon_geometry,1.1758259596439498,0.1347281012692352,8.72739947024286,-0.9667230230120348,165.17750498717712,2,0.0250958821946043,central,central,central,,27,1.1758259596439501e-10,0.0025,0.2625,1.176094462251385,0.13475797441518583,8.727457260732255,-0.9667236291391853,165.17764073872192,2,0.025118480204323477,central,central,central,,27,1.176094462251385e-10,0.0025,0.2625,2.987314595062629e-05,0.0002685026074351615,5.779048939480447e-05,6.061271504709254e-07,0
0.00125,-0.475,redshift,0.5174726910663806,0.1065187126038529,4.858044923908167,-0.8928764431363697,153.23695506011742,2,0.0030382722608465,central,central,central,,9,5.174726910663807e-11,0.0025,0.2625,0.5175940184909683,0.10662615182888178,4.854287710970057,-0.8927652629928924,153.22281211120247,2,0.0030458321672264077,central,central,central,,9,5.1759401849096835e-11,0.0025,0.2625,0.00010743922502888525,0.00012132742458770274,0.003757212938110044,0.00011118014347732963,0
0.00125,-0.475,timing,1.5058587785303077,0.338317046308424,4.451028391745604,-0.9028227269536828,154.53161900943607,2,0.2595471420878634,central,central,central,,17,1.5058587785303074e-10,0.0025,0.2625,1.5058086847530505,0.3387117658165505,4.445693467786445,-0.9025806339849063,154.49938110011556,2,0.2601358221998104,central,central,central,,17,1.5058086847530506e-10,0.0025,0.2625,0.00039471950812647316,5.009377725717634e-05,0.0053349239591593545,0.00024209296877653053,0
0.00125,-0.475,all_shooting,2.202594738346681,0.5078229647244127,4.33732794959754,-0.8945681308932628,153.4530113500955,2,1.2511053120788138,central,central,central,,71,2.2025947383466807e-10,0.0025,0.2625,2.2026731418305654,0.5084722330265901,4.331943808847825,-0.8943382876700684,153.42356103538907,2,1.2543958135650852,central,central,central,,71,2.2026731418305654e-10,0.0025,0.2625,0.0006492683021773749,7.840348388432616e-05,0.005384140749715272,0.00022984322319441475,0
0.00125,-0.475,ringdown_only,1.5863643701916117,0.1726462120508234,9.18852693810982,-0.9115688479966748,155.72306303718747,2,0.0750101445445659,central,central,central,,4,1.5863643701916116e-10,0.0025,0.2625,1.5863643701916115,0.17264621205082342,9.18852693810982,-0.9115688479966749,155.72306303718747,2,0.07501014454456596,central,central,central,,4,1.5863643701916116e-10,0.0025,0.2625,2.7755575615628914e-17,2.220446049250313e-16,0.0,1.1102230246251565e-16,0
0.00125,-0.475,ringdown_plus_photon_geometry,1.843301248679469,0.7411595542188366,2.487050511845944,-0.6617470973594076,131.43325286415103,2,1.8664486988941495,central,central,central,,31,1.843301248679469e-10,0.0025,0.2625,1.8434300565185264,0.7412706334935214,2.4868515940401648,-0.6617502427489739,131.43349324211255,2,1.867269136699484,central,central,central,,31,1.8434300565185265e-10,0.0025,0.2625,0.00011107927468478884,0.00012880783905733217,0.00019891780577907525,3.145389566250323e-06,0
0.00125,-0.475,ringdown_plus_all_shooting,2.5943900881248374,0.9616685734090008,2.697800635127374,-0.7519674029043206,138.76108900067305,2,6.22474264362006,central,central,central,,75,2.5943900881248377e-10,0.0025,0.2625,2.5945361732187737,0.9617970975777523,2.6975920178518003,-0.7519125779923987,138.7563240041885,2,6.227107805392069,central,central,central,,75,2.5945361732187736e-10,0.0025,0.2625,0.0001285241687515315,0.00014608509393632119,0.0002086172755735305,5.4824911921880215e-05,0
0.00125,-0.45,orbital,0.8430356171156151,0.0578760677786112,14.5662214015716,-0.9862384494136466,170.4836452305927,2,0.002380618914745,central,one_sided_backward,one_sided,,18,8.430356171156151e-11,0.0025,0.2625,0.8431643480993656,0.05785317834228342,14.574209615776946,-0.9862554577938086,170.4895413942747,2,0.002379462781051795,central,one_sided_backward,one_sided,,18,8.431643480993656e-11,0.0025,0.2625,2.2889436327777624e-05,0.0001287309837504358,0.007988214205346011,1.7008380162053527e-05,0
0.00125,-0.45,photon_geometry,0.9706165907793516,0.1254352577017825,7.737988573252303,-0.9512287245271754,162.03195708172953,2,0.0148229510244567,central,one_sided_backward,one_sided,,27,9.706165907793515e-11,0.0025,0.2625,0.9708439602254455,0.1254609914139218,7.738213681274287,-0.9512317730642358,162.03252330091595,2,0.014835981955950263,central,one_sided_backward,one_sided,,27,9.708439602254456e-11,0.0025,0.2625,2.5733712139319742e-05,0.00022736944609391685,0.00022510802198372204,3.048537060346135e-06,0
0.00125,-0.45,redshift,0.4219580702976269,0.1043520472536392,4.043601265167427,-0.8300863041676906,146.10760454777855,2,0.0019388336232851,central,one_sided_backward,one_sided,,9,4.2195807029762685e-11,0.0025,0.2625,0.4220678702507017,0.10445451520952116,4.040685741579409,-0.8299729025505458,146.09595454082952,2,0.0019436542906860839,central,one_sided_backward,one_sided,,9,4.220678702507017e-11,0.0025,0.2625,0.00010246795588196578,0.00010979995307480728,0.002915523588018054,0.00011340161714479269,0
0.00125,-0.45,timing,1.3266015543658602,0.3105707173827715,4.271495927064023,-0.8958868054952805,153.62256531929202,2,0.1697469634634305,central,one_sided_backward,one_sided,,17,1.3266015543658603e-10,0.0025,0.2625,1.3267214367394577,0.3108831210614484,4.267589157653951,-0.8956965485079423,153.59803988073466,2,0.1701193753499674,central,one_sided_backward,one_sided,,17,1.326721436739458e-10,0.0025,0.2625,0.0003124036786769091,0.00011988237359750187,0.003906769410071398,0.00019025698733821095,0
0.00125,-0.45,all_shooting,1.8694834137450889,0.4713648737939238,3.9661067628947015,-0.8710693407796748,150.58314256037073,2,0.7765289727782123,central,one_sided_backward,one_sided,,71,1.869483413745089e-10,0.0025,0.2625,1.8696844407823063,0.4719340780554155,3.961749167354607,-0.8708414569122104,150.55656992567185,2,0.7785729394448406,central,one_sided_backward,one_sided,,71,1.8696844407823064e-10,0.0025,0.2625,0.000569204261491707,0.00020102703721747162,0.004357595540094739,0.0002278838674644179,0
0.00125,-0.45,ringdown_only,1.512628222268845,0.1675213127176726,9.02946734197404,-0.9127570199959032,155.88917579955117,2,0.0642102754956101,central,one_sided_backward,one_sided,,4,1.512628222268845e-10,0.0025,0.2625,1.512628222268845,0.1675213127176726,9.029467341974039,-0.9127570199959033,155.88917579955117,2,0.06421027549561019,central,one_sided_backward,one_sided,,4,1.512628222268845e-10,0.0025,0.2625,0.0,0.0,1.7763568394002505e-15,1.1102230246251565e-16,0
0.00125,-0.45,ringdown_plus_photon_geometry,1.6775663417864457,0.6780186340322403,2.474218638814986,-0.6376862469941483,129.6195043366901,2,1.293727076194262,central,one_sided_backward,one_sided,,31,1.6775663417864455e-10,0.0025,0.2625,1.6776529824512452,0.6781345404594068,2.4739235098019163,-0.6376734000238726,129.61854876650048,2,1.2943031184710403,central,one_sided_backward,one_sided,,31,1.6776529824512452e-10,0.0025,0.2625,0.00011590642716652333,8.664066479946442e-05,0.000295129013069495,1.2846970275703917e-05,0
0.00125,-0.45,ringdown_plus_all_shooting,2.280771410749183,0.9117797867044384,2.5014498500705584,-0.7153653367976256,135.6731478409654,2,4.324575077407848,central,one_sided_backward,one_sided,,75,2.2807714107491834e-10,0.0025,0.2625,2.2810292039874973,0.9118415332219111,2.501563178338327,-0.7153613459829302,135.67282060523576,2,4.32613861736975,central,one_sided_backward,one_sided,,75,2.2810292039874973e-10,0.0025,0.2625,6.174651747270499e-05,0.00025779323831409684,0.00011332826776877525,3.990814695375988e-06,0
0.0015,-0.7125,orbital,26.321793213918877,2.638086381281256,9.977608542573575,-0.9801096332443732,168.55326782173654,2,4821.797525980714,central,one_sided_forward,one_sided,,18,2.6321793213918875e-09,0.0025,0.2625,26.317815025777,2.63810095176169,9.976045461111829,-0.9801034653086073,168.55148723499775,2,4820.393382118447,central,one_sided_forward,one_sided,,18,2.6317815025777e-09,0.0025,0.2625,1.4570480434183963e-05,0.0039781881418754494,0.0015630814617466626,6.1679357659105705e-06,0
0.0015,-0.7125,photon_geometry,27.33718005523196,4.182224373252931,6.536516842583728,-0.9526272067918012,162.2935420336044,2,13071.399370568744,central,one_sided_forward,one_sided,,27,2.7337180055231963e-09,0.0025,0.2625,27.36162632311241,4.1913049058794805,6.528187983825767,-0.9525042762222239,162.27039828381567,2,13151.713100321294,central,one_sided_forward,one_sided,,27,2.736162632311241e-09,0.0025,0.2625,0.009080532626549065,0.024446267880449568,0.0083288587579613,0.00012293056957735082,0
0.0015,-0.7125,redshift,11.793745460561713,0.9989727133395748,11.805873476899198,-0.9833418242025476,169.52736228803843,2,138.8068031753549,central,one_sided_forward,one_sided,,9,1.179374546056171e-09,0.0025,0.2625,11.796812566335992,0.9985702795152155,11.813702859315113,-0.9833671698472323,169.53535469099916,2,138.767137699412,central,one_sided_forward,one_sided,,9,1.1796812566335993e-09,0.0025,0.2625,0.0004024338243593384,0.0030671057742797103,0.00782938241591502,2.534564468470446e-05,0
0.0015,-0.7125,timing,19.421280279385662,3.827497149933155,5.074146241944256,-0.9234725527767248,157.43914456311285,2,5525.67660238114,central,one_sided_forward,one_sided,,17,1.942128027938566e-09,0.0025,0.2625,19.420562738494,3.8292970055463793,5.07157389734072,-0.9233901485224859,157.426841636238,2,5530.465970022139,central,one_sided_forward,one_sided,,17,1.9420562738494e-09,0.0025,0.2625,0.001799855613224377,0.0007175408916637593,0.0025723446035357256,8.240425423888809e-05,0
0.0015,-0.7125,all_shooting,44.1643861635714,6.785421668582738,6.508716527973118,-0.9530991103696712,162.38265914410377,2,89804.49599955158,central,one_sided_forward,one_sided,,71,4.4164386163571406e-09,0.0025,0.2625,44.17758796939502,6.79242367595057,6.503950589214764,-0.9530294770921417,162.36948174953184,2,90043.74199542833,central,one_sided_forward,one_sided,,71,4.417758796939502e-09,0.0025,0.2625,0.007002007367831631,0.01320180582361985,0.004765938758354515,6.963327752951276e-05,0
0.0015,-0.7125,ringdown_only,2.442190312862936,0.5386069093387829,4.53427215752036,-0.7436598728358622,138.04412093380705,2,1.7302260608446405,central,one_sided_forward,one_sided,,4,2.442190312862936e-10,0.0025,0.2625,2.442190312862936,0.5386069093387829,4.53427215752036,-0.7436598728358622,138.04412093380705,2,1.7302260608446403,central,one_sided_forward,one_sided,,4,2.442190312862936e-10,0.0025,0.2625,0.0,0.0,0.0,0.0,0
0.0015,-0.7125,ringdown_plus_photon_geometry,27.412164066089865,4.4317114325284965,6.185457804153542,-0.9473894877462432,161.33205256705315,2,14758.070910144652,central,one_sided_forward,one_sided,,31,2.741216406608986e-09,0.0025,0.2625,27.436529089319457,4.440370966219322,6.178882192061494,-0.9472750359083776,161.31157619071405,2,14842.151050243456,central,one_sided_forward,one_sided,,31,2.7436529089319457e-09,0.0025,0.2625,0.008659533690825505,0.024365023229591998,0.0065756120920488215,0.00011445183786562563,0
0.0015,-0.7125,ringdown_plus_all_shooting,44.21254668125362,6.931093659050246,6.3788701835709976,-0.9512518842805654,162.03625908458338,2,93906.27154258844,central,one_sided_forward,one_sided,,75,4.421254668125362e-09,0.0025,0.2625,44.22572774522091,6.937989227425758,6.374430154834679,-0.9511830675563104,162.02347906019548,2,94149.32668664066,central,one_sided_forward,one_sided,,75,4.422572774522091e-09,0.0025,0.2625,0.0068955683755120845,0.013181063967287798,0.0044400287363188795,6.881672425496088e-05,0
0.0015,-0.69,orbital,14.623396361967462,0.6729233578979238,21.73114692830397,-0.993564971377834,173.49651656486276,2,96.83396386115412,central,central,central,,18,1.4623396361967462e-09,0.0025,0.2625,14.622302148561506,0.6730401070366525,21.72575154984813,-0.9935614896228657,173.49475551418334,2,96.85307135505161,central,central,central,,18,1.4622302148561507e-09,0.0025,0.2625,0.00011674913872872228,0.0010942134059561681,0.005395378455840927,3.481754968226447e-06,0
0.0015,-0.69,photon_geometry,17.747286148246292,1.3722759476816873,12.932738621724315,-0.9801022751011116,168.55114367212903,2,593.1257872215062,central,central,central,,27,1.774728614824629e-09,0.0025,0.2625,17.757021952089772,1.3719605065213893,12.942808388204092,-0.9801269800464333,168.55827703832958,2,593.5037712962785,central,central,central,,27,1.7757021952089774e-09,0.0025,0.2625,0.00031544116029791347,0.009735803843479829,0.010069766479777087,2.4704945321696314e-05,0
0.0015,-0.69,redshift,9.05287722709054,0.3612086724554025,25.06273497131572,-0.99485906359305,174.1877407357226,2,10.692754584242596,central,central,central,,9,9.052877227090539e-10,0.0025,0.2625,9.053930482512419,0.36148209613616866,25.046691327976156,-0.9948522086188863,174.1838636366217,2,10.711440880094495,central,central,central,,9,9.053930482512419e-10,0.0025,0.2625,0.0002734236807661605,0.0010532554218780632,0.01604364333956454,6.854974163639227e-06,0
0.0015,-0.69,timing,12.4651456353822,2.65424467448134,4.696306167711531,-0.8684215586369579,150.27572932484247,2,1094.653381866798,central,central,central,,17,1.24651456353822e-09,0.0025,0.2625,12.4617331258409,2.6600113005270623,4.684842174682377,-0.8677707147280355,150.20060658400905,2,1098.8131699677576,central,central,central,,17,1.24617331258409e-09,0.0025,0.2625,0.005766626045722312,0.003412509541300679,0.011463993029154018,0.0006508439089224494,0
0.0015,-0.69,all_shooting,27.676756111028087,3.106920239872612,8.9080999749652,-0.9604623354384316,163.83467133436176,2,7394.189593286156,central,central,central,,71,2.767675611102809e-09,0.0025,0.2625,27.681215875327634,3.111892369294689,8.89529989804936,-0.9603412532538267,163.8097717150875,2,7420.26575727741,central,central,central,,71,2.7681215875327634e-09,0.0025,0.2625,0.004972129422077032,0.0044597642995469755,0.012800076915839398,0.00012108218460493703,0
0.0015,-0.69,ringdown_only,2.353049440087648,0.5222245440318107,4.505819320403896,-0.7436698550718802,138.0449764237111,2,1.509999012494459,central,central,central,,4,2.3530494400876477e-10,0.0025,0.2625,2.353049440087648,0.5222245440318107,4.505819320403896,-0.7436698550718802,138.0449764237111,2,1.509999012494459,central,central,central,,4,2.353049440087648e-10,0.0025,0.2625,0.0,0.0,0.0,0.0,0
0.0015,-0.69,ringdown_plus_photon_geometry,17.81860368777606,2.2707332877684783,7.847070276266117,-0.9488679928061594,161.59854449721863,2,1637.1165173245367,central,central,central,,31,1.781860368777606e-09,0.0025,0.2625,17.828286921338616,2.2706496494979205,7.851623840463788,-0.948909719591499,161.60611955993403,2,1638.7756008544459,central,central,central,,31,1.7828286921338618e-09,0.0025,0.2625,8.363827055779538e-05,0.00968323356255496,0.004553564197671278,4.172678533953533e-05,0
0.0015,-0.69,ringdown_plus_all_shooting,27.72352387677728,3.587696503594745,7.727388269603988,-0.9485634726367204,161.54335291525695,2,9893.0056720393,central,central,central,,75,2.772352387677728e-09,0.0025,0.2625,27.727967167549927,3.592072292107261,7.719211895728171,-0.9484451067947637,161.5219431017147,2,9920.331826484065,central,central,central,,75,2.772796716754993e-09,0.0025,0.2625,0.004375788512516188,0.0044432907726488224,0.008176373875817156,0.0001183658419566802,0
0.0015,-0.6666666666666666,orbital,7.822885491207336,0.4438807241908964,17.623845922723614,-0.9911426935435274,172.36850640138752,2,12.057756750629515,central,central,central,,18,7.822885491207335e-10,0.0025,0.2625,7.822394678782578,0.4455691229954378,17.55596219548335,-0.9910741604966129,172.3389952113385,2,12.148135405479637,central,central,central,,18,7.822394678782578e-10,0.0025,0.2625,0.0016883988045414133,0.0004908124247577916,0.06788372724026459,6.853304691445405e-05,0
0.0015,-0.6666666666666666,photon_geometry,10.557148923499025,1.0521699826640378,10.033691416256612,-0.9676241683603848,165.38069136802682,2,123.38578008638366,central,central,central,,27,1.0557148923499026e-09,0.0025,0.2625,10.544510202398063,1.052934084320208,10.014406751022575,-0.9674771982413519,165.3473651361674,2,123.26937427070638,central,central,central,,27,1.0544510202398063e-09,0.0025,0.2625,0.0007641016561701353,0.012638721100961092,0.01928466523403749,0.00014697011903286317,0
0.0015,-0.6666666666666666,redshift,6.280082474168517,0.3328108562656989,18.86982457433668,-0.9909497654978804,172.2857158777948,2,4.368432841545649,central,central,central,,9,6.280082474168517e-10,0.0025,0.2625,6.280978465171954,0.3332136649113569,18.8497025379882,-0.9909316446441395,172.2779850681573,2,4.380263283699239,central,central,central,,9,6.280978465171954e-10,0.0025,0.2625,0.0004028086456580038,0.0008959910034365137,0.020122036348478645,1.812085374086614e-05,0
0.0015,-0.6666666666666666,timing,7.243894427271222,2.1540369042281564,3.362938867506026,-0.7797997248784025,141.24224205739336,2,243.47282998718265,central,central,central,,17,7.243894427271223e-10,0.0025,0.2625,7.243110257712178,2.153980191039509,3.3626633558856733,-0.7798622394911462,141.24796391037708,2,243.40730201707223,central,central,central,,17,7.243110257712179e-10,0.0025,0.2625,5.671318864752806e-05,0.0007841695590435904,0.00027551162035255317,6.251461274364711e-05,0
0.0015,-0.6666666666666666,all_shooting,16.259681200535493,2.498373517869961,6.508106607853421,-0.9307076572435544,158.54539582202833,2,1650.208379816016,central,central,central,,71,1.6259681200535492e-09,0.0025,0.2625,16.25120081411966,2.499245234620424,6.502443453328352,-0.9305855152114463,158.52627077541,2,1649.6380263814324,central,central,central,,71,1.625120081411966e-09,0.0025,0.2625,0.0008717167504630474,0.008480386415833152,0.005663154525068492,0.00012214203210814123,0
0.0015,-0.6666666666666666,ringdown_only,2.2633003226571207,0.4693251657679353,4.822456769292961,-0.7696038348568509,140.31832688808936,2,1.1283193994034892,central,central,central,,4,2.2633003226571208e-10,0.0025,0.2625,2.2633003226571207,0.4693251657679353,4.822456769292961,-0.7696038348568509,140.31832688808936,2,1.1283193994034892,central,central,central,,4,2.2633003226571208e-10,0.0025,0.2625,0.0,0.0,0.0,0.0,0
0.0015,-0.6666666666666666,ringdown_plus_photon_geometry,10.669475410514698,2.0163194170420824,5.291560117080406,-0.8978363577179744,153.87510762395155,2,462.8121997509717,central,central,central,,31,1.0669475410514701e-09,0.0025,0.2625,10.656918205678114,2.0169914262706765,5.283571395929164,-0.8975010759474533,153.83151446857875,2,462.0312698879056,central,central,central,,31,1.0656918205678114e-09,0.0025,0.2625,0.000672009228594117,0.01255720483658429,0.00798872115124194,0.00033528177052111197,0
0.0015,-0.6666666666666666,ringdown_plus_all_shooting,16.335403832009,3.0193507720683304,5.4102371884465885,-0.9045636291030756,154.76457521716378,2,2432.690675303604,central,central,central,,75,1.6335403832009e-09,0.0025,0.2625,16.326956789153733,3.0201044866835867,5.406090041302698,-0.9044202845156465,154.74531796062223,2,2431.3888667387673,central,central,central,,75,1.6326956789153734e-09,0.0025,0.2625,0.0007537146152563068,0.008447042855266318,0.004147147143890528,0.00014334458742915057,0
0.0015,-0.64,orbital,5.845569497385664,0.2263461329177212,25.82579795834453,-0.9958694872118372,174.79058186750294,2,1.7506519603473527,central,central,central,,18,5.845569497385663e-10,0.0025,0.2625,5.845792906833182,0.226388426828208,25.82196002125669,-0.9958682617155546,174.7898085916781,2,1.7514401251581695,central,central,central,,18,5.845792906833182e-10,0.0025,0.2625,4.229391048679587e-05,0.000223409447518641,0.00383793708784097,1.2254962825641869e-06,0
0.0015,-0.64,photon_geometry,7.524975229131813,0.7799313226613224,9.648253648096476,-0.966928449816576,165.22358331084163,2,34.444737065246045,central,central,central,,27,7.524975229131813e-10,0.0025,0.2625,7.518541196145229,0.7812954560156385,9.623172819265362,-0.966769798143122,165.18798457554092,2,34.50624998756066,central,central,central,,27,7.518541196145229e-10,0.0025,0.2625,0.001364133354316177,0.006434032986583738,0.025080828831114843,0.0001586516734539689,0
0.0015,-0.64,redshift,4.472436670547075,0.283747571202893,15.762026267174882,-0.987058419103217,170.77214455538382,2,1.6104702440386909,central,central,central,,9,4.472436670547075e-10,0.0025,0.2625,4.471857734596564,0.2839493152454836,15.74878858478843,-0.9870322505560816,170.76279942607954,2,1.6123436396859148,central,central,central,,9,4.471857734596564e-10,0.0025,0.2625,0.0002017440425906014,0.0005789359505108393,0.01323768238645151,2.6168547135441145e-05,0
0.0015,-0.64,timing,5.183160111048,1.6954454185410566,3.057108211426911,-0.7726364351728621,140.59123234577,2,77.22481481726592,central,central,central,,17,5.183160111048e-10,0.0025,0.2625,5.183888878762586,1.6971479769621076,3.0544707645598113,-0.7722980388113632,140.5607016102771,2,77.40175153563446,central,central,central,,17,5.183888878762586e-10,0.0025,0.2625,0.001702558421051048,0.000728767714585743,0.0026374468670997686,0.00033839636149890495,0
0.0015,-0.64,all_shooting,11.72524153661008,1.948604027541398,6.017252028060368,-0.9241466120389936,157.5400211849823,2,522.0243813236391,central,central,central,,71,1.172524153661008e-09,0.0025,0.2625,11.721336698500313,1.9506026537100498,6.009084769881918,-0.9239605419625153,157.51213192405675,2,522.7474273206794,central,central,central,,71,1.1721336698500313e-09,0.0025,0.2625,0.0019986261686517626,0.0039048381097668283,0.008167258178450432,0.0001860700764783063,0
0.0015,-0.64,ringdown_only,2.16379635222248,0.4161186124923008,5.199950896843181,-0.7971353809379695,142.85741554852797,2,0.810712841210056,central,central,central,,4,2.16379635222248e-10,0.0025,0.2625,2.16379635222248,0.41611861249230087,5.199950896843181,-0.7971353809379695,142.85741554852797,2,0.810712841210056,central,central,central,,4,2.16379635222248e-10,0.0025,0.2625,5.551115123125783e-17,0.0,0.0,0.0,0
0.0015,-0.64,ringdown_plus_photon_geometry,7.676203320971543,1.77893704098118,4.3150505859036485,-0.86405502292286,149.7749757671703,2,186.47220017151616,central,central,central,,31,7.676203320971542e-10,0.0025,0.2625,7.6699341055672,1.779371933445764,4.31047267937644,-0.8638426235710803,149.7508096037663,2,186.25877302190418,central,central,central,,31,7.6699341055672e-10,0.0025,0.2625,0.00043489246458405795,0.006269215404342887,0.004577906527208242,0.0002123993517796352,0
0.0015,-0.64,ringdown_plus_all_shooting,11.825920686169496,2.506215478760576,4.718636839645522,-0.8854099024983005,152.30200631556275,2,878.4291513863102,central,central,central,,75,1.1825920686169495e-09,0.0025,0.2625,11.822058355876912,2.5077261206251493,4.714254183758232,-0.8852285496132923,152.27965982244106,2,878.9140454966968,central,central,central,,75,1.1822058355876913e-09,0.0025,0.2625,0.00151064186457317,0.003862330292584204,0.004382655887289921,0.00018135288500820135,0
0.0015,-0.61,orbital,4.59393131831724,0.1396956403575296,32.88528766223322,-0.9974092631171722,175.87481822211586,2,0.4118458570318676,central,central,central,,18,4.59393131831724e-10,0.0025,0.2625,4.59448965900561,0.13969576782431034,32.889254488968575,-0.9974098100815125,175.87525389382188,2,0.4119467253494283,central,central,central,,18,4.5944896590056104e-10,0.0025,0.2625,1.27466780741603e-07,0.0005583406883706843,0.0039668267353576425,5.469643403754887e-07,0
0.0015,-0.61,photon_geometry,5.631768749185738,0.529933643693438,10.627309317322128,-0.9734862304409536,166.77676753476442,2,8.907023777739795,central,central,central,,27,5.631768749185737e-10,0.0025,0.2625,5.634867192348774,0.5297287251711231,10.637269463777882,-0.9735493801763592,166.7925944666244,2,8.909932557839397,central,central,central,,27,5.634867192348774e-10,0.0025,0.2625,0.0002049185223148564,0.003098443163035647,0.009960146455753716,6.314973540555435e-05,0
0.0015,-0.61,redshift,3.132147270502558,0.225519547457369,13.888584407942028,-0.9832233005425448,169.49006723644118,2,0.4989450641525613,central,central,central,,9,3.1321472705025576e-10,0.0025,0.2625,3.1309775308990955,0.22575580054655076,13.868868588621222,-0.9831756662117902,169.47511527080746,2,0.4996176101046146,central,central,central,,9,3.1309775308990954e-10,0.0025,0.2625,0.0002362530891817649,0.0011697396034624497,0.01971581932080646,4.763433075460899e-05,0
0.0015,-0.61,timing,4.097440314193447,1.26916090976021,3.228464005377852,-0.8091553441646265,144.0134881634374,2,27.04323529600795,central,central,central,,17,4.0974403141934467e-10,0.0025,0.2625,4.098070364337782,1.2705870511734014,3.2253361629596085,-0.8088530068439789,143.98401798921805,2,27.11238182710909,central,central,central,,17,4.0980703643377824e-10,0.0025,0.2625,0.0014261414131915284,0.000630050144335037,0.0031278424182437092,0.00030233732064766095,0
0.0015,-0.61,all_shooting,8.897301880119823,1.490093999730724,5.970966852915091,-0.926197441853264,157.84961725514472,2,175.76968894415435,central,central,central,,71,8.897301880119822e-10,0.0025,0.2625,8.89942595131192,1.4912970244729677,5.9675744035344165,-0.9261337351114557,157.83993822555018,2,176.13768752387256,central,central,central,,71,8.899425951311921e-10,0.0025,0.2625,0.0012030247422436524,0.0021240711920977873,0.0033924493806747336,6.370674180833369e-05,0
0.0015,-0.61,ringdown_only,2.0553766736660357,0.3639788295310937,5.646967644557608,-0.8252511517205303,145.61396252356857,2,0.5596739524100431,central,central,central,,4,2.0553766736660355e-10,0.0025,0.2625,2.0553766736660353,0.3639788295310937,5.646967644557608,-0.8252511517205303,145.61396252356857,2,0.5596739524100431,central,central,central,,4,2.0553766736660353e-10,0.0025,0.2625,0.0,4.440892098500626e-16,0.0,0.0,0
0.0015,-0.61,ringdown_plus_photon_geometry,5.821769752764954,1.568980470181728,3.710543160610944,-0.8337750722818238,146.4885049671647,2,83.43439598655027,central,central,central,,31,5.821769752764955e-10,0.0025,0.2625,5.824823557398663,1.5687017504455238,3.713149141157244,-0.8340154909952047,146.51346313362046,2,83.492278147829,central,central,central,,31,5.824823557398663e-10,0.0025,0.2625,0.00027871973620419155,0.0030538046337085234,0.002605980546300124,0.0002404187133808744,0
0.0015,-0.61,ringdown_plus_all_shooting,9.022177252807293,2.083202427019799,4.330917214662762,-0.8731153037423869,150.82270117475971,2,353.25283506688083,central,central,central,,75,9.022177252807291e-10,0.0025,0.2625,9.024291746645323,2.083977305181704,4.330321507919918,-0.8731023499602628,150.82117879847772,2,353.681402951133,central,central,central,,75,9.024291746645324e-10,0.0025,0.2625,0.0007748781619048017,0.00211449383803064,0.0005957067428434826,1.2953782124069946e-05,0
0.0015,-0.58,orbital,3.549209370224736,0.101119788956739,35.09905832322448,-0.9976641523198506,176.083082149425,2,0.1288058381425166,central,central,central,,18,3.549209370224736e-10,0.0025,0.2625,3.5495294793779735,0.10114498716579726,35.09347896361459,-0.9976634080070887,176.0824578972734,2,0.12889328788374635,central,central,central,,18,3.549529479377974e-10,0.0025,0.2625,2.5198209058260868e-05,0.0003201091532374356,0.005579359609896528,7.44312761868926e-07,0
0.0015,-0.58,photon_geometry,4.222364855227115,0.3639867338870803,11.600326226551488,-0.9777335865057823,167.88643641028693,2,2.3620148667508984,central,central,central,,27,4.2223648552271144e-10,0.0025,0.2625,4.223564582099802,0.36398871938584637,11.603559003768495,-0.9777409913363138,167.88845833244392,2,2.3633831091533617,central,central,central,,27,4.223564582099802e-10,0.0025,0.2625,1.9854987660661294e-06,0.0011997268726871013,0.003232777217007765,7.404830531410056e-06,0
0.0015,-0.58,redshift,2.194445785326947,0.1822593217863479,12.04023895084702,-0.9774186797070612,167.80075522481567,2,0.1599665621716734,central,central,central,,9,2.1944457853269469e-10,0.0025,0.2625,2.1944960897437933,0.1824447053663549,12.028280488256284,-0.9773806738187913,167.79045447111278,2,0.1602994940367822,central,central,central,,9,2.1944960897437932e-10,0.0025,0.2625,0.00018538358000699806,5.030441684628073e-05,0.011958462590735408,3.800588826985418e-05,0
0.0015,-0.58,timing,3.3354142304922862,0.956482452166606,3.48716719573576,-0.8399414555010531,147.1339379833019,2,10.177791932583109,central,central,central,,17,3.3354142304922864e-10,0.0025,0.2625,3.33540395488145,0.9580209380184511,3.481556427963176,-0.8395022492502392,147.08759563885886,2,10.210496964744978,central,central,central,,17,3.33540395488145e-10,0.0025,0.2625,0.0015384858518451283,1.0275610836441018e-05,0.005610767772584069,0.0004392062508139505,0
0.0015,-0.58,all_shooting,6.789396539529784,1.1664972537146765,5.820327924398579,-0.9243725796684968,157.5739347417887,2,62.723428732211474,central,central,central,,71,6.789396539529784e-10,0.0025,0.2625,6.79026931862628,1.168092804219871,5.813124859682076,-0.9241973166152374,157.54762677571446,2,62.911305385990204,central,central,central,,71,6.790269318626281e-10,0.0025,0.2625,0.001595550505194554,0.0008727790964959681,0.007203064716502894,0.00017526305325943348,0
0.0015,-0.58,ringdown_only,1.9503904608608265,0.3189260708499114,6.115493962795823,-0.8500300763103733,148.2149407984181,2,0.3869217766061439,central,central,central,,4,1.9503904608608263e-10,0.0025,0.2625,1.9503904608608265,0.3189260708499114,6.115493962795823,-0.8500300763103733,148.2149407984181,2,0.38692177660614396,central,central,central,,4,1.9503904608608266e-10,0.0025,0.2625,0.0,0.0,0.0,0.0,0
0.0015,-0.58,ringdown_plus_photon_geometry,4.457935763563119,1.411877058929869,3.157453218300754,-0.7919816100979935,142.37108356151847,2,39.61515647440671,central,central,central,,31,4.45793576356312e-10,0.0025,0.2625,4.4590285307737,1.4120151972407504,3.1579182288456837,-0.791999880123403,142.37279812106812,2,39.642336553094964,central,central,central,,31,4.4590285307736997e-10,0.0025,0.2625,0.00013813831088138606,0.00109276721058027,0.00046501054492953386,1.827002540955025e-05,0
0.0015,-0.58,ringdown_plus_all_shooting,6.941693579252691,1.7819226285530831,3.8956200836224464,-0.8527398625516103,148.51093433737458,2,153.00603610060517,central,central,central,,75,6.94169357925269e-10,0.0025,0.2625,6.942548942145884,1.7829607940561554,3.893831521865323,-0.8526185318118598,148.497627914052,2,153.22212706393626,central,central,central,,75,6.942548942145884e-10,0.0025,0.2625,0.0010381655030722303,0.0008553628931933233,0.0017885617571233858,0.00012133073975051367,0
0.0015,-0.55,orbital,2.6553515761637523,0.0832409741988993,31.89957351795219,-0.9971024010117728,175.63723626692877,2,0.0488560521614193,central,central,central,,18,2.6553515761637525e-10,0.0025,0.2625,2.655912365883861,0.08299258663586892,32.0018024927541,-0.9971215483376029,175.65168166950556,2,0.04858543360632931,central,central,central,,18,2.655912365883861e-10,0.0025,0.2625,0.000248387563030375,0.0005607897201085343,0.10222897480191051,1.9147325830082274e-05,0
0.0015,-0.55,photon_geometry,3.1059593786726607,0.261008977421213,11.899818195373038,-0.978649538361691,168.139117418974,2,0.6572073826428586,central,central,central,,27,3.1059593786726606e-10,0.0025,0.2625,3.106473266926497,0.2610876737598974,11.898199643784356,-0.9786440741029485,168.13759428421423,2,0.6578213713385409,central,central,central,,27,3.1064732669264974e-10,0.0025,0.2625,7.869633868440307e-05,0.0005138882538364697,0.0016185515886828483,5.464258742482464e-06,0
0.0015,-0.55,redshift,1.5258084965697234,0.1525397397454188,10.002695029611436,-0.9670125003939548,165.24247685080556,2,0.0541709011283858,central,central,central,,9,1.5258084965697235e-10,0.0025,0.2625,1.5260103229652744,0.15270833561799146,9.992973316025626,-0.9669557673382857,165.22972136300746,2,0.05430507658506199,central,central,central,,9,1.5260103229652744e-10,0.0025,0.2625,0.0001685958725726744,0.0002018263955509969,0.009721713585809866,5.6733055669111465e-05,0
0.0015,-0.55,timing,2.719654923138187,0.7269626018864163,3.7411208170556174,-0.8623757858646854,149.58439175292168,2,3.908874662991805,central,central,central,,17,2.7196549231381873e-10,0.0025,0.2625,2.7181204133090655,0.7280395624195576,3.733478994294895,-0.8618660353153295,149.5267513018896,2,3.9160420291531928,central,central,central,,17,2.7181204133090657e-10,0.0025,0.2625,0.0010769605331413246,0.001534509829121511,0.007641822760722228,0.0005097505493559806,0
0.0015,-0.55,all_shooting,5.116954616065217,0.9306252328978076,5.498405195969055,-0.917811179192832,156.6081602112652,2,22.676330483415335,central,central,central,,71,5.116954616065218e-10,0.0025,0.2625,5.116802652428759,0.9314930700584916,5.493119398201704,-0.9176610532444501,156.58650415295645,2,22.71729359978545,central,central,central,,71,5.116802652428759e-10,0.0025,0.2625,0.0008678371606839486,0.0001519636364584187,0.005285797767351497,0.00015012594838181847,0
0.0015,-0.55,ringdown_only,1.8486934935310728,0.2799084190896288,6.604636972134471,-0.8715154337688773,150.63522307220512,2,0.2677698949499056,central,central,central,,4,1.8486934935310728e-10,0.0025,0.2625,1.8486934935310726,0.2799084190896288,6.604636972134471,-0.8715154337688773,150.63522307220512,2,0.26776989494990566,central,central,central,,4,1.8486934935310726e-10,0.0025,0.2625,0.0,2.220446049250313e-16,0.0,0.0,0
0.0015,-0.55,ringdown_plus_photon_geometry,3.4055795204959605,1.270099930690104,2.6813476941499808,-0.7414635963704433,137.85624120893004,2,18.70931278868715,central,central,central,,31,3.4055795204959606e-10,0.0025,0.2625,3.4060367796012088,1.2701467409805653,2.6816088800666575,-0.7414967228040719,137.8590699364139,2,18.71571671784697,central,central,central,,31,3.406036779601209e-10,0.0025,0.2625,4.6810290461385407e-05,0.0004572591052482977,0.00026118591667678714,3.3126433628516416e-05,0
0.0015,-0.55,ringdown_plus_all_shooting,5.305778475927641,1.547261770826635,3.4291408060143524,-0.8237591115587904,145.46288518782427,2,67.39471137551382,central,central,central,,75,5.305778475927642e-10,0.0025,0.2625,5.305630663461843,1.5477882098348559,3.4278789757856707,-0.8236435224585835,145.4512053145409,2,67.43682224310464,central,central,central,,75,5.305630663461843e-10,0.0025,0.2625,0.0005264390082209136,0.00014781246579875784,0.0012618302286817595,0.00011558910020692537,0
0.0015,-0.525,orbital,2.0446068147976253,0.0743740680548573,27.490856265782703,-0.9960347388421332,174.89592390873543,2,0.0231239851422692,central,central,central,,18,2.0446068147976252e-10,0.0025,0.2625,2.044718220016467,0.07388860145093971,27.67298581736063,-0.9960853081090529,174.92859607328288,2,0.022825580251777385,central,central,central,,18,2.0447182200164668e-10,0.0025,0.2625,0.00048546660391758645,0.00011140521884156485,0.1821295515779262,5.0569266919708866e-05,0
0.0015,-0.525,photon_geometry,2.371652871967006,0.2058530138340276,11.52109861203776,-0.9770214631592844,167.69351681230555,2,0.2383508509654289,central,central,central,,27,2.371652871967006e-10,0.0025,0.2625,2.37210722379975,0.20590986288476967,11.520124342597507,-0.9770178908866239,167.69255656372786,2,0.23857390048425656,central,central,central,,27,2.37210722379975e-10,0.0025,0.2625,5.6849050742074914e-05,0.0004543518327442264,0.0009742694402525842,3.57227266045701e-06,0
0.0015,-0.525,redshift,1.120422838003276,0.1349058907732892,8.305218041858222,-0.952169837675614,162.20758206494955,2,0.0228468185780716,central,central,central,,9,1.1204228380032762e-10,0.0025,0.2625,1.1205862631204384,0.13505424845050534,8.29730479401476,-0.9520941169957963,162.19338953437628,2,0.022903776104291857,central,central,central,,9,1.1205862631204385e-10,0.0025,0.2625,0.00014835767721613213,0.00016342511716249675,0.00791324784346159,7.572067981775898e-05,0
0.0015,-0.525,timing,2.295388335027295,0.5807425337941091,3.952505975463956,-0.8772721288593571,151.31503258703844,2,1.7769680150537623,central,central,central,,17,2.2953883350272947e-10,0.0025,0.2625,2.2940948543248956,0.5818135015752868,3.9430072490815844,-0.8767422825003229,151.25184961880544,2,1.7815184816096974,central,central,central,,17,2.2940948543248957e-10,0.0025,0.2625,0.0010709677811776563,0.0012934807023992079,0.009498726382371814,0.0005298463590341917,0
0.0015,-0.525,all_shooting,4.016128559784446,0.776781284040217,5.170217978084698,-0.9100140024617696,155.50728663648457,2,9.73223795719187,central,central,central,,71,4.016128559784445e-10,0.0025,0.2625,4.015700681636108,0.7778837235790258,5.162340539997364,-0.9097566340887668,155.47174180208089,2,9.757802810817806,central,central,central,,71,4.0157006816361085e-10,0.0025,0.2625,0.0011024395388088415,0.00042787814833733506,0.007877438087334099,0.00025736837300271986,0
0.0015,-0.525,ringdown_only,1.7664040301273265,0.251514369138032,7.023074014343559,-0.8869183152262975,152.48852217785975,2,0.1973811599823472,central,central,central,,4,1.7664040301273264e-10,0.0025,0.2625,1.7664040301273263,0.25151436913803205,7.023074014343559,-0.8869183152262975,152.48852217785975,2,0.19738115998234723,central,central,central,,4,1.7664040301273264e-10,0.0025,0.2625,5.551115123125783e-17,2.220446049250313e-16,0.0,0.0,0
0.0015,-0.525,ringdown_plus_photon_geometry,2.7462659164374386,1.1439313791311527,2.400726098206435,-0.7013445086342431,134.53497389541448,2,9.869272046389652,central,central,central,,31,2.7462659164374387e-10,0.0025,0.2625,2.7466352290704457,1.1439970047156094,2.400911206715303,-0.7013760551695272,134.53750962169795,2,9.873059333846165,central,central,central,,31,2.7466352290704455e-10,0.0025,0.2625,6.562558445666333e-05,0.0003693126330071017,0.00018510850886777064,3.154653528403273e-05,0
0.0015,-0.525,ringdown_plus_all_shooting,4.245084088261844,1.376728561144327,3.0834575587894832,-0.7965742707518298,142.80420335864798,2,34.156175718414815,central,central,central,,75,4.2450840882618446e-10,0.0025,0.2625,4.244684734613288,1.3773341029596882,3.081811976841411,-0.7963876929169728,142.78652390333428,2,34.17979711265416,central,central,central,,75,4.244684734613288e-10,0.0025,0.2625,0.0006055418153612102,0.0003993536485564775,0.0016455819480722944,0.00018657783485709345,0
0.0015,-0.5,orbital,1.5540789514931197,0.0676486029751577,22.97281663102217,-0.9942364983260096,173.84554428685516,2,0.0110525839279457,central,central,central,,18,1.5540789514931198e-10,0.0025,0.2625,1.5540795980917392,0.06713922867730189,23.147117247373664,-0.9943232086700318,173.8920600368311,2,0.010886774147794171,central,central,central,,18,1.5540795980917393e-10,0.0025,0.2625,0.0005093742978558163,6.465986195358653e-07,0.17430061635149485,8.671034402218947e-05,0
0.0015,-0.5,photon_geometry,1.7944224572616991,0.1680725281392776,10.676476858697004,-0.9729944594133648,166.65414794308413,2,0.0909584093930841,central,central,central,,27,1.7944224572616992e-10,0.0025,0.2625,1.7947993567706106,0.16811449501344083,10.676053582572493,-0.9729926192355297,166.65369118550714,2,0.09104207159635766,central,central,central,,27,1.7947993567706106e-10,0.0025,0.2625,4.196687416324618e-05,0.00037689950891151014,0.00042327612451131813,1.8401778351107012e-06,0
0.0015,-0.5,redshift,0.8202969753973561,0.1217125197886617,6.739626924343504,-0.9281921033778912,158.15472814104487,2,0.0099681078385034,central,central,central,,9,8.202969753973562e-11,0.0025,0.2625,0.8204373521107894,0.12184352003194772,6.73353291086525,-0.9280948077331959,158.13975154136642,2,0.009992996216128187,central,central,central,,9,8.204373521107894e-11,0.0025,0.2625,0.00013100024328602244,0.00014037671343325453,0.006094013478254112,9.729564469529439e-05,0
0.0015,-0.5,timing,1.9410450773254269,0.4655112927867875,4.169705670737531,-0.8899309044126692,152.86456564825696,2,0.8164539309159403,central,central,central,,17,1.9410450773254268e-10,0.0025,0.2625,1.9403485132320761,0.46624156117467086,4.161680714056188,-0.8895507686198239,152.8168508511802,2,0.8184298354204484,central,central,central,,17,1.9403485132320763e-10,0.0025,0.2625,0.0007302683878833705,0.0006965640933507267,0.008024956681342843,0.0003801357928453486,0
0.0015,-0.5,all_shooting,3.1491451454576564,0.6502927993448917,4.842657259360893,-0.901204508427786,154.31684896218997,2,4.193756842147426,central,central,central,,71,3.1491451454576566e-10,0.0025,0.2625,3.148897693925955,0.6511362677649327,4.836004151227438,-0.9009688533356279,154.2857123621215,2,4.203982247862309,central,central,central,,71,3.1488976939259553e-10,0.0025,0.2625,0.0008434684200410159,0.00024745153170124823,0.006653108133455099,0.00023565509215806024,0
0.0015,-0.5,ringdown_only,1.6863369063187967,0.2265080211858191,7.444932402351376,-0.900140509816094,154.1765427752834,2,0.1459001914482189,central,central,central,,4,1.686336906318797e-10,0.0025,0.2625,1.6863369063187967,0.22650802118581911,7.444932402351376,-0.900140509816094,154.1765427752834,2,0.14590019144821892,central,central,central,,4,1.686336906318797e-10,0.0025,0.2625,2.7755575615628914e-17,0.0,0.0,0.0,0
0.0015,-0.5,ringdown_plus_photon_geometry,2.2673086133407114,1.0012742016978309,2.264423281351007,-0.67209812914133,132.22920667552955,2,5.15379724214141,central,central,central,,31,2.2673086133407119e-10,0.0025,0.2625,2.2675698819938646,1.0013651132561592,2.2644786122220313,-0.6721186562019333,132.23079504683693,2,5.155921230233148,central,central,central,,31,2.2675698819938645e-10,0.0025,0.2625,9.091155832829934e-05,0.00026126865315312386,5.5330871024494854e-05,2.052706060329257e-05,0
0.0015,-0.5,ringdown_plus_all_shooting,3.428282908857969,1.2173373460738188,2.81621435497312,-0.7706947293385163,140.41631599123355,2,17.417074063846197,central,central,central,,75,3.428282908857969e-10,0.0025,0.2625,3.428103105002558,1.217654414338173,2.8153333693335494,-0.7705839291223945,140.40635417067406,2,17.424320306624875,central,central,central,,75,3.428103105002558e-10,0.0025,0.2625,0.0003170682643540701,0.00017980385541127575,0.0008809856395703974,0.00011080021612186464,0
0.0015,-0.475,orbital,1.1670736744789862,0.0616926732722669,18.917540974896067,-0.9914273398280944,172.49231265913045,2,0.0051839848633497,central,central,central,,18,1.1670736744789862e-10,0.0025,0.2625,1.1671986216938504,0.0614076522665726,19.0073806539127,-0.991506956541742,172.5273067232088,2,0.005137295172926513,central,central,central,,18,1.1671986216938503e-10,0.0025,0.2625,0.00028502100569430255,0.00012494721486411287,0.08983967901663448,7.961671364764555e-05,0
0.0015,-0.475,photon_geometry,1.345281004358425,0.140293014719157,9.589080447458135,-0.9663908625628758,165.10329444123738,2,0.0356203444953968,central,central,central,,27,1.345281004358425e-10,0.0025,0.2625,1.3455820925621889,0.14032416068439738,9.58909774339241,-0.9663912233488278,165.103374851187,2,0.035652115438736684,central,central,central,,27,1.345582092562189e-10,0.0025,0.2625,3.1145965240370055e-05,0.00030108820376395506,1.7295934274130786e-05,3.60785952002729e-07,0
0.0015,-0.475,redshift,0.5975463403438503,0.1106784427682167,5.398940619314949,-0.8923064005723016,153.16451440504875,2,0.0043739041527305,central,central,central,,9,5.975463403438503e-11,0.0025,0.2625,0.5976731158540984,0.1107932839656583,5.394488677123736,-0.8921947349252545,153.15034520226033,2,0.0043848456730832255,central,central,central,,9,5.976731158540984e-11,0.0025,0.2625,0.00011484119744159527,0.00012677551024808942,0.004451942191213476,0.00011166564704712112,0
0.0015,-0.475,timing,1.6459527524023545,0.3719209708740657,4.425544352968691,-0.9022113297759454,154.4502764332033,2,0.3747451861295661,central,central,central,,17,1.6459527524023543e-10,0.0025,0.2625,1.645733900444186,0.37239396356915583,4.419335600048101,-0.9019647577441416,154.41753984933166,2,0.3755990590424052,central,central,central,,17,1.645733900444186e-10,0.0025,0.2625,0.000472992695090102,0.0002188519581685089,0.006208752920589866,0.0002465720318037823,0
0.0015,-0.475,all_shooting,2.47380790732208,0.5407416335029477,4.574842686509351,-0.8938711579056778,153.36379972130095,2,1.789417020934548,central,central,central,,71,2.47380790732208e-10,0.0025,0.2625,2.473834969984103,0.5414348915438586,4.569035000552253,-0.8936449789085417,153.33490857730726,2,1.7940474597782716,central,central,central,,71,2.473834969984103e-10,0.0025,0.2625,0.0006932580409109157,2.7062662022903083e-05,0.00580768595709813,0.00022617899713617273,0
0.0015,-0.475,ringdown_only,1.608541662973992,0.2043190841122449,7.872694173248749,-0.9115688479966207,155.72306303717994,2,0.1080146081442189,central,central,central,,4,1.6085416629739917e-10,0.0025,0.2625,1.608541662973992,0.20431908411224498,7.872694173248749,-0.9115688479966209,155.72306303717994,2,0.10801460814421894,central,central,central,,4,1.608541662973992e-10,0.0025,0.2625,8.326672684688674e-17,0.0,0.0,1.1102230246251565e-16,0
0.0015,-0.475,ringdown_plus_photon_geometry,1.9368074072729664,0.8410664346261683,2.30279955011381,-0.6618317340042003,131.43972130304874,2,2.6535878967964464,central,central,central,,31,1.9368074072729663e-10,0.0025,0.2625,1.9369709241366786,0.8411767035531387,2.302692069282107,-0.6618344123051114,131.43992600535572,2,2.654731945378666,central,central,central,,31,1.9369709241366787e-10,0.0025,0.2625,0.0001102689269704138,0.00016351686371218754,0.00010748083170275535,2.6783009111630562e-06,0
0.0015,-0.475,ringdown_plus_all_shooting,2.814049728542161,1.0594355910012063,2.656178207004334,-0.7514783766844874,138.7186022241048,2,8.88817614765507,central,central,central,,75,2.8140497285421616e-10,0.0025,0.2625,2.8141379799772746,1.0596184217926679,2.6558031854677475,-0.751420499901463,138.71357624313268,2,8.891801829946033,central,central,central,,75,2.8141379799772747e-10,0.0025,0.2625,0.00018283079146153014,8.825143511348443e-05,0.0003750215365863063,5.787678302437982e-05,0
0.0015,-0.45,orbital,0.9727150780749916,0.0602370008872513,16.148132605334585,-0.9859446770877798,170.38237058128854,2,0.003433191096313,central,one_sided_backward,one_sided,,18,9.727150780749916e-11,0.0025,0.2625,0.9727778133596233,0.06022014569719911,16.153694118426355,-0.9859566350424931,170.3864723134457,2,0.0034317126653671845,central,one_sided_backward,one_sided,,18,9.727778133596233e-11,0.0025,0.2625,1.685519005219238e-05,6.273528463174305e-05,0.0055615130917701094,1.1957954713315289e-05,0
0.0015,-0.45,photon_geometry,1.1216678568054166,0.1293908894883526,8.668831795196724,-0.9509777743361484,161.98540593442524,2,0.0210637623431535,central,one_sided_backward,one_sided,,27,1.1216678568054165e-10,0.0025,0.2625,1.1219266208993608,0.12941744630136903,8.669052380208283,-0.9509806066801705,161.98593068397793,2,0.02108213344318389,central,one_sided_backward,one_sided,,27,1.1219266208993608e-10,0.0025,0.2625,2.655681301644286e-05,0.0002587640939442082,0.00022058501155974852,2.8323440220967555e-06,0
0.0015,-0.45,redshift,0.491297509866817,0.1076208323500666,4.565078146475727,-0.8291352763473829,146.01001218036313,2,0.0027956436905921,central,one_sided_backward,one_sided,,9,4.9129750986681695e-11,0.0025,0.2625,0.49141232554914116,0.10772986784135286,4.561523516141446,-0.8290217999245404,145.99838394539768,2,0.00280262082388404,central,one_sided_backward,one_sided,,9,4.914123255491412e-11,0.0025,0.2625,0.00010903549128625512,0.00011481568232418748,0.0035546303342810504,0.00011347642284254,0
0.0015,-0.45,timing,1.4596298120577904,0.3392211884507322,4.302885143242708,-0.8953871905582103,153.55820658753987,2,0.2451610048165629,central,one_sided_backward,one_sided,,17,1.4596298120577903e-10,0.0025,0.2625,1.4596086755075028,0.3395996286107421,4.298027890897797,-0.8951934629923693,153.53329032927672,2,0.24570120437194826,central,one_sided_backward,one_sided,,17,1.459608675507503e-10,0.0025,0.2625,0.00037844016000992964,2.1136550287570444e-05,0.004857252344911522,0.00019372756584090656,0
0.0015,-0.45,all_shooting,2.115339899887411,0.4985646400483425,4.2428598620277205,-0.8705874732706448,150.52697960253468,2,1.112252190062369,central,one_sided_backward,one_sided,,71,2.1153398998874107e-10,0.0025,0.2625,2.1154386195991175,0.4991873359841757,4.237764997440114,-0.8703548303021804,150.49989927916766,2,1.1151363568345216,central,one_sided_backward,one_sided,,71,2.1154386195991175e-10,0.0025,0.2625,0.0006226959358331952,9.871971170660743e-05,0.005094864587606551,0.00023264296846436938,0
0.0015,-0.45,ringdown_only,1.5349682286576154,0.1980998387204009,7.748457740160388,-0.9127570199958884,155.8891757995491,2,0.0924627967137286,central,one_sided_backward,one_sided,,4,1.5349682286576156e-10,0.0025,0.2625,1.5349682286576154,0.19809983872040096,7.748457740160388,-0.9127570199958885,155.88917579954907,2,0.0924627967137286,central,one_sided_backward,one_sided,,4,1.5349682286576156e-10,0.0025,0.2625,5.551115123125783e-17,0.0,0.0,1.1102230246251565e-16,0
0.0015,-0.45,ringdown_plus_photon_geometry,1.7520565014703755,0.774951487525367,2.260859588856553,-0.6382587051032353,129.66209773384574,2,1.8435089373699531,central,one_sided_backward,one_sided,,31,1.7520565014703755e-10,0.0025,0.2625,1.7521714888805915,0.7750705133941962,2.2606607509908554,-0.63824583469572,129.6611398306237,2,1.8443173361659349,central,one_sided_backward,one_sided,,31,1.7521714888805917e-10,0.0025,0.2625,0.0001190258688291701,0.00011498741021598313,0.0001988378656974099,1.2870407515297444e-05,0
0.0015,-0.45,ringdown_plus_all_shooting,2.470908415101296,1.0065844254870846,2.45474532740324,-0.7152582106518054,135.66436445784112,2,6.18605404277429,central,one_sided_backward,one_sided,,75,2.470908415101296e-10,0.0025,0.2625,2.471082208520628,1.0066738684999021,2.454699864418769,-0.7152517100286385,135.66383150939777,2,6.188023839467069,central,one_sided_backward,one_sided,,75,2.471082208520628e-10,0.0025,0.2625,8.944301281754719e-05,0.00017379341933176917,4.54629844708343e-05,6.500623166871833e-06,0
0.00175,-0.7125,orbital,50.62740674133544,3.243438361978133,15.609178005300029,-0.9917495454981796,172.63495145639428,2,26963.897203597247,central,one_sided_forward,one_sided,,18,5.062740674133543e-09,0.0025,0.2625,50.62099038518994,3.2434647586366663,15.60707272998631,-0.9917473445228124,172.633967779041,2,26957.501780767438,central,one_sided_forward,one_sided,,18,5.062099038518994e-09,0.0025,0.2625,2.6396658533212047e-05,0.0064163561455004015,0.0021052753137187352,2.2009753671836663e-06,0
0.00175,-0.7125,photon_geometry,46.78777474270768,5.4204192830338185,8.631763024154928,-0.9724915070918456,166.52987413263787,2,64317.7056666149,central,one_sided_forward,one_sided,,27,4.678777474270767e-09,0.0025,0.2625,46.826311973237225,5.430435198469902,8.622939094537243,-0.9724365214765601,166.51635599335017,2,64662.00691317693,central,one_sided_forward,one_sided,,27,4.682631197323723e-09,0.0025,0.2625,0.010015915436083489,0.038537230529541944,0.008823929617685522,5.4985615285496614e-05,0
0.00175,-0.7125,redshift,16.11196317688426,1.537144418235782,10.481749785993662,-0.9781653325743808,168.00488747663505,2,613.3752755043873,central,one_sided_forward,one_sided,,9,1.6111963176884261e-09,0.0025,0.2625,16.120583781496478,1.5362244269628886,10.493638493541486,-0.9782182803760572,168.01949331868326,2,613.2970318756344,central,one_sided_forward,one_sided,,9,1.6120583781496478e-09,0.0025,0.2625,0.000919991272893439,0.008620604612218585,0.011888707547823785,5.294780167641733e-05,0
0.00175,-0.7125,timing,33.31726047081106,4.670735835355347,7.133193065344124,-0.9601154064595504,163.76342736996872,2,24216.37755606695,central,one_sided_forward,one_sided,,17,3.331726047081106e-09,0.0025,0.2625,33.3083324722865,4.682053138198843,7.114044093292801,-0.9598983938376914,163.71901676524587,2,24320.833728625854,central,one_sided_forward,one_sided,,17,3.3308332472286504e-09,0.0025,0.2625,0.01131730284349608,0.008927998524555392,0.019148972051323376,0.00021701262185902515,0
0.00175,-0.7125,all_shooting,78.18828194403606,8.516887452471304,9.18038219717798,-0.9759315453026602,167.4038834703032,2,443450.5084357503,central,one_sided_forward,one_sided,,71,7.818828194403607e-09,0.0025,0.2625,78.20514669256733,8.529520624940945,9.168762247187694,-0.9758705958611849,167.3878801176474,2,444958.91994249023,central,one_sided_forward,one_sided,,71,7.820514669256733e-09,0.0025,0.2625,0.012633172469641352,0.016864748531261853,0.011619949990286926,6.094944147538861e-05,0
0.00175,-0.7125,ringdown_only,2.4740987901937026,0.6202705722919696,3.9887412053930418,-0.7436598728356685,138.04412093379048,2,2.355029916151878,central,one_sided_forward,one_sided,,4,2.474098790193702e-10,0.0025,0.2625,2.4740987901937026,0.6202705722919696,3.9887412053930418,-0.7436598728356685,138.04412093379048,2,2.355029916151878,central,one_sided_forward,one_sided,,4,2.4740987901937026e-10,0.0025,0.2625,0.0,0.0,0.0,0.0,0
0.00175,-0.7125,ringdown_plus_photon_geometry,46.83559074471981,5.60447594141018,8.356818948701775,-0.9707074534773638,166.0978469091332,2,68900.44442581061,central,one_sided_forward,one_sided,,31,4.683559074471981e-09,0.0025,0.2625,46.87408993522582,5.614152884502821,8.349272080675961,-0.970655797819239,166.08553395117355,2,69252.29465799748,central,one_sided_forward,one_sided,,31,4.687408993522582e-09,0.0025,0.2625,0.00967694309264111,0.03849919050600903,0.0075468680258143905,5.1655658124705184e-05,0
0.00175,-0.7125,ringdown_plus_all_shooting,78.2174550396772,8.630204676640155,9.063221322130708,-0.9753199974357492,167.24420594934193,2,455669.0735414996,central,one_sided_forward,one_sided,,75,7.821745503967721e-09,0.0025,0.2625,78.23431205449545,8.64268529240691,9.052083861393026,-0.9752593242043882,167.22847100937275,2,457184.95946754556,central,one_sided_forward,one_sided,,75,7.823431205449545e-09,0.0025,0.2625,0.012480615766754966,0.016857014818242533,0.011137460737682403,6.067323136094149e-05,0
0.00175,-0.69,orbital,27.06735705472065,0.7616840380749366,35.536200972689535,-0.996880699999112,175.47332662573652,2,425.0513628050463,central,central,central,,18,2.706735705472065e-09,0.0025,0.2625,27.063291516305423,0.7616710373840033,35.5314698708456,-0.9968798243230294,175.47269095669762,2,424.9091809233299,central,central,central,,18,2.7063291516305424e-09,0.0025,0.2625,1.30006909332403e-05,0.004065538415225944,0.004731101843937324,8.756760826456045e-07,0
0.00175,-0.69,photon_geometry,27.734235556046407,1.4657043059478188,18.922121906513517,-0.98848480230333,171.29655957365264,2,1652.4378231886194,central,central,central,,27,2.773423555604641e-09,0.0025,0.2625,27.756217858641836,1.463731404525915,18.962644220666796,-0.9885357749256879,171.31588109835616,2,1650.6057617433478,central,central,central,,27,2.7756217858641837e-09,0.0025,0.2625,0.00197290142190365,0.021982302595429104,0.04052231415327867,5.097262235786992e-05,0
0.00175,-0.69,redshift,11.670145738586667,0.351769391157607,33.175557714622094,-0.9963511180065328,175.10390669851324,2,16.852667542338786,central,central,central,,9,1.1670145738586666e-09,0.0025,0.2625,11.674125172782043,0.3513172830128131,33.22957832494756,-0.9963616944619886,175.1110119405611,2,16.820841632995283,central,central,central,,9,1.1674125172782044e-09,0.0025,0.2625,0.0004521081447939057,0.0039794341953758305,0.05402061032546612,1.0576455455879596e-05,0
0.00175,-0.69,timing,19.913743587266172,2.769798149115009,7.189601016098918,-0.9276842865269588,158.07666765040477,2,3042.3001790390085,central,central,central,,17,1.9913743587266182e-09,0.0025,0.2625,19.909437561322783,2.7682620584851225,7.192034981044329,-0.9277364630334157,158.08467592133326,2,3037.6125862973313,central,central,central,,17,1.9909437561322784e-09,0.0025,0.2625,0.0015360906298864663,0.004306025943389358,0.002433964945410594,5.2176506456946825e-05,0
0.00175,-0.69,all_shooting,45.10554699273585,3.2546475522041787,13.858811520832282,-0.9793382679009404,168.33266641450447,2,21551.020428379023,central,central,central,,71,4.510554699273586e-09,0.0025,0.2625,45.11576281884123,3.2523186185475996,13.871876685620904,-0.9793773454418861,168.34374310020328,2,21529.938058853404,central,central,central,,71,4.511576281884123e-09,0.0025,0.2625,0.0023289336565790464,0.010215826105380188,0.013065164788622852,3.907754094578664e-05,0
0.00175,-0.69,ringdown_only,2.3842647645784303,0.6012853748689361,3.965279822576984,-0.7436698550719928,138.04497642372075,2,2.055276433672759,central,central,central,,4,2.3842647645784305e-10,0.0025,0.2625,2.3842647645784303,0.6012853748689361,3.965279822576984,-0.7436698550719928,138.04497642372075,2,2.055276433672759,central,central,central,,4,2.3842647645784305e-10,0.0025,0.2625,0.0,0.0,0.0,0.0,0
0.00175,-0.69,ringdown_plus_photon_geometry,27.781047064653567,2.3655438173679686,11.744042473736233,-0.9710484655374652,166.1794024452021,2,4318.761432608196,central,central,central,,31,2.778104706465357e-09,0.0025,0.2625,27.80299689526061,2.3642685238258165,11.759661229288078,-0.9711282430283018,166.19855001471228,2,4320.925945263754,central,central,central,,31,2.780299689526061e-09,0.0025,0.2625,0.0012752935421520561,0.02194983060704203,0.015618755551844998,7.97774908366522e-05,0
0.00175,-0.69,ringdown_plus_all_shooting,45.13469550104069,3.742809746827773,12.059040815337918,-0.9730263264932492,166.66206022864634,2,28537.540264973988,central,central,central,,75,4.513469550104069e-09,0.0025,0.2625,45.14490541692371,3.7407764687482907,12.06832479675797,-0.9730678956555517,166.67238837893262,2,28519.44108424619,central,central,central,,75,4.514490541692371e-09,0.0025,0.2625,0.0020332780794820593,0.010209915883024223,0.009283981420052712,4.156916230257934e-05,0
0.00175,-0.6666666666666666,orbital,10.451415104279985,0.6628165767435268,15.768186057790915,-0.9851809894488066,170.12391054954637,2,47.9884714868922,central,central,central,,18,1.045141510427998e-09,0.0025,0.2625,10.449921646042581,0.6603140522530854,15.825684173138468,-0.9852899802987991,170.16038575935576,2,47.61317554094193,central,central,central,,18,1.0449921646042581e-09,0.0025,0.2625,0.0025025244904414157,0.0014934582374035443,0.05749811534755267,0.00010899084999249631,0
0.00175,-0.6666666666666666,photon_geometry,13.260875083922215,1.0836235723117995,12.237529177804335,-0.9724480074847204,166.5191787136171,2,206.49106094755717,central,central,central,,27,1.3260875083922219e-09,0.0025,0.2625,13.260460721702332,1.0861058056670396,12.209179485564324,-0.9723017840473409,166.48328707367492,2,207.42519034189675,central,central,central,,27,1.3260460721702333e-09,0.0025,0.2625,0.0024822333552401155,0.00041436221988355726,0.028349692240011493,0.00014622343737946686,0
0.00175,-0.6666666666666666,redshift,7.4270246274816385,0.3333481109929189,22.280086139859375,-0.9918641418414984,172.68634952612453,2,6.129509533495133,central,central,central,,9,7.427024627481638e-10,0.0025,0.2625,7.428467576388125,0.3333742481138864,22.28266765779231,-0.9918630625731155,172.68586378351375,2,6.1328531059334255,central,central,central,,9,7.428467576388125e-10,0.0025,0.2625,2.613712096749543e-05,0.001442948906486663,0.002581517932934929,1.0792683828864114e-06,0
0.00175,-0.6666666666666666,timing,9.537865034524962,2.229759645720383,4.277530563812631,-0.8198986647172793,145.07465098895932,2,452.29152281775686,central,central,central,,17,9.537865034524964e-10,0.0025,0.2625,9.534128458125455,2.233781356839736,4.26815651806404,-0.8192583084804294,145.01061636255108,2,453.5689560627398,central,central,central,,17,9.534128458125456e-10,0.0025,0.2625,0.004021711119353011,0.0037365763995076406,0.009374045748590909,0.0006403562368499927,0
0.00175,-0.6666666666666666,all_shooting,20.764022839065134,2.60121516753926,7.982431864222839,-0.9404879885557268,160.1336698429409,2,2917.2627806785963,central,central,central,,71,2.0764022839065133e-09,0.0025,0.2625,20.761779540068055,2.605280270434437,7.969115559534781,-0.9402849474096422,160.09946478760423,2,2925.7556442991468,central,central,central,,71,2.0761779540068057e-09,0.0025,0.2625,0.004065102895177031,0.0022432989970795347,0.013316304688058445,0.00020304114608460377,0
0.00175,-0.6666666666666666,ringdown_only,2.2936311655937747,0.5403053104422063,4.245065005406999,-0.7696038348568127,140.31832688808592,2,1.535768071410576,central,central,central,,4,2.2936311655937744e-10,0.0025,0.2625,2.2936311655937747,0.5403053104422063,4.245065005406999,-0.7696038348568127,140.31832688808592,2,1.5357680714105761,central,central,central,,4,2.2936311655937746e-10,0.0025,0.2625,0.0,0.0,0.0,0.0,0
0.00175,-0.6666666666666666,ringdown_plus_photon_geometry,13.35076515235872,2.082016243139857,6.412421226947122,-0.9110868848568282,155.655985721928,2,772.6459629296983,central,central,central,,31,1.335076515235872e-09,0.0025,0.2625,13.350318132954907,2.0835363865515935,6.4075281905926635,-0.910902925800646,155.63042891079047,2,773.7228242452825,central,central,central,,31,1.3350318132954908e-09,0.0025,0.2625,0.001520143411736452,0.000447019403813087,0.004893036354458147,0.00018395905618218134,0
0.00175,-0.6666666666666666,ringdown_plus_all_shooting,20.82254737125262,3.14406735507855,6.622805754341863,-0.9174546182359486,156.55675619652507,2,4285.992435385218,central,central,central,,75,2.0822547371252623e-09,0.0025,0.2625,20.820302039526723,3.1474865675738792,6.614897821653061,-0.9172528415073977,156.52771389453306,2,4294.393351181396,central,central,central,,75,2.0820302039526724e-09,0.0025,0.2625,0.0034192124953293934,0.0022453317258985805,0.007907932688802077,0.00020177672855092865,0
0.00175,-0.64,orbital,6.50565665172775,0.3008463956942263,21.62451252479008,-0.9928388129360098,173.13896472140746,2,3.830644973983664,central,central,central,,18,6.505656651727751e-10,0.0025,0.2625,6.50532854798785,0.30075872628334466,21.629725023702832,-0.9928425593585712,173.1407618013825,2,3.8280265772196715,central,central,central,,18,6.50532854798785e-10,0.0025,0.2625,8.766941088161895e-05,0.0003281037398998876,0.005212498912751329,3.7464225614014524e-06,0
0.00175,-0.64,photon_geometry,8.384784250491244,0.8132538379141192,10.310168682384612,-0.9638540129564552,164.54800361972656,2,46.4981878210913,central,central,central,,27,8.384784250491243e-10,0.0025,0.2625,8.373268022459166,0.8130626270171546,10.298429351226964,-0.9637387234282405,164.52323006460333,2,46.34874547360416,central,central,central,,27,8.373268022459167e-10,0.0025,0.2625,0.0001912108969646109,0.01151622803207708,0.01173933115764747,0.00011528952821471261,0
0.00175,-0.64,redshift,5.109878780179314,0.2927840420085881,17.452722986963302,-0.986819228253998,170.68707222471213,2,2.238288170871281,central,central,central,,9,5.109878780179314e-10,0.0025,0.2625,5.110112948656579,0.29310999010643873,17.43411388605661,-0.9867927402678257,170.67769864667622,2,2.243480197417743,central,central,central,,9,5.11011294865658e-10,0.0025,0.2625,0.00032594809785063683,0.00023416847726487333,0.018609100906690657,2.6487986172329947e-05,0
0.00175,-0.64,timing,5.936890473527404,1.7867276163017316,3.3227731073054723,-0.765348189635075,139.93797845775126,2,112.52130853074452,central,central,central,,17,5.936890473527403e-10,0.0025,0.2625,5.9375478796091405,1.7879814233106248,3.3208107210729194,-0.7651268758204685,139.91828076955994,2,112.70423980632523,central,central,central,,17,5.93754787960914e-10,0.0025,0.2625,0.0012538070088932152,0.000657406081736589,0.0019623862325528485,0.00022131381460654964,0
0.00175,-0.64,all_shooting,13.185739286619718,2.0376439665286163,6.471071248567181,-0.9191000756427906,156.7948717179583,2,721.8809391965094,central,central,central,,71,1.318573928661972e-09,0.0025,0.2625,13.178616881666604,2.0388773463416743,6.463663400504592,-0.9189091273379324,156.76712124867475,2,721.97451295723,central,central,central,,71,1.3178616881666606e-09,0.0025,0.2625,0.0012333798130579332,0.007122404953113559,0.00740784806258965,0.00019094830485821834,0
0.00175,-0.64,ringdown_only,2.193326367983854,0.4789355293569046,4.579585838889348,-0.797135380938063,142.85741554853686,2,1.1034702560906888,central,central,central,,4,2.1933263679838537e-10,0.0025,0.2625,2.193326367983854,0.47893552935690464,4.579585838889348,-0.797135380938063,142.85741554853686,2,1.1034702560906888,central,central,central,,4,2.193326367983854e-10,0.0025,0.2625,5.551115123125783e-17,0.0,0.0,0.0,0
0.00175,-0.64,ringdown_plus_photon_geometry,8.520266607743247,1.8469178278735268,4.613235347645742,-0.855996755269717,148.870027069719,2,247.62900687608115,central,central,central,,31,8.520266607743246e-10,0.0025,0.2625,8.508875716393169,1.8471009859067107,4.606610998161698,-0.8555666378129374,148.82239097148775,2,247.01631620959995,central,central,central,,31,8.508875716393169e-10,0.0025,0.2625,0.00018315803318391666,0.011390891350078647,0.00662434948404389,0.00043011745677956625,0
0.00175,-0.64,ringdown_plus_all_shooting,13.274397540883935,2.6165135568892626,5.073315024847679,-0.8790954468550801,151.53343950150958,2,1206.3563595361236,central,central,central,,75,1.3274397540883938e-09,0.0025,0.2625,13.267311287077481,2.61753218828985,5.0686334809680424,-0.8788756554561369,151.50703043594055,2,1206.0071981635726,central,central,central,,75,1.3267311287077481e-09,0.0025,0.2625,0.0010186314005875552,0.0070862538064542235,0.004681543879636152,0.00021979139894323652,0
0.00175,-0.61,orbital,4.989574259502051,0.1668663433471786,29.901621617732975,-0.9962447490745348,175.0330119872362,2,0.6932094576840825,central,central,central,,18,4.98957425950205e-10,0.0025,0.2625,4.989870874950843,0.16703229009205603,29.873690124231608,-0.9962372216400981,175.02803317010054,2,0.6946715066243089,central,central,central,,18,4.989870874950843e-10,0.0025,0.2625,0.00016594674487743766,0.00029661544879200363,0.02793149350136659,7.527434436660485e-06,0
0.00175,-0.61,photon_geometry,6.1552405512469965,0.5504828346833429,11.181530401011882,-0.9707760801548077,166.11422173802515,2,11.480944637398135,central,central,central,,27,6.155240551246997e-10,0.0025,0.2625,6.155632460167938,0.5507845355698864,11.17611708868845,-0.9707845321300328,166.11623975080062,2,11.494996366001445,central,central,central,,27,6.155632460167939e-10,0.0025,0.2625,0.0003017008865434656,0.00039190892094165264,0.005413312323431896,8.451975225143293e-06,0
0.00175,-0.61,redshift,3.550028240190557,0.2332584967104939,15.21928800131398,-0.9826665581660315,169.31660329695262,2,0.6857069644846382,central,central,central,,9,3.5500282401905565e-10,0.0025,0.2625,3.548616939161523,0.23349324065209992,15.197942900834928,-0.9826144043745647,169.30049617987856,2,0.6865416163577759,central,central,central,,9,3.5486169391615233e-10,0.0025,0.2625,0.00023474394160602485,0.0014113010290337513,0.021345100479052803,5.215379146683574e-05,0
0.00175,-0.61,timing,4.500953884635996,1.3473162639430003,3.340681030201245,-0.7977685049110612,142.91753552892615,2,36.7746231793685,central,central,central,,17,4.5009538846359966e-10,0.0025,0.2625,4.501613323661135,1.348849372848621,3.337372885568553,-0.7974514307820367,142.88741648524737,2,36.869163457544225,central,central,central,,17,4.5016133236611354e-10,0.0025,0.2625,0.0015331089056207503,0.0006594390251386528,0.0033081446326921338,0.00031707412902448606,0
0.00175,-0.61,all_shooting,9.768922881018998,1.5533241858899658,6.289043182200865,-0.9203113678168588,156.9716443069727,2,230.2595073829982,central,central,central,,71,9.768922881018999e-10,0.0025,0.2625,9.76913299031962,1.5546847790124556,6.283674428539158,-0.9202178862525122,156.95795622598808,2,230.67298574091788,central,central,central,,71,9.76913299031962e-10,0.0025,0.2625,0.0013605931224898171,0.00021010930062104194,0.005368753661706194,9.348156434663135e-05,0
0.00175,-0.61,ringdown_only,2.0841829020381164,0.4187728410947299,4.976881730414454,-0.8252511517205334,145.61396252356892,2,0.7617784352247903,central,central,central,,4,2.0841829020381164e-10,0.0025,0.2625,2.0841829020381164,0.4187728410947299,4.976881730414454,-0.8252511517205334,145.61396252356892,2,0.7617784352247903,central,central,central,,4,2.0841829020381164e-10,0.0025,0.2625,0.0,0.0,0.0,0.0,0
0.00175,-0.61,ringdown_plus_photon_geometry,6.329647529756856,1.6262745173020292,3.892115053402957,-0.8241995896567355,145.50742570580252,2,105.9611754431508,central,central,central,,31,6.329647529756855e-10,0.0025,0.2625,6.330140510162715,1.6259411958861292,3.893216142243584,-0.8244175479843865,145.5294839875611,2,105.93424357375517,central,central,central,,31,6.330140510162715e-10,0.0025,0.2625,0.00033332141590003417,0.0004929804058591003,0.0011010888406266517,0.0002179583276510355,0
0.00175,-0.61,ringdown_plus_all_shooting,9.882330273741882,2.168734124792264,4.556727429503825,-0.865164676825992,149.901514513646,2,459.3369206202318,central,central,central,,75,9.882330273741882e-10,0.0025,0.2625,9.882567650126607,2.1695736555604173,4.555073585447766,-0.8651243110472813,149.89690297995577,2,459.71469809717206,central,central,central,,75,9.882567650126606e-10,0.0025,0.2625,0.0008395307681534625,0.00023737638472454137,0.0016538440560589507,4.036577871069369e-05,0
0.00175,-0.58,orbital,3.9000766669447366,0.1111294517202172,35.09489704640749,-0.9971903098868732,175.70395738868046,2,0.1878471594057603,central,central,central,,18,3.9000766669447366e-10,0.0025,0.2625,3.900564027842623,0.11088067470336127,35.17803294647864,-0.9972039508372641,175.7144035244672,2,0.18705380303619457,central,central,central,,18,3.900564027842623e-10,0.0025,0.2625,0.000248777016855925,0.0004873608978863686,0.08313590007114868,1.3640950390914064e-05,0
0.00175,-0.58,photon_geometry,4.655825916180447,0.3755311622114624,12.397974881133145,-0.9763482335688832,167.51383289006282,2,3.0569295461152133,central,central,central,,27,4.6558259161804476e-10,0.0025,0.2625,4.658216027518031,0.3756615014645633,12.40003569531984,-0.976357263060862,167.51622600403851,2,3.0621935023220255,central,central,central,,27,4.658216027518031e-10,0.0025,0.2625,0.00013033925310090844,0.0023901113375837113,0.0020608141866951257,9.029491978784776e-06,0
0.00175,-0.58,redshift,2.4883006525949694,0.1875573433967832,13.266879384887073,-0.9769466824031938,167.67343065759553,2,0.2178080125798625,central,central,central,,9,2.488300652594969e-10,0.0025,0.2625,2.4880034234422084,0.1877454010824774,13.252007288046524,-0.9769075655155177,167.66293666465666,2,0.21819287375281643,central,central,central,,9,2.4880034234422083e-10,0.0025,0.2625,0.00018805768569418735,0.0002972291527609805,0.014872096840548465,3.9116887676104994e-05,0
0.00175,-0.58,timing,3.651571892053602,1.016034905094939,3.5939433514957795,-0.8336154885136094,146.4719474395042,2,13.765023811362482,central,central,central,,17,3.651571892053602e-10,0.0025,0.2625,3.6520408170298975,1.0174685573698912,3.5893402214514154,-0.8332849443932114,146.43767496025015,2,13.807442392655599,central,central,central,,17,3.6520408170298974e-10,0.0025,0.2625,0.0014336522749520686,0.00046892497629524854,0.004603130044364079,0.00033054412039801306,0
0.00175,-0.58,all_shooting,7.494398481766691,1.2115279118215732,6.18590658014524,-0.9205698377364232,157.0095309911634,2,82.44046075136612,central,central,central,,71,7.49439848176669e-10,0.0025,0.2625,7.496231114966373,1.2129984411439172,6.179918176891521,-0.9204411671184536,156.99066299664088,2,82.68113332948852,central,central,central,,71,7.496231114966374e-10,0.0025,0.2625,0.0014705293223440385,0.0018326331996822987,0.005988403253719632,0.00012867061796961732,0
0.00175,-0.58,ringdown_only,1.97857421776924,0.3667803246932271,5.394439353921472,-0.8500300763103524,148.2149407984158,2,0.5266435292694399,central,central,central,,4,1.97857421776924e-10,0.0025,0.2625,1.9785742177692398,0.36678032469322713,5.394439353921472,-0.8500300763103524,148.2149407984158,2,0.5266435292694399,central,central,central,,4,1.97857421776924e-10,0.0025,0.2625,5.551115123125783e-17,2.220446049250313e-16,0.0,0.0,0
0.00175,-0.58,ringdown_plus_photon_geometry,4.870030555602193,1.4662280671415424,3.321468647845809,-0.7856131004685858,141.77741816486812,2,50.98781830640792,central,central,central,,31,4.870030555602193e-10,0.0025,0.2625,4.872304257124267,1.4662991135919152,3.322858352678699,-0.7857352700192682,141.7887329747569,2,51.04038541148698,central,central,central,,31,4.872304257124268e-10,0.0025,0.2625,7.104645037281365e-05,0.0022737015220748447,0.0013897048328899153,0.0001221695506824494,0
0.00175,-0.58,ringdown_plus_all_shooting,7.632070904588006,1.8532635899337275,4.118178841931993,-0.8473713403047551,147.9269025981954,2,200.05950037611484,central,central,central,,75,7.632070904588005e-10,0.0025,0.2625,7.633884924378176,1.8541658098353533,4.117153322472305,-0.8473210360522858,147.92147510406483,2,200.3495425168286,central,central,central,,75,7.633884924378176e-10,0.0025,0.2625,0.0009022199016257559,0.0018140197901699295,0.0010255194596879846,5.030425246932424e-05,0
0.00175,-0.55,orbital,2.951260420521479,0.0874494961380977,33.74816952473839,-0.996872148518336,175.46712275925654,2,0.0666085055981856,central,central,central,,18,2.9512604205214787e-10,0.0025,0.2625,2.951894882981257,0.08743265728937943,33.76192574373269,-0.9968743109220564,175.468690723605,2,0.06661148751402919,central,central,central,,18,2.9518948829812567e-10,0.0025,0.2625,1.6838848718267463e-05,0.0006344624597778292,0.013756218994302571,2.162403720307182e-06,0
0.00175,-0.55,photon_geometry,3.4587802056192887,0.2682367733193098,12.894504220351426,-0.9779096145357764,167.9345919939443,2,0.8607609618723614,central,central,central,,27,3.458780205619289e-10,0.0025,0.2625,3.4592981789443744,0.268318643595488,12.892500247428,-0.9779031731410247,167.93282649940986,2,0.8615444639411531,central,central,central,,27,3.4592981789443743e-10,0.0025,0.2625,8.187027617823084e-05,0.000517973325085741,0.0020039729234255788,6.44139475169947e-06,0
0.00175,-0.55,redshift,1.732907276733439,0.1564599918236592,11.075721381134544,-0.9666279227530096,165.15622084785545,2,0.0735118338966937,central,central,central,,9,1.7329072767334388e-10,0.0025,0.2625,1.7331371171713197,0.15663527644966843,11.06479431999616,-0.9665702491833648,165.14332759759282,2,0.07369618430548862,central,central,central,,9,1.7331371171713198e-10,0.0025,0.2625,0.00017528462600924222,0.00022984043788065733,0.01092706113838382,5.767356964481163e-05,0
0.00175,-0.55,timing,2.979964514052919,0.7731712245036793,3.854210321867376,-0.8591419414357488,149.22037621253676,2,5.308521119634775,central,central,central,,17,2.9799645140529193e-10,0.0025,0.2625,2.9788682539193436,0.7740941404905245,3.848198943905851,-0.8587548301402288,149.17706145599672,2,5.317287618234154,central,central,central,,17,2.9788682539193437e-10,0.0025,0.2625,0.0009229159868452408,0.001096260133575555,0.006011377961525177,0.0003871112955200484,0
0.00175,-0.55,all_shooting,5.685593024348875,0.965483572694911,5.888855269156919,-0.9154489098553454,156.26955883719165,2,30.13292681993825,central,central,central,,71,5.685593024348874e-10,0.0025,0.2625,5.685727731049053,0.9663040477798958,5.883994529581175,-0.9153124860728052,156.2501432521805,2,30.1855932513899,central,central,central,,71,5.685727731049053e-10,0.0025,0.2625,0.0008204750849847287,0.0001347067001784552,0.00486073957574451,0.00013642378254019594,0
0.00175,-0.55,ringdown_only,1.876297130248391,0.3217555519054548,5.831436688930002,-0.8715154337687986,150.6352230721959,2,0.3644645792376116,central,central,central,,4,1.8762971302483908e-10,0.0025,0.2625,1.876297130248391,0.32175555190545485,5.831436688930002,-0.8715154337687986,150.6352230721959,2,0.3644645792376116,central,central,central,,4,1.876297130248391e-10,0.0025,0.2625,5.551115123125783e-17,0.0,0.0,0.0,0
0.00175,-0.55,ringdown_plus_photon_geometry,3.727478918503018,1.328544295693772,2.805686592900925,-0.7378441082572097,137.54808905488994,2,24.52350095753396,central,central,central,,31,3.7274789185030174e-10,0.0025,0.2625,3.72795157321862,1.3285832338419477,2.805960122226041,-0.7378736200779268,137.5505942629272,2,24.531158546840114,central,central,central,,31,3.7279515732186204e-10,0.0025,0.2625,3.8938148175571285e-05,0.00047265471560198336,0.0002735293251161508,2.9511820717087467e-05,0
0.00175,-0.55,ringdown_plus_all_shooting,5.854762956735456,1.6136588376317182,3.628253271508234,-0.8204924341674799,145.13411872136612,2,89.25695656954801,central,central,central,,75,5.854762956735455e-10,0.0025,0.2625,5.8548853033707795,1.6141805924087986,3.6271562989328787,-0.8203886747460756,145.12372053015784,2,89.31841880873046,central,central,central,,75,5.854885303370779e-10,0.0025,0.2625,0.0005217547770803854,0.00012234663532328938,0.0010969725753553483,0.0001037594214042814,0
0.00175,-0.525,orbital,2.287255111292428,0.0768027646530503,29.78089553969702,-0.9959004226309806,174.81013986347003,2,0.0308590761825559,central,central,central,,18,2.2872551112924283e-10,0.0025,0.2625,2.287582091814739,0.0767156334220022,29.818981995899883,-0.9959116503078456,174.81725643155684,2,0.030797901566384157,central,central,central,,18,2.287582091814739e-10,0.0025,0.2625,8.71312310481015e-05,0.00032698052231072694,0.038086456202861996,1.1227676865011027e-05,0
0.00175,-0.525,photon_geometry,2.6572399922658656,0.2113419776187445,12.573176527473676,-0.9765101742784532,167.55682131660402,2,0.3153792340919593,central,central,central,,27,2.6572399922658656e-10,0.0025,0.2625,2.6577219724232215,0.21140066198898733,12.571966177483741,-0.9765060363571642,167.55572105353534,2,0.3156688874912237,central,central,central,,27,2.6577219724232215e-10,0.0025,0.2625,5.868437024283968e-05,0.00048198015735589905,0.0012103499899343007,4.137921289060209e-06,0
0.00175,-0.525,redshift,1.2740405261858072,0.1382096562649571,9.218173032305254,-0.9517969995602036,162.13780542354763,2,0.0310058226981321,central,central,central,,9,1.2740405261858071e-10,0.0025,0.2625,1.2742221275278693,0.13836376573791087,9.209218329179516,-0.9517204461852395,162.12351106915494,2,0.03108386626813135,central,central,central,,9,1.2742221275278693e-10,0.0025,0.2625,0.00015410947295377286,0.00018160134206213208,0.008954703125738206,7.655337496403902e-05,0
0.00175,-0.525,timing,2.5148097090519146,0.6186160814357885,4.065218775456209,-0.8754096238891452,151.09349160442832,2,2.420207865787713,central,central,central,,17,2.5148097090519147e-10,0.0025,0.2625,2.5132390368193183,0.6198024443633043,4.0549033965186405,-0.874864396393894,151.02893104845157,2,2.4264657349891734,central,central,central,,17,2.5132390368193183e-10,0.0025,0.2625,0.0011863629275158383,0.0015706722325963263,0.010315378937568731,0.0005452274952512104,0
0.00175,-0.525,all_shooting,4.476822197682985,0.8064256491003435,5.551438254323101,-0.9083817476889664,155.28267028996635,2,13.033719111267962,central,central,central,,71,4.4768221976829845e-10,0.0025,0.2625,4.476411042207132,0.8075578661504723,5.54314585968387,-0.9081337103412549,155.24870490438485,2,13.067942664654565,central,central,central,,71,4.4764110422071317e-10,0.0025,0.2625,0.001132217050128781,0.0004111554758532421,0.008292394639231482,0.000248037347711505,0
0.00175,-0.525,ringdown_only,1.7935220648705763,0.2889967202780517,6.206029131212905,-0.8869183152262513,152.488522177854,2,0.2686576899761509,central,central,central,,4,1.7935220648705762e-10,0.0025,0.2625,1.7935220648705763,0.28899672027805173,6.206029131212905,-0.8869183152262513,152.488522177854,2,0.26865768997615097,central,central,central,,4,1.7935220648705764e-10,0.0025,0.2625,5.551115123125783e-17,0.0,0.0,0.0,0
0.00175,-0.525,ringdown_plus_photon_geometry,2.990404117190234,1.209674966840964,2.472072415451896,-0.6994473255187403,134.38267965121108,2,13.085705761317286,central,central,central,,31,2.990404117190234e-10,0.0025,0.2625,2.990814621945567,1.2097291933553749,2.4723009400559066,-0.6994767237457992,134.38503653604585,2,13.090472205690553,central,central,central,,31,2.990814621945567e-10,0.0025,0.2625,5.42265144107823e-05,0.0004105047553331076,0.00022852460401079355,2.9398227058829995e-05,0
0.00175,-0.525,ringdown_plus_all_shooting,4.680795414686293,1.443140362042058,3.243478969753795,-0.7945111045413861,142.60910260239066,2,45.63063010673508,central,central,central,,75,4.680795414686292e-10,0.0025,0.2625,4.680413810215294,1.4437356380689956,3.241877312438843,-0.7943494546077374,142.59385311294065,2,45.66083595427908,central,central,central,,75,4.680413810215294e-10,0.0025,0.2625,0.0005952760269376522,0.0003816044709994415,0.0016016573149522095,0.00016164993364864433,0
0.00175,-0.5,orbital,1.7466396513953415,0.0696147001021507,25.09009805159499,-0.994123058364345,173.78521309108956,2,0.0147845647373911,central,central,central,,18,1.7466396513953415e-10,0.0025,0.2625,1.7465363488797327,0.06960336906053403,25.092698420399312,-0.9941244749170737,173.78596286410544,2,0.014778004019561277,central,central,central,,18,1.7465363488797327e-10,0.0025,0.2625,1.1331041616671755e-05,0.0001033025156087497,0.0026003688043232387,1.416552728672471e-06,0
0.00175,-0.5,photon_geometry,2.0192576413076506,0.1724706545422379,11.707833119014085,-0.972597628892235,166.55600175495343,2,0.121286899216185,central,central,central,,27,2.0192576413076503e-10,0.0025,0.2625,2.0196680005597187,0.17251383625160283,11.707281250265247,-0.9725954162672946,166.55545648889364,2,0.12139696658011512,central,central,central,,27,2.019668000559719e-10,0.0025,0.2625,4.3181709364931153e-05,0.0004103592520681154,0.000551868748837947,2.21262494037866e-06,0
0.00175,-0.5,redshift,0.9336106653204408,0.1246730130907852,7.488474387320677,-0.9277238783890972,158.08274412231216,2,0.0135480415495373,central,central,central,,9,9.336106653204408e-11,0.0025,0.2625,0.9337633301097809,0.12480926533123414,7.4815225266461205,-0.9276258272769651,158.06769837974474,2,0.013582111237828078,central,central,central,,9,9.337633301097808e-11,0.0025,0.2625,0.0001362522404489419,0.00015266478934006233,0.006951860674556443,9.805111213212481e-05,0
0.00175,-0.5,timing,2.124660536090288,0.496698165080902,4.277568723742364,-0.8888364506514592,152.7273980152943,2,1.1136897274767548,central,central,central,,17,2.124660536090288e-10,0.0025,0.2625,2.123740137313111,0.49751830245799594,4.268667357202225,-0.888447724730347,152.6788321734512,2,1.1164026893151318,central,central,central,,17,2.123740137313111e-10,0.0025,0.2625,0.0008201373770939657,0.0009203987771773114,0.0089013665401394,0.0003887259211121652,0
0.00175,-0.5,all_shooting,3.5147825569515505,0.6760999184372465,5.198614082184336,-0.9001138698014396,154.1730389525875,2,5.647011757251944,central,central,central,,71,3.514782556951551e-10,0.0025,0.2625,3.5143913180674318,0.6770489702405238,5.1907490780451715,-0.8998534657753304,154.13881264727831,2,5.661615851296391,central,central,central,,71,3.514391318067432e-10,0.0025,0.2625,0.0009490518032773121,0.00039123888411873864,0.007865004139164355,0.00026040402610916225,0
0.00175,-0.5,ringdown_only,1.7129461770351222,0.2601542969033407,6.584347048749922,-0.9001405098162131,154.17654277529908,2,0.1985863716932334,central,central,central,,4,1.7129461770351223e-10,0.0025,0.2625,1.7129461770351222,0.2601542969033407,6.584347048749922,-0.9001405098162131,154.17654277529908,2,0.1985863716932334,central,central,central,,4,1.7129461770351223e-10,0.0025,0.2625,0.0,0.0,0.0,0.0,0
0.00175,-0.5,ringdown_plus_photon_geometry,2.439658860457177,1.0756751632657813,2.268025649165592,-0.6714425664931488,132.17850063873206,2,6.886847843696413,central,central,central,,31,2.4396588604571765e-10,0.0025,0.2625,2.439966797179832,1.0757540371570267,2.268145610336829,-0.6714619581891929,132.1799999513585,2,6.889596734489393,central,central,central,,31,2.439966797179832e-10,0.0025,0.2625,7.887389124539013e-05,0.0003079367226548335,0.00011996117123702632,1.9391696044035456e-05,0
0.00175,-0.5,ringdown_plus_all_shooting,3.762921062876276,1.2857283774344872,2.926684305113279,-0.7695698158769299,140.31527439754305,2,23.407157351571783,central,central,central,,75,3.7629210628762757e-10,0.0025,0.2625,3.762591160242601,1.2861237378620454,2.9255281194772498,-0.7694397345020154,140.3036041271282,2,23.417448281609474,central,central,central,,75,3.762591160242601e-10,0.0025,0.2625,0.0003953604275581668,0.00032990263367516093,0.00115618563602915,0.00013008137491443694,0
0.00175,-0.475,orbital,1.3157558705327494,0.0633635155375201,20.76519680720109,-0.9913296636509444,172.44960116701475,2,0.0069507098924762,central,central,central,,18,1.3157558705327495e-10,0.0025,0.2625,1.3159215283978807,0.06339375449774981,20.75790492018563,-0.9913239262853579,172.44709981918766,2,0.006959097662141819,central,central,central,,18,1.3159215283978807e-10,0.0025,0.2625,3.023896022971706e-05,0.00016565786513123015,0.007291887015458798,5.737365586511167e-06,0
0.00175,-0.475,photon_geometry,1.5184872364780486,0.1439448844547866,10.54908788339059,-0.966055528425294,165.0287395681823,2,0.0477765474605033,central,central,central,,27,1.5184872364780486e-10,0.0025,0.2625,1.51882013363126,0.14397687268244092,10.549056284763237,-0.9660556306713362,165.02876224525772,2,0.04781874381976799,central,central,central,,27,1.51882013363126e-10,0.0025,0.2625,3.198822765432263e-05,0.00033289715321127566,3.159862735202523e-05,1.0224604218844746e-07,0
0.00175,-0.475,redshift,0.6802909455631092,0.1133976183120378,5.9991643183469945,-0.8917123307286127,153.0892125198599,2,0.0059510999956726,central,central,central,,9,6.802909455631093e-11,0.0025,0.2625,0.6804262659006962,0.1135175391581089,5.994018818122797,-0.8916001239503212,153.07501152876375,2,0.005966066305108094,central,central,central,,9,6.804262659006962e-11,0.0025,0.2625,0.00011992084607109765,0.00013532033758700823,0.0051455002241977965,0.0001122067782914904,0
0.00175,-0.475,timing,1.799309001103927,0.3974498626028619,4.527134540493789,-0.9015885406131894,154.3676658420712,2,0.5114182330905895,central,central,central,,17,1.7993090011039268e-10,0.0025,0.2625,1.7989273440592193,0.3979888969864421,4.520044045652112,-0.9013374160381687,154.33442528604127,2,0.5125888548894231,central,central,central,,17,1.7989273440592193e-10,0.0025,0.2625,0.0005390343835801614,0.0003816570447077172,0.0070904948416767866,0.0002511245750206337,0
0.00175,-0.475,all_shooting,2.75958459010325,0.5635414965248117,4.896861379544835,-0.8931817078335692,153.27582266729556,2,2.4184617560675803,central,central,central,,71,2.7595845901032504e-10,0.0025,0.2625,2.7595604786503536,0.5643040193237872,4.8902017071527695,-0.8929456311377185,153.24575978854318,2,2.424968604343909,central,central,central,,71,2.759560478650354e-10,0.0025,0.2625,0.0007625227989754846,2.4111452896491414e-05,0.006659672392065552,0.00023607669585068436,0
0.00175,-0.475,ringdown_only,1.6346183254243758,0.2345695709269568,6.968586415385412,-0.9115688479967656,155.72306303720012,2,0.1470198833071769,central,central,central,,4,1.634618325424376e-10,0.0025,0.2625,1.6346183254243758,0.2345695709269568,6.968586415385412,-0.9115688479967657,155.72306303720012,2,0.14701988330717694,central,central,central,,4,1.634618325424376e-10,0.0025,0.2625,0.0,0.0,0.0,1.1102230246251565e-16,0
0.00175,-0.475,ringdown_plus_photon_geometry,2.0508027851876958,0.9207233606202688,2.22738215722703,-0.6619400372972267,131.44799942929853,2,3.5653824434422305,central,central,central,,31,2.0508027851876955e-10,0.0025,0.2625,2.0510049907184102,0.9208270302599257,2.227350982669855,-0.6619422648695399,131.44816970413382,2,3.566888657079806,central,central,central,,31,2.0510049907184103e-10,0.0025,0.2625,0.00010366963965691145,0.00020220553071448322,3.1174557174828976e-05,2.227572313162618e-06,0
0.00175,-0.475,ringdown_plus_all_shooting,3.0628920901401795,1.1307422897440067,2.708744616630196,-0.750988764950732,138.67610049731414,2,11.994735143880318,central,central,central,,75,3.06289209014018e-10,0.0025,0.2625,3.0629272050194416,1.1309685900694966,2.7082336608757887,-0.7509291429848622,138.67092734249297,2,11.999811882065728,central,central,central,,75,3.0629272050194416e-10,0.0025,0.2625,0.0002263003254898699,3.511487926211032e-05,0.000510955754407405,5.9621965869727234e-05,0
0.00175,-0.45,orbital,1.1047109531120702,0.0619156272896778,17.842199158276802,-0.985648191531286,170.28122055402528,2,0.0046784056410385,central,one_sided_backward,one_sided,,18,1.1047109531120703e-10,0.0025,0.2625,1.1046845995927763,0.06192353738013927,17.83949442053486,-0.9856471555517725,170.280868943755,2,0.004679377839290557,central,one_sided_backward,one_sided,,18,1.1046845995927764e-10,0.0025,0.2625,7.91009046146457e-06,2.6353519293920158e-05,0.0027047377419435747,1.0359795135084227e-06,0
0.00175,-0.45,photon_geometry,1.2752616626841984,0.1318841806971609,9.669557455207746,-0.9507288266859067,161.93934088713854,2,0.0282868130003752,central,one_sided_backward,one_sided,,27,1.2752616626841985e-10,0.0025,0.2625,1.2755512960779865,0.1319112562749921,9.669768388975665,-0.9507314340192806,161.93982275714342,2,0.0283112842119849,central,one_sided_backward,one_sided,,27,1.2755512960779866e-10,0.0025,0.2625,2.707557783118708e-05,0.00028963339378806907,0.0002109337679190304,2.6073333738718674e-06,0
0.00175,-0.45,redshift,0.5625174002624365,0.1097321337630074,5.1262777909461406,-0.8281524959111051,145.90941977661657,2,0.0038101280390814,central,one_sided_backward,one_sided,,9,5.6251740026243645e-11,0.0025,0.2625,0.5626401958826491,0.10984551350752139,5.122104471241093,-0.8280389052138972,145.8978100345751,2,0.0038196727651150283,central,one_sided_backward,one_sided,,9,5.626401958826491e-11,0.0025,0.2625,0.00011337974451398891,0.00012279562021266788,0.004173319705047973,0.00011359069720784376,0
0.00175,-0.45,timing,1.6045151432132327,0.3605524981775003,4.450156776956593,-0.8948810591988516,153.49315631570008,2,0.3346760684819196,central,one_sided_backward,one_sided,,17,1.6045151432132328e-10,0.0025,0.2625,1.604360547454291,0.36098598183768704,4.444384624818125,-0.8946838254422127,153.46784701527963,2,0.3354166539036708,central,one_sided_backward,one_sided,,17,1.604360547454291e-10,0.0025,0.2625,0.0004334836601867509,0.0001545957589417224,0.005772152138468378,0.00019723375663893705,0
0.00175,-0.45,all_shooting,2.37351043808816,0.5169987389404745,4.590940478795709,-0.8701027179955931,150.47057818609437,2,1.5057790812141043,central,one_sided_backward,one_sided,,71,2.37351043808816e-10,0.0025,0.2625,2.37350752462767,0.5176581692825687,4.585086579271326,-0.8698663924994867,150.44311715936394,2,1.5096190582739921,central,one_sided_backward,one_sided,,71,2.37350752462767e-10,0.0025,0.2625,0.0006594303420941472,2.913460490194808e-06,0.005853899524383088,0.0002363254961064154,0
0.00175,-0.45,ringdown_only,1.56122148683916,0.2272300596797661,6.8706644228293525,-0.91275701999579,155.88917579953525,2,0.1258521399715446,central,one_sided_backward,one_sided,,4,1.56122148683916e-10,0.0025,0.2625,1.56122148683916,0.22723005967976617,6.8706644228293525,-0.91275701999579,155.88917579953525,2,0.12585213997154468,central,one_sided_backward,one_sided,,4,1.56122148683916e-10,0.0025,0.2625,8.326672684688674e-17,0.0,0.0,0.0,0
0.00175,-0.45,ringdown_plus_photon_geometry,1.844776127619696,0.8541269316589036,2.159838379099851,-0.6388500574169982,129.70612452701198,2,2.482745319359731,central,one_sided_backward,one_sided,,31,1.8447761276196958e-10,0.0025,0.2625,1.844924845178675,0.8542423749095257,2.1597205891057256,-0.6388371803761034,129.7051655188491,2,2.4838169171473785,central,one_sided_backward,one_sided,,31,1.8449248451786752e-10,0.0025,0.2625,0.0001154432506220715,0.00014871755897916117,0.00011778999412559443,1.2877040894809788e-05,0
0.00175,-0.45,ringdown_plus_all_shooting,2.6895503180901827,1.0752695537542358,2.5012800824684263,-0.7151539030441421,135.65581349353255,2,8.363615242873625,central,one_sided_backward,one_sided,,75,2.689550318090182e-10,0.0025,0.2625,2.68962916600261,1.0753831550045783,2.501089173180474,-0.7151466965372754,135.65522276430085,2,8.365873045776757,central,one_sided_backward,one_sided,,75,2.68962916600261e-10,0.0025,0.2625,0.00011360125034243218,7.884791242718237e-05,0.00019090928795240103,7.206506866697104e-06,0
0.002,-0.7125,orbital,98.57529814631482,5.003276509931877,19.702148772036782,-0.994783420498306,174.1450994773269,2,243245.7208332776,central,one_sided_forward,one_sided,,18,9.857529814631482e-09,0.0025,0.2625,98.56338394195953,5.003617646371692,19.69842440167895,-0.9947814476179522,174.14399147252763,2,243220.08845539548,central,one_sided_forward,one_sided,,18,9.856338394195953e-09,0.0025,0.2625,0.0003411364398155925,0.011914204355292668,0.003724370357833351,1.9728803538621165e-06,0
0.002,-0.7125,photon_geometry,85.21864493155353,7.232238292025713,11.783163315500245,-0.9851790948558604,170.12327767866466,2,379852.2493809344,central,one_sided_forward,one_sided,,27,8.521864493155353e-09,0.0025,0.2625,85.29650610893306,7.23758601411736,11.785214841323743,-0.985184572630596,170.1251075873782,2,381109.66293359705,central,one_sided_forward,one_sided,,27,8.529650610893306e-09,0.0025,0.2625,0.005347722091647356,0.07786117737953191,0.0020515258234983236,5.477774735584973e-06,0
0.002,-0.7125,redshift,23.350285867122125,2.1732839135726154,10.744240879571544,-0.979006008483334,168.2389017435427,2,2575.2377764481944,central,one_sided_forward,one_sided,,9,2.3350285867122127e-09,0.0025,0.2625,23.365962349980666,2.1751695664570843,10.742133721574241,-0.9789956360136677,168.23598646083258,2,2583.173529292056,central,one_sided_forward,one_sided,,9,2.3365962349980667e-09,0.0025,0.2625,0.001885652884468847,0.01567648285854162,0.0021071579973028776,1.0372469666286577e-05,0
0.002,-0.7125,timing,60.05117698198918,6.0095260055516135,9.992664467466115,-0.9794532815292788,168.36529722735688,2,130233.7318447464,central,one_sided_forward,one_sided,,17,6.0051176981989186e-09,0.0025,0.2625,60.02280810004342,6.008085298972138,9.990338870573643,-0.9794442488139979,168.3627312674713,2,130048.33575501031,central,one_sided_forward,one_sided,,17,6.0022808100043425e-09,0.0025,0.2625,0.0014407065794754814,0.028368881945759483,0.002325596892472248,9.032715280854475e-06,0
0.002,-0.7125,all_shooting,145.3064034504264,11.615131692466893,12.510095218693584,-0.98695366724763,170.73479246328162,2,2848510.228959525,central,one_sided_forward,one_sided,,71,1.453064034504264e-08,0.0025,0.2625,145.33475303097134,11.618827442074512,12.508555941254446,-0.9869504822447446,170.7336591028736,2,2851435.5348053207,central,one_sided_forward,one_sided,,71,1.4533475303097134e-08,0.0025,0.2625,0.003695749607619092,0.028349580544954733,0.0015392774391376207,3.1850028854307766e-06,0
0.002,-0.7125,ringdown_only,2.5116758340565712,0.6982751296127975,3.596971634159916,-0.7436598728358463,138.04412093380571,2,3.0759574415023585,central,one_sided_forward,one_sided,,4,2.511675834056572e-10,0.0025,0.2625,2.5116758340565712,0.6982751296127975,3.596971634159916,-0.7436598728358463,138.04412093380571,2,3.0759574415023585,central,one_sided_forward,one_sided,,4,2.5116758340565716e-10,0.0025,0.2625,0.0,0.0,0.0,0.0,0
0.002,-0.7125,ringdown_plus_photon_geometry,85.24742437948882,7.361756244143897,11.579767320780435,-0.9846621638312096,169.95207603876315,2,393845.05720401474,central,one_sided_forward,one_sided,,31,8.524742437948882e-09,0.0025,0.2625,85.32526022435299,7.366999185656925,11.582091713879349,-0.9846686316168297,169.954200253141,2,395126.7993974135,central,one_sided_forward,one_sided,,31,8.5325260224353e-09,0.0025,0.2625,0.0052429415130283985,0.07783584486416828,0.002324393098913191,6.467785620078992e-06,0
0.002,-0.7125,ringdown_plus_all_shooting,145.32349141845935,11.693635599437608,12.427571406915444,-0.9867820494854972,170.67391803385755,2,2887824.248791137,central,one_sided_forward,one_sided,,75,1.4532349141845937e-08,0.0025,0.2625,145.35183767370464,11.697306451964192,12.42609469715119,-0.9867789332336724,170.6728163104441,2,2890765.0119464756,central,one_sided_forward,one_sided,,75,1.4535183767370464e-08,0.0025,0.2625,0.0036708525265840564,0.028346255245281782,0.0014767097642547355,3.116251824808458e-06,0
0.002,-0.69,orbital,50.99998701852325,1.0192858876990654,50.03501729397093,-0.9979174693136692,176.30164383391653,2,2702.2912422869213,central,central,central,,18,5.099998701852325e-09,0.0025,0.2625,50.99342037896692,1.0192615640228273,50.029768784477454,-0.9979170194428649,176.30124425502575,2,2701.4664684057457,central,central,central,,18,5.099342037896692e-09,0.0025,0.2625,2.432367623805831e-05,0.006566639556332632,0.005248509493476661,4.498708042754984e-07,0
0.002,-0.69,photon_geometry,46.94837982930717,1.6209495484476684,28.963504678025377,-0.9937284469472952,173.5797429419649,2,5791.355364798191,central,central,central,,27,4.6948379829307174e-09,0.0025,0.2625,46.98788204581601,1.6196331784266114,29.011434608583574,-0.9937481979871134,173.58987116611348,2,5791.686813663765,central,central,central,,27,4.698788204581601e-09,0.0025,0.2625,0.0013163700210570006,0.03950221650883634,0.0479299305581975,1.9751039818216576e-05,0
0.002,-0.69,redshift,15.84797382007068,0.3587190007053383,44.17935428262592,-0.9974554711591652,175.91178759522194,2,32.31887630509841,central,central,central,,9,1.584797382007068e-09,0.0025,0.2625,15.856935351913396,0.35848437438216507,44.233267849518555,-0.9974612560289583,175.916439391768,2,32.31312584274057,central,central,central,,9,1.5856935351913398e-09,0.0025,0.2625,0.00023462632317322596,0.008961531842716752,0.05391356689263205,5.784869793079572e-06,0
0.002,-0.69,timing,33.60795350373857,2.8583687802699416,11.757738796938815,-0.9647851086532208,164.7495174783635,2,9228.277698672957,central,central,central,,17,3.360795350373857e-09,0.0025,0.2625,33.596463688262396,2.8555061268744746,11.765502224656675,-0.9648379157114716,164.7610242604427,2,9203.506554385676,central,central,central,,17,3.3596463688262396e-09,0.0025,0.2625,0.0028626533954669853,0.01148981547617467,0.007763427717859983,5.280705825083665e-05,0
0.002,-0.69,all_shooting,78.64935021683915,3.4708702700449368,22.65983574656073,-0.9899653582612172,171.87632759265563,2,74519.00385378709,central,central,central,,71,7.864935021683915e-09,0.0025,0.2625,78.66557244434092,3.467996001878845,22.68329386819435,-0.9899856618043864,171.88456403215147,2,74426.32771957827,central,central,central,,71,7.866557244434092e-09,0.0025,0.2625,0.00287426816609182,0.016222227501771158,0.023458121633620266,2.0303543169175597e-05,0
0.002,-0.69,ringdown_only,2.421031526908776,0.6767474427195611,3.577452050915296,-0.7436698550718993,138.04497642371274,2,2.684442688879615,central,central,central,,4,2.4210315269087756e-10,0.0025,0.2625,2.421031526908776,0.6767474427195611,3.577452050915296,-0.7436698550718993,138.04497642371274,2,2.684442688879615,central,central,central,,4,2.421031526908776e-10,0.0025,0.2625,0.0,0.0,0.0,0.0,0
0.002,-0.69,ringdown_plus_photon_geometry,46.97722269397282,2.497553753556906,18.809293944953108,-0.9853599427737844,170.18387033290767,2,13765.892170935149,central,central,central,,31,4.697722269397282e-09,0.0025,0.2625,47.016699177863735,2.496727850199142,18.831327240617604,-0.9853916163618496,170.19452064263467,2,13779.919597427455,central,central,central,,31,4.701669917786374e-09,0.0025,0.2625,0.0008259033577640018,0.039476483890915404,0.022033295664495967,3.167358806521747e-05,0
0.002,-0.69,ringdown_plus_all_shooting,78.66666844619908,3.9549824644106746,19.89052268981958,-0.9870475622267776,170.76826628501547,2,96798.9487148842,central,central,central,,75,7.866666844619909e-09,0.0025,0.2625,78.68288695805171,3.952463151867348,19.90730436560246,-0.9870687968228088,170.77585317340152,2,96715.53355824022,central,central,central,,75,7.868288695805171e-09,0.0025,0.2625,0.0025193125433267127,0.016218511852628126,0.016781675782880257,2.1234596031205477e-05,0
0.002,-0.6666666666666666,orbital,16.226527366804792,0.7372067552600694,22.010822948957447,-0.9897206615446906,171.7777072053852,2,143.09675500990463,central,central,central,,18,1.622652736680479e-09,0.0025,0.2625,16.223733530616364,0.7371954215371985,22.007371528144688,-0.9897172626378818,171.7763456116595,2,143.0430849337668,central,central,central,,18,1.6223733530616365e-09,0.0025,0.2625,1.1333722870876528e-05,0.0027938361884274343,0.003451420812758954,3.3989068087825203e-06,0
0.002,-0.6666666666666666,photon_geometry,18.129408482215315,1.1255638956124543,16.106956302423452,-0.9800294980155326,168.5301552790866,2,416.3969852934199,central,central,central,,27,1.8129408482215315e-09,0.0025,0.2625,18.142519237535403,1.1236288559959826,16.14636286770502,-0.9801193669619636,168.55607835007572,2,415.56690340470476,central,central,central,,27,1.8142519237535404e-09,0.0025,0.2625,0.0019350396164716788,0.01311075532008843,0.03940656528156694,8.986894643092658e-05,0
0.002,-0.6666666666666666,redshift,8.953551567789441,0.3304739129991851,27.09306609569367,-0.9931317899422004,173.2809434353873,2,8.755179290079928,central,central,central,,9,8.953551567789442e-10,0.0025,0.2625,8.954973990959305,0.3309118864713994,27.06150596900145,-0.9931160699697308,173.27324970104257,2,8.78119037144755,central,central,central,,9,8.954973990959305e-10,0.0025,0.2625,0.0004379734722143036,0.0014224231698634071,0.03156012669222008,1.5719972469629973e-05,0
0.002,-0.6666666666666666,timing,13.420397491889856,2.2825800404434458,5.879486043907851,-0.8732697677215688,150.8408599374053,2,938.3887424210355,central,central,central,,17,1.3420397491889858e-09,0.0025,0.2625,13.417629435072111,2.2898846052285666,5.859522093137449,-0.8723896112017435,150.73752643306548,2,944.0147534222477,central,central,central,,17,1.3417629435072113e-09,0.0025,0.2625,0.007304564785120871,0.002768056817744835,0.019963950770401695,0.0008801565198253147,0
0.002,-0.6666666666666666,all_shooting,29.19299650674748,2.673481682453493,10.919467561100564,-0.958787559628201,163.49351037503885,2,6091.325064504667,central,central,central,,71,2.919299650674748e-09,0.0025,0.2625,29.198752782726178,2.678951623888157,10.899320660500733,-0.9586267336754932,163.46110949789625,2,6118.688509022951,central,central,central,,71,2.919875278272618e-09,0.0025,0.2625,0.005469941434664172,0.005756275978697545,0.020146900599831596,0.0001608259527077216,0
0.002,-0.6666666666666666,ringdown_only,2.329183857203536,0.6080663810363387,3.830476293120933,-0.7696038348569574,140.3183268880989,2,2.005901154494471,central,central,central,,4,2.329183857203536e-10,0.0025,0.2625,2.3291838572035357,0.6080663810363387,3.8304762931209333,-0.7696038348569574,140.3183268880989,2,2.005901154494471,central,central,central,,4,2.329183857203536e-10,0.0025,0.2625,0.0,4.440892098500626e-16,4.440892098500626e-16,0.0,0
0.002,-0.6666666666666666,ringdown_plus_photon_geometry,18.19806763423559,2.1371763011782754,8.515005348039171,-0.9346994551981976,159.1796439876608,2,1512.6249130522556,central,central,central,,31,1.8198067634235587e-09,0.0025,0.2625,18.211120808215266,2.1362273201516015,8.524898374075132,-0.9348211446525154,159.19926882476977,2,1513.450707296469,central,central,central,,31,1.8211120808215267e-09,0.0025,0.2625,0.0009489810266738452,0.013053173979677979,0.009893026035960872,0.000121689454317786,0
0.002,-0.6666666666666666,ringdown_plus_all_shooting,29.23597309718194,3.2297474475015173,9.05209263956488,-0.9420190125543806,160.393435389677,2,8916.044646438366,central,central,central,,75,2.923597309718194e-09,0.0025,0.2625,29.241714191166604,3.234337520485761,9.041021231072639,-0.9418649576470183,160.36714790416218,2,8944.917384900291,central,central,central,,75,2.9241714191166604e-09,0.0025,0.2625,0.004590072984243854,0.005741093984664047,0.011071408492240309,0.00015405490736231098,0
0.002,-0.64,orbital,7.4528868736631155,0.4770273749589639,15.62360414704554,-0.983279244262806,169.50765434102522,2,12.639667898589684,central,central,central,,18,7.452886873663115e-10,0.0025,0.2625,7.452221415237709,0.47694824762998833,15.624800913450608,-0.9832818004208709,169.50845862036445,2,12.633218705632562,central,central,central,,18,7.452221415237709e-10,0.0025,0.2625,7.912732897558117e-05,0.000665458425406662,0.0011967664050676063,2.5561580648814086e-06,0
0.002,-0.64,photon_geometry,9.581076305548716,0.839863656779839,11.407894874608544,-0.9628446386794092,164.33240535421666,2,64.75095454222475,central,central,central,,27,9.581076305548714e-10,0.0025,0.2625,9.571470335076084,0.8408551687321407,11.383018968068127,-0.9626386613656892,164.28876391605587,2,64.77385005552229,central,central,central,,27,9.571470335076085e-10,0.0025,0.2625,0.000991511952301738,0.009605970472632563,0.024875906540417603,0.00020597731371996275,0
0.002,-0.64,redshift,5.823108859316028,0.2996876155587868,19.43059558353276,-0.98674612850627,170.661226303717,2,3.0454215089719794,central,central,central,,9,5.823108859316028e-10,0.0025,0.2625,5.823602365433011,0.300182524815886,19.40020448893506,-0.9867111802887462,170.64889465913888,2,3.0560062615203902,central,central,central,,9,5.823602365433011e-10,0.0025,0.2625,0.0004949092570991631,0.0004935061169835109,0.030391094597700175,3.494821752381139e-05,0
0.002,-0.64,timing,7.043517121056869,1.851430980369376,3.8043638654310663,-0.7700798110374774,140.3610563550167,2,170.0568782337236,central,central,central,,17,7.043517121056868e-10,0.0025,0.2625,7.042968764637759,1.8507682293282606,3.805429903664391,-0.7703393829660323,140.38437493411746,2,169.90869178083867,central,central,central,,17,7.042968764637759e-10,0.0025,0.2625,0.0006627510411154613,0.0005483564191104406,0.0010660382333247398,0.00025957192855496913,0
0.002,-0.64,all_shooting,15.191235184429406,2.130536349893561,7.130239850255707,-0.9166750294497537,156.4447346412937,2,1047.5242153775282,central,central,central,,71,1.5191235184429404e-09,0.0025,0.2625,15.184750467771533,2.1306629933938126,7.126772518625577,-0.9165871115623859,156.43213295929328,2,1046.754519656912,central,central,central,,71,1.5184750467771534e-09,0.0025,0.2625,0.00012664350025159976,0.00648471665787298,0.0034673316301301327,8.791788736772777e-05,0
0.002,-0.64,ringdown_only,2.2277773736415494,0.5388904334014124,4.134008020109177,-0.7971353809380161,142.8574155485324,2,1.4412672732621483,central,central,central,,4,2.227777373641549e-10,0.0025,0.2625,2.2277773736415494,0.5388904334014124,4.134008020109177,-0.7971353809380161,142.8574155485324,2,1.4412672732621485,central,central,central,,4,2.2277773736415495e-10,0.0025,0.2625,0.0,0.0,0.0,0.0,0
0.002,-0.64,ringdown_plus_photon_geometry,9.70299127865782,1.899407619953568,5.108430216203415,-0.8541745597490076,148.66866299762137,2,339.66252515215746,central,central,central,,31,9.702991278657819e-10,0.0025,0.2625,9.693443447041078,1.9001660071588988,5.101366622979735,-0.8537075827503138,148.6172460565288,2,339.2651504669319,central,central,central,,31,9.693443447041079e-10,0.0025,0.2625,0.0007583872053307239,0.00954783161674122,0.007063593223680442,0.00046697699869380216,0
0.002,-0.64,ringdown_plus_all_shooting,15.269883822121948,2.719715895361656,5.614514313117779,-0.8770631847219962,151.29010128498513,2,1724.7197821718446,central,central,central,,75,1.5269883822121946e-09,0.0025,0.2625,15.26342695039909,2.719846358796229,5.611871016550544,-0.8769472573944012,151.27627732748462,2,1723.426826710041,central,central,central,,75,1.526342695039909e-09,0.0025,0.2625,0.00013046343457334686,0.006456871722857471,0.002643296567234721,0.00011592732759502233,0
0.002,-0.61,orbital,5.396460174218582,0.2012360797020784,26.81656382000591,-0.9943819215541202,173.9237579686246,2,1.1793145290965927,central,central,central,,18,5.396460174218582e-10,0.0025,0.2625,5.3966630603632195,0.20126228300064786,26.81408051177601,-0.9943810511382545,173.923286845313,2,1.1797103704097756,central,central,central,,18,5.39666306036322e-10,0.0025,0.2625,2.6203298569449363e-05,0.0002028861446374819,0.002483308229901837,8.704158657169003e-07,0
0.002,-0.61,photon_geometry,6.67705052073427,0.5689145385020673,11.736473703615868,-0.9677184407956478,165.4021073063131,2,14.42990224417865,central,central,central,,27,6.67705052073427e-10,0.0025,0.2625,6.672524297178165,0.5700639934336493,11.704868881452676,-0.9675708579394197,165.36859437370816,2,14.468634619811114,central,central,central,,27,6.672524297178166e-10,0.0025,0.2625,0.001149454931582028,0.004526223556105435,0.03160482216319238,0.0001475828562281789,0
0.002,-0.61,redshift,3.980950617150188,0.2396021697380271,16.614835422829533,-0.9820429695087712,169.12555935734306,2,0.9098191498828998,central,central,central,,9,3.9809506171501876e-10,0.0025,0.2625,3.979773959245218,0.23979548433481923,16.59653421032891,-0.9819920115912778,169.1100941580079,2,0.9107492304906167,central,central,central,,9,3.979773959245218e-10,0.0025,0.2625,0.00019331459679214347,0.0011766579049696801,0.018301212500620778,5.09579174934327e-05,0
0.002,-0.61,timing,4.955992994959871,1.4103221478118062,3.514085772991208,-0.7862391578805361,141.83543089788267,2,48.85376286447948,central,central,central,,17,4.955992994959872e-10,0.0025,0.2625,4.956687413871958,1.4119242300720756,3.510590234448296,-0.78590744315951,141.80468371906332,2,48.97854119745097,central,central,central,,17,4.956687413871958e-10,0.0025,0.2625,0.0016020822602693663,0.0006944189120865474,0.003495538542912069,0.00033171472102611066,0
0.002,-0.61,all_shooting,10.674639627584536,1.6053867895592395,6.6492634030676605,-0.914153378696154,156.0857802847946,2,293.6742135851221,central,central,central,,71,1.0674639627584536e-09,0.0025,0.2625,10.671796423331857,1.6072261934607681,6.639884582986267,-0.9139525966156499,156.0574170810929,2,294.19078644315044,central,central,central,,71,1.0671796423331858e-09,0.0025,0.2625,0.0018394039015285912,0.0028432042526791435,0.00937882008139379,0.00020078208050411384,0
0.002,-0.61,ringdown_only,2.117638510934807,0.4710363876638601,4.4957004732424,-0.8252511517205834,145.61396252357395,2,0.994975915395577,central,central,central,,4,2.1176385109348067e-10,0.0025,0.2625,2.117638510934807,0.47103638766386013,4.4957004732424,-0.8252511517205834,145.61396252357397,2,0.994975915395577,central,central,central,,4,2.117638510934807e-10,0.0025,0.2625,5.551115123125783e-17,0.0,0.0,0.0,0
0.002,-0.61,ringdown_plus_photon_geometry,6.843228121989404,1.6682818768025294,4.101961555265053,-0.814762786148405,144.56391347145924,2,130.33495282651438,central,central,central,,31,6.843228121989403e-10,0.0025,0.2625,6.8388688824293755,1.6684405903355608,4.0989585856658675,-0.8146484484896692,144.5526160920642,2,130.19372371719646,central,central,central,,31,6.838868882429376e-10,0.0025,0.2625,0.00015871353303142932,0.004359239560028705,0.0030029695991853345,0.00011433765873580803,0
0.002,-0.61,ringdown_plus_all_shooting,10.781180270015694,2.2355352937968336,4.822639257779257,-0.857118230430383,148.99454157519048,2,580.8923768366654,central,central,central,,75,1.0781180270015692e-09,0.0025,0.2625,10.778379802887535,2.2367860658070806,4.818690516564204,-0.8569499683493806,148.97583118972827,2,581.2404939351545,central,central,central,,75,1.0778379802887536e-09,0.0025,0.2625,0.0012507720102470365,0.0028004671281589566,0.003948741215053175,0.0001682620810024016,0
0.002,-0.58,orbital,4.237673616355998,0.1214397202239971,34.895284743241774,-0.9965921957343524,175.2685052665993,2,0.2648356982828709,central,central,central,,18,4.2376736163559984e-10,0.0025,0.2625,4.23773561894499,0.12152902988024125,34.87015096821719,-0.9965869639439704,175.2648726074022,2,0.26523313568151075,central,central,central,,18,4.23773561894499e-10,0.0025,0.2625,8.930965624415199e-05,6.200258899191624e-05,0.025133775024585248,5.231790382032031e-06,0
0.002,-0.58,photon_geometry,5.071187915651995,0.3842692283219637,13.196965934006696,-0.9748106373653048,167.11269543005818,2,3.797437407578605,central,central,central,,27,5.071187915651994e-10,0.0025,0.2625,5.074314446899089,0.38429054735019297,13.204369667399108,-0.9748560717830506,167.12437238894293,2,3.8025431974034634,central,central,central,,27,5.074314446899089e-10,0.0025,0.2625,2.1319028229271897e-05,0.0031265312470933893,0.007403733392411738,4.5434417745737754e-05,0
0.002,-0.58,redshift,2.7869820213776686,0.1915279929745592,14.551303849082077,-0.97641224858246,167.53080874249122,2,0.2849265041689788,central,central,central,,9,2.786982021377669e-10,0.0025,0.2625,2.7862212361620657,0.19173949074743107,14.531285262628641,-0.9763535387226012,167.51523887653732,2,0.28540024079140436,central,central,central,,9,2.786221236162066e-10,0.0025,0.2625,0.00021149777287188254,0.000760785215602855,0.02001858645343546,5.870985985878541e-05,0
0.002,-0.58,timing,3.9826321322620526,1.0630270717654706,3.7465011362765344,-0.8267328377445422,145.76456971106944,2,17.923756535284756,central,central,central,,17,3.9826321322620525e-10,0.0025,0.2625,3.9833370691372543,1.0642629691333267,3.7428128053549115,-0.8264921696886111,145.7400672895882,2,17.971818260413286,central,central,central,,17,3.9833370691372543e-10,0.0025,0.2625,0.0012358973678561203,0.0007049368752016782,0.0036883309216229065,0.00024066805593114804,0
0.002,-0.58,all_shooting,8.190277216691777,1.245765278712272,6.574494695467784,-0.916462500974871,156.41428281770877,2,104.10453478792886,central,central,central,,71,8.190277216691777e-10,0.0025,0.2625,8.192312291230914,1.2469806806446984,6.5697186960390015,-0.916377677059982,156.40213929612264,2,104.35961028619087,central,central,central,,71,8.192312291230914e-10,0.0025,0.2625,0.0012154019324264187,0.002035074539136872,0.004775999428782818,8.482391488906504e-05,0
0.002,-0.58,ringdown_only,2.011182902800324,0.4123811019803219,4.877000650956827,-0.8500300763103075,148.2149407984109,2,0.6878609361889078,central,central,central,,4,2.011182902800324e-10,0.0025,0.2625,2.0111829028003236,0.4123811019803219,4.877000650956827,-0.8500300763103075,148.2149407984109,2,0.6878609361889078,central,central,central,,4,2.0111829028003236e-10,0.0025,0.2625,0.0,4.440892098500626e-16,0.0,0.0,0
0.002,-0.58,ringdown_plus_photon_geometry,5.274297015867242,1.503767118236968,3.507389509920181,-0.7790587354385018,141.1744747150068,2,62.90574849673681,central,central,central,,31,5.274297015867241e-10,0.0025,0.2625,5.2773465872224135,1.5036203546475078,3.509760007511721,-0.7793375172460489,141.19995906428662,2,62.96622062192721,central,central,central,,31,5.277346587222414e-10,0.0025,0.2625,0.0001467635894603081,0.0030495713551710324,0.002370497591539955,0.000278781807547146,0
0.002,-0.58,ringdown_plus_all_shooting,8.319750840328346,1.905054543195044,4.367198235896677,-0.8417111714199599,147.3212586690965,2,251.2091588079261,central,central,central,,75,8.319750840328347e-10,0.0025,0.2625,8.32177435727799,1.9057617593213356,4.366639385314077,-0.8417102892085179,147.3211650512015,2,251.5180099217954,central,central,central,,75,8.321774357277991e-10,0.0025,0.2625,0.0007072161262915433,0.0020235169496434224,0.000558850582600634,8.822114420103944e-07,0
0.002,-0.55,orbital,3.241790121720275,0.0912383346898494,35.53100933659342,-0.9966038581231664,175.27661300174967,2,0.0874831654007327,central,central,central,,18,3.2417901217202755e-10,0.0025,0.2625,3.2421534108969157,0.09143516101183233,35.4584973113063,-0.9965888741653701,175.26619863468744,2,0.08788071658440719,central,central,central,,18,3.2421534108969157e-10,0.0025,0.2625,0.0001968263219829236,0.0003632891766405244,0.07251202528711786,1.4983957796310676e-05,0
0.002,-0.55,photon_geometry,3.804401772356222,0.2732276992973025,13.923924192680788,-0.9771255721567904,167.72153442017603,2,1.080493605488176,central,central,central,,27,3.8044017723562216e-10,0.0025,0.2625,3.805491605828718,0.2732487516436087,13.926839859060445,-0.9771297139050625,167.72265034135032,2,1.0812793515886583,central,central,central,,27,3.805491605828718e-10,0.0025,0.2625,2.105234630617181e-05,0.0010898334724958048,0.0029156663796570115,4.141748272123991e-06,0
0.002,-0.55,redshift,1.943289548496916,0.1592072116094426,12.2060397192564,-0.9662026795737432,165.06141092591608,2,0.0957195177786538,central,central,central,,9,1.943289548496916e-10,0.0025,0.2625,1.9435395647081983,0.15938705531843672,12.193835696539052,-0.9661441643932047,165.04841068865554,2,0.09596058043385465,central,central,central,,9,1.9435395647081985e-10,0.0025,0.2625,0.00017984370899412627,0.00025001621128240004,0.01220402271734855,5.851518053845428e-05,0
0.002,-0.55,timing,3.252732194879116,0.8088376962135809,4.021489366910271,-0.8556932602176758,148.83640777411344,2,6.921805371801912,central,central,central,,17,3.252732194879116e-10,0.0025,0.2625,3.252320703632139,0.8101244536839753,4.014593916826573,-0.8553004416038517,148.79294213995811,2,6.94208953657475,central,central,central,,17,3.252320703632139e-10,0.0025,0.2625,0.0012867574703944173,0.000411491246977036,0.0068954500836975186,0.00039281861382411964,0
0.002,-0.55,all_shooting,6.254592548240338,0.9909249515538742,6.311873102430695,-0.9129478449268736,155.9159544965366,2,38.41311924240664,central,central,central,,71,6.254592548240339e-10,0.0025,0.2625,6.2552621181259855,0.9923145000581377,6.303709275395555,-0.9127369178796895,155.8863564729444,2,38.52917419566454,central,central,central,,71,6.255262118125986e-10,0.0025,0.2625,0.001389548504263538,0.0006695698856473697,0.008163827035140514,0.00021092704718417288,0
0.002,-0.55,ringdown_only,1.9081318182371585,0.3615856921484533,5.277122020231243,-0.8715154337687425,150.63522307218935,2,0.4760353688003139,central,central,central,,4,1.9081318182371584e-10,0.0025,0.2625,1.9081318182371583,0.3615856921484533,5.277122020231243,-0.8715154337687425,150.63522307218935,2,0.4760353688003139,central,central,central,,4,1.9081318182371584e-10,0.0025,0.2625,0.0,2.220446049250313e-16,0.0,0.0,0
0.002,-0.55,ringdown_plus_photon_geometry,4.055442313026514,1.368658144103248,2.963079078949741,-0.734196996074069,137.23940680769184,2,30.8082073256275,central,central,central,,31,4.0554423130265137e-10,0.0025,0.2625,4.056427493638878,1.3687726179661002,2.9635510240308895,-0.7342096136765542,137.24047162396647,2,30.828333783011875,central,central,central,,31,4.056427493638878e-10,0.0025,0.2625,0.00011447386285223793,0.0009851806123633011,0.0004719450811485615,1.2617602485276436e-05,0
0.002,-0.55,ringdown_plus_all_shooting,6.412164240673239,1.660638793742491,3.861263668435985,-0.8170927975175493,144.7948216544095,2,113.3860520236724,central,central,central,,75,6.41216424067324e-10,0.0025,0.2625,6.4128128391809325,1.6614857723312968,3.8596856777069233,-0.8169573552588032,144.78136303291066,2,113.52470535327042,central,central,central,,75,6.412812839180933e-10,0.0025,0.2625,0.0008469785888058912,0.0006485985076931655,0.001577990729061618,0.00013544225874606575,0
0.002,-0.525,orbital,2.528927807758194,0.0800672555466253,31.5850442292921,-0.9955990176368328,174.62260610428868,2,0.0409998954085187,central,central,central,,18,2.5289278077581944e-10,0.0025,0.2625,2.5294817866903667,0.07919606808765849,31.939486994361886,-0.9956973642142953,174.68307219574606,2,0.040130110354763125,central,central,central,,18,2.5294817866903667e-10,0.0025,0.2625,0.0008711874589668184,0.0005539789321726829,0.3544427650697841,9.834657746254916e-05,0
0.002,-0.525,photon_geometry,2.9411588697518742,0.2150638181522859,13.675749342779968,-0.9759813665986978,167.41697980556864,2,0.4001028746048337,central,central,central,,27,2.9411588697518745e-10,0.0025,0.2625,2.9416609844845416,0.21512389363201948,13.67426432656711,-0.9759766020739419,167.4157267931454,2,0.4004631327844324,central,central,central,,27,2.9416609844845415e-10,0.0025,0.2625,6.007547973357896e-05,0.0005021147326673692,0.0014850162128574595,4.764524755951349e-06,0
0.002,-0.525,redshift,1.4303056074669438,0.1404713647798691,10.182186310415346,-0.9513954442149272,162.0629480909293,2,0.0403676331469373,central,central,central,,9,1.430305607466944e-10,0.0025,0.2625,1.430508263128398,0.14062981399953242,10.172154982251163,-0.9513179532052617,162.04853709043041,2,0.04047021823153879,central,central,central,,9,1.4305082631283982e-10,0.0025,0.2625,0.00015844921966332026,0.00020265566145427627,0.010031328164183506,7.749100966547573e-05,0
0.002,-0.525,timing,2.7462923852517003,0.6476348385470139,4.240495139843127,-0.8734622331233693,150.86350058549067,2,3.163398841947766,central,central,central,,17,2.7462923852517004e-10,0.0025,0.2625,2.7446730216663995,0.648763046998259,4.23062477797655,-0.8729666829088484,150.80523905574685,2,3.170687472598337,central,central,central,,17,2.7446730216663997e-10,0.0025,0.2625,0.0011282084512451718,0.0016193635853007926,0.00987036186657786,0.0004955502145209678,0
0.002,-0.525,all_shooting,4.943708439622041,0.8278650335274486,5.971635761154693,-0.9066645022481352,155.04840493547164,2,16.75038444515455,central,central,central,,71,4.943708439622041e-10,0.0025,0.2625,4.943432633854929,0.8288097976405104,5.964495892698294,-0.9064653296217441,155.0213671228716,2,16.786764322453323,central,central,central,,71,4.943432633854929e-10,0.0025,0.2625,0.00094476411306188,0.0002758057671119474,0.007139868456398801,0.00019917262639113087,0
0.002,-0.525,ringdown_only,1.8247246000552972,0.3246341906549938,5.620863891057397,-0.8869183152263208,152.48852217786262,2,0.3508998399687036,central,central,central,,4,1.8247246000552972e-10,0.0025,0.2625,1.8247246000552975,0.3246341906549938,5.620863891057397,-0.8869183152263208,152.48852217786262,2,0.3508998399687036,central,central,central,,4,1.8247246000552974e-10,0.0025,0.2625,0.0,2.220446049250313e-16,0.0,0.0,0
0.002,-0.525,ringdown_plus_photon_geometry,3.24891300227116,1.2554837595369182,2.5877778008610104,-0.6975722401095495,134.23254756221314,2,16.637894372462487,central,central,central,,31,3.24891300227116e-10,0.0025,0.2625,3.249354049416552,1.255529021002466,2.588035796115755,-0.6975994375121705,134.23472243134376,2,16.643611914556637,central,central,central,,31,3.249354049416552e-10,0.0025,0.2625,4.5261465547952184e-05,0.00044104714539194845,0.0002579952547447917,2.7197402620915412e-05,0
0.002,-0.525,ringdown_plus_all_shooting,5.1322864733810665,1.4900524919164806,3.4443662228167584,-0.7923882000181657,142.40925595011348,2,58.4823634920978,central,central,central,,75,5.132286473381066e-10,0.0025,0.2625,5.132028152219898,1.4905522985586228,3.443037964640767,-0.7922653463447783,142.39771844432576,2,58.5157124827694,central,central,central,,75,5.132028152219898e-10,0.0025,0.2625,0.0004998066421422198,0.00025832116116841775,0.0013282581759912482,0.00012285367338737974,0
0.002,-0.5,orbital,1.9397736184663248,0.0715524362244831,27.10981932719421,-0.993912148136664,173.67456727152285,2,0.0192641986275667,central,central,central,,18,1.9397736184663247e-10,0.0025,0.2625,1.9398429571388114,0.07154726780019366,27.112746814540984,-0.9939104353248994,173.6736766016317,2,0.0192627927709614,central,central,central,,18,1.9398429571388116e-10,0.0025,0.2625,5.168424289436757e-06,6.933867248659631e-05,0.0029274873467741713,1.71281176453153e-06,0
0.002,-0.5,photon_geometry,2.2448230265180658,0.1754482790049939,12.79478510276051,-0.9721934564369816,166.4567574453838,2,0.155118087697733,central,central,central,,27,2.2448230265180657e-10,0.0025,0.2625,2.245263494450473,0.17549232584358845,12.794083636748967,-0.9721908431997317,166.45611808878448,2,0.15525689276790525,central,central,central,,27,2.2452634944504732e-10,0.0025,0.2625,4.4046838594546944e-05,0.00044046793240726245,0.0007014660115434168,2.61323724992657e-06,0
0.002,-0.5,redshift,1.049018314492388,0.1267050592480995,8.279214111240176,-0.9272286363256372,158.00685034788663,2,0.0176666438337197,central,central,central,,9,1.0490183144923882e-10,0.0025,0.2625,1.0491856493299783,0.12684517947583152,8.271387637004253,-0.927129744549087,157.99172539482385,2,0.017711388849940588,central,central,central,,9,1.0491856493299783e-10,0.0025,0.2625,0.00014012022773202126,0.0001673348375903494,0.007826474235923087,9.889177655020287e-05,0
0.002,-0.5,timing,2.319367871735749,0.5205621554256634,4.455506124603321,-0.8877087924811248,152.5867319680946,2,1.4577547251543344,central,central,central,,17,2.3193678717357495e-10,0.0025,0.2625,2.318233374409214,0.5214550212036511,4.44570150855608,-0.8873112518124052,152.53730057945768,2,1.4613290411691309,central,central,central,,17,2.3182333744092143e-10,0.0025,0.2625,0.0008928657779876392,0.0011344973265350333,0.009804616047241588,0.00039754066871955374,0
0.002,-0.5,all_shooting,3.8887499256881135,0.6945673867673084,5.598808697003952,-0.8989912687976684,154.02578918296933,2,7.295394915603131,central,central,central,,71,3.8887499256881133e-10,0.0025,0.2625,3.88834980729486,0.6955952455430838,5.589960299770369,-0.8987080906126372,153.98876771756628,2,7.315497506515799,central,central,central,,71,3.8883498072948603e-10,0.0025,0.2625,0.001027858775775381,0.00040011839325337917,0.008848397233583327,0.0002831781850312076,0
0.002,-0.5,ringdown_only,1.743501990639112,0.2921085170372564,5.968679065994985,-0.9001405098161487,154.1765427752906,2,0.2593781181300786,central,central,central,,4,1.7435019906391122e-10,0.0025,0.2625,1.743501990639112,0.29210851703725643,5.968679065994985,-0.9001405098161487,154.1765427752906,2,0.25937811813007866,central,central,central,,4,1.7435019906391122e-10,0.0025,0.2625,5.551115123125783e-17,0.0,0.0,0.0,0
0.002,-0.5,ringdown_plus_photon_geometry,2.63046374085506,1.1295129942265365,2.3288477018861915,-0.6708187853790595,132.13029054122185,2,8.827690584651416,central,central,central,,31,2.6304637408550605e-10,0.0025,0.2625,2.630813580592457,1.1295805403779264,2.329018150146478,-0.6708370485100508,132.13170152008232,2,8.831094950494181,central,central,central,,31,2.6308135805924573e-10,0.0025,0.2625,6.754615138993003e-05,0.00034983973739688423,0.00017044826028644877,1.826313099129173e-05,0
0.002,-0.5,ringdown_plus_all_shooting,4.116972067370657,1.3343415652965742,3.0853959544126237,-0.7684353620156847,140.2135928882522,2,30.17795942166352,central,central,central,,75,4.116972067370657e-10,0.0025,0.2625,4.116608547870928,1.3348324277587738,3.083989017844618,-0.7682774514103466,140.1994564861489,2,30.194833577440296,central,central,central,,75,4.116608547870928e-10,0.0025,0.2625,0.0004908624621995372,0.00036351949972956987,0.0014069365680056123,0.0001579106053380963,0
0.002,-0.475,orbital,1.4659729829108827,0.0653261403447125,22.44083264639921,-0.991009000069009,172.31104073211398,2,0.0091711950991871,central,central,central,,18,1.465972982910883e-10,0.0025,0.2625,1.4660106223547604,0.06488080502928775,22.595444395195013,-0.9911313029592304,172.36359361740332,2,0.009047043822628125,central,central,central,,18,1.4660106223547606e-10,0.0025,0.2625,0.0004453353154247469,3.763944387769058e-05,0.15461174879580497,0.00012230289022130414,0
0.002,-0.475,photon_geometry,1.6932990920851718,0.1464269916557327,11.564118561325902,-0.9657172048334842,164.95388590807065,2,0.0614765703045702,central,central,central,,27,1.6932990920851718e-10,0.0025,0.2625,1.6936624388299049,0.14645955890241263,11.564027991907363,-0.9657170347359367,164.95384836571463,2,0.061530317460121046,central,central,central,,27,1.693662438829905e-10,0.0025,0.2625,3.25672466799376e-05,0.00036334674473303963,9.056941853913258e-05,1.700975474916433e-07,0
0.002,-0.475,redshift,0.7646947921452918,0.1152648008362157,6.634243815957972,-0.8910936607630252,153.0109991259475,2,0.0077690814291557,central,central,central,,9,7.646947921452919e-11,0.0025,0.2625,0.7648408021171372,0.11538838435520184,6.628403772105137,-0.8909808518462238,152.996760207002,2,0.007788723408604504,central,central,central,,9,7.648408021171373e-11,0.0025,0.2625,0.00012358351898614228,0.00014600997184543996,0.005840043852835208,0.00011280891680143235,0
0.002,-0.475,timing,1.9625014096956384,0.417002596373707,4.706209090211264,-0.9009538607884516,154.28373261795443,2,0.669726483323401,central,central,central,,17,1.9625014096956383e-10,0.0025,0.2625,1.961964016709464,0.4175960910392458,4.69823367318129,-0.9006981144231152,154.249983527935,2,0.6712664249520758,central,central,central,,17,1.9619640167094642e-10,0.0025,0.2625,0.000593494665538763,0.0005373929861742788,0.007975417029973286,0.0002557463653364289,0
0.002,-0.475,all_shooting,3.054360842333262,0.5798912510857117,5.267126959778546,-0.8924620573943598,153.18427719244124,2,3.13713927377311,central,central,central,,71,3.0543608423332617e-10,0.0025,0.2625,3.0542099864656715,0.5806256206283316,5.260205333620171,-0.8922407003703039,153.1561768980911,2,3.1447793336982715,central,central,central,,71,3.0542099864656716e-10,0.0025,0.2625,0.0007343695426198504,0.00015085586759067127,0.006921626158375105,0.00022135702405590152,0
0.002,-0.475,ringdown_only,1.6645095800377594,0.2632653391538774,6.322554975855978,-0.9115688479966946,155.72306303719023,2,0.1920259700340568,central,central,central,,4,1.6645095800377595e-10,0.0025,0.2625,1.6645095800377594,0.26326533915387745,6.322554975855978,-0.9115688479966946,155.72306303719023,2,0.19202597003405686,central,central,central,,4,1.6645095800377595e-10,0.0025,0.2625,5.551115123125783e-17,0.0,0.0,0.0,0
0.002,-0.475,ringdown_plus_photon_geometry,2.182612819793063,0.9822447448849349,2.2220661715515164,-0.6620727786875502,131.4581469142549,2,4.596135581088391,central,central,central,,31,2.1826128197930628e-10,0.0025,0.2625,2.182854464264174,0.982339059478142,2.2220988193463405,-0.6620745733408016,131.4582841183377,2,4.598036219546867,central,central,central,,31,2.1828544642641742e-10,0.0025,0.2625,9.431459320718982e-05,0.0002416444711110799,3.264779482403668e-05,1.794653251341316e-06,0
0.002,-0.475,ringdown_plus_all_shooting,3.3326933463351383,1.1825607208068802,2.8182006113488938,-0.7504948819390096,138.63326429023482,2,15.532365734549437,central,central,central,,75,3.3326933463351377e-10,0.0025,0.2625,3.3326055989358205,1.182778700998449,2.8176070435852316,-0.7504427047548682,138.62874090422017,2,15.537274189397547,central,central,central,,75,3.332605598935821e-10,0.0025,0.2625,0.00021798019156871185,8.774739931771691e-05,0.0005935677636621506,5.2177184141410926e-05,0
0.002,-0.45,orbital,1.2373903425471828,0.0633710744627032,19.52610639851852,-0.9852603247669576,170.15044790452544,2,0.0061488738859256,central,one_sided_backward,one_sided,,18,1.2373903425471828e-10,0.0025,0.2625,1.237542772825432,0.06316608696209765,19.59188596830465,-0.985357480618663,170.18304290740087,2,0.006110663717824622,central,one_sided_backward,one_sided,,18,1.237542772825432e-10,0.0025,0.2625,0.00020498750060554682,0.00015243027824918265,0.06577956978612676,9.715585170544383e-05,0
0.002,-0.45,photon_geometry,1.429868929073633,0.1335126180040783,10.709616442619348,-0.9504820910477604,161.89379694142093,2,0.0364449267770165,central,one_sided_backward,one_sided,,27,1.4298689290736332e-10,0.0025,0.2625,1.4301885052589967,0.1335400308148104,10.709811107070527,-0.9504844656118095,161.8942347249956,2,0.036476193476501245,central,one_sided_backward,one_sided,,27,1.4301885052589968e-10,0.0025,0.2625,2.7412810732097004e-05,0.00031957618536360144,0.0001946644511789941,2.3745640491679154e-06,0
0.002,-0.45,redshift,0.634860515548241,0.1111880885528531,5.709788915441791,-0.827137205206025,145.80577308287184,2,0.0049827966462804,central,one_sided_backward,one_sided,,9,6.34860515548241e-11,0.0025,0.2625,0.6349932235414989,0.11130451907024068,5.705008465476368,-0.8270234648953747,145.79417900978643,2,0.0049953253128557275,central,one_sided_backward,one_sided,,9,6.349932235414989e-11,0.0025,0.2625,0.00011643051738757793,0.00013270799325793003,0.004780449965423372,0.00011374031065025658,0
0.002,-0.45,timing,1.7580427679781252,0.3766270295420816,4.667861385614369,-0.8943681215631115,153.4273820079537,2,0.43841140336069,central,one_sided_backward,one_sided,,17,1.7580427679781254e-10,0.0025,0.2625,1.7577626248724372,0.3771053623816074,4.661197639225532,-0.8941673507948737,153.40167812624625,2,0.43938564874951647,central,one_sided_backward,one_sided,,17,1.7577626248724372e-10,0.0025,0.2625,0.00047833283952580796,0.00028014310568802436,0.006663746388837488,0.00020077076823776796,0
0.002,-0.45,all_shooting,2.6390624264661398,0.5299282916384302,4.980036861792557,-0.8696140425776293,150.4138196941889,2,1.955840969578324,central,one_sided_backward,one_sided,,71,2.6390624264661387e-10,0.0025,0.2625,2.639085680495323,0.5306071335447433,4.97370938619841,-0.8693798129045567,150.38664955640817,2,1.960889627624217,central,one_sided_backward,one_sided,,71,2.639085680495323e-10,0.0025,0.2625,0.0006788419063130657,2.3254029183128466e-05,0.006327475594146925,0.00023422967307262788,0
0.002,-0.45,ringdown_only,1.5912943906956485,0.2547837452881213,6.245666845410952,-0.9127570199958284,155.88917579954065,2,0.1643783052689038,central,one_sided_backward,one_sided,,4,1.5912943906956482e-10,0.0025,0.2625,1.5912943906956485,0.25478374528812137,6.245666845410952,-0.9127570199958284,155.88917579954065,2,0.16437830526890385,central,one_sided_backward,one_sided,,4,1.5912943906956485e-10,0.0025,0.2625,5.551115123125783e-17,0.0,0.0,0.0,0
0.002,-0.45,ringdown_plus_photon_geometry,1.9543633811737655,0.9164863024322876,2.1324523628853247,-0.6394605548547798,129.7516061861781,2,3.208208538604956,central,one_sided_backward,one_sided,,31,1.9543633811737656e-10,0.0025,0.2625,1.9545485871157822,0.9165939753954101,2.1324039210192365,-0.6394476910405266,129.75064753084652,2,3.209570638385943,central,one_sided_backward,one_sided,,31,1.9545485871157823e-10,0.0025,0.2625,0.00010767296312252927,0.00018520594201665297,4.844186608821133e-05,1.2863814253250005e-05,0
0.002,-0.45,ringdown_plus_all_shooting,2.928802333480011,1.124599471451367,2.604307051380885,-0.7150616382484205,135.6482508670859,2,10.848654389498416,central,one_sided_backward,one_sided,,75,2.928802333480011e-10,0.0025,0.2625,2.9288836332437382,1.1247623823739252,2.6040021244860907,-0.7150485477916476,135.64717797029542,2,10.852400189240292,central,one_sided_backward,one_sided,,75,2.9288836332437384e-10,0.0025,0.2625,0.0001629109225582681,8.129976372739378e-05,0.00030492689479411084,1.3090456772890668e-05,0
0.00225,-0.7125,orbital,216.51984843953213,15.27041602749684,14.179040574248493,-0.9900919486721204,171.92781713747397,2,10931938.180807527,central,one_sided_forward,one_sided,,18,2.1651984843953217e-08,0.0025,0.2625,216.49202782270012,15.272243739869111,14.175522045757733,-0.9900870596374075,171.9258225101685,2,10931745.439840084,central,one_sided_forward,one_sided,,18,2.164920278227001e-08,0.0025,0.2625,0.0018277123722718613,0.027820616832002543,0.0035185284907601755,4.889034712851625e-06,0
0.00225,-0.7125,photon_geometry,170.74918949544642,16.433064925433417,10.390586921565577,-0.981468244475876,168.9523759115551,2,7873257.289642572,central,one_sided_forward,one_sided,,27,1.7074918949544646e-08,0.0025,0.2625,170.8924182079778,16.449985937318303,10.388605732500517,-0.9814604193932065,168.95003645859086,2,7902721.052286016,central,one_sided_forward,one_sided,,27,1.708924182079778e-08,0.0025,0.2625,0.016921011884885928,0.14322871253139624,0.0019811890650593966,7.825082669499217e-06,0
0.00225,-0.7125,redshift,35.96725839514039,3.22523041337417,11.151841507507111,-0.9808480205920056,168.7684409902873,2,13456.625400779692,central,one_sided_forward,one_sided,,9,3.596725839514039e-09,0.0025,0.2625,35.98749662600527,3.2252239126983806,11.158138969612303,-0.9808677944670698,168.7742592495017,2,13471.719032898376,central,one_sided_forward,one_sided,,9,3.5987496626005267e-09,0.0025,0.2625,6.500675789222754e-06,0.020238230864876527,0.0062974621051914426,1.9773875064243995e-05,0
0.00225,-0.7125,timing,120.35983122663168,10.587898996348788,11.36767844764457,-0.9845529640933388,169.91627843901207,2,1623987.6399278988,central,one_sided_forward,one_sided,,17,1.2035983122663171e-08,0.0025,0.2625,120.29317693113445,10.629976346076607,11.316410593475421,-0.984413368941757,169.87069901839268,2,1635108.5357129385,central,one_sided_forward,one_sided,,17,1.2029317693113445e-08,0.0025,0.2625,0.04207734972781907,0.06665429549723001,0.05126785416914892,0.00013959515158179503,0
0.00225,-0.7125,all_shooting,302.7889286768946,27.583776872772653,10.97706561626704,-0.9835203482411496,169.5837864770319,2,69756943.79729605,central,one_sided_forward,one_sided,,71,3.027889286768946e-08,0.0025,0.2625,302.82514583131325,27.617712182295055,10.96488890290652,-0.9834838675215315,169.5722318606267,2,69945417.80423295,central,one_sided_forward,one_sided,,71,3.028251458313133e-08,0.0025,0.2625,0.03393530952240198,0.03621715441863671,0.012176713360521063,3.648071961814825e-05,0
0.00225,-0.7125,ringdown_only,2.55513405335396,0.7721985709725433,3.3089080314353647,-0.7436598728357375,138.04412093379636,2,3.893008636903904,central,one_sided_forward,one_sided,,4,2.5551340533539604e-10,0.0025,0.2625,2.55513405335396,0.7721985709725433,3.3089080314353647,-0.7436598728357375,138.04412093379636,2,3.8930086369039043,central,one_sided_forward,one_sided,,4,2.5551340533539604e-10,0.0025,0.2625,0.0,0.0,0.0,0.0,0
0.00225,-0.7125,ringdown_plus_photon_geometry,170.76543702910342,16.480954253874792,10.36138043942178,-0.9813651670094384,168.9215981152722,2,7920719.900950087,central,one_sided_forward,one_sided,,31,1.7076543702910342e-08,0.0025,0.2625,170.90865064973156,16.497841436380984,10.359455284425536,-0.9813574792779889,168.91930602636856,2,7950278.477994106,central,one_sided_forward,one_sided,,31,1.7090865064973155e-08,0.0025,0.2625,0.016887182506192033,0.14321362062813137,0.00192515499624335,7.687731449546042e-06,0
0.00225,-0.7125,ringdown_plus_all_shooting,302.7983226592901,27.60979665358969,10.967060947908928,-0.98349056565502,169.57435242562073,2,69892945.97406603,central,one_sided_forward,one_sided,,75,3.0279832265929015e-08,0.0025,0.2625,302.834538182705,27.643705581409492,10.954918373402244,-0.9834540887987014,169.56280935972512,2,70081490.09380701,central,one_sided_forward,one_sided,,75,3.02834538182705e-08,0.0025,0.2625,0.033908927819801704,0.03621552341490997,0.012142574506684767,3.647685631857911e-05,0
0.00225,-0.69,orbital,98.93689347975806,1.7564998691967584,56.32616045966549,-0.9976562952528458,176.0764974603873,2,30200.40612383261,central,central,central,,18,9.893689347975808e-09,0.0025,0.2625,98.92453005519441,1.7566322857937067,56.31487640026889,-0.9976553786099869,176.0757299777665,2,30197.411191913005,central,central,central,,18,9.892453005519441e-09,0.0025,0.2625,0.00013241659694829266,0.012363424563645253,0.01128405939659416,9.166428589502118e-07,0
0.00225,-0.69,photon_geometry,85.02918603691145,2.113350547640532,40.23430288545504,-0.995557879921806,174.5975137022056,2,32290.82380184015,central,central,central,,27,8.502918603691145e-09,0.0025,0.2625,85.1058194269002,2.1081668440618877,40.3695844409181,-0.9955873116080085,174.61545401546033,2,32190.555608941137,central,central,central,,27,8.51058194269002e-09,0.0025,0.2625,0.005183703578644394,0.0766333899887428,0.13528155546306664,2.9431686202507912e-05,0
0.00225,-0.69,redshift,22.74817591712137,0.418882873504053,54.306770116494775,-0.9979023375450138,176.2882272512784,2,90.798435274697,central,central,central,,9,2.274817591712137e-09,0.0025,0.2625,22.761371410509152,0.4202259548372377,54.16460156375898,-0.9978917910073817,176.2789047312202,2,91.48767613436742,central,central,central,,9,2.2761371410509152e-09,0.0025,0.2625,0.0013430813331846703,0.013195493387783586,0.14216855273579654,1.0546537632105668e-05,0
0.00225,-0.69,timing,60.11057648165285,2.989182871310425,20.109367365436903,-0.9833976588694568,169.54497699298724,2,32285.44345595937,central,central,central,,17,6.011057648165285e-09,0.0025,0.2625,60.08704935525234,2.9921387219907176,20.081638900510423,-0.9833501667997495,169.52999234606628,2,32324.00795466967,central,central,central,,17,6.008704935525234e-09,0.0025,0.2625,0.002955850680292471,0.023527126400509246,0.02772846492647929,4.749206970733333e-05,0
0.00225,-0.69,all_shooting,145.4249951663169,4.179148518764968,34.79775713003213,-0.9940673668819732,173.7558069837726,2,369363.2873995917,central,central,central,,71,1.4542499516631693e-08,0.0025,0.2625,145.4537527980445,4.178765493886391,34.80782853473016,-0.994070616574829,173.75751908956732,2,369441.65519284055,central,central,central,,71,1.454537527980445e-08,0.0025,0.2625,0.00038302487857766465,0.028757631727586386,0.010071404698031472,3.249692855811226e-06,0
0.00225,-0.69,ringdown_only,2.4635570547255035,0.7481987286900472,3.292650682578304,-0.7436698550719727,138.04497642371905,2,3.397497778112164,central,central,central,,4,2.463557054725504e-10,0.0025,0.2625,2.4635570547255035,0.7481987286900472,3.292650682578304,-0.7436698550719727,138.04497642371905,2,3.3974977781121636,central,central,central,,4,2.4635570547255036e-10,0.0025,0.2625,0.0,0.0,0.0,0.0,0
0.00225,-0.69,ringdown_plus_photon_geometry,85.04582115839686,2.875055969958217,29.580579316385563,-0.991839203699682,172.67513388456092,2,59785.87159862329,central,central,central,,31,8.504582115839686e-09,0.0025,0.2625,85.12243941537977,2.8712524168119686,29.64644937413534,-0.9918747960337417,172.6911463446721,2,59735.27530148778,central,central,central,,31,8.512243941537978e-09,0.0025,0.2625,0.003803553146248362,0.07661825698291125,0.06587005774977683,3.559233405969753e-05,0
0.00225,-0.69,ringdown_plus_all_shooting,145.43471754642934,4.611545115793822,31.537090908714767,-0.99279445751982,173.1177238574666,2,449810.000950245,central,central,central,,75,1.4543471754642934e-08,0.0025,0.2625,145.46347317812607,4.611200466651646,31.5456840859821,-0.9927981542436016,173.11949164696992,2,449920.6349150164,central,central,central,,75,1.4546347317812606e-08,0.0025,0.2625,0.0003446491421756903,0.02875563169672546,0.008593177267332663,3.6967237816432075e-06,0
0.00225,-0.6666666666666666,orbital,26.61780741845853,0.7629744971712019,34.88689008236382,-0.9947447760831892,174.12343398337953,2,412.44363000774536,central,central,central,,18,2.661780741845853e-09,0.0025,0.2625,26.613850962219626,0.7629893077584767,34.881027416237664,-0.9947429015900877,174.12238509668097,2,412.3370361432018,central,central,central,,18,2.6613850962219627e-09,0.0025,0.2625,1.48105872748161e-05,0.003956456238903172,0.005862666126155602,1.874493101516883e-06,0
0.00225,-0.6666666666666666,photon_geometry,26.53045833065172,1.184810164600924,22.39215962464999,-0.987058166241236,170.7720542101851,2,988.0684869175911,central,central,central,,27,2.6530458330651722e-09,0.0025,0.2625,26.550309086782583,1.1844390765723323,22.41593477616169,-0.9870883112336255,170.78283091738015,2,988.9278707306747,central,central,central,,27,2.6550309086782582e-09,0.0025,0.2625,0.00037108802859164847,0.01985075613086451,0.023775151511699733,3.0144992389513625e-05,0
0.00225,-0.6666666666666666,redshift,11.095554533333026,0.3301521022367231,33.6074023402019,-0.9944875908867512,173.9812257548557,2,13.419185564743277,central,central,central,,9,1.1095554533333026e-09,0.0025,0.2625,11.099694102838962,0.3302352667887702,33.611474058398215,-0.9944878270418732,173.98135479898457,2,13.435966810122396,central,central,central,,9,1.1099694102838961e-09,0.0025,0.2625,8.316455204709916e-05,0.00413956950593608,0.004071718196314578,2.3615512201313749e-07,0
0.00225,-0.6666666666666666,timing,19.751517940863096,2.330469646511937,8.475337994822462,-0.9201137453566604,156.94271639497197,2,2118.7897179820125,central,central,central,,17,1.975151794086309e-09,0.0025,0.2625,19.74700609280474,2.328746931004062,8.479670259529069,-0.9201989114690293,156.95517877317275,2,2114.6919470457424,central,central,central,,17,1.974700609280474e-09,0.0025,0.2625,0.0017227155078751721,0.004511848058356804,0.004332264706606637,8.516611236897287e-05,0
0.00225,-0.6666666666666666,all_shooting,43.88155237843371,2.7462770477821783,15.97855992492502,-0.9754395534478584,167.27526749506274,2,14522.87704723701,central,central,central,,71,4.3881552378433716e-09,0.0025,0.2625,43.890175967174976,2.744641001873919,15.99122651640368,-0.9754793953553205,167.2856352995288,2,14511.280531478025,central,central,central,,71,4.389017596717498e-09,0.0025,0.2625,0.001636045908259387,0.008623588741265564,0.012666591478659228,3.9841907462090376e-05,0
0.00225,-0.6666666666666666,ringdown_only,2.3700966088201487,0.6722661400132932,3.525533219289139,-0.7696038348569346,140.31832688809686,2,2.538718648656592,central,central,central,,4,2.3700966088201486e-10,0.0025,0.2625,2.3700966088201487,0.6722661400132932,3.525533219289139,-0.7696038348569346,140.31832688809686,2,2.5387186486565914,central,central,central,,4,2.3700966088201486e-10,0.0025,0.2625,0.0,0.0,0.0,0.0,0
0.00225,-0.6666666666666666,ringdown_plus_photon_geometry,26.580552130078903,2.1937507877823945,12.11648664839842,-0.9582418334419188,163.38381477972098,2,3400.185219980374,central,central,central,,31,2.6580552130078903e-09,0.0025,0.2625,26.6003691593089,2.193506055710445,12.126872907443799,-0.9583180881018118,163.3991002681836,2,3404.4973701752033,central,central,central,,31,2.6600369159308903e-09,0.0025,0.2625,0.0002447320719496382,0.01981702922999773,0.010386259045379376,7.625465989302693e-05,0
0.00225,-0.6666666666666666,ringdown_plus_all_shooting,43.911986093197726,3.307484514454235,13.276550774854831,-0.9651439459006512,164.8278767170923,2,21094.13880654318,central,central,central,,75,4.391198609319773e-09,0.0025,0.2625,43.92060454666773,3.306115033106292,13.284657099605427,-0.9651875136922238,164.83741752716782,2,21084.948248467575,central,central,central,,75,4.3920604546667735e-09,0.0025,0.2625,0.0013694813479427914,0.00861845347000667,0.008106324750595917,4.356779157255186e-05,0
0.00225,-0.64,orbital,9.304419100826586,0.6752687687896265,13.77883819135324,-0.970733909968444,166.10415738149786,2,39.47588330135494,central,central,central,,18,9.304419100826585e-10,0.0025,0.2625,9.302898901939319,0.6751942353748763,13.778107712626179,-0.970730050128176,166.1032365471468,2,39.454273805425736,central,central,central,,18,9.302898901939319e-10,0.0025,0.2625,7.45334147501664e-05,0.0015201988872668437,0.0007304787270605573,3.8598402679612676e-06,0
0.00225,-0.64,photon_geometry,11.440656352508626,0.865533786645164,13.218035539494036,-0.96502727833398,164.80235675834783,2,98.0550425408301,central,central,central,,27,1.1440656352508624e-09,0.0025,0.2625,11.43803896418854,0.8689708364539247,13.162742044214756,-0.9646883795639583,164.72846193544956,2,98.79012750703409,central,central,central,,27,1.143803896418854e-09,0.0025,0.2625,0.003437049808760695,0.002617388320086178,0.055293495279279625,0.00033889877002180047,0
0.00225,-0.64,redshift,6.655191142960993,0.3055624061806226,21.780137243149625,-0.9869300360504868,170.72638674129198,2,4.13543223943869,central,central,central,,9,6.655191142960993e-10,0.0025,0.2625,6.656580318481777,0.30575333203249094,21.77108021761285,-0.9869154078960308,170.72118722408263,2,4.142330535906222,central,central,central,,9,6.656580318481777e-10,0.0025,0.2625,0.00019092585186836208,0.0013891755207842138,0.009057025536773011,1.4628154455964548e-05,0
0.00225,-0.64,timing,8.711790683424125,1.8944794828315945,4.598514136665655,-0.7907707204580149,142.25759495432024,2,272.3922059444931,central,central,central,,17,8.711790683424124e-10,0.0025,0.2625,8.709382250379356,1.8964273764205535,4.592520841382305,-0.790467380370065,142.2292103866016,2,272.8017399891376,central,central,central,,17,8.709382250379357e-10,0.0025,0.2625,0.001947893588958971,0.0024084330447688984,0.005993295283349909,0.0003033400879498549,0
0.00225,-0.64,all_shooting,18.37449189735493,2.216597323843448,8.28950378118054,-0.9200240923975112,156.9296043320254,2,1658.8391870236217,central,central,central,,71,1.8374491897354927e-09,0.0025,0.2625,18.37142990666244,2.219807805731652,8.276135374975487,-0.9197533574549678,156.8900510756695,2,1663.0935097042548,central,central,central,,71,1.837142990666244e-09,0.0025,0.2625,0.00321048188820372,0.0030619906924904683,0.013368406205053418,0.0002707349425433714,0
0.00225,-0.64,ringdown_only,2.2672256770200114,0.5957033379573771,3.805964366078863,-0.7971353809381144,142.85741554854172,2,1.824103892721046,central,central,central,,4,2.2672256770200118e-10,0.0025,0.2625,2.2672256770200114,0.5957033379573771,3.805964366078863,-0.7971353809381144,142.85741554854172,2,1.824103892721046,central,central,central,,4,2.2672256770200116e-10,0.0025,0.2625,0.0,0.0,0.0,0.0,0
0.00225,-0.64,ringdown_plus_photon_geometry,11.548019985286912,1.9432384487825185,5.942667505638333,-0.8624350958189382,149.59110468846936,2,503.5785734588335,central,central,central,,31,1.1548019985286912e-09,0.0025,0.2625,11.545368901858446,1.9451162737211996,5.935567481408715,-0.8619869421835712,149.5404140217796,2,504.3206638730014,central,central,central,,31,1.1545368901858446e-09,0.0025,0.2625,0.0018778249386810497,0.0026510834284660945,0.007100024229617752,0.00044815363536698793,0
0.00225,-0.64,ringdown_plus_all_shooting,18.441958983167037,2.815063015743888,6.551170925846467,-0.8824857992857117,151.94369329203477,2,2695.1959518658578,central,central,central,,75,1.8441958983167034e-09,0.0025,0.2625,18.438896958392064,2.8176652045604147,6.544034020986083,-0.8822163027877408,151.91088138361818,2,2699.284448171629,central,central,central,,75,1.8438896958392065e-09,0.0025,0.2625,0.0026021888165268514,0.0030620247749730822,0.007136904860383986,0.00026949649797092246,0
0.00225,-0.61,orbital,5.858162820584701,0.2432462141502352,24.08326411594857,-0.9915858360495192,172.56213819661937,2,2.030556395330654,central,central,central,,18,5.8581628205847e-10,0.0025,0.2625,5.858555370561534,0.24318395221711403,24.09104431912115,-0.9915932230680801,172.56540845277263,2,2.0297890365481264,central,central,central,,18,5.858555370561535e-10,0.0025,0.2625,6.226193312117156e-05,0.0003925499768335783,0.007780203172579547,7.3870185608448935e-06,0
0.00225,-0.61,photon_geometry,7.231088331602279,0.5875433035229705,12.307328307962877,-0.9644259739914725,164.67148488931693,2,18.05041099796697,central,central,central,,27,7.231088331602279e-10,0.0025,0.2625,7.2227224829172725,0.5879971638073496,12.283600887033723,-0.9642624473490436,164.6360820893575,2,18.03650220839532,central,central,central,,27,7.222722482917273e-10,0.0025,0.2625,0.000453860284379104,0.008365848685006227,0.02372742092915381,0.00016352664242880177,0
0.00225,-0.61,redshift,4.428645398805696,0.2450915552449548,18.069351244597232,-0.9813787643157844,168.92565328466227,2,1.1781443663022364,central,central,central,,9,4.4286453988056956e-10,0.0025,0.2625,4.42805672967839,0.2452648224212879,18.05418602620632,-0.981334402284377,168.91242845584216,2,1.1794971032844601,central,central,central,,9,4.4280567296783903e-10,0.0025,0.2625,0.00017326717633309174,0.0005886691273060407,0.015165218390912116,4.436203140745221e-05,0
0.00225,-0.61,timing,5.49046293708453,1.4631026116433945,3.752616455873523,-0.7755493007926478,140.8548606508503,2,64.53086691403749,central,central,central,,17,5.49046293708453e-10,0.0025,0.2625,5.491154550757903,1.4647430440309377,3.748885904005646,-0.7752035514123337,140.8234908918746,2,64.69194714490123,central,central,central,,17,5.491154550757903e-10,0.0025,0.2625,0.0016404323875431892,0.0006916136733732259,0.0037305518678771854,0.00034574938031417535,0
0.00225,-0.61,all_shooting,11.672228219733991,1.651967550252098,7.065652238721491,-0.9081558725864278,155.25173794922802,2,371.8010100630459,central,central,central,,71,1.1672228219733994e-09,0.0025,0.2625,11.667322873104109,1.6537650645998314,7.055006253821972,-0.9078857176712165,155.2147892424731,2,372.29744813739114,central,central,central,,71,1.1667322873104109e-09,0.0025,0.2625,0.0017975143477333422,0.004905346629882956,0.010645984899518623,0.00027015491521131807,0
0.00225,-0.61,ringdown_only,2.155765585268771,0.5205437926821445,4.141372187267881,-0.8252511517206106,145.61396252357673,2,1.2592663929220014,central,central,central,,4,2.1557655852687707e-10,0.0025,0.2625,2.155765585268771,0.5205437926821445,4.141372187267881,-0.8252511517206106,145.61396252357673,2,1.2592663929220014,central,central,central,,4,2.155765585268771e-10,0.0025,0.2625,0.0,0.0,0.0,0.0,0
0.00225,-0.61,ringdown_plus_photon_geometry,7.392955982975744,1.7018632511049736,4.344036442514226,-0.8061189917935221,143.71846115861456,2,158.30169386866686,central,central,central,,31,7.392955982975745e-10,0.0025,0.2625,7.384736872698228,1.702178941716893,4.338402204206366,-0.8056639524436183,143.6744255984528,2,158.00850999457495,central,central,central,,31,7.384736872698228e-10,0.0025,0.2625,0.00031569061191949466,0.008219110277516428,0.005634238307860251,0.00045503934990376305,0
0.00225,-0.61,ringdown_plus_all_shooting,11.774300879152555,2.29216890881911,5.136750975833841,-0.849572270663887,148.16517762103894,2,728.3891935044344,central,central,central,,75,1.1774300879152556e-09,0.0025,0.2625,11.76943005787442,2.293505859090057,5.131632871670061,-0.84929821028554,148.13542072029355,2,728.635912448625,central,central,central,,75,1.176943005787442e-09,0.0025,0.2625,0.001336950270947046,0.004870821278135651,0.005118104163780224,0.00027406037834698527,0
0.00225,-0.58,orbital,4.560993940046449,0.133721316009055,34.108204108143816,-0.9957496848383264,174.71552142569985,2,0.3719805861883254,central,central,central,,18,4.5609939400464494e-10,0.0025,0.2625,4.561620115269606,0.1337500554199061,34.10555682349794,-0.9957486971826465,174.7149070423711,2,0.37224268440639857,central,central,central,,18,4.561620115269606e-10,0.0025,0.2625,2.873941085107523e-05,0.0006261752231564444,0.0026472846458744925,9.876556799071068e-07,0
0.00225,-0.58,photon_geometry,5.468281011575939,0.3913041036899705,13.974504637212922,-0.9731277856176668,166.687282293428,2,4.578576281043711,central,central,central,,27,5.468281011575939e-10,0.0025,0.2625,5.470133744102481,0.39097507825013145,13.991003642955704,-0.9732257868621724,166.71168938320912,2,4.573977672453958,central,central,central,,27,5.470133744102481e-10,0.0025,0.2625,0.00032902543983903687,0.0018527325265420558,0.016499005742781847,9.800124450565217e-05,0
0.00225,-0.58,redshift,3.089037060733604,0.1947072387325314,15.865034504325765,-0.9758157685359662,167.3735012838887,2,0.3617515771291825,central,central,central,,9,3.0890370607336037e-10,0.0025,0.2625,3.087697075947887,0.19492953759156137,15.840067719329344,-0.9757387474425645,167.35332915171034,2,0.36226358294188654,central,central,central,,9,3.087697075947887e-10,0.0025,0.2625,0.00022229885902996793,0.0013399847857171743,0.0249667849964208,7.702109340168573e-05,0
0.00225,-0.58,timing,4.326489564597603,1.1018321381120455,3.9266322109744474,-0.8192727925041835,145.0120636118327,2,22.724911073731853,central,central,central,,17,4.3264895645976026e-10,0.0025,0.2625,4.327217956704561,1.1031329642054597,3.9226621786443254,-0.8190224448947012,144.9870561267269,2,22.786271426018196,central,central,central,,17,4.327217956704561e-10,0.0025,0.2625,0.001300826093414198,0.0007283921069580757,0.003970032330121942,0.0002503476094822821,0
0.00225,-0.58,all_shooting,8.875034456145434,1.2736300567286498,6.968298533202945,-0.9120068753210416,155.7841769563582,2,127.76935273997005,central,central,central,,71,8.875034456145433e-10,0.0025,0.2625,8.876384802218395,1.274705073917379,6.96348118780119,-0.9119428619343238,155.7752367197368,2,128.0240822807462,central,central,central,,71,8.876384802218395e-10,0.0025,0.2625,0.0010750171887292659,0.0013503460729609174,0.00481734540175438,6.401338671779833e-05,0
0.00225,-0.58,ringdown_only,2.048196498577145,0.4555449392216897,4.496145873284294,-0.8500300763102889,148.2149407984089,2,0.8705739973641329,central,central,central,,4,2.0481964985771448e-10,0.0025,0.2625,2.048196498577145,0.4555449392216897,4.496145873284294,-0.8500300763102889,148.2149407984089,2,0.8705739973641329,central,central,central,,4,2.0481964985771448e-10,0.0025,0.2625,0.0,0.0,0.0,0.0,0
0.00225,-0.58,ringdown_plus_photon_geometry,5.666989686049263,1.5307103284985153,3.7021960200713178,-0.7723809661343206,140.5681816340983,2,75.24729105293024,central,central,central,,31,5.666989686049263e-10,0.0025,0.2625,5.668864836824585,1.5303026630144985,3.704407614149775,-0.7727347856555219,140.6001094190788,2,75.25699489390813,central,central,central,,31,5.668864836824585e-10,0.0025,0.2625,0.0004076654840168281,0.0018751507753220764,0.0022115940784570576,0.0003538195212012818,0
0.00225,-0.58,ringdown_plus_all_shooting,9.000487406090114,1.944794760487248,4.627988304449738,-0.8357237987991084,146.69128045711506,2,306.39354303798603,central,central,central,,75,9.000487406090113e-10,0.0025,0.2625,9.001847003243874,1.9453690655368847,4.627320934991601,-0.8357489414218375,146.6939038138239,2,306.6671562081331,central,central,central,,75,9.001847003243875e-10,0.0025,0.2625,0.0005743050496367363,0.001359597153760106,0.000667369458136946,2.5142622729124042e-05,0
0.00225,-0.55,orbital,3.5240947072787847,0.0954254236730074,36.93035431893637,-0.9962449888349368,175.03317065205331,2,0.1130897739767785,central,central,central,,18,3.5240947072787845e-10,0.0025,0.2625,3.524151888236187,0.09545512685676749,36.919461576162945,-0.996242842087,175.03175019139744,2,0.1131638603474772,central,central,central,,18,3.524151888236187e-10,0.0025,0.2625,2.9703183760096397e-05,5.7180957402369614e-05,0.01089274277342156,2.146747936859761e-06,0
0.00225,-0.55,photon_geometry,4.139522632336777,0.2767947376795465,14.955207122214969,-0.9762954657662144,167.49985669393976,2,1.3128532427354282,central,central,central,,27,4.1395226323367767e-10,0.0025,0.2625,4.141315640964305,0.2768456019336287,14.9589359991247,-0.9763043210312363,167.5022010448795,2,1.3144737641410864,central,central,central,,27,4.1413156409643054e-10,0.0025,0.2625,5.0864254082239047e-05,0.001793008627528181,0.003728876909731227,8.855265021923131e-06,0
0.00225,-0.55,redshift,2.155526039219591,0.1612218504605529,13.369937344485423,-0.96573583853853,164.95799912120117,2,0.120768688567722,central,central,central,,9,2.1555260392195915e-10,0.0025,0.2625,2.1555720566218,0.16139585915027088,13.355807689061036,-0.9656797618580261,164.94562404697783,2,0.1210346911303543,central,central,central,,9,2.1555720566218e-10,0.0025,0.2625,0.00017400868971798045,4.601740220877559e-05,0.014129655424387266,5.6076680503891474e-05,0
0.00225,-0.55,timing,3.5334998164816693,0.8372611436493829,4.220307897103823,-0.852009966597615,148.430962075686,2,8.75249798194367,central,central,central,,17,3.5334998164816687e-10,0.0025,0.2625,3.5337227071989843,0.8386908972066819,4.213379111384531,-0.8516657608542876,148.39331157817355,2,8.783524019162327,central,central,central,,17,3.5337227071989846e-10,0.0025,0.2625,0.0014297535572990183,0.0002228907173149608,0.006928785719292563,0.00034420574332738596,0
0.00225,-0.55,all_shooting,6.817517754960168,1.0104337163577597,6.747120216390641,-0.9102714109470588,155.54288549119153,2,47.45349608742224,central,central,central,,71,6.817517754960168e-10,0.0025,0.2625,6.818715880476155,1.0120023648294734,6.737845797055165,-0.9100643965067917,155.51425216477358,2,47.61768133656122,central,central,central,,71,6.818715880476155e-10,0.0025,0.2625,0.001568648471713674,0.0011981255159874138,0.009274419335476125,0.0002070144402670504,0
0.00225,-0.55,ringdown_only,1.9441445032587523,0.3992487741690408,4.869506505824879,-0.8715154337688005,150.63522307219614,2,0.6024822636375783,central,central,central,,4,1.9441445032587522e-10,0.0025,0.2625,1.9441445032587523,0.39924877416904087,4.869506505824879,-0.8715154337688005,150.63522307219614,2,0.6024822636375783,central,central,central,,4,1.9441445032587525e-10,0.0025,0.2625,5.551115123125783e-17,0.0,0.0,0.0,0
0.00225,-0.55,ringdown_plus_photon_geometry,4.381812771254677,1.3968096582325056,3.13701494361038,-0.7305392401448796,136.93161952272754,2,37.46123512114009,central,central,central,,31,4.3818127712546765e-10,0.0025,0.2625,4.383478929054772,1.3969068104798998,3.1379895181045407,-0.7306039718546181,136.93705106599015,2,37.49494457829618,central,central,central,,31,4.3834789290547723e-10,0.0025,0.2625,9.715224739426098e-05,0.0016661578000949362,0.0009745744941609402,6.473170973853026e-05,0
0.00225,-0.55,ringdown_plus_all_shooting,6.968878818454995,1.6950958914662413,4.111200347743739,-0.8135208649132771,144.44136982346473,2,139.54502820855785,central,central,central,,75,6.968878818454994e-10,0.0025,0.2625,6.970062359731081,1.69598442792523,4.109744314255205,-0.8134311928540655,144.43253584081185,2,139.73881241815187,central,central,central,,75,6.970062359731081e-10,0.0025,0.2625,0.0008885364589887867,0.0011835412760863306,0.0014560334885338477,8.967205921162069e-05,0
0.00225,-0.525,orbital,2.7675293208189764,0.0817192306341803,33.8663164024138,-0.9954188410833412,174.51355226958722,2,0.0511485115359274,central,central,central,,18,2.7675293208189767e-10,0.0025,0.2625,2.7679505802385655,0.08139007079609958,34.00845524723653,-0.9954573859428484,174.53669948205498,2,0.05075274264068322,central,central,central,,18,2.7679505802385655e-10,0.0025,0.2625,0.0003291598380807115,0.00042125941958914837,0.14213884482273187,3.8544859507161355e-05,0
0.00225,-0.525,photon_geometry,3.220881044317744,0.2176491064705135,14.798503410139656,-0.9754351195306388,167.2741141988783,2,0.4914316781224842,central,central,central,,27,3.220881044317744e-10,0.0025,0.2625,3.2213948097803375,0.21771031237869892,14.79670289653915,-0.9754296610118972,167.27269453706253,2,0.4918649896811959,central,central,central,,27,3.2213948097803374e-10,0.0025,0.2625,6.120590818542437e-05,0.0005137654625935184,0.0018005136005054823,5.458518741563445e-06,0
0.00225,-0.525,redshift,1.5881433587044065,0.142077407532472,11.17801476171666,-0.9509646387797634,161.9829724976135,2,0.0509130897308172,central,central,central,,9,1.5881433587044063e-10,0.0025,0.2625,1.5883693621102515,0.1422393112903303,11.166880292805748,-0.9508860992564543,161.96842922723644,2,0.051043716094914975,central,central,central,,9,1.5883693621102515e-10,0.0025,0.2625,0.00016190375785829492,0.0002260034058449989,0.011134468910912076,7.853952330916236e-05,0
0.00225,-0.525,timing,2.9859412947494097,0.6704072291379839,4.45392168367391,-0.8714236936634754,150.62450572011034,2,4.007189747005113,central,central,central,,17,2.98594129474941e-10,0.0025,0.2625,2.984701582393323,0.671207406620431,4.44676496855342,-0.8710804131742018,150.58443422516774,2,4.013426482648961,central,central,central,,17,2.984701582393323e-10,0.0025,0.2625,0.0008001774824470953,0.001239712356086553,0.007156715120490098,0.00034328048927356747,0
0.00225,-0.525,all_shooting,5.411387796101387,0.843742327813556,6.413554965441008,-0.9049251088199706,154.81319836561715,2,20.84668429109616,central,central,central,,71,5.411387796101386e-10,0.0025,0.2625,5.411284020014826,0.8444373774326609,6.408153126128462,-0.9047783860522964,154.79345190899033,2,20.880243305341946,central,central,central,,71,5.411284020014826e-10,0.0025,0.2625,0.0006950496191049371,0.00010377608656142456,0.005401839312545675,0.0001467227676741345,0
0.00225,-0.525,ringdown_only,1.859936681996459,0.3582992901699405,5.191014141039172,-0.8869183152263687,152.48852217786856,2,0.4441076099600649,central,central,central,,4,1.8599366819964588e-10,0.0025,0.2625,1.8599366819964587,0.3582992901699405,5.1910141410391715,-0.8869183152263687,152.48852217786856,2,0.44410760996006493,central,central,central,,4,1.8599366819964588e-10,0.0025,0.2625,0.0,2.220446049250313e-16,8.881784197001252e-16,0.0,0
0.00225,-0.525,ringdown_plus_photon_geometry,3.51434437634629,1.2878556914531414,2.7288339832399298,-0.6957257202380698,134.08507597746365,2,20.48439001938713,central,central,central,,31,3.5143443763462904e-10,0.0025,0.2625,3.514804944556733,1.2878941511970416,2.7291101068281693,-0.6957506677630324,134.08706594951963,2,20.490983291667213,central,central,central,,31,3.514804944556733e-10,0.0025,0.2625,3.845974390026541e-05,0.0004605682104430464,0.00027612358823958516,2.494752496262631e-05,0
0.00225,-0.525,ringdown_plus_all_shooting,5.591100561201822,1.523927935448471,3.668874643705799,-0.7902556393670147,142.20940780855764,2,72.597801259042,central,central,central,,75,5.591100561201821e-10,0.0025,0.2625,5.590999437577966,1.5243153745364793,3.667875776217308,-0.7901618581479468,142.20063996111563,2,72.63209267027366,central,central,central,,75,5.590999437577966e-10,0.0025,0.2625,0.0003874390880083123,0.00010112362385594764,0.0009988674884908733,9.378121906788994e-05,0
0.00225,-0.5,orbital,2.13209182542136,0.0732202461837243,29.118883595003386,-0.9936741664044908,173.55198977543532,2,0.0243710465718927,central,central,central,,18,2.13209182542136e-10,0.0025,0.2625,2.1323188280313503,0.0729903849536342,29.213694781660166,-0.993713506277153,173.57209200635126,2,0.024223427381385092,central,central,central,,18,2.1323188280313505e-10,0.0025,0.2625,0.00022986123009009762,0.00022700260999020117,0.09481118665678068,3.9339872662247366e-05,0
0.00225,-0.5,photon_geometry,2.469286371504101,0.1775155241757982,13.910255922511336,-0.9717822074365772,166.35650270681887,2,0.1921390315131068,central,central,central,,27,2.4692863715041013e-10,0.0025,0.2625,2.469753010001524,0.1775602201386449,13.909382451052714,-0.9717791625916748,166.3557631266279,2,0.1923084627955434,central,central,central,,27,2.469753010001524e-10,0.0025,0.2625,4.469596284670252e-05,0.00046663849742278884,0.0008734714586218217,3.0448449023223745e-06,0
0.00225,-0.5,redshift,1.1657265377413226,0.1281567464310532,9.096099660804583,-0.9267056927764988,157.92698067909726,2,0.0223190812455287,central,central,central,,9,1.1657265377413227e-10,0.0025,0.2625,1.1659103603485332,0.1282998633098468,9.087385834019447,-0.9266058722279327,157.91176618190906,2,0.02237601323948725,central,central,central,,9,1.1659103603485332e-10,0.0025,0.2625,0.00014311687879359214,0.00018382260721061527,0.008713826785136547,9.982054856616518e-05,0
0.00225,-0.5,timing,2.521969365736465,0.5391692628317097,4.677509531035051,-0.8865460102280333,152.4423783934186,2,1.8489700032138572,central,central,central,,17,2.5219693657364645e-10,0.0025,0.2625,2.520628921057921,0.5401212059659657,4.666783850024862,-0.886139426359519,152.3920672704613,2,1.8535328491741538,central,central,central,,17,2.520628921057921e-10,0.0025,0.2625,0.0009519431342559503,0.001340444678544106,0.010725681010189447,0.0004065838685142209,0
0.00225,-0.5,all_shooting,4.266708489689638,0.7082639722979706,6.024178352382168,-0.8978219936729421,153.873238632209,2,9.132217482970836,central,central,central,,71,4.266708489689637e-10,0.0025,0.2625,4.266305337029335,0.7092717477780129,6.015050437853614,-0.8975531110896534,153.83827562309926,2,9.156493490439596,central,central,central,,71,4.266305337029335e-10,0.0025,0.2625,0.0010077754800423833,0.0004031526603025526,0.00912791452855366,0.00026888258328872094,0
0.00225,-0.5,ringdown_only,1.7779118227053836,0.3222619064888034,5.516977920464065,-0.9001405098162076,154.17654277529837,2,0.3282754307581379,central,central,central,,4,1.7779118227053835e-10,0.0025,0.2625,1.7779118227053836,0.32226190648880343,5.516977920464065,-0.9001405098162076,154.17654277529837,2,0.3282754307581379,central,central,central,,4,1.7779118227053837e-10,0.0025,0.2625,5.551115123125783e-17,0.0,0.0,0.0,0
0.00225,-0.5,ringdown_plus_photon_geometry,2.8334582951393346,1.1684280984360016,2.425017250896361,-0.6702291839584834,132.08475579370088,2,10.96068342441476,central,central,central,,31,2.8334582951393347e-10,0.0025,0.2625,2.8338438186028334,1.1684861829063973,2.4252266394405804,-0.670246325726745,132.0860791861068,2,10.964756343329997,central,central,central,,31,2.8338438186028337e-10,0.0025,0.2625,5.8084470395680654e-05,0.00038552346349884914,0.0002093885442193688,1.7141768261619283e-05,0
0.00225,-0.5,ringdown_plus_all_shooting,4.482790944060912,1.3696159052740968,3.273027807868357,-0.7672625448314698,140.10870016174937,2,37.695937910552274,central,central,central,,75,4.4827909440609117e-10,0.0025,0.2625,4.482420606890362,1.3700935477459455,3.271616463171266,-0.7671215550870092,140.0961059966427,2,37.71600235960546,central,central,central,,75,4.4824206068903625e-10,0.0025,0.2625,0.0004776424718486716,0.0003703371705494618,0.0014113446970909216,0.00014098974446064005,0
0.00225,-0.475,orbital,1.616507555483049,0.066212701357865,24.41385900789916,-0.9908833196417112,172.2574059254682,2,0.0114561341620044,central,central,central,,18,1.616507555483049e-10,0.0025,0.2625,1.6164249304324194,0.06603194716139933,24.4794376043683,-0.9909345234786707,172.27921273693443,2,0.011392506579794239,central,central,central,,18,1.6164249304324196e-10,0.0025,0.2625,0.00018075419646566837,8.262505062961445e-05,0.0655785964691411,5.120383695955688e-05,0
0.00225,-0.475,photon_geometry,1.868384976534876,0.1481628839777921,12.610344280386204,-0.9653760993873666,164.87878326726505,2,0.0766322503211367,central,central,central,,27,1.868384976534876e-10,0.0025,0.2625,1.8687770319079537,0.14819586338503715,12.610183504600021,-0.9653756424293547,164.87868290124808,2,0.07669854726979206,central,central,central,,27,1.868777031907954e-10,0.0025,0.2625,3.2979407245059544e-05,0.00039205537307784866,0.00016077578618300947,4.569580118740646e-07,0
0.00225,-0.475,redshift,0.8501547901654027,0.1166032296151405,7.29100551478218,-0.8904498018811309,152.9298233024259,2,0.0098269143599258,central,central,central,,9,8.501547901654028e-11,0.0025,0.2625,0.8503130591425165,0.11672958442024646,7.284469171767494,-0.8903363274478036,152.91554009990787,2,0.009851890513888042,central,central,central,,9,8.503130591425166e-11,0.0025,0.2625,0.0001263548051059632,0.00015826897711379573,0.006536343014685642,0.00011347443332732077,0
0.00225,-0.475,timing,2.132928297256709,0.4322051479023322,4.934990496084278,-0.9003067752242714,154.1984208141999,2,0.8498306351750471,central,central,central,,17,2.1329282972567086e-10,0.0025,0.2625,2.132241475280585,0.43284337975361126,4.926127035821427,-0.9000463275207014,154.164157450808,2,0.8517935211910018,central,central,central,,17,2.1322414752805852e-10,0.0025,0.2625,0.0006382318512790364,0.0006868219761240191,0.008863460262850786,0.00026044770357003255,0
0.00225,-0.475,all_shooting,3.35447958655249,0.5918665849639712,5.667627927933604,-0.8917523240394672,153.09427578592943,2,3.941830541100926,central,central,central,,71,3.3544795865524904e-10,0.0025,0.2625,3.3542100124267424,0.5926379754514454,5.659795948566498,-0.8915247244221268,153.0654727883981,2,3.95147697861657,central,central,central,,71,3.3542100124267423e-10,0.0025,0.2625,0.0007713904874742106,0.0002695741257476847,0.007831979367106001,0.00022759961734042378,0
0.00225,-0.475,ringdown_only,1.698108714875104,0.2903133554901467,5.849226991325027,-0.9115688479967556,155.72306303719873,2,0.2430328683240998,central,central,central,,4,1.698108714875104e-10,0.0025,0.2625,1.698108714875104,0.2903133554901467,5.849226991325027,-0.9115688479967556,155.72306303719873,2,0.24303286832409987,central,central,central,,4,1.698108714875104e-10,0.0025,0.2625,0.0,0.0,0.0,0.0,0
0.00225,-0.475,ringdown_plus_photon_geometry,2.3285161409508714,1.0289228804783337,2.263061872886307,-0.6622307331741023,131.4702238966119,2,5.74016207828263,central,central,central,,31,2.3285161409508714e-10,0.0025,0.2625,2.3287954719259605,1.0290074396033313,2.2631473615231394,-0.6622321141665076,131.4703294953083,2,5.742483094529842,central,central,central,,31,2.3287954719259603e-10,0.0025,0.2625,8.455912499760743e-05,0.0002793309750890316,8.548863683266461e-05,1.3809924053198586e-06,0
0.00225,-0.475,ringdown_plus_all_shooting,3.616766197221725,1.220531309528479,2.963271952948892,-0.7500036214680244,138.5906915944044,2,19.48671885037652,central,central,central,,75,3.6167661972217244e-10,0.0025,0.2625,3.6165638264052444,1.2207643994066906,2.9625403789322062,-0.7499533759821193,138.5863393362492,2,19.491981005413827,central,central,central,,75,3.616563826405245e-10,0.0025,0.2625,0.00023308987821146765,0.00020237081648044608,0.0007315740166857765,5.024548590504274e-05,0
0.00225,-0.45,orbital,1.3704517110817456,0.0647976385681095,21.14971689348289,-0.98475575133426,169.98285642301326,2,0.0078858013579304,central,one_sided_backward,one_sided,,18,1.3704517110817456e-10,0.0025,0.2625,1.3705717277923144,0.06422057223731177,21.341630571706744,-0.9850298344072335,170.07354418259945,2,0.00774732687182897,central,one_sided_backward,one_sided,,18,1.3705717277923145e-10,0.0025,0.2625,0.0005770663307977236,0.00012001671056882657,0.1919136782238553,0.00027408307297349666,0
0.00225,-0.45,photon_geometry,1.584572869264463,0.1346016090117172,11.772317440325129,-0.9502377869904332,161.84881065972996,2,0.0454909424515705,central,one_sided_backward,one_sided,,27,1.5845728692644628e-10,0.0025,0.2625,1.5849212130002757,0.13462924899618167,11.772487960957331,-0.9502399183514239,161.84920266377685,2,0.04552963856051039,central,one_sided_backward,one_sided,,27,1.5849212130002757e-10,0.0025,0.2625,2.763998446447813e-05,0.00034834373581271727,0.00017052063220290847,2.1313609906981057e-06,0
0.00225,-0.45,redshift,0.7078983563410106,0.1122498654154119,6.306451715743578,-0.8260886617932455,145.69902061974625,2,0.0063141292237216,central,one_sided_backward,one_sided,,9,7.078983563410107e-11,0.0025,0.2625,0.7080423386773186,0.11236856838783069,6.301071098757527,-0.825974699993901,145.6874357088474,2,0.006330064736245629,central,one_sided_backward,one_sided,,9,7.080423386773186e-11,0.0025,0.2625,0.00011870297241878269,0.00014398233630796842,0.005380616986051301,0.00011396179934441975,0
0.00225,-0.45,timing,1.9178565534230456,0.3889656127040445,4.9306583687188335,-0.8938480992209401,153.36085297348757,2,0.5564865324660355,central,one_sided_backward,one_sided,,17,1.9178565534230458e-10,0.0025,0.2625,1.9174575323503986,0.3894804114970879,4.923116736423432,-0.8936437470737582,153.33475130740047,2,0.5577283854877684,central,one_sided_backward,one_sided,,17,1.9174575323503986e-10,0.0025,0.2625,0.0005147987930433917,0.00039902107264699893,0.007541632295401612,0.00020435214718195205,0
0.00225,-0.45,all_shooting,2.909223167380833,0.5393830572729544,5.393612439533158,-0.8690860274284782,150.3526030859149,2,2.4623437181238894,central,one_sided_backward,one_sided,,71,2.9092231673808326e-10,0.0025,0.2625,2.9091858209520605,0.5400169590165829,5.3872119613612455,-0.8688826815289704,150.32905835835294,2,2.468071415422532,central,one_sided_backward,one_sided,,71,2.9091858209520604e-10,0.0025,0.2625,0.0006339017436284289,3.7346428772622176e-05,0.006400478171912916,0.0002033458995077675,0
0.00225,-0.45,ringdown_only,1.6250700362681951,0.2806743264151443,5.789877745585324,-0.9127570199958756,155.88917579954727,2,0.2080412926058799,central,one_sided_backward,one_sided,,4,1.625070036268195e-10,0.0025,0.2625,1.6250700362681951,0.28067432641514434,5.789877745585324,-0.9127570199958756,155.88917579954727,2,0.20804129260587995,central,one_sided_backward,one_sided,,4,1.6250700362681953e-10,0.0025,0.2625,5.551115123125783e-17,0.0,0.0,0.0,0
0.00225,-0.45,ringdown_plus_photon_geometry,2.078102957732189,0.9644208461598034,2.1547677717740354,-0.640090440419058,129.7985637441953,2,4.016680605610217,central,one_sided_backward,one_sided,,31,2.0781029577321892e-10,0.0025,0.2625,2.0783247654876926,0.9645191317694929,2.154778165649061,-0.6400776091905253,129.79760686467088,2,4.018357006413705,central,one_sided_backward,one_sided,,31,2.0783247654876928e-10,0.0025,0.2625,9.828560968949684e-05,0.00022180775550362242,1.0393875025549448e-05,1.2831228532794725e-05,0
0.00225,-0.45,ringdown_plus_all_shooting,3.1823860488986897,1.1604151223414727,2.742454822957931,-0.7149398221108134,135.63826758295275,2,13.637428400198456,central,one_sided_backward,one_sided,,75,3.18238604889869e-10,0.0025,0.2625,3.1824089328166845,1.1605535495908477,2.74214742950779,-0.7149482032167268,135.63895438867436,2,13.640878418861018,central,one_sided_backward,one_sided,,75,3.1824089328166844e-10,0.0025,0.2625,0.00013842724937496165,2.2883917994764857e-05,0.00030739345014119124,8.381105913390918e-06,0
0.0025,-0.7125,orbital,437.6247950800116,9.69469034913335,45.140667656201394,-0.9987425449541965,177.1263796964088,2,17999967.67349929,one_sided_backward,one_sided_forward,one_sided,,18,4.376247950800116e-08,0.0025,0.2625,437.56698892820003,9.695772826781775,45.12966596324817,-0.9987419304049674,177.1256774304314,2,17999231.530446187,one_sided_backward,one_sided_forward,one_sided,,18,4.3756698892820004e-08,0.0025,0.2625,0.0010824776484259502,0.057806151811576,0.011001692953222175,6.145492290610122e-07,0
0.0025,-0.7125,photon_geometry,322.05220926729663,11.013569118833884,29.241402654527988,-0.9968634396622098,175.46081341761462,2,12580813.630639078,one_sided_backward,one_sided_forward,one_sided,,27,3.220522092672966e-08,0.0025,0.2625,322.2767453424848,11.029692761562783,29.219013830156932,-0.9968583123939082,175.45710293351556,2,12635277.03004761,one_sided_backward,one_sided_forward,one_sided,,27,3.222767453424848e-08,0.0025,0.2625,0.016123642728899767,0.22453607518815488,0.02238882437105616,5.127268301596821e-06,0
0.0025,-0.7125,redshift,55.17903016574721,2.0944911882501347,26.34483757931067,-0.9954152461731928,174.5113983921807,2,13356.885440791424,one_sided_backward,one_sided_forward,one_sided,,9,5.517903016574721e-09,0.0025,0.2625,55.20616599520345,2.093634457846609,26.36857918931336,-0.9954231301506824,174.51612315214493,2,13359.090403810766,one_sided_backward,one_sided_forward,one_sided,,9,5.520616599520345e-09,0.0025,0.2625,0.0008567304035258516,0.027135829456241822,0.023741610002687707,7.8839774896311e-06,0
0.0025,-0.7125,timing,228.55395613810697,7.137267836610329,32.02261164499791,-0.9974138883714662,175.87850381006362,2,2660979.1727439463,one_sided_backward,one_sided_forward,one_sided,,17,2.28553956138107e-08,0.0025,0.2625,228.4034182898575,7.176507023640123,31.826544241853885,-0.9973819100379793,175.8530890417139,2,2686775.794480715,one_sided_backward,one_sided_forward,one_sided,,17,2.2840341828985753e-08,0.0025,0.2625,0.039239187029793676,0.15053784824945637,0.19606740314402415,3.197833348689283e-05,0
0.0025,-0.7125,all_shooting,592.0001114074008,17.922173529353728,33.03171406290632,-0.9976054345569604,176.03413719739706,2,112570587.57163264,one_sided_backward,one_sided_forward,one_sided,,71,5.9200011140740084e-08,0.0025,0.2625,592.0238721859473,17.95257897912341,32.977093312019214,-0.9975973957988689,176.02748324353232,2,112961936.87079524,one_sided_backward,one_sided_forward,one_sided,,71,5.9202387218594736e-08,0.0025,0.2625,0.03040544976968107,0.023760778546488837,0.0546207508871035,8.038758091521991e-06,0
0.0025,-0.7125,ringdown_only,2.604639758597857,0.8416906612429714,3.094533275148189,-0.7436598728358899,138.04412093380944,2,4.8061835023473645,one_sided_backward,one_sided_forward,one_sided,,4,2.6046397585978567e-10,0.0025,0.2625,2.604639758597857,0.8416906612429714,3.094533275148189,-0.7436598728358899,138.04412093380944,2,4.8061835023473645,one_sided_backward,one_sided_forward,one_sided,,4,2.604639758597857e-10,0.0025,0.2625,0.0,0.0,0.0,0.0,0
0.0025,-0.7125,ringdown_plus_photon_geometry,322.0598679227046,11.129162759767928,28.93837343155366,-0.996797768106643,175.41351497029996,2,12846896.009064266,one_sided_backward,one_sided_forward,one_sided,,31,3.220598679227046e-08,0.0025,0.2625,322.28439827157956,11.145130467004641,28.917059268683154,-0.9967927200069588,175.4098993206563,2,12901757.579771638,one_sided_backward,one_sided_forward,one_sided,,31,3.2228439827157955e-08,0.0025,0.2625,0.01596770723671348,0.22453034887496415,0.021314162870506692,5.0480996841573145e-06,0
0.0025,-0.7125,ringdown_plus_all_shooting,592.0043328408609,17.991628594417595,32.904432732929294,-0.9975869485251986,176.01885227109506,2,113446401.6218152,one_sided_backward,one_sided_forward,one_sided,,75,5.920043328408609e-08,0.0025,0.2625,592.0280933499192,18.021920151448086,32.85044481247183,-0.997578909968264,176.0122239462602,2,113837868.03714304,one_sided_backward,one_sided_forward,one_sided,,75,5.920280933499193e-08,0.0025,0.2625,0.030291557030491134,0.023760509058320167,0.05398792045746603,8.03855693454203e-06,0
0.0025,-0.69,orbital,224.32775302717312,5.333219774220746,42.06234929816864,-0.9863992192817648,170.53952352255757,2,1431347.1378587754,one_sided_backward,central,one_sided,,18,2.2432775302717317e-08,0.0025,0.2625,224.29827108442854,5.333902385846686,42.05143905137742,-0.9863925166734308,170.5371873863673,2,1431337.2674913274,one_sided_backward,central,one_sided,,18,2.2429827108442853e-08,0.0025,0.2625,0.0006826116259404102,0.029481942744581602,0.010910246791219436,6.7026083340193665e-06,0
0.0025,-0.69,photon_geometry,171.79445729287002,5.543248327382267,30.99165816625031,-0.9801646916873946,168.5691744590748,2,906874.0292356964,one_sided_backward,central,one_sided,,27,1.7179445729287004e-08,0.0025,0.2625,171.92493349549432,5.546294854393008,30.998159673988326,-0.9801785214013962,168.57317336013884,2,909250.6873455052,one_sided_backward,central,one_sided,,27,1.7192493349549432e-08,0.0025,0.2625,0.0030465270107411513,0.13047620262429405,0.0065015077380152775,1.3829714001545312e-05,0
0.0025,-0.69,redshift,34.5152812892789,1.172654971619924,29.433449842112516,-0.987667245768887,170.9922770826887,2,1638.186461683417,one_sided_backward,central,one_sided,,9,3.45152812892789e-09,0.0025,0.2625,34.534290735529666,1.1733502548464814,29.432209685800988,-0.9876689165469393,170.99288852309266,2,1641.9367590974718,one_sided_backward,central,one_sided,,9,3.453429073552967e-09,0.0025,0.2625,0.0006952832265574305,0.019009446250763062,0.0012401563115282954,1.6707780523539384e-06,0
0.0025,-0.69,timing,122.20900743120056,4.34309375927511,28.138698864193533,-0.977056698496087,167.70299224015963,2,281711.673648362,one_sided_backward,central,one_sided,,17,1.2220900743120056e-08,0.0025,0.2625,122.13151774014457,4.3423293307876,28.125807242260155,-0.9770432029237528,167.69936218426662,2,281255.5004055445,one_sided_backward,central,one_sided,,17,1.2213151774014457e-08,0.0025,0.2625,0.000764428487509683,0.07748969105598746,0.01289162193337745,1.349557233421006e-05,0
0.0025,-0.69,all_shooting,309.75551096974385,9.672348045112049,32.02485162083056,-0.9795320975166418,168.38771052960072,2,8976394.165040525,one_sided_backward,central,one_sided,,71,3.0975551096974385e-08,0.0025,0.2625,309.7780606606231,9.67572428635961,32.016007431850234,-0.9795252351490835,168.38575734791442,2,8983969.773860425,one_sided_backward,central,one_sided,,71,3.0977806066062315e-08,0.0025,0.2625,0.003376241247561751,0.022549690879259288,0.00884418898032635,6.862367558313487e-06,0
0.0025,-0.69,ringdown_only,2.5120014015789924,0.8152995523555319,3.081077861899244,-0.7436698550718948,138.04497642371234,2,4.1944417013749575,one_sided_backward,central,one_sided,,4,2.5120014015789924e-10,0.0025,0.2625,2.5120014015789924,0.8152995523555319,3.0810778618992436,-0.7436698550718948,138.04497642371234,2,4.1944417013749575,one_sided_backward,central,one_sided,,4,2.5120014015789924e-10,0.0025,0.2625,0.0,0.0,4.440892098500626e-16,0.0,0
0.0025,-0.69,ringdown_plus_photon_geometry,171.80212981788787,5.921673159671071,29.01243030228823,-0.9774771742386448,167.8166257839665,2,1035013.3546843582,one_sided_backward,central,one_sided,,31,1.7180212981788792e-08,0.0025,0.2625,171.9326005905568,5.924513702550163,29.020542313295635,-0.9774958208859631,167.82168921737903,2,1037580.69070815,one_sided_backward,central,one_sided,,31,1.719326005905568e-08,0.0025,0.2625,0.0028405428790918563,0.1304707726689287,0.008112011007405329,1.8646647318321108e-05,0
0.0025,-0.69,ringdown_plus_all_shooting,309.7596963097738,9.896277042970956,31.30062901076393,-0.9786098692472874,168.12806422858026,2,9397092.65766432,one_sided_backward,central,one_sided,,75,3.097596963097738e-08,0.0025,0.2625,309.7822458393072,9.899572429102042,31.292487433965526,-0.9786033717265542,168.1262547606894,2,9404721.141199024,one_sided_backward,central,one_sided,,75,3.097822458393072e-08,0.0025,0.2625,0.00329538613108582,0.022549529533421264,0.00814157679840477,6.497520733228512e-06,0
0.0025,-0.6666666666666666,orbital,43.50102284529134,1.4784779579607352,29.422841653515285,-0.9864777822911576,170.56694872128313,2,4136.458254715351,one_sided_backward,central,one_sided,,18,4.350102284529134e-09,0.0025,0.2625,43.495268072936035,1.4784439113755343,29.419626769924825,-0.9864743652918293,170.5657542534432,2,4135.173441573087,one_sided_backward,central,one_sided,,18,4.349526807293604e-09,0.0025,0.2625,3.404658520089754e-05,0.005754772355302862,0.0032148835904592943,3.4169993282651134e-06,0
0.0025,-0.6666666666666666,photon_geometry,40.19776812751765,1.6383089268894115,24.53613446631184,-0.9817340705976444,169.0321422633168,2,4337.0604638635605,one_sided_backward,central,one_sided,,27,4.019776812751765e-09,0.0025,0.2625,40.23074055196805,1.6459411570040627,24.442392962088586,-0.9815963032726994,168.99073121387724,2,4384.748254486212,one_sided_backward,central,one_sided,,27,4.023074055196805e-09,0.0025,0.2625,0.007632230114651195,0.032972424450399274,0.093741504223253,0.00013776732494497068,0
0.0025,-0.6666666666666666,redshift,14.120467954812616,0.606610967963226,23.27763377280153,-0.9838989979882768,169.70447435233942,2,73.3700298740308,one_sided_backward,central,one_sided,,9,1.4120467954812615e-09,0.0025,0.2625,14.127857275006633,0.6058376332216223,23.319543884852234,-0.9839452351718448,169.71930763829477,2,73.25969261135846,one_sided_backward,central,one_sided,,9,1.4127857275006633e-09,0.0025,0.2625,0.0007733347416036818,0.007389320194016946,0.041910112050704385,4.623718356799866e-05,0
0.0025,-0.6666666666666666,timing,29.65604734587312,2.4645165337667363,12.033210952148568,-0.9329178242819324,158.89431717043252,2,5341.829287649252,one_sided_backward,central,one_sided,,17,2.9656047345873116e-09,0.0025,0.2625,29.646390121940257,2.4572005265770067,12.06510815917781,-0.9333075495955008,158.9564156886972,2,5306.70368177347,one_sided_backward,central,one_sided,,17,2.964639012194026e-09,0.0025,0.2625,0.007316007189729579,0.00965722393286228,0.03189720702924248,0.0003897253135684009,0
0.0025,-0.6666666666666666,all_shooting,67.72575477115925,3.406203599956508,19.88306123921189,-0.972510416735036,166.5345261208953,2,53216.81941184237,one_sided_backward,central,one_sided,,71,6.772575477115925e-09,0.0025,0.2625,67.73894295335013,3.404559951210546,19.896534037905386,-0.9725505749087175,166.54441072640427,2,53186.18046964551,one_sided_backward,central,one_sided,,71,6.773894295335013e-09,0.0025,0.2625,0.001643648745961901,0.013188182190887687,0.013472798693495491,4.0158173681525966e-05,0
0.0025,-0.6666666666666666,ringdown_only,2.4164644540990867,0.7326294394768548,3.298344734583148,-0.7696038348569865,140.31832688810152,2,3.1342205538970456,one_sided_backward,central,one_sided,,4,2.416464454099087e-10,0.0025,0.2625,2.4164644540990867,0.7326294394768548,3.2983447345831474,-0.7696038348569865,140.31832688810152,2,3.1342205538970456,one_sided_backward,central,one_sided,,4,2.416464454099087e-10,0.0025,0.2625,0.0,0.0,4.440892098500626e-16,0.0,0
0.0025,-0.6666666666666666,ringdown_plus_photon_geometry,40.23089185792563,2.529032471718456,15.907621712183506,-0.9584724024845496,163.43007500083533,2,10352.09220927454,one_sided_backward,central,one_sided,,31,4.023089185792563e-09,0.0025,0.2625,40.263836743538896,2.533989876705675,15.889501814381388,-0.9583801872975543,163.4115583614733,2,10409.744352600792,one_sided_backward,central,one_sided,,31,4.0263836743538895e-09,0.0025,0.2625,0.004957404987219416,0.03294488561326858,0.018119897802117535,9.221518699531472e-05,0
0.0025,-0.6666666666666666,ringdown_plus_all_shooting,67.74539712208232,3.913731903494528,17.30966729264036,-0.9643063487366426,164.64557872398416,2,70297.79953408835,one_sided_backward,central,one_sided,,75,6.774539712208233e-09,0.0025,0.2625,67.75858220057583,3.912289025613437,17.319421381438314,-0.9643500812733655,164.65504453596463,2,70273.32180294847,one_sided_backward,central,one_sided,,75,6.775858220057583e-09,0.0025,0.2625,0.001442877881090876,0.013185078493506808,0.009754088797954807,4.37325367229624e-05,0
0.0025,-0.64,orbital,12.63425271628035,1.1621696284737115,10.871263890171551,-0.9221582061461226,157.24366461960224,2,215.594740786744,one_sided_backward,central,one_sided,,18,1.263425271628035e-09,0.0025,0.2625,12.633172989750276,1.1625870448218698,10.866431933865146,-0.9220689425870675,157.23044629420338,2,215.7127644166676,one_sided_backward,central,one_sided,,18,1.2633172989750278e-09,0.0025,0.2625,0.00041741634815828377,0.0010797265300741543,0.004831956306405871,8.92635590551416e-05,0
0.0025,-0.64,photon_geometry,14.337114580719977,1.1031679553724227,12.996311677563051,-0.948909641510056,161.60610538224986,2,250.15361785562004,one_sided_backward,central,one_sided,,27,1.4337114580719974e-09,0.0025,0.2625,14.34389847850204,1.1046412544124347,12.985119305662403,-0.948716074237398,161.57099065943217,2,251.05965206704892,one_sided_backward,central,one_sided,,27,1.434389847850204e-09,0.0025,0.2625,0.0014732990400119217,0.0067838977820624535,0.011192371900648368,0.00019356727265795737,0
0.0025,-0.64,redshift,7.659446849780116,0.4289578912040435,17.855941123453366,-0.9752726878084432,167.2319350766306,2,10.795037043450758,one_sided_backward,central,one_sided,,9,7.659446849780115e-10,0.0025,0.2625,7.6610969861106435,0.4289306624037031,17.86092172375435,-0.975266006717961,167.23020311193503,2,10.798317855908952,one_sided_backward,central,one_sided,,9,7.661096986110643e-10,0.0025,0.2625,2.722880034039532e-05,0.001650136330527907,0.004980600300982019,6.681090482185681e-06,0
0.0025,-0.64,timing,11.14117380251639,2.009722843176174,5.54363694493756,-0.7878502102535788,141.98506172224765,2,501.342169805034,one_sided_backward,central,one_sided,,17,1.114117380251639e-09,0.0025,0.2625,11.13894941274408,2.0162719567525493,5.524527271948329,-0.7865774427625912,141.8668087133073,2,504.4134784010073,one_sided_backward,central,one_sided,,17,1.1138949412744079e-09,0.0025,0.2625,0.006549113576375554,0.002224389772310431,0.01910967298923172,0.001272767490987592,0
0.0025,-0.64,all_shooting,23.407708101946,2.615317555866671,8.950235526633433,-0.8990582622193056,154.03455479103712,2,3747.715754440458,one_sided_backward,central,one_sided,,71,2.3407708101945997e-09,0.0025,0.2625,23.41077061412135,2.62108349891051,8.931714927758831,-0.8985750384859267,153.97138998799318,2,3765.2440589105004,one_sided_backward,central,one_sided,,71,2.341077061412135e-09,0.0025,0.2625,0.005765943043838817,0.0030625121753509177,0.018520598874602,0.00048322373337894575,0
0.0025,-0.64,ringdown_only,2.3117083306495965,0.6491562422075237,3.561096975342008,-0.7971353809380185,142.85741554853263,2,2.2519801144717357,one_sided_backward,central,one_sided,,4,2.3117083306495963e-10,0.0025,0.2625,2.3117083306495965,0.6491562422075237,3.561096975342008,-0.7971353809380185,142.85741554853263,2,2.2519801144717353,one_sided_backward,central,one_sided,,4,2.3117083306495965e-10,0.0025,0.2625,0.0,0.0,0.0,0.0,0
0.0025,-0.64,ringdown_plus_photon_geometry,14.425476308393504,2.10733636309517,6.845360124287872,-0.8523407249419075,148.46717962173818,2,924.1193118503028,one_sided_backward,central,one_sided,,31,1.4425476308393502e-09,0.0025,0.2625,14.432165566419677,2.1084715219240735,6.844847282191266,-0.8520537509371429,148.435754255448,2,925.9733425083916,one_sided_backward,central,one_sided,,31,1.4432165566419677e-09,0.0025,0.2625,0.0011351588289034709,0.006689258026172595,0.0005128420966062919,0.00028697400476462853,0
0.0025,-0.64,ringdown_plus_all_shooting,23.4614959459492,3.1755773829232266,7.388103993974191,-0.8637264250178883,149.7375962736271,2,5550.815602838512,one_sided_backward,central,one_sided,,75,2.3461495945949203e-09,0.0025,0.2625,23.464533028083547,3.180463560872349,7.377708494056008,-0.8632596848042268,149.68457419592875,2,5569.352155666418,one_sided_backward,central,one_sided,,75,2.346453302808355e-09,0.0025,0.2625,0.004886177949122494,0.003037082134348168,0.010395499918183226,0.00046674021366155394,0
0.0025,-0.61,orbital,6.372704078393573,0.432695657646854,14.72791317816893,-0.9733319592266344,166.7381812593391,2,7.603482976210083,one_sided_backward,central,one_sided,,18,6.372704078393574e-10,0.0025,0.2625,6.3722716599810685,0.43305578371167264,14.71466702364541,-0.9732862717316906,166.72677505956221,2,7.6151112228198965,one_sided_backward,central,one_sided,,18,6.372271659981069e-10,0.0025,0.2625,0.0003601260648186111,0.00043241841250463153,0.013246154523519849,4.5687494943824625e-05,0
0.0025,-0.61,photon_geometry,7.879609106848855,0.6760230595810552,11.65582888804415,-0.9525657231742812,162.28196304962574,2,28.37477114486227,one_sided_backward,central,one_sided,,27,7.879609106848854e-10,0.0025,0.2625,7.86890042340878,0.67572231921973,11.64516873217264,-0.9524189389655582,162.25434928829173,2,28.272526977054977,one_sided_backward,central,one_sided,,27,7.86890042340878e-10,0.0025,0.2625,0.00030074036132521353,0.010708683440075362,0.010660155871509147,0.00014678420872304976,0
0.0025,-0.61,redshift,4.899638582917281,0.2918344079490235,16.78910522357984,-0.9738229872128206,166.86138368571767,2,2.044565751187952,one_sided_backward,central,one_sided,,9,4.899638582917282e-10,0.0025,0.2625,4.899202458874836,0.2920783025213125,16.773592617402137,-0.9737664310133167,166.847135570113,2,2.0476200142862586,one_sided_backward,central,one_sided,,9,4.899202458874836e-10,0.0025,0.2625,0.00024389457228901623,0.0004361240424453072,0.015512606177701116,5.6556199503843274e-05,0
0.0025,-0.61,timing,6.140920709339552,1.5509051601512691,3.959572040330687,-0.7532628410690121,138.87381129321176,2,90.70630201747974,one_sided_backward,central,one_sided,,17,6.140920709339552e-10,0.0025,0.2625,6.141609093090462,1.551653892381287,3.95810504085101,-0.7532154767400903,138.86968542530755,2,90.81426066141539,one_sided_backward,central,one_sided,,17,6.141609093090462e-10,0.0025,0.2625,0.0007487322300179233,0.000688383750910404,0.0014669994796769892,4.73643289218284e-05,0
0.0025,-0.61,all_shooting,12.819514566731463,1.7921259635290294,7.153244151146303,-0.8922849319191438,153.16178971976578,2,527.8131715840427,one_sided_backward,central,one_sided,,71,1.2819514566731464e-09,0.0025,0.2625,12.81285551529448,1.7929857815188808,7.146099900714442,-0.8920652225912628,153.13392010628732,2,527.7710315533022,one_sided_backward,central,one_sided,,71,1.2812855515294481e-09,0.0025,0.2625,0.0008598179898513525,0.006659051436983532,0.007144250431861288,0.000219709327881068,0
0.0025,-0.61,ringdown_only,2.1985508161841056,0.5671263015766067,3.8766511270455126,-0.8252511517206051,145.6139625235762,2,1.554649867805496,one_sided_backward,central,one_sided,,4,2.1985508161841054e-10,0.0025,0.2625,2.1985508161841056,0.5671263015766067,3.8766511270455126,-0.8252511517206051,145.6139625235762,2,1.5546498678054959,one_sided_backward,central,one_sided,,4,2.1985508161841057e-10,0.0025,0.2625,0.0,0.0,0.0,0.0,0
0.0025,-0.61,ringdown_plus_photon_geometry,8.03836411202833,1.756475786784286,4.576416123984706,-0.7948542478318582,142.6414911554559,2,199.35158070347063,one_sided_backward,central,one_sided,,31,8.038364112028328e-10,0.0025,0.2625,8.027815093608893,1.7565982131163531,4.570091802249345,-0.7943033311572685,142.5895029610895,2,198.8564100004241,one_sided_backward,central,one_sided,,31,8.027815093608893e-10,0.0025,0.2625,0.00012242633206716036,0.010549018419435896,0.006324321735361238,0.0005509166745897298,0
0.0025,-0.61,ringdown_plus_all_shooting,12.918088080226765,2.4145242762461616,5.350158707167937,-0.8344414605324718,146.55772396613116,2,972.8808061278517,one_sided_backward,central,one_sided,,75,1.2918088080226762e-09,0.0025,0.2625,12.91147118122102,2.4152089636973066,5.345902311266508,-0.8341955081834285,146.53216170689248,2,972.435677299646,one_sided_backward,central,one_sided,,75,1.291147118122102e-09,0.0025,0.2625,0.0006846874511450274,0.00661689900574558,0.004256395901428789,0.0002459523490433435,0
0.0025,-0.58,orbital,4.881076197190125,0.1922767613550946,25.385679282249857,-0.991117474131514,172.35763343303103,2,0.8808151412092257,one_sided_backward,central,one_sided,,18,4.881076197190125e-10,0.0025,0.2625,4.881728823851897,0.1919751234388066,25.428965672252748,-0.9911534420618977,172.37314514573026,2,0.8782885339877561,one_sided_backward,central,one_sided,,18,4.881728823851897e-10,0.0025,0.2625,0.0003016379162880112,0.0006526266617719045,0.043286390002890585,3.596793038374013e-05,0
0.0025,-0.58,photon_geometry,5.85570858312409,0.4094128519228464,14.30269850011351,-0.9702754876423484,165.99520756972026,2,5.7475380328005405,one_sided_backward,central,one_sided,,27,5.85570858312409e-10,0.0025,0.2625,5.855114696540337,0.40890453035662616,14.319026231951495,-0.9704075168489494,166.02650059743982,2,5.732111879189974,one_sided_backward,central,one_sided,,27,5.855114696540337e-10,0.0025,0.2625,0.0005083215662202156,0.0005938865837533669,0.016327731837986192,0.00013202920660104756,0
0.0025,-0.58,redshift,3.3937445591571067,0.2120606519625406,16.00365050163381,-0.9715252069534314,166.2942161644599,2,0.5179388472876818,one_sided_backward,central,one_sided,,9,3.393744559157107e-10,0.0025,0.2625,3.3922162190377905,0.21228911465171366,15.97922825484075,-0.9714374124879868,166.27300186093382,2,0.518588049149844,one_sided_backward,central,one_sided,,9,3.3922162190377905e-10,0.0025,0.2625,0.00022846268917306456,0.0015283401193162405,0.024422246793060154,8.779446544460168e-05,0
0.0025,-0.58,timing,4.685809100250912,1.148946304204449,4.07835342966306,-0.8080266161808985,143.90357214488543,2,28.98468920625158,one_sided_backward,central,one_sided,,17,4.68580910025091e-10,0.0025,0.2625,4.686568612581766,1.1502982268830768,4.074220496088913,-0.8077666212918564,143.87829470037263,2,29.062358778533806,one_sided_backward,central,one_sided,,17,4.686568612581766e-10,0.0025,0.2625,0.001351922678627826,0.0007595123308536955,0.004132933574147124,0.00025999488904215884,0
0.0025,-0.58,all_shooting,9.561243580522325,1.3193917804447426,7.2467054306639715,-0.905635995676987,154.90907765631658,2,159.1388857988892,one_sided_backward,central,one_sided,,71,9.561243580522322e-10,0.0025,0.2625,9.561059207602376,1.3202869108894495,7.2416526504540535,-0.9056129843729868,154.90596869338017,2,159.34874623362072,one_sided_backward,central,one_sided,,71,9.561059207602377e-10,0.0025,0.2625,0.0008951304447069042,0.00018437291994821692,0.005052780209918062,2.3011304000286614e-05,0
0.0025,-0.58,ringdown_only,2.0895630870907644,0.4961406925594522,4.211634156253719,-0.8500300763103187,148.21494079841213,2,1.0747827127949685,one_sided_backward,central,one_sided,,4,2.0895630870907642e-10,0.0025,0.2625,2.0895630870907644,0.4961406925594522,4.211634156253719,-0.8500300763103187,148.21494079841213,2,1.0747827127949685,one_sided_backward,central,one_sided,,4,2.0895630870907645e-10,0.0025,0.2625,0.0,0.0,0.0,0.0,0
0.0025,-0.58,ringdown_plus_photon_geometry,6.055513905897809,1.5492329427870652,3.908717494093534,-0.7689852702908822,140.26285425682747,2,88.01069651563624,one_sided_backward,central,one_sided,,31,6.055513905897807e-10,0.0025,0.2625,6.055077508437498,1.5485596123975296,3.910135237908493,-0.7694078741758087,140.30074620965806,2,87.92153670816545,one_sided_backward,central,one_sided,,31,6.055077508437499e-10,0.0025,0.2625,0.0006733303895356535,0.0004363974603105447,0.0014177438149589605,0.00042260388492654233,0
0.0025,-0.58,ringdown_plus_all_shooting,9.685826571102217,1.98881034607638,4.870160993586381,-0.8295390914384072,146.05142062465376,2,371.0736518025224,one_sided_backward,central,one_sided,,75,9.685826571102214e-10,0.0025,0.2625,9.685691272125968,1.9891769054442092,4.869195517812945,-0.8296211022556441,146.05983569797533,2,371.2000795981373,one_sided_backward,central,one_sided,,75,9.68569127212597e-10,0.0025,0.2625,0.0003665593678292556,0.00013529897624842135,0.0009654757734365305,8.20108172369105e-05,0
0.0025,-0.55,orbital,3.7991965208358938,0.1131342258668841,33.581318930896295,-0.9947143560218188,174.1064351949045,2,0.1847445079828768,one_sided_backward,central,one_sided,,18,3.799196520835894e-10,0.0025,0.2625,3.799646428298556,0.11252318478031463,33.76767584135501,-0.9947746105331488,174.14015325919624,2,0.1827975634989086,one_sided_backward,central,one_sided,,18,3.799646428298556e-10,0.0025,0.2625,0.0006110410865694665,0.00044990746266204695,0.18635691045871283,6.025451132996018e-05,0
0.0025,-0.55,photon_geometry,4.4658830135839205,0.2792228836665373,15.993972109095878,-0.9758671201203016,167.38696810254692,2,1.5549509730680922,one_sided_backward,central,one_sided,,27,4.4658830135839205e-10,0.0025,0.2625,4.468496415934008,0.27930874291300856,15.998412256381581,-0.9758808644227877,167.3905749102428,2,1.5577289392689506,one_sided_backward,central,one_sided,,27,4.468496415934008e-10,0.0025,0.2625,8.585924647125376e-05,0.002613402350087668,0.004440147285702523,1.3744302486018434e-05,0
0.0025,-0.55,redshift,2.368932117651383,0.1681077199744236,14.09175092025398,-0.9630985125363516,164.38635848138475,2,0.1585917341405839,one_sided_backward,central,one_sided,,9,2.3689321176513826e-10,0.0025,0.2625,2.368766480367429,0.1682799011485759,14.076348180618567,-0.9630421089722393,164.37435593322198,2,0.1588945473678812,one_sided_backward,central,one_sided,,9,2.368766480367429e-10,0.0025,0.2625,0.00017218117415232492,0.00016563728395402322,0.015402739635414164,5.640356411229508e-05,0
0.0025,-0.55,timing,3.8205900549582874,0.8651678948769758,4.416009976308197,-0.8471261564549611,147.9004566315183,2,10.92601196596205,one_sided_backward,central,one_sided,,17,3.820590054958287e-10,0.0025,0.2625,3.82125119699309,0.866299893255426,4.411002733283733,-0.8469107094860607,147.8772341899376,2,10.958413839012298,one_sided_backward,central,one_sided,,17,3.82125119699309e-10,0.0025,0.2625,0.0011319983784502385,0.0006611420348026087,0.005007243024463648,0.00021544696890041237,0
0.0025,-0.55,all_shooting,7.375155385861789,1.0302313036865114,7.158737420879197,-0.9076526728542192,155.1829574386222,2,57.73136596026991,one_sided_backward,central,one_sided,,71,7.375155385861788e-10,0.0025,0.2625,7.377224643697341,1.031413387503184,7.152539159449845,-0.9075400956313021,155.1675941052297,2,57.89639798363298,one_sided_backward,central,one_sided,,71,7.377224643697341e-10,0.0025,0.2625,0.0011820838166725078,0.0020692578355516744,0.006198261429351426,0.00011257722291713179,0
0.0025,-0.55,ringdown_only,1.984253450433421,0.4346427897459949,4.565251045791,-0.8715154337687713,150.6352230721927,2,0.7438052637501219,one_sided_backward,central,one_sided,,4,1.9842534504334207e-10,0.0025,0.2625,1.984253450433421,0.4346427897459949,4.565251045791,-0.8715154337687713,150.6352230721927,2,0.7438052637501219,one_sided_backward,central,one_sided,,4,1.9842534504334212e-10,0.0025,0.2625,0.0,0.0,0.0,0.0,0
0.0025,-0.55,ringdown_plus_photon_geometry,4.706395835294888,1.4135384188392246,3.3295139152706623,-0.7299842596130643,136.88507449829717,2,44.25803579113193,one_sided_backward,central,one_sided,,31,4.706395835294887e-10,0.0025,0.2625,4.7088562860456795,1.4136202392035588,3.331061734584866,-0.7301040195864049,136.89511509108058,2,44.30945220808905,one_sided_backward,central,one_sided,,31,4.70885628604568e-10,0.0025,0.2625,8.182036433423967e-05,0.0024604507507914875,0.001547819314203558,0.00011975997334057187,0
0.0025,-0.55,ringdown_plus_all_shooting,7.524391134815475,1.7216293634947155,4.370505809416378,-0.8110997047022132,144.2035151044875,2,167.81162719805803,one_sided_backward,central,one_sided,,75,7.524391134815475e-10,0.0025,0.2625,7.526436145412081,1.7222636496093748,4.37008360892895,-0.8111057421976245,144.2041065231926,2,168.0265976893108,one_sided_backward,central,one_sided,,75,7.526436145412081e-10,0.0025,0.2625,0.0006342861146593215,0.0020450105966061116,0.00042220048742791505,6.037495411392868e-06,0
0.0025,-0.525,orbital,3.0030129707983977,0.0893804052341299,33.59811317628369,-0.9945493304507484,174.01505697114416,2,0.0720442052353671,one_sided_backward,central,one_sided,,18,3.003012970798398e-10,0.0025,0.2625,3.00351772901396,0.08815670896642494,34.07021160644585,-0.9946979229266029,174.09727264348496,2,0.07010857460065564,one_sided_backward,central,one_sided,,18,3.00351772901396e-10,0.0025,0.2625,0.0012236962677049656,0.0005047582155621733,0.4720984301621627,0.00014859247585441437,0
0.0025,-0.525,photon_geometry,3.496758654652812,0.2179795624752061,16.041681224360413,-0.9755000868981856,167.2910230091235,2,0.5809822578020654,one_sided_backward,central,one_sided,,27,3.4967586546528125e-10,0.0025,0.2625,3.497575445632705,0.21802109752770177,16.042371519519126,-0.9754992331099821,167.29080065343362,2,0.5814752389941715,one_sided_backward,central,one_sided,,27,3.497575445632705e-10,0.0025,0.2625,4.153505249565592e-05,0.0008167909798926232,0.0006902951587122175,8.537882034698185e-07,0
0.0025,-0.525,redshift,1.7469724007451346,0.1456248437124695,11.996389875579627,-0.9490474530302834,161.6311450356964,2,0.0647206741498157,one_sided_backward,central,one_sided,,9,1.7469724007451347e-10,0.0025,0.2625,1.7472234071980701,0.14578943902659508,11.984567735934148,-0.9489672547457954,161.61656940921335,2,0.06488570208041206,one_sided_backward,central,one_sided,,9,1.74722340719807e-10,0.0025,0.2625,0.00016459531412557626,0.0002510064529355205,0.011822139645479623,8.019828448802002e-05,0
0.0025,-0.525,timing,3.231618886069473,0.6906645920669149,4.678998928261808,-0.8688519037902582,150.3254961887287,2,4.981666599098523,one_sided_backward,central,one_sided,,17,3.231618886069473e-10,0.0025,0.2625,3.23077156143811,0.691182512330223,4.674266932110342,-0.868631375090711,150.29998388559724,2,4.9865248281311665,one_sided_backward,central,one_sided,,17,3.23077156143811e-10,0.0025,0.2625,0.0005179202633081026,0.0008473246313629446,0.0047319961514658004,0.00022052869954725107,0
0.0025,-0.525,all_shooting,5.878801714116031,0.8567961903995935,6.861377046242781,-0.903577645632642,154.63239199066155,2,25.37071331547341,one_sided_backward,central,one_sided,,71,5.87880171411603e-10,0.0025,0.2625,5.879149165414516,0.8571610025214813,6.8588621602243025,-0.9035028104198276,154.62238566822347,2,25.39532450504838,one_sided_backward,central,one_sided,,71,5.879149165414516e-10,0.0025,0.2625,0.0003648121218877698,0.000347451298484458,0.0025148860184787125,7.483521281437255e-05,0
0.0025,-0.525,ringdown_only,1.8990571657701496,0.3899092694419926,4.8705104356404005,-0.8869183152262559,152.48852217785458,2,0.5482809999511136,one_sided_backward,central,one_sided,,4,1.8990571657701496e-10,0.0025,0.2625,1.8990571657701498,0.3899092694419926,4.8705104356404005,-0.8869183152262559,152.48852217785458,2,0.5482809999511136,one_sided_backward,central,one_sided,,4,1.8990571657701499e-10,0.0025,0.2625,0.0,2.220446049250313e-16,0.0,0.0,0
0.0025,-0.525,ringdown_plus_photon_geometry,3.784290377484589,1.3085984390497811,2.891865269404182,-0.6961039080768784,134.11524981602798,2,24.523457640277016,one_sided_backward,central,one_sided,,31,3.7842903774845885e-10,0.0025,0.2625,3.7850217043574386,1.3086730881556525,2.8922591429550746,-0.6961166541582364,134.11626703457864,2,24.535736084540225,one_sided_backward,central,one_sided,,31,3.785021704357439e-10,0.0025,0.2625,7.464910587140494e-05,0.0007313268728497135,0.0003938735508923763,1.274608135803934e-05,0
0.0025,-0.525,ringdown_plus_all_shooting,6.054432984806128,1.5481272220099154,3.910811010057512,-0.7892022689621214,142.11102466525597,2,87.8537385762327,one_sided_backward,central,one_sided,,75,6.054432984806128e-10,0.0025,0.2625,6.0547618620167025,1.5483623752098943,3.9104294698428883,-0.7891497399288633,142.1061242205985,2,87.88997733873943,one_sided_backward,central,one_sided,,75,6.054761862016703e-10,0.0025,0.2625,0.00023515319997891027,0.00032887721057495156,0.0003815402146236657,5.2529033258141844e-05,0
0.0025,-0.5,orbital,2.3235533587290123,0.0762968526581036,30.45411806357417,-0.993191410463274,173.3102032068356,2,0.0314281304146421,one_sided_backward,central,one_sided,,18,2.3235533587290123e-10,0.0025,0.2625,2.3238513524422633,0.07621758370892609,30.48970118650074,-0.9932087289189779,173.31872643678844,2,0.03137090458675012,one_sided_backward,central,one_sided,,18,2.3238513524422634e-10,0.0025,0.2625,7.926894917750782e-05,0.0002979937132510102,0.03558312292656751,1.7318455703962954e-05,0
0.0025,-0.5,photon_geometry,2.6925018271019723,0.1777830486741267,15.144873750237467,-0.9719686591137728,166.40186623859668,2,0.2291356753248008,one_sided_backward,central,one_sided,,27,2.6925018271019726e-10,0.0025,0.2625,2.6929912163344443,0.17782833000613513,15.143769365890886,-0.9719652766759654,166.40104197219546,2,0.2293357573028807,one_sided_backward,central,one_sided,,27,2.692991216334444e-10,0.0025,0.2625,4.5281332008428876e-05,0.0004893892324719928,0.001104384346581,3.3824378073976646e-06,0
0.0025,-0.5,redshift,1.2832843208697389,0.1302967706514455,9.848934201927603,-0.9251356382689576,157.6888169733765,2,0.0279584493295638,one_sided_backward,central,one_sided,,9,1.283284320869739e-10,0.0025,0.2625,1.283485938049434,0.130442031883711,9.839512000193778,-0.9250348316255572,157.67360788729187,2,0.028029628391947885,one_sided_backward,central,one_sided,,9,1.283485938049434e-10,0.0025,0.2625,0.00014526123226552,0.0002016171796950239,0.00942220173382502,0.00010080664340039736,0
0.0025,-0.5,timing,2.730393887795276,0.5548390016467387,4.921056161682185,-0.8851142268669149,152.26558137326722,2,2.2950099320225914,one_sided_backward,central,one_sided,,17,2.7303938877952757e-10,0.0025,0.2625,2.7288548225284566,0.5558448283483542,4.909382409182464,-0.884696522802307,152.21419840272117,2,2.300742428279345,one_sided_backward,central,one_sided,,17,2.728854822528457e-10,0.0025,0.2625,0.001005826701615531,0.0015390652668192395,0.011673752499721246,0.0004177040646078378,0
0.0025,-0.5,all_shooting,4.647199607828807,0.7184170959936578,6.468665116329349,-0.8971070367103542,153.78036781987856,2,11.146434563705135,one_sided_backward,central,one_sided,,71,4.647199607828808e-10,0.0025,0.2625,4.646751057175486,0.7194350836947834,6.4588885953563615,-0.8968458065311472,153.7465109516326,2,11.175887930353541,one_sided_backward,central,one_sided,,71,4.646751057175486e-10,0.0025,0.2625,0.0010179877011256,0.00044855065332161104,0.009776520972987868,0.00026123017920698377,0
0.0025,-0.5,ringdown_only,1.816059266421878,0.3505473295624566,5.180639283969535,-0.9001405098161522,154.1765427752911,2,0.4052783095782136,one_sided_backward,central,one_sided,,4,1.816059266421878e-10,0.0025,0.2625,1.816059266421878,0.35054732956245666,5.180639283969535,-0.9001405098161522,154.1765427752911,2,0.4052783095782136,one_sided_backward,central,one_sided,,4,1.8160592664218781e-10,0.0025,0.2625,5.551115123125783e-17,0.0,0.0,0.0,0
0.0025,-0.5,ringdown_plus_photon_geometry,3.045280351166419,1.1951548743000622,2.5480215298037217,-0.6710795433996204,132.1504392489901,2,13.246554625645436,one_sided_backward,central,one_sided,,31,3.045280351166419e-10,0.0025,0.2625,3.0456963368839953,1.1952042164913865,2.5482643843282866,-0.671096684972191,132.1517639987061,2,13.251267929580402,one_sided_backward,central,one_sided,,31,3.0456963368839956e-10,0.0025,0.2625,4.9342191324353024e-05,0.0004159857175762838,0.0002428545245649616,1.714157257060034e-05,0
0.0025,-0.5,ringdown_plus_all_shooting,4.856782202617432,1.394707368797803,3.482294789052298,-0.766903395458227,140.07662501272338,2,45.88422997020285,one_sided_backward,central,one_sided,,75,4.856782202617433e-10,0.0025,0.2625,4.856368947061798,1.3951765359431911,3.480827566942066,-0.7667788562083085,140.06550758903356,2,45.907291907430675,one_sided_backward,central,one_sided,,75,4.856368947061798e-10,0.0025,0.2625,0.0004691671453880275,0.0004132555556344286,0.0014672221102323135,0.0001245392499185094,0
0.0025,-0.475,orbital,1.76692434203353,0.0678865339758318,26.02761164184004,-0.990530860814888,172.10892490378572,2,0.0143880911139628,one_sided_backward,central,one_sided,,18,1.76692434203353e-10,0.0025,0.2625,1.7668999131247336,0.0678760382776199,26.031276396803438,-0.9905359950592824,172.1110678835185,2,0.014383244749403333,one_sided_backward,central,one_sided,,18,1.7668999131247336e-10,0.0025,0.2625,1.0495698211904214e-05,2.442890879650328e-05,0.0036647549633990195,5.134244394411347e-06,0
0.0025,-0.475,photon_geometry,2.043433244120348,0.1486296761747899,13.748487493959496,-0.9655818271725344,164.92403549297703,2,0.0922426927127699,one_sided_backward,central,one_sided,,27,2.0434332441203484e-10,0.0025,0.2625,2.0438524756894525,0.14866284312015163,13.748240197704137,-0.9655811856251548,164.92389417093318,2,0.09232173538194613,one_sided_backward,central,one_sided,,27,2.0438524756894525e-10,0.0025,0.2625,3.316694536173448e-05,0.0004192315691042836,0.0002472962553596858,6.415473795540194e-07,0
0.0025,-0.475,redshift,0.936320263955384,0.1180748527663452,7.929887203062954,-0.8890970101764747,152.7599960141037,2,0.0122226020074913,one_sided_backward,central,one_sided,,9,9.363202639553839e-11,0.0025,0.2625,0.9364919109432379,0.11820316075252849,7.92273154948782,-0.8889831131628859,152.74574219326757,2,0.012253671695497497,one_sided_backward,central,one_sided,,9,9.364919109432379e-11,0.0025,0.2625,0.00012830798618328199,0.00017164698785387955,0.0071556535751335915,0.00011389701358877069,0
0.0025,-0.475,timing,2.308737263963539,0.444603507843415,5.1928003788414845,-0.899519834539925,154.09502323370137,2,1.0536461756111233,one_sided_backward,central,one_sided,,17,2.3087372639635387e-10,0.0025,0.2625,2.3079067671921134,0.44528120081248995,5.183032122130806,-0.8992537058741435,154.06014294014685,2,1.0561004836885053,one_sided_backward,central,one_sided,,17,2.3079067671921135e-10,0.0025,0.2625,0.0006776929690749389,0.0008304967714254374,0.009768256710678713,0.0002661286657814621,0
0.0025,-0.475,all_shooting,3.6581910109174554,0.6004633912025181,6.092279836729726,-0.8914335898281213,153.05394758640395,2,4.825094525952165,one_sided_backward,central,one_sided,,71,3.658191010917455e-10,0.0025,0.2625,3.657886869711622,0.6012801107573786,6.083498862292501,-0.8911952067499995,153.02382236500978,2,4.837424680163151,one_sided_backward,central,one_sided,,71,3.657886869711622e-10,0.0025,0.2625,0.0008167195548605122,0.0003041412058335524,0.00878097443722492,0.00023838307812173998,0
0.0025,-0.475,ringdown_only,1.7352872852548085,0.3156593167864777,5.497342207163851,-0.9115688479967244,155.72306303719438,2,0.3000405781780999,one_sided_backward,central,one_sided,,4,1.7352872852548084e-10,0.0025,0.2625,1.7352872852548085,0.3156593167864777,5.497342207163851,-0.9115688479967244,155.72306303719438,2,0.3000405781780999,one_sided_backward,central,one_sided,,4,1.7352872852548084e-10,0.0025,0.2625,0.0,0.0,0.0,0.0,0
0.0025,-0.475,ringdown_plus_photon_geometry,2.4856236361819746,1.0631312758594944,2.3380213644570453,-0.6632597143431218,131.5489535364851,2,6.983039995036958,one_sided_backward,central,one_sided,,31,2.485623636181975e-10,0.0025,0.2625,2.4859382441149718,1.0632061871500513,2.3381525372595755,-0.6632613683096817,131.5490801622874,2,6.985792181991307,one_sided_backward,central,one_sided,,31,2.485938244114972e-10,0.0025,0.2625,7.49112905569227e-05,0.0003146079329972018,0.00013117280253016617,1.6539665599335507e-06,0
0.0025,-0.475,ringdown_plus_all_shooting,3.911036822285393,1.2480270421351354,3.133775703765487,-0.7500577862329767,138.59538375996993,2,23.824939203693567,one_sided_backward,central,one_sided,,75,3.9110368222853927e-10,0.0025,0.2625,3.910791199828348,1.2482984743991923,3.1328975241362986,-0.750000634734143,138.59043287338326,2,23.832309925251327,one_sided_backward,central,one_sided,,75,3.9107911998283483e-10,0.0025,0.2625,0.00027143226405690335,0.00024562245704462526,0.0008781796291885691,5.71514988336741e-05,0
0.0025,-0.45,orbital,1.503404196496691,0.0659726729798264,22.78828685562599,-0.9843489136706214,169.84972198311573,2,0.0098373852021119,one_sided_backward,one_sided_backward,one_sided,,18,1.5034041964966909e-10,0.0025,0.2625,1.5034530086539766,0.0654507818210133,22.970741782205657,-0.9846008022032087,169.93194511045434,2,0.009682988014729296,one_sided_backward,one_sided_backward,one_sided,,18,1.5034530086539765e-10,0.0025,0.2625,0.0005218911588130981,4.8812157285471613e-05,0.18245492657966622,0.0002518885325872855,0
0.0025,-0.45,photon_geometry,1.739048589446003,0.134916032193282,12.889858685990893,-0.9504965232370552,161.89645787210284,2,0.0550491418989852,one_sided_backward,one_sided_backward,one_sided,,27,1.7390485894460028e-10,0.0025,0.2625,1.7394245658624419,0.13494373659926914,12.889998526036537,-0.9504985103654352,161.89682427792422,2,0.055095567639072925,one_sided_backward,one_sided_backward,one_sided,,27,1.739424565862442e-10,0.0025,0.2625,2.770440598715007e-05,0.00037597641643882795,0.00013984004564449037,1.987128379954406e-06,0
0.0025,-0.45,redshift,0.7813809733559604,0.1132690648335431,6.89844993868586,-0.8245775334571885,145.5456830525499,2,0.0078333637467342,one_sided_backward,one_sided_backward,one_sided,,9,7.813809733559604e-11,0.0025,0.2625,0.7815372047147348,0.11338936510845778,6.892508869479855,-0.82446365801031,145.53415209770836,2,0.007853151244628482,one_sided_backward,one_sided_backward,one_sided,,9,7.815372047147348e-11,0.0025,0.2625,0.0001203002749146781,0.00015623135877440575,0.005941069206005345,0.0001138754468785752,0
0.0025,-0.45,timing,2.082247660331027,0.3987854664362741,5.221473287226154,-0.8932426212651147,153.28358469462992,2,0.6895145103824866,one_sided_backward,one_sided_backward,one_sided,,17,2.0822476603310269e-10,0.0025,0.2625,2.0817352854811966,0.399331369210824,5.213052231772355,-0.893034167258753,153.2570306366538,2,0.6910633508600001,one_sided_backward,one_sided_backward,one_sided,,17,2.0817352854811966e-10,0.0025,0.2625,0.0005459027745499112,0.0005123748498303549,0.008421055453798232,0.00020845400636171352,0
0.0025,-0.45,all_shooting,3.182307605189872,0.5460389029523268,5.827986958408548,-0.8689154714490035,150.33285384257636,2,3.019475320556915,one_sided_backward,one_sided_backward,one_sided,,71,3.1823076051898715e-10,0.0025,0.2625,3.182191227260523,0.5466866299053263,5.820868946093681,-0.8687120553972619,150.30931523679385,2,3.026421778805297,one_sided_backward,one_sided_backward,one_sided,,71,3.182191227260523e-10,0.0025,0.2625,0.0006477269529995278,0.00011637792934937607,0.007118012314867528,0.0002034160517415673,0
0.0025,-0.45,ringdown_only,1.6624088880632704,0.3048557635462273,5.453099750273175,-0.912757019995895,155.88917579955,2,0.2568411019824519,one_sided_backward,one_sided_backward,one_sided,,4,1.6624088880632704e-10,0.0025,0.2625,1.6624088880632704,0.30485576354622734,5.453099750273175,-0.912757019995895,155.88917579955,2,0.2568411019824519,one_sided_backward,one_sided_backward,one_sided,,4,1.6624088880632704e-10,0.0025,0.2625,5.551115123125783e-17,0.0,0.0,0.0,0
0.0025,-0.45,ringdown_plus_photon_geometry,2.213250067223987,1.0002783711592682,2.212634133695154,-0.6412432321455775,129.88458677880791,2,4.9012034284599615,one_sided_backward,one_sided_backward,one_sided,,31,2.213250067223987e-10,0.0025,0.2625,2.2135071453749986,1.000366981375361,2.2126951274738635,-0.6412308490631493,129.88366216166253,2,4.903210676566055,one_sided_backward,one_sided_backward,one_sided,,31,2.2135071453749987e-10,0.0025,0.2625,8.86102160928548e-05,0.00025707815101139175,6.099377870949496e-05,1.2383082428235603e-05,0
0.0025,-0.45,ringdown_plus_all_shooting,3.4459319316534898,1.186310940553378,2.904745976671232,-0.715176920759499,135.6577003352937,2,16.711308638380025,one_sided_backward,one_sided_backward,one_sided,,75,3.44593193165349e-10,0.0025,0.2625,3.445876768032374,1.1864573002788397,2.9043411568393807,-0.7151888317866392,135.65867674835974,2,16.714897200993573,one_sided_backward,one_sided_backward,one_sided,,75,3.445876768032374e-10,0.0025,0.2625,0.00014635972546162002,5.516362111590567e-05,0.0004048198318513663,1.1911027140154573e-05,0
