protocol,fold,feature_set,target,noise,realization,R2,MAE,RMSE,NMAE,NRMSE
grouped_physical_interpolation,blocks_3x3_g0,ringdown,k,0.0,0,0.6291970436277249,0.00012201805233503131,0.000170202764274215,0.048807220934012525,0.06808110570968601
grouped_physical_interpolation,blocks_3x3_g0,ringdown,wq,0.0,0,-24.271158630590495,0.12958460374218467,0.13546661819872205,0.4936556333035606,0.516063307423703
grouped_physical_interpolation,blocks_3x3_g0,ringdown,k,0.001,0,0.6287410035387788,0.00012125443974436138,0.0001703073959008619,0.04850177589774455,0.06812295836034475
grouped_physical_interpolation,blocks_3x3_g0,ringdown,wq,0.001,0,-24.28820243539889,0.12969533285460047,0.13551229234978346,0.49407745849371604,0.5162373041896513
grouped_physical_interpolation,blocks_3x3_g0,ringdown,k,0.005,0,0.6103855183956097,0.00014235781960362094,0.00017446670563561116,0.05694312784144837,0.06978668225424446
grouped_physical_interpolation,blocks_3x3_g0,ringdown,wq,0.005,0,-24.73083606973418,0.13113549012939824,0.1366931215316868,0.4995637719215171,0.5207357010730925
grouped_physical_interpolation,blocks_3x3_g0,ringdown,k,0.01,0,0.5335640249986097,0.00015518348320995158,0.00019089345338953775,0.06207339328398063,0.0763573813558151
grouped_physical_interpolation,blocks_3x3_g0,ringdown,wq,0.01,0,-24.3158212839613,0.1304248589810146,0.13558627293697206,0.4968566056419604,0.5165191349979887
grouped_physical_interpolation,blocks_3x3_g0,ringdown,k,0.0,1,0.6291970436277249,0.00012201805233503131,0.000170202764274215,0.048807220934012525,0.06808110570968601
grouped_physical_interpolation,blocks_3x3_g0,ringdown,wq,0.0,1,-24.271158630590495,0.12958460374218467,0.13546661819872205,0.4936556333035606,0.516063307423703
grouped_physical_interpolation,blocks_3x3_g0,ringdown,k,0.001,1,0.6287410035387788,0.00012125443974436138,0.0001703073959008619,0.04850177589774455,0.06812295836034475
grouped_physical_interpolation,blocks_3x3_g0,ringdown,wq,0.001,1,-24.28820243539889,0.12969533285460047,0.13551229234978346,0.49407745849371604,0.5162373041896513
grouped_physical_interpolation,blocks_3x3_g0,ringdown,k,0.005,1,0.6286344440952556,0.00012161897260886381,0.0001703318351191525,0.04864758904354552,0.068132734047661
grouped_physical_interpolation,blocks_3x3_g0,ringdown,wq,0.005,1,-24.198321999626586,0.13023361708692854,0.13527125612384394,0.4961280650930611,0.5153190709479769
grouped_physical_interpolation,blocks_3x3_g0,ringdown,k,0.01,1,0.5883643028468887,0.0001471794402958031,0.00017932941431925446,0.058871776118321235,0.07173176572770178
grouped_physical_interpolation,blocks_3x3_g0,ringdown,wq,0.01,1,-24.552051057159286,0.13134341437839847,0.13621740280255343,0.5003558642986609,0.5189234392478226
grouped_physical_interpolation,blocks_3x3_g0,ringdown,k,0.0,2,0.6291970436277249,0.00012201805233503131,0.000170202764274215,0.048807220934012525,0.06808110570968601
grouped_physical_interpolation,blocks_3x3_g0,ringdown,wq,0.0,2,-24.271158630590495,0.12958460374218467,0.13546661819872205,0.4936556333035606,0.516063307423703
grouped_physical_interpolation,blocks_3x3_g0,ringdown,k,0.001,2,0.6289109734487832,0.00012122624496185529,0.0001702684063451403,0.048490497984742115,0.06810736253805612
grouped_physical_interpolation,blocks_3x3_g0,ringdown,wq,0.001,2,-24.28820243539889,0.12969533285460047,0.13551229234978346,0.49407745849371604,0.5162373041896513
grouped_physical_interpolation,blocks_3x3_g0,ringdown,k,0.005,2,0.5588731601184395,0.00013944787245755082,0.00018564222139843867,0.055779148983020325,0.07425688855937547
grouped_physical_interpolation,blocks_3x3_g0,ringdown,wq,0.005,2,-24.82809712520109,0.1318649192612746,0.13695122386123237,0.5023425495667604,0.52171894804279
grouped_physical_interpolation,blocks_3x3_g0,ringdown,k,0.01,2,0.46820838117917774,0.00017214885647248338,0.00020382889937488438,0.06885954258899335,0.08153155974995376
grouped_physical_interpolation,blocks_3x3_g0,ringdown,wq,0.01,2,-26.57952153195517,0.13735912280781376,0.1415184541410157,0.5232728487916715,0.5391179205372026
grouped_physical_interpolation,blocks_3x3_g0,ringdown,k,0.0,3,0.6291970436277249,0.00012201805233503131,0.000170202764274215,0.048807220934012525,0.06808110570968601
grouped_physical_interpolation,blocks_3x3_g0,ringdown,wq,0.0,3,-24.271158630590495,0.12958460374218467,0.13546661819872205,0.4936556333035606,0.516063307423703
grouped_physical_interpolation,blocks_3x3_g0,ringdown,k,0.001,3,0.6571081090829607,0.00011246247802388393,0.00016367171098847138,0.04498499120955357,0.06546868439538855
grouped_physical_interpolation,blocks_3x3_g0,ringdown,wq,0.001,3,-23.66731592601316,0.12759978840779918,0.13383837662348694,0.48609443202971114,0.5098604823751883
grouped_physical_interpolation,blocks_3x3_g0,ringdown,k,0.005,3,0.6571575475539492,0.00011402211030284523,0.00016365991139355942,0.04560884412113809,0.06546396455742376
grouped_physical_interpolation,blocks_3x3_g0,ringdown,wq,0.005,3,-23.843401949816933,0.12854958209196554,0.13431522540381347,0.48971269368367826,0.5116770491573847
grouped_physical_interpolation,blocks_3x3_g0,ringdown,k,0.01,3,0.6179389692720476,0.0001417142943758787,0.00017276723655144016,0.05668571775035147,0.06910689462057606
grouped_physical_interpolation,blocks_3x3_g0,ringdown,wq,0.01,3,-23.189680876089078,0.12637805426168008,0.13253628151355856,0.4814402067111622,0.5049001200516516
grouped_physical_interpolation,blocks_3x3_g0,ringdown,k,0.0,4,0.6291970436277249,0.00012201805233503131,0.000170202764274215,0.048807220934012525,0.06808110570968601
grouped_physical_interpolation,blocks_3x3_g0,ringdown,wq,0.0,4,-24.271158630590495,0.12958460374218467,0.13546661819872205,0.4936556333035606,0.516063307423703
grouped_physical_interpolation,blocks_3x3_g0,ringdown,k,0.001,4,0.6577662032305245,0.00011289782140287128,0.00016351457235554045,0.045159128561148516,0.06540582894221618
grouped_physical_interpolation,blocks_3x3_g0,ringdown,wq,0.001,4,-23.817396967594675,0.12834100537498083,0.13424490935814862,0.4889181157142127,0.5114091785072328
grouped_physical_interpolation,blocks_3x3_g0,ringdown,k,0.005,4,0.5978511216597637,0.00013165991844562663,0.00017725089878567883,0.05266396737825065,0.07090035951427152
grouped_physical_interpolation,blocks_3x3_g0,ringdown,wq,0.005,4,-24.24142429575699,0.1303319760101316,0.1353868989545163,0.49650276575288227,0.515759615064824
grouped_physical_interpolation,blocks_3x3_g0,ringdown,k,0.01,4,0.5368379088270225,0.00015856645653239204,0.0001902223393108414,0.06342658261295682,0.07608893572433656
grouped_physical_interpolation,blocks_3x3_g0,ringdown,wq,0.01,4,-26.613157151130018,0.13738667453950726,0.14160472486151635,0.5233778077695515,0.5394465709010147
grouped_physical_interpolation,blocks_3x3_g1,ringdown,k,0.0,0,0.2557467122703011,0.00020007243737035272,0.00024113230414833,0.08002897494814108,0.096452921659332
grouped_physical_interpolation,blocks_3x3_g1,ringdown,wq,0.0,0,-0.07210919580910691,0.02845017924931316,0.033023265626101764,0.1083816352354787,0.12580291667086385
grouped_physical_interpolation,blocks_3x3_g1,ringdown,k,0.001,0,0.25637294322548243,0.00019890835809815532,0.0002410308358084276,0.07956334323926213,0.09641233432337104
grouped_physical_interpolation,blocks_3x3_g1,ringdown,wq,0.001,0,-0.09583832798885528,0.028833471308045783,0.03338671965394567,0.10984179545922203,0.12718750344360255
grouped_physical_interpolation,blocks_3x3_g1,ringdown,k,0.005,0,0.38103386182546917,0.00018143199316673445,0.00021990163606686793,0.07257279726669377,0.08796065442674716
grouped_physical_interpolation,blocks_3x3_g1,ringdown,wq,0.005,0,0.1349694896018251,0.025555807951870083,0.02966307843592169,0.09735545886426698,0.11300220356541596
grouped_physical_interpolation,blocks_3x3_g1,ringdown,k,0.01,0,0.37121447284381215,0.0001879757954453504,0.00022163905185927226,0.07519031817814016,0.0886556207437089
grouped_physical_interpolation,blocks_3x3_g1,ringdown,wq,0.01,0,0.11664171558294856,0.02652635209734537,0.02997567355257373,0.10105276989464902,0.11419304210504277
grouped_physical_interpolation,blocks_3x3_g1,ringdown,k,0.0,1,0.2557467122703011,0.00020007243737035272,0.00024113230414833,0.08002897494814108,0.096452921659332
grouped_physical_interpolation,blocks_3x3_g1,ringdown,wq,0.0,1,-0.07210919580910691,0.02845017924931316,0.033023265626101764,0.1083816352354787,0.12580291667086385
grouped_physical_interpolation,blocks_3x3_g1,ringdown,k,0.001,1,0.25571021526457305,0.00020012166309061675,0.00024113821644951934,0.0800486652362467,0.09645528657980773
grouped_physical_interpolation,blocks_3x3_g1,ringdown,wq,0.001,1,-0.07661813137254891,0.028444192457009312,0.033092635215490364,0.10835882840765453,0.12606718177329662
grouped_physical_interpolation,blocks_3x3_g1,ringdown,k,0.005,1,0.2554946745318655,0.0002000150554819164,0.00024117312983041458,0.08000602219276656,0.09646925193216584
grouped_physical_interpolation,blocks_3x3_g1,ringdown,wq,0.005,1,-0.08617173899428465,0.028512938848202274,0.033239138312511164,0.10862071942172294,0.12662528880956633
grouped_physical_interpolation,blocks_3x3_g1,ringdown,k,0.01,1,0.30919458900600016,0.00019867000619562175,0.00023231266158758168,0.0794680024782487,0.09292506463503267
grouped_physical_interpolation,blocks_3x3_g1,ringdown,wq,0.01,1,-0.21526869825153216,0.030044707919132455,0.03515901205953786,0.11445603016812363,0.13393909356014422
grouped_physical_interpolation,blocks_3x3_g1,ringdown,k,0.0,2,0.2557467122703011,0.00020007243737035272,0.00024113230414833,0.08002897494814108,0.096452921659332
grouped_physical_interpolation,blocks_3x3_g1,ringdown,wq,0.0,2,-0.07210919580910691,0.02845017924931316,0.033023265626101764,0.1083816352354787,0.12580291667086385
grouped_physical_interpolation,blocks_3x3_g1,ringdown,k,0.001,2,0.256420112659998,0.00019884459200937227,0.0002410231912045761,0.0795378368037489,0.09640927648183044
grouped_physical_interpolation,blocks_3x3_g1,ringdown,wq,0.001,2,-0.0967614637091363,0.028860293872442336,0.0334007792029862,0.10994397665692318,0.12724106363042362
grouped_physical_interpolation,blocks_3x3_g1,ringdown,k,0.005,2,0.255996420083365,0.00019884022219716398,0.00024109184905547328,0.07953608887886558,0.09643673962218931
grouped_physical_interpolation,blocks_3x3_g1,ringdown,wq,0.005,2,-0.09850044555607229,0.028842168125573067,0.03342724819610591,0.1098749261926593,0.12734189788992728
grouped_physical_interpolation,blocks_3x3_g1,ringdown,k,0.01,2,0.31695161248687176,0.0001920091287353728,0.00023100466504913521,0.07680365149414911,0.09240186601965408
grouped_physical_interpolation,blocks_3x3_g1,ringdown,wq,0.01,2,-0.44345812812535246,0.03313253591072364,0.0383179796531929,0.12621918442180433,0.14597325582168721
grouped_physical_interpolation,blocks_3x3_g1,ringdown,k,0.0,3,0.2557467122703011,0.00020007243737035272,0.00024113230414833,0.08002897494814108,0.096452921659332
grouped_physical_interpolation,blocks_3x3_g1,ringdown,wq,0.0,3,-0.07210919580910691,0.02845017924931316,0.033023265626101764,0.1083816352354787,0.12580291667086385
grouped_physical_interpolation,blocks_3x3_g1,ringdown,k,0.001,3,0.25564600487615496,0.00020018061866391827,0.00024114861780456134,0.0800722474655673,0.09645944712182453
grouped_physical_interpolation,blocks_3x3_g1,ringdown,wq,0.001,3,-0.07238504403768409,0.028429736514210366,0.033027513711784,0.10830375814937282,0.12581909985441525
grouped_physical_interpolation,blocks_3x3_g1,ringdown,k,0.005,3,0.25663214784151156,0.0001979179672190855,0.00024098882432569755,0.0791671868876342,0.09639552973027901
grouped_physical_interpolation,blocks_3x3_g1,ringdown,wq,0.005,3,-0.03407139257695868,0.028133581993423848,0.03243215217399045,0.10717555045113847,0.123551055900916
grouped_physical_interpolation,blocks_3x3_g1,ringdown,k,0.01,3,0.2565437362360582,0.00019796548894422097,0.00024100315476474155,0.07918619557768838,0.09640126190589661
grouped_physical_interpolation,blocks_3x3_g1,ringdown,wq,0.01,3,-0.10392538586441069,0.029135334113409628,0.033509686710471547,0.11099174900346524,0.12765594937322494
grouped_physical_interpolation,blocks_3x3_g1,ringdown,k,0.0,4,0.2557467122703011,0.00020007243737035272,0.00024113230414833,0.08002897494814108,0.096452921659332
grouped_physical_interpolation,blocks_3x3_g1,ringdown,wq,0.0,4,-0.07210919580910691,0.02845017924931316,0.033023265626101764,0.1083816352354787,0.12580291667086385
grouped_physical_interpolation,blocks_3x3_g1,ringdown,k,0.001,4,0.25574939529146246,0.00020007029835206034,0.00024113186950889447,0.08002811934082414,0.09645274780355778
grouped_physical_interpolation,blocks_3x3_g1,ringdown,wq,0.001,4,-0.07754700078366206,0.02849999162142336,0.03310690773629621,0.10857139665304137,0.12612155328112842
grouped_physical_interpolation,blocks_3x3_g1,ringdown,k,0.005,4,0.2549992973092776,0.00020024559914469403,0.00024125335209632362,0.08009823965787762,0.09650134083852945
grouped_physical_interpolation,blocks_3x3_g1,ringdown,wq,0.005,4,0.04716952793428353,0.027617031879156276,0.0311320935017924,0.1052077404920239,0.11859845143539961
grouped_physical_interpolation,blocks_3x3_g1,ringdown,k,0.01,4,0.2944796819858875,0.00020418993122806598,0.0002347738802440607,0.08167597249122639,0.09390955209762428
grouped_physical_interpolation,blocks_3x3_g1,ringdown,wq,0.01,4,0.025198451952724743,0.027632107182102607,0.031488981400711206,0.10526517021753373,0.11995802438366174
grouped_physical_interpolation,blocks_3x3_g2,ringdown,k,0.0,0,-0.12012082012480074,0.00025000000000000006,0.00029581994366886436,0.10000000000000002,0.11832797746754574
grouped_physical_interpolation,blocks_3x3_g2,ringdown,wq,0.0,0,-43.46951983613677,0.13458194504361884,0.13612114677150758,0.5126931239756908,0.5185567496057432
grouped_physical_interpolation,blocks_3x3_g2,ringdown,k,0.001,0,-0.12012082012480074,0.00025000000000000006,0.00029581994366886436,0.10000000000000002,0.11832797746754574
grouped_physical_interpolation,blocks_3x3_g2,ringdown,wq,0.001,0,-43.49252434306036,0.1346175513926093,0.13615635060329898,0.5128287672099402,0.5186908594411389
grouped_physical_interpolation,blocks_3x3_g2,ringdown,k,0.005,0,-0.11786636034646958,0.00024999999999999995,0.0002955220963008823,0.09999999999999998,0.11820883852035292
grouped_physical_interpolation,blocks_3x3_g2,ringdown,wq,0.005,0,-44.11391376697427,0.13557579947360052,0.13710384410939253,0.5164792360899068,0.5223003585119715
grouped_physical_interpolation,blocks_3x3_g2,ringdown,k,0.01,0,-0.006466406041817807,0.0002370267890214594,0.0002804107486741852,0.09481071560858376,0.11216429946967407
grouped_physical_interpolation,blocks_3x3_g2,ringdown,wq,0.01,0,-46.71491785615226,0.1395154081337617,0.14100076515181315,0.531487269080997,0.5371457720069072
grouped_physical_interpolation,blocks_3x3_g2,ringdown,k,0.0,1,-0.12012082012480074,0.00025000000000000006,0.00029581994366886436,0.10000000000000002,0.11832797746754574
grouped_physical_interpolation,blocks_3x3_g2,ringdown,wq,0.0,1,-43.46951983613677,0.13458194504361884,0.13612114677150758,0.5126931239756908,0.5185567496057432
grouped_physical_interpolation,blocks_3x3_g2,ringdown,k,0.001,1,-0.1206084523404698,0.00024999999999999995,0.00029588432763345075,0.09999999999999998,0.1183537310533803
grouped_physical_interpolation,blocks_3x3_g2,ringdown,wq,0.001,1,-43.55758986266737,0.13471820877710403,0.13625587122314423,0.5132122239127772,0.519069985611978
grouped_physical_interpolation,blocks_3x3_g2,ringdown,k,0.005,1,-0.12059636269476814,0.00025,0.0002958827315602058,0.1,0.1183530926240823
grouped_physical_interpolation,blocks_3x3_g2,ringdown,wq,0.005,1,-43.58948916113638,0.13476753003032102,0.1363046360808764,0.5134001144012229,0.5192557564985767
grouped_physical_interpolation,blocks_3x3_g2,ringdown,k,0.01,1,-0.1354205053845352,0.00024999999999999995,0.00029783338795905145,0.09999999999999998,0.11913335518362057
grouped_physical_interpolation,blocks_3x3_g2,ringdown,wq,0.01,1,-41.86218122494998,0.13207034303883602,0.1336384756612499,0.5031251163384229,0.5090989548999996
grouped_physical_interpolation,blocks_3x3_g2,ringdown,k,0.0,2,-0.12012082012480074,0.00025000000000000006,0.00029581994366886436,0.10000000000000002,0.11832797746754574
grouped_physical_interpolation,blocks_3x3_g2,ringdown,wq,0.0,2,-43.46951983613677,0.13458194504361884,0.13612114677150758,0.5126931239756908,0.5185567496057432
grouped_physical_interpolation,blocks_3x3_g2,ringdown,k,0.001,2,-0.1204175798590259,0.00024999999999999995,0.00029585912767140783,0.09999999999999998,0.11834365106856314
grouped_physical_interpolation,blocks_3x3_g2,ringdown,wq,0.001,2,-43.43367963795218,0.1345264528478076,0.13606628231299653,0.5124817251345051,0.5183477421447487
grouped_physical_interpolation,blocks_3x3_g2,ringdown,k,0.005,2,-0.13444205475705284,0.00025,0.00029770503107588687,0.1,0.11908201243035474
grouped_physical_interpolation,blocks_3x3_g2,ringdown,wq,0.005,2,-44.690539595891124,0.13645899810915593,0.1379772620094387,0.519843802320594,0.5256276647978616
grouped_physical_interpolation,blocks_3x3_g2,ringdown,k,0.01,2,-0.13375474753386318,0.00024999999999999995,0.00029761483439352126,0.09999999999999998,0.1190459337574085
grouped_physical_interpolation,blocks_3x3_g2,ringdown,wq,0.01,2,-46.990231798709054,0.1399259205775045,0.141406965585606,0.533051126009541,0.53869320223088
grouped_physical_interpolation,blocks_3x3_g2,ringdown,k,0.0,3,-0.12012082012480074,0.00025000000000000006,0.00029581994366886436,0.10000000000000002,0.11832797746754574
grouped_physical_interpolation,blocks_3x3_g2,ringdown,wq,0.0,3,-43.46951983613677,0.13458194504361884,0.13612114677150758,0.5126931239756908,0.5185567496057432
grouped_physical_interpolation,blocks_3x3_g2,ringdown,k,0.001,3,-0.12011452678536072,0.00025,0.00029581911264336237,0.1,0.11832764505734494
grouped_physical_interpolation,blocks_3x3_g2,ringdown,wq,0.001,3,-43.49252434306036,0.1346175513926093,0.13615635060329898,0.5128287672099402,0.5186908594411389
grouped_physical_interpolation,blocks_3x3_g2,ringdown,k,0.005,3,-0.1319420999119152,0.00025,0.0002973768258550393,0.1,0.11895073034201573
grouped_physical_interpolation,blocks_3x3_g2,ringdown,wq,0.005,3,-44.42364011551684,0.1360509097659108,0.13757367740523138,0.5182891800606125,0.5240901996389766
grouped_physical_interpolation,blocks_3x3_g2,ringdown,k,0.01,3,-0.1542955776148267,0.00025,0.0003002987545781007,0.1,0.12011950183124027
grouped_physical_interpolation,blocks_3x3_g2,ringdown,wq,0.01,3,-44.69351140903287,0.13646353513092924,0.13798174910870284,0.5198610862130637,0.5256447585093441
grouped_physical_interpolation,blocks_3x3_g2,ringdown,k,0.0,4,-0.12012082012480074,0.00025000000000000006,0.00029581994366886436,0.10000000000000002,0.11832797746754574
grouped_physical_interpolation,blocks_3x3_g2,ringdown,wq,0.0,4,-43.46951983613677,0.13458194504361884,0.13612114677150758,0.5126931239756908,0.5185567496057432
grouped_physical_interpolation,blocks_3x3_g2,ringdown,k,0.001,4,-0.12012082012480074,0.00025000000000000006,0.00029581994366886436,0.10000000000000002,0.11832797746754574
grouped_physical_interpolation,blocks_3x3_g2,ringdown,wq,0.001,4,-43.55758986266737,0.13471820877710403,0.13625587122314423,0.5132122239127772,0.519069985611978
grouped_physical_interpolation,blocks_3x3_g2,ringdown,k,0.005,4,-0.12000717085607615,0.00025000000000000006,0.00029580493610339054,0.10000000000000002,0.11832197444135621
grouped_physical_interpolation,blocks_3x3_g2,ringdown,wq,0.005,4,-43.473892554396045,0.13458871385693902,0.13612783904966563,0.5127189099311963,0.5185822439987262
grouped_physical_interpolation,blocks_3x3_g2,ringdown,k,0.01,4,-0.11873582424464013,0.00025000000000000006,0.0002956370008458219,0.10000000000000002,0.11825480033832876
grouped_physical_interpolation,blocks_3x3_g2,ringdown,wq,0.01,4,-43.65534719946993,0.13486929969336658,0.13640525893984365,0.5137878083556822,0.5196390816755948
grouped_physical_interpolation,blocks_3x3_g3,ringdown,k,0.0,0,0.6097353674985158,0.00014853314352548073,0.00017461221152650938,0.059413257410192294,0.06984488461060374
grouped_physical_interpolation,blocks_3x3_g3,ringdown,wq,0.0,0,-6.1880038786356355,0.06635733184111253,0.07224767300097708,0.2527898355851906,0.27522923047991266
grouped_physical_interpolation,blocks_3x3_g3,ringdown,k,0.001,0,0.6085147655385426,0.00014884283753451738,0.00017488505923120295,0.05953713501380695,0.06995402369248117
grouped_physical_interpolation,blocks_3x3_g3,ringdown,wq,0.001,0,-6.1880038786356355,0.06635733184111253,0.07224767300097708,0.2527898355851906,0.27522923047991266
grouped_physical_interpolation,blocks_3x3_g3,ringdown,k,0.005,0,0.6387516810843792,0.00014481838934391283,0.0001679956098095509,0.057927355737565134,0.06719824392382036
grouped_physical_interpolation,blocks_3x3_g3,ringdown,wq,0.005,0,-5.5631001590408315,0.06189070230424044,0.06903577875495777,0.23577410401615403,0.2629934428760296
grouped_physical_interpolation,blocks_3x3_g3,ringdown,k,0.01,0,0.6725499200372931,0.0001308181746634025,0.00015994385732839657,0.052327269865360994,0.06397754293135863
grouped_physical_interpolation,blocks_3x3_g3,ringdown,wq,0.01,0,-5.445784545893526,0.0613411092698203,0.06841598825959853,0.2336804162659821,0.260632336227042
grouped_physical_interpolation,blocks_3x3_g3,ringdown,k,0.0,1,0.6097353674985158,0.00014853314352548073,0.00017461221152650938,0.059413257410192294,0.06984488461060374
grouped_physical_interpolation,blocks_3x3_g3,ringdown,wq,0.0,1,-6.1880038786356355,0.06635733184111253,0.07224767300097708,0.2527898355851906,0.27522923047991266
grouped_physical_interpolation,blocks_3x3_g3,ringdown,k,0.001,1,0.5901784301275763,0.0001582083596104874,0.00017893381498834451,0.06328334384419496,0.0715735259953378
grouped_physical_interpolation,blocks_3x3_g3,ringdown,wq,0.001,1,-6.801950091402859,0.06986812213251536,0.0752698925635638,0.2661642747905347,0.2867424478611954
grouped_physical_interpolation,blocks_3x3_g3,ringdown,k,0.005,1,0.5678884049239603,0.0001625685760808281,0.0001837354575614506,0.06502743043233124,0.07349418302458023
grouped_physical_interpolation,blocks_3x3_g3,ringdown,wq,0.005,1,-6.837144757085356,0.07007590166982286,0.0754394731085729,0.26695581588503947,0.28738846898503956
grouped_physical_interpolation,blocks_3x3_g3,ringdown,k,0.01,1,0.5098263545444467,0.000178915431096682,0.00019569061308916967,0.0715661724386728,0.07827624523566787
grouped_physical_interpolation,blocks_3x3_g3,ringdown,wq,0.01,1,-7.064304707627938,0.07083536389095652,0.07652497154595686,0.26984900529888195,0.2915237011274547
grouped_physical_interpolation,blocks_3x3_g3,ringdown,k,0.0,2,0.6097353674985158,0.00014853314352548073,0.00017461221152650938,0.059413257410192294,0.06984488461060374
grouped_physical_interpolation,blocks_3x3_g3,ringdown,wq,0.0,2,-6.1880038786356355,0.06635733184111253,0.07224767300097708,0.2527898355851906,0.27522923047991266
grouped_physical_interpolation,blocks_3x3_g3,ringdown,k,0.001,2,0.6085147655385426,0.00014884283753451738,0.00017488505923120295,0.05953713501380695,0.06995402369248117
grouped_physical_interpolation,blocks_3x3_g3,ringdown,wq,0.001,2,-6.1880038786356355,0.06635733184111253,0.07224767300097708,0.2527898355851906,0.27522923047991266
grouped_physical_interpolation,blocks_3x3_g3,ringdown,k,0.005,2,0.6352310559772885,0.0001474381021240591,0.00016881224408132943,0.05897524084962364,0.06752489763253178
grouped_physical_interpolation,blocks_3x3_g3,ringdown,wq,0.005,2,-7.3587842947570365,0.07228747794683991,0.07790965321476069,0.27538086836891396,0.296798678913374
grouped_physical_interpolation,blocks_3x3_g3,ringdown,k,0.01,2,0.7593950913938661,0.0001104423335371095,0.00013710309436644458,0.0441769334148438,0.05484123774657783
grouped_physical_interpolation,blocks_3x3_g3,ringdown,wq,0.01,2,-7.500762880847937,0.07225754627777875,0.07856853645140495,0.27526684296296666,0.2993087102910665
grouped_physical_interpolation,blocks_3x3_g3,ringdown,k,0.0,3,0.6097353674985158,0.00014853314352548073,0.00017461221152650938,0.059413257410192294,0.06984488461060374
grouped_physical_interpolation,blocks_3x3_g3,ringdown,wq,0.0,3,-6.1880038786356355,0.06635733184111253,0.07224767300097708,0.2527898355851906,0.27522923047991266
grouped_physical_interpolation,blocks_3x3_g3,ringdown,k,0.001,3,0.5902036369953543,0.0001581994074986436,0.0001789283120686549,0.06327976299945744,0.07157132482746195
grouped_physical_interpolation,blocks_3x3_g3,ringdown,wq,0.001,3,-6.801950091402859,0.06986812213251536,0.0752698925635638,0.2661642747905347,0.2867424478611954
grouped_physical_interpolation,blocks_3x3_g3,ringdown,k,0.005,3,0.610396994900867,0.00015105457440506786,0.00017446413606632676,0.06042182976202714,0.0697856544265307
grouped_physical_interpolation,blocks_3x3_g3,ringdown,wq,0.005,3,-6.431923842397123,0.06645972823618818,0.07346328383274685,0.2531799170902407,0.2798601288866546
grouped_physical_interpolation,blocks_3x3_g3,ringdown,k,0.01,3,0.5683846194135509,0.00015795725081144135,0.00018362993113410552,0.06318290032457653,0.07345197245364221
grouped_physical_interpolation,blocks_3x3_g3,ringdown,wq,0.01,3,-6.954914068551572,0.06807636836974496,0.07600417662618268,0.259338546170457,0.28953972048069593
grouped_physical_interpolation,blocks_3x3_g3,ringdown,k,0.0,4,0.6097353674985158,0.00014853314352548073,0.00017461221152650938,0.059413257410192294,0.06984488461060374
grouped_physical_interpolation,blocks_3x3_g3,ringdown,wq,0.0,4,-6.1880038786356355,0.06635733184111253,0.07224767300097708,0.2527898355851906,0.27522923047991266
grouped_physical_interpolation,blocks_3x3_g3,ringdown,k,0.001,4,0.6128211013283229,0.0001497897800475438,0.0001739205320217391,0.059915912019017525,0.06956821280869564
grouped_physical_interpolation,blocks_3x3_g3,ringdown,wq,0.001,4,-6.770524990992836,0.06912278873147593,0.07511815161759258,0.2633249094532416,0.2861643871146384
grouped_physical_interpolation,blocks_3x3_g3,ringdown,k,0.005,4,0.6182970957234672,0.00015119148625472882,0.00017268624553392817,0.06047659450189153,0.06907449821357127
grouped_physical_interpolation,blocks_3x3_g3,ringdown,wq,0.005,4,-7.489117450085345,0.07306391072531965,0.07851470139931563,0.2783387075250272,0.29910362437834526
grouped_physical_interpolation,blocks_3x3_g3,ringdown,k,0.01,4,0.535352618053544,0.00016583874839914763,0.00019052710230979444,0.06633549935965906,0.07621084092391778
grouped_physical_interpolation,blocks_3x3_g3,ringdown,wq,0.01,4,-8.574444304545283,0.07757625594122991,0.08338280501826932,0.29552859406182824,0.31764878102197835
grouped_physical_interpolation,blocks_3x3_g4,ringdown,k,0.0,0,0.917027786164709,6.840587678178211e-05,8.051213700978324e-05,0.027362350712712844,0.032204854803913295
grouped_physical_interpolation,blocks_3x3_g4,ringdown,wq,0.0,0,0.15903703714254025,0.02334401360837597,0.02924751295036163,0.08892957565095608,0.11141909695375858
grouped_physical_interpolation,blocks_3x3_g4,ringdown,k,0.001,0,0.8923266240912204,8.024688758775219e-05,9.171686046127726e-05,0.03209875503510087,0.03668674418451091
grouped_physical_interpolation,blocks_3x3_g4,ringdown,wq,0.001,0,0.10700262378030101,0.024649971706667308,0.030138775167937296,0.09390465412063737,0.11481438159214208
grouped_physical_interpolation,blocks_3x3_g4,ringdown,k,0.005,0,0.8721472914195779,8.906764182105932e-05,9.994244772790728e-05,0.03562705672842373,0.03997697909116291
grouped_physical_interpolation,blocks_3x3_g4,ringdown,wq,0.005,0,0.06164309696988779,0.025608680595548494,0.030894739233418702,0.09755687845923236,0.1176942446987379
grouped_physical_interpolation,blocks_3x3_g4,ringdown,k,0.01,0,0.8767063248527328,9.034864628178214e-05,9.814437513622596e-05,0.03613945851271286,0.039257750054490385
grouped_physical_interpolation,blocks_3x3_g4,ringdown,wq,0.01,0,-0.03367705377073049,0.026000018810009264,0.032425967651442775,0.09904769070479719,0.1235274958150201
grouped_physical_interpolation,blocks_3x3_g4,ringdown,k,0.0,1,0.917027786164709,6.840587678178211e-05,8.051213700978324e-05,0.027362350712712844,0.032204854803913295
grouped_physical_interpolation,blocks_3x3_g4,ringdown,wq,0.0,1,0.15903703714254025,0.02334401360837597,0.02924751295036163,0.08892957565095608,0.11141909695375858
grouped_physical_interpolation,blocks_3x3_g4,ringdown,k,0.001,1,0.917027786164709,6.840587678178211e-05,8.051213700978324e-05,0.027362350712712844,0.032204854803913295
grouped_physical_interpolation,blocks_3x3_g4,ringdown,wq,0.001,1,0.12507991655517892,0.024078402346476777,0.02983216003542197,0.09172724703419724,0.11364632394446465
grouped_physical_interpolation,blocks_3x3_g4,ringdown,k,0.005,1,0.930361717932819,6.0429021763499586e-05,7.375968266267503e-05,0.024171608705399833,0.029503873065070012
grouped_physical_interpolation,blocks_3x3_g4,ringdown,wq,0.005,1,0.24639525429453935,0.023902197192014925,0.027686771701884497,0.09105598930291399,0.10547341600717904
grouped_physical_interpolation,blocks_3x3_g4,ringdown,k,0.01,1,0.9491119436154248,5.292051038451185e-05,6.305259237370761e-05,0.02116820415380474,0.025221036949483047
grouped_physical_interpolation,blocks_3x3_g4,ringdown,wq,0.01,1,0.17446048398724145,0.0250297339382888,0.02897806888742289,0.09535136738395733,0.11039264338065863
grouped_physical_interpolation,blocks_3x3_g4,ringdown,k,0.0,2,0.917027786164709,6.840587678178211e-05,8.051213700978324e-05,0.027362350712712844,0.032204854803913295
grouped_physical_interpolation,blocks_3x3_g4,ringdown,wq,0.0,2,0.15903703714254025,0.02334401360837597,0.02924751295036163,0.08892957565095608,0.11141909695375858
grouped_physical_interpolation,blocks_3x3_g4,ringdown,k,0.001,2,0.9084160930447679,7.377445379967751e-05,8.458719011101803e-05,0.029509781519871003,0.033834876044407214
grouped_physical_interpolation,blocks_3x3_g4,ringdown,wq,0.001,2,0.11798446232959536,0.023604361509567268,0.029952882661341853,0.08992137717930387,0.11410621966225468
grouped_physical_interpolation,blocks_3x3_g4,ringdown,k,0.005,2,0.9196186518942092,6.964424133895388e-05,7.92451438308046e-05,0.027857696535581553,0.03169805753232184
grouped_physical_interpolation,blocks_3x3_g4,ringdown,wq,0.005,2,0.6159048645773377,0.015150737555868016,0.01976605096023833,0.05771709545092577,0.07529924175328888
grouped_physical_interpolation,blocks_3x3_g4,ringdown,k,0.01,2,0.919123121494156,7.063846733398768e-05,7.948903152806091e-05,0.028255386933595073,0.031795612611224364
grouped_physical_interpolation,blocks_3x3_g4,ringdown,wq,0.01,2,0.4333768605446531,0.017750925948452123,0.02400753995445462,0.06762257504172237,0.09145729506458902
grouped_physical_interpolation,blocks_3x3_g4,ringdown,k,0.0,3,0.917027786164709,6.840587678178211e-05,8.051213700978324e-05,0.027362350712712844,0.032204854803913295
grouped_physical_interpolation,blocks_3x3_g4,ringdown,wq,0.0,3,0.15903703714254025,0.02334401360837597,0.02924751295036163,0.08892957565095608,0.11141909695375858
grouped_physical_interpolation,blocks_3x3_g4,ringdown,k,0.001,3,0.917027786164709,6.840587678178211e-05,8.051213700978324e-05,0.027362350712712844,0.032204854803913295
grouped_physical_interpolation,blocks_3x3_g4,ringdown,wq,0.001,3,0.1508550886946577,0.024055740401112972,0.029389446906473108,0.0916409158137637,0.11195979773894517
grouped_physical_interpolation,blocks_3x3_g4,ringdown,k,0.005,3,0.9035013680818579,7.414736888834258e-05,8.682715945258632e-05,0.02965894755533703,0.03473086378103453
grouped_physical_interpolation,blocks_3x3_g4,ringdown,wq,0.005,3,0.10634697484334166,0.02446569149951206,0.03014983725539057,0.09320263428385547,0.11485652287767835
grouped_physical_interpolation,blocks_3x3_g4,ringdown,k,0.01,3,0.9234907545964633,6.689982294460825e-05,7.731290188028967e-05,0.026759929177843297,0.030925160752115866
grouped_physical_interpolation,blocks_3x3_g4,ringdown,wq,0.01,3,0.17530745026788297,0.025201861541931343,0.028963199977396086,0.09600709158830988,0.11033599991388984
grouped_physical_interpolation,blocks_3x3_g4,ringdown,k,0.0,4,0.917027786164709,6.840587678178211e-05,8.051213700978324e-05,0.027362350712712844,0.032204854803913295
grouped_physical_interpolation,blocks_3x3_g4,ringdown,wq,0.0,4,0.15903703714254025,0.02334401360837597,0.02924751295036163,0.08892957565095608,0.11141909695375858
grouped_physical_interpolation,blocks_3x3_g4,ringdown,k,0.001,4,0.917027786164709,6.840587678178211e-05,8.051213700978324e-05,0.027362350712712844,0.032204854803913295
grouped_physical_interpolation,blocks_3x3_g4,ringdown,wq,0.001,4,0.1508550886946577,0.024055740401112972,0.029389446906473108,0.0916409158137637,0.11195979773894517
grouped_physical_interpolation,blocks_3x3_g4,ringdown,k,0.005,4,0.9271923582569797,6.482578399440095e-05,7.541947368666441e-05,0.02593031359776038,0.030167789474665765
grouped_physical_interpolation,blocks_3x3_g4,ringdown,wq,0.005,4,0.5425002093302609,0.018650365830559415,0.021572275455358773,0.07104901268784539,0.08218009697279532
grouped_physical_interpolation,blocks_3x3_g4,ringdown,k,0.01,4,0.9378966418587777,6.10906300785058e-05,6.965504184754317e-05,0.024436252031402317,0.027862016739017267
grouped_physical_interpolation,blocks_3x3_g4,ringdown,wq,0.01,4,0.21822538247249457,0.022180884804772417,0.02819949234944236,0.08449860878008539,0.10742663752168517
grouped_physical_interpolation,blocks_3x3_g5,ringdown,k,0.0,0,0.59611491295788,0.00015686592509582347,0.0001776331118490177,0.06274637003832939,0.07105324473960707
grouped_physical_interpolation,blocks_3x3_g5,ringdown,wq,0.0,0,-19.980804314641986,0.08834196105478098,0.09349867270591326,0.33654080401821324,0.3561854198320505
grouped_physical_interpolation,blocks_3x3_g5,ringdown,k,0.001,0,0.5899797497115227,0.00015932688354922223,0.00017897718305355935,0.0637307534196889,0.07159087322142374
grouped_physical_interpolation,blocks_3x3_g5,ringdown,wq,0.001,0,-18.398457625961363,0.08639976822735397,0.08990378566825702,0.3291419741994437,0.34249061206955056
grouped_physical_interpolation,blocks_3x3_g5,ringdown,k,0.005,0,0.6250076744607468,0.0001490541474441862,0.00017116154776337516,0.05962165897767448,0.06846461910535007
grouped_physical_interpolation,blocks_3x3_g5,ringdown,wq,0.005,0,-19.388018112191663,0.08949959294837144,0.09216836521684933,0.34095083027951023,0.35111758177847363
grouped_physical_interpolation,blocks_3x3_g5,ringdown,k,0.01,0,0.6191770313374231,0.00014305380225207773,0.00017248708481148328,0.05722152090083109,0.06899483392459331
grouped_physical_interpolation,blocks_3x3_g5,ringdown,wq,0.01,0,-18.293493970743043,0.08733310978819775,0.08966022429786204,0.33269756109789617,0.3415627592299506
grouped_physical_interpolation,blocks_3x3_g5,ringdown,k,0.0,1,0.59611491295788,0.00015686592509582347,0.0001776331118490177,0.06274637003832939,0.07105324473960707
grouped_physical_interpolation,blocks_3x3_g5,ringdown,wq,0.0,1,-19.980804314641986,0.08834196105478098,0.09349867270591326,0.33654080401821324,0.3561854198320505
grouped_physical_interpolation,blocks_3x3_g5,ringdown,k,0.001,1,0.5974233218530852,0.00015729076703027838,0.00017734515211932837,0.06291630681211136,0.07093806084773134
grouped_physical_interpolation,blocks_3x3_g5,ringdown,wq,0.001,1,-17.909860738358475,0.08472470904907774,0.08876434329719729,0.322760796377439,0.33814987922741824
grouped_physical_interpolation,blocks_3x3_g5,ringdown,k,0.005,1,0.4628793960073744,0.0001912859263364662,0.00020484761943191792,0.07651437053458647,0.08193904777276717
grouped_physical_interpolation,blocks_3x3_g5,ringdown,wq,0.005,1,-20.316924058634356,0.09117132506897647,0.09424463746599933,0.34731933359610084,0.3590271903466641
grouped_physical_interpolation,blocks_3x3_g5,ringdown,k,0.01,1,0.6443175081414125,0.00014481469347095506,0.0001666964147078519,0.05792587738838202,0.06667856588314076
grouped_physical_interpolation,blocks_3x3_g5,ringdown,wq,0.01,1,-18.99515332701377,0.08746520399435044,0.09127603128015445,0.333200777121335,0.34771821440058837
grouped_physical_interpolation,blocks_3x3_g5,ringdown,k,0.0,2,0.59611491295788,0.00015686592509582347,0.0001776331118490177,0.06274637003832939,0.07105324473960707
grouped_physical_interpolation,blocks_3x3_g5,ringdown,wq,0.0,2,-19.980804314641986,0.08834196105478098,0.09349867270591326,0.33654080401821324,0.3561854198320505
grouped_physical_interpolation,blocks_3x3_g5,ringdown,k,0.001,2,0.6028073910783932,0.0001561448241780967,0.00017615525133245541,0.06245792967123867,0.07046210053298216
grouped_physical_interpolation,blocks_3x3_g5,ringdown,wq,0.001,2,-19.34248981338865,0.08713385907225928,0.09206539752939356,0.3319385107514639,0.3507253239214993
grouped_physical_interpolation,blocks_3x3_g5,ringdown,k,0.005,2,0.42735746055519164,0.00020524834001351932,0.0002115128799721796,0.08209933600540772,0.08460515198887184
grouped_physical_interpolation,blocks_3x3_g5,ringdown,wq,0.005,2,-21.52839539785666,0.0919695079112982,0.09688566155925037,0.3503600301382788,0.36908823451142997
grouped_physical_interpolation,blocks_3x3_g5,ringdown,k,0.01,2,0.4351914956058144,0.00020411677453247522,0.00021006109684040917,0.08164670981299009,0.08402443873616366
grouped_physical_interpolation,blocks_3x3_g5,ringdown,wq,0.01,2,-22.89815627118473,0.09572370538833065,0.09978759999616,0.36466173481268815,0.3801432380806095
grouped_physical_interpolation,blocks_3x3_g5,ringdown,k,0.0,3,0.59611491295788,0.00015686592509582347,0.0001776331118490177,0.06274637003832939,0.07105324473960707
grouped_physical_interpolation,blocks_3x3_g5,ringdown,wq,0.0,3,-19.980804314641986,0.08834196105478098,0.09349867270591326,0.33654080401821324,0.3561854198320505
grouped_physical_interpolation,blocks_3x3_g5,ringdown,k,0.001,3,0.5971692396429904,0.00015805145470215674,0.00017740110809375283,0.0632205818808627,0.07096044323750113
grouped_physical_interpolation,blocks_3x3_g5,ringdown,wq,0.001,3,-20.346871264802083,0.08940924986450566,0.09431081429861334,0.34060666615049773,0.35927929256614605
grouped_physical_interpolation,blocks_3x3_g5,ringdown,k,0.005,3,0.5629533664538804,0.00017108470242329122,0.00018478167724585303,0.06843388096931649,0.0739126708983412
grouped_physical_interpolation,blocks_3x3_g5,ringdown,wq,0.005,3,-20.192455957959048,0.08664007502944536,0.0939690905696279,0.3300574286836014,0.3579774878842968
grouped_physical_interpolation,blocks_3x3_g5,ringdown,k,0.01,3,0.5006556533342728,0.00019080389919601932,0.00019751272638303575,0.07632155967840773,0.0790050905532143
grouped_physical_interpolation,blocks_3x3_g5,ringdown,wq,0.01,3,-20.305644336580237,0.0874441349491921,0.09421969967532494,0.33312051409216037,0.35893218923933307
grouped_physical_interpolation,blocks_3x3_g5,ringdown,k,0.0,4,0.59611491295788,0.00015686592509582347,0.0001776331118490177,0.06274637003832939,0.07105324473960707
grouped_physical_interpolation,blocks_3x3_g5,ringdown,wq,0.0,4,-19.980804314641986,0.08834196105478098,0.09349867270591326,0.33654080401821324,0.3561854198320505
grouped_physical_interpolation,blocks_3x3_g5,ringdown,k,0.001,4,0.595800728550901,0.00015777070455731877,0.0001777021892998532,0.0631082818229275,0.07108087571994127
grouped_physical_interpolation,blocks_3x3_g5,ringdown,wq,0.001,4,-19.980804314641986,0.08834196105478098,0.09349867270591326,0.33654080401821324,0.3561854198320505
grouped_physical_interpolation,blocks_3x3_g5,ringdown,k,0.005,4,0.649035308749307,0.00014249895511336198,0.00016558718701626762,0.05699958204534479,0.06623487480650705
grouped_physical_interpolation,blocks_3x3_g5,ringdown,wq,0.005,4,-17.478968741808924,0.08225106069066511,0.08774719544855578,0.3133373740596766,0.3342750302802125
grouped_physical_interpolation,blocks_3x3_g5,ringdown,k,0.01,4,0.6162728037142406,0.0001539330486721985,0.00017314354510008438,0.0615732194688794,0.06925741804003376
grouped_physical_interpolation,blocks_3x3_g5,ringdown,wq,0.01,4,-19.417151326236034,0.08781615209194919,0.09223419314945883,0.3345377222550445,0.3513683548550812
grouped_physical_interpolation,blocks_3x3_g6,ringdown,k,0.0,0,-0.7262369108845563,0.00022465121564966585,0.000268191233923712,0.08986048625986634,0.1072764935694848
grouped_physical_interpolation,blocks_3x3_g6,ringdown,wq,0.0,0,-12.999106198442703,0.09715752838276227,0.10082537972379405,0.3701239176486182,0.38409668466207253
grouped_physical_interpolation,blocks_3x3_g6,ringdown,k,0.001,0,-0.7262369108845563,0.00022465121564966585,0.000268191233923712,0.08986048625986634,0.1072764935694848
grouped_physical_interpolation,blocks_3x3_g6,ringdown,wq,0.001,0,-12.999106198442703,0.09715752838276227,0.10082537972379405,0.3701239176486182,0.38409668466207253
grouped_physical_interpolation,blocks_3x3_g6,ringdown,k,0.005,0,-0.7445948796168207,0.00022537951463663433,0.0002696135258427654,0.09015180585465372,0.10784541033710617
grouped_physical_interpolation,blocks_3x3_g6,ringdown,wq,0.005,0,-12.884534398743817,0.09672841621177199,0.10041194340235526,0.3684892046162742,0.38252168915182955
grouped_physical_interpolation,blocks_3x3_g6,ringdown,k,0.01,0,-0.749950170559379,0.00022559027424773294,0.0002700270179814867,0.09023610969909317,0.10801080719259468
grouped_physical_interpolation,blocks_3x3_g6,ringdown,wq,0.01,0,-12.36484402735334,0.09475759585081149,0.09851484074202083,0.3609813175269009,0.37529463139817454
grouped_physical_interpolation,blocks_3x3_g6,ringdown,k,0.0,1,-0.7262369108845563,0.00022465121564966585,0.000268191233923712,0.08986048625986634,0.1072764935694848
grouped_physical_interpolation,blocks_3x3_g6,ringdown,wq,0.0,1,-12.999106198442703,0.09715752838276227,0.10082537972379405,0.3701239176486182,0.38409668466207253
grouped_physical_interpolation,blocks_3x3_g6,ringdown,k,0.001,1,-0.7308602475940804,0.00022483549214372093,0.00026855013867634975,0.08993419685748837,0.1074200554705399
grouped_physical_interpolation,blocks_3x3_g6,ringdown,wq,0.001,1,-12.930601981235863,0.09690118412895048,0.10057838416177087,0.36914736811028753,0.3831557491876985
grouped_physical_interpolation,blocks_3x3_g6,ringdown,k,0.005,1,-0.7737991457920685,0.00022651984914463566,0.00027186080582043486,0.09060793965785426,0.10874432232817394
grouped_physical_interpolation,blocks_3x3_g6,ringdown,wq,0.005,1,-12.981956106770927,0.09709341587987076,0.10076360097883334,0.3698796795423648,0.38386133706222225
grouped_physical_interpolation,blocks_3x3_g6,ringdown,k,0.01,1,-0.8016766588049435,0.00022758846911033904,0.00027398879682121916,0.09103538764413562,0.10959551872848766
grouped_physical_interpolation,blocks_3x3_g6,ringdown,wq,0.01,1,-12.838544621136968,0.09655563173529651,0.10024550810286811,0.36783097803922477,0.381887649915688
grouped_physical_interpolation,blocks_3x3_g6,ringdown,k,0.0,2,-0.7262369108845563,0.00022465121564966585,0.000268191233923712,0.08986048625986634,0.1072764935694848
grouped_physical_interpolation,blocks_3x3_g6,ringdown,wq,0.0,2,-12.999106198442703,0.09715752838276227,0.10082537972379405,0.3701239176486182,0.38409668466207253
grouped_physical_interpolation,blocks_3x3_g6,ringdown,k,0.001,2,-0.7613272118157017,0.00022603553913082318,0.00027090336621322047,0.09041421565232927,0.10836134648528818
grouped_physical_interpolation,blocks_3x3_g6,ringdown,wq,0.001,2,-13.005964363874664,0.09718315455004557,0.10085007388841144,0.37022154114303074,0.3841907576701388
grouped_physical_interpolation,blocks_3x3_g6,ringdown,k,0.005,2,-0.7940368128893618,0.00022729748684889136,0.0002734072674059526,0.09091899473955654,0.10936290696238105
grouped_physical_interpolation,blocks_3x3_g6,ringdown,wq,0.005,2,-12.775944890678185,0.09631994526659805,0.10001851694141664,0.3669331248251354,0.3810229216815872
grouped_physical_interpolation,blocks_3x3_g6,ringdown,k,0.01,2,-0.907841743394834,0.00023149699162524866,0.00028194575005625595,0.09259879665009946,0.11277830002250237
grouped_physical_interpolation,blocks_3x3_g6,ringdown,wq,0.01,2,-12.318051051290741,0.09457812764197397,0.0983422295011737,0.3602976291122818,0.374637064766376
grouped_physical_interpolation,blocks_3x3_g6,ringdown,k,0.0,3,-0.7262369108845563,0.00022465121564966585,0.000268191233923712,0.08986048625986634,0.1072764935694848
grouped_physical_interpolation,blocks_3x3_g6,ringdown,wq,0.0,3,-12.999106198442703,0.09715752838276227,0.10082537972379405,0.3701239176486182,0.38409668466207253
grouped_physical_interpolation,blocks_3x3_g6,ringdown,k,0.001,3,-0.7274195539415071,0.00022469840901600136,0.0002682830869577186,0.08987936360640054,0.10731323478308744
grouped_physical_interpolation,blocks_3x3_g6,ringdown,wq,0.001,3,-12.999106198442703,0.09715752838276227,0.10082537972379405,0.3701239176486182,0.38409668466207253
grouped_physical_interpolation,blocks_3x3_g6,ringdown,k,0.005,3,-0.779756359191544,0.0002267498019410953,0.00027231693844914303,0.09069992077643813,0.10892677537965721
grouped_physical_interpolation,blocks_3x3_g6,ringdown,wq,0.005,3,-12.910319208843527,0.09682515534061599,0.10050513709126722,0.36885773463091803,0.38287671272863705
grouped_physical_interpolation,blocks_3x3_g6,ringdown,k,0.01,3,-0.9507718943903967,0.00023301213925740845,0.00028510026703997763,0.09320485570296337,0.11404010681599105
grouped_physical_interpolation,blocks_3x3_g6,ringdown,wq,0.01,3,-11.004312762173189,0.08939251887934323,0.09336591619318975,0.34054292906416467,0.35567968073596096
grouped_physical_interpolation,blocks_3x3_g6,ringdown,k,0.0,4,-0.7262369108845563,0.00022465121564966585,0.000268191233923712,0.08986048625986634,0.1072764935694848
grouped_physical_interpolation,blocks_3x3_g6,ringdown,wq,0.0,4,-12.999106198442703,0.09715752838276227,0.10082537972379405,0.3701239176486182,0.38409668466207253
grouped_physical_interpolation,blocks_3x3_g6,ringdown,k,0.001,4,-0.730763174752249,0.0002248316290243887,0.00026854260794396056,0.08993265160975547,0.10741704317758421
grouped_physical_interpolation,blocks_3x3_g6,ringdown,wq,0.001,4,-12.900486361016803,0.09678827599038788,0.10046960855995955,0.36871724186814425,0.382741365942703
grouped_physical_interpolation,blocks_3x3_g6,ringdown,k,0.005,4,-0.7492289207939238,0.00022556193312402278,0.0002699713658268475,0.0902247732496091,0.10798854633073898
grouped_physical_interpolation,blocks_3x3_g6,ringdown,wq,0.005,4,-12.810773179678867,0.0964511440061087,0.10014487033836089,0.36743292954708073,0.3815042679556605
grouped_physical_interpolation,blocks_3x3_g6,ringdown,k,0.01,4,-0.7449095947467477,0.00022539192129561602,0.0002696378431299679,0.0901567685182464,0.10785513725198716
grouped_physical_interpolation,blocks_3x3_g6,ringdown,wq,0.01,4,-12.54540846308763,0.09544696321141503,0.09917809567279064,0.36360747890062867,0.3778213168487262
grouped_physical_interpolation,blocks_3x3_g7,ringdown,k,0.0,0,-0.23959375856359522,0.0002010312686427435,0.00022726579139885925,0.0804125074570974,0.09090631655954369
grouped_physical_interpolation,blocks_3x3_g7,ringdown,wq,0.0,0,-5.7977543883426215,0.07630209727685106,0.08315401849515301,0.2906746562927659,0.3167772133148686
grouped_physical_interpolation,blocks_3x3_g7,ringdown,k,0.001,0,-0.2417724231853995,0.00020104965647325934,0.00022746542074065894,0.08041986258930374,0.09098616829626358
grouped_physical_interpolation,blocks_3x3_g7,ringdown,wq,0.001,0,-5.73508095970957,0.07587909129650745,0.08276980224517011,0.289063204939076,0.3153135323625528
grouped_physical_interpolation,blocks_3x3_g7,ringdown,k,0.005,0,-0.27535162821154535,0.00020440154694903716,0.0002305203921033475,0.08176061877961487,0.092208156841339
grouped_physical_interpolation,blocks_3x3_g7,ringdown,wq,0.005,0,-5.864907719240352,0.076095290391114,0.08356373807259214,0.28988682053757714,0.318338049800351
grouped_physical_interpolation,blocks_3x3_g7,ringdown,k,0.01,0,-0.2597476438968762,0.00020294501790622428,0.00022910583834195465,0.08117800716248971,0.09164233533678186
grouped_physical_interpolation,blocks_3x3_g7,ringdown,wq,0.01,0,-5.7479294616338805,0.07601813151662185,0.082848714529893,0.2895928819680832,0.31561415059006853
grouped_physical_interpolation,blocks_3x3_g7,ringdown,k,0.0,1,-0.23959375856359522,0.0002010312686427435,0.00022726579139885925,0.0804125074570974,0.09090631655954369
grouped_physical_interpolation,blocks_3x3_g7,ringdown,wq,0.0,1,-5.7977543883426215,0.07630209727685106,0.08315401849515301,0.2906746562927659,0.3167772133148686
grouped_physical_interpolation,blocks_3x3_g7,ringdown,k,0.001,1,-0.2406328453316593,0.00020092177782962459,0.000227361023973223,0.08036871113184983,0.09094440958928919
grouped_physical_interpolation,blocks_3x3_g7,ringdown,wq,0.001,1,-5.8365911212801365,0.07671014501101683,0.08339121675078934,0.2922291238514927,0.3176808257172927
grouped_physical_interpolation,blocks_3x3_g7,ringdown,k,0.005,1,-0.387162866838358,0.00021321474954987777,0.0002404130877987544,0.0852858998199511,0.09616523511950176
grouped_physical_interpolation,blocks_3x3_g7,ringdown,wq,0.005,1,-6.54129351314913,0.07932218524299273,0.087583728485412,0.30217975330663893,0.3336522989920457
grouped_physical_interpolation,blocks_3x3_g7,ringdown,k,0.01,1,-0.3614547732971536,0.00021122346471455053,0.00023817489838502028,0.08448938588582021,0.09526995935400812
grouped_physical_interpolation,blocks_3x3_g7,ringdown,wq,0.01,1,-6.842646109273865,0.08139409625340209,0.08931652472682196,0.31007274763200793,0.34025342753075033
grouped_physical_interpolation,blocks_3x3_g7,ringdown,k,0.0,2,-0.23959375856359522,0.0002010312686427435,0.00022726579139885925,0.0804125074570974,0.09090631655954369
grouped_physical_interpolation,blocks_3x3_g7,ringdown,wq,0.0,2,-5.7977543883426215,0.07630209727685106,0.08315401849515301,0.2906746562927659,0.3167772133148686
grouped_physical_interpolation,blocks_3x3_g7,ringdown,k,0.001,2,-0.24987391058694586,0.00020159661255932362,0.0002282062216675729,0.08063864502372944,0.09128248866702915
grouped_physical_interpolation,blocks_3x3_g7,ringdown,wq,0.001,2,-5.787003472343936,0.07630744917041571,0.08308823679995163,0.2906950444587265,0.3165266163807681
grouped_physical_interpolation,blocks_3x3_g7,ringdown,k,0.005,2,-0.42786711256035637,0.0002163206870973073,0.00024391486839335603,0.08652827483892292,0.0975659473573424
grouped_physical_interpolation,blocks_3x3_g7,ringdown,wq,0.005,2,-6.756087915537406,0.08121002753418015,0.08882227016118026,0.3093715334635434,0.3383705529949724
grouped_physical_interpolation,blocks_3x3_g7,ringdown,k,0.01,2,-0.3987191502773175,0.0002135450233075602,0.0002414124367030171,0.08541800932302407,0.09656497468120684
grouped_physical_interpolation,blocks_3x3_g7,ringdown,wq,0.01,2,-6.9390590253858715,0.0828540871256609,0.08986385036478617,0.31563461762156536,0.34233847758013775
grouped_physical_interpolation,blocks_3x3_g7,ringdown,k,0.0,3,-0.23959375856359522,0.0002010312686427435,0.00022726579139885925,0.0804125074570974,0.09090631655954369
grouped_physical_interpolation,blocks_3x3_g7,ringdown,wq,0.0,3,-5.7977543883426215,0.07630209727685106,0.08315401849515301,0.2906746562927659,0.3167772133148686
grouped_physical_interpolation,blocks_3x3_g7,ringdown,k,0.001,3,-0.24148849815156548,0.00020102623501386328,0.00022743941484048427,0.08041049400554531,0.0909757659361937
grouped_physical_interpolation,blocks_3x3_g7,ringdown,wq,0.001,3,-5.773400679305147,0.07636815269063872,0.08300493059740906,0.290926295964338,0.31620925941870115
grouped_physical_interpolation,blocks_3x3_g7,ringdown,k,0.005,3,-0.2157623585372226,0.00019842638933460443,0.00022507057768409212,0.07937055573384177,0.09002823107363685
grouped_physical_interpolation,blocks_3x3_g7,ringdown,wq,0.005,3,-5.697682799157597,0.07600368110833405,0.08253968271242693,0.2895378327936535,0.31443688652353113
grouped_physical_interpolation,blocks_3x3_g7,ringdown,k,0.01,3,-0.26403284134693017,0.0002034189414628597,0.00022949517436347567,0.08136757658514387,0.09179806974539026
grouped_physical_interpolation,blocks_3x3_g7,ringdown,wq,0.01,3,-5.969367323070679,0.07782961487685858,0.08419710995002111,0.2964937709594612,0.32075089504769944
grouped_physical_interpolation,blocks_3x3_g7,ringdown,k,0.0,4,-0.23959375856359522,0.0002010312686427435,0.00022726579139885925,0.0804125074570974,0.09090631655954369
grouped_physical_interpolation,blocks_3x3_g7,ringdown,wq,0.0,4,-5.7977543883426215,0.07630209727685106,0.08315401849515301,0.2906746562927659,0.3167772133148686
grouped_physical_interpolation,blocks_3x3_g7,ringdown,k,0.001,4,-0.24167674312564347,0.0002010437904796332,0.0002274566573296295,0.08041751619185328,0.0909826629318518
grouped_physical_interpolation,blocks_3x3_g7,ringdown,wq,0.001,4,-5.7197370961241,0.07598345605984912,0.08267546539006432,0.2894607849899014,0.31495415386691167
grouped_physical_interpolation,blocks_3x3_g7,ringdown,k,0.005,4,-0.2514453933898515,0.0002017264316110536,0.0002283496399338315,0.08069057264442143,0.0913398559735326
grouped_physical_interpolation,blocks_3x3_g7,ringdown,wq,0.005,4,-5.896048157742805,0.07698178016835308,0.08375305358883339,0.29326392445086885,0.31905925176698435
grouped_physical_interpolation,blocks_3x3_g7,ringdown,k,0.01,4,-0.3721210680957443,0.00021166787134690846,0.0002391060667792769,0.08466714853876338,0.09564242671171076
grouped_physical_interpolation,blocks_3x3_g7,ringdown,wq,0.01,4,-6.449022463226365,0.07977234681502601,0.08704626664488867,0.3038946545334324,0.3316048253138616
grouped_physical_interpolation,blocks_3x3_g8,ringdown,k,0.0,0,-0.8378491304372666,0.0002544285205210312,0.0002767255808586419,0.10177140820841248,0.11069023234345676
grouped_physical_interpolation,blocks_3x3_g8,ringdown,wq,0.0,0,-14.352578670456685,0.0785022115146723,0.07998067128598602,0.29905604386541823,0.304688271565661
grouped_physical_interpolation,blocks_3x3_g8,ringdown,k,0.001,0,-0.8371726356441938,0.00025432141846229564,0.00027667464614327796,0.10172856738491826,0.11066985845731118
grouped_physical_interpolation,blocks_3x3_g8,ringdown,wq,0.001,0,-15.02626528205893,0.08011525773919916,0.08171664783990602,0.30520098186361583,0.3113015155805944
grouped_physical_interpolation,blocks_3x3_g8,ringdown,k,0.005,0,-0.613149512545399,0.000226991558765991,0.0002592577154545742,0.0907966235063964,0.10370308618182968
grouped_physical_interpolation,blocks_3x3_g8,ringdown,wq,0.005,0,-14.4025500566325,0.07797375324814432,0.08011073080595095,0.29704286951674025,0.3051837364036227
grouped_physical_interpolation,blocks_3x3_g8,ringdown,k,0.01,0,-0.4076180215247531,0.00020400601586753663,0.00024217917106321245,0.08160240634701466,0.09687166842528498
grouped_physical_interpolation,blocks_3x3_g8,ringdown,wq,0.01,0,-14.190416413837598,0.07701220919350667,0.07955715035389546,0.293379844546692,0.30307485849103033
grouped_physical_interpolation,blocks_3x3_g8,ringdown,k,0.0,1,-0.8378491304372666,0.0002544285205210312,0.0002767255808586419,0.10177140820841248,0.11069023234345676
grouped_physical_interpolation,blocks_3x3_g8,ringdown,wq,0.0,1,-14.352578670456685,0.0785022115146723,0.07998067128598602,0.29905604386541823,0.304688271565661
grouped_physical_interpolation,blocks_3x3_g8,ringdown,k,0.001,1,-0.8113477683614985,0.0002504196886146355,0.00027472317645537136,0.1001678754458542,0.10988927058214853
grouped_physical_interpolation,blocks_3x3_g8,ringdown,wq,0.001,1,-15.109161756852696,0.08016181436244779,0.08192771650682053,0.30537834042837253,0.3121055866926496
grouped_physical_interpolation,blocks_3x3_g8,ringdown,k,0.005,1,-0.7216333054102071,0.00024247542516960604,0.0002678333830177983,0.09699017006784241,0.10713335320711931
grouped_physical_interpolation,blocks_3x3_g8,ringdown,wq,0.005,1,-14.914358831970892,0.07909718565101936,0.08143084702159578,0.3013226120038833,0.3102127505584601
grouped_physical_interpolation,blocks_3x3_g8,ringdown,k,0.01,1,-0.7288556172148748,0.00024346667410434406,0.0002683945802680942,0.09738666964173762,0.10735783210723768
grouped_physical_interpolation,blocks_3x3_g8,ringdown,wq,0.01,1,-15.476765162956756,0.08144926953274391,0.08285721946757955,0.3102829315533101,0.315646550352684
grouped_physical_interpolation,blocks_3x3_g8,ringdown,k,0.0,2,-0.8378491304372666,0.0002544285205210312,0.0002767255808586419,0.10177140820841248,0.11069023234345676
grouped_physical_interpolation,blocks_3x3_g8,ringdown,wq,0.0,2,-14.352578670456685,0.0785022115146723,0.07998067128598602,0.29905604386541823,0.304688271565661
grouped_physical_interpolation,blocks_3x3_g8,ringdown,k,0.001,2,-0.805762126787056,0.00024993439754708157,0.00027429926834777985,0.09997375901883263,0.10971970733911193
grouped_physical_interpolation,blocks_3x3_g8,ringdown,wq,0.001,2,-14.352578670456685,0.0785022115146723,0.07998067128598602,0.29905604386541823,0.304688271565661
grouped_physical_interpolation,blocks_3x3_g8,ringdown,k,0.005,2,-0.8092524222679869,0.00025021076469018255,0.0002745642321834719,0.10008430587607302,0.10982569287338877
grouped_physical_interpolation,blocks_3x3_g8,ringdown,wq,0.005,2,-14.37691797186231,0.07780533284511597,0.08004404509357724,0.29640126798139416,0.30492969559457994
grouped_physical_interpolation,blocks_3x3_g8,ringdown,k,0.01,2,-0.8136301665290344,0.00025081472006090584,0.0002748962051491007,0.10032588802436233,0.10995848205964026
grouped_physical_interpolation,blocks_3x3_g8,ringdown,wq,0.01,2,-14.26896996608511,0.07791170591237462,0.07976259034912374,0.29680649871380804,0.3038574870442809
grouped_physical_interpolation,blocks_3x3_g8,ringdown,k,0.0,3,-0.8378491304372666,0.0002544285205210312,0.0002767255808586419,0.10177140820841248,0.11069023234345676
grouped_physical_interpolation,blocks_3x3_g8,ringdown,wq,0.0,3,-14.352578670456685,0.0785022115146723,0.07998067128598602,0.29905604386541823,0.304688271565661
grouped_physical_interpolation,blocks_3x3_g8,ringdown,k,0.001,3,-0.8449568391949924,0.00025500978619014537,0.0002772601695756617,0.10200391447605815,0.11090406783026469
grouped_physical_interpolation,blocks_3x3_g8,ringdown,wq,0.001,3,-14.428453237759605,0.07870060041209855,0.08017806546930296,0.29981181109370875,0.3054402494068684
grouped_physical_interpolation,blocks_3x3_g8,ringdown,k,0.005,3,-0.7511159534796104,0.0002418699639145046,0.00027011694639233043,0.09674798556580184,0.10804677855693216
grouped_physical_interpolation,blocks_3x3_g8,ringdown,wq,0.005,3,-13.13702749542275,0.07411081020100736,0.07674912457541655,0.28232689600383754,0.2923776174301583
grouped_physical_interpolation,blocks_3x3_g8,ringdown,k,0.01,3,-0.7843304446093251,0.00024200753434669902,0.00027266664970018224,0.09680301373867961,0.1090666598800729
grouped_physical_interpolation,blocks_3x3_g8,ringdown,wq,0.01,3,-12.001486367232124,0.0709615038899226,0.07360221454784303,0.2703295386282766,0.28038938875368774
grouped_physical_interpolation,blocks_3x3_g8,ringdown,k,0.0,4,-0.8378491304372666,0.0002544285205210312,0.0002767255808586419,0.10177140820841248,0.11069023234345676
grouped_physical_interpolation,blocks_3x3_g8,ringdown,wq,0.0,4,-14.352578670456685,0.0785022115146723,0.07998067128598602,0.29905604386541823,0.304688271565661
grouped_physical_interpolation,blocks_3x3_g8,ringdown,k,0.001,4,-0.8415926583362252,0.00025476917499904034,0.00027700726963506944,0.10190766999961613,0.11080290785402777
grouped_physical_interpolation,blocks_3x3_g8,ringdown,wq,0.001,4,-14.50056226852978,0.07888508955581683,0.08036521394165143,0.3005146268793022,0.3061531959681959
grouped_physical_interpolation,blocks_3x3_g8,ringdown,k,0.005,4,-0.7654462964457105,0.00024762200668649003,0.0002712199519797624,0.09904880267459601,0.10848798079190496
grouped_physical_interpolation,blocks_3x3_g8,ringdown,wq,0.005,4,-13.825644931049704,0.07695271338353887,0.07859613256772906,0.29315319384205285,0.2994138383532535
grouped_physical_interpolation,blocks_3x3_g8,ringdown,k,0.01,4,-0.3826356126833437,0.00021427950030307908,0.00024002045161848046,0.08571180012123163,0.09600818064739218
grouped_physical_interpolation,blocks_3x3_g8,ringdown,wq,0.01,4,-14.301359385126894,0.07678459862523525,0.07984714403452096,0.2925127566675628,0.3041795963219846
grouped_physical_interpolation,blocks_3x3_g0,photon_geometry,k,0.0,0,-2.816073897567732,0.000439948513514393,0.0005460135284473079,0.1759794054057572,0.21840541137892314
grouped_physical_interpolation,blocks_3x3_g0,photon_geometry,wq,0.0,0,-12.145235866191873,0.08569326995528746,0.09770210118656508,0.3264505522106189,0.3721984807107241
grouped_physical_interpolation,blocks_3x3_g0,photon_geometry,k,0.001,0,-2.452866838162852,0.00041330872993245,0.0005193796508638674,0.16532349197298002,0.20775186034554696
grouped_physical_interpolation,blocks_3x3_g0,photon_geometry,wq,0.001,0,-12.743033712141262,0.08635678094716195,0.09989897176114393,0.3289782131320455,0.38056751147102447
grouped_physical_interpolation,blocks_3x3_g0,photon_geometry,k,0.005,0,-1.084459372011736,0.00034420406908000157,0.00040354477872773533,0.13768162763200062,0.16141791149109413
grouped_physical_interpolation,blocks_3x3_g0,photon_geometry,wq,0.005,0,-13.921898819688902,0.08728518577480263,0.10409545256375889,0.33251499342781954,0.39655410500479576
grouped_physical_interpolation,blocks_3x3_g0,photon_geometry,k,0.01,0,-1.5696187578179055,0.0003750051365172199,0.00044805297170594,0.15000205460688798,0.179221188682376
grouped_physical_interpolation,blocks_3x3_g0,photon_geometry,wq,0.01,0,-15.270704174883655,0.09198802654279227,0.10869833374180854,0.3504305773058753,0.41408889044498487
grouped_physical_interpolation,blocks_3x3_g0,photon_geometry,k,0.0,1,-2.816073897567732,0.000439948513514393,0.0005460135284473079,0.1759794054057572,0.21840541137892314
grouped_physical_interpolation,blocks_3x3_g0,photon_geometry,wq,0.0,1,-12.145235866191873,0.08569326995528746,0.09770210118656508,0.3264505522106189,0.3721984807107241
grouped_physical_interpolation,blocks_3x3_g0,photon_geometry,k,0.001,1,-2.7695933482940274,0.00041813274584994077,0.0005426780632524876,0.1672530983399763,0.217071225300995
grouped_physical_interpolation,blocks_3x3_g0,photon_geometry,wq,0.001,1,-11.718794352075498,0.08624620989902411,0.09610427015687739,0.3285569900915204,0.3661115053595329
grouped_physical_interpolation,blocks_3x3_g0,photon_geometry,k,0.005,1,-1.711706687297902,0.0004054334391182801,0.00046027392381618645,0.16217337564731205,0.1841095695264746
grouped_physical_interpolation,blocks_3x3_g0,photon_geometry,wq,0.005,1,-12.031195804255256,0.08673123115122447,0.09727737604740463,0.33040469009990275,0.3705804801805891
grouped_physical_interpolation,blocks_3x3_g0,photon_geometry,k,0.01,1,-2.5310545998428213,0.00046138384305240333,0.000525227227600322,0.18455353722096132,0.2100908910401288
grouped_physical_interpolation,blocks_3x3_g0,photon_geometry,wq,0.01,1,-14.740701670617588,0.09439470290421027,0.10691330528034389,0.3595988682065153,0.4072887820203576
grouped_physical_interpolation,blocks_3x3_g0,photon_geometry,k,0.0,2,-2.816073897567732,0.000439948513514393,0.0005460135284473079,0.1759794054057572,0.21840541137892314
grouped_physical_interpolation,blocks_3x3_g0,photon_geometry,wq,0.0,2,-12.145235866191873,0.08569326995528746,0.09770210118656508,0.3264505522106189,0.3721984807107241
grouped_physical_interpolation,blocks_3x3_g0,photon_geometry,k,0.001,2,-3.1000396429582215,0.0004616456707862873,0.0005659643072722087,0.18465826831451493,0.22638572290888348
grouped_physical_interpolation,blocks_3x3_g0,photon_geometry,wq,0.001,2,-11.926032942168014,0.0810074101988538,0.09688406255894678,0.3085996579003954,0.369082143081702
grouped_physical_interpolation,blocks_3x3_g0,photon_geometry,k,0.005,2,-2.4714618689608168,0.0004344364440094454,0.0005207763037164458,0.17377457760377815,0.2083105214865783
grouped_physical_interpolation,blocks_3x3_g0,photon_geometry,wq,0.005,2,-12.097463040862156,0.08357183426359446,0.09752440358251914,0.3183688924327408,0.3715215374572158
grouped_physical_interpolation,blocks_3x3_g0,photon_geometry,k,0.01,2,-3.6729709491698532,0.0005311255848082653,0.000604215073797315,0.21245023392330611,0.241686029518926
grouped_physical_interpolation,blocks_3x3_g0,photon_geometry,wq,0.01,2,-14.901961647643468,0.0930985442521941,0.10745956125839778,0.35466112096073943,0.4093697571748487
grouped_physical_interpolation,blocks_3x3_g0,photon_geometry,k,0.0,3,-2.816073897567732,0.000439948513514393,0.0005460135284473079,0.1759794054057572,0.21840541137892314
grouped_physical_interpolation,blocks_3x3_g0,photon_geometry,wq,0.0,3,-12.145235866191873,0.08569326995528746,0.09770210118656508,0.3264505522106189,0.3721984807107241
grouped_physical_interpolation,blocks_3x3_g0,photon_geometry,k,0.001,3,-2.590462504997571,0.0004313468922589295,0.0005296271171333048,0.1725387569035718,0.2118508468533219
grouped_physical_interpolation,blocks_3x3_g0,photon_geometry,wq,0.001,3,-13.684521203331855,0.08624207374042174,0.1032641578462767,0.3285412332968447,0.39338726798581597
grouped_physical_interpolation,blocks_3x3_g0,photon_geometry,k,0.005,3,-1.805970789382406,0.00037934899058078174,0.00046820558296596643,0.1517395962323127,0.18728223318638657
grouped_physical_interpolation,blocks_3x3_g0,photon_geometry,wq,0.005,3,-14.51467142828044,0.08894156885802268,0.10614291328714949,0.3388250242210388,0.4043539553796171
grouped_physical_interpolation,blocks_3x3_g0,photon_geometry,k,0.01,3,-1.7094712627988664,0.0003903713557254397,0.00046008416882801074,0.15614854229017588,0.1840336675312043
grouped_physical_interpolation,blocks_3x3_g0,photon_geometry,wq,0.01,3,-14.970611583750228,0.09392467874400606,0.10769126686351416,0.35780829997716596,0.4102524451943396
grouped_physical_interpolation,blocks_3x3_g0,photon_geometry,k,0.0,4,-2.816073897567732,0.000439948513514393,0.0005460135284473079,0.1759794054057572,0.21840541137892314
grouped_physical_interpolation,blocks_3x3_g0,photon_geometry,wq,0.0,4,-12.145235866191873,0.08569326995528746,0.09770210118656508,0.3264505522106189,0.3721984807107241
grouped_physical_interpolation,blocks_3x3_g0,photon_geometry,k,0.001,4,-2.798236591875992,0.00044479211018743107,0.0005447359302821064,0.17791684407497244,0.21789437211284257
grouped_physical_interpolation,blocks_3x3_g0,photon_geometry,wq,0.001,4,-13.5347853513387,0.08815208630044526,0.10273632430306312,0.3358174716207438,0.39137647353547855
grouped_physical_interpolation,blocks_3x3_g0,photon_geometry,k,0.005,4,-1.9738406658639742,0.0004153032764665388,0.00048200757465067184,0.16612131058661553,0.19280302986026873
grouped_physical_interpolation,blocks_3x3_g0,photon_geometry,wq,0.005,4,-12.08512215953361,0.08299535605727076,0.09747844732653763,0.3161727849800791,0.37134646600585763
grouped_physical_interpolation,blocks_3x3_g0,photon_geometry,k,0.01,4,-1.9426017921064167,0.00040313542376087166,0.00047946925345460247,0.16125416950434865,0.19178770138184098
grouped_physical_interpolation,blocks_3x3_g0,photon_geometry,wq,0.01,4,-12.844740675887026,0.08258393111249093,0.10026794749817934,0.3146054518571083,0.3819731333263975
grouped_physical_interpolation,blocks_3x3_g1,photon_geometry,k,0.0,0,0.4693031512800101,0.00017383993907534815,0.00020361898562326947,0.06953597563013926,0.08144759424930778
grouped_physical_interpolation,blocks_3x3_g1,photon_geometry,wq,0.0,0,-0.18680986138591082,0.029624760167160254,0.03474490114935542,0.11285622920822953,0.13236152818802063
grouped_physical_interpolation,blocks_3x3_g1,photon_geometry,k,0.001,0,0.3383095229186489,0.00020037721319956158,0.00022736439589781984,0.08015088527982463,0.09094575835912794
grouped_physical_interpolation,blocks_3x3_g1,photon_geometry,wq,0.001,0,-0.5040918665386855,0.032835538808756004,0.03911449150244468,0.12508776689049905,0.14900758667597971
grouped_physical_interpolation,blocks_3x3_g1,photon_geometry,k,0.005,0,-0.413085442290515,0.00026313367140495066,0.0003322608917386253,0.10525346856198026,0.13290435669545012
grouped_physical_interpolation,blocks_3x3_g1,photon_geometry,wq,0.005,0,-1.6292971018460265,0.04182535801031237,0.05171545364573341,0.15933469718214235,0.19701125198374633
grouped_physical_interpolation,blocks_3x3_g1,photon_geometry,k,0.01,0,-1.0419152566065009,0.000322122470868208,0.0003994053447594097,0.1288489883472832,0.15976213790376387
grouped_physical_interpolation,blocks_3x3_g1,photon_geometry,wq,0.01,0,-2.4826151031263892,0.050603042158979136,0.05951867396213872,0.19277349393896814,0.22673780557005224
grouped_physical_interpolation,blocks_3x3_g1,photon_geometry,k,0.0,1,0.4693031512800101,0.00017383993907534815,0.00020361898562326947,0.06953597563013926,0.08144759424930778
grouped_physical_interpolation,blocks_3x3_g1,photon_geometry,wq,0.0,1,-0.18680986138591082,0.029624760167160254,0.03474490114935542,0.11285622920822953,0.13236152818802063
grouped_physical_interpolation,blocks_3x3_g1,photon_geometry,k,0.001,1,0.3552156798352022,0.00019111612590690292,0.00022444102791796964,0.07644645036276117,0.08977641116718786
grouped_physical_interpolation,blocks_3x3_g1,photon_geometry,wq,0.001,1,-2.1878395568378215,0.045739931293162804,0.05694410021434149,0.17424735730728685,0.21692990557844377
grouped_physical_interpolation,blocks_3x3_g1,photon_geometry,k,0.005,1,-0.3417124665602034,0.0002734800471056144,0.0003237611564873339,0.10939201884224575,0.12950446259493356
grouped_physical_interpolation,blocks_3x3_g1,photon_geometry,wq,0.005,1,-2.743874322006464,0.05162015853966673,0.06171079453317665,0.19664822300825419,0.23508874107876818
grouped_physical_interpolation,blocks_3x3_g1,photon_geometry,k,0.01,1,-0.3016234989275821,0.00026573623713822554,0.0003188876539687878,0.10629449485529022,0.12755506158751512
grouped_physical_interpolation,blocks_3x3_g1,photon_geometry,wq,0.01,1,-2.7747591357203563,0.05112848571328282,0.06196481104922006,0.19477518366964885,0.23605642304464783
grouped_physical_interpolation,blocks_3x3_g1,photon_geometry,k,0.0,2,0.4693031512800101,0.00017383993907534815,0.00020361898562326947,0.06953597563013926,0.08144759424930778
grouped_physical_interpolation,blocks_3x3_g1,photon_geometry,wq,0.0,2,-0.18680986138591082,0.029624760167160254,0.03474490114935542,0.11285622920822953,0.13236152818802063
grouped_physical_interpolation,blocks_3x3_g1,photon_geometry,k,0.001,2,0.5890282085564071,0.00014997833018547216,0.00017918474043994564,0.059991332074188865,0.07167389617597826
grouped_physical_interpolation,blocks_3x3_g1,photon_geometry,wq,0.001,2,-0.3633309640873521,0.03240796373574126,0.037239269797253026,0.1234589094694905,0.1418638849419163
grouped_physical_interpolation,blocks_3x3_g1,photon_geometry,k,0.005,2,0.382219011311428,0.000203883333505237,0.00021969100969610635,0.0815533334020948,0.08787640387844253
grouped_physical_interpolation,blocks_3x3_g1,photon_geometry,wq,0.005,2,-2.1381436106473717,0.050189612446146184,0.056498499572602535,0.1911985236043664,0.2152323793242001
grouped_physical_interpolation,blocks_3x3_g1,photon_geometry,k,0.01,2,-0.6490281002335532,0.0003089557184787915,0.0003589294085621104,0.12358228739151661,0.14357176342484415
grouped_physical_interpolation,blocks_3x3_g1,photon_geometry,wq,0.01,2,-2.0482962675033076,0.046998306910685156,0.05568382942651319,0.1790411691835625,0.21212887400576452
grouped_physical_interpolation,blocks_3x3_g1,photon_geometry,k,0.0,3,0.4693031512800101,0.00017383993907534815,0.00020361898562326947,0.06953597563013926,0.08144759424930778
grouped_physical_interpolation,blocks_3x3_g1,photon_geometry,wq,0.0,3,-0.18680986138591082,0.029624760167160254,0.03474490114935542,0.11285622920822953,0.13236152818802063
grouped_physical_interpolation,blocks_3x3_g1,photon_geometry,k,0.001,3,0.5290951730721637,0.0001652131428281237,0.00019180573402204955,0.06608525713124948,0.07672229360881981
grouped_physical_interpolation,blocks_3x3_g1,photon_geometry,wq,0.001,3,0.23891924618917848,0.02413245322876853,0.027823763750918818,0.09193315515721344,0.10599529047969074
grouped_physical_interpolation,blocks_3x3_g1,photon_geometry,k,0.005,3,0.28405087498822534,0.00017351874560699523,0.0002365026963726733,0.06940749824279809,0.09460107854906931
grouped_physical_interpolation,blocks_3x3_g1,photon_geometry,wq,0.005,3,-0.06750275705152542,0.02878480262047451,0.03295224515398529,0.10965639093514098,0.1255323624913725
grouped_physical_interpolation,blocks_3x3_g1,photon_geometry,k,0.01,3,-1.3278232018278389,0.00033886198785968677,0.00042645185852895507,0.1355447951438747,0.17058074341158203
grouped_physical_interpolation,blocks_3x3_g1,photon_geometry,wq,0.01,3,-1.5253763917238339,0.04020798474330052,0.050683146098644896,0.1531732752125734,0.1930786518043615
grouped_physical_interpolation,blocks_3x3_g1,photon_geometry,k,0.0,4,0.4693031512800101,0.00017383993907534815,0.00020361898562326947,0.06953597563013926,0.08144759424930778
grouped_physical_interpolation,blocks_3x3_g1,photon_geometry,wq,0.0,4,-0.18680986138591082,0.029624760167160254,0.03474490114935542,0.11285622920822953,0.13236152818802063
grouped_physical_interpolation,blocks_3x3_g1,photon_geometry,k,0.001,4,0.32650671151315525,0.0001855100855227973,0.00022938322336874323,0.07420403420911892,0.0917532893474973
grouped_physical_interpolation,blocks_3x3_g1,photon_geometry,wq,0.001,4,-0.6351643905643116,0.033377928009537365,0.04078319235331061,0.12715401146490424,0.15536454229832614
grouped_physical_interpolation,blocks_3x3_g1,photon_geometry,k,0.005,4,0.26407641515634994,0.0001930490922676456,0.00023977912766942448,0.07721963690705824,0.09591165106776979
grouped_physical_interpolation,blocks_3x3_g1,photon_geometry,wq,0.005,4,-1.019672100740121,0.038083051294979256,0.04532532641880904,0.14507829064754002,0.1726679101668916
grouped_physical_interpolation,blocks_3x3_g1,photon_geometry,k,0.01,4,-0.5381761433017274,0.00031532101153034257,0.0003466554646842416,0.12612840461213704,0.13866218587369664
grouped_physical_interpolation,blocks_3x3_g1,photon_geometry,wq,0.01,4,-1.9474488643954957,0.042860014480715594,0.05475498280295857,0.1632762456408213,0.2085904106779374
grouped_physical_interpolation,blocks_3x3_g2,photon_geometry,k,0.0,0,0.35573657360846267,0.0001896291844818111,0.0002243503514301657,0.07585167379272444,0.08974014057206628
grouped_physical_interpolation,blocks_3x3_g2,photon_geometry,wq,0.0,0,-29.162912202969387,0.10285641955899145,0.11210655683130478,0.39183397927234836,0.42707259745258963
grouped_physical_interpolation,blocks_3x3_g2,photon_geometry,k,0.001,0,0.3695404688437509,0.0001778978973602212,0.00022193388851543598,0.07115915894408847,0.08877355540617439
grouped_physical_interpolation,blocks_3x3_g2,photon_geometry,wq,0.001,0,-32.14782641653232,0.10608015254657939,0.11752273967288965,0.40411486684411196,0.4477056749443415
grouped_physical_interpolation,blocks_3x3_g2,photon_geometry,k,0.005,0,0.4500048610274603,0.00018011016587078418,0.00020728813336085998,0.07204406634831367,0.08291525334434399
grouped_physical_interpolation,blocks_3x3_g2,photon_geometry,wq,0.005,0,-33.5860463844098,0.10360931056316242,0.12004521090060503,0.39470213547871397,0.457315089145162
grouped_physical_interpolation,blocks_3x3_g2,photon_geometry,k,0.01,0,0.15633884255421204,0.00021511645979030287,0.00025673143151054215,0.08604658391612115,0.10269257260421685
grouped_physical_interpolation,blocks_3x3_g2,photon_geometry,wq,0.01,0,-33.19833377055183,0.10782452263294169,0.11937045588306146,0.41076008622073024,0.4547445938402341
grouped_physical_interpolation,blocks_3x3_g2,photon_geometry,k,0.0,1,0.35573657360846267,0.0001896291844818111,0.0002243503514301657,0.07585167379272444,0.08974014057206628
grouped_physical_interpolation,blocks_3x3_g2,photon_geometry,wq,0.0,1,-29.162912202969387,0.10285641955899145,0.11210655683130478,0.39183397927234836,0.42707259745258963
grouped_physical_interpolation,blocks_3x3_g2,photon_geometry,k,0.001,1,0.11303199504865968,0.00022549603596937784,0.000263238248335654,0.09019841438775113,0.1052952993342616
grouped_physical_interpolation,blocks_3x3_g2,photon_geometry,wq,0.001,1,-27.657912229551854,0.10097250035617951,0.1092739528081293,0.38465714421401714,0.41628172498334964
grouped_physical_interpolation,blocks_3x3_g2,photon_geometry,k,0.005,1,0.41676122045740926,0.00018454701884190074,0.0002134608386842067,0.07381880753676029,0.08538433547368268
grouped_physical_interpolation,blocks_3x3_g2,photon_geometry,wq,0.005,1,-36.92438833672358,0.11764239471682453,0.1257053239669459,0.44816150368314106,0.4788774246359843
grouped_physical_interpolation,blocks_3x3_g2,photon_geometry,k,0.01,1,0.534992619344601,0.0001587444118181639,0.00019060089615136405,0.06349776472726557,0.07624035846054562
grouped_physical_interpolation,blocks_3x3_g2,photon_geometry,wq,0.01,1,-24.039070753269367,0.09117672848993193,0.10214179432140187,0.3473399180568835,0.38911159741486423
grouped_physical_interpolation,blocks_3x3_g2,photon_geometry,k,0.0,2,0.35573657360846267,0.0001896291844818111,0.0002243503514301657,0.07585167379272444,0.08974014057206628
grouped_physical_interpolation,blocks_3x3_g2,photon_geometry,wq,0.0,2,-29.162912202969387,0.10285641955899145,0.11210655683130478,0.39183397927234836,0.42707259745258963
grouped_physical_interpolation,blocks_3x3_g2,photon_geometry,k,0.001,2,0.4203620979911502,0.00017644333195392095,0.00021280087193064175,0.07057733278156839,0.0851203487722567
grouped_physical_interpolation,blocks_3x3_g2,photon_geometry,wq,0.001,2,-25.828798252715377,0.09584930604191204,0.1057292104322708,0.36514021349299824,0.40277794450388876
grouped_physical_interpolation,blocks_3x3_g2,photon_geometry,k,0.005,2,0.5607650070589836,0.00015897514740885346,0.00018524371466669768,0.06359005896354139,0.07409748586667907
grouped_physical_interpolation,blocks_3x3_g2,photon_geometry,wq,0.005,2,-24.338701718095987,0.0877680301546197,0.10275111864374027,0.33435440058902743,0.39143283292853437
grouped_physical_interpolation,blocks_3x3_g2,photon_geometry,k,0.01,2,0.3350813873306949,0.00021128419241537135,0.00022791833321343297,0.08451367696614853,0.09116733328537319
grouped_physical_interpolation,blocks_3x3_g2,photon_geometry,wq,0.01,2,-22.672177401896217,0.08835937159079023,0.09931468799120342,0.33660712986967706,0.3783416685379178
grouped_physical_interpolation,blocks_3x3_g2,photon_geometry,k,0.0,3,0.35573657360846267,0.0001896291844818111,0.0002243503514301657,0.07585167379272444,0.08974014057206628
grouped_physical_interpolation,blocks_3x3_g2,photon_geometry,wq,0.0,3,-29.162912202969387,0.10285641955899145,0.11210655683130478,0.39183397927234836,0.42707259745258963
grouped_physical_interpolation,blocks_3x3_g2,photon_geometry,k,0.001,3,0.41809609591427943,0.00018291820487438483,0.00021321642175662015,0.07316728194975393,0.08528656870264806
grouped_physical_interpolation,blocks_3x3_g2,photon_geometry,wq,0.001,3,-27.65904785257175,0.09782627266871045,0.10927611787838895,0.37267151492842077,0.41628997287005315
grouped_physical_interpolation,blocks_3x3_g2,photon_geometry,k,0.005,3,-0.5757175707389668,0.00026203079209480545,0.00035086027876347274,0.10481231683792218,0.14034411150538909
grouped_physical_interpolation,blocks_3x3_g2,photon_geometry,wq,0.005,3,-27.362489396593695,0.09753817415462769,0.10870926324489265,0.37157399677953407,0.41413052664721006
grouped_physical_interpolation,blocks_3x3_g2,photon_geometry,k,0.01,3,-0.30099227960039765,0.0002712319244114102,0.0003188103226744408,0.10849276976456407,0.1275241290697763
grouped_physical_interpolation,blocks_3x3_g2,photon_geometry,wq,0.01,3,-28.41685860977045,0.09444299082450724,0.11071144665633126,0.359782822188599,0.42175789202411906
grouped_physical_interpolation,blocks_3x3_g2,photon_geometry,k,0.0,4,0.35573657360846267,0.0001896291844818111,0.0002243503514301657,0.07585167379272444,0.08974014057206628
grouped_physical_interpolation,blocks_3x3_g2,photon_geometry,wq,0.0,4,-29.162912202969387,0.10285641955899145,0.11210655683130478,0.39183397927234836,0.42707259745258963
grouped_physical_interpolation,blocks_3x3_g2,photon_geometry,k,0.001,4,0.4070176473426177,0.00016604334572978613,0.0002152364892423169,0.06641733829191446,0.08609459569692676
grouped_physical_interpolation,blocks_3x3_g2,photon_geometry,wq,0.001,4,-22.67435189437656,0.08482715062189687,0.09931924933930765,0.32315104998817856,0.37835904510212437
grouped_physical_interpolation,blocks_3x3_g2,photon_geometry,k,0.005,4,0.3830898957360499,0.00019258177185948943,0.00021953610613204631,0.07703270874379577,0.08781444245281853
grouped_physical_interpolation,blocks_3x3_g2,photon_geometry,wq,0.005,4,-23.51861282171187,0.0825809197998676,0.10107466881327523,0.3145939801899718,0.38504635738390564
grouped_physical_interpolation,blocks_3x3_g2,photon_geometry,k,0.01,4,-0.035055106941652925,0.000235714141072316,0.0002843653991431036,0.0942856564289264,0.11374615965724144
grouped_physical_interpolation,blocks_3x3_g2,photon_geometry,wq,0.01,4,-27.46584471215494,0.09649465361838255,0.10890715600944022,0.36759868045098115,0.4148844038454865
grouped_physical_interpolation,blocks_3x3_g3,photon_geometry,k,0.0,0,-4.180128638334288,0.0005842263251581533,0.0006361584314224456,0.23369053006326132,0.2544633725689782
grouped_physical_interpolation,blocks_3x3_g3,photon_geometry,wq,0.0,0,0.25083935001398316,0.018502132803007998,0.023324223328474725,0.07048431544003046,0.08885418410847513
grouped_physical_interpolation,blocks_3x3_g3,photon_geometry,k,0.001,0,-4.066386154337823,0.000572440498199859,0.0006291354530684489,0.2289761992799436,0.2516541812273796
grouped_physical_interpolation,blocks_3x3_g3,photon_geometry,wq,0.001,0,0.16977241342656146,0.020283883732325834,0.02455377614988698,0.07727193802790794,0.0935381948567123
grouped_physical_interpolation,blocks_3x3_g3,photon_geometry,k,0.005,0,-3.515603895340435,0.0005396395637051091,0.0005939541685378355,0.21585582548204366,0.2375816674151342
grouped_physical_interpolation,blocks_3x3_g3,photon_geometry,wq,0.005,0,0.13764592613508542,0.02085077142712314,0.025024333652114965,0.07943151019856434,0.09533079486519987
grouped_physical_interpolation,blocks_3x3_g3,photon_geometry,k,0.01,0,-3.8471954714251826,0.000564645269730792,0.0006153756139181114,0.22585810789231678,0.24615024556724455
grouped_physical_interpolation,blocks_3x3_g3,photon_geometry,wq,0.01,0,0.07683666103184872,0.022403593558022517,0.025891605836443652,0.08534702307818101,0.09863468890073772
grouped_physical_interpolation,blocks_3x3_g3,photon_geometry,k,0.0,1,-4.180128638334288,0.0005842263251581533,0.0006361584314224456,0.23369053006326132,0.2544633725689782
grouped_physical_interpolation,blocks_3x3_g3,photon_geometry,wq,0.0,1,0.25083935001398316,0.018502132803007998,0.023324223328474725,0.07048431544003046,0.08885418410847513
grouped_physical_interpolation,blocks_3x3_g3,photon_geometry,k,0.001,1,-4.132985192229091,0.0005832657239219425,0.0006332570316568919,0.233306289568777,0.2533028126627567
grouped_physical_interpolation,blocks_3x3_g3,photon_geometry,wq,0.001,1,0.17883561647388624,0.0199233964476492,0.024419387381103098,0.0758986531339017,0.0930262376422975
grouped_physical_interpolation,blocks_3x3_g3,photon_geometry,k,0.005,1,-4.442173757437717,0.0005974894624275566,0.000652050477187021,0.23899578497102264,0.2608201908748084
grouped_physical_interpolation,blocks_3x3_g3,photon_geometry,wq,0.005,1,0.1786626579082753,0.02044914539729701,0.024421958924588014,0.07790150627541717,0.09303603399843052
grouped_physical_interpolation,blocks_3x3_g3,photon_geometry,k,0.01,1,-4.284638887556243,0.0005877445304915528,0.0006425437051985892,0.2350978121966211,0.25701748207943564
grouped_physical_interpolation,blocks_3x3_g3,photon_geometry,wq,0.01,1,-0.05480384006706451,0.024311824882943485,0.027676142836361797,0.09261647574454661,0.10543292509090207
grouped_physical_interpolation,blocks_3x3_g3,photon_geometry,k,0.0,2,-4.180128638334288,0.0005842263251581533,0.0006361584314224456,0.23369053006326132,0.2544633725689782
grouped_physical_interpolation,blocks_3x3_g3,photon_geometry,wq,0.0,2,0.25083935001398316,0.018502132803007998,0.023324223328474725,0.07048431544003046,0.08885418410847513
grouped_physical_interpolation,blocks_3x3_g3,photon_geometry,k,0.001,2,-4.105323657139018,0.0005742801219196772,0.0006315484230951621,0.22971204876787088,0.25261936923806483
grouped_physical_interpolation,blocks_3x3_g3,photon_geometry,wq,0.001,2,0.15464093269940227,0.021033454707558727,0.024776520719219763,0.08012744650498563,0.09438674559702767
grouped_physical_interpolation,blocks_3x3_g3,photon_geometry,k,0.005,2,-3.858397358543458,0.0005627505763646745,0.0006160862712609393,0.2251002305458698,0.24643450850437573
grouped_physical_interpolation,blocks_3x3_g3,photon_geometry,wq,0.005,2,0.24336256961344616,0.01904190453953026,0.023440324688855863,0.07254058872202003,0.08929647500516519
grouped_physical_interpolation,blocks_3x3_g3,photon_geometry,k,0.01,2,-2.7741333685156824,0.00048521695626888543,0.0005430047600300459,0.19408678250755418,0.21720190401201836
grouped_physical_interpolation,blocks_3x3_g3,photon_geometry,wq,0.01,2,0.31060414909392886,0.018174837481638992,0.022374536367703403,0.0692374761205295,0.08523632901982249
grouped_physical_interpolation,blocks_3x3_g3,photon_geometry,k,0.0,3,-4.180128638334288,0.0005842263251581533,0.0006361584314224456,0.23369053006326132,0.2544633725689782
grouped_physical_interpolation,blocks_3x3_g3,photon_geometry,wq,0.0,3,0.25083935001398316,0.018502132803007998,0.023324223328474725,0.07048431544003046,0.08885418410847513
grouped_physical_interpolation,blocks_3x3_g3,photon_geometry,k,0.001,3,-4.477592321510039,0.0006010221702282175,0.0006541688620822393,0.24040886809128698,0.26166754483289567
grouped_physical_interpolation,blocks_3x3_g3,photon_geometry,wq,0.001,3,0.14001222144653303,0.02023394366531725,0.02498997674327161,0.07708169015358952,0.09519991140293947
grouped_physical_interpolation,blocks_3x3_g3,photon_geometry,k,0.005,3,-4.077133871864512,0.0005788712834704074,0.0006298024164286884,0.23154851338816296,0.25192096657147534
grouped_physical_interpolation,blocks_3x3_g3,photon_geometry,wq,0.005,3,-0.05638859807198071,0.024286770524199516,0.02769692562344333,0.09252103056837911,0.10551209761311744
grouped_physical_interpolation,blocks_3x3_g3,photon_geometry,k,0.01,3,-5.7390480445081,0.0006809895976890572,0.0007255950168497544,0.27239583907562287,0.29023800673990174
grouped_physical_interpolation,blocks_3x3_g3,photon_geometry,wq,0.01,3,-0.17325418336602438,0.02586777094388934,0.029188768219753636,0.09854388931005463,0.11119530750382337
grouped_physical_interpolation,blocks_3x3_g3,photon_geometry,k,0.0,4,-4.180128638334288,0.0005842263251581533,0.0006361584314224456,0.23369053006326132,0.2544633725689782
grouped_physical_interpolation,blocks_3x3_g3,photon_geometry,wq,0.0,4,0.25083935001398316,0.018502132803007998,0.023324223328474725,0.07048431544003046,0.08885418410847513
grouped_physical_interpolation,blocks_3x3_g3,photon_geometry,k,0.001,4,-4.026521676116875,0.0005797987882918245,0.0006266554124450143,0.23191951531672977,0.2506621649780057
grouped_physical_interpolation,blocks_3x3_g3,photon_geometry,wq,0.001,4,0.14592774525393248,0.02016621509094621,0.024903880232092942,0.07682367653693795,0.0948719246936874
grouped_physical_interpolation,blocks_3x3_g3,photon_geometry,k,0.005,4,-3.9240429786450033,0.0005713869909350392,0.0006202345183127434,0.22855479637401568,0.24809380732509737
grouped_physical_interpolation,blocks_3x3_g3,photon_geometry,wq,0.005,4,0.144592009795936,0.020577461166144652,0.024923346968986064,0.07839032825197963,0.09494608369137547
grouped_physical_interpolation,blocks_3x3_g3,photon_geometry,k,0.01,4,-3.5787863869608545,0.0005509878804628043,0.0005980950480327661,0.2203951521851217,0.23923801921310645
grouped_physical_interpolation,blocks_3x3_g3,photon_geometry,wq,0.01,4,0.1515538258060909,0.020571288357774414,0.02482171930288004,0.07836681279152158,0.09455893067763824
grouped_physical_interpolation,blocks_3x3_g4,photon_geometry,k,0.0,0,-0.5222067975504538,0.0002883048196758354,0.00034485128107436286,0.11532192787033417,0.13794051242974514
grouped_physical_interpolation,blocks_3x3_g4,photon_geometry,wq,0.0,0,0.40563006197725937,0.021076046338641317,0.024588323882129615,0.08028970033768121,0.09366980526525567
grouped_physical_interpolation,blocks_3x3_g4,photon_geometry,k,0.001,0,-0.7890920752359636,0.0003278076513619292,0.0003738620312064461,0.13112306054477166,0.14954481248257845
grouped_physical_interpolation,blocks_3x3_g4,photon_geometry,wq,0.001,0,0.48717202205001586,0.018704780197260476,0.022839487928169467,0.07125630551337324,0.0870075730596932
grouped_physical_interpolation,blocks_3x3_g4,photon_geometry,k,0.005,0,-0.4281895791816033,0.00027143105691976435,0.00033403190098187145,0.10857242276790574,0.13361276039274858
grouped_physical_interpolation,blocks_3x3_g4,photon_geometry,wq,0.005,0,0.40170074930465094,0.020075131437410118,0.024669465317810894,0.07647669119013378,0.09397891549642245
grouped_physical_interpolation,blocks_3x3_g4,photon_geometry,k,0.01,0,-0.3506057492198751,0.00026764099531787074,0.00032483237855516,0.10705639812714829,0.12993295142206399
grouped_physical_interpolation,blocks_3x3_g4,photon_geometry,wq,0.01,0,-0.040846530381437596,0.02828154829762661,0.03253822490736652,0.10773923161000613,0.12395514250425341
grouped_physical_interpolation,blocks_3x3_g4,photon_geometry,k,0.0,1,-0.5222067975504538,0.0002883048196758354,0.00034485128107436286,0.11532192787033417,0.13794051242974514
grouped_physical_interpolation,blocks_3x3_g4,photon_geometry,wq,0.0,1,0.40563006197725937,0.021076046338641317,0.024588323882129615,0.08028970033768121,0.09366980526525567
grouped_physical_interpolation,blocks_3x3_g4,photon_geometry,k,0.001,1,-0.5971901087733287,0.00028217553789098345,0.00035324280211763173,0.11287021515639338,0.14129712084705268
grouped_physical_interpolation,blocks_3x3_g4,photon_geometry,wq,0.001,1,0.5407251511463357,0.016537929126999508,0.02161408418874915,0.06300163476952193,0.082339368338092
grouped_physical_interpolation,blocks_3x3_g4,photon_geometry,k,0.005,1,-0.8564670302714581,0.00031765293988926497,0.0003808365617163847,0.12706117595570598,0.15233462468655387
grouped_physical_interpolation,blocks_3x3_g4,photon_geometry,wq,0.005,1,0.12463099487168183,0.02396088689006577,0.029839812497801658,0.09127956910501245,0.11367547618210155
grouped_physical_interpolation,blocks_3x3_g4,photon_geometry,k,0.01,1,-0.26151357296236233,0.00027154646386795214,0.00031393589773659936,0.10861858554718086,0.12557435909463974
grouped_physical_interpolation,blocks_3x3_g4,photon_geometry,wq,0.01,1,0.055260295133021,0.024144019035252075,0.030999635780834246,0.09197721537238886,0.11809385059365426
grouped_physical_interpolation,blocks_3x3_g4,photon_geometry,k,0.0,2,-0.5222067975504538,0.0002883048196758354,0.00034485128107436286,0.11532192787033417,0.13794051242974514
grouped_physical_interpolation,blocks_3x3_g4,photon_geometry,wq,0.0,2,0.40563006197725937,0.021076046338641317,0.024588323882129615,0.08028970033768121,0.09366980526525567
grouped_physical_interpolation,blocks_3x3_g4,photon_geometry,k,0.001,2,-1.1375158103120588,0.0003616365405374779,0.00040864828726012005,0.14465461621499115,0.16345931490404803
grouped_physical_interpolation,blocks_3x3_g4,photon_geometry,wq,0.001,2,0.5407158203193718,0.017660206814135417,0.021614303748186948,0.06727697833956349,0.0823402047549979
grouped_physical_interpolation,blocks_3x3_g4,photon_geometry,k,0.005,2,-2.283753028853652,0.0004325309481013145,0.0005065009431177711,0.1730123792405258,0.20260037724710842
grouped_physical_interpolation,blocks_3x3_g4,photon_geometry,wq,0.005,2,0.39554346044101407,0.020763575789238653,0.02479608106803684,0.07909933633995676,0.09446126121156892
grouped_physical_interpolation,blocks_3x3_g4,photon_geometry,k,0.01,2,-1.5376596790338977,0.0003353718419335162,0.00044525797289270776,0.13414873677340647,0.1781031891570831
grouped_physical_interpolation,blocks_3x3_g4,photon_geometry,wq,0.01,2,0.28339950186128926,0.0222036196833238,0.02699846420077388,0.08458521784123353,0.1028512921934243
grouped_physical_interpolation,blocks_3x3_g4,photon_geometry,k,0.0,3,-0.5222067975504538,0.0002883048196758354,0.00034485128107436286,0.11532192787033417,0.13794051242974514
grouped_physical_interpolation,blocks_3x3_g4,photon_geometry,wq,0.0,3,0.40563006197725937,0.021076046338641317,0.024588323882129615,0.08028970033768121,0.09366980526525567
grouped_physical_interpolation,blocks_3x3_g4,photon_geometry,k,0.001,3,-0.3748366181165905,0.0002606329969333688,0.00032773329216049846,0.10425319877334753,0.1310933168641994
grouped_physical_interpolation,blocks_3x3_g4,photon_geometry,wq,0.001,3,0.43413187388369656,0.019696443328259323,0.023991539853330104,0.07503406982194027,0.0913963422984004
grouped_physical_interpolation,blocks_3x3_g4,photon_geometry,k,0.005,3,-0.39739197383291014,0.00027498957457703185,0.00033041072615109835,0.10999582983081274,0.13216429046043934
grouped_physical_interpolation,blocks_3x3_g4,photon_geometry,wq,0.005,3,0.4382351758627505,0.018538707627963905,0.023904396186729078,0.07062364810652916,0.09106436642563458
grouped_physical_interpolation,blocks_3x3_g4,photon_geometry,k,0.01,3,-0.6435952358541701,0.0002889370312736584,0.0003583376589211732,0.11557481250946335,0.14333506356846926
grouped_physical_interpolation,blocks_3x3_g4,photon_geometry,wq,0.01,3,0.3149660889030427,0.02199145630596213,0.02639711975659343,0.08377697640366526,0.10056045621559402
grouped_physical_interpolation,blocks_3x3_g4,photon_geometry,k,0.0,4,-0.5222067975504538,0.0002883048196758354,0.00034485128107436286,0.11532192787033417,0.13794051242974514
grouped_physical_interpolation,blocks_3x3_g4,photon_geometry,wq,0.0,4,0.40563006197725937,0.021076046338641317,0.024588323882129615,0.08028970033768121,0.09366980526525567
grouped_physical_interpolation,blocks_3x3_g4,photon_geometry,k,0.001,4,-0.3228185133637864,0.00024844917594774176,0.00032147347690990904,0.0993796703790967,0.1285893907639636
grouped_physical_interpolation,blocks_3x3_g4,photon_geometry,wq,0.001,4,0.49940938124551704,0.018774731708769574,0.022565338907588446,0.07152278746197932,0.08596319583843218
grouped_physical_interpolation,blocks_3x3_g4,photon_geometry,k,0.005,4,-0.8171170289551077,0.0002939521203037007,0.00037677880498658334,0.11758084812148027,0.15071152199463334
grouped_physical_interpolation,blocks_3x3_g4,photon_geometry,wq,0.005,4,0.006413446709002235,0.023122439996826387,0.03179093930942723,0.08808548570219575,0.12110834022638944
grouped_physical_interpolation,blocks_3x3_g4,photon_geometry,k,0.01,4,-0.8315841293236323,0.00032262894550290746,0.0003782757064673977,0.12905157820116298,0.15131028258695906
grouped_physical_interpolation,blocks_3x3_g4,photon_geometry,wq,0.01,4,-0.4529383583121176,0.03183693424371166,0.038443604622168365,0.12128355902366346,0.14645182713206994
grouped_physical_interpolation,blocks_3x3_g5,photon_geometry,k,0.0,0,-0.5881028996689874,0.00029045131924897334,0.00035223648169467007,0.11618052769958934,0.14089459267786802
grouped_physical_interpolation,blocks_3x3_g5,photon_geometry,wq,0.0,0,0.18615201817261717,0.01337280205702776,0.018414758368260207,0.050944007836296226,0.07015146045051507
grouped_physical_interpolation,blocks_3x3_g5,photon_geometry,k,0.001,0,-1.8654836102381838,0.0004056837033775249,0.00047314469990676015,0.16227348135100997,0.18925787996270405
grouped_physical_interpolation,blocks_3x3_g5,photon_geometry,wq,0.001,0,0.10530601440655718,0.015285458907620716,0.019307748720758054,0.05823031964807892,0.07355332846003068
grouped_physical_interpolation,blocks_3x3_g5,photon_geometry,k,0.005,0,-2.454448716169456,0.0004524051986712142,0.0005194986101528461,0.1809620794684857,0.20779944406113843
grouped_physical_interpolation,blocks_3x3_g5,photon_geometry,wq,0.005,0,-1.195474920108743,0.02657420857749702,0.0302453503321085,0.10123508029522674,0.11522038221755619
grouped_physical_interpolation,blocks_3x3_g5,photon_geometry,k,0.01,0,-4.353656748045403,0.0005834774504532267,0.0006467259337934789,0.23339098018129067,0.25869037351739155
grouped_physical_interpolation,blocks_3x3_g5,photon_geometry,wq,0.01,0,-4.580074414164879,0.03695113516238456,0.048218575320119444,0.14076622919003642,0.18368981074331217
grouped_physical_interpolation,blocks_3x3_g5,photon_geometry,k,0.0,1,-0.5881028996689874,0.00029045131924897334,0.00035223648169467007,0.11618052769958934,0.14089459267786802
grouped_physical_interpolation,blocks_3x3_g5,photon_geometry,wq,0.0,1,0.18615201817261717,0.01337280205702776,0.018414758368260207,0.050944007836296226,0.07015146045051507
grouped_physical_interpolation,blocks_3x3_g5,photon_geometry,k,0.001,1,-0.3414000288516863,0.00029687037959702425,0.00032372345799159814,0.1187481518388097,0.12948938319663925
grouped_physical_interpolation,blocks_3x3_g5,photon_geometry,wq,0.001,1,-0.11748085444953538,0.01750982344150424,0.02157816078092167,0.06670408930096854,0.08220251726065397
grouped_physical_interpolation,blocks_3x3_g5,photon_geometry,k,0.005,1,-0.5897968946051708,0.0002828076417518025,0.0003524242931340417,0.11312305670072101,0.14096971725361668
grouped_physical_interpolation,blocks_3x3_g5,photon_geometry,wq,0.005,1,-1.8050152475776917,0.029255011110739304,0.034187078745592916,0.11144766137424496,0.13023649045940158
grouped_physical_interpolation,blocks_3x3_g5,photon_geometry,k,0.01,1,-4.649381080998201,0.0006063666167676653,0.000664347722923007,0.2425466467070661,0.2657390891692028
grouped_physical_interpolation,blocks_3x3_g5,photon_geometry,wq,0.01,1,-2.9580229029439216,0.03375690686916352,0.04061005059785036,0.12859774045395628,0.15470495465847756
grouped_physical_interpolation,blocks_3x3_g5,photon_geometry,k,0.0,2,-0.5881028996689874,0.00029045131924897334,0.00035223648169467007,0.11618052769958934,0.14089459267786802
grouped_physical_interpolation,blocks_3x3_g5,photon_geometry,wq,0.0,2,0.18615201817261717,0.01337280205702776,0.018414758368260207,0.050944007836296226,0.07015146045051507
grouped_physical_interpolation,blocks_3x3_g5,photon_geometry,k,0.001,2,-0.8420008512765564,0.000331525420390987,0.00037934986029519106,0.1326101681563948,0.15173994411807643
grouped_physical_interpolation,blocks_3x3_g5,photon_geometry,wq,0.001,2,-0.0531745270266184,0.016515654577408653,0.02094809584650653,0.06291677934250915,0.07980226989145345
grouped_physical_interpolation,blocks_3x3_g5,photon_geometry,k,0.005,2,-2.150422148414039,0.00041284339963858804,0.0004961116107740745,0.1651373598554352,0.1984446443096298
grouped_physical_interpolation,blocks_3x3_g5,photon_geometry,wq,0.005,2,-1.2596343230971372,0.025229174352232153,0.030684105026714946,0.09611114038945581,0.11689182867319979
grouped_physical_interpolation,blocks_3x3_g5,photon_geometry,k,0.01,2,-3.229650636790878,0.00045922276000805564,0.000574840374364299,0.18368910400322225,0.22993614974571958
grouped_physical_interpolation,blocks_3x3_g5,photon_geometry,wq,0.01,2,-6.661806163769137,0.042421847986331675,0.05650149763416723,0.1616070399479302,0.21524380051111325
grouped_physical_interpolation,blocks_3x3_g5,photon_geometry,k,0.0,3,-0.5881028996689874,0.00029045131924897334,0.00035223648169467007,0.11618052769958934,0.14089459267786802
grouped_physical_interpolation,blocks_3x3_g5,photon_geometry,wq,0.0,3,0.18615201817261717,0.01337280205702776,0.018414758368260207,0.050944007836296226,0.07015146045051507
grouped_physical_interpolation,blocks_3x3_g5,photon_geometry,k,0.001,3,-1.208926281244028,0.00037964422321984555,0.00041541830210306053,0.15185768928793822,0.1661673208412242
grouped_physical_interpolation,blocks_3x3_g5,photon_geometry,wq,0.001,3,-0.03173244467355363,0.01630003748474829,0.020733753124168825,0.0620953808942792,0.07898572618730981
grouped_physical_interpolation,blocks_3x3_g5,photon_geometry,k,0.005,3,-2.0424535819333984,0.00043243751405309147,0.0004875363433514949,0.17297500562123658,0.19501453734059795
grouped_physical_interpolation,blocks_3x3_g5,photon_geometry,wq,0.005,3,-1.2759728882352634,0.023766597063455772,0.030794837826569124,0.09053941738459341,0.11731366791073952
grouped_physical_interpolation,blocks_3x3_g5,photon_geometry,k,0.01,3,-4.141930483236542,0.0005801166972718157,0.0006338085823045116,0.23204667890872627,0.2535234329218046
grouped_physical_interpolation,blocks_3x3_g5,photon_geometry,wq,0.01,3,-3.5935516832151553,0.03523006842405751,0.04374905562416535,0.1342097844726,0.16666306904443942
grouped_physical_interpolation,blocks_3x3_g5,photon_geometry,k,0.0,4,-0.5881028996689874,0.00029045131924897334,0.00035223648169467007,0.11618052769958934,0.14089459267786802
grouped_physical_interpolation,blocks_3x3_g5,photon_geometry,wq,0.0,4,0.18615201817261717,0.01337280205702776,0.018414758368260207,0.050944007836296226,0.07015146045051507
grouped_physical_interpolation,blocks_3x3_g5,photon_geometry,k,0.001,4,-0.28488755299674096,0.00027447538249341817,0.0003168309329561594,0.10979015299736726,0.12673237318246378
grouped_physical_interpolation,blocks_3x3_g5,photon_geometry,wq,0.001,4,0.2455017681826136,0.014480562358128427,0.017730602450487805,0.05516404707858448,0.06754515219233449
grouped_physical_interpolation,blocks_3x3_g5,photon_geometry,k,0.005,4,-1.05583325814455,0.00034361922510135447,0.0004007642365438101,0.13744769004054178,0.16030569461752403
grouped_physical_interpolation,blocks_3x3_g5,photon_geometry,wq,0.005,4,-0.16361993034623623,0.017379814755993397,0.022019119819926155,0.06620881811807008,0.0838823612187663
grouped_physical_interpolation,blocks_3x3_g5,photon_geometry,k,0.01,4,-2.2349400899660874,0.00040582824055603056,0.000502722283700057,0.1623312962224122,0.20108891348002278
grouped_physical_interpolation,blocks_3x3_g5,photon_geometry,wq,0.01,4,-1.2562388102636945,0.027175100816571388,0.030661042126394512,0.10352419358693861,0.11680397000531242
grouped_physical_interpolation,blocks_3x3_g6,photon_geometry,k,0.0,0,-13.565684151337553,0.0007404281195129759,0.0007790401185470049,0.2961712478051904,0.31161604741880194
grouped_physical_interpolation,blocks_3x3_g6,photon_geometry,wq,0.0,0,-0.11115552412083551,0.025077468339876795,0.02840580733525162,0.09553321272334017,0.10821259937238711
grouped_physical_interpolation,blocks_3x3_g6,photon_geometry,k,0.001,0,-13.55662199884323,0.0007373755159155786,0.0007787977379387206,0.2949502063662314,0.3115190951754882
grouped_physical_interpolation,blocks_3x3_g6,photon_geometry,wq,0.001,0,-0.16936227352681765,0.02635833846463494,0.029140315624941883,0.10041271796051406,0.11101072619025479
grouped_physical_interpolation,blocks_3x3_g6,photon_geometry,k,0.005,0,-13.073336268418121,0.0007242082025124959,0.0007657604136961433,0.28968328100499835,0.3063041654784573
grouped_physical_interpolation,blocks_3x3_g6,photon_geometry,wq,0.005,0,-0.2391907800049593,0.026610489345150395,0.029997758119548096,0.10137329274343007,0.11427717378875465
grouped_physical_interpolation,blocks_3x3_g6,photon_geometry,k,0.01,0,-13.881310128598106,0.0007481561623065097,0.000787435450492031,0.2992624649226039,0.3149741801968124
grouped_physical_interpolation,blocks_3x3_g6,photon_geometry,wq,0.01,0,-0.5602896044066914,0.03038704095513529,0.03366063617305851,0.115760156019563,0.1282309949449848
grouped_physical_interpolation,blocks_3x3_g6,photon_geometry,k,0.0,1,-13.565684151337553,0.0007404281195129759,0.0007790401185470049,0.2961712478051904,0.31161604741880194
grouped_physical_interpolation,blocks_3x3_g6,photon_geometry,wq,0.0,1,-0.11115552412083551,0.025077468339876795,0.02840580733525162,0.09553321272334017,0.10821259937238711
grouped_physical_interpolation,blocks_3x3_g6,photon_geometry,k,0.001,1,-13.616082389555666,0.000740029205794833,0.0007803867200934116,0.2960116823179332,0.3121546880373647
grouped_physical_interpolation,blocks_3x3_g6,photon_geometry,wq,0.001,1,-0.09563035370225603,0.025120104804541132,0.028206664961580984,0.09569563735063288,0.10745396175840374
grouped_physical_interpolation,blocks_3x3_g6,photon_geometry,k,0.005,1,-14.101145072883162,0.0007603625834649322,0.0007932303436182951,0.3041450333859729,0.31729213744731805
grouped_physical_interpolation,blocks_3x3_g6,photon_geometry,wq,0.005,1,-0.2837662988400862,0.026729886984435302,0.030532523320068318,0.10182814089308687,0.11631437455264121
grouped_physical_interpolation,blocks_3x3_g6,photon_geometry,k,0.01,1,-13.169986058863183,0.0007314650699525622,0.0007683853758277588,0.2925860279810249,0.3073541503311035
grouped_physical_interpolation,blocks_3x3_g6,photon_geometry,wq,0.01,1,-0.5954267210835094,0.02819529783278707,0.034037538299270614,0.10741065841061741,0.12966681256864995
grouped_physical_interpolation,blocks_3x3_g6,photon_geometry,k,0.0,2,-13.565684151337553,0.0007404281195129759,0.0007790401185470049,0.2961712478051904,0.31161604741880194
grouped_physical_interpolation,blocks_3x3_g6,photon_geometry,wq,0.0,2,-0.11115552412083551,0.025077468339876795,0.02840580733525162,0.09553321272334017,0.10821259937238711
grouped_physical_interpolation,blocks_3x3_g6,photon_geometry,k,0.001,2,-13.529432986086805,0.0007366860073080799,0.0007780700746635551,0.29467440292323194,0.31122802986542203
grouped_physical_interpolation,blocks_3x3_g6,photon_geometry,wq,0.001,2,-0.13300913821552562,0.025044631987258186,0.0286837823567622,0.09540812185622166,0.10927155183528457
grouped_physical_interpolation,blocks_3x3_g6,photon_geometry,k,0.005,2,-14.384767509311082,0.0007695705237009666,0.0008006447274257344,0.30782820948038664,0.3202578909702938
grouped_physical_interpolation,blocks_3x3_g6,photon_geometry,wq,0.005,2,-0.12364432859039343,0.02522284352020439,0.028564994467452677,0.09608702293411196,0.10881902654267686
grouped_physical_interpolation,blocks_3x3_g6,photon_geometry,k,0.01,2,-14.840032895240183,0.0007796922414050625,0.0008124046840306915,0.311876896562025,0.32496187361227663
grouped_physical_interpolation,blocks_3x3_g6,photon_geometry,wq,0.01,2,-0.2655543782910308,0.027422673622734706,0.03031517764747647,0.1044673280866084,0.11548639103800559
grouped_physical_interpolation,blocks_3x3_g6,photon_geometry,k,0.0,3,-13.565684151337553,0.0007404281195129759,0.0007790401185470049,0.2961712478051904,0.31161604741880194
grouped_physical_interpolation,blocks_3x3_g6,photon_geometry,wq,0.0,3,-0.11115552412083551,0.025077468339876795,0.02840580733525162,0.09553321272334017,0.10821259937238711
grouped_physical_interpolation,blocks_3x3_g6,photon_geometry,k,0.001,3,-13.42275619305286,0.0007329979773600506,0.0007752084717742292,0.29319919094402025,0.31008338870969165
grouped_physical_interpolation,blocks_3x3_g6,photon_geometry,wq,0.001,3,-0.3915390234429261,0.026707122016042546,0.031788307627006795,0.1017414172039716,0.12109831476954969
grouped_physical_interpolation,blocks_3x3_g6,photon_geometry,k,0.005,3,-14.459788255320364,0.00076416013679315,0.0008025944455150944,0.30566405471726,0.3210377782060378
grouped_physical_interpolation,blocks_3x3_g6,photon_geometry,wq,0.005,3,-0.04261994868311825,0.023325747617917437,0.027515836949793544,0.08885999092539976,0.1048222359992135
grouped_physical_interpolation,blocks_3x3_g6,photon_geometry,k,0.01,3,-14.24644196569071,0.000761114556228789,0.0007970372734302411,0.3044458224915156,0.31881490937209644
grouped_physical_interpolation,blocks_3x3_g6,photon_geometry,wq,0.01,3,-0.07059715252117682,0.023531815413680306,0.027882566983976995,0.0896450110997345,0.10621930279610284
grouped_physical_interpolation,blocks_3x3_g6,photon_geometry,k,0.0,4,-13.565684151337553,0.0007404281195129759,0.0007790401185470049,0.2961712478051904,0.31161604741880194
grouped_physical_interpolation,blocks_3x3_g6,photon_geometry,wq,0.0,4,-0.11115552412083551,0.025077468339876795,0.02840580733525162,0.09553321272334017,0.10821259937238711
grouped_physical_interpolation,blocks_3x3_g6,photon_geometry,k,0.001,4,-13.938263599666415,0.0007508900201169559,0.0007889408406123368,0.30035600804678236,0.3155763362449347
grouped_physical_interpolation,blocks_3x3_g6,photon_geometry,wq,0.001,4,-0.22841210441839022,0.02709436467592995,0.029867010582550743,0.10321662733687599,0.11377908793352663
grouped_physical_interpolation,blocks_3x3_g6,photon_geometry,k,0.005,4,-13.367148020754025,0.0007342412544040366,0.0007737125871610321,0.29369650176161466,0.3094850348644128
grouped_physical_interpolation,blocks_3x3_g6,photon_geometry,wq,0.005,4,-0.07272566724919427,0.024464352647909565,0.027910270674914164,0.09319753389679834,0.10632484066633967
grouped_physical_interpolation,blocks_3x3_g6,photon_geometry,k,0.01,4,-13.108945592278936,0.0007289718596163094,0.0007667285914922062,0.2915887438465237,0.30669143659688247
grouped_physical_interpolation,blocks_3x3_g6,photon_geometry,wq,0.01,4,-0.149536257083962,0.02606822868298525,0.02889222904497233,0.09930753783994381,0.11006563445703745
grouped_physical_interpolation,blocks_3x3_g7,photon_geometry,k,0.0,0,-12.384445856573452,0.0007225753061030371,0.0007467832644240857,0.28903012244121484,0.2987133057696343
grouped_physical_interpolation,blocks_3x3_g7,photon_geometry,wq,0.0,0,-0.08962503207449557,0.031143552937293494,0.03329193539452572,0.11864210642778474,0.12682642055057416
grouped_physical_interpolation,blocks_3x3_g7,photon_geometry,k,0.001,0,-12.752443729900982,0.000732660812132704,0.0007569798469879329,0.2930643248530816,0.30279193879517313
grouped_physical_interpolation,blocks_3x3_g7,photon_geometry,wq,0.001,0,-0.29082819567188345,0.03344563090501257,0.03623553925754372,0.12741192725719072,0.1380401495525475
grouped_physical_interpolation,blocks_3x3_g7,photon_geometry,k,0.005,0,-13.109291402712001,0.0007285280866923082,0.0007667379876983185,0.29141123467692326,0.3066951950793274
grouped_physical_interpolation,blocks_3x3_g7,photon_geometry,wq,0.005,0,-0.36556280698306765,0.03482187669569689,0.037269738632409094,0.13265476836455958,0.14197995669489177
grouped_physical_interpolation,blocks_3x3_g7,photon_geometry,k,0.01,0,-14.261881355856683,0.0007614504771763187,0.000797440733321728,0.3045801908705275,0.31897629332869115
grouped_physical_interpolation,blocks_3x3_g7,photon_geometry,wq,0.01,0,-0.5999012816118885,0.03781904566137648,0.04034104094950439,0.14407255490048182,0.15368015599811197
grouped_physical_interpolation,blocks_3x3_g7,photon_geometry,k,0.0,1,-12.384445856573452,0.0007225753061030371,0.0007467832644240857,0.28903012244121484,0.2987133057696343
grouped_physical_interpolation,blocks_3x3_g7,photon_geometry,wq,0.0,1,-0.08962503207449557,0.031143552937293494,0.03329193539452572,0.11864210642778474,0.12682642055057416
grouped_physical_interpolation,blocks_3x3_g7,photon_geometry,k,0.001,1,-12.33667546184085,0.0007209457614309648,0.0007454494019784546,0.2883783045723859,0.2981797607913818
grouped_physical_interpolation,blocks_3x3_g7,photon_geometry,wq,0.001,1,0.027301879639787474,0.02807791712819858,0.03145498957723404,0.10696349382170887,0.11982853172279634
grouped_physical_interpolation,blocks_3x3_g7,photon_geometry,k,0.005,1,-12.056828176004945,0.0007050609319116337,0.0007375869489989228,0.2820243727646535,0.2950347795995691
grouped_physical_interpolation,blocks_3x3_g7,photon_geometry,wq,0.005,1,0.1272897774472559,0.026781453599913723,0.029794461389709127,0.10202458514252846,0.11350271005603477
grouped_physical_interpolation,blocks_3x3_g7,photon_geometry,k,0.01,1,-12.903936509281602,0.0007334334438815364,0.0007611377588102784,0.29337337755261456,0.30445510352411137
grouped_physical_interpolation,blocks_3x3_g7,photon_geometry,wq,0.01,1,0.08508436949467868,0.026207487646543747,0.030506404948873116,0.09983804817730951,0.11621487599570711
grouped_physical_interpolation,blocks_3x3_g7,photon_geometry,k,0.0,2,-12.384445856573452,0.0007225753061030371,0.0007467832644240857,0.28903012244121484,0.2987133057696343
grouped_physical_interpolation,blocks_3x3_g7,photon_geometry,wq,0.0,2,-0.08962503207449557,0.031143552937293494,0.03329193539452572,0.11864210642778474,0.12682642055057416
grouped_physical_interpolation,blocks_3x3_g7,photon_geometry,k,0.001,2,-11.97632176768275,0.0007093101193718659,0.0007353095087467916,0.2837240477487464,0.29412380349871664
grouped_physical_interpolation,blocks_3x3_g7,photon_geometry,wq,0.001,2,0.09896887280460742,0.027533929350973135,0.030274041680853615,0.1048911594322786,0.11532968259372806
grouped_physical_interpolation,blocks_3x3_g7,photon_geometry,k,0.005,2,-11.368543542218346,0.0006813840557596649,0.0007178829855385657,0.272553622303866,0.2871531942154263
grouped_physical_interpolation,blocks_3x3_g7,photon_geometry,wq,0.005,2,-0.2611019051274577,0.03296806274371022,0.03581587768185828,0.12559261997603893,0.13644143878803155
grouped_physical_interpolation,blocks_3x3_g7,photon_geometry,k,0.01,2,-14.429624849926363,0.000769956792851289,0.000801811097088085,0.3079827171405156,0.320724438835234
grouped_physical_interpolation,blocks_3x3_g7,photon_geometry,wq,0.01,2,-0.6082170949097403,0.037846671399164034,0.04044574546511041,0.14417779580633916,0.15407903034327775
grouped_physical_interpolation,blocks_3x3_g7,photon_geometry,k,0.0,3,-12.384445856573452,0.0007225753061030371,0.0007467832644240857,0.28903012244121484,0.2987133057696343
grouped_physical_interpolation,blocks_3x3_g7,photon_geometry,wq,0.0,3,-0.08962503207449557,0.031143552937293494,0.03329193539452572,0.11864210642778474,0.12682642055057416
grouped_physical_interpolation,blocks_3x3_g7,photon_geometry,k,0.001,3,-12.098882637138868,0.0007114482246395087,0.0007387738331502091,0.28457928985580344,0.2955095332600836
grouped_physical_interpolation,blocks_3x3_g7,photon_geometry,wq,0.001,3,-0.5285763833163934,0.03838176622581397,0.03943157097941498,0.1462162522888151,0.15021550849300944
grouped_physical_interpolation,blocks_3x3_g7,photon_geometry,k,0.005,3,-12.599800276681368,0.0007161125257227896,0.0007527671252530385,0.28644501028911584,0.3011068501012154
grouped_physical_interpolation,blocks_3x3_g7,photon_geometry,wq,0.005,3,-0.19802722090893177,0.03239639613650417,0.03490871400908808,0.12341484242477778,0.1329855771774784
grouped_physical_interpolation,blocks_3x3_g7,photon_geometry,k,0.01,3,-10.893471609585967,0.0006799194648302217,0.0007039611616176578,0.27196778593208865,0.2815844646470631
grouped_physical_interpolation,blocks_3x3_g7,photon_geometry,wq,0.01,3,-0.4192473239584913,0.03454318105129092,0.03799527124970982,0.13159307067158446,0.144743890475085
grouped_physical_interpolation,blocks_3x3_g7,photon_geometry,k,0.0,4,-12.384445856573452,0.0007225753061030371,0.0007467832644240857,0.28903012244121484,0.2987133057696343
grouped_physical_interpolation,blocks_3x3_g7,photon_geometry,wq,0.0,4,-0.08962503207449557,0.031143552937293494,0.03329193539452572,0.11864210642778474,0.12682642055057416
grouped_physical_interpolation,blocks_3x3_g7,photon_geometry,k,0.001,4,-12.228505794529704,0.0007181993254450901,0.0007424201919659363,0.28727973017803604,0.29696807678637455
grouped_physical_interpolation,blocks_3x3_g7,photon_geometry,wq,0.001,4,-0.10291118241070696,0.031649655975938044,0.033494290085899554,0.12057011800357349,0.12759729556533164
grouped_physical_interpolation,blocks_3x3_g7,photon_geometry,k,0.005,4,-11.404104168795515,0.0006982833590716415,0.000718914232506085,0.2793133436286566,0.287565693002434
grouped_physical_interpolation,blocks_3x3_g7,photon_geometry,wq,0.005,4,0.22822293620385226,0.026619661287669166,0.02801860064457436,0.10140823347683492,0.10673752626504518
grouped_physical_interpolation,blocks_3x3_g7,photon_geometry,k,0.01,4,-12.074374662532145,0.000717172162942817,0.0007380823876362581,0.2868688651771268,0.29523295505450325
grouped_physical_interpolation,blocks_3x3_g7,photon_geometry,wq,0.01,4,0.15464560152179385,0.028225472443634065,0.029323777505670192,0.10752560930908214,0.1117096285930293
grouped_physical_interpolation,blocks_3x3_g8,photon_geometry,k,0.0,0,-4.879324651009549,0.00046833335648907484,0.0004949463207851244,0.18733334259562992,0.19797852831404975
grouped_physical_interpolation,blocks_3x3_g8,photon_geometry,wq,0.0,0,0.7069207571070937,0.009356812907898015,0.01105062673360102,0.035645001553897195,0.04209762565181341
grouped_physical_interpolation,blocks_3x3_g8,photon_geometry,k,0.001,0,-5.5715694441975225,0.0004961254788769672,0.0005232737271335435,0.1984501915507869,0.20930949085341738
grouped_physical_interpolation,blocks_3x3_g8,photon_geometry,wq,0.001,0,-0.05634636418473438,0.016581859455758415,0.02097961673649702,0.06316898840288919,0.07992234947236959
grouped_physical_interpolation,blocks_3x3_g8,photon_geometry,k,0.005,0,-11.864645522722483,0.0007137836345159211,0.0007321385775794795,0.28551345380636844,0.2928554310317918
grouped_physical_interpolation,blocks_3x3_g8,photon_geometry,wq,0.005,0,0.06190437203146815,0.01545587118528444,0.01977051284919593,0.058879509277274054,0.0753162394255083
grouped_physical_interpolation,blocks_3x3_g8,photon_geometry,k,0.01,0,-11.15233840661835,0.0006841078959000128,0.0007115809396049742,0.27364315836000513,0.2846323758419897
grouped_physical_interpolation,blocks_3x3_g8,photon_geometry,wq,0.01,0,-0.6145740459583529,0.022575908346656196,0.02593721623104492,0.08600346036821407,0.09880844278493302
grouped_physical_interpolation,blocks_3x3_g8,photon_geometry,k,0.0,1,-4.879324651009549,0.00046833335648907484,0.0004949463207851244,0.18733334259562992,0.19797852831404975
grouped_physical_interpolation,blocks_3x3_g8,photon_geometry,wq,0.0,1,0.7069207571070937,0.009356812907898015,0.01105062673360102,0.035645001553897195,0.04209762565181341
grouped_physical_interpolation,blocks_3x3_g8,photon_geometry,k,0.001,1,-5.377729839316203,0.0004906102893290833,0.0005154985386059224,0.1962441157316333,0.20619941544236897
grouped_physical_interpolation,blocks_3x3_g8,photon_geometry,wq,0.001,1,-0.04732660688662649,0.017172881123306696,0.02088985605988612,0.06542049951735884,0.0795804040376614
grouped_physical_interpolation,blocks_3x3_g8,photon_geometry,k,0.005,1,-8.505698758586789,0.0005936434203184417,0.0006293415460684149,0.23745736812737667,0.25173661842736594
grouped_physical_interpolation,blocks_3x3_g8,photon_geometry,wq,0.005,1,-1.8636315065839848,0.02926739068533594,0.034542434691405194,0.11149482165842263,0.13159022739582932
grouped_physical_interpolation,blocks_3x3_g8,photon_geometry,k,0.01,1,-12.245729836700239,0.0007226434405357165,0.0007429033650903123,0.2890573762142866,0.29716134603612493
grouped_physical_interpolation,blocks_3x3_g8,photon_geometry,wq,0.01,1,-2.376541624270853,0.029189864926164155,0.0375085636014789,0.1111994854330063,0.142889766100872
grouped_physical_interpolation,blocks_3x3_g8,photon_geometry,k,0.0,2,-4.879324651009549,0.00046833335648907484,0.0004949463207851244,0.18733334259562992,0.19797852831404975
grouped_physical_interpolation,blocks_3x3_g8,photon_geometry,wq,0.0,2,0.7069207571070937,0.009356812907898015,0.01105062673360102,0.035645001553897195,0.04209762565181341
grouped_physical_interpolation,blocks_3x3_g8,photon_geometry,k,0.001,2,-5.346444879275398,0.0004898016850162632,0.000514232635392914,0.19592067400650529,0.20569305415716557
grouped_physical_interpolation,blocks_3x3_g8,photon_geometry,wq,0.001,2,0.7918118852120477,0.008799198575640217,0.009313702154799314,0.0335207564786294,0.035480770113521194
grouped_physical_interpolation,blocks_3x3_g8,photon_geometry,k,0.005,2,-6.455172617115176,0.0005266149964973598,0.0005573438726493717,0.21064599859894392,0.22293754905974866
grouped_physical_interpolation,blocks_3x3_g8,photon_geometry,wq,0.005,2,0.5642801441628753,0.012055566514068064,0.013474046902550666,0.04592596767264024,0.0513297024859073
grouped_physical_interpolation,blocks_3x3_g8,photon_geometry,k,0.01,2,-6.6262931367210065,0.0004941792516064331,0.0005637040127851158,0.19767170064257325,0.2254816051140463
grouped_physical_interpolation,blocks_3x3_g8,photon_geometry,wq,0.01,2,-1.173665021453846,0.026632784583820037,0.03009474636774834,0.10145822698598109,0.11464665282951748
grouped_physical_interpolation,blocks_3x3_g8,photon_geometry,k,0.0,3,-4.879324651009549,0.00046833335648907484,0.0004949463207851244,0.18733334259562992,0.19797852831404975
grouped_physical_interpolation,blocks_3x3_g8,photon_geometry,wq,0.0,3,0.7069207571070937,0.009356812907898015,0.01105062673360102,0.035645001553897195,0.04209762565181341
grouped_physical_interpolation,blocks_3x3_g8,photon_geometry,k,0.001,3,-5.195192066168877,0.00048515918939951905,0.000508067911560095,0.19406367575980762,0.203227164624038
grouped_physical_interpolation,blocks_3x3_g8,photon_geometry,wq,0.001,3,0.8938535697061843,0.005094509479700656,0.0066503894088308715,0.0194076551607644,0.025334816795546177
grouped_physical_interpolation,blocks_3x3_g8,photon_geometry,k,0.005,3,-7.702974776153363,0.0005814725594759916,0.0006021826541892336,0.23258902379039662,0.24087306167569345
grouped_physical_interpolation,blocks_3x3_g8,photon_geometry,wq,0.005,3,-0.5546517614249218,0.019995005797155303,0.025451356884464604,0.07617145065582973,0.09695755003605563
grouped_physical_interpolation,blocks_3x3_g8,photon_geometry,k,0.01,3,-7.998002421491943,0.0005970220479065685,0.000612304472923532,0.2388088191626274,0.2449217891694128
grouped_physical_interpolation,blocks_3x3_g8,photon_geometry,wq,0.01,3,-1.1902798140575728,0.025393840483072264,0.030209544670362957,0.09673843993551338,0.11508397969662079
grouped_physical_interpolation,blocks_3x3_g8,photon_geometry,k,0.0,4,-4.879324651009549,0.00046833335648907484,0.0004949463207851244,0.18733334259562992,0.19797852831404975
grouped_physical_interpolation,blocks_3x3_g8,photon_geometry,wq,0.0,4,0.7069207571070937,0.009356812907898015,0.01105062673360102,0.035645001553897195,0.04209762565181341
grouped_physical_interpolation,blocks_3x3_g8,photon_geometry,k,0.001,4,-5.806304213181429,0.0005112730497440787,0.0005325373309755472,0.20450921989763146,0.2130149323902189
grouped_physical_interpolation,blocks_3x3_g8,photon_geometry,wq,0.001,4,0.8111158876196795,0.006362442861351532,0.008871398620950375,0.024237877567053454,0.033795804270287146
grouped_physical_interpolation,blocks_3x3_g8,photon_geometry,k,0.005,4,-8.53078843499137,0.0006065956368841651,0.0006301715518740172,0.24263825475366604,0.2520686207496069
grouped_physical_interpolation,blocks_3x3_g8,photon_geometry,wq,0.005,4,-0.6329420603848304,0.021611292932344754,0.02608433486137505,0.08232873498036096,0.09936889471000018
grouped_physical_interpolation,blocks_3x3_g8,photon_geometry,k,0.01,4,-9.881597261543265,0.000652391982690481,0.0006733497500538899,0.26095679307619235,0.26933990002155594
grouped_physical_interpolation,blocks_3x3_g8,photon_geometry,wq,0.01,4,-1.4815813629422525,0.028117360098088424,0.032155749634540806,0.10711375275462257,0.12249809384586974
grouped_physical_interpolation,blocks_3x3_g0,ringdown_plus_photon_geometry,k,0.0,0,0.7869232984386939,0.00010241567872485502,0.00012902177068028884,0.04096627148994201,0.051608708272115535
grouped_physical_interpolation,blocks_3x3_g0,ringdown_plus_photon_geometry,wq,0.0,0,-11.768559372031593,0.08259214275134508,0.09629210092337276,0.3146367342908384,0.3668270511366581
grouped_physical_interpolation,blocks_3x3_g0,ringdown_plus_photon_geometry,k,0.001,0,0.8137869145913268,9.496796173518442e-05,0.00012061466452116258,0.03798718469407377,0.04824586580846503
grouped_physical_interpolation,blocks_3x3_g0,ringdown_plus_photon_geometry,wq,0.001,0,-10.671561257277132,0.07833898378225096,0.09206280205584823,0.2984342239323846,0.35071543640323133
grouped_physical_interpolation,blocks_3x3_g0,ringdown_plus_photon_geometry,k,0.005,0,0.7414085856107941,0.00010788489097399666,0.00014213533779168608,0.043153956389598666,0.056854135116674434
grouped_physical_interpolation,blocks_3x3_g0,ringdown_plus_photon_geometry,wq,0.005,0,-12.607842215814612,0.08179771793259402,0.09940639967608852,0.3116103540289296,0.37869104638509915
grouped_physical_interpolation,blocks_3x3_g0,ringdown_plus_photon_geometry,k,0.01,0,0.6530597849768558,0.0001337809614318723,0.00016463506400121193,0.05351238457274892,0.06585402560048477
grouped_physical_interpolation,blocks_3x3_g0,ringdown_plus_photon_geometry,wq,0.01,0,-12.360126138605816,0.08082049015141896,0.09849745097365666,0.3078875815292151,0.3752283846615492
grouped_physical_interpolation,blocks_3x3_g0,ringdown_plus_photon_geometry,k,0.0,1,0.7869232984386939,0.00010241567872485502,0.00012902177068028884,0.04096627148994201,0.051608708272115535
grouped_physical_interpolation,blocks_3x3_g0,ringdown_plus_photon_geometry,wq,0.0,1,-11.768559372031593,0.08259214275134508,0.09629210092337276,0.3146367342908384,0.3668270511366581
grouped_physical_interpolation,blocks_3x3_g0,ringdown_plus_photon_geometry,k,0.001,1,0.7305796261324151,0.00011231414349525085,0.0001450808971174533,0.04492565739810034,0.058032358846981325
grouped_physical_interpolation,blocks_3x3_g0,ringdown_plus_photon_geometry,wq,0.001,1,-10.206957724642988,0.07863108677820821,0.09021184791339623,0.29954699725031697,0.34366418252722375
grouped_physical_interpolation,blocks_3x3_g0,ringdown_plus_photon_geometry,k,0.005,1,0.5766466030302926,0.00015652931372611015,0.00018186391653722406,0.06261172549044405,0.07274556661488962
grouped_physical_interpolation,blocks_3x3_g0,ringdown_plus_photon_geometry,wq,0.005,1,-11.466916275194611,0.08158856992133304,0.09514790574167194,0.3108135997003163,0.36246821234922644
grouped_physical_interpolation,blocks_3x3_g0,ringdown_plus_photon_geometry,k,0.01,1,0.5256291837334326,0.00016120181228134882,0.0001925103114662318,0.06448072491253953,0.07700412458649272
grouped_physical_interpolation,blocks_3x3_g0,ringdown_plus_photon_geometry,wq,0.01,1,-12.705854663410012,0.08584610128429879,0.09976375183104304,0.3270327667973287,0.380052387927783
grouped_physical_interpolation,blocks_3x3_g0,ringdown_plus_photon_geometry,k,0.0,2,0.7869232984386939,0.00010241567872485502,0.00012902177068028884,0.04096627148994201,0.051608708272115535
grouped_physical_interpolation,blocks_3x3_g0,ringdown_plus_photon_geometry,wq,0.0,2,-11.768559372031593,0.08259214275134508,0.09629210092337276,0.3146367342908384,0.3668270511366581
grouped_physical_interpolation,blocks_3x3_g0,ringdown_plus_photon_geometry,k,0.001,2,0.8101796841137529,0.00010152716998544685,0.0001217773056797245,0.04061086799417874,0.0487109222718898
grouped_physical_interpolation,blocks_3x3_g0,ringdown_plus_photon_geometry,wq,0.001,2,-14.695190542525403,0.0881497425882839,0.10675863405246407,0.3358085431934624,0.4066995582951012
grouped_physical_interpolation,blocks_3x3_g0,ringdown_plus_photon_geometry,k,0.005,2,0.6471824905264174,0.0001296476456144819,0.0001660236968857869,0.051859058245792754,0.06640947875431476
grouped_physical_interpolation,blocks_3x3_g0,ringdown_plus_photon_geometry,wq,0.005,2,-14.411486755862985,0.08657809113032292,0.10578935784871128,0.3298212995440873,0.4030070775189001
grouped_physical_interpolation,blocks_3x3_g0,ringdown_plus_photon_geometry,k,0.01,2,0.6389281680828398,0.00014518037260600688,0.00016795456787038616,0.05807214904240275,0.06718182714815446
grouped_physical_interpolation,blocks_3x3_g0,ringdown_plus_photon_geometry,wq,0.01,2,-15.610614993812248,0.08923000819890195,0.10982787184936142,0.3399238407577217,0.4183918927594721
grouped_physical_interpolation,blocks_3x3_g0,ringdown_plus_photon_geometry,k,0.0,3,0.7869232984386939,0.00010241567872485502,0.00012902177068028884,0.04096627148994201,0.051608708272115535
grouped_physical_interpolation,blocks_3x3_g0,ringdown_plus_photon_geometry,wq,0.0,3,-11.768559372031593,0.08259214275134508,0.09629210092337276,0.3146367342908384,0.3668270511366581
grouped_physical_interpolation,blocks_3x3_g0,ringdown_plus_photon_geometry,k,0.001,3,0.8393098850387557,8.519261413977157e-05,0.00011204425568206169,0.034077045655908626,0.044817702272824674
grouped_physical_interpolation,blocks_3x3_g0,ringdown_plus_photon_geometry,wq,0.001,3,-10.686348933414449,0.08031504084056587,0.09212110462256638,0.30596206034501283,0.3509375414193005
grouped_physical_interpolation,blocks_3x3_g0,ringdown_plus_photon_geometry,k,0.005,3,0.7763357435339123,0.00010403160046651232,0.00013218838843261953,0.041612640186604925,0.05287535537304781
grouped_physical_interpolation,blocks_3x3_g0,ringdown_plus_photon_geometry,wq,0.005,3,-11.774518266526572,0.0783215411404504,0.09631456733965715,0.29836777577314433,0.36691263748440817
grouped_physical_interpolation,blocks_3x3_g0,ringdown_plus_photon_geometry,k,0.01,3,0.6834583596660455,0.00014098581732689875,0.00015725716406920923,0.0563943269307595,0.06290286562768369
grouped_physical_interpolation,blocks_3x3_g0,ringdown_plus_photon_geometry,wq,0.01,3,-13.447003594650315,0.08103911286393908,0.10242562027373307,0.30872042995786314,0.3901928391380307
grouped_physical_interpolation,blocks_3x3_g0,ringdown_plus_photon_geometry,k,0.0,4,0.7869232984386939,0.00010241567872485502,0.00012902177068028884,0.04096627148994201,0.051608708272115535
grouped_physical_interpolation,blocks_3x3_g0,ringdown_plus_photon_geometry,wq,0.0,4,-11.768559372031593,0.08259214275134508,0.09629210092337276,0.3146367342908384,0.3668270511366581
grouped_physical_interpolation,blocks_3x3_g0,ringdown_plus_photon_geometry,k,0.001,4,0.8139451996811736,9.482837686498037e-05,0.00012056339110570967,0.037931350745992146,0.048225356442283866
grouped_physical_interpolation,blocks_3x3_g0,ringdown_plus_photon_geometry,wq,0.001,4,-14.403799359397151,0.08909324097575347,0.10576297018776103,0.3394028227647751,0.40290655309623247
grouped_physical_interpolation,blocks_3x3_g0,ringdown_plus_photon_geometry,k,0.005,4,0.7165324835967237,0.00013292763283596307,0.0001488149848604164,0.05317105313438523,0.059525993944166564
grouped_physical_interpolation,blocks_3x3_g0,ringdown_plus_photon_geometry,wq,0.005,4,-14.330608591907472,0.08604359422795937,0.10551140595251567,0.32778512086841666,0.4019482131524406
grouped_physical_interpolation,blocks_3x3_g0,ringdown_plus_photon_geometry,k,0.01,4,0.7469226899524342,0.00012465308196522005,0.00014061175216697244,0.04986123278608802,0.056244700866788976
grouped_physical_interpolation,blocks_3x3_g0,ringdown_plus_photon_geometry,wq,0.01,4,-15.233924983052876,0.08722884815523707,0.10857541040011247,0.3323003739247126,0.4136206110480475
grouped_physical_interpolation,blocks_3x3_g1,ringdown_plus_photon_geometry,k,0.0,0,0.5488023945229917,0.00015667404490862558,0.00018774933535938622,0.06266961796345023,0.07509973414375448
grouped_physical_interpolation,blocks_3x3_g1,ringdown_plus_photon_geometry,wq,0.0,0,0.1507319622664669,0.023336245386602266,0.02939157757133967,0.08889998242515149,0.11196791455748445
grouped_physical_interpolation,blocks_3x3_g1,ringdown_plus_photon_geometry,k,0.001,0,0.5266442605150503,0.00016725391207454807,0.00019230423070557158,0.06690156482981922,0.07692169228222863
grouped_physical_interpolation,blocks_3x3_g1,ringdown_plus_photon_geometry,wq,0.001,0,-0.26415673370510784,0.028643025384239903,0.03585923071631156,0.10911628717805677,0.1366065932049964
grouped_physical_interpolation,blocks_3x3_g1,ringdown_plus_photon_geometry,k,0.005,0,0.6457613139909912,0.00013079572582609656,0.0001663577390578924,0.052318290330438624,0.06654309562315695
grouped_physical_interpolation,blocks_3x3_g1,ringdown_plus_photon_geometry,wq,0.005,0,-0.278555374779061,0.030630217893597215,0.036062869343454554,0.11668654435656081,0.13738235940363638
grouped_physical_interpolation,blocks_3x3_g1,ringdown_plus_photon_geometry,k,0.01,0,0.5034438912359169,0.0001594098053790475,0.0001969605188792769,0.063763922151619,0.07878420755171076
grouped_physical_interpolation,blocks_3x3_g1,ringdown_plus_photon_geometry,wq,0.01,0,-1.3353205801388235,0.038497645869995684,0.048738679738067954,0.1466576985523645,0.18567116090692554
grouped_physical_interpolation,blocks_3x3_g1,ringdown_plus_photon_geometry,k,0.0,1,0.5488023945229917,0.00015667404490862558,0.00018774933535938622,0.06266961796345023,0.07509973414375448
grouped_physical_interpolation,blocks_3x3_g1,ringdown_plus_photon_geometry,wq,0.0,1,0.1507319622664669,0.023336245386602266,0.02939157757133967,0.08889998242515149,0.11196791455748445
grouped_physical_interpolation,blocks_3x3_g1,ringdown_plus_photon_geometry,k,0.001,1,0.6113298040558302,0.00014503933310245943,0.00017425515504035534,0.05801573324098377,0.06970206201614214
grouped_physical_interpolation,blocks_3x3_g1,ringdown_plus_photon_geometry,wq,0.001,1,0.1833018710862534,0.022995616686236668,0.028822476090795017,0.08760234928090159,0.10979990891731435
grouped_physical_interpolation,blocks_3x3_g1,ringdown_plus_photon_geometry,k,0.005,1,0.5964187557893406,0.00015289319443415538,0.00017756628256501226,0.06115727777366215,0.0710265130260049
grouped_physical_interpolation,blocks_3x3_g1,ringdown_plus_photon_geometry,wq,0.005,1,-0.26842694757025254,0.02938428152122733,0.035919744371746505,0.11194012008086601,0.13683712141617715
grouped_physical_interpolation,blocks_3x3_g1,ringdown_plus_photon_geometry,k,0.01,1,0.41461095326960584,0.00017328058382121096,0.00021385396717342432,0.06931223352848438,0.08554158686936972
grouped_physical_interpolation,blocks_3x3_g1,ringdown_plus_photon_geometry,wq,0.01,1,-0.585881692372942,0.033120497244998874,0.040163902125672495,0.12617332283809093,0.1530053414311333
grouped_physical_interpolation,blocks_3x3_g1,ringdown_plus_photon_geometry,k,0.0,2,0.5488023945229917,0.00015667404490862558,0.00018774933535938622,0.06266961796345023,0.07509973414375448
grouped_physical_interpolation,blocks_3x3_g1,ringdown_plus_photon_geometry,wq,0.0,2,0.1507319622664669,0.023336245386602266,0.02939157757133967,0.08889998242515149,0.11196791455748445
grouped_physical_interpolation,blocks_3x3_g1,ringdown_plus_photon_geometry,k,0.001,2,0.5890272426372236,0.0001595050731215364,0.00017918495101142536,0.06380202924861457,0.07167398040457014
grouped_physical_interpolation,blocks_3x3_g1,ringdown_plus_photon_geometry,wq,0.001,2,0.06948054130485015,0.023602023239656177,0.030765447532767526,0.08991246948440448,0.11720170488673343
grouped_physical_interpolation,blocks_3x3_g1,ringdown_plus_photon_geometry,k,0.005,2,0.4670017936601678,0.00017329444071035132,0.00020406000311256342,0.06931777628414053,0.08162400124502536
grouped_physical_interpolation,blocks_3x3_g1,ringdown_plus_photon_geometry,wq,0.005,2,-0.4899675008330344,0.0346958228921148,0.03893040350745931,0.13217456339853256,0.14830629907603546
grouped_physical_interpolation,blocks_3x3_g1,ringdown_plus_photon_geometry,k,0.01,2,0.3743989905700822,0.00019662135480788372,0.00022107708805236317,0.07864854192315349,0.08843083522094526
grouped_physical_interpolation,blocks_3x3_g1,ringdown_plus_photon_geometry,wq,0.01,2,-1.610410995071375,0.042891236123792045,0.05152938418076778,0.1633951852334935,0.1963024159267344
grouped_physical_interpolation,blocks_3x3_g1,ringdown_plus_photon_geometry,k,0.0,3,0.5488023945229917,0.00015667404490862558,0.00018774933535938622,0.06266961796345023,0.07509973414375448
grouped_physical_interpolation,blocks_3x3_g1,ringdown_plus_photon_geometry,wq,0.0,3,0.1507319622664669,0.023336245386602266,0.02939157757133967,0.08889998242515149,0.11196791455748445
grouped_physical_interpolation,blocks_3x3_g1,ringdown_plus_photon_geometry,k,0.001,3,0.5436215900677352,0.00016148937788831638,0.00018882415967232103,0.06459575115532655,0.07552966386892841
grouped_physical_interpolation,blocks_3x3_g1,ringdown_plus_photon_geometry,wq,0.001,3,-0.5348655255461718,0.030959838925528713,0.039512605922243274,0.11794224352582366,0.15052421303711722
grouped_physical_interpolation,blocks_3x3_g1,ringdown_plus_photon_geometry,k,0.005,3,0.5717370641003711,0.00015533081126668338,0.00018291539538037391,0.06213232450667335,0.07316615815214957
grouped_physical_interpolation,blocks_3x3_g1,ringdown_plus_photon_geometry,wq,0.005,3,-0.07720638374007627,0.025063330818794624,0.033101674707793974,0.09547935550016999,0.12610161793445324
grouped_physical_interpolation,blocks_3x3_g1,ringdown_plus_photon_geometry,k,0.01,3,0.3761791833082455,0.00019455723294112032,0.00022076231857824676,0.07782289317644812,0.0883049274312987
grouped_physical_interpolation,blocks_3x3_g1,ringdown_plus_photon_geometry,wq,0.01,3,-0.5956091029814647,0.03166482745050926,0.04028689159564133,0.12062791409717813,0.1534738727453003
grouped_physical_interpolation,blocks_3x3_g1,ringdown_plus_photon_geometry,k,0.0,4,0.5488023945229917,0.00015667404490862558,0.00018774933535938622,0.06266961796345023,0.07509973414375448
grouped_physical_interpolation,blocks_3x3_g1,ringdown_plus_photon_geometry,wq,0.0,4,0.1507319622664669,0.023336245386602266,0.02939157757133967,0.08889998242515149,0.11196791455748445
grouped_physical_interpolation,blocks_3x3_g1,ringdown_plus_photon_geometry,k,0.001,4,0.5102423249876933,0.00016752677793040662,0.00019560756212461843,0.06701071117216265,0.07824302484984737
grouped_physical_interpolation,blocks_3x3_g1,ringdown_plus_photon_geometry,wq,0.001,4,-0.3095733054209586,0.02907746184225053,0.036497693031311985,0.11077128320857343,0.13903883059547423
grouped_physical_interpolation,blocks_3x3_g1,ringdown_plus_photon_geometry,k,0.005,4,0.6125061282995006,0.0001406809922901545,0.000173991260489145,0.0562723969160618,0.06959650419565801
grouped_physical_interpolation,blocks_3x3_g1,ringdown_plus_photon_geometry,wq,0.005,4,-0.19924190270427733,0.028157887132182573,0.03492640652725392,0.10726814145593361,0.1330529772466816
grouped_physical_interpolation,blocks_3x3_g1,ringdown_plus_photon_geometry,k,0.01,4,0.7631133575358184,0.00010347213282246403,0.00013603958593921912,0.04138885312898561,0.054415834375687644
grouped_physical_interpolation,blocks_3x3_g1,ringdown_plus_photon_geometry,wq,0.01,4,-0.7506342702959166,0.030983123810070085,0.0421986172382061,0.11803094784788604,0.160756637097928
grouped_physical_interpolation,blocks_3x3_g2,ringdown_plus_photon_geometry,k,0.0,0,0.09444514087821043,0.00022639847896885898,0.00026598209219586536,0.09055939158754359,0.10639283687834615
grouped_physical_interpolation,blocks_3x3_g2,ringdown_plus_photon_geometry,wq,0.0,0,-32.24781784016343,0.10886338633025906,0.11769986165413034,0.4147176622105107,0.4483804253490679
grouped_physical_interpolation,blocks_3x3_g2,ringdown_plus_photon_geometry,k,0.001,0,0.11467031908246006,0.00021617633503898505,0.00026299502147699073,0.08647053401559401,0.1051980085907963
grouped_physical_interpolation,blocks_3x3_g2,ringdown_plus_photon_geometry,wq,0.001,0,-30.527684691481905,0.10626475414382752,0.11461472544187964,0.4048181110241048,0.4366275254928748
grouped_physical_interpolation,blocks_3x3_g2,ringdown_plus_photon_geometry,k,0.005,0,0.08084095014196147,0.00023862432865244683,0.00026797257466046646,0.09544973146097874,0.10718902986418657
grouped_physical_interpolation,blocks_3x3_g2,ringdown_plus_photon_geometry,wq,0.005,0,-25.60413457791533,0.09974568198560392,0.1052855929086757,0.37998355042134824,0.40108797298543125
grouped_physical_interpolation,blocks_3x3_g2,ringdown_plus_photon_geometry,k,0.01,0,-0.012390993962845043,0.00024749952108370574,0.00028123485986510864,0.09899980843348229,0.11249394394604345
grouped_physical_interpolation,blocks_3x3_g2,ringdown_plus_photon_geometry,wq,0.01,0,-26.474161022562512,0.09992616075760476,0.10699330396213762,0.38067108860039905,0.4075935389033814
grouped_physical_interpolation,blocks_3x3_g2,ringdown_plus_photon_geometry,k,0.0,1,0.09444514087821043,0.00022639847896885898,0.00026598209219586536,0.09055939158754359,0.10639283687834615
grouped_physical_interpolation,blocks_3x3_g2,ringdown_plus_photon_geometry,wq,0.0,1,-32.24781784016343,0.10886338633025906,0.11769986165413034,0.4147176622105107,0.4483804253490679
grouped_physical_interpolation,blocks_3x3_g2,ringdown_plus_photon_geometry,k,0.001,1,-0.03651681872552115,0.0002454752134249704,0.0002845661196680507,0.09819008536998816,0.11382644786722027
grouped_physical_interpolation,blocks_3x3_g2,ringdown_plus_photon_geometry,wq,0.001,1,-30.227424810158087,0.10538784504581418,0.11406764223140815,0.40147750493643497,0.43454339897679295
grouped_physical_interpolation,blocks_3x3_g2,ringdown_plus_photon_geometry,k,0.005,1,-0.36990306661404015,0.0002586913318639555,0.0003271447341456407,0.1034765327455822,0.13085789365825626
grouped_physical_interpolation,blocks_3x3_g2,ringdown_plus_photon_geometry,wq,0.005,1,-26.912747686255848,0.10110429043286602,0.1078439221094074,0.3851592016490134,0.4108339889882186
grouped_physical_interpolation,blocks_3x3_g2,ringdown_plus_photon_geometry,k,0.01,1,-0.18635555059692988,0.00023752202385758756,0.00030444051535625995,0.09500880954303502,0.12177620614250398
grouped_physical_interpolation,blocks_3x3_g2,ringdown_plus_photon_geometry,wq,0.01,1,-28.26028526850141,0.10846236730403913,0.11041641874532179,0.4131899706820538,0.4206339761726544
grouped_physical_interpolation,blocks_3x3_g2,ringdown_plus_photon_geometry,k,0.0,2,0.09444514087821043,0.00022639847896885898,0.00026598209219586536,0.09055939158754359,0.10639283687834615
grouped_physical_interpolation,blocks_3x3_g2,ringdown_plus_photon_geometry,wq,0.0,2,-32.24781784016343,0.10886338633025906,0.11769986165413034,0.4147176622105107,0.4483804253490679
grouped_physical_interpolation,blocks_3x3_g2,ringdown_plus_photon_geometry,k,0.001,2,0.00028715789874989017,0.0002410855067294347,0.00027946836276967053,0.09643420269177388,0.11178734510786821
grouped_physical_interpolation,blocks_3x3_g2,ringdown_plus_photon_geometry,wq,0.001,2,-33.19586000078025,0.10908670832284346,0.11936613841590545,0.4155684126584513,0.4547281463463064
grouped_physical_interpolation,blocks_3x3_g2,ringdown_plus_photon_geometry,k,0.005,2,0.08724091661097155,0.00021740247550794072,0.00026703801862238243,0.08696099020317628,0.10681520744895297
grouped_physical_interpolation,blocks_3x3_g2,ringdown_plus_photon_geometry,wq,0.005,2,-29.70801055549819,0.10332560107685552,0.11311500518553778,0.3936213374356401,0.43091430546871534
grouped_physical_interpolation,blocks_3x3_g2,ringdown_plus_photon_geometry,k,0.01,2,-0.061377315989600945,0.00023295733669505153,0.00028795850883710244,0.0931829346780206,0.11518340353484098
grouped_physical_interpolation,blocks_3x3_g2,ringdown_plus_photon_geometry,wq,0.01,2,-26.25108311730873,0.09670012613582674,0.10655804974541012,0.36838143289838754,0.40593542760156237
grouped_physical_interpolation,blocks_3x3_g2,ringdown_plus_photon_geometry,k,0.0,3,0.09444514087821043,0.00022639847896885898,0.00026598209219586536,0.09055939158754359,0.10639283687834615
grouped_physical_interpolation,blocks_3x3_g2,ringdown_plus_photon_geometry,wq,0.0,3,-32.24781784016343,0.10886338633025906,0.11769986165413034,0.4147176622105107,0.4483804253490679
grouped_physical_interpolation,blocks_3x3_g2,ringdown_plus_photon_geometry,k,0.001,3,-0.01202066535906221,0.0002357671823293955,0.0002811834178631036,0.0943068729317582,0.11247336714524145
grouped_physical_interpolation,blocks_3x3_g2,ringdown_plus_photon_geometry,wq,0.001,3,-35.24503714681165,0.11373525638154236,0.12289059691925787,0.4332771671677804,0.4681546549305062
grouped_physical_interpolation,blocks_3x3_g2,ringdown_plus_photon_geometry,k,0.005,3,0.01599115465580403,0.00022930815718063784,0.00027726465884153953,0.09172326287225513,0.11090586353661581
grouped_physical_interpolation,blocks_3x3_g2,ringdown_plus_photon_geometry,wq,0.005,3,-28.15852512818596,0.10467541458313184,0.1102242508256576,0.39876348412621654,0.419901907907267
grouped_physical_interpolation,blocks_3x3_g2,ringdown_plus_photon_geometry,k,0.01,3,-0.11557416901326545,0.00024347513374180655,0.0002952189559533083,0.09739005349672263,0.11808758238132332
grouped_physical_interpolation,blocks_3x3_g2,ringdown_plus_photon_geometry,wq,0.01,3,-28.46511932270413,0.1067494644924483,0.11080222493761899,0.4066646266378983,0.4221037140480723
grouped_physical_interpolation,blocks_3x3_g2,ringdown_plus_photon_geometry,k,0.0,4,0.09444514087821043,0.00022639847896885898,0.00026598209219586536,0.09055939158754359,0.10639283687834615
grouped_physical_interpolation,blocks_3x3_g2,ringdown_plus_photon_geometry,wq,0.0,4,-32.24781784016343,0.10886338633025906,0.11769986165413034,0.4147176622105107,0.4483804253490679
grouped_physical_interpolation,blocks_3x3_g2,ringdown_plus_photon_geometry,k,0.001,4,-0.0329573225243629,0.0002425782430027942,0.0002840770860562602,0.09703129720111768,0.11363083442250407
grouped_physical_interpolation,blocks_3x3_g2,ringdown_plus_photon_geometry,wq,0.001,4,-28.68341976252526,0.10174985937937338,0.11121192187764248,0.3876185119214224,0.42366446429578086
grouped_physical_interpolation,blocks_3x3_g2,ringdown_plus_photon_geometry,k,0.005,4,-0.49778959713733517,0.00029103299120437036,0.00034207427888742866,0.11641319648174814,0.13682971155497145
grouped_physical_interpolation,blocks_3x3_g2,ringdown_plus_photon_geometry,wq,0.005,4,-43.685315653824944,0.12823959790030362,0.13645102243085996,0.48853180152496617,0.5198134187842284
grouped_physical_interpolation,blocks_3x3_g2,ringdown_plus_photon_geometry,k,0.01,4,-0.2584459162131354,0.00025638775082159284,0.0003135539621885701,0.10255510032863714,0.12542158487542804
grouped_physical_interpolation,blocks_3x3_g2,ringdown_plus_photon_geometry,wq,0.01,4,-34.8630927727486,0.11926011204003562,0.12224138138117786,0.4543242363429928,0.4656814528806776
grouped_physical_interpolation,blocks_3x3_g3,ringdown_plus_photon_geometry,k,0.0,0,0.8526335859858422,9.962036834967383e-05,0.00010729865374204879,0.03984814733986953,0.042919461496819515
grouped_physical_interpolation,blocks_3x3_g3,ringdown_plus_photon_geometry,wq,0.0,0,0.39806727251842966,0.01832325842694551,0.020907094904341825,0.06980288924550669,0.07964607582606409
grouped_physical_interpolation,blocks_3x3_g3,ringdown_plus_photon_geometry,k,0.001,0,0.8409819735193125,0.00010428535318451795,0.00011145978341448414,0.04171414127380718,0.044583913365793655
grouped_physical_interpolation,blocks_3x3_g3,ringdown_plus_photon_geometry,wq,0.001,0,0.1765104576082036,0.020550305669771667,0.02445393516474481,0.0782868787419873,0.0931578482466469
grouped_physical_interpolation,blocks_3x3_g3,ringdown_plus_photon_geometry,k,0.005,0,0.8032817891998307,0.00010937933827033942,0.00012397019891394556,0.04375173530813577,0.04958807956557822
grouped_physical_interpolation,blocks_3x3_g3,ringdown_plus_photon_geometry,wq,0.005,0,0.15308506980432524,0.020433189909412855,0.024799310531256454,0.07784072346442993,0.09447356392859602
grouped_physical_interpolation,blocks_3x3_g3,ringdown_plus_photon_geometry,k,0.01,0,0.81869501336442,0.00010563170882729224,0.00011901450365776725,0.04225268353091689,0.047605801463106896
grouped_physical_interpolation,blocks_3x3_g3,ringdown_plus_photon_geometry,wq,0.01,0,0.2861108904156251,0.02010143123274851,0.02276853515817313,0.076576880886661,0.0867372767930405
grouped_physical_interpolation,blocks_3x3_g3,ringdown_plus_photon_geometry,k,0.0,1,0.8526335859858422,9.962036834967383e-05,0.00010729865374204879,0.03984814733986953,0.042919461496819515
grouped_physical_interpolation,blocks_3x3_g3,ringdown_plus_photon_geometry,wq,0.0,1,0.39806727251842966,0.01832325842694551,0.020907094904341825,0.06980288924550669,0.07964607582606409
grouped_physical_interpolation,blocks_3x3_g3,ringdown_plus_photon_geometry,k,0.001,1,0.8201263147193426,0.00010962466942114038,0.00011854379638998981,0.043849867768456154,0.04741751855599592
grouped_physical_interpolation,blocks_3x3_g3,ringdown_plus_photon_geometry,wq,0.001,1,0.361474870452993,0.01785493489769998,0.02153320669472543,0.06801879961028563,0.08203126359895402
grouped_physical_interpolation,blocks_3x3_g3,ringdown_plus_photon_geometry,k,0.005,1,0.7870437100673509,0.00011746545197233372,0.00012898530982630624,0.04698618078893348,0.05159412393052249
grouped_physical_interpolation,blocks_3x3_g3,ringdown_plus_photon_geometry,wq,0.005,1,0.21650885011632437,0.020632106301443846,0.023852656819669686,0.07859850019597656,0.09086726407493213
grouped_physical_interpolation,blocks_3x3_g3,ringdown_plus_photon_geometry,k,0.01,1,0.72912986896401,0.00013335954642246941,0.00014547071522195358,0.05334381856898777,0.05818828608878143
grouped_physical_interpolation,blocks_3x3_g3,ringdown_plus_photon_geometry,wq,0.01,1,0.13929082954554972,0.022102225938039607,0.02500045583861628,0.08419895595443659,0.09523983176615725
grouped_physical_interpolation,blocks_3x3_g3,ringdown_plus_photon_geometry,k,0.0,2,0.8526335859858422,9.962036834967383e-05,0.00010729865374204879,0.03984814733986953,0.042919461496819515
grouped_physical_interpolation,blocks_3x3_g3,ringdown_plus_photon_geometry,wq,0.0,2,0.39806727251842966,0.01832325842694551,0.020907094904341825,0.06980288924550669,0.07964607582606409
grouped_physical_interpolation,blocks_3x3_g3,ringdown_plus_photon_geometry,k,0.001,2,0.8587671135276052,9.680529603301035e-05,0.00010504198806027924,0.03872211841320414,0.0420167952241117
grouped_physical_interpolation,blocks_3x3_g3,ringdown_plus_photon_geometry,wq,0.001,2,0.21403438298459843,0.018802575291989206,0.023890293547665045,0.07162885825519696,0.09101064208634302
grouped_physical_interpolation,blocks_3x3_g3,ringdown_plus_photon_geometry,k,0.005,2,0.8283063168281031,0.00010460058063364653,0.00011581696334218252,0.04184023225345861,0.046326785336873004
grouped_physical_interpolation,blocks_3x3_g3,ringdown_plus_photon_geometry,wq,0.005,2,0.3150564537130899,0.018849093738497483,0.022302168936592575,0.07180607138475231,0.08496064356797171
grouped_physical_interpolation,blocks_3x3_g3,ringdown_plus_photon_geometry,k,0.01,2,0.8012588106912572,0.0001120185982040915,0.0001246060007172429,0.0448074392816366,0.049842400286897154
grouped_physical_interpolation,blocks_3x3_g3,ringdown_plus_photon_geometry,wq,0.01,2,0.4270507183110689,0.018669922073470152,0.02039754039495827,0.07112351266083868,0.07770491579031721
grouped_physical_interpolation,blocks_3x3_g3,ringdown_plus_photon_geometry,k,0.0,3,0.8526335859858422,9.962036834967383e-05,0.00010729865374204879,0.03984814733986953,0.042919461496819515
grouped_physical_interpolation,blocks_3x3_g3,ringdown_plus_photon_geometry,wq,0.0,3,0.39806727251842966,0.01832325842694551,0.020907094904341825,0.06980288924550669,0.07964607582606409
grouped_physical_interpolation,blocks_3x3_g3,ringdown_plus_photon_geometry,k,0.001,3,0.8316052778495888,0.0001068041983986623,0.00011469890002960303,0.04272167935946492,0.04587956001184121
grouped_physical_interpolation,blocks_3x3_g3,ringdown_plus_photon_geometry,wq,0.001,3,0.33630217463796164,0.019228623028203523,0.02195355766787183,0.07325189725029914,0.08363260063951172
grouped_physical_interpolation,blocks_3x3_g3,ringdown_plus_photon_geometry,k,0.005,3,0.8474782757142312,0.0001000728746001386,0.00010915933175787442,0.040029149840055435,0.043663732703149764
grouped_physical_interpolation,blocks_3x3_g3,ringdown_plus_photon_geometry,wq,0.005,3,0.2790876272079207,0.01942821692049576,0.022880259820664696,0.07401225493522194,0.08716289455491312
grouped_physical_interpolation,blocks_3x3_g3,ringdown_plus_photon_geometry,k,0.01,3,0.8586737179606033,9.095851269100489e-05,0.00010507671380628473,0.036383405076401955,0.04203068552251389
grouped_physical_interpolation,blocks_3x3_g3,ringdown_plus_photon_geometry,wq,0.01,3,0.12684693409131187,0.021944327144799568,0.02518053214356104,0.08359743674209359,0.09592583673737538
grouped_physical_interpolation,blocks_3x3_g3,ringdown_plus_photon_geometry,k,0.0,4,0.8526335859858422,9.962036834967383e-05,0.00010729865374204879,0.03984814733986953,0.042919461496819515
grouped_physical_interpolation,blocks_3x3_g3,ringdown_plus_photon_geometry,wq,0.0,4,0.39806727251842966,0.01832325842694551,0.020907094904341825,0.06980288924550669,0.07964607582606409
grouped_physical_interpolation,blocks_3x3_g3,ringdown_plus_photon_geometry,k,0.001,4,0.8386922866996563,0.0001071943134987122,0.00011225936531795175,0.042877725399484874,0.0449037461271807
grouped_physical_interpolation,blocks_3x3_g3,ringdown_plus_photon_geometry,wq,0.001,4,0.4250790990303067,0.017951994711239913,0.020432606016704075,0.06838855128091395,0.07783849911125361
grouped_physical_interpolation,blocks_3x3_g3,ringdown_plus_photon_geometry,k,0.005,4,0.7790818636447299,0.00012098585369462573,0.00013137438640296474,0.04839434147785029,0.052549754561185893
grouped_physical_interpolation,blocks_3x3_g3,ringdown_plus_photon_geometry,wq,0.005,4,0.35111101548370083,0.018343106808869997,0.021707255251483246,0.06987850212902856,0.08269430571993618
grouped_physical_interpolation,blocks_3x3_g3,ringdown_plus_photon_geometry,k,0.01,4,0.7417475904707667,0.00012399911620053898,0.00014204213985459158,0.049599646480215594,0.05681685594183663
grouped_physical_interpolation,blocks_3x3_g3,ringdown_plus_photon_geometry,wq,0.01,4,0.4457996936603188,0.016482249502439573,0.02006102379192699,0.06278952191405551,0.07642294777876948
grouped_physical_interpolation,blocks_3x3_g4,ringdown_plus_photon_geometry,k,0.0,0,0.9446103376562336,5.872082473125347e-05,6.578234847287495e-05,0.023488329892501388,0.026312939389149977
grouped_physical_interpolation,blocks_3x3_g4,ringdown_plus_photon_geometry,wq,0.0,0,-0.041787000951641895,0.02749806566142119,0.032552921758737675,0.1047545358530331,0.12401113050947685
grouped_physical_interpolation,blocks_3x3_g4,ringdown_plus_photon_geometry,k,0.001,0,0.9277636523474336,6.470442007442933e-05,7.512299688082705e-05,0.02588176802977173,0.03004919875233082
grouped_physical_interpolation,blocks_3x3_g4,ringdown_plus_photon_geometry,wq,0.001,0,0.3672416796176542,0.019974019133409765,0.025369939968669937,0.07609150146060863,0.09664739035683785
grouped_physical_interpolation,blocks_3x3_g4,ringdown_plus_photon_geometry,k,0.005,0,0.9226992836630782,6.502561546468892e-05,7.771176528571471e-05,0.026010246185875566,0.031084706114285883
grouped_physical_interpolation,blocks_3x3_g4,ringdown_plus_photon_geometry,wq,0.005,0,0.502560307816152,0.01759531551154623,0.022494208963492295,0.06702977337731897,0.08569222462282779
grouped_physical_interpolation,blocks_3x3_g4,ringdown_plus_photon_geometry,k,0.01,0,0.9379505544042266,5.674563874862913e-05,6.96248011643107e-05,0.02269825549945165,0.02784992046572428
grouped_physical_interpolation,blocks_3x3_g4,ringdown_plus_photon_geometry,wq,0.01,0,0.423375068698678,0.01989615534016978,0.024218498556022473,0.07579487748636106,0.09226094688008561
grouped_physical_interpolation,blocks_3x3_g4,ringdown_plus_photon_geometry,k,0.0,1,0.9446103376562336,5.872082473125347e-05,6.578234847287495e-05,0.023488329892501388,0.026312939389149977
grouped_physical_interpolation,blocks_3x3_g4,ringdown_plus_photon_geometry,wq,0.0,1,-0.041787000951641895,0.02749806566142119,0.032552921758737675,0.1047545358530331,0.12401113050947685
grouped_physical_interpolation,blocks_3x3_g4,ringdown_plus_photon_geometry,k,0.001,1,0.9596262545931015,4.8396029169040354e-05,5.6162254761663075e-05,0.019358411667616142,0.02246490190466523
grouped_physical_interpolation,blocks_3x3_g4,ringdown_plus_photon_geometry,wq,0.001,1,0.16894276880197956,0.023334577109809525,0.02907474896468128,0.08889362708498866,0.11076094843688106
grouped_physical_interpolation,blocks_3x3_g4,ringdown_plus_photon_geometry,k,0.005,1,0.9664149497841084,3.9416165525243363e-05,5.122335451838875e-05,0.015766466210097346,0.0204893418073555
grouped_physical_interpolation,blocks_3x3_g4,ringdown_plus_photon_geometry,wq,0.005,1,0.17342370791398143,0.02272436689609033,0.02899625962268661,0.08656901674701077,0.11046194141975851
grouped_physical_interpolation,blocks_3x3_g4,ringdown_plus_photon_geometry,k,0.01,1,0.9703661371596887,4.070447189800881e-05,4.8115959248458514e-05,0.016281788759203525,0.019246383699383404
grouped_physical_interpolation,blocks_3x3_g4,ringdown_plus_photon_geometry,wq,0.01,1,0.47010618529796067,0.017124835084923656,0.02321640292212017,0.06523746699018536,0.08844343970331492
grouped_physical_interpolation,blocks_3x3_g4,ringdown_plus_photon_geometry,k,0.0,2,0.9446103376562336,5.872082473125347e-05,6.578234847287495e-05,0.023488329892501388,0.026312939389149977
grouped_physical_interpolation,blocks_3x3_g4,ringdown_plus_photon_geometry,wq,0.0,2,-0.041787000951641895,0.02749806566142119,0.032552921758737675,0.1047545358530331,0.12401113050947685
grouped_physical_interpolation,blocks_3x3_g4,ringdown_plus_photon_geometry,k,0.001,2,0.95422666304757,5.3597259204708345e-05,5.9800016299400763e-05,0.021438903681883337,0.023920006519760305
grouped_physical_interpolation,blocks_3x3_g4,ringdown_plus_photon_geometry,wq,0.001,2,0.050264426691545516,0.02503778494006871,0.031081492137197856,0.09538203786692842,0.1184056843321823
grouped_physical_interpolation,blocks_3x3_g4,ringdown_plus_photon_geometry,k,0.005,2,0.9273092719441818,6.24862044061234e-05,7.535889548925728e-05,0.02499448176244936,0.030143558195702913
grouped_physical_interpolation,blocks_3x3_g4,ringdown_plus_photon_geometry,wq,0.005,2,0.12340015719695574,0.023677377333174626,0.02986078369033908,0.0901995326978081,0.11375536643938697
grouped_physical_interpolation,blocks_3x3_g4,ringdown_plus_photon_geometry,k,0.01,2,0.9652254845051775,4.043732143236501e-05,5.212253853212648e-05,0.016174928572946005,0.020849015412850593
grouped_physical_interpolation,blocks_3x3_g4,ringdown_plus_photon_geometry,wq,0.01,2,0.4474501218739001,0.020499310654067238,0.023707526846054428,0.07809261201549424,0.09031438798496924
grouped_physical_interpolation,blocks_3x3_g4,ringdown_plus_photon_geometry,k,0.0,3,0.9446103376562336,5.872082473125347e-05,6.578234847287495e-05,0.023488329892501388,0.026312939389149977
grouped_physical_interpolation,blocks_3x3_g4,ringdown_plus_photon_geometry,wq,0.0,3,-0.041787000951641895,0.02749806566142119,0.032552921758737675,0.1047545358530331,0.12401113050947685
grouped_physical_interpolation,blocks_3x3_g4,ringdown_plus_photon_geometry,k,0.001,3,0.9577448635760751,4.997111246909079e-05,5.7455918173145e-05,0.019988444987636314,0.022982367269258
grouped_physical_interpolation,blocks_3x3_g4,ringdown_plus_photon_geometry,wq,0.001,3,0.32756461774754997,0.021532920356097093,0.026153257261475348,0.08203017278513178,0.0996314562341918
grouped_physical_interpolation,blocks_3x3_g4,ringdown_plus_photon_geometry,k,0.005,3,0.9429197388746978,5.6327973326663805e-05,6.677870469254577e-05,0.022531189330665523,0.02671148187701831
grouped_physical_interpolation,blocks_3x3_g4,ringdown_plus_photon_geometry,wq,0.005,3,0.3310117809853911,0.021535412461882654,0.026086135283497278,0.08203966652145772,0.099375753460942
grouped_physical_interpolation,blocks_3x3_g4,ringdown_plus_photon_geometry,k,0.01,3,0.9029249658683957,7.179349026591042e-05,8.708608982800636e-05,0.02871739610636417,0.03483443593120254
grouped_physical_interpolation,blocks_3x3_g4,ringdown_plus_photon_geometry,wq,0.01,3,0.5721471941379024,0.01689863972462341,0.020861604108094175,0.06437577037951775,0.07947277755464448
grouped_physical_interpolation,blocks_3x3_g4,ringdown_plus_photon_geometry,k,0.0,4,0.9446103376562336,5.872082473125347e-05,6.578234847287495e-05,0.023488329892501388,0.026312939389149977
grouped_physical_interpolation,blocks_3x3_g4,ringdown_plus_photon_geometry,wq,0.0,4,-0.041787000951641895,0.02749806566142119,0.032552921758737675,0.1047545358530331,0.12401113050947685
grouped_physical_interpolation,blocks_3x3_g4,ringdown_plus_photon_geometry,k,0.001,4,0.9300631914370147,6.425255364184192e-05,7.391761068232135e-05,0.025701021456736767,0.02956704427292854
grouped_physical_interpolation,blocks_3x3_g4,ringdown_plus_photon_geometry,wq,0.001,4,0.12924509211412782,0.024830163004480828,0.029761065301248196,0.09459109715992696,0.11337548686189788
grouped_physical_interpolation,blocks_3x3_g4,ringdown_plus_photon_geometry,k,0.005,4,0.9602884901101496,4.253800799998454e-05,5.569974605098806e-05,0.017015203199993813,0.022279898420395225
grouped_physical_interpolation,blocks_3x3_g4,ringdown_plus_photon_geometry,wq,0.005,4,0.6577407501077202,0.014769488861351134,0.01865855918204305,0.05626471947181384,0.07108022545540209
grouped_physical_interpolation,blocks_3x3_g4,ringdown_plus_photon_geometry,k,0.01,4,0.8851709030611673,7.317411431398315e-05,9.471548552557973e-05,0.02926964572559326,0.03788619421023189
grouped_physical_interpolation,blocks_3x3_g4,ringdown_plus_photon_geometry,wq,0.01,4,0.7317060808413665,0.01332634828572708,0.016519843246658613,0.05076704108848411,0.0629327361777471
grouped_physical_interpolation,blocks_3x3_g5,ringdown_plus_photon_geometry,k,0.0,0,0.7150771011836203,0.00013052341031623312,0.00014919651963108814,0.05220936412649325,0.059678607852435256
grouped_physical_interpolation,blocks_3x3_g5,ringdown_plus_photon_geometry,wq,0.0,0,0.6713605376681229,0.00975165868713238,0.011701842132969867,0.037149175950980495,0.044578446220837585
grouped_physical_interpolation,blocks_3x3_g5,ringdown_plus_photon_geometry,k,0.001,0,0.7073134732089565,0.00013121292428246208,0.00015121552468430702,0.05248516971298483,0.06048620987372281
grouped_physical_interpolation,blocks_3x3_g5,ringdown_plus_photon_geometry,wq,0.001,0,0.2855144927289779,0.015088580334049575,0.017254051544383975,0.05748030603447457,0.06572972016908181
grouped_physical_interpolation,blocks_3x3_g5,ringdown_plus_photon_geometry,k,0.005,0,0.6531679457616011,0.00015001949603579774,0.0001646093989946349,0.060007798414319094,0.06584375959785396
grouped_physical_interpolation,blocks_3x3_g5,ringdown_plus_photon_geometry,wq,0.005,0,-0.789884775122204,0.020404379841771472,0.027309070342426245,0.07773097082579608,0.10403455368543331
grouped_physical_interpolation,blocks_3x3_g5,ringdown_plus_photon_geometry,k,0.01,0,0.7695441223845025,0.00012291980285313655,0.00013418034669321265,0.049167921141254615,0.05367213867728506
grouped_physical_interpolation,blocks_3x3_g5,ringdown_plus_photon_geometry,wq,0.01,0,-3.7680304413396186,0.025929241761726358,0.04457218135292655,0.09877806385419564,0.16979878610638685
grouped_physical_interpolation,blocks_3x3_g5,ringdown_plus_photon_geometry,k,0.0,1,0.7150771011836203,0.00013052341031623312,0.00014919651963108814,0.05220936412649325,0.059678607852435256
grouped_physical_interpolation,blocks_3x3_g5,ringdown_plus_photon_geometry,wq,0.0,1,0.6713605376681229,0.00975165868713238,0.011701842132969867,0.037149175950980495,0.044578446220837585
grouped_physical_interpolation,blocks_3x3_g5,ringdown_plus_photon_geometry,k,0.001,1,0.6896314885993777,0.00013529250614416032,0.00015571621608931297,0.054117002457664126,0.06228648643572519
grouped_physical_interpolation,blocks_3x3_g5,ringdown_plus_photon_geometry,wq,0.001,1,0.3995578144924967,0.014285406551002832,0.015817213533409088,0.054420596384772695,0.06025605155584414
grouped_physical_interpolation,blocks_3x3_g5,ringdown_plus_photon_geometry,k,0.005,1,0.7597930091804781,0.00012082206486077433,0.00013698967536925966,0.04832882594430973,0.054795870147703866
grouped_physical_interpolation,blocks_3x3_g5,ringdown_plus_photon_geometry,wq,0.005,1,-8.405764871047541,0.050999324380552304,0.06260246557660334,0.1942831404973421,0.23848558314896512
grouped_physical_interpolation,blocks_3x3_g5,ringdown_plus_photon_geometry,k,0.01,1,0.5883841249255711,0.00016154542848376046,0.00017932509651521103,0.06461817139350419,0.07173003860608441
grouped_physical_interpolation,blocks_3x3_g5,ringdown_plus_photon_geometry,wq,0.01,1,-6.995582148199949,0.046327937236036454,0.05771908316796081,0.17648737994680552,0.21988222159223164
grouped_physical_interpolation,blocks_3x3_g5,ringdown_plus_photon_geometry,k,0.0,2,0.7150771011836203,0.00013052341031623312,0.00014919651963108814,0.05220936412649325,0.059678607852435256
grouped_physical_interpolation,blocks_3x3_g5,ringdown_plus_photon_geometry,wq,0.0,2,0.6713605376681229,0.00975165868713238,0.011701842132969867,0.037149175950980495,0.044578446220837585
grouped_physical_interpolation,blocks_3x3_g5,ringdown_plus_photon_geometry,k,0.001,2,0.7076445621115481,0.0001295835183630958,0.00015112997249068532,0.05183340734523832,0.060451988996274124
grouped_physical_interpolation,blocks_3x3_g5,ringdown_plus_photon_geometry,wq,0.001,2,0.5395720386085707,0.012355149138911095,0.013850811669829875,0.04706723481489941,0.05276499683744714
grouped_physical_interpolation,blocks_3x3_g5,ringdown_plus_photon_geometry,k,0.005,2,0.8248673230651822,9.937327228013119e-05,0.00011697110919168307,0.03974930891205248,0.04678844367667322
grouped_physical_interpolation,blocks_3x3_g5,ringdown_plus_photon_geometry,wq,0.005,2,0.004831045631516706,0.017702492562241556,0.02036304817523319,0.06743806690377735,0.0775735168580312
grouped_physical_interpolation,blocks_3x3_g5,ringdown_plus_photon_geometry,k,0.01,2,0.7349807568307354,0.000137487870132893,0.00014389102950705025,0.0549951480531572,0.057556411802820104
grouped_physical_interpolation,blocks_3x3_g5,ringdown_plus_photon_geometry,wq,0.01,2,-0.5409703427844945,0.020977036531507603,0.025339119482732736,0.07991252012002896,0.09652997898183899
grouped_physical_interpolation,blocks_3x3_g5,ringdown_plus_photon_geometry,k,0.0,3,0.7150771011836203,0.00013052341031623312,0.00014919651963108814,0.05220936412649325,0.059678607852435256
grouped_physical_interpolation,blocks_3x3_g5,ringdown_plus_photon_geometry,wq,0.0,3,0.6713605376681229,0.00975165868713238,0.011701842132969867,0.037149175950980495,0.044578446220837585
grouped_physical_interpolation,blocks_3x3_g5,ringdown_plus_photon_geometry,k,0.001,3,0.6973984214251295,0.0001340712572025513,0.0001537554822637611,0.053628502881020515,0.06150219290550443
grouped_physical_interpolation,blocks_3x3_g5,ringdown_plus_photon_geometry,wq,0.001,3,0.3598544029702644,0.012970079623624647,0.016331789004751532,0.049409827137617705,0.06221633906572012
grouped_physical_interpolation,blocks_3x3_g5,ringdown_plus_photon_geometry,k,0.005,3,0.5895606940739369,0.0001610920191122525,0.00017906862029812393,0.06443680764490099,0.07162744811924956
grouped_physical_interpolation,blocks_3x3_g5,ringdown_plus_photon_geometry,wq,0.005,3,-0.1302890131160046,0.017607466126354224,0.021701468970210327,0.06707606143373038,0.08267226274365838
grouped_physical_interpolation,blocks_3x3_g5,ringdown_plus_photon_geometry,k,0.01,3,0.5028075313426978,0.00017420871721743057,0.0001970866855316506,0.06968348688697222,0.07883467421266023
grouped_physical_interpolation,blocks_3x3_g5,ringdown_plus_photon_geometry,wq,0.01,3,-1.5388196546587904,0.024732043190555164,0.03252447574941825,0.0942173073925911,0.12390276475968856
grouped_physical_interpolation,blocks_3x3_g5,ringdown_plus_photon_geometry,k,0.0,4,0.7150771011836203,0.00013052341031623312,0.00014919651963108814,0.05220936412649325,0.059678607852435256
grouped_physical_interpolation,blocks_3x3_g5,ringdown_plus_photon_geometry,wq,0.0,4,0.6713605376681229,0.00975165868713238,0.011701842132969867,0.037149175950980495,0.044578446220837585
grouped_physical_interpolation,blocks_3x3_g5,ringdown_plus_photon_geometry,k,0.001,4,0.7484797742356897,0.00012452337709133933,0.00014017852060082796,0.04980935083653573,0.05607140824033118
grouped_physical_interpolation,blocks_3x3_g5,ringdown_plus_photon_geometry,wq,0.001,4,0.20148658055994018,0.015749696290905585,0.018240447493597614,0.05999884301297365,0.069487419023229
grouped_physical_interpolation,blocks_3x3_g5,ringdown_plus_photon_geometry,k,0.005,4,0.6467522606029442,0.00014012923955876599,0.00016612489169415577,0.056051695823506394,0.0664499566776623
grouped_physical_interpolation,blocks_3x3_g5,ringdown_plus_photon_geometry,wq,0.005,4,-0.3165599348849175,0.019827068723101308,0.023421499515090448,0.07553169037371926,0.08922476005748742
grouped_physical_interpolation,blocks_3x3_g5,ringdown_plus_photon_geometry,k,0.01,4,0.7049654529196194,0.00012994117889912943,0.00015182086151334647,0.05197647155965177,0.06072834460533859
grouped_physical_interpolation,blocks_3x3_g5,ringdown_plus_photon_geometry,wq,0.01,4,-0.14281061511632087,0.015434888531966853,0.021821344817215094,0.05879957535987372,0.08312893263700988
grouped_physical_interpolation,blocks_3x3_g6,ringdown_plus_photon_geometry,k,0.0,0,-3.4264231810261787,0.0003652390876287999,0.0004294581460508394,0.14609563505151996,0.17178325842033576
grouped_physical_interpolation,blocks_3x3_g6,ringdown_plus_photon_geometry,wq,0.0,0,0.277368818382152,0.020582678518934822,0.022907519291466245,0.07841020388165647,0.08726674015796665
grouped_physical_interpolation,blocks_3x3_g6,ringdown_plus_photon_geometry,k,0.001,0,-3.312734090065062,0.0003597715515245256,0.0004239071286882434,0.14390862060981024,0.16956285147529734
grouped_physical_interpolation,blocks_3x3_g6,ringdown_plus_photon_geometry,wq,0.001,0,0.3071679825962672,0.019572580053732025,0.022430227933262322,0.07456220972850294,0.08544848736480884
grouped_physical_interpolation,blocks_3x3_g6,ringdown_plus_photon_geometry,k,0.005,0,-3.0878496270422735,0.00034899117920163546,0.00041270699993267387,0.13959647168065417,0.16508279997306954
grouped_physical_interpolation,blocks_3x3_g6,ringdown_plus_photon_geometry,wq,0.005,0,0.22555258017163315,0.02038382945171956,0.02371459329074984,0.07765268362559832,0.0903413077742851
grouped_physical_interpolation,blocks_3x3_g6,ringdown_plus_photon_geometry,k,0.01,0,-3.394326060300912,0.0003669006084348831,0.00042789825797636137,0.14676024337395324,0.17115930319054454
grouped_physical_interpolation,blocks_3x3_g6,ringdown_plus_photon_geometry,wq,0.01,0,0.28675383763150497,0.019764062360993484,0.022758279879280956,0.07529166613711803,0.08669820906392744
grouped_physical_interpolation,blocks_3x3_g6,ringdown_plus_photon_geometry,k,0.0,1,-3.4264231810261787,0.0003652390876287999,0.0004294581460508394,0.14609563505151996,0.17178325842033576
grouped_physical_interpolation,blocks_3x3_g6,ringdown_plus_photon_geometry,wq,0.0,1,0.277368818382152,0.020582678518934822,0.022907519291466245,0.07841020388165647,0.08726674015796665
grouped_physical_interpolation,blocks_3x3_g6,ringdown_plus_photon_geometry,k,0.001,1,-3.5837458025543487,0.0003701629871032365,0.0004370233499937556,0.1480651948412946,0.17480933999750223
grouped_physical_interpolation,blocks_3x3_g6,ringdown_plus_photon_geometry,wq,0.001,1,0.21930945567246118,0.020316601008526697,0.023809987743993056,0.07739657527057789,0.09070471521521163
grouped_physical_interpolation,blocks_3x3_g6,ringdown_plus_photon_geometry,k,0.005,1,-3.3740707482711745,0.0003597066715949689,0.00042691093666552077,0.14388266863798754,0.1707643746662083
grouped_physical_interpolation,blocks_3x3_g6,ringdown_plus_photon_geometry,wq,0.005,1,-0.22967223646296286,0.024845423742730282,0.02988232577273317,0.09464923330563917,0.11383743151517398
grouped_physical_interpolation,blocks_3x3_g6,ringdown_plus_photon_geometry,k,0.01,1,-3.205875501750972,0.00035622760526831374,0.000418622517995577,0.1424910421073255,0.1674490071982308
grouped_physical_interpolation,blocks_3x3_g6,ringdown_plus_photon_geometry,wq,0.01,1,-0.4871681170214537,0.026982476577302173,0.03286243539328284,0.10279038696115113,0.1251902300696489
grouped_physical_interpolation,blocks_3x3_g6,ringdown_plus_photon_geometry,k,0.0,2,-3.4264231810261787,0.0003652390876287999,0.0004294581460508394,0.14609563505151996,0.17178325842033576
grouped_physical_interpolation,blocks_3x3_g6,ringdown_plus_photon_geometry,wq,0.0,2,0.277368818382152,0.020582678518934822,0.022907519291466245,0.07841020388165647,0.08726674015796665
grouped_physical_interpolation,blocks_3x3_g6,ringdown_plus_photon_geometry,k,0.001,2,-3.4437930683703897,0.00036487107838825244,0.00043029994714783887,0.14594843135530097,0.17211997885913555
grouped_physical_interpolation,blocks_3x3_g6,ringdown_plus_photon_geometry,wq,0.001,2,0.05298250590426912,0.022965477184368366,0.026223986526561868,0.08748753213092711,0.09990090105356902
grouped_physical_interpolation,blocks_3x3_g6,ringdown_plus_photon_geometry,k,0.005,2,-3.2525617388373913,0.00035669142878918153,0.000420939511630303,0.14267657151567262,0.1683758046521212
grouped_physical_interpolation,blocks_3x3_g6,ringdown_plus_photon_geometry,wq,0.005,2,0.30216674801653964,0.019932618510820083,0.02251103909263579,0.07593378480312413,0.0857563394005173
grouped_physical_interpolation,blocks_3x3_g6,ringdown_plus_photon_geometry,k,0.01,2,-2.981298616861059,0.0003430347733042222,0.0004072928214064309,0.13721390932168887,0.16291712856257234
grouped_physical_interpolation,blocks_3x3_g6,ringdown_plus_photon_geometry,wq,0.01,2,0.38425098598729257,0.01881260602677166,0.02114567606001305,0.07166707057817776,0.08055495641909732
grouped_physical_interpolation,blocks_3x3_g6,ringdown_plus_photon_geometry,k,0.0,3,-3.4264231810261787,0.0003652390876287999,0.0004294581460508394,0.14609563505151996,0.17178325842033576
grouped_physical_interpolation,blocks_3x3_g6,ringdown_plus_photon_geometry,wq,0.0,3,0.277368818382152,0.020582678518934822,0.022907519291466245,0.07841020388165647,0.08726674015796665
grouped_physical_interpolation,blocks_3x3_g6,ringdown_plus_photon_geometry,k,0.001,3,-3.1332503536007135,0.00034902388859227464,0.0004149924875625619,0.13960955543690987,0.16599699502502477
grouped_physical_interpolation,blocks_3x3_g6,ringdown_plus_photon_geometry,wq,0.001,3,0.22926447343821654,0.020543163238044754,0.023657693515059378,0.07825966947826572,0.09012454672403572
grouped_physical_interpolation,blocks_3x3_g6,ringdown_plus_photon_geometry,k,0.005,3,-3.0886239274207803,0.0003441038637081746,0.00041274608454738756,0.13764154548326984,0.16509843381895503
grouped_physical_interpolation,blocks_3x3_g6,ringdown_plus_photon_geometry,wq,0.005,3,0.1346583982932642,0.02131685779345735,0.02506764315660496,0.08120707730840895,0.09549578345373318
grouped_physical_interpolation,blocks_3x3_g6,ringdown_plus_photon_geometry,k,0.01,3,-3.393632236457191,0.0003581990299318047,0.0004278644760346236,0.14327961197272188,0.17114579041384942
grouped_physical_interpolation,blocks_3x3_g6,ringdown_plus_photon_geometry,wq,0.01,3,0.025023883769380917,0.022446643462474658,0.026608273796009514,0.08551102271418917,0.10136485255622671
grouped_physical_interpolation,blocks_3x3_g6,ringdown_plus_photon_geometry,k,0.0,4,-3.4264231810261787,0.0003652390876287999,0.0004294581460508394,0.14609563505151996,0.17178325842033576
grouped_physical_interpolation,blocks_3x3_g6,ringdown_plus_photon_geometry,wq,0.0,4,0.277368818382152,0.020582678518934822,0.022907519291466245,0.07841020388165647,0.08726674015796665
grouped_physical_interpolation,blocks_3x3_g6,ringdown_plus_photon_geometry,k,0.001,4,-3.395303486427925,0.0003634812307356917,0.0004279458438492308,0.14539249229427667,0.1711783375396923
grouped_physical_interpolation,blocks_3x3_g6,ringdown_plus_photon_geometry,wq,0.001,4,0.3306525846711642,0.01965034330795441,0.022046797219000866,0.07485845069696917,0.08398779892952711
grouped_physical_interpolation,blocks_3x3_g6,ringdown_plus_photon_geometry,k,0.005,4,-3.485849476158804,0.0003656265095785554,0.0004323313484353757,0.14625060383142216,0.1729325393741503
grouped_physical_interpolation,blocks_3x3_g6,ringdown_plus_photon_geometry,wq,0.005,4,0.36133414972454714,0.0190419887561717,0.021535579351227,0.07254090954732076,0.08204030229038857
grouped_physical_interpolation,blocks_3x3_g6,ringdown_plus_photon_geometry,k,0.01,4,-3.316624026772187,0.00036130216767618975,0.0004240982603699774,0.1445208670704759,0.16963930414799094
grouped_physical_interpolation,blocks_3x3_g6,ringdown_plus_photon_geometry,wq,0.01,4,0.29360308222786513,0.019976206918155315,0.02264874332656918,0.07609983587868692,0.08628092695835878
grouped_physical_interpolation,blocks_3x3_g7,ringdown_plus_photon_geometry,k,0.0,0,-0.615237332746404,0.00021823645529863377,0.00025942543347000536,0.08729458211945351,0.10377017338800214
grouped_physical_interpolation,blocks_3x3_g7,ringdown_plus_photon_geometry,wq,0.0,0,0.46639336262010467,0.0213087844323477,0.023297596473882482,0.08117632164703885,0.08875274847193326
grouped_physical_interpolation,blocks_3x3_g7,ringdown_plus_photon_geometry,k,0.001,0,-0.6432980828975541,0.0002195534931687642,0.0002616691679469799,0.08782139726750568,0.10466766717879196
grouped_physical_interpolation,blocks_3x3_g7,ringdown_plus_photon_geometry,wq,0.001,0,-0.5338128422880615,0.035262855347427395,0.03949905379265287,0.13433468703781865,0.15047258587677284
grouped_physical_interpolation,blocks_3x3_g7,ringdown_plus_photon_geometry,k,0.005,0,-0.5717509423180245,0.0002170264866772464,0.0002559094031030989,0.08681059467089856,0.10236376124123955
grouped_physical_interpolation,blocks_3x3_g7,ringdown_plus_photon_geometry,wq,0.005,0,0.2138661680740641,0.024985492620361333,0.028278003945861555,0.09518282902994793,0.10772572931756783
grouped_physical_interpolation,blocks_3x3_g7,ringdown_plus_photon_geometry,k,0.01,0,-0.4918004083866059,0.00021452277167496406,0.00024931576434201254,0.08580910866998562,0.09972630573680502
grouped_physical_interpolation,blocks_3x3_g7,ringdown_plus_photon_geometry,wq,0.01,0,0.28867422060649495,0.023364229289603345,0.026898916171972986,0.0890065877699175,0.10247206160751614
grouped_physical_interpolation,blocks_3x3_g7,ringdown_plus_photon_geometry,k,0.0,1,-0.615237332746404,0.00021823645529863377,0.00025942543347000536,0.08729458211945351,0.10377017338800214
grouped_physical_interpolation,blocks_3x3_g7,ringdown_plus_photon_geometry,wq,0.0,1,0.46639336262010467,0.0213087844323477,0.023297596473882482,0.08117632164703885,0.08875274847193326
grouped_physical_interpolation,blocks_3x3_g7,ringdown_plus_photon_geometry,k,0.001,1,-0.6445305868462998,0.00021952796078113256,0.0002617672779116261,0.08781118431245302,0.10470691116465043
grouped_physical_interpolation,blocks_3x3_g7,ringdown_plus_photon_geometry,wq,0.001,1,0.37362392093045194,0.022555409194051995,0.025241670268200456,0.08592536835829331,0.09615874387885888
grouped_physical_interpolation,blocks_3x3_g7,ringdown_plus_photon_geometry,k,0.005,1,-0.5782630398340725,0.00021707844120321965,0.0002564389985807275,0.08683137648128786,0.102575599432291
grouped_physical_interpolation,blocks_3x3_g7,ringdown_plus_photon_geometry,wq,0.005,1,0.46283948056560864,0.01945069974974024,0.023375050071864426,0.07409790380853425,0.08904780979757876
grouped_physical_interpolation,blocks_3x3_g7,ringdown_plus_photon_geometry,k,0.01,1,-0.5526117053433912,0.00021369668506991766,0.0002543465242328033,0.08547867402796706,0.10173860969312132
grouped_physical_interpolation,blocks_3x3_g7,ringdown_plus_photon_geometry,wq,0.01,1,0.5822166174418052,0.018384758333554723,0.020614655816819087,0.070037174604018,0.07853202215931081
grouped_physical_interpolation,blocks_3x3_g7,ringdown_plus_photon_geometry,k,0.0,2,-0.615237332746404,0.00021823645529863377,0.00025942543347000536,0.08729458211945351,0.10377017338800214
grouped_physical_interpolation,blocks_3x3_g7,ringdown_plus_photon_geometry,wq,0.0,2,0.46639336262010467,0.0213087844323477,0.023297596473882482,0.08117632164703885,0.08875274847193326
grouped_physical_interpolation,blocks_3x3_g7,ringdown_plus_photon_geometry,k,0.001,2,-0.6716318714900278,0.00022163632010953717,0.000263915380337621,0.08865452804381486,0.10556615213504841
grouped_physical_interpolation,blocks_3x3_g7,ringdown_plus_photon_geometry,wq,0.001,2,0.04744949709023716,0.027677524541754133,0.03112751941094123,0.10543818873049193,0.11858102632739514
grouped_physical_interpolation,blocks_3x3_g7,ringdown_plus_photon_geometry,k,0.005,2,-0.5933906684288341,0.0002179375194158745,0.00025766504972774527,0.0871750077663498,0.1030660198910981
grouped_physical_interpolation,blocks_3x3_g7,ringdown_plus_photon_geometry,wq,0.005,2,0.39627128329894623,0.022116926568006307,0.024781148157810448,0.08425495835430974,0.09440437393451599
grouped_physical_interpolation,blocks_3x3_g7,ringdown_plus_photon_geometry,k,0.01,2,-0.6412345574637233,0.00022040739307006176,0.00026150482448256124,0.0881629572280247,0.10460192979302449
grouped_physical_interpolation,blocks_3x3_g7,ringdown_plus_photon_geometry,wq,0.01,2,-0.029039647516795997,0.030039357394880933,0.032353149251015574,0.11443564721859402,0.12325009238482124
grouped_physical_interpolation,blocks_3x3_g7,ringdown_plus_photon_geometry,k,0.0,3,-0.615237332746404,0.00021823645529863377,0.00025942543347000536,0.08729458211945351,0.10377017338800214
grouped_physical_interpolation,blocks_3x3_g7,ringdown_plus_photon_geometry,wq,0.0,3,0.46639336262010467,0.0213087844323477,0.023297596473882482,0.08117632164703885,0.08875274847193326
grouped_physical_interpolation,blocks_3x3_g7,ringdown_plus_photon_geometry,k,0.001,3,-0.6064952049344556,0.00021791202249005876,0.00025872243854293414,0.0871648089960235,0.10348897541717365
grouped_physical_interpolation,blocks_3x3_g7,ringdown_plus_photon_geometry,wq,0.001,3,0.23916521405443347,0.025024931316341464,0.027819267312943464,0.09533307168130081,0.10597816119216558
grouped_physical_interpolation,blocks_3x3_g7,ringdown_plus_photon_geometry,k,0.005,3,-0.5646061128632427,0.00021697405788791155,0.00025532708702623346,0.08678962315516461,0.10213083481049338
grouped_physical_interpolation,blocks_3x3_g7,ringdown_plus_photon_geometry,wq,0.005,3,0.10747768879075348,0.02662647935942668,0.030130757349146636,0.10143420708353021,0.11478383752055861
grouped_physical_interpolation,blocks_3x3_g7,ringdown_plus_photon_geometry,k,0.01,3,-0.5893638982568383,0.00021660650866208068,0.00025733926198833634,0.08664260346483227,0.10293570479533454
grouped_physical_interpolation,blocks_3x3_g7,ringdown_plus_photon_geometry,wq,0.01,3,0.26482926873671875,0.02413017376762742,0.027346050504723125,0.09192447149572351,0.10417543049418333
grouped_physical_interpolation,blocks_3x3_g7,ringdown_plus_photon_geometry,k,0.0,4,-0.615237332746404,0.00021823645529863377,0.00025942543347000536,0.08729458211945351,0.10377017338800214
grouped_physical_interpolation,blocks_3x3_g7,ringdown_plus_photon_geometry,wq,0.0,4,0.46639336262010467,0.0213087844323477,0.023297596473882482,0.08117632164703885,0.08875274847193326
grouped_physical_interpolation,blocks_3x3_g7,ringdown_plus_photon_geometry,k,0.001,4,-0.6285439201229037,0.00021965747952157214,0.0002604918360943154,0.08786299180862885,0.10419673443772615
grouped_physical_interpolation,blocks_3x3_g7,ringdown_plus_photon_geometry,wq,0.001,4,0.19158724142829953,0.026976525839001213,0.02867590195372502,0.10276771748190938,0.10924153125228578
grouped_physical_interpolation,blocks_3x3_g7,ringdown_plus_photon_geometry,k,0.005,4,-0.6108247228735664,0.00021895794470506554,0.0002590708335309064,0.08758317788202621,0.10362833341236255
grouped_physical_interpolation,blocks_3x3_g7,ringdown_plus_photon_geometry,wq,0.005,4,0.26590284052865953,0.024138743482073982,0.027326076454547092,0.0919571180269485,0.10409933887446511
grouped_physical_interpolation,blocks_3x3_g7,ringdown_plus_photon_geometry,k,0.01,4,-0.6310584068194609,0.0002184151500276468,0.0002606928594166148,0.08736606001105872,0.10427714376664592
grouped_physical_interpolation,blocks_3x3_g7,ringdown_plus_photon_geometry,wq,0.01,4,0.2449478413801941,0.023490054458566483,0.0277133472824212,0.08948592174691994,0.10557465631398552
grouped_physical_interpolation,blocks_3x3_g8,ringdown_plus_photon_geometry,k,0.0,0,-0.5981514789593774,0.00023635363171510933,0.00025804969474239013,0.09454145268604373,0.10321987789695605
grouped_physical_interpolation,blocks_3x3_g8,ringdown_plus_photon_geometry,wq,0.0,0,0.8044819006790411,0.008861485446660477,0.009025844820129922,0.033758039796801816,0.03438417074335208
grouped_physical_interpolation,blocks_3x3_g8,ringdown_plus_photon_geometry,k,0.001,0,-0.4701042090949825,0.00022404132415995134,0.0002474961455167015,0.08961652966398054,0.09899845820668059
grouped_physical_interpolation,blocks_3x3_g8,ringdown_plus_photon_geometry,wq,0.001,0,0.6460433188813312,0.008708584669930445,0.01214421469120634,0.03317556064735407,0.04626367501411939
grouped_physical_interpolation,blocks_3x3_g8,ringdown_plus_photon_geometry,k,0.005,0,-0.23817111980047057,0.0001886766351684765,0.00022713534142669125,0.07547065406739059,0.0908541365706765
grouped_physical_interpolation,blocks_3x3_g8,ringdown_plus_photon_geometry,wq,0.005,0,0.07887293464137224,0.013156839917004066,0.019590889308539007,0.05012129492192025,0.07463195927062478
grouped_physical_interpolation,blocks_3x3_g8,ringdown_plus_photon_geometry,k,0.01,0,-0.18550040854477134,0.00018018198509209976,0.00022225177244744785,0.0720727940368399,0.08890070897897914
grouped_physical_interpolation,blocks_3x3_g8,ringdown_plus_photon_geometry,wq,0.01,0,-0.014433344559473094,0.01823872392938661,0.020559196488022423,0.06948085306432994,0.0783207485257997
grouped_physical_interpolation,blocks_3x3_g8,ringdown_plus_photon_geometry,k,0.0,1,-0.5981514789593774,0.00023635363171510933,0.00025804969474239013,0.09454145268604373,0.10321987789695605
grouped_physical_interpolation,blocks_3x3_g8,ringdown_plus_photon_geometry,wq,0.0,1,0.8044819006790411,0.008861485446660477,0.009025844820129922,0.033758039796801816,0.03438417074335208
grouped_physical_interpolation,blocks_3x3_g8,ringdown_plus_photon_geometry,k,0.001,1,-0.3639260798042414,0.00021391924651041134,0.00023839096737329779,0.08556769860416454,0.09535638694931911
grouped_physical_interpolation,blocks_3x3_g8,ringdown_plus_photon_geometry,wq,0.001,1,0.6563142839069198,0.009184706893112004,0.01196671975544886,0.034989359592807634,0.04558750383028137
grouped_physical_interpolation,blocks_3x3_g8,ringdown_plus_photon_geometry,k,0.005,1,-0.5229642315645124,0.00022644963089157413,0.00025190641711130484,0.09057985235662964,0.10076256684452194
grouped_physical_interpolation,blocks_3x3_g8,ringdown_plus_photon_geometry,wq,0.005,1,0.6354813246087883,0.008705904838934297,0.012324073247632246,0.03316535176736875,0.046948850467170455
grouped_physical_interpolation,blocks_3x3_g8,ringdown_plus_photon_geometry,k,0.01,1,-0.34455274355555554,0.00021031184350154815,0.00023669184815172973,0.08412473740061925,0.0946767392606919
grouped_physical_interpolation,blocks_3x3_g8,ringdown_plus_photon_geometry,wq,0.01,1,-0.09786370720998061,0.013520221473950107,0.021387922090224,0.05150560561504802,0.08147779843894856
grouped_physical_interpolation,blocks_3x3_g8,ringdown_plus_photon_geometry,k,0.0,2,-0.5981514789593774,0.00023635363171510933,0.00025804969474239013,0.09454145268604373,0.10321987789695605
grouped_physical_interpolation,blocks_3x3_g8,ringdown_plus_photon_geometry,wq,0.0,2,0.8044819006790411,0.008861485446660477,0.009025844820129922,0.033758039796801816,0.03438417074335208
grouped_physical_interpolation,blocks_3x3_g8,ringdown_plus_photon_geometry,k,0.001,2,-0.5740599011944971,0.00023447647131749917,0.0002560973041959587,0.09379058852699966,0.10243892167838346
grouped_physical_interpolation,blocks_3x3_g8,ringdown_plus_photon_geometry,wq,0.001,2,0.6162050428436681,0.011335987535132763,0.012645733093886053,0.043184714419553384,0.048174221310042106
grouped_physical_interpolation,blocks_3x3_g8,ringdown_plus_photon_geometry,k,0.005,2,-0.45736354482207453,0.00022125276439144816,0.00024642134857648417,0.08850110575657925,0.09856853943059367
grouped_physical_interpolation,blocks_3x3_g8,ringdown_plus_photon_geometry,wq,0.005,2,0.29309448516051406,0.014501421487297082,0.01716228319648794,0.055243510427798403,0.0653801264628112
grouped_physical_interpolation,blocks_3x3_g8,ringdown_plus_photon_geometry,k,0.01,2,-0.5766806378628109,0.00022467763366498334,0.00025631041059156595,0.08987105346599333,0.10252416423662637
grouped_physical_interpolation,blocks_3x3_g8,ringdown_plus_photon_geometry,wq,0.01,2,0.5060908848369077,0.012027298380708854,0.014345572998360449,0.04581827954555753,0.054649801898515996
grouped_physical_interpolation,blocks_3x3_g8,ringdown_plus_photon_geometry,k,0.0,3,-0.5981514789593774,0.00023635363171510933,0.00025804969474239013,0.09454145268604373,0.10321987789695605
grouped_physical_interpolation,blocks_3x3_g8,ringdown_plus_photon_geometry,wq,0.0,3,0.8044819006790411,0.008861485446660477,0.009025844820129922,0.033758039796801816,0.03438417074335208
grouped_physical_interpolation,blocks_3x3_g8,ringdown_plus_photon_geometry,k,0.001,3,-0.6074115855325977,0.00023780916349051183,0.00025879621853984827,0.09512366539620473,0.1035184874159393
grouped_physical_interpolation,blocks_3x3_g8,ringdown_plus_photon_geometry,wq,0.001,3,0.6800048605011995,0.009158556533586529,0.01154691768934464,0.03488973917556773,0.04398825786417006
grouped_physical_interpolation,blocks_3x3_g8,ringdown_plus_photon_geometry,k,0.005,3,-0.3514626376670067,0.00021107999867404407,0.00023729926935438564,0.08443199946961763,0.09491970774175426
grouped_physical_interpolation,blocks_3x3_g8,ringdown_plus_photon_geometry,wq,0.005,3,0.04599683347660288,0.015567931196714643,0.01993743512553078,0.05930640455891292,0.07595213381154582
grouped_physical_interpolation,blocks_3x3_g8,ringdown_plus_photon_geometry,k,0.01,3,-0.408102052873349,0.00021989424779765392,0.00024222080602153662,0.08795769911906157,0.09688832240861464
grouped_physical_interpolation,blocks_3x3_g8,ringdown_plus_photon_geometry,wq,0.01,3,0.08386118917317964,0.017347570462862703,0.01953777122681026,0.06608598271566743,0.0744296046735629
grouped_physical_interpolation,blocks_3x3_g8,ringdown_plus_photon_geometry,k,0.0,4,-0.5981514789593774,0.00023635363171510933,0.00025804969474239013,0.09454145268604373,0.10321987789695605
grouped_physical_interpolation,blocks_3x3_g8,ringdown_plus_photon_geometry,wq,0.0,4,0.8044819006790411,0.008861485446660477,0.009025844820129922,0.033758039796801816,0.03438417074335208
grouped_physical_interpolation,blocks_3x3_g8,ringdown_plus_photon_geometry,k,0.001,4,-0.543776709904447,0.00023207741786456808,0.0002536218239413792,0.09283096714582723,0.10144872957655168
grouped_physical_interpolation,blocks_3x3_g8,ringdown_plus_photon_geometry,wq,0.001,4,0.9135073965162834,0.005366360389826519,0.006003214537635804,0.020443277675529593,0.02286938871480306
grouped_physical_interpolation,blocks_3x3_g8,ringdown_plus_photon_geometry,k,0.005,4,-0.7701743627008772,0.0002509151110824532,0.000271582888106995,0.10036604443298126,0.10863315524279799
grouped_physical_interpolation,blocks_3x3_g8,ringdown_plus_photon_geometry,wq,0.005,4,-0.1793074366560623,0.018983949116209806,0.022167049839946957,0.07231980615698973,0.08444590415217888
grouped_physical_interpolation,blocks_3x3_g8,ringdown_plus_photon_geometry,k,0.01,4,-0.6089495848295283,0.00024204071370703095,0.0002589199992943065,0.09681628548281238,0.1035679997177226
grouped_physical_interpolation,blocks_3x3_g8,ringdown_plus_photon_geometry,wq,0.01,4,-0.01319712007249696,0.016970907555692742,0.02054666558585294,0.06465107640263902,0.07827301175563024
grouped_physical_interpolation,blocks_3x3_g0,ringdown_plus_all_shooting,k,0.0,0,0.9145108882141627,6.181997996142224e-05,8.172415100977518e-05,0.024727991984568896,0.03268966040391007
grouped_physical_interpolation,blocks_3x3_g0,ringdown_plus_all_shooting,wq,0.0,0,-9.107146954219958,0.06261581501564109,0.08567103276280989,0.2385364381548232,0.32636583909641864
grouped_physical_interpolation,blocks_3x3_g0,ringdown_plus_all_shooting,k,0.001,0,0.8985990163388766,7.258078560009852e-05,8.900534730298661e-05,0.02903231424003941,0.03560213892119465
grouped_physical_interpolation,blocks_3x3_g0,ringdown_plus_all_shooting,wq,0.001,0,-8.387698805464208,0.06242358862156866,0.0825656274941286,0.23780414712978537,0.31453572378715655
grouped_physical_interpolation,blocks_3x3_g0,ringdown_plus_all_shooting,k,0.005,0,0.9254449100715032,6.79166128704413e-05,7.631917452818662e-05,0.027166645148176523,0.03052766981127465
grouped_physical_interpolation,blocks_3x3_g0,ringdown_plus_all_shooting,wq,0.005,0,-8.604583715177272,0.060145758508903295,0.08351394233925702,0.22912669908153635,0.3181483517685982
grouped_physical_interpolation,blocks_3x3_g0,ringdown_plus_all_shooting,k,0.01,0,0.8705470401221256,9.321446762788229e-05,0.0001005659608936291,0.037285787051152916,0.040226384357451635
grouped_physical_interpolation,blocks_3x3_g0,ringdown_plus_all_shooting,wq,0.01,0,-10.458249686066036,0.0661065298860786,0.09121764444858646,0.25183439956601367,0.34749578837556744
grouped_physical_interpolation,blocks_3x3_g0,ringdown_plus_all_shooting,k,0.0,1,0.9145108882141627,6.181997996142224e-05,8.172415100977518e-05,0.024727991984568896,0.03268966040391007
grouped_physical_interpolation,blocks_3x3_g0,ringdown_plus_all_shooting,wq,0.0,1,-9.107146954219958,0.06261581501564109,0.08567103276280989,0.2385364381548232,0.32636583909641864
grouped_physical_interpolation,blocks_3x3_g0,ringdown_plus_all_shooting,k,0.001,1,0.8997638264150236,6.398038814348188e-05,8.849266105913124e-05,0.02559215525739275,0.035397064423652494
grouped_physical_interpolation,blocks_3x3_g0,ringdown_plus_all_shooting,wq,0.001,1,-6.71702891303714,0.057674406941521365,0.0748591300724861,0.2197120264438909,0.2851776383713756
grouped_physical_interpolation,blocks_3x3_g0,ringdown_plus_all_shooting,k,0.005,1,0.9167381994055023,6.870809188578474e-05,8.065251497284593e-05,0.027483236754313897,0.03226100598913837
grouped_physical_interpolation,blocks_3x3_g0,ringdown_plus_all_shooting,wq,0.005,1,-7.663304818754927,0.05453396659461159,0.0793161289015784,0.20774844416994892,0.30215668152982245
grouped_physical_interpolation,blocks_3x3_g0,ringdown_plus_all_shooting,k,0.01,1,0.8611290374326797,9.06684385290141e-05,0.00010415994407915118,0.036267375411605636,0.04166397763166047
grouped_physical_interpolation,blocks_3x3_g0,ringdown_plus_all_shooting,wq,0.01,1,-8.17563985798004,0.05883237262505287,0.08162776243407692,0.2241233242859157,0.3109629045107692
grouped_physical_interpolation,blocks_3x3_g0,ringdown_plus_all_shooting,k,0.0,2,0.9145108882141627,6.181997996142224e-05,8.172415100977518e-05,0.024727991984568896,0.03268966040391007
grouped_physical_interpolation,blocks_3x3_g0,ringdown_plus_all_shooting,wq,0.0,2,-9.107146954219958,0.06261581501564109,0.08567103276280989,0.2385364381548232,0.32636583909641864
grouped_physical_interpolation,blocks_3x3_g0,ringdown_plus_all_shooting,k,0.001,2,0.8972167126816988,7.446644028993166e-05,8.960995659937728e-05,0.029786576115972664,0.035843982639750915
grouped_physical_interpolation,blocks_3x3_g0,ringdown_plus_all_shooting,wq,0.001,2,-9.305779163632474,0.057263166423281574,0.08650876821797271,0.21814539589821552,0.32955721225894363
grouped_physical_interpolation,blocks_3x3_g0,ringdown_plus_all_shooting,k,0.005,2,0.7756995460943125,0.00010179300954040528,0.00013237625527783237,0.04071720381616211,0.05295050211113295
grouped_physical_interpolation,blocks_3x3_g0,ringdown_plus_all_shooting,wq,0.005,2,-12.69846856402773,0.06491421929261838,0.09973686681347362,0.24729226397187953,0.3799499688132328
grouped_physical_interpolation,blocks_3x3_g0,ringdown_plus_all_shooting,k,0.01,2,0.8113048977819662,9.984744728585367e-05,0.00012141583447303688,0.039938978914341464,0.04856633378921475
grouped_physical_interpolation,blocks_3x3_g0,ringdown_plus_all_shooting,wq,0.01,2,-10.223996858093964,0.06105986919170229,0.09028040121441754,0.2326090254921992,0.34392533795968583
grouped_physical_interpolation,blocks_3x3_g0,ringdown_plus_all_shooting,k,0.0,3,0.9145108882141627,6.181997996142224e-05,8.172415100977518e-05,0.024727991984568896,0.03268966040391007
grouped_physical_interpolation,blocks_3x3_g0,ringdown_plus_all_shooting,wq,0.0,3,-9.107146954219958,0.06261581501564109,0.08567103276280989,0.2385364381548232,0.32636583909641864
grouped_physical_interpolation,blocks_3x3_g0,ringdown_plus_all_shooting,k,0.001,3,0.8276742812069653,9.56772146611628e-05,0.0001160299391566928,0.03827088586446512,0.046411975662677116
grouped_physical_interpolation,blocks_3x3_g0,ringdown_plus_all_shooting,wq,0.001,3,-9.65449162271185,0.058608511800987466,0.08796017370853958,0.2232705211466189,0.3350863760325317
grouped_physical_interpolation,blocks_3x3_g0,ringdown_plus_all_shooting,k,0.005,3,0.8060223661733371,9.489780836834632e-05,0.00012310362562779393,0.03795912334733853,0.04924145025111757
grouped_physical_interpolation,blocks_3x3_g0,ringdown_plus_all_shooting,wq,0.005,3,-8.344507093982092,0.059119079661017905,0.08237547109053628,0.2252155415657825,0.3138113184401382
grouped_physical_interpolation,blocks_3x3_g0,ringdown_plus_all_shooting,k,0.01,3,0.791244855132579,0.000101458115501205,0.00012770667834051307,0.040583246200481995,0.051082671336205226
grouped_physical_interpolation,blocks_3x3_g0,ringdown_plus_all_shooting,wq,0.01,3,-7.90228929131832,0.058037622220499734,0.08040268718437865,0.22109570369714182,0.3062959511785853
grouped_physical_interpolation,blocks_3x3_g0,ringdown_plus_all_shooting,k,0.0,4,0.9145108882141627,6.181997996142224e-05,8.172415100977518e-05,0.024727991984568896,0.03268966040391007
grouped_physical_interpolation,blocks_3x3_g0,ringdown_plus_all_shooting,wq,0.0,4,-9.107146954219958,0.06261581501564109,0.08567103276280989,0.2385364381548232,0.32636583909641864
grouped_physical_interpolation,blocks_3x3_g0,ringdown_plus_all_shooting,k,0.001,4,0.896864436347279,7.25044542825918e-05,8.97633884741927e-05,0.02900178171303672,0.03590535538967708
grouped_physical_interpolation,blocks_3x3_g0,ringdown_plus_all_shooting,wq,0.001,4,-8.697402304498985,0.06092516253515954,0.08391651097422574,0.23209585727679824,0.319681946568479
grouped_physical_interpolation,blocks_3x3_g0,ringdown_plus_all_shooting,k,0.005,4,0.905255280292359,7.987870398624977e-05,8.603447696801235e-05,0.031951481594499904,0.03441379078720494
grouped_physical_interpolation,blocks_3x3_g0,ringdown_plus_all_shooting,wq,0.005,4,-9.009947153072998,0.059340324217467044,0.08525809106939898,0.22605837797130302,0.32479272788342467
grouped_physical_interpolation,blocks_3x3_g0,ringdown_plus_all_shooting,k,0.01,4,0.8627720444762093,9.161784041792752e-05,0.00010354194331427313,0.03664713616717101,0.04141677732570925
grouped_physical_interpolation,blocks_3x3_g0,ringdown_plus_all_shooting,wq,0.01,4,-10.309104647508848,0.06360849177109515,0.09062203775270514,0.24231806388988628,0.3452268104864957
grouped_physical_interpolation,blocks_3x3_g1,ringdown_plus_all_shooting,k,0.0,0,0.8514855781486853,8.767450200602728e-05,0.0001077157797499232,0.035069800802410914,0.043086311899969275
grouped_physical_interpolation,blocks_3x3_g1,ringdown_plus_all_shooting,wq,0.0,0,0.29216948145412436,0.019948361075151418,0.026832747820217405,0.0759937564767673,0.1022199916960663
grouped_physical_interpolation,blocks_3x3_g1,ringdown_plus_all_shooting,k,0.001,0,0.8325599305303216,9.812301932165217e-05,0.00011437331606331358,0.03924920772866087,0.045749326425325434
grouped_physical_interpolation,blocks_3x3_g1,ringdown_plus_all_shooting,wq,0.001,0,0.12276017929390459,0.026287224280986,0.02987168190987043,0.10014180678470856,0.11379688346617306
grouped_physical_interpolation,blocks_3x3_g1,ringdown_plus_all_shooting,k,0.005,0,0.8295611309785682,9.368093548021628e-05,0.00011539296617341698,0.03747237419208651,0.04615718646936679
grouped_physical_interpolation,blocks_3x3_g1,ringdown_plus_all_shooting,wq,0.005,0,-0.14492317786361775,0.02908294061646283,0.034126258877631856,0.11079215472938221,0.13000479572431184
grouped_physical_interpolation,blocks_3x3_g1,ringdown_plus_all_shooting,k,0.01,0,0.7726137984293453,0.00010235191403944129,0.00013328370867329362,0.04094076561577652,0.05331348346931745
grouped_physical_interpolation,blocks_3x3_g1,ringdown_plus_all_shooting,wq,0.01,0,-0.9318003375718618,0.03760400078941081,0.04432835611517616,0.1432533363406126,0.16886992805781392
grouped_physical_interpolation,blocks_3x3_g1,ringdown_plus_all_shooting,k,0.0,1,0.8514855781486853,8.767450200602728e-05,0.0001077157797499232,0.035069800802410914,0.043086311899969275
grouped_physical_interpolation,blocks_3x3_g1,ringdown_plus_all_shooting,wq,0.0,1,0.29216948145412436,0.019948361075151418,0.026832747820217405,0.0759937564767673,0.1022199916960663
grouped_physical_interpolation,blocks_3x3_g1,ringdown_plus_all_shooting,k,0.001,1,0.7710087373077354,0.00010840139283076558,0.00013375328929724744,0.04336055713230623,0.053501315718898976
grouped_physical_interpolation,blocks_3x3_g1,ringdown_plus_all_shooting,wq,0.001,1,0.03438463438204953,0.02725015218284559,0.031340259726340934,0.10381010355369748,0.11939146562415594
grouped_physical_interpolation,blocks_3x3_g1,ringdown_plus_all_shooting,k,0.005,1,0.7198648071828091,0.0001145179432576997,0.00014793769613875648,0.04580717730307988,0.05917507845550259
grouped_physical_interpolation,blocks_3x3_g1,ringdown_plus_all_shooting,wq,0.005,1,-0.23280235789908676,0.027401745584537923,0.035411737438672444,0.10438760222681114,0.13490185690922835
grouped_physical_interpolation,blocks_3x3_g1,ringdown_plus_all_shooting,k,0.01,1,0.8200280521380106,9.608644625557132e-05,0.00011857617141195749,0.03843457850222853,0.047430468564782995
grouped_physical_interpolation,blocks_3x3_g1,ringdown_plus_all_shooting,wq,0.01,1,-0.9594573279685239,0.03769438149306077,0.04464454614835926,0.14359764378308865,0.1700744615175591
grouped_physical_interpolation,blocks_3x3_g1,ringdown_plus_all_shooting,k,0.0,2,0.8514855781486853,8.767450200602728e-05,0.0001077157797499232,0.035069800802410914,0.043086311899969275
grouped_physical_interpolation,blocks_3x3_g1,ringdown_plus_all_shooting,wq,0.0,2,0.29216948145412436,0.019948361075151418,0.026832747820217405,0.0759937564767673,0.1022199916960663
grouped_physical_interpolation,blocks_3x3_g1,ringdown_plus_all_shooting,k,0.001,2,0.835125160922378,8.15839221671735e-05,0.00011349381834681226,0.0326335688668694,0.0453975273387249
grouped_physical_interpolation,blocks_3x3_g1,ringdown_plus_all_shooting,wq,0.001,2,-0.4771824208831237,0.030452627748001032,0.03876301708770939,0.11601001046857536,0.1476686365246072
grouped_physical_interpolation,blocks_3x3_g1,ringdown_plus_all_shooting,k,0.005,2,0.8420021078146988,8.93440060043688e-05,0.00011110168912746854,0.03573760240174752,0.044440675650987416
grouped_physical_interpolation,blocks_3x3_g1,ringdown_plus_all_shooting,wq,0.005,2,-0.8050309794483224,0.03800931672036958,0.04284921177113516,0.14479739702997935,0.16323509246146728
grouped_physical_interpolation,blocks_3x3_g1,ringdown_plus_all_shooting,k,0.01,2,0.8722637398794919,8.625978203276658e-05,9.989692348573455e-05,0.03450391281310663,0.03995876939429382
grouped_physical_interpolation,blocks_3x3_g1,ringdown_plus_all_shooting,wq,0.01,2,-0.8438345967183465,0.038125236886348716,0.043307337759892844,0.14523899766228082,0.1649803343234013
grouped_physical_interpolation,blocks_3x3_g1,ringdown_plus_all_shooting,k,0.0,3,0.8514855781486853,8.767450200602728e-05,0.0001077157797499232,0.035069800802410914,0.043086311899969275
grouped_physical_interpolation,blocks_3x3_g1,ringdown_plus_all_shooting,wq,0.0,3,0.29216948145412436,0.019948361075151418,0.026832747820217405,0.0759937564767673,0.1022199916960663
grouped_physical_interpolation,blocks_3x3_g1,ringdown_plus_all_shooting,k,0.001,3,0.8626356950512035,8.500388011123741e-05,0.00010359337007803505,0.03400155204449497,0.04143734803121402
grouped_physical_interpolation,blocks_3x3_g1,ringdown_plus_all_shooting,wq,0.001,3,-1.8821276435321597,0.04583175627373917,0.05414484474449405,0.1745971667571016,0.20626607521712018
grouped_physical_interpolation,blocks_3x3_g1,ringdown_plus_all_shooting,k,0.005,3,0.7781801799904475,0.0001116481448228728,0.00013164221753771198,0.04465925792914912,0.05265688701508479
grouped_physical_interpolation,blocks_3x3_g1,ringdown_plus_all_shooting,wq,0.005,3,-0.9336711116022456,0.03948608435074734,0.0443498149244493,0.15042317847903747,0.168951675902664
grouped_physical_interpolation,blocks_3x3_g1,ringdown_plus_all_shooting,k,0.01,3,0.7524727191588195,0.00010887574375178667,0.00013906138506327782,0.043550297500714666,0.05562455402531113
grouped_physical_interpolation,blocks_3x3_g1,ringdown_plus_all_shooting,wq,0.01,3,-2.238190265390387,0.045519223698234454,0.0573920435302384,0.1734065664694646,0.21863635630567008
grouped_physical_interpolation,blocks_3x3_g1,ringdown_plus_all_shooting,k,0.0,4,0.8514855781486853,8.767450200602728e-05,0.0001077157797499232,0.035069800802410914,0.043086311899969275
grouped_physical_interpolation,blocks_3x3_g1,ringdown_plus_all_shooting,wq,0.0,4,0.29216948145412436,0.019948361075151418,0.026832747820217405,0.0759937564767673,0.1022199916960663
grouped_physical_interpolation,blocks_3x3_g1,ringdown_plus_all_shooting,k,0.001,4,0.8304415109916935,8.781397049160408e-05,0.00011509455657751127,0.03512558819664163,0.046037822631004505
grouped_physical_interpolation,blocks_3x3_g1,ringdown_plus_all_shooting,wq,0.001,4,0.4280520465138121,0.02203379763140991,0.02412008103089065,0.08393827669108538,0.09188602297482151
grouped_physical_interpolation,blocks_3x3_g1,ringdown_plus_all_shooting,k,0.005,4,0.7657218490571494,0.0001107022188670496,0.00013528850853790282,0.04428088754681984,0.05411540341516113
grouped_physical_interpolation,blocks_3x3_g1,ringdown_plus_all_shooting,wq,0.005,4,-0.9465983069624793,0.03321673140060653,0.04449781416388219,0.12653992914516773,0.169515482529075
grouped_physical_interpolation,blocks_3x3_g1,ringdown_plus_all_shooting,k,0.01,4,0.804824415611031,0.00010155994855469948,0.00012348316699205687,0.04062397942187979,0.049393266796822745
grouped_physical_interpolation,blocks_3x3_g1,ringdown_plus_all_shooting,wq,0.01,4,-2.168720089827884,0.048166006537183614,0.056773078711408596,0.18348954871308043,0.21627839509108035
grouped_physical_interpolation,blocks_3x3_g2,ringdown_plus_all_shooting,k,0.0,0,0.47880415164075185,0.000149402956871077,0.000201788071136691,0.0597611827484308,0.0807152284546764
grouped_physical_interpolation,blocks_3x3_g2,ringdown_plus_all_shooting,wq,0.0,0,-18.771379840980202,0.07539104335666252,0.09076384155456262,0.28720397469204767,0.3457670154459528
grouped_physical_interpolation,blocks_3x3_g2,ringdown_plus_all_shooting,k,0.001,0,0.3172051570711465,0.00017219973636235263,0.00023096178710734096,0.06887989454494105,0.09238471484293638
grouped_physical_interpolation,blocks_3x3_g2,ringdown_plus_all_shooting,wq,0.001,0,-18.98907339745009,0.07130945149809385,0.09126215306615808,0.2716550533260718,0.34766534501393553
grouped_physical_interpolation,blocks_3x3_g2,ringdown_plus_all_shooting,k,0.005,0,0.47319889060572917,0.0001558670301332057,0.00020287024589975587,0.06234681205328228,0.08114809835990235
grouped_physical_interpolation,blocks_3x3_g2,ringdown_plus_all_shooting,wq,0.005,0,-18.657509866694188,0.07747893111136168,0.09050209451235133,0.29515783280518737,0.3447698838565765
grouped_physical_interpolation,blocks_3x3_g2,ringdown_plus_all_shooting,k,0.01,0,0.5271364651375894,0.00013251852969479482,0.0001922042238378903,0.05300741187791792,0.07688168953515612
grouped_physical_interpolation,blocks_3x3_g2,ringdown_plus_all_shooting,wq,0.01,0,-31.912244943501697,0.10666509827375444,0.11710437819793801,0.4063432315190645,0.44611191694452573
grouped_physical_interpolation,blocks_3x3_g2,ringdown_plus_all_shooting,k,0.0,1,0.47880415164075185,0.000149402956871077,0.000201788071136691,0.0597611827484308,0.0807152284546764
grouped_physical_interpolation,blocks_3x3_g2,ringdown_plus_all_shooting,wq,0.0,1,-18.771379840980202,0.07539104335666252,0.09076384155456262,0.28720397469204767,0.3457670154459528
grouped_physical_interpolation,blocks_3x3_g2,ringdown_plus_all_shooting,k,0.001,1,0.5348570981208367,0.0001481614435410471,0.0001906286683825642,0.05926457741641884,0.07625146735302568
grouped_physical_interpolation,blocks_3x3_g2,ringdown_plus_all_shooting,wq,0.001,1,-15.14521530103751,0.06795485080617315,0.08201934553566591,0.25887562211875487,0.3124546496596796
grouped_physical_interpolation,blocks_3x3_g2,ringdown_plus_all_shooting,k,0.005,1,0.4091290576763015,0.00017111264888181214,0.00021485295522528645,0.06844505955272485,0.08594118209011457
grouped_physical_interpolation,blocks_3x3_g2,ringdown_plus_all_shooting,wq,0.005,1,-18.426324720259842,0.07755731679449579,0.08996833869075793,0.29545644493141254,0.3427365283457445
grouped_physical_interpolation,blocks_3x3_g2,ringdown_plus_all_shooting,k,0.01,1,0.44894977558058446,0.0001661056450124976,0.00020748686412100126,0.06644225800499903,0.08299474564840051
grouped_physical_interpolation,blocks_3x3_g2,ringdown_plus_all_shooting,wq,0.01,1,-21.79287304366698,0.08847431704992746,0.09745270870971846,0.337045017333057,0.3712484141322608
grouped_physical_interpolation,blocks_3x3_g2,ringdown_plus_all_shooting,k,0.0,2,0.47880415164075185,0.000149402956871077,0.000201788071136691,0.0597611827484308,0.0807152284546764
grouped_physical_interpolation,blocks_3x3_g2,ringdown_plus_all_shooting,wq,0.0,2,-18.771379840980202,0.07539104335666252,0.09076384155456262,0.28720397469204767,0.3457670154459528
grouped_physical_interpolation,blocks_3x3_g2,ringdown_plus_all_shooting,k,0.001,2,0.4997304683983357,0.00015734336702392078,0.0001976956174435337,0.0629373468095683,0.07907824697741347
grouped_physical_interpolation,blocks_3x3_g2,ringdown_plus_all_shooting,wq,0.001,2,-18.94806873877194,0.07319298551006305,0.09116849953696528,0.27883042099071637,0.34730856966462964
grouped_physical_interpolation,blocks_3x3_g2,ringdown_plus_all_shooting,k,0.005,2,0.4240471956773275,0.0001684856825773983,0.00021212334345306928,0.06739427303095931,0.08484933738122771
grouped_physical_interpolation,blocks_3x3_g2,ringdown_plus_all_shooting,wq,0.005,2,-23.499179782496164,0.08923189330416749,0.10103460583404116,0.33993102211111426,0.38489373651063297
grouped_physical_interpolation,blocks_3x3_g2,ringdown_plus_all_shooting,k,0.01,2,0.48544560439743223,0.00015144267045187797,0.00020049828467209044,0.06057706818075118,0.08019931386883618
grouped_physical_interpolation,blocks_3x3_g2,ringdown_plus_all_shooting,wq,0.01,2,-24.02244310935408,0.0834267720910309,0.10210787414411711,0.3178162746324987,0.38898237769187466
grouped_physical_interpolation,blocks_3x3_g2,ringdown_plus_all_shooting,k,0.0,3,0.47880415164075185,0.000149402956871077,0.000201788071136691,0.0597611827484308,0.0807152284546764
grouped_physical_interpolation,blocks_3x3_g2,ringdown_plus_all_shooting,wq,0.0,3,-18.771379840980202,0.07539104335666252,0.09076384155456262,0.28720397469204767,0.3457670154459528
grouped_physical_interpolation,blocks_3x3_g2,ringdown_plus_all_shooting,k,0.001,3,0.4793807073490104,0.0001705344947999297,0.00020167642955575785,0.06821379791997188,0.08067057182230314
grouped_physical_interpolation,blocks_3x3_g2,ringdown_plus_all_shooting,wq,0.001,3,-18.996704498945522,0.07160437056664914,0.09127957168991298,0.2727785545396158,0.34773170167585893
grouped_physical_interpolation,blocks_3x3_g2,ringdown_plus_all_shooting,k,0.005,3,0.3800777360181842,0.0001808439674107476,0.0002200714131221485,0.07233758696429904,0.08802856524885941
grouped_physical_interpolation,blocks_3x3_g2,ringdown_plus_all_shooting,wq,0.005,3,-20.978221997481732,0.07865483527971816,0.09569531074692593,0.29963746773225963,0.364553564750194
grouped_physical_interpolation,blocks_3x3_g2,ringdown_plus_all_shooting,k,0.01,3,0.3647312100478116,0.00017888916859343004,0.0002227787562022347,0.07155566743737202,0.08911150248089388
grouped_physical_interpolation,blocks_3x3_g2,ringdown_plus_all_shooting,wq,0.01,3,-19.540752219347343,0.07780619802479805,0.09251295454184451,0.29640456390399256,0.3524303030165505
grouped_physical_interpolation,blocks_3x3_g2,ringdown_plus_all_shooting,k,0.0,4,0.47880415164075185,0.000149402956871077,0.000201788071136691,0.0597611827484308,0.0807152284546764
grouped_physical_interpolation,blocks_3x3_g2,ringdown_plus_all_shooting,wq,0.0,4,-18.771379840980202,0.07539104335666252,0.09076384155456262,0.28720397469204767,0.3457670154459528
grouped_physical_interpolation,blocks_3x3_g2,ringdown_plus_all_shooting,k,0.001,4,0.4588513923616824,0.00015865777751635532,0.00020561428688625595,0.06346311100654213,0.08224571475450237
grouped_physical_interpolation,blocks_3x3_g2,ringdown_plus_all_shooting,wq,0.001,4,-27.197248751667452,0.08311975639488467,0.10839212908015092,0.3166466910281321,0.412922396495813
grouped_physical_interpolation,blocks_3x3_g2,ringdown_plus_all_shooting,k,0.005,4,0.4931908453606937,0.00015695860483567198,0.00019898358024268188,0.0627834419342688,0.07959343209707274
grouped_physical_interpolation,blocks_3x3_g2,ringdown_plus_all_shooting,wq,0.005,4,-29.286475794530524,0.09011403830384006,0.11233594667063483,0.34329157449081926,0.4279464635071803
grouped_physical_interpolation,blocks_3x3_g2,ringdown_plus_all_shooting,k,0.01,4,0.5580558105750272,0.000140775694677212,0.00018581412701629014,0.056310277870884794,0.07432565080651606
grouped_physical_interpolation,blocks_3x3_g2,ringdown_plus_all_shooting,wq,0.01,4,-23.875793224689122,0.08003029075300584,0.10180822090391553,0.3048772981066889,0.38784084153872583
grouped_physical_interpolation,blocks_3x3_g3,ringdown_plus_all_shooting,k,0.0,0,0.828643590827662,9.938098822665117e-05,0.0001157031523623661,0.03975239529066047,0.04628126094494644
grouped_physical_interpolation,blocks_3x3_g3,ringdown_plus_all_shooting,wq,0.0,0,0.6660352486906198,0.013234469351244046,0.015572919111144232,0.050417026099977315,0.05932540613769231
grouped_physical_interpolation,blocks_3x3_g3,ringdown_plus_all_shooting,k,0.001,0,0.8471409033395269,9.680628569163206e-05,0.0001092799932585991,0.038722514276652825,0.04371199730343964
grouped_physical_interpolation,blocks_3x3_g3,ringdown_plus_all_shooting,wq,0.001,0,0.4658602833210225,0.017839976740580854,0.01969459924884845,0.06796181615459372,0.0750270447575179
grouped_physical_interpolation,blocks_3x3_g3,ringdown_plus_all_shooting,k,0.005,0,0.7985616058501503,0.0001107629294867057,0.0001254486928706593,0.044305171794682276,0.050179477148263714
grouped_physical_interpolation,blocks_3x3_g3,ringdown_plus_all_shooting,wq,0.005,0,0.4790169990223099,0.016693993101283548,0.019450532194855135,0.0635961641953659,0.07409726550421003
grouped_physical_interpolation,blocks_3x3_g3,ringdown_plus_all_shooting,k,0.01,0,0.8003463256157006,0.00012033617820791915,0.0001248917263523625,0.048134471283167654,0.049956690540945
grouped_physical_interpolation,blocks_3x3_g3,ringdown_plus_all_shooting,wq,0.01,0,0.4015605488683367,0.017870879069864454,0.020846340165656195,0.06807953931376934,0.07941462920249978
grouped_physical_interpolation,blocks_3x3_g3,ringdown_plus_all_shooting,k,0.0,1,0.828643590827662,9.938098822665117e-05,0.0001157031523623661,0.03975239529066047,0.04628126094494644
grouped_physical_interpolation,blocks_3x3_g3,ringdown_plus_all_shooting,wq,0.0,1,0.6660352486906198,0.013234469351244046,0.015572919111144232,0.050417026099977315,0.05932540613769231
grouped_physical_interpolation,blocks_3x3_g3,ringdown_plus_all_shooting,k,0.001,1,0.8454772575692661,0.00010382967169479069,0.00010987305972075725,0.04153186867791627,0.0439492238883029
grouped_physical_interpolation,blocks_3x3_g3,ringdown_plus_all_shooting,wq,0.001,1,0.33892237298351857,0.0191711381269088,0.021910179824253133,0.07303290715012876,0.0834673517114405
grouped_physical_interpolation,blocks_3x3_g3,ringdown_plus_all_shooting,k,0.005,1,0.8038312670813482,0.00012113091534872783,0.00012379693961996665,0.04845236613949113,0.04951877584798666
grouped_physical_interpolation,blocks_3x3_g3,ringdown_plus_all_shooting,wq,0.005,1,0.05407237759706929,0.022901390672312505,0.02620889229201853,0.08724339303738096,0.09984339920768963
grouped_physical_interpolation,blocks_3x3_g3,ringdown_plus_all_shooting,k,0.01,1,0.7674630161262133,0.00012982254830126212,0.00013478483544204664,0.051929019320504845,0.053913934176818654
grouped_physical_interpolation,blocks_3x3_g3,ringdown_plus_all_shooting,wq,0.01,1,0.2860458139388089,0.021134066413554434,0.022769572897974044,0.08051072919449308,0.08674123008752016
grouped_physical_interpolation,blocks_3x3_g3,ringdown_plus_all_shooting,k,0.0,2,0.828643590827662,9.938098822665117e-05,0.0001157031523623661,0.03975239529066047,0.04628126094494644
grouped_physical_interpolation,blocks_3x3_g3,ringdown_plus_all_shooting,wq,0.0,2,0.6660352486906198,0.013234469351244046,0.015572919111144232,0.050417026099977315,0.05932540613769231
grouped_physical_interpolation,blocks_3x3_g3,ringdown_plus_all_shooting,k,0.001,2,0.8612696559703081,8.437344970581892e-05,0.00010410719536765787,0.03374937988232757,0.04164287814706315
grouped_physical_interpolation,blocks_3x3_g3,ringdown_plus_all_shooting,wq,0.001,2,0.3856724875628984,0.0182109993489116,0.021121253787844504,0.06937523561490133,0.08046191919178859
grouped_physical_interpolation,blocks_3x3_g3,ringdown_plus_all_shooting,k,0.005,2,0.8249800399570031,0.00010138704775621658,0.00011693346132890761,0.04055481910248663,0.046773384531563045
grouped_physical_interpolation,blocks_3x3_g3,ringdown_plus_all_shooting,wq,0.005,2,0.4316850115011841,0.017926999276672462,0.020314880279952145,0.06829333057779985,0.07739002011410341
grouped_physical_interpolation,blocks_3x3_g3,ringdown_plus_all_shooting,k,0.01,2,0.8498955081657473,9.595197199082226e-05,0.00010829087415175388,0.038380788796328905,0.04331634966070155
grouped_physical_interpolation,blocks_3x3_g3,ringdown_plus_all_shooting,wq,0.01,2,0.4369535301621865,0.01815294908834323,0.020220497291467784,0.06915409176511707,0.07703046587225822
grouped_physical_interpolation,blocks_3x3_g3,ringdown_plus_all_shooting,k,0.0,3,0.828643590827662,9.938098822665117e-05,0.0001157031523623661,0.03975239529066047,0.04628126094494644
grouped_physical_interpolation,blocks_3x3_g3,ringdown_plus_all_shooting,wq,0.0,3,0.6660352486906198,0.013234469351244046,0.015572919111144232,0.050417026099977315,0.05932540613769231
grouped_physical_interpolation,blocks_3x3_g3,ringdown_plus_all_shooting,k,0.001,3,0.8660786246494792,9.112845095035292e-05,0.00010228688796350901,0.03645138038014117,0.040914755185403606
grouped_physical_interpolation,blocks_3x3_g3,ringdown_plus_all_shooting,wq,0.001,3,0.4558557436193722,0.017528327277305786,0.01987818540326056,0.06677458010402204,0.07572642058384975
grouped_physical_interpolation,blocks_3x3_g3,ringdown_plus_all_shooting,k,0.005,3,0.8674631172355335,9.001201519013632e-05,0.00010175678830414189,0.036004806076054524,0.04070271532165675
grouped_physical_interpolation,blocks_3x3_g3,ringdown_plus_all_shooting,wq,0.005,3,0.4828436447140182,0.017246417625903794,0.019378967985581367,0.0657006385748716,0.07382463994507187
grouped_physical_interpolation,blocks_3x3_g3,ringdown_plus_all_shooting,k,0.01,3,0.8619871859967076,8.998318147478298e-05,0.00010383761887681753,0.03599327258991319,0.04153504755072701
grouped_physical_interpolation,blocks_3x3_g3,ringdown_plus_all_shooting,wq,0.01,3,0.5721084633288321,0.015422483524322815,0.017627331036805693,0.05875231818789643,0.06715173728306931
grouped_physical_interpolation,blocks_3x3_g3,ringdown_plus_all_shooting,k,0.0,4,0.828643590827662,9.938098822665117e-05,0.0001157031523623661,0.03975239529066047,0.04628126094494644
grouped_physical_interpolation,blocks_3x3_g3,ringdown_plus_all_shooting,wq,0.0,4,0.6660352486906198,0.013234469351244046,0.015572919111144232,0.050417026099977315,0.05932540613769231
grouped_physical_interpolation,blocks_3x3_g3,ringdown_plus_all_shooting,k,0.001,4,0.8213616033399314,0.00011538108630908035,0.00011813604335285597,0.04615243452363214,0.047254417341142385
grouped_physical_interpolation,blocks_3x3_g3,ringdown_plus_all_shooting,wq,0.001,4,0.3739029463048831,0.01748049521298852,0.02132261877476026,0.06659236271614674,0.0812290239038486
grouped_physical_interpolation,blocks_3x3_g3,ringdown_plus_all_shooting,k,0.005,4,0.8088893990570625,0.00012004452695015143,0.0001221904893953167,0.04801781078006057,0.04887619575812668
grouped_physical_interpolation,blocks_3x3_g3,ringdown_plus_all_shooting,wq,0.005,4,0.3743635753356076,0.017460504835000265,0.02131477364568618,0.0665162088952391,0.08119913769785211
grouped_physical_interpolation,blocks_3x3_g3,ringdown_plus_all_shooting,k,0.01,4,0.8569652260627942,0.00010142548189536875,0.00010570994141443935,0.0405701927581475,0.04228397656577574
grouped_physical_interpolation,blocks_3x3_g3,ringdown_plus_all_shooting,wq,0.01,4,0.4980074515135644,0.01474765635935233,0.01909274391412673,0.05618154803562792,0.07273426253000659
grouped_physical_interpolation,blocks_3x3_g4,ringdown_plus_all_shooting,k,0.0,0,0.8871278132652551,8.091360727965763e-05,9.390494975586721e-05,0.03236544291186305,0.03756197990234689
grouped_physical_interpolation,blocks_3x3_g4,ringdown_plus_all_shooting,wq,0.0,0,0.7351200970592047,0.015152084005428265,0.01641439996687634,0.05772222478258387,0.06253104749286224
grouped_physical_interpolation,blocks_3x3_g4,ringdown_plus_all_shooting,k,0.001,0,0.8873081960527851,7.617665120904282e-05,9.382988427668535e-05,0.03047066048361713,0.03753195371067414
grouped_physical_interpolation,blocks_3x3_g4,ringdown_plus_all_shooting,wq,0.001,0,0.6194619254124947,0.018224383267402146,0.019674312510084755,0.06942622197105579,0.07494976194318001
grouped_physical_interpolation,blocks_3x3_g4,ringdown_plus_all_shooting,k,0.005,0,0.8828801445866225,7.524091290988796e-05,9.565557330427812e-05,0.030096365163955183,0.03826222932171125
grouped_physical_interpolation,blocks_3x3_g4,ringdown_plus_all_shooting,wq,0.005,0,0.5739120203244286,0.016107173214351497,0.020818534214162264,0.06136065986419618,0.07930870176823719
grouped_physical_interpolation,blocks_3x3_g4,ringdown_plus_all_shooting,k,0.01,0,0.9139052231667022,6.747786332850944e-05,8.201313577776056e-05,0.026991145331403774,0.032805254311104225
grouped_physical_interpolation,blocks_3x3_g4,ringdown_plus_all_shooting,wq,0.01,0,0.5276097547547525,0.019521155518815038,0.021920525828214056,0.074366306738343,0.08350676505986307
grouped_physical_interpolation,blocks_3x3_g4,ringdown_plus_all_shooting,k,0.0,1,0.8871278132652551,8.091360727965763e-05,9.390494975586721e-05,0.03236544291186305,0.03756197990234689
grouped_physical_interpolation,blocks_3x3_g4,ringdown_plus_all_shooting,wq,0.0,1,0.7351200970592047,0.015152084005428265,0.01641439996687634,0.05772222478258387,0.06253104749286224
grouped_physical_interpolation,blocks_3x3_g4,ringdown_plus_all_shooting,k,0.001,1,0.904287704568173,7.346922878812264e-05,8.64726724498063e-05,0.029387691515249056,0.03458906897992252
grouped_physical_interpolation,blocks_3x3_g4,ringdown_plus_all_shooting,wq,0.001,1,0.771586040227763,0.01346582321586711,0.01524269742223541,0.05129837415568423,0.05806741875137299
grouped_physical_interpolation,blocks_3x3_g4,ringdown_plus_all_shooting,k,0.005,1,0.8621163273096094,7.9647861026e-05,0.00010378902605254935,0.0318591444104,0.04151561042101974
grouped_physical_interpolation,blocks_3x3_g4,ringdown_plus_all_shooting,wq,0.005,1,0.7330346588061899,0.013010881732425414,0.016478889768293807,0.049565263742573,0.06277672292683355
grouped_physical_interpolation,blocks_3x3_g4,ringdown_plus_all_shooting,k,0.01,1,0.7767685126611366,0.00010349128250661436,0.00013206044051247408,0.04139651300264575,0.05282417620498963
grouped_physical_interpolation,blocks_3x3_g4,ringdown_plus_all_shooting,wq,0.01,1,0.5863390092141506,0.01840273725326287,0.02051269823950473,0.0701056657267157,0.0781436123409704
grouped_physical_interpolation,blocks_3x3_g4,ringdown_plus_all_shooting,k,0.0,2,0.8871278132652551,8.091360727965763e-05,9.390494975586721e-05,0.03236544291186305,0.03756197990234689
grouped_physical_interpolation,blocks_3x3_g4,ringdown_plus_all_shooting,wq,0.0,2,0.7351200970592047,0.015152084005428265,0.01641439996687634,0.05772222478258387,0.06253104749286224
grouped_physical_interpolation,blocks_3x3_g4,ringdown_plus_all_shooting,k,0.001,2,0.8006701146708641,0.00010963372143290028,0.00012479041345928276,0.043853488573160106,0.0499161653837131
grouped_physical_interpolation,blocks_3x3_g4,ringdown_plus_all_shooting,wq,0.001,2,0.7594120737370251,0.014917511532431614,0.01564362589828903,0.05682861536164424,0.059594765326815353
grouped_physical_interpolation,blocks_3x3_g4,ringdown_plus_all_shooting,k,0.005,2,0.7831154154816199,0.00010964505758141439,0.00013016953624215785,0.04385802303256576,0.05206781449686314
grouped_physical_interpolation,blocks_3x3_g4,ringdown_plus_all_shooting,wq,0.005,2,0.49748840652224857,0.019417252539675366,0.02260859375305438,0.07397048586542997,0.08612797620211192
grouped_physical_interpolation,blocks_3x3_g4,ringdown_plus_all_shooting,k,0.01,2,0.7549048109344184,0.00011300748964442799,0.0001383765212951553,0.0452029958577712,0.05535060851806212
grouped_physical_interpolation,blocks_3x3_g4,ringdown_plus_all_shooting,wq,0.01,2,0.3407814776290662,0.021304305919684782,0.02589495782433683,0.08115926064641822,0.09864745837842602
grouped_physical_interpolation,blocks_3x3_g4,ringdown_plus_all_shooting,k,0.0,3,0.8871278132652551,8.091360727965763e-05,9.390494975586721e-05,0.03236544291186305,0.03756197990234689
grouped_physical_interpolation,blocks_3x3_g4,ringdown_plus_all_shooting,wq,0.0,3,0.7351200970592047,0.015152084005428265,0.01641439996687634,0.05772222478258387,0.06253104749286224
grouped_physical_interpolation,blocks_3x3_g4,ringdown_plus_all_shooting,k,0.001,3,0.8456568023746143,8.758322708943752e-05,0.00010980920869618931,0.035033290835775006,0.04392368347847572
grouped_physical_interpolation,blocks_3x3_g4,ringdown_plus_all_shooting,wq,0.001,3,0.6791169114913244,0.014217794958797818,0.018066495692093086,0.05416302841446787,0.06882474549368794
grouped_physical_interpolation,blocks_3x3_g4,ringdown_plus_all_shooting,k,0.005,3,0.859680391673447,8.61257269600842e-05,0.00010470181183013004,0.03445029078403368,0.04188072473205202
grouped_physical_interpolation,blocks_3x3_g4,ringdown_plus_all_shooting,wq,0.005,3,0.6510361781522405,0.015464000946655367,0.018840425619814628,0.05891047979678235,0.0717730499802462
grouped_physical_interpolation,blocks_3x3_g4,ringdown_plus_all_shooting,k,0.01,3,0.8823541875766269,8.11103099673912e-05,9.587011575864517e-05,0.03244412398695648,0.03834804630345807
grouped_physical_interpolation,blocks_3x3_g4,ringdown_plus_all_shooting,wq,0.01,3,0.5002605921478409,0.019195900133005216,0.022546145544740402,0.07312723860192463,0.08589007826567772
grouped_physical_interpolation,blocks_3x3_g4,ringdown_plus_all_shooting,k,0.0,4,0.8871278132652551,8.091360727965763e-05,9.390494975586721e-05,0.03236544291186305,0.03756197990234689
grouped_physical_interpolation,blocks_3x3_g4,ringdown_plus_all_shooting,wq,0.0,4,0.7351200970592047,0.015152084005428265,0.01641439996687634,0.05772222478258387,0.06253104749286224
grouped_physical_interpolation,blocks_3x3_g4,ringdown_plus_all_shooting,k,0.001,4,0.8572404423991264,8.732627488024549e-05,0.000105608193041867,0.0349305099520982,0.042243277216746804
grouped_physical_interpolation,blocks_3x3_g4,ringdown_plus_all_shooting,wq,0.001,4,0.5406035660985576,0.016508380180148594,0.021616944976317137,0.06288906735294703,0.08235026657644623
grouped_physical_interpolation,blocks_3x3_g4,ringdown_plus_all_shooting,k,0.005,4,0.8101869109276044,0.00010038671718019915,0.0001217749875129573,0.04015468687207966,0.04870999500518292
grouped_physical_interpolation,blocks_3x3_g4,ringdown_plus_all_shooting,wq,0.005,4,0.6043485981097867,0.018931909655568423,0.020061197879493654,0.0721215605926416,0.07642361096949964
grouped_physical_interpolation,blocks_3x3_g4,ringdown_plus_all_shooting,k,0.01,4,0.8363789096476013,8.919795764210225e-05,0.00011306147745267242,0.035679183056840896,0.045224590981068964
grouped_physical_interpolation,blocks_3x3_g4,ringdown_plus_all_shooting,wq,0.01,4,0.5422743749915151,0.01941876697651529,0.02157759912938225,0.07397625514862967,0.08220037763574191
grouped_physical_interpolation,blocks_3x3_g5,ringdown_plus_all_shooting,k,0.0,0,0.6477677303289927,0.00014120017887073776,0.00016588594294890524,0.056480071548295104,0.0663543771795621
grouped_physical_interpolation,blocks_3x3_g5,ringdown_plus_all_shooting,wq,0.0,0,0.5249781232486935,0.011328783646420074,0.014068609809775482,0.04315727103398123,0.053594704037239926
grouped_physical_interpolation,blocks_3x3_g5,ringdown_plus_all_shooting,k,0.001,0,0.7166436970563694,0.00012828637360931124,0.00014878578953472386,0.051314549443724496,0.059514315813889544
grouped_physical_interpolation,blocks_3x3_g5,ringdown_plus_all_shooting,wq,0.001,0,0.029678035211990972,0.017261538678491922,0.020107232993668477,0.06575824258473113,0.07659898283302276
grouped_physical_interpolation,blocks_3x3_g5,ringdown_plus_all_shooting,k,0.005,0,0.7447745371556797,0.00013429754921446727,0.00014120725648745014,0.053719019685786906,0.05648290259498005
grouped_physical_interpolation,blocks_3x3_g5,ringdown_plus_all_shooting,wq,0.005,0,0.010629340134509668,0.01638156915868284,0.02030363945069834,0.062405977747363194,0.07734719790742225
grouped_physical_interpolation,blocks_3x3_g5,ringdown_plus_all_shooting,k,0.01,0,0.7580827644861354,0.00012981259731455254,0.00013747648535120712,0.05192503892582102,0.05499059414048285
grouped_physical_interpolation,blocks_3x3_g5,ringdown_plus_all_shooting,wq,0.01,0,-2.995959598968219,0.03450379354878109,0.040804205251870264,0.13144302304297556,0.15544459143569625
grouped_physical_interpolation,blocks_3x3_g5,ringdown_plus_all_shooting,k,0.0,1,0.6477677303289927,0.00014120017887073776,0.00016588594294890524,0.056480071548295104,0.0663543771795621
grouped_physical_interpolation,blocks_3x3_g5,ringdown_plus_all_shooting,wq,0.0,1,0.5249781232486935,0.011328783646420074,0.014068609809775482,0.04315727103398123,0.053594704037239926
grouped_physical_interpolation,blocks_3x3_g5,ringdown_plus_all_shooting,k,0.001,1,0.5735994985058117,0.0001604309236173077,0.00018251722981470396,0.06417236944692307,0.07300689192588158
grouped_physical_interpolation,blocks_3x3_g5,ringdown_plus_all_shooting,wq,0.001,1,0.43114932519974325,0.013241651713000208,0.015395490070150637,0.05044438747809603,0.05864948598152623
grouped_physical_interpolation,blocks_3x3_g5,ringdown_plus_all_shooting,k,0.005,1,0.6267178352135456,0.00016244445201387016,0.00017077080875823523,0.06497778080554806,0.06830832350329409
grouped_physical_interpolation,blocks_3x3_g5,ringdown_plus_all_shooting,wq,0.005,1,0.4682776431015414,0.012129653487338299,0.014884588742757533,0.04620820376128876,0.05670319521050489
grouped_physical_interpolation,blocks_3x3_g5,ringdown_plus_all_shooting,k,0.01,1,0.6454987605875699,0.00015483347332005833,0.00016641937786536788,0.06193338932802333,0.06656775114614714
grouped_physical_interpolation,blocks_3x3_g5,ringdown_plus_all_shooting,wq,0.01,1,-1.1361268079790166,0.02250938356671672,0.0298337533116087,0.08575003263511131,0.11365239356803314
grouped_physical_interpolation,blocks_3x3_g5,ringdown_plus_all_shooting,k,0.0,2,0.6477677303289927,0.00014120017887073776,0.00016588594294890524,0.056480071548295104,0.0663543771795621
grouped_physical_interpolation,blocks_3x3_g5,ringdown_plus_all_shooting,wq,0.0,2,0.5249781232486935,0.011328783646420074,0.014068609809775482,0.04315727103398123,0.053594704037239926
grouped_physical_interpolation,blocks_3x3_g5,ringdown_plus_all_shooting,k,0.001,2,0.6481561687570196,0.00014366835382865627,0.00016579444898987976,0.057467341531462504,0.0663177795959519
grouped_physical_interpolation,blocks_3x3_g5,ringdown_plus_all_shooting,wq,0.001,2,0.27918761596134367,0.01422954832815182,0.017330276782251342,0.05420780315486407,0.06602010202762416
grouped_physical_interpolation,blocks_3x3_g5,ringdown_plus_all_shooting,k,0.005,2,0.6095672428299248,0.00015766407643013304,0.0001746498186483803,0.06306563057205322,0.06985992745935211
grouped_physical_interpolation,blocks_3x3_g5,ringdown_plus_all_shooting,wq,0.005,2,0.22384403499690497,0.014408459638274454,0.017983278865415214,0.05488937005056935,0.06850772901110558
grouped_physical_interpolation,blocks_3x3_g5,ringdown_plus_all_shooting,k,0.01,2,0.7207160602269143,0.00013101101290661127,0.0001477127543402137,0.0524044051626445,0.05908510173608548
grouped_physical_interpolation,blocks_3x3_g5,ringdown_plus_all_shooting,wq,0.01,2,-0.48210782680178443,0.023855835236445456,0.024850451260169836,0.09087937232931602,0.09466838575302794
grouped_physical_interpolation,blocks_3x3_g5,ringdown_plus_all_shooting,k,0.0,3,0.6477677303289927,0.00014120017887073776,0.00016588594294890524,0.056480071548295104,0.0663543771795621
grouped_physical_interpolation,blocks_3x3_g5,ringdown_plus_all_shooting,wq,0.0,3,0.5249781232486935,0.011328783646420074,0.014068609809775482,0.04315727103398123,0.053594704037239926
grouped_physical_interpolation,blocks_3x3_g5,ringdown_plus_all_shooting,k,0.001,3,0.6976443715070717,0.00013254287129600847,0.000153692984472324,0.05301714851840338,0.0614771937889296
grouped_physical_interpolation,blocks_3x3_g5,ringdown_plus_all_shooting,wq,0.001,3,0.5389474764927563,0.013186195481314902,0.013860202672689101,0.050233125643104386,0.05280077208643467
grouped_physical_interpolation,blocks_3x3_g5,ringdown_plus_all_shooting,k,0.005,3,0.7127746375976414,0.00012819701682147017,0.0001497981356281989,0.05127880672858807,0.05991925425127956
grouped_physical_interpolation,blocks_3x3_g5,ringdown_plus_all_shooting,wq,0.005,3,0.7117778473892453,0.009179281137086817,0.0109586752660992,0.03496869004604501,0.041747334347044564
grouped_physical_interpolation,blocks_3x3_g5,ringdown_plus_all_shooting,k,0.01,3,0.651299665635354,0.00014285657696249792,0.0001650521542490069,0.05714263078499917,0.06602086169960276
grouped_physical_interpolation,blocks_3x3_g5,ringdown_plus_all_shooting,wq,0.01,3,0.017636790533567148,0.014702411383620065,0.020231609030038785,0.05600918622331453,0.07707279630490965
grouped_physical_interpolation,blocks_3x3_g5,ringdown_plus_all_shooting,k,0.0,4,0.6477677303289927,0.00014120017887073776,0.00016588594294890524,0.056480071548295104,0.0663543771795621
grouped_physical_interpolation,blocks_3x3_g5,ringdown_plus_all_shooting,wq,0.0,4,0.5249781232486935,0.011328783646420074,0.014068609809775482,0.04315727103398123,0.053594704037239926
grouped_physical_interpolation,blocks_3x3_g5,ringdown_plus_all_shooting,k,0.001,4,0.7032689246077719,0.00012901958208214834,0.0001522567412793858,0.051607832832859336,0.06090269651175432
grouped_physical_interpolation,blocks_3x3_g5,ringdown_plus_all_shooting,wq,0.001,4,0.27013591096896605,0.014227820106331371,0.017438751018816225,0.054201219452690935,0.066433337214538
grouped_physical_interpolation,blocks_3x3_g5,ringdown_plus_all_shooting,k,0.005,4,0.7439016867492811,0.00012276546838551356,0.00014144850908621274,0.049106187354205424,0.0565794036344851
grouped_physical_interpolation,blocks_3x3_g5,ringdown_plus_all_shooting,wq,0.005,4,0.23890028635558547,0.014909425869507387,0.017808000468474066,0.05679781283621861,0.06784000178466311
grouped_physical_interpolation,blocks_3x3_g5,ringdown_plus_all_shooting,k,0.01,4,0.7076194815047017,0.00013079682057872048,0.00015113645492549168,0.05231872823148819,0.06045458197019667
grouped_physical_interpolation,blocks_3x3_g5,ringdown_plus_all_shooting,wq,0.01,4,0.311320448379641,0.014489595222258964,0.01693959306403638,0.055198457989557956,0.06453178310109096
grouped_physical_interpolation,blocks_3x3_g6,ringdown_plus_all_shooting,k,0.0,0,-3.4395591213502,0.0003707194204160584,0.00043009490819615425,0.14828776816642336,0.1720379632784617
grouped_physical_interpolation,blocks_3x3_g6,ringdown_plus_all_shooting,wq,0.0,0,-0.08333360640641252,0.024279770309621446,0.028047930337453716,0.09249436308427217,0.1068492584283951
grouped_physical_interpolation,blocks_3x3_g6,ringdown_plus_all_shooting,k,0.001,0,-3.412837420074604,0.0003732391969644639,0.00042879858422858845,0.14929567878578556,0.17151943369143538
grouped_physical_interpolation,blocks_3x3_g6,ringdown_plus_all_shooting,wq,0.001,0,-0.6459414462987478,0.028830162490336837,0.034572190937210985,0.10982919043937842,0.1317035845227085
grouped_physical_interpolation,blocks_3x3_g6,ringdown_plus_all_shooting,k,0.005,0,-3.4102268770323496,0.0003764979252246367,0.0004286717312929338,0.15059917008985468,0.1714686925171735
grouped_physical_interpolation,blocks_3x3_g6,ringdown_plus_all_shooting,wq,0.005,0,-0.059867960310646895,0.024604176218838758,0.027742499959290044,0.09373019511938574,0.10568571413062873
grouped_physical_interpolation,blocks_3x3_g6,ringdown_plus_all_shooting,k,0.01,0,-3.5903163180936772,0.0003818849311952546,0.0004373364607719895,0.15275397247810185,0.1749345843087958
grouped_physical_interpolation,blocks_3x3_g6,ringdown_plus_all_shooting,wq,0.01,0,0.047211486377245926,0.02260471112043741,0.02630376819803388,0.08611318522071394,0.10020483123060525
grouped_physical_interpolation,blocks_3x3_g6,ringdown_plus_all_shooting,k,0.0,1,-3.4395591213502,0.0003707194204160584,0.00043009490819615425,0.14828776816642336,0.1720379632784617
grouped_physical_interpolation,blocks_3x3_g6,ringdown_plus_all_shooting,wq,0.0,1,-0.08333360640641252,0.024279770309621446,0.028047930337453716,0.09249436308427217,0.1068492584283951
grouped_physical_interpolation,blocks_3x3_g6,ringdown_plus_all_shooting,k,0.001,1,-3.6764108971420297,0.0003828732256034603,0.00044141868339206555,0.1531492902413841,0.1765674733568262
grouped_physical_interpolation,blocks_3x3_g6,ringdown_plus_all_shooting,wq,0.001,1,-0.028636070480767994,0.023556620779916937,0.027330689416728064,0.0897395077330169,0.10411691206372595
grouped_physical_interpolation,blocks_3x3_g6,ringdown_plus_all_shooting,k,0.005,1,-3.3057667238053714,0.00036828726097223446,0.00042356457220266174,0.14731490438889377,0.1694258288810647
grouped_physical_interpolation,blocks_3x3_g6,ringdown_plus_all_shooting,wq,0.005,1,-0.06268362234776426,0.02428528726639261,0.02777932610003468,0.09251538006244803,0.1058260041906083
grouped_physical_interpolation,blocks_3x3_g6,ringdown_plus_all_shooting,k,0.01,1,-3.534352809947415,0.0003798017463666128,0.0004346623598623906,0.1519206985466451,0.17386494394495622
grouped_physical_interpolation,blocks_3x3_g6,ringdown_plus_all_shooting,wq,0.01,1,-0.00968724102822427,0.02404780986289153,0.027077785673519216,0.09161070423958677,0.10315346923245415
grouped_physical_interpolation,blocks_3x3_g6,ringdown_plus_all_shooting,k,0.0,2,-3.4395591213502,0.0003707194204160584,0.00043009490819615425,0.14828776816642336,0.1720379632784617
grouped_physical_interpolation,blocks_3x3_g6,ringdown_plus_all_shooting,wq,0.0,2,-0.08333360640641252,0.024279770309621446,0.028047930337453716,0.09249436308427217,0.1068492584283951
grouped_physical_interpolation,blocks_3x3_g6,ringdown_plus_all_shooting,k,0.001,2,-3.436802147457037,0.00037120311570361234,0.00042996134261587195,0.14848124628144493,0.17198453704634878
grouped_physical_interpolation,blocks_3x3_g6,ringdown_plus_all_shooting,wq,0.001,2,-1.2899099503215985,0.033036362361708475,0.040778281010927765,0.12585280899698467,0.15534583242258196
grouped_physical_interpolation,blocks_3x3_g6,ringdown_plus_all_shooting,k,0.005,2,-3.2109614524144092,0.0003641450468336912,0.0004188755509503195,0.14565801873347647,0.16755022038012782
grouped_physical_interpolation,blocks_3x3_g6,ringdown_plus_all_shooting,wq,0.005,2,-1.096118538319597,0.030875463447146284,0.03901464249732145,0.11762081313198584,0.14862720951360553
grouped_physical_interpolation,blocks_3x3_g6,ringdown_plus_all_shooting,k,0.01,2,-4.287843597604008,0.0004187165675212081,0.00046938983432412944,0.16748662700848324,0.18775593372965177
grouped_physical_interpolation,blocks_3x3_g6,ringdown_plus_all_shooting,wq,0.01,2,-1.2259118725162539,0.03151624946275398,0.04020441018159437,0.12006190271525324,0.1531596578346452
grouped_physical_interpolation,blocks_3x3_g6,ringdown_plus_all_shooting,k,0.0,3,-3.4395591213502,0.0003707194204160584,0.00043009490819615425,0.14828776816642336,0.1720379632784617
grouped_physical_interpolation,blocks_3x3_g6,ringdown_plus_all_shooting,wq,0.0,3,-0.08333360640641252,0.024279770309621446,0.028047930337453716,0.09249436308427217,0.1068492584283951
grouped_physical_interpolation,blocks_3x3_g6,ringdown_plus_all_shooting,k,0.001,3,-3.632686068036924,0.00038356808437814877,0.00043935018626171674,0.1534272337512595,0.1757400745046867
grouped_physical_interpolation,blocks_3x3_g6,ringdown_plus_all_shooting,wq,0.001,3,-0.47896875450384213,0.027124346738987327,0.032771718196098136,0.10333084471995171,0.12484464074704052
grouped_physical_interpolation,blocks_3x3_g6,ringdown_plus_all_shooting,k,0.005,3,-3.1671152915135723,0.0003591496706255272,0.00041668909730525173,0.14365986825021088,0.1666756389221007
grouped_physical_interpolation,blocks_3x3_g6,ringdown_plus_all_shooting,wq,0.005,3,-0.45255625243001685,0.027549264308869188,0.03247776927946374,0.10494957831950166,0.12372483535033806
grouped_physical_interpolation,blocks_3x3_g6,ringdown_plus_all_shooting,k,0.01,3,-3.579757151639215,0.00038648862914965587,0.00043683316569559366,0.15459545165986235,0.17473326627823746
grouped_physical_interpolation,blocks_3x3_g6,ringdown_plus_all_shooting,wq,0.01,3,-0.7357019192672167,0.029348307636264715,0.03550236495158278,0.11180307670957987,0.1352471045774582
grouped_physical_interpolation,blocks_3x3_g6,ringdown_plus_all_shooting,k,0.0,4,-3.4395591213502,0.0003707194204160584,0.00043009490819615425,0.14828776816642336,0.1720379632784617
grouped_physical_interpolation,blocks_3x3_g6,ringdown_plus_all_shooting,wq,0.0,4,-0.08333360640641252,0.024279770309621446,0.028047930337453716,0.09249436308427217,0.1068492584283951
grouped_physical_interpolation,blocks_3x3_g6,ringdown_plus_all_shooting,k,0.001,4,-3.694801833359329,0.0003837665317609783,0.00044228581602470446,0.1535066127043913,0.17691432640988178
grouped_physical_interpolation,blocks_3x3_g6,ringdown_plus_all_shooting,wq,0.001,4,-0.4127471981143336,0.026484271495633538,0.032029631308456895,0.1008924628405087,0.12201764307983579
grouped_physical_interpolation,blocks_3x3_g6,ringdown_plus_all_shooting,k,0.005,4,-4.026865345635664,0.00040163910880958235,0.00045766005149545154,0.16065564352383294,0.1830640205981806
grouped_physical_interpolation,blocks_3x3_g6,ringdown_plus_all_shooting,wq,0.005,4,-0.04518819995536272,0.023425218956568905,0.02754970553181033,0.08923892935835773,0.10495125916880126
grouped_physical_interpolation,blocks_3x3_g6,ringdown_plus_all_shooting,k,0.01,4,-4.026953246539721,0.00040275078013998837,0.00045766405285153043,0.16110031205599534,0.18306562114061217
grouped_physical_interpolation,blocks_3x3_g6,ringdown_plus_all_shooting,wq,0.01,4,-0.0645744222125526,0.023615977307093094,0.02780402856161551,0.08996562783654512,0.10592010880615431
grouped_physical_interpolation,blocks_3x3_g7,ringdown_plus_all_shooting,k,0.0,0,-0.4290535528029664,0.00021255995430470196,0.0002440161839580665,0.08502398172188078,0.0976064735832266
grouped_physical_interpolation,blocks_3x3_g7,ringdown_plus_all_shooting,wq,0.0,0,0.7493189179441064,0.01518855810970369,0.015968395760179818,0.05786117375125215,0.060831983848304065
grouped_physical_interpolation,blocks_3x3_g7,ringdown_plus_all_shooting,k,0.001,0,-0.38684027176511826,0.00021022272575927606,0.00024038513124473112,0.08408909030371042,0.09615405249789244
grouped_physical_interpolation,blocks_3x3_g7,ringdown_plus_all_shooting,wq,0.001,0,0.7793136849028051,0.012060719326244232,0.014982635320194095,0.04594559743331136,0.05707670598169179
grouped_physical_interpolation,blocks_3x3_g7,ringdown_plus_all_shooting,k,0.005,0,-0.3650231258705585,0.00020749550452579268,0.00023848682055396678,0.08299820181031707,0.0953947282215867
grouped_physical_interpolation,blocks_3x3_g7,ringdown_plus_all_shooting,wq,0.005,0,0.8313271984654272,0.011562892909345321,0.013098544396647588,0.04404911584512503,0.04989921674913367
grouped_physical_interpolation,blocks_3x3_g7,ringdown_plus_all_shooting,k,0.01,0,-0.3965691029703504,0.00020585638626506947,0.00024122682125010743,0.08234255450602779,0.09649072850004296
grouped_physical_interpolation,blocks_3x3_g7,ringdown_plus_all_shooting,wq,0.01,0,0.6878520365186784,0.015636569927084648,0.01781889465156737,0.059567885436512945,0.06788150343454237
grouped_physical_interpolation,blocks_3x3_g7,ringdown_plus_all_shooting,k,0.0,1,-0.4290535528029664,0.00021255995430470196,0.0002440161839580665,0.08502398172188078,0.0976064735832266
grouped_physical_interpolation,blocks_3x3_g7,ringdown_plus_all_shooting,wq,0.0,1,0.7493189179441064,0.01518855810970369,0.015968395760179818,0.05786117375125215,0.060831983848304065
grouped_physical_interpolation,blocks_3x3_g7,ringdown_plus_all_shooting,k,0.001,1,-0.4839964639553511,0.00021271176096418108,0.0002486627957659522,0.08508470438567242,0.09946511830638087
grouped_physical_interpolation,blocks_3x3_g7,ringdown_plus_all_shooting,wq,0.001,1,0.6017103017045432,0.013152204598406167,0.020127973134046788,0.050103636565356824,0.0766779928916068
grouped_physical_interpolation,blocks_3x3_g7,ringdown_plus_all_shooting,k,0.005,1,-0.419848064548638,0.0002119609173990576,0.0002432289785836793,0.08478436695962303,0.09729159143347171
grouped_physical_interpolation,blocks_3x3_g7,ringdown_plus_all_shooting,wq,0.005,1,0.7659469915651265,0.011716680552206196,0.015429704939413053,0.04463497353221408,0.058779828340621156
grouped_physical_interpolation,blocks_3x3_g7,ringdown_plus_all_shooting,k,0.01,1,-0.3154831813831873,0.0002032246042405958,0.00023411919875204485,0.08128984169623832,0.09364767950081794
grouped_physical_interpolation,blocks_3x3_g7,ringdown_plus_all_shooting,wq,0.01,1,0.7246388741840866,0.014684297383372949,0.016736005950222232,0.05594018050808742,0.06375621314370374
grouped_physical_interpolation,blocks_3x3_g7,ringdown_plus_all_shooting,k,0.0,2,-0.4290535528029664,0.00021255995430470196,0.0002440161839580665,0.08502398172188078,0.0976064735832266
grouped_physical_interpolation,blocks_3x3_g7,ringdown_plus_all_shooting,wq,0.0,2,0.7493189179441064,0.01518855810970369,0.015968395760179818,0.05786117375125215,0.060831983848304065
grouped_physical_interpolation,blocks_3x3_g7,ringdown_plus_all_shooting,k,0.001,2,-0.3563312497898272,0.00019507920976094854,0.0002377263175893156,0.07803168390437941,0.09509052703572625
grouped_physical_interpolation,blocks_3x3_g7,ringdown_plus_all_shooting,wq,0.001,2,0.4306738438477371,0.019984428740071353,0.024064734560371302,0.07613115710503372,0.09167517927760496
grouped_physical_interpolation,blocks_3x3_g7,ringdown_plus_all_shooting,k,0.005,2,-0.3576199827662141,0.00019554984339747823,0.00023783922990525678,0.0782199373589913,0.09513569196210271
grouped_physical_interpolation,blocks_3x3_g7,ringdown_plus_all_shooting,wq,0.005,2,0.6049216392767558,0.017715981417112076,0.02004666481108951,0.06748945301756981,0.0763682468993886
grouped_physical_interpolation,blocks_3x3_g7,ringdown_plus_all_shooting,k,0.01,2,-0.3184215206402503,0.00019055021612496105,0.00023438052399181358,0.07622008644998442,0.09375220959672544
grouped_physical_interpolation,blocks_3x3_g7,ringdown_plus_all_shooting,wq,0.01,2,0.850433771537761,0.011177836425691525,0.012334378704009925,0.04258223400263438,0.04698810934860924
grouped_physical_interpolation,blocks_3x3_g7,ringdown_plus_all_shooting,k,0.0,3,-0.4290535528029664,0.00021255995430470196,0.0002440161839580665,0.08502398172188078,0.0976064735832266
grouped_physical_interpolation,blocks_3x3_g7,ringdown_plus_all_shooting,wq,0.0,3,0.7493189179441064,0.01518855810970369,0.015968395760179818,0.05786117375125215,0.060831983848304065
grouped_physical_interpolation,blocks_3x3_g7,ringdown_plus_all_shooting,k,0.001,3,-0.44081251104237973,0.00021353283462029616,0.0002450180700004917,0.08541313384811847,0.09800722800019666
grouped_physical_interpolation,blocks_3x3_g7,ringdown_plus_all_shooting,wq,0.001,3,0.6723698360973603,0.014294075167834383,0.018255445964005256,0.05445361968698813,0.06954455605335336
grouped_physical_interpolation,blocks_3x3_g7,ringdown_plus_all_shooting,k,0.005,3,-0.3729957840643927,0.00020871039521880327,0.0002391822687185438,0.0834841580875213,0.09567290748741752
grouped_physical_interpolation,blocks_3x3_g7,ringdown_plus_all_shooting,wq,0.005,3,0.7082535079329492,0.014997602936942264,0.017226749110016457,0.05713372547406576,0.06562571089530078
grouped_physical_interpolation,blocks_3x3_g7,ringdown_plus_all_shooting,k,0.01,3,-0.5443043720658238,0.00021313349401715589,0.00025366516414900703,0.08525339760686235,0.10146606565960281
grouped_physical_interpolation,blocks_3x3_g7,ringdown_plus_all_shooting,wq,0.01,3,0.687269859578167,0.014003537616109249,0.017835503629287645,0.05334680996613047,0.0679447757306196
grouped_physical_interpolation,blocks_3x3_g7,ringdown_plus_all_shooting,k,0.0,4,-0.4290535528029664,0.00021255995430470196,0.0002440161839580665,0.08502398172188078,0.0976064735832266
grouped_physical_interpolation,blocks_3x3_g7,ringdown_plus_all_shooting,wq,0.0,4,0.7493189179441064,0.01518855810970369,0.015968395760179818,0.05786117375125215,0.060831983848304065
grouped_physical_interpolation,blocks_3x3_g7,ringdown_plus_all_shooting,k,0.001,4,-0.1250465079625247,0.00019088039824811446,0.00021651082613063918,0.07635215929924578,0.08660433045225567
grouped_physical_interpolation,blocks_3x3_g7,ringdown_plus_all_shooting,wq,0.001,4,0.07706969475589298,0.02214932075281727,0.030639731883054862,0.08437836477263722,0.11672278812592328
grouped_physical_interpolation,blocks_3x3_g7,ringdown_plus_all_shooting,k,0.005,4,-0.3822841942787014,0.00021024569731255033,0.00023998994720948744,0.08409827892502013,0.09599597888379498
grouped_physical_interpolation,blocks_3x3_g7,ringdown_plus_all_shooting,wq,0.005,4,0.416084753890842,0.016526439203267396,0.024371115883390696,0.06295786363149485,0.09284234622244074
grouped_physical_interpolation,blocks_3x3_g7,ringdown_plus_all_shooting,k,0.01,4,-0.28326559234335336,0.00020496186503137537,0.00023123451230509052,0.08198474601255014,0.09249380492203621
grouped_physical_interpolation,blocks_3x3_g7,ringdown_plus_all_shooting,wq,0.01,4,0.7389954086674039,0.012140449030192318,0.016293882525233963,0.04624932963882788,0.06207193342946271
grouped_physical_interpolation,blocks_3x3_g8,ringdown_plus_all_shooting,k,0.0,0,-0.585308998007303,0.00023143234152002177,0.00025701078106499275,0.09257293660800871,0.1028043124259971
grouped_physical_interpolation,blocks_3x3_g8,ringdown_plus_all_shooting,wq,0.0,0,0.2210877481764384,0.016272358018246558,0.018015181697478115,0.06198993530760593,0.06862926360944044
grouped_physical_interpolation,blocks_3x3_g8,ringdown_plus_all_shooting,k,0.001,0,-0.6851372495867627,0.0002458719903972702,0.00026497934271583345,0.09834879615890808,0.10599173708633337
grouped_physical_interpolation,blocks_3x3_g8,ringdown_plus_all_shooting,wq,0.001,0,0.007776360466865917,0.019334755674625306,0.02033289247677612,0.07365621209381068,0.07745863800676617
grouped_physical_interpolation,blocks_3x3_g8,ringdown_plus_all_shooting,k,0.005,0,-0.7197321565801422,0.00024368635361682943,0.0002676854619215855,0.09747454144673177,0.1070741847686342
grouped_physical_interpolation,blocks_3x3_g8,ringdown_plus_all_shooting,wq,0.005,0,-0.7251483364555349,0.022278372512822234,0.026810665915946073,0.08486999052503708,0.10213587015598503
grouped_physical_interpolation,blocks_3x3_g8,ringdown_plus_all_shooting,k,0.01,0,-0.5539789479354889,0.000225438161421401,0.0002544584894057288,0.0901752645685604,0.1017833957622915
grouped_physical_interpolation,blocks_3x3_g8,ringdown_plus_all_shooting,wq,0.01,0,-0.4935427539562576,0.020521832908475552,0.02494613158016904,0.07817841107990686,0.09503288221016777
grouped_physical_interpolation,blocks_3x3_g8,ringdown_plus_all_shooting,k,0.0,1,-0.585308998007303,0.00023143234152002177,0.00025701078106499275,0.09257293660800871,0.1028043124259971
grouped_physical_interpolation,blocks_3x3_g8,ringdown_plus_all_shooting,wq,0.0,1,0.2210877481764384,0.016272358018246558,0.018015181697478115,0.06198993530760593,0.06862926360944044
grouped_physical_interpolation,blocks_3x3_g8,ringdown_plus_all_shooting,k,0.001,1,-0.606928529593036,0.00023532252741914722,0.00025875732917100114,0.09412901096765888,0.10350293166840045
grouped_physical_interpolation,blocks_3x3_g8,ringdown_plus_all_shooting,wq,0.001,1,0.24029250880830444,0.01554301490270199,0.01779170559548858,0.05921148534362663,0.06777792607805173
grouped_physical_interpolation,blocks_3x3_g8,ringdown_plus_all_shooting,k,0.005,1,-0.415492677351075,0.00021661677932910582,0.000242855639333936,0.08664671173164233,0.09714225573357439
grouped_physical_interpolation,blocks_3x3_g8,ringdown_plus_all_shooting,wq,0.005,1,0.27877110743443645,0.015077597151524482,0.017335283054192817,0.05743846533914088,0.06603917353978216
grouped_physical_interpolation,blocks_3x3_g8,ringdown_plus_all_shooting,k,0.01,1,-0.37338926262356154,0.0002114686843020995,0.0002392165391634012,0.0845874737208398,0.09568661566536048
grouped_physical_interpolation,blocks_3x3_g8,ringdown_plus_all_shooting,wq,0.01,1,-0.3942453841965603,0.020065655288667175,0.024102605185924744,0.07644059157587495,0.09181944832733235
grouped_physical_interpolation,blocks_3x3_g8,ringdown_plus_all_shooting,k,0.0,2,-0.585308998007303,0.00023143234152002177,0.00025701078106499275,0.09257293660800871,0.1028043124259971
grouped_physical_interpolation,blocks_3x3_g8,ringdown_plus_all_shooting,wq,0.0,2,0.2210877481764384,0.016272358018246558,0.018015181697478115,0.06198993530760593,0.06862926360944044
grouped_physical_interpolation,blocks_3x3_g8,ringdown_plus_all_shooting,k,0.001,2,-0.47786603607997447,0.00022139565849384804,0.00024814864799819537,0.08855826339753921,0.09925945919927814
grouped_physical_interpolation,blocks_3x3_g8,ringdown_plus_all_shooting,wq,0.001,2,0.35120050388187973,0.014237966063569172,0.01644181022219117,0.05423987071835875,0.06263546751310921
grouped_physical_interpolation,blocks_3x3_g8,ringdown_plus_all_shooting,k,0.005,2,-0.40599232069645264,0.00021344679084949207,0.00024203928061856446,0.08537871633979682,0.09681571224742579
grouped_physical_interpolation,blocks_3x3_g8,ringdown_plus_all_shooting,wq,0.005,2,-0.05156879534917036,0.018462100993386125,0.02093212040689669,0.07033181330813762,0.07974141107389214
grouped_physical_interpolation,blocks_3x3_g8,ringdown_plus_all_shooting,k,0.01,2,-0.44174783298270914,0.0002109178057499284,0.0002450975854109533,0.08436712229997136,0.09803903416438131
grouped_physical_interpolation,blocks_3x3_g8,ringdown_plus_all_shooting,wq,0.01,2,-0.06553394514069155,0.020058914867601904,0.02107065440706469,0.07641491378134059,0.08026915964596072
grouped_physical_interpolation,blocks_3x3_g8,ringdown_plus_all_shooting,k,0.0,3,-0.585308998007303,0.00023143234152002177,0.00025701078106499275,0.09257293660800871,0.1028043124259971
grouped_physical_interpolation,blocks_3x3_g8,ringdown_plus_all_shooting,wq,0.0,3,0.2210877481764384,0.016272358018246558,0.018015181697478115,0.06198993530760593,0.06862926360944044
grouped_physical_interpolation,blocks_3x3_g8,ringdown_plus_all_shooting,k,0.001,3,-0.3810981103682205,0.00021925461565240438,0.00023988696212732334,0.08770184626096175,0.09595478485092933
grouped_physical_interpolation,blocks_3x3_g8,ringdown_plus_all_shooting,wq,0.001,3,0.111624543328955,0.016052968702452985,0.019239450103357994,0.06115416648553518,0.0732931432508876
grouped_physical_interpolation,blocks_3x3_g8,ringdown_plus_all_shooting,k,0.005,3,0.013758542486777325,0.0001771649381473048,0.0002027150563304338,0.07086597525892192,0.08108602253217352
grouped_physical_interpolation,blocks_3x3_g8,ringdown_plus_all_shooting,wq,0.005,3,-0.18380658020214513,0.020574371519647187,0.02220929403990351,0.07837855817008452,0.08460683443772765
grouped_physical_interpolation,blocks_3x3_g8,ringdown_plus_all_shooting,k,0.01,3,-0.1639152389483871,0.0001995080029258423,0.00022021913697387003,0.07980320117033692,0.08808765478954801
grouped_physical_interpolation,blocks_3x3_g8,ringdown_plus_all_shooting,wq,0.01,3,-0.31250105036339004,0.02108914106062615,0.02338536802471606,0.08033958499286152,0.0890871162846326
grouped_physical_interpolation,blocks_3x3_g8,ringdown_plus_all_shooting,k,0.0,4,-0.585308998007303,0.00023143234152002177,0.00025701078106499275,0.09257293660800871,0.1028043124259971
grouped_physical_interpolation,blocks_3x3_g8,ringdown_plus_all_shooting,wq,0.0,4,0.2210877481764384,0.016272358018246558,0.018015181697478115,0.06198993530760593,0.06862926360944044
grouped_physical_interpolation,blocks_3x3_g8,ringdown_plus_all_shooting,k,0.001,4,-0.5482508730213353,0.00022657579495450047,0.00025398908055771933,0.09063031798180018,0.10159563222308773
grouped_physical_interpolation,blocks_3x3_g8,ringdown_plus_all_shooting,wq,0.001,4,-0.5372562266152845,0.022128643472371843,0.025308564316380497,0.08429959418046416,0.09641357834811617
grouped_physical_interpolation,blocks_3x3_g8,ringdown_plus_all_shooting,k,0.005,4,-0.3594762239363507,0.00021084224023874517,0.0002380017702959678,0.08433689609549806,0.09520070811838711
grouped_physical_interpolation,blocks_3x3_g8,ringdown_plus_all_shooting,wq,0.005,4,-0.5770379401222019,0.02092512160425475,0.025633945106393278,0.07971474896858952,0.09765312421483154
grouped_physical_interpolation,blocks_3x3_g8,ringdown_plus_all_shooting,k,0.01,4,-0.5575201987595302,0.00022602456793230653,0.00025474825798877163,0.0904098271729226,0.10189930319550865
grouped_physical_interpolation,blocks_3x3_g8,ringdown_plus_all_shooting,wq,0.01,4,-0.22592003218764556,0.016686282648518538,0.02260088523513003,0.06356679104197538,0.08609861041954298
