protocol,direction,model,feature_set,target,metric,mean,std,median,q25,q75,n
directional_extrapolation,high_k_to_low_k,hgb,all_shooting,k,R2,-10.432582623360597,0.3465769643740567,-10.399034857110047,-10.684512466245218,-10.15652449538907,5
directional_extrapolation,high_k_to_low_k,hgb,all_shooting,k,MAE,0.0006415766589076794,7.586179290112095e-06,0.0006441171676847212,0.0006335605634177,0.0006473104181761362,5
directional_extrapolation,high_k_to_low_k,hgb,all_shooting,k,RMSE,0.000690123338926206,1.0451457795244505e-05,0.0006891732624768018,0.0006818028947634924,0.0006977497302712132,5
directional_extrapolation,high_k_to_low_k,hgb,all_shooting,k,NMAE,0.25663066356307174,0.0030344717160448427,0.25764686707388845,0.25342422536708,0.2589241672704545,5
directional_extrapolation,high_k_to_low_k,hgb,all_shooting,k,NRMSE,0.2760493355704824,0.004180583118097806,0.2756693049907207,0.2727211579053969,0.2790998921084853,5
directional_extrapolation,high_k_to_low_k,hgb,all_shooting,k,joint_error_median,0.32198415615148923,0.013984069272514117,0.3204494895504353,0.3122873583234576,0.3335138887751552,5
directional_extrapolation,high_k_to_low_k,hgb,all_shooting,wq,R2,0.6573339186510023,0.0665488702421575,0.6379215834170582,0.6318191586842201,0.6897194753157507,5
directional_extrapolation,high_k_to_low_k,hgb,all_shooting,wq,MAE,0.039117132845321,0.003984784425472157,0.03874709527872937,0.03595563163523567,0.04162155614189283,5
directional_extrapolation,high_k_to_low_k,hgb,all_shooting,wq,RMSE,0.04968809625776236,0.0049491633946221495,0.051278437280790505,0.04746906979991677,0.0517087519505999,5
directional_extrapolation,high_k_to_low_k,hgb,all_shooting,wq,NMAE,0.14901764893455618,0.015180131144655844,0.1476079820142071,0.13697383480089778,0.15855830911197266,5
directional_extrapolation,high_k_to_low_k,hgb,all_shooting,wq,NRMSE,0.18928798574385658,0.018853955789036758,0.19534642773634478,0.18083455161873052,0.19698572171657106,5
directional_extrapolation,high_k_to_low_k,hgb,all_shooting,wq,joint_error_median,0.2672622471238085,0.013446413991914373,0.27274737364679813,0.26716793506962344,0.27408787109646315,5
directional_extrapolation,high_k_to_low_k,hgb,orbital,k,R2,-30.97938886166967,3.4755634954548147,-29.570842205517277,-34.3375369195149,-29.37482625268687,5
directional_extrapolation,high_k_to_low_k,hgb,orbital,k,MAE,0.001138252220087147,6.23059225087161e-05,0.0011169678588055913,0.0011094297236813623,0.0011979945418868034,5
directional_extrapolation,high_k_to_low_k,hgb,orbital,k,RMSE,0.0011529655771452517,6.269882196879875e-05,0.0011286208804982092,0.001124996782452563,0.0012134238219379304,5
directional_extrapolation,high_k_to_low_k,hgb,orbital,k,NMAE,0.4553008880348588,0.024922369003486444,0.4467871435222365,0.4437718894725449,0.47919781675472134,5
directional_extrapolation,high_k_to_low_k,hgb,orbital,k,NRMSE,0.46118623085810057,0.02507952878751949,0.45144835219928364,0.44999871298102523,0.48536952877517214,5
directional_extrapolation,high_k_to_low_k,hgb,orbital,k,joint_error_median,0.5543106169032607,0.042660755580097486,0.5499283317231743,0.5429292744321604,0.5739363009234821,5
directional_extrapolation,high_k_to_low_k,hgb,orbital,wq,R2,-0.18653007992256104,0.0889864594960295,-0.17253099962891616,-0.213979874625581,-0.11782467690762277,5
directional_extrapolation,high_k_to_low_k,hgb,orbital,wq,MAE,0.07892450329528553,0.0026053220406997988,0.07829254843974306,0.07703063679363786,0.08006957391240459,5
directional_extrapolation,high_k_to_low_k,hgb,orbital,wq,RMSE,0.09277554844929828,0.003444373965939322,0.09227745953533052,0.09009907020559207,0.09389429520191575,5
directional_extrapolation,high_k_to_low_k,hgb,orbital,wq,NMAE,0.30066477445823053,0.009925036345523042,0.2982573273894974,0.29345004492814425,0.30502694823773174,5
directional_extrapolation,high_k_to_low_k,hgb,orbital,wq,NRMSE,0.3534306607592315,0.013121424632149803,0.3515331791822115,0.3432345531641603,0.35769255315015525,5
directional_extrapolation,high_k_to_low_k,hgb,orbital,wq,joint_error_median,0.5135693349934486,0.03034268131231408,0.5142934839039711,0.4983624986987807,0.5252179698318865,5
directional_extrapolation,high_k_to_low_k,hgb,photon_geometry,k,R2,-14.207580906288763,2.0269772801054855,-13.60998585561196,-16.223065209832587,-13.320488878629515,5
directional_extrapolation,high_k_to_low_k,hgb,photon_geometry,k,MAE,0.0007280240766036485,4.8390574697380385e-05,0.0007247478363489727,0.0006916786110076182,0.0007660670873623545,5
directional_extrapolation,high_k_to_low_k,hgb,photon_geometry,k,RMSE,0.0007945920831630481,5.329898924119156e-05,0.0007802239490367482,0.0007724552003900053,0.0008471291029567795,5
directional_extrapolation,high_k_to_low_k,hgb,photon_geometry,k,NMAE,0.2912096306414594,0.019356229878952143,0.2898991345395891,0.2766714444030473,0.3064268349449418,5
directional_extrapolation,high_k_to_low_k,hgb,photon_geometry,k,NRMSE,0.31783683326521917,0.02131959569647662,0.3120895796146993,0.3089820801560021,0.33885164118271177,5
directional_extrapolation,high_k_to_low_k,hgb,photon_geometry,k,joint_error_median,0.3700518074771952,0.02420794513042989,0.382130898805296,0.3621555444446033,0.3857506399815162,5
directional_extrapolation,high_k_to_low_k,hgb,photon_geometry,wq,R2,0.5115576403746324,0.06109353383001619,0.5251431373081753,0.5074202268371165,0.5351764096119154,5
directional_extrapolation,high_k_to_low_k,hgb,photon_geometry,wq,MAE,0.051621092552853146,0.0030149419396595274,0.050585385915899776,0.05052452708872888,0.05121257969337374,5
directional_extrapolation,high_k_to_low_k,hgb,photon_geometry,wq,RMSE,0.059468236807242905,0.0036545287838752314,0.058723890779728914,0.05810018875059663,0.05980971735041917,5
directional_extrapolation,high_k_to_low_k,hgb,photon_geometry,wq,NMAE,0.19665178115372622,0.011485493103464868,0.19270623206057058,0.19247438890944335,0.1950955416890428,5
directional_extrapolation,high_k_to_low_k,hgb,photon_geometry,wq,NRMSE,0.22654566402759196,0.013922014414762783,0.223710060113253,0.22133405238322526,0.22784654228731113,5
directional_extrapolation,high_k_to_low_k,hgb,photon_geometry,wq,joint_error_median,0.31985320131374406,0.02458700632204849,0.3106353845340496,0.30213909893278756,0.33437280299694605,5
directional_extrapolation,high_k_to_low_k,hgb,redshift,k,R2,-7.753114110510751,0.7577877427847912,-7.799070175410101,-8.231498466330951,-7.03325117082885,5
directional_extrapolation,high_k_to_low_k,hgb,redshift,k,MAE,0.0005719817207698081,2.680300943229469e-05,0.0005756638366086903,0.0005451193772243579,0.0005880226418609657,5
directional_extrapolation,high_k_to_low_k,hgb,redshift,k,RMSE,0.0006034630242998342,2.6111928328965526e-05,0.0006054980792499848,0.0005785488732894875,0.0006201981694833162,5
directional_extrapolation,high_k_to_low_k,hgb,redshift,k,NMAE,0.2287926883079232,0.010721203772917878,0.23026553464347613,0.21804775088974315,0.2352090567443863,5
directional_extrapolation,high_k_to_low_k,hgb,redshift,k,NRMSE,0.24138520971993369,0.010444771331586205,0.24219923169999394,0.231419549315795,0.24807926779332648,5
directional_extrapolation,high_k_to_low_k,hgb,redshift,k,joint_error_median,0.31370745002193595,0.014600067941275656,0.30619801681619224,0.30244564715430505,0.32942615942762166,5
directional_extrapolation,high_k_to_low_k,hgb,redshift,wq,R2,0.6265959919236418,0.020287056564427156,0.6184286236794474,0.6159331228154725,0.6199905626150154,5
directional_extrapolation,high_k_to_low_k,hgb,redshift,wq,MAE,0.04192480959402386,0.001369062028807263,0.04214807176405556,0.04197923933262306,0.042848996293269465,5
directional_extrapolation,high_k_to_low_k,hgb,redshift,wq,RMSE,0.052058281160024936,0.001441336553094162,0.05264066379805106,0.05253281265628614,0.05281251989898441,5
directional_extrapolation,high_k_to_low_k,hgb,redshift,wq,NMAE,0.15971356035818612,0.0052154743954562375,0.16056408291068783,0.15992091174332596,0.16323427159340748,5
directional_extrapolation,high_k_to_low_k,hgb,redshift,wq,NRMSE,0.19831726156199977,0.0054908059165491825,0.20053586208781354,0.20012500059537577,0.2011905519961311,5
directional_extrapolation,high_k_to_low_k,hgb,redshift,wq,joint_error_median,0.25665585536341073,0.016429975071016,0.24835940253685712,0.24685914643953327,0.2632197268378198,5
directional_extrapolation,high_k_to_low_k,hgb,ringdown,k,R2,-11.279225615843968,1.8132148787418236,-10.978048988730718,-12.024389893089237,-10.489714901397745,5
directional_extrapolation,high_k_to_low_k,hgb,ringdown,k,MAE,0.0006837829297362,5.487074579042169e-05,0.0006763273673775,0.0006611137982412,0.0007078250105396,5
directional_extrapolation,high_k_to_low_k,hgb,ringdown,k,RMSE,0.0007137383026645495,5.2583694831351426e-05,0.0007064597472824949,0.0006919090409089715,0.0007366701515685643,5
directional_extrapolation,high_k_to_low_k,hgb,ringdown,k,NMAE,0.27351317189448,0.021948298316168673,0.270530946951,0.26444551929647997,0.28313000421584,5
directional_extrapolation,high_k_to_low_k,hgb,ringdown,k,NRMSE,0.28549532106581976,0.021033477932540554,0.28258389891299796,0.2767636163635886,0.2946680606274257,5
directional_extrapolation,high_k_to_low_k,hgb,ringdown,k,joint_error_median,0.4117861742216987,0.016636116421918663,0.4121878464754263,0.4071263226054666,0.4185085594286192,5
directional_extrapolation,high_k_to_low_k,hgb,ringdown,wq,R2,-0.15687791111447735,0.08749743148837641,-0.19217153185102687,-0.2059808048581182,-0.09956973845739348,5
directional_extrapolation,high_k_to_low_k,hgb,ringdown,wq,MAE,0.0781062741034126,0.0018018785457400545,0.07872835830431947,0.07675587592831895,0.07908807330491478,5
directional_extrapolation,high_k_to_low_k,hgb,ringdown,wq,RMSE,0.0916061589176194,0.003493862861296645,0.09304709877891705,0.08936034818910189,0.09358444314171846,5
directional_extrapolation,high_k_to_low_k,hgb,ringdown,wq,NMAE,0.29754771087014326,0.006864299221866876,0.2999175554450265,0.2924033368697865,0.30128789830443725,5
directional_extrapolation,high_k_to_low_k,hgb,ringdown,wq,NRMSE,0.34897584349569294,0.013309953757320551,0.35446513820539827,0.3404203740537215,0.35651216434940364,5
directional_extrapolation,high_k_to_low_k,hgb,ringdown,wq,joint_error_median,0.3724930865877202,0.016917543090832488,0.376984153887228,0.35536633432867204,0.3824756143487525,5
directional_extrapolation,high_k_to_low_k,hgb,ringdown_plus_all_shooting,k,R2,-8.69212822052495,1.034896239052862,-8.87731871082735,-9.499399256858725,-7.8252158802112355,5
directional_extrapolation,high_k_to_low_k,hgb,ringdown_plus_all_shooting,k,MAE,0.0005958905232999272,3.3474543399737396e-05,0.0006033298376880032,0.000567266769711106,0.0006247814462264727,5
directional_extrapolation,high_k_to_low_k,hgb,ringdown_plus_all_shooting,k,RMSE,0.0006347498420040794,3.411953126514395e-05,0.0006415254837373749,0.0006063970055517546,0.0006614189058650956,5
directional_extrapolation,high_k_to_low_k,hgb,ringdown_plus_all_shooting,k,NMAE,0.23835620931997092,0.013389817359894963,0.24133193507520126,0.2269067078844424,0.24991257849058907,5
directional_extrapolation,high_k_to_low_k,hgb,ringdown_plus_all_shooting,k,NRMSE,0.25389993680163175,0.013647812506057585,0.25661019349494996,0.24255880222070186,0.26456756234603823,5
directional_extrapolation,high_k_to_low_k,hgb,ringdown_plus_all_shooting,k,joint_error_median,0.31325348392739005,0.01844455796634325,0.3062077455874844,0.3045576804600497,0.3312534062390773,5
directional_extrapolation,high_k_to_low_k,hgb,ringdown_plus_all_shooting,wq,R2,0.653509023341853,0.06763660127236006,0.6285444981744307,0.6275775415901911,0.6873830362861018,5
directional_extrapolation,high_k_to_low_k,hgb,ringdown_plus_all_shooting,wq,MAE,0.03947066182199301,0.00409116885153258,0.03903686292328063,0.03636457071705383,0.04247947315011349,5
directional_extrapolation,high_k_to_low_k,hgb,ringdown_plus_all_shooting,wq,RMSE,0.049961181680698394,0.005019920605913378,0.05193819594266785,0.047647457699236805,0.05200575361627056,5
directional_extrapolation,high_k_to_low_k,hgb,ringdown_plus_all_shooting,wq,NMAE,0.15036442598854477,0.015585405148695544,0.14871185875535478,0.1385316979697289,0.1618265643813847,5
directional_extrapolation,high_k_to_low_k,hgb,ringdown_plus_all_shooting,wq,NRMSE,0.19032831116456533,0.01912350707014621,0.1978597940673061,0.18151412456852115,0.19811715663341165,5
directional_extrapolation,high_k_to_low_k,hgb,ringdown_plus_all_shooting,wq,joint_error_median,0.2525758669780306,0.021470012999971193,0.25158192500446364,0.23985136386163347,0.2651956095170855,5
directional_extrapolation,high_k_to_low_k,hgb,ringdown_plus_photon_geometry,k,R2,-11.044841452273122,1.0433679439227246,-11.560815345581075,-11.603156850483002,-10.712831196726313,5
directional_extrapolation,high_k_to_low_k,hgb,ringdown_plus_photon_geometry,k,MAE,0.0006697145166226951,3.210564227670441e-05,0.000685078297394318,0.0006552512652575243,0.0006933235150620637,5
directional_extrapolation,high_k_to_low_k,hgb,ringdown_plus_photon_geometry,k,RMSE,0.0007078743482939493,3.1271010379621505e-05,0.0007234412941392537,0.0006985947560617168,0.000724659599699605,5
directional_extrapolation,high_k_to_low_k,hgb,ringdown_plus_photon_geometry,k,NMAE,0.2678858066490781,0.012842256910681764,0.2740313189577272,0.2621005061030097,0.2773294060248255,5
directional_extrapolation,high_k_to_low_k,hgb,ringdown_plus_photon_geometry,k,NRMSE,0.28314973931757975,0.0125084041518486,0.28937651765570144,0.2794379024246867,0.289863839879842,5
directional_extrapolation,high_k_to_low_k,hgb,ringdown_plus_photon_geometry,k,joint_error_median,0.3693213440728017,0.02611024340964736,0.3841904750023343,0.3559246127912758,0.3870845336616249,5
directional_extrapolation,high_k_to_low_k,hgb,ringdown_plus_photon_geometry,wq,R2,0.5375652963714608,0.06915034031208865,0.5377287661757069,0.5154615897818567,0.5957134537596844,5
directional_extrapolation,high_k_to_low_k,hgb,ringdown_plus_photon_geometry,wq,MAE,0.05032957353969023,0.0036576477841108544,0.050459552200878104,0.048008744640956606,0.051215031564466544,5
directional_extrapolation,high_k_to_low_k,hgb,ringdown_plus_photon_geometry,wq,RMSE,0.057824311894662764,0.004276734217050604,0.05794045446514066,0.05418487894313376,0.05931951176140056,5
directional_extrapolation,high_k_to_low_k,hgb,ringdown_plus_photon_geometry,wq,NMAE,0.19173170872262943,0.013933896320422298,0.19222686552715468,0.1828904557750728,0.19510488215034874,5
directional_extrapolation,high_k_to_low_k,hgb,ringdown_plus_photon_geometry,wq,NRMSE,0.2202830929320486,0.016292320826859448,0.22072554081958345,0.20641858645003336,0.22597909242438308,5
directional_extrapolation,high_k_to_low_k,hgb,ringdown_plus_photon_geometry,wq,joint_error_median,0.286794493700334,0.017107487287501673,0.2908946196364207,0.289326194367449,0.29747160837250375,5
directional_extrapolation,high_k_to_low_k,hgb,timing,k,R2,-10.24914691307431,0.9863122703347829,-9.758637256566915,-10.840314215580971,-9.643512058691066,5
directional_extrapolation,high_k_to_low_k,hgb,timing,k,MAE,0.0006442662807582834,3.1149961499433047e-05,0.000630204350375794,0.0006255970189089282,0.0006664684271695203,5
directional_extrapolation,high_k_to_low_k,hgb,timing,k,RMSE,0.0006841114150704561,2.9707458695746898e-05,0.0006695345789105705,0.0006659426920630091,0.0007023862368022363,5
directional_extrapolation,high_k_to_low_k,hgb,timing,k,NMAE,0.2577065123033134,0.012459984599773212,0.2520817401503176,0.2502388075635713,0.2665873708678081,5
directional_extrapolation,high_k_to_low_k,hgb,timing,k,NRMSE,0.2736445660281825,0.011882983478298768,0.26781383156422817,0.2663770768252036,0.2809544947208945,5
directional_extrapolation,high_k_to_low_k,hgb,timing,k,joint_error_median,0.3726735227300807,0.018959177813952767,0.37870750543850507,0.3630027590212977,0.3832413540332949,5
directional_extrapolation,high_k_to_low_k,hgb,timing,wq,R2,0.3746382524289289,0.14006154119121472,0.3711379243083731,0.26258104120221015,0.44004153710701643,5
directional_extrapolation,high_k_to_low_k,hgb,timing,wq,MAE,0.05670931205687566,0.00718703527567951,0.056475775570130754,0.05453115716117643,0.06308575407021914,5
directional_extrapolation,high_k_to_low_k,hgb,timing,wq,RMSE,0.06703170564594588,0.007765238350017616,0.06757890729433011,0.06376925880450247,0.07317969790133388,5
directional_extrapolation,high_k_to_low_k,hgb,timing,wq,NMAE,0.21603547450238345,0.02737918200258861,0.21514581169573618,0.20773774156638639,0.24032668217226338,5
directional_extrapolation,high_k_to_low_k,hgb,timing,wq,NRMSE,0.25535887865122237,0.0295818603810195,0.2574434563593528,0.24293050973143798,0.278779801528891,5
directional_extrapolation,high_k_to_low_k,hgb,timing,wq,joint_error_median,0.28299895516951923,0.017999021857035447,0.27836819020472225,0.2749103634445368,0.2809320145458398,5
directional_extrapolation,high_k_to_low_k,mlp,all_shooting,k,R2,-4.246076658066843,10.241591526887607,0.2481972779322359,0.12998463349661094,0.312352671420025,5
directional_extrapolation,high_k_to_low_k,mlp,all_shooting,k,MAE,0.00030849919090249255,0.00037396348993778354,0.00015046391513158134,0.00014322277135076617,0.00016521057032200967,5
directional_extrapolation,high_k_to_low_k,mlp,all_shooting,k,RMSE,0.00032990664458472607,0.0003703851597970331,0.00017698902061848403,0.0001692689340197002,0.00019039600907312776,5
directional_extrapolation,high_k_to_low_k,mlp,all_shooting,k,NMAE,0.12339967636099698,0.14958539597511342,0.06018556605263253,0.057289108540306465,0.06608422812880387,5
directional_extrapolation,high_k_to_low_k,mlp,all_shooting,k,NRMSE,0.13196265783389044,0.14815406391881322,0.07079560824739362,0.06770757360788009,0.0761584036292511,5
directional_extrapolation,high_k_to_low_k,mlp,all_shooting,k,joint_error_median,0.21855706100900862,0.12473429279190408,0.17411854731134074,0.1589825059025404,0.18446448847816374,5
directional_extrapolation,high_k_to_low_k,mlp,all_shooting,wq,R2,0.7159310305024394,0.08738951408155636,0.7228288801712446,0.65872755596952,0.7926454140557856,5
directional_extrapolation,high_k_to_low_k,mlp,all_shooting,wq,MAE,0.03805770223414747,0.00603345130483135,0.037544058300048574,0.03228561332236839,0.04250233048709724,5
directional_extrapolation,high_k_to_low_k,mlp,all_shooting,wq,RMSE,0.04498920185078055,0.006975968502552529,0.04486497716626199,0.03880523208965271,0.04978334501868475,5
directional_extrapolation,high_k_to_low_k,mlp,all_shooting,wq,NMAE,0.14498172279675228,0.02298457639935752,0.14302498400018504,0.12299281265664147,0.16191363995084662,5
directional_extrapolation,high_k_to_low_k,mlp,all_shooting,wq,NRMSE,0.17138743562202113,0.026575118104962017,0.1709141987286171,0.14782945557962937,0.1896508381664181,5
directional_extrapolation,high_k_to_low_k,mlp,all_shooting,wq,joint_error_median,0.17949212494144756,0.11100943759551023,0.13883464994792372,0.12094124640035345,0.15547396754698936,5
directional_extrapolation,high_k_to_low_k,mlp,orbital,k,R2,-34.398290314288104,21.19845669751043,-37.15782693632818,-45.64692208440388,-33.11436095384661,5
directional_extrapolation,high_k_to_low_k,mlp,orbital,k,MAE,0.0011029742733829153,0.0005336121780272992,0.001243915546590577,0.0011802803152339482,0.0013812953615600484,5
directional_extrapolation,high_k_to_low_k,mlp,orbital,k,RMSE,0.0011172962098119966,0.0005321864600812913,0.0012609161176225566,0.0011922381081018486,0.0013941383552276397,5
directional_extrapolation,high_k_to_low_k,mlp,orbital,k,NMAE,0.44118970935316615,0.2134448712109197,0.4975662186362308,0.4721121260935793,0.5525181446240194,5
directional_extrapolation,high_k_to_low_k,mlp,orbital,k,NRMSE,0.4469184839247986,0.21287458403251655,0.5043664470490227,0.47689524324073945,0.5576553420910558,5
directional_extrapolation,high_k_to_low_k,mlp,orbital,k,joint_error_median,0.5792590041440873,0.13709043472085694,0.6001997508768091,0.591427242386659,0.6449247342356642,5
directional_extrapolation,high_k_to_low_k,mlp,orbital,wq,R2,-0.2668515444877167,0.03670395942961149,-0.26772855042316945,-0.26857008387237946,-0.2592630884513931,5
directional_extrapolation,high_k_to_low_k,mlp,orbital,wq,MAE,0.08165361713386098,0.0009808221257460745,0.08181497948125648,0.08144950958199101,0.08191595933005437,5
directional_extrapolation,high_k_to_low_k,mlp,orbital,wq,RMSE,0.09590913082768415,0.00138780626577606,0.09595035776299701,0.09562945915376085,0.09598219898010626,5
directional_extrapolation,high_k_to_low_k,mlp,orbital,wq,NMAE,0.31106139860518467,0.0037364652409374215,0.31167611230954845,0.31028384602663245,0.31206079744782617,5
directional_extrapolation,high_k_to_low_k,mlp,orbital,wq,NRMSE,0.36536811743879677,0.005286881012480221,0.3655251724304648,0.36430270153813654,0.3656464723051667,5
directional_extrapolation,high_k_to_low_k,mlp,orbital,wq,joint_error_median,0.5283214647944835,0.12077308122025734,0.5422494103406567,0.5319253114662212,0.6063213966667839,5
directional_extrapolation,high_k_to_low_k,mlp,photon_geometry,k,R2,-5.028298128078694,10.43521669000775,-0.12898820356847085,-1.3276545967989004,-0.08782289723789227,5
directional_extrapolation,high_k_to_low_k,mlp,photon_geometry,k,MAE,0.00037031978194670766,0.00035343746761301906,0.00019534315193812872,0.0001871562415787778,0.0002866150569453591,5
directional_extrapolation,high_k_to_low_k,mlp,photon_geometry,k,RMSE,0.0003903464610312575,0.00035144119179159695,0.0002168897764964644,0.00021289892919312402,0.0003114251245483482,5
directional_extrapolation,high_k_to_low_k,mlp,photon_geometry,k,NMAE,0.14812791277868306,0.1413749870452076,0.07813726077525149,0.07486249663151112,0.11464602277814365,5
directional_extrapolation,high_k_to_low_k,mlp,photon_geometry,k,NRMSE,0.15613858441250303,0.14057647671663878,0.08675591059858576,0.08515957167724961,0.12457004981933928,5
directional_extrapolation,high_k_to_low_k,mlp,photon_geometry,k,joint_error_median,0.26630057090736303,0.12661394879075422,0.20094187202932753,0.1917441224777787,0.28838369413945597,5
directional_extrapolation,high_k_to_low_k,mlp,photon_geometry,wq,R2,0.5112645552335825,0.25582421899767177,0.6253713123097282,0.5307430544551587,0.6319261652040286,5
directional_extrapolation,high_k_to_low_k,mlp,photon_geometry,wq,MAE,0.049413520416188086,0.011689787297432985,0.04488180933630689,0.04309570960452922,0.048262478751089334,5
directional_extrapolation,high_k_to_low_k,mlp,photon_geometry,wq,RMSE,0.05822368749366876,0.014110559199948722,0.05215956710204589,0.05170123719825285,0.058376602760175075,5
directional_extrapolation,high_k_to_low_k,mlp,photon_geometry,wq,NMAE,0.18824198253785937,0.044532523037839944,0.17097832128116908,0.16417413182677798,0.18385706190891174,5
directional_extrapolation,high_k_to_low_k,mlp,photon_geometry,wq,NRMSE,0.2218045237854048,0.05375451123789989,0.19870311276969863,0.19695709408858228,0.22238705813400028,5
directional_extrapolation,high_k_to_low_k,mlp,photon_geometry,wq,joint_error_median,0.23552195169418272,0.10327895200789439,0.17717418244262537,0.1710363170522698,0.2625802274904157,5
directional_extrapolation,high_k_to_low_k,mlp,redshift,k,R2,-29.242887409073568,15.84670093854034,-35.34874030552954,-38.010592680968074,-33.171872382360995,5
directional_extrapolation,high_k_to_low_k,mlp,redshift,k,MAE,0.0010379640828313955,0.0004380554544658315,0.0012183484015642946,0.0011819882174730096,0.001260290815461295,5
directional_extrapolation,high_k_to_low_k,mlp,redshift,k,RMSE,0.0010564069026790701,0.000424447824654887,0.001230662766993351,0.0011932426475498219,0.0012749279829492343,5
directional_extrapolation,high_k_to_low_k,mlp,redshift,k,NMAE,0.4151856331325581,0.1752221817863326,0.4873393606257178,0.4727952869892038,0.504116326184518,5
directional_extrapolation,high_k_to_low_k,mlp,redshift,k,NRMSE,0.42256276107162805,0.1697791298619548,0.49226510679734037,0.47729705901992875,0.5099711931796937,5
directional_extrapolation,high_k_to_low_k,mlp,redshift,k,joint_error_median,0.5343799045620747,0.09886179738956052,0.569406633478821,0.5685646427796146,0.5835692884747572,5
directional_extrapolation,high_k_to_low_k,mlp,redshift,wq,R2,0.1264612463248755,0.36587650554941087,-0.10175541504929786,-0.1396930913306913,0.44861951280408374,5
directional_extrapolation,high_k_to_low_k,mlp,redshift,wq,MAE,0.06627869175698094,0.014605017571190414,0.07574372310077325,0.05352975049435393,0.07639206559063526,5
directional_extrapolation,high_k_to_low_k,mlp,redshift,wq,RMSE,0.07801675428303857,0.01792974128508343,0.08944911739228625,0.06327893470105846,0.09097612204992979,5
directional_extrapolation,high_k_to_low_k,mlp,redshift,wq,NMAE,0.2524902543123083,0.05563816217596348,0.2885475165743743,0.20392285902611018,0.29101739272622956,5
directional_extrapolation,high_k_to_low_k,mlp,redshift,wq,NRMSE,0.29720668298300407,0.06830377632412737,0.34075854244680476,0.24106260838498458,0.3465757030473516,5
directional_extrapolation,high_k_to_low_k,mlp,redshift,wq,joint_error_median,0.4760669330165873,0.08644664567854386,0.4980192621995514,0.4727386822432238,0.5349648153711812,5
directional_extrapolation,high_k_to_low_k,mlp,ringdown,k,R2,0.7492288917602705,0.18003078601557737,0.80644803562038,0.5822627216548495,0.8629584961578576,5
directional_extrapolation,high_k_to_low_k,mlp,ringdown,k,MAE,8.796463409898016e-05,3.736886142018855e-05,8.137700132400323e-05,6.800237516804252e-05,0.00012304374851946145,5
directional_extrapolation,high_k_to_low_k,mlp,ringdown,k,RMSE,9.588638027356669e-05,3.9601108802159105e-05,8.980348090405053e-05,7.556495656115517e-05,0.00013193073914387026,5
directional_extrapolation,high_k_to_low_k,mlp,ringdown,k,NMAE,0.03518585363959206,0.014947544568075418,0.03255080052960129,0.027200950067217008,0.04921749940778458,5
directional_extrapolation,high_k_to_low_k,mlp,ringdown,k,NRMSE,0.03835455210942667,0.015840443520863643,0.03592139236162021,0.030225982624462067,0.0527722956575481,5
directional_extrapolation,high_k_to_low_k,mlp,ringdown,k,joint_error_median,0.2009538992899504,0.022151647689103344,0.21247418257382722,0.19347970838339493,0.21425847487419086,5
directional_extrapolation,high_k_to_low_k,mlp,ringdown,wq,R2,0.4787869754460975,0.10365864872962169,0.4365701340110625,0.3925091696121351,0.5549027010480095,5
directional_extrapolation,high_k_to_low_k,mlp,ringdown,wq,MAE,0.050696579722825576,0.004493129662811295,0.0533778034469593,0.047550442844503896,0.053867602757731455,5
directional_extrapolation,high_k_to_low_k,mlp,ringdown,wq,RMSE,0.06126593500477201,0.0062876151231320565,0.06396661877702846,0.05685398914101863,0.06642068134779301,5
directional_extrapolation,high_k_to_low_k,mlp,ringdown,wq,NMAE,0.193129827515526,0.017116684429757313,0.2033440131312735,0.18114454416953865,0.2052099152675484,5
directional_extrapolation,high_k_to_low_k,mlp,ringdown,wq,NRMSE,0.23339403811341713,0.023952819516693553,0.24368235724582268,0.21658662529911857,0.25303116703921147,5
directional_extrapolation,high_k_to_low_k,mlp,ringdown,wq,joint_error_median,0.178380849158584,0.012947421125578352,0.18108970051965687,0.17665177688026812,0.18410060815969315,5
directional_extrapolation,high_k_to_low_k,mlp,ringdown_plus_all_shooting,k,R2,-0.4395511472983638,0.845949645016188,-0.531168840729318,-0.7742776961803302,0.023531119571751358,5
directional_extrapolation,high_k_to_low_k,mlp,ringdown_plus_all_shooting,k,MAE,0.00021381845366829207,7.321452266023637e-05,0.00023135767775150107,0.000184823330379929,0.00024891186480000303,5
directional_extrapolation,high_k_to_low_k,mlp,ringdown_plus_all_shooting,k,RMSE,0.00023442661008385058,7.925798294724621e-05,0.00025258404877793637,0.00020170821339543174,0.0002718974757897673,5
directional_extrapolation,high_k_to_low_k,mlp,ringdown_plus_all_shooting,k,NMAE,0.08552738146731682,0.02928580906409455,0.09254307110060042,0.0739293321519716,0.09956474592000121,5
directional_extrapolation,high_k_to_low_k,mlp,ringdown_plus_all_shooting,k,NRMSE,0.09377064403354023,0.031703193178898484,0.10103361951117454,0.0806832853581727,0.10875899031590691,5
directional_extrapolation,high_k_to_low_k,mlp,ringdown_plus_all_shooting,k,joint_error_median,0.18405503160076625,0.022360685761436145,0.17873087568242627,0.1677887250588,0.20303588899637304,5
directional_extrapolation,high_k_to_low_k,mlp,ringdown_plus_all_shooting,wq,R2,0.6495780510029747,0.08990724927667529,0.6362191268909901,0.6174244144150187,0.7066580268140948,5
directional_extrapolation,high_k_to_low_k,mlp,ringdown_plus_all_shooting,wq,MAE,0.0428352622838907,0.005260141746557722,0.04388029315209319,0.039934578936707245,0.04488315787773865,5
directional_extrapolation,high_k_to_low_k,mlp,ringdown_plus_all_shooting,wq,RMSE,0.05010846325158341,0.0065162001025717954,0.05139884894935098,0.04615519257235905,0.05270988742289003,5
directional_extrapolation,high_k_to_low_k,mlp,ringdown_plus_all_shooting,wq,NMAE,0.16318195155767884,0.020038635224981796,0.16716302153178358,0.15213172928269425,0.17098345858186154,5
directional_extrapolation,high_k_to_low_k,mlp,ringdown_plus_all_shooting,wq,NRMSE,0.1908893838155558,0.024823619438368753,0.19580513885467038,0.17582930503755825,0.20079957113481917,5
directional_extrapolation,high_k_to_low_k,mlp,ringdown_plus_all_shooting,wq,joint_error_median,0.15371161341040976,0.02685352304450299,0.1623370305169628,0.1368739121808321,0.1671317358318089,5
directional_extrapolation,high_k_to_low_k,mlp,ringdown_plus_photon_geometry,k,R2,0.5293502321600194,0.20461080242805374,0.4998348784431239,0.4558954173077512,0.5441148067161966,5
directional_extrapolation,high_k_to_low_k,mlp,ringdown_plus_photon_geometry,k,MAE,0.00012180158511674059,3.0789790303679974e-05,0.00013231212697769075,0.00012014606604343094,0.000133949131787831,5
directional_extrapolation,high_k_to_low_k,mlp,ringdown_plus_photon_geometry,k,RMSE,0.0001364874498474712,3.502825694112117e-05,0.00014436139857386797,0.00013782313443985063,0.00015056900171962255,5
directional_extrapolation,high_k_to_low_k,mlp,ringdown_plus_photon_geometry,k,NMAE,0.048720634046696236,0.012315916121471992,0.0529248507910763,0.048058426417372374,0.053579652715132396,5
directional_extrapolation,high_k_to_low_k,mlp,ringdown_plus_photon_geometry,k,NRMSE,0.05459497993898847,0.01401130277644847,0.05774455942954719,0.05512925377594025,0.06022760068784902,5
directional_extrapolation,high_k_to_low_k,mlp,ringdown_plus_photon_geometry,k,joint_error_median,0.16710354264546748,0.010229444452203787,0.1629587296828824,0.16024742972046405,0.17785358820042957,5
directional_extrapolation,high_k_to_low_k,mlp,ringdown_plus_photon_geometry,wq,R2,0.7206690609305635,0.06287344572000235,0.7289360590007377,0.6636724121598401,0.7480326671507578,5
directional_extrapolation,high_k_to_low_k,mlp,ringdown_plus_photon_geometry,wq,MAE,0.03822743759518829,0.004774858561114705,0.037685967218560386,0.03640271297534404,0.04246834436860176,5
directional_extrapolation,high_k_to_low_k,mlp,ringdown_plus_photon_geometry,wq,RMSE,0.04480025755754364,0.005182674500876787,0.04436794735731523,0.042776532977570406,0.04942136190376685,5
directional_extrapolation,high_k_to_low_k,mlp,ringdown_plus_photon_geometry,wq,NMAE,0.1456283336959554,0.01818993737567507,0.14356558940403955,0.13867700181083442,0.1617841690232448,5
directional_extrapolation,high_k_to_low_k,mlp,ringdown_plus_photon_geometry,wq,NRMSE,0.17066764783826147,0.019743521908102038,0.16902075183739135,0.16295822086693487,0.18827185487149276,5
directional_extrapolation,high_k_to_low_k,mlp,ringdown_plus_photon_geometry,wq,joint_error_median,0.13527160597587323,0.01858555520749074,0.1394112874169884,0.1225821715020084,0.1509643800766119,5
directional_extrapolation,high_k_to_low_k,mlp,timing,k,R2,-6.401620193885227,10.259708790946968,-1.393091651588076,-6.590575197232221,-0.04864340531134048,5
directional_extrapolation,high_k_to_low_k,mlp,timing,k,MAE,0.0004375950394598633,0.00035168927803951933,0.00028754258468763425,0.00018353347119421206,0.0005348310138375335,5
directional_extrapolation,high_k_to_low_k,mlp,timing,k,RMSE,0.00046026711141425937,0.0003474101098886195,0.00031577231061241445,0.00020902984289642915,0.0005623824024196904,5
directional_extrapolation,high_k_to_low_k,mlp,timing,k,NMAE,0.17503801578394534,0.14067571121580774,0.1150170338750537,0.07341338847768482,0.2139324055350134,5
directional_extrapolation,high_k_to_low_k,mlp,timing,k,NRMSE,0.18410684456570375,0.1389640439554478,0.1263089242449658,0.08361193715857165,0.22495296096787615,5
directional_extrapolation,high_k_to_low_k,mlp,timing,k,joint_error_median,0.2654440573631808,0.1324303482772864,0.20233986228614861,0.1738914978541711,0.3129971997403942,5
directional_extrapolation,high_k_to_low_k,mlp,timing,wq,R2,0.595050373169701,0.14919845611480687,0.6470537191976944,0.6215850558296573,0.6681639540480947,5
directional_extrapolation,high_k_to_low_k,mlp,timing,wq,MAE,0.0456747526648163,0.007562141291141631,0.04258927843348661,0.042237591745275686,0.044529795659668255,5
directional_extrapolation,high_k_to_low_k,mlp,timing,wq,RMSE,0.05360174486646605,0.009197109805925046,0.05062764984554349,0.04909024987736606,0.052422484785371475,5
directional_extrapolation,high_k_to_low_k,mlp,timing,wq,NMAE,0.17399905777072874,0.02880815729958716,0.16224487022280612,0.16090511141057404,0.1696373167987362,5
directional_extrapolation,high_k_to_low_k,mlp,timing,wq,NRMSE,0.20419712330082307,0.035036608784476356,0.19286723750683235,0.18701047572329926,0.19970470394427228,5
directional_extrapolation,high_k_to_low_k,mlp,timing,wq,joint_error_median,0.22749596918597023,0.10956320444243445,0.17886922551079773,0.1439736530282264,0.27897954606173625,5
directional_extrapolation,high_k_to_low_k,random_forest,all_shooting,k,R2,-7.6715115685667055,0.5209718115377115,-7.8921659082991,-8.037028614553996,-7.352114781931979,5
directional_extrapolation,high_k_to_low_k,random_forest,all_shooting,k,MAE,0.0005651922140359645,1.7051954800690958e-05,0.0005738579996392502,0.0005580904743404748,0.0005771503727753733,5
directional_extrapolation,high_k_to_low_k,random_forest,all_shooting,k,RMSE,0.0006008725681197616,1.8205044107858614e-05,0.0006086927902035607,0.0005899193017527898,0.0006136308816705282,5
directional_extrapolation,high_k_to_low_k,random_forest,all_shooting,k,NMAE,0.22607688561438583,0.006820781920276382,0.22954319985570007,0.22323618973618992,0.23086014911014932,5
directional_extrapolation,high_k_to_low_k,random_forest,all_shooting,k,NRMSE,0.2403490272479046,0.007282017643143448,0.24347711608142425,0.2359677207011159,0.2454523526682113,5
directional_extrapolation,high_k_to_low_k,random_forest,all_shooting,k,joint_error_median,0.3140943968791526,0.03507254628591752,0.30620555239207525,0.29967125966762326,0.34721650883684446,5
directional_extrapolation,high_k_to_low_k,random_forest,all_shooting,wq,R2,0.501712417717244,0.2868439595789601,0.5770071223757628,0.30269917811990066,0.68652443101768,5
directional_extrapolation,high_k_to_low_k,random_forest,all_shooting,wq,MAE,0.044133903769841235,0.012085015652486476,0.041529411676286675,0.03879326073232323,0.05159673220298219,5
directional_extrapolation,high_k_to_low_k,random_forest,all_shooting,wq,RMSE,0.05802269645174087,0.01774894768970488,0.05542427108787179,0.047712844916336386,0.07116124724430783,5
directional_extrapolation,high_k_to_low_k,random_forest,all_shooting,wq,NMAE,0.16812915721844282,0.046038154866615145,0.15820728257633018,0.1477838504088504,0.19655897982088455,5
directional_extrapolation,high_k_to_low_k,random_forest,all_shooting,wq,NRMSE,0.22103884362567947,0.06761503881792336,0.21114008033474968,0.1817632187289005,0.27109046569260126,5
directional_extrapolation,high_k_to_low_k,random_forest,all_shooting,wq,joint_error_median,0.2285911494764843,0.01855616320282224,0.23453389089883359,0.22864190778201804,0.23725016025810416,5
directional_extrapolation,high_k_to_low_k,random_forest,orbital,k,R2,-22.335168773194013,2.447916404390557,-21.766515470469468,-22.795687368029267,-21.38379402009149,5
directional_extrapolation,high_k_to_low_k,random_forest,orbital,k,MAE,0.0009569706379754534,4.656401555938032e-05,0.000954240648505494,0.0009410330015568109,0.0009562532999807756,5
directional_extrapolation,high_k_to_low_k,random_forest,orbital,k,RMSE,0.0009849933878512246,5.107255589417082e-05,0.0009739634547915857,0.000965742245203387,0.0009957343891158355,5
directional_extrapolation,high_k_to_low_k,random_forest,orbital,k,NMAE,0.38278825519018134,0.018625606223752124,0.3816962594021976,0.3764132006227243,0.38250131999231024,5
directional_extrapolation,high_k_to_low_k,random_forest,orbital,k,NRMSE,0.3939973551404899,0.020429022357668327,0.3895853819166343,0.3862968980813548,0.39829375564633424,5
directional_extrapolation,high_k_to_low_k,random_forest,orbital,k,joint_error_median,0.5103668826442329,0.025662234433271893,0.5015767501364456,0.48991790791419565,0.5241392821511336,5
directional_extrapolation,high_k_to_low_k,random_forest,orbital,wq,R2,-0.0904277073933553,0.06436284640550065,-0.09961225954148012,-0.12276680913861848,-0.02706874583499319,5
directional_extrapolation,high_k_to_low_k,random_forest,orbital,wq,MAE,0.07763363481040564,0.002033925639177948,0.07782800625300633,0.07581291811968889,0.0783620377886003,5
directional_extrapolation,high_k_to_low_k,random_forest,orbital,wq,RMSE,0.08895717562514652,0.0026224203710400497,0.08936207598408068,0.08636409364469776,0.09029802378158334,5
directional_extrapolation,high_k_to_low_k,random_forest,orbital,wq,NMAE,0.29574718023011665,0.00774828814924934,0.2964876428685955,0.28881111664643383,0.2985220487184773,5
directional_extrapolation,high_k_to_low_k,random_forest,orbital,wq,NRMSE,0.3388844785719867,0.009990172842057339,0.34042695612983115,0.32900607102742,0.3439924715488889,5
directional_extrapolation,high_k_to_low_k,random_forest,orbital,wq,joint_error_median,0.48008507159316516,0.010050203824940696,0.4776454614538675,0.47493091606111537,0.4825678768984675,5
directional_extrapolation,high_k_to_low_k,random_forest,photon_geometry,k,R2,-9.814722874920292,0.6993190822059658,-10.084299317151611,-10.110436784292734,-9.894019797836613,5
directional_extrapolation,high_k_to_low_k,random_forest,photon_geometry,k,MAE,0.0006395590886035965,2.199910758967542e-05,0.0006467065245711083,0.0006443850026236394,0.000648234992420599,5
directional_extrapolation,high_k_to_low_k,random_forest,photon_geometry,k,RMSE,0.0006709855645603245,2.2131009730168147e-05,0.0006795923814179476,0.0006737339917033469,0.000680393170168688,5
directional_extrapolation,high_k_to_low_k,random_forest,photon_geometry,k,NMAE,0.2558236354414386,0.008799643035870157,0.2586826098284433,0.2577540010494557,0.25929399696823957,5
directional_extrapolation,high_k_to_low_k,random_forest,photon_geometry,k,NRMSE,0.26839422582412975,0.00885240389206726,0.27183695256717905,0.26949359668133877,0.2721572680674752,5
directional_extrapolation,high_k_to_low_k,random_forest,photon_geometry,k,joint_error_median,0.3543192657149701,0.011078890838641671,0.35712151304368045,0.3520206449579599,0.36243189194676995,5
directional_extrapolation,high_k_to_low_k,random_forest,photon_geometry,wq,R2,0.5571904393558801,0.0352627888397222,0.5612174649543575,0.5271567613421937,0.5638135920163925,5
directional_extrapolation,high_k_to_low_k,random_forest,photon_geometry,wq,MAE,0.04879468704906202,0.0021608867867433743,0.04965216976310724,0.048156564153439024,0.05032924257455506,5
directional_extrapolation,high_k_to_low_k,random_forest,photon_geometry,wq,RMSE,0.05667089785557833,0.0022834878197045758,0.056449243909158404,0.056282000670835254,0.05859924957653238,5
directional_extrapolation,high_k_to_low_k,random_forest,photon_geometry,wq,NMAE,0.1858845220916648,0.008231949663784282,0.1891511229070752,0.18345357772738674,0.1917304479030669,5
directional_extrapolation,high_k_to_low_k,random_forest,photon_geometry,wq,NRMSE,0.2158891346879174,0.008699001217922189,0.21504473870155583,0.2144076216031819,0.22323523648202812,5
directional_extrapolation,high_k_to_low_k,random_forest,photon_geometry,wq,joint_error_median,0.27527447296118684,0.017919585512895072,0.2725684205760473,0.26955896477759433,0.27811424117438854,5
directional_extrapolation,high_k_to_low_k,random_forest,redshift,k,R2,-7.516959038221733,0.5678062141419521,-7.2940360419494095,-7.823177480252683,-7.168487727703296,5
directional_extrapolation,high_k_to_low_k,random_forest,redshift,k,MAE,0.000564965157527658,1.961397093286599e-05,0.0005566809463684468,0.0005536317289963127,0.000577274906806157,5
directional_extrapolation,high_k_to_low_k,random_forest,redshift,k,RMSE,0.0005954516322969951,1.970554662027547e-05,0.0005878646401011251,0.0005833983676022506,0.0006063269703802796,5
directional_extrapolation,high_k_to_low_k,random_forest,redshift,k,NMAE,0.22598606301106314,0.007845588373146393,0.2226723785473787,0.22145269159852507,0.23090996272246278,5
directional_extrapolation,high_k_to_low_k,random_forest,redshift,k,NRMSE,0.23818065291879806,0.007882218648110189,0.23514585604045005,0.23335934704090022,0.24253078815211185,5
directional_extrapolation,high_k_to_low_k,random_forest,redshift,k,joint_error_median,0.31341107841056115,0.019780567920327046,0.31799549734381793,0.31696640168705237,0.31820628104646814,5
directional_extrapolation,high_k_to_low_k,random_forest,redshift,wq,R2,0.5720249209414203,0.1405760072135445,0.6206564805128415,0.49538343113826677,0.6232110445154506,5
directional_extrapolation,high_k_to_low_k,random_forest,redshift,wq,MAE,0.04577647700626394,0.006576160050080773,0.04437801827801838,0.04290645893458394,0.04877910729316969,5
directional_extrapolation,high_k_to_low_k,random_forest,redshift,wq,RMSE,0.05513966347621694,0.009195717346261324,0.052486763958837224,0.05230973801146231,0.060536068997950596,5
directional_extrapolation,high_k_to_low_k,random_forest,redshift,wq,NMAE,0.17438657907148164,0.025052038286021993,0.1690591172495938,0.1634531768936531,0.18582517064064644,5
directional_extrapolation,high_k_to_low_k,random_forest,redshift,wq,NRMSE,0.21005586086177877,0.03503130417623362,0.19994957698604657,0.19927519242461833,0.23061359618266894,5
directional_extrapolation,high_k_to_low_k,random_forest,redshift,wq,joint_error_median,0.2562289729623182,0.020984586319242375,0.258761248566356,0.2493624166790065,0.26085990035659895,5
directional_extrapolation,high_k_to_low_k,random_forest,ringdown,k,R2,-6.012292455808095,0.01700431230884542,-6.000000000000014,-6.027317708333347,-6.000000000000014,5
directional_extrapolation,high_k_to_low_k,random_forest,ringdown,k,MAE,0.0005005366161616167,7.389330751716844e-07,0.0005000000000000006,0.0005000000000000006,0.0005012310606060612,5
directional_extrapolation,high_k_to_low_k,random_forest,ringdown,k,RMSE,0.0005405353909605507,6.552141460540002e-07,0.0005400617248673222,0.0005400617248673222,0.0005411145022210081,5
directional_extrapolation,high_k_to_low_k,random_forest,ringdown,k,NMAE,0.20021464646464668,0.0002955732300686799,0.2000000000000002,0.2000000000000002,0.20049242424242447,5
directional_extrapolation,high_k_to_low_k,random_forest,ringdown,k,NRMSE,0.2162141563842203,0.0002620856584216082,0.21602468994692886,0.21602468994692886,0.21644580088840326,5
directional_extrapolation,high_k_to_low_k,random_forest,ringdown,k,joint_error_median,0.387139152503852,0.02208284177428463,0.3835002250471719,0.3673776392316131,0.40455817625325996,5
directional_extrapolation,high_k_to_low_k,random_forest,ringdown,wq,R2,-0.7877555888242828,0.19985046324557248,-0.757449402927614,-0.9598092791647987,-0.6298622475555189,5
directional_extrapolation,high_k_to_low_k,random_forest,ringdown,wq,MAE,0.0934919142316017,0.005334235492077223,0.0922203237734487,0.08937290163540162,0.09819300595238091,5
directional_extrapolation,high_k_to_low_k,random_forest,ringdown,wq,RMSE,0.11380088742374264,0.006359875029269915,0.11297305630966732,0.10879499410372806,0.11929997910942976,5
directional_extrapolation,high_k_to_low_k,random_forest,ringdown,wq,NMAE,0.3561596732632446,0.02032089711267513,0.3513155191369474,0.3404681967062919,0.3740685941043082,5
directional_extrapolation,high_k_to_low_k,random_forest,ringdown,wq,NRMSE,0.4335271901856862,0.02422809534959968,0.4303735478463517,0.4144571203951545,0.4544761108930657,5
directional_extrapolation,high_k_to_low_k,random_forest,ringdown,wq,joint_error_median,0.3532559486790797,0.03545476813910046,0.3434796903691326,0.3235065985683203,0.38508179459822717,5
directional_extrapolation,high_k_to_low_k,random_forest,ringdown_plus_all_shooting,k,R2,-6.034404198232336,0.037654870056318845,-6.025026041666679,-6.064560448232336,-6.000000000000014,5
directional_extrapolation,high_k_to_low_k,random_forest,ringdown_plus_all_shooting,k,MAE,0.0005014583333333338,1.6543235068849338e-06,0.0005010416666666672,0.0005000000000000006,0.0005024305555555561,5
directional_extrapolation,high_k_to_low_k,random_forest,ringdown_plus_all_shooting,k,RMSE,0.0005413857186721416,1.448509663441988e-06,0.0005410262640600531,0.0005400617248673222,0.0005425464821957783,5
directional_extrapolation,high_k_to_low_k,random_forest,ringdown_plus_all_shooting,k,NMAE,0.2005833333333335,0.0006617294027539749,0.20041666666666688,0.2000000000000002,0.20097222222222244,5
directional_extrapolation,high_k_to_low_k,random_forest,ringdown_plus_all_shooting,k,NRMSE,0.2165542874688567,0.0005794038653767998,0.21641050562402125,0.21602468994692886,0.21701859287831132,5
directional_extrapolation,high_k_to_low_k,random_forest,ringdown_plus_all_shooting,k,joint_error_median,0.2907191547675347,0.03040104300624302,0.297389286190122,0.2774469749539702,0.3140446424403508,5
directional_extrapolation,high_k_to_low_k,random_forest,ringdown_plus_all_shooting,wq,R2,0.5061551261956337,0.2714673873198184,0.5793349831630529,0.30629001298124625,0.6550205645660196,5
directional_extrapolation,high_k_to_low_k,random_forest,ringdown_plus_all_shooting,wq,MAE,0.043726060455747943,0.011876449503011687,0.041202716149591125,0.04001263678451183,0.05126894991582498,5
directional_extrapolation,high_k_to_low_k,random_forest,ringdown_plus_all_shooting,wq,RMSE,0.057884301476336476,0.017168187111063514,0.05527155222009628,0.05005299466471459,0.0709777840261595,5
directional_extrapolation,high_k_to_low_k,random_forest,ringdown_plus_all_shooting,wq,NMAE,0.16657546840284929,0.04524361715433023,0.15696272818891857,0.152429092512426,0.19531028539361897,5
directional_extrapolation,high_k_to_low_k,random_forest,ringdown_plus_all_shooting,wq,NRMSE,0.220511624671758,0.06540261756595625,0.21055829417179536,0.19067807491319844,0.2703915581948933,5
directional_extrapolation,high_k_to_low_k,random_forest,ringdown_plus_all_shooting,wq,joint_error_median,0.21128791851207587,0.01568235591707993,0.21565113325959812,0.21144182143974788,0.21713895389463866,5
directional_extrapolation,high_k_to_low_k,random_forest,ringdown_plus_photon_geometry,k,R2,-6.027411773989913,0.03143906903785469,-6.017439236111124,-6.0485819128788005,-6.000000000000014,5
directional_extrapolation,high_k_to_low_k,random_forest,ringdown_plus_photon_geometry,k,MAE,0.0005012184343434348,1.5139344333129023e-06,0.0005005997474747479,0.0005000000000000006,0.0005019886363636368,5
directional_extrapolation,high_k_to_low_k,random_forest,ringdown_plus_photon_geometry,k,RMSE,0.0005411170417525752,1.2098766404461702e-06,0.0005407340395283342,0.0005400617248673222,0.000541932572407875,5
directional_extrapolation,high_k_to_low_k,random_forest,ringdown_plus_photon_geometry,k,NMAE,0.20048737373737394,0.0006055737733251661,0.20023989898989916,0.2000000000000002,0.20079545454545472,5
directional_extrapolation,high_k_to_low_k,random_forest,ringdown_plus_photon_geometry,k,NRMSE,0.2164468167010301,0.00048395065617847714,0.2162936158113337,0.21602468994692886,0.21677302896314998,5
directional_extrapolation,high_k_to_low_k,random_forest,ringdown_plus_photon_geometry,k,joint_error_median,0.3039121397813176,0.005296438339645169,0.3025294442428454,0.3010028496368236,0.30261475548049654,5
directional_extrapolation,high_k_to_low_k,random_forest,ringdown_plus_photon_geometry,wq,R2,0.5685771363995936,0.03990646065458769,0.5713844977195155,0.5363550870649791,0.5729287937131461,5
directional_extrapolation,high_k_to_low_k,random_forest,ringdown_plus_photon_geometry,wq,MAE,0.04803369498556996,0.002426625922111431,0.04887786721380469,0.047538665674603034,0.049671158008658,5
directional_extrapolation,high_k_to_low_k,random_forest,ringdown_plus_photon_geometry,wq,RMSE,0.055924310703868205,0.002631862864293591,0.055791418068553186,0.055690819501750456,0.058026478151564864,5
directional_extrapolation,high_k_to_low_k,random_forest,ringdown_plus_photon_geometry,wq,NMAE,0.18298550470693317,0.009244289227091161,0.18620139890973214,0.1810996787603925,0.1892234590806019,5
directional_extrapolation,high_k_to_low_k,random_forest,ringdown_plus_photon_geometry,wq,NRMSE,0.21304499315759315,0.010026144244927968,0.21253873549925023,0.21215550286381124,0.22105325010119947,5
directional_extrapolation,high_k_to_low_k,random_forest,ringdown_plus_photon_geometry,wq,joint_error_median,0.21361277131442474,0.007805979633160212,0.2103927361005748,0.20919329654816998,0.21335456670240532,5
directional_extrapolation,high_k_to_low_k,random_forest,timing,k,R2,-7.307834733880417,0.3592340866154948,-7.387167097115588,-7.446133114225818,-7.217999734322406,5
directional_extrapolation,high_k_to_low_k,random_forest,timing,k,MAE,0.00054961988936989,1.345923207565656e-05,0.0005510643638768645,0.000548334385521886,0.0005546155002405008,5
directional_extrapolation,high_k_to_low_k,random_forest,timing,k,RMSE,0.0005882421763515023,1.2792700047230844e-05,0.0005911558979771321,0.0005851637852744879,0.0005932303204428635,5
directional_extrapolation,high_k_to_low_k,random_forest,timing,k,NMAE,0.21984795574795596,0.0053836928302626276,0.2204257455507458,0.21933375420875442,0.2218462000962003,5
directional_extrapolation,high_k_to_low_k,random_forest,timing,k,NRMSE,0.2352968705406009,0.005117080018892332,0.23646235919085284,0.23406551410979515,0.23729212817714537,5
directional_extrapolation,high_k_to_low_k,random_forest,timing,k,joint_error_median,0.3289323295059032,0.009361942996158069,0.32824303975638497,0.3245619048072152,0.337863722563952,5
directional_extrapolation,high_k_to_low_k,random_forest,timing,wq,R2,0.4755424292858984,0.10785305547641327,0.45205190009218843,0.42839506652223147,0.47861610561447754,5
directional_extrapolation,high_k_to_low_k,random_forest,timing,wq,MAE,0.0514498875866348,0.006349356082121096,0.05235831379268887,0.05142372234247234,0.05609493371212118,5
directional_extrapolation,high_k_to_low_k,random_forest,timing,wq,RMSE,0.0614222020183264,0.006709847994103047,0.06308166902813951,0.06153359214602668,0.06442900835781322,5
directional_extrapolation,high_k_to_low_k,random_forest,timing,wq,NMAE,0.19599957175860874,0.024188023169985126,0.19946024301976711,0.19589989463798985,0.21369498556998545,5
directional_extrapolation,high_k_to_low_k,random_forest,timing,wq,NRMSE,0.23398934102219576,0.025561325691821127,0.24031112010719813,0.23441368436581592,0.24544384136309796,5
directional_extrapolation,high_k_to_low_k,random_forest,timing,wq,joint_error_median,0.23020551015283147,0.01740986468050381,0.23601864913910323,0.23404907220856672,0.23818522215276752,5
directional_extrapolation,high_wq_to_low_wq,hgb,all_shooting,k,R2,0.25084513861876234,0.18065901209261812,0.24243852948344136,0.18409133778895082,0.33462925796283916,5
directional_extrapolation,high_wq_to_low_wq,hgb,all_shooting,k,MAE,0.0004749761861110667,2.925916292816889e-05,0.00047598889630680004,0.0004630524040552386,0.0004920795781417149,5
directional_extrapolation,high_wq_to_low_wq,hgb,all_shooting,k,RMSE,0.0006801873827889375,8.341846811414808e-05,0.0006880958647404075,0.0006448695323654433,0.0007141028734586535,5
directional_extrapolation,high_wq_to_low_wq,hgb,all_shooting,k,NMAE,0.18999047444442668,0.011703665171267556,0.19039555852272003,0.18522096162209542,0.19683183125668596,5
directional_extrapolation,high_wq_to_low_wq,hgb,all_shooting,k,NRMSE,0.272074953115575,0.03336738724565924,0.27523834589616303,0.25794781294617736,0.2856411493834614,5
directional_extrapolation,high_wq_to_low_wq,hgb,all_shooting,k,joint_error_median,0.2986079734529016,0.00920793537767204,0.2977250608346158,0.2908063892655202,0.3022008670682519,5
directional_extrapolation,high_wq_to_low_wq,hgb,all_shooting,wq,R2,-9.679918704184022,0.7892855038752523,-9.361556259142409,-9.859417661116515,-9.271996460344774,5
directional_extrapolation,high_wq_to_low_wq,hgb,all_shooting,wq,MAE,0.057516492512645775,0.0021676690666652437,0.05660529877297075,0.05646606341223236,0.05817560323331952,5
directional_extrapolation,high_wq_to_low_wq,hgb,all_shooting,wq,RMSE,0.06111994257598954,0.0022283125831714166,0.06023407421298513,0.059973193559786545,0.06166418747903523,5
directional_extrapolation,high_wq_to_low_wq,hgb,all_shooting,wq,NMAE,0.21911044766722196,0.008257786920629506,0.21563923342084093,0.2151088129989804,0.22162134565074104,5
directional_extrapolation,high_wq_to_low_wq,hgb,all_shooting,wq,NRMSE,0.23283787647996018,0.00848880984065302,0.22946313985899094,0.22846930879918684,0.2349111903963247,5
directional_extrapolation,high_wq_to_low_wq,hgb,all_shooting,wq,joint_error_median,0.2711867755815833,0.012446060460077867,0.27248356216396136,0.26311117894276187,0.27461314342621745,5
directional_extrapolation,high_wq_to_low_wq,hgb,orbital,k,R2,-1.0786409413229734,0.14102771720752533,-1.1187000319695164,-1.1700633400544067,-1.0530445961166408,5
directional_extrapolation,high_wq_to_low_wq,hgb,orbital,k,MAE,0.0009354812846656807,3.6678343491599676e-05,0.0009251049824364423,0.0009215860480864576,0.0009382067496775687,5
directional_extrapolation,high_wq_to_low_wq,hgb,orbital,k,RMSE,0.001139261454122422,3.9273519668524075e-05,0.0011507334704356817,0.0011327633788982148,0.001164598466225164,5
directional_extrapolation,high_wq_to_low_wq,hgb,orbital,k,NMAE,0.3741925138662723,0.014671337396639856,0.3700419929745769,0.36863441923458307,0.37528269987102747,5
directional_extrapolation,high_wq_to_low_wq,hgb,orbital,k,NRMSE,0.45570458164896877,0.015709407867409646,0.4602933881742727,0.45310535155928594,0.46583938649006557,5
directional_extrapolation,high_wq_to_low_wq,hgb,orbital,k,joint_error_median,0.5518779711815094,0.018470706767915054,0.5462718264507906,0.5420378104050316,0.553506883334735,5
directional_extrapolation,high_wq_to_low_wq,hgb,orbital,wq,R2,-23.32301165244736,4.795342584161484,-21.965097199618153,-23.724084339120232,-19.99802548055353,5
directional_extrapolation,high_wq_to_low_wq,hgb,orbital,wq,MAE,0.08834784070193524,0.008931736817459996,0.08720221713561786,0.08141389268235172,0.08885742270004088,5
directional_extrapolation,high_wq_to_low_wq,hgb,orbital,wq,RMSE,0.09195440779947373,0.008746035943901895,0.08967345212685747,0.0857470078441499,0.09304431720318102,5
directional_extrapolation,high_wq_to_low_wq,hgb,orbital,wq,NMAE,0.336563202674039,0.03402566406651427,0.33219892242140137,0.3101481625994351,0.33850446742872714,5
directional_extrapolation,high_wq_to_low_wq,hgb,orbital,wq,NRMSE,0.350302505902757,0.033318232167245325,0.341613150959457,0.3266552679777139,0.35445454172640384,5
directional_extrapolation,high_wq_to_low_wq,hgb,orbital,wq,joint_error_median,0.5168134813786212,0.032951094907713856,0.5194365338133422,0.504585318375772,0.5218780282068525,5
directional_extrapolation,high_wq_to_low_wq,hgb,photon_geometry,k,R2,0.300594788451288,0.04506340309346149,0.2999491454865282,0.2805641396789811,0.3295827003889029,5
directional_extrapolation,high_wq_to_low_wq,hgb,photon_geometry,k,MAE,0.0005427944505992882,1.3387970575879308e-05,0.0005497865606625839,0.000532324974251237,0.0005535366956508818,5
directional_extrapolation,high_wq_to_low_wq,hgb,photon_geometry,k,RMSE,0.0006608834264764601,2.125305350644702e-05,0.000661461853829017,0.0006473104450392684,0.0006705575386949556,5
directional_extrapolation,high_wq_to_low_wq,hgb,photon_geometry,k,NMAE,0.21711778023971523,0.0053551882303517215,0.21991462426503355,0.2129299897004948,0.22141467826035272,5
directional_extrapolation,high_wq_to_low_wq,hgb,photon_geometry,k,NRMSE,0.264353370590584,0.008501221402578816,0.2645847415316068,0.25892417801570733,0.2682230154779822,5
directional_extrapolation,high_wq_to_low_wq,hgb,photon_geometry,k,joint_error_median,0.3407478256871278,0.012094180107730671,0.341158075400961,0.3382483181019857,0.3437455744182238,5
directional_extrapolation,high_wq_to_low_wq,hgb,photon_geometry,wq,R2,-10.076801722516638,0.5898918314730196,-9.901493170051596,-10.230777735916332,-9.797012625646175,5
directional_extrapolation,high_wq_to_low_wq,hgb,photon_geometry,wq,MAE,0.05951838692891899,0.0016083505315228515,0.059050519386583594,0.05871448826601402,0.05994699296678404,5
directional_extrapolation,high_wq_to_low_wq,hgb,photon_geometry,wq,RMSE,0.06226094035545576,0.0016451792900331978,0.061783532908947336,0.0614867516187697,0.06270969105555424,5
directional_extrapolation,high_wq_to_low_wq,hgb,photon_geometry,wq,NMAE,0.22673671211016755,0.006127049643896577,0.2249543595679375,0.22367424101338673,0.22836949701632014,5
directional_extrapolation,high_wq_to_low_wq,hgb,photon_geometry,wq,NRMSE,0.23718453468745054,0.0062673496763169445,0.2353658396531327,0.2342352442619798,0.23889406116401615,5
directional_extrapolation,high_wq_to_low_wq,hgb,photon_geometry,wq,joint_error_median,0.3289933825409689,0.010641236999468387,0.3287523552539017,0.32277052393994626,0.33240513309391795,5
directional_extrapolation,high_wq_to_low_wq,hgb,redshift,k,R2,0.05586109902858991,0.06519045758235249,0.07261166234844774,0.016758368652227573,0.1018288438135635,5
directional_extrapolation,high_wq_to_low_wq,hgb,redshift,k,MAE,0.0006074182554542564,1.3893833173155433e-05,0.0006002789561981635,0.0006000351915947456,0.0006071759822898912,5
directional_extrapolation,high_wq_to_low_wq,hgb,redshift,k,RMSE,0.000767808856114398,2.6371707837918808e-05,0.0007613262842121111,0.0007492375942359825,0.0007839170999489409,5
directional_extrapolation,high_wq_to_low_wq,hgb,redshift,k,NMAE,0.24296730218170257,0.005557533269262162,0.2401115824792654,0.24001407663789823,0.24287039291595647,5
directional_extrapolation,high_wq_to_low_wq,hgb,redshift,k,NRMSE,0.30712354244575923,0.010548683135167512,0.3045305136848444,0.299695037694393,0.31356683997957635,5
directional_extrapolation,high_wq_to_low_wq,hgb,redshift,k,joint_error_median,0.35302881009458603,0.0071457012216308725,0.35536725114292544,0.3553425294712043,0.3564110394507001,5
directional_extrapolation,high_wq_to_low_wq,hgb,redshift,wq,R2,-11.018145758336207,0.33342705042587517,-11.053943532436374,-11.26338454988037,-11.051068563389043,5
directional_extrapolation,high_wq_to_low_wq,hgb,redshift,wq,MAE,0.06211997583022363,0.0009552425417409085,0.062266060289996955,0.062212708922674706,0.06280657665618092,5
directional_extrapolation,high_wq_to_low_wq,hgb,redshift,wq,RMSE,0.06486561837155252,0.0009063807264282403,0.06496722568206063,0.06495947759941707,0.06552920791581311,5
directional_extrapolation,high_wq_to_low_wq,hgb,redshift,wq,NMAE,0.23664752697228053,0.003639019206632036,0.2372040391999884,0.23700079589590364,0.23926314916640348,5
directional_extrapolation,high_wq_to_low_wq,hgb,redshift,wq,NRMSE,0.24710711760591436,0.003452878957821867,0.2474941930745167,0.2474646765692079,0.24963507777452612,5
directional_extrapolation,high_wq_to_low_wq,hgb,redshift,wq,joint_error_median,0.3469060089433419,0.005944458106023895,0.3469271712379891,0.3452232147959409,0.34932565320955955,5
directional_extrapolation,high_wq_to_low_wq,hgb,ringdown,k,R2,0.922479133725839,0.009757580032959925,0.9232092634811646,0.9129339147208653,0.9304147353137266,5
directional_extrapolation,high_wq_to_low_wq,hgb,ringdown,k,MAE,0.00017945235617793334,9.624162821042107e-06,0.0001815613939590545,0.0001742978581071425,0.00018240370817462122,5
directional_extrapolation,high_wq_to_low_wq,hgb,ringdown,k,RMSE,0.00021976469188070172,1.3875410981792689e-05,0.0002190758095369549,0.00020854445672067345,0.00023327302308552347,5
directional_extrapolation,high_wq_to_low_wq,hgb,ringdown,k,NMAE,0.07178094247117332,0.0038496651284168396,0.07262455758362181,0.069719143242857,0.07296148326984848,5
directional_extrapolation,high_wq_to_low_wq,hgb,ringdown,k,NRMSE,0.08790587675228069,0.0055501643927170765,0.08763032381478196,0.08341778268826938,0.09330920923420939,5
directional_extrapolation,high_wq_to_low_wq,hgb,ringdown,k,joint_error_median,0.4941298952428891,0.005014345729563443,0.4916954870599333,0.4913750182871632,0.4985550342916384,5
directional_extrapolation,high_wq_to_low_wq,hgb,ringdown,wq,R2,-44.72698979025206,0.8393310393375948,-44.276370162477974,-45.06665581725603,-44.21019436307682,5
directional_extrapolation,high_wq_to_low_wq,hgb,ringdown,wq,MAE,0.12310319679783074,0.002334921358455872,0.12239233970434767,0.12228682883007262,0.12348082791048656,5
directional_extrapolation,high_wq_to_low_wq,hgb,ringdown,wq,RMSE,0.12653233367994707,0.0011573646366266276,0.1259115429618278,0.12581949335823558,0.12700566360546015,5
directional_extrapolation,high_wq_to_low_wq,hgb,ringdown,wq,NMAE,0.4689645592298314,0.008894938508403314,0.4662565322070387,0.4658545860193243,0.4704031539447107,5
directional_extrapolation,high_wq_to_low_wq,hgb,ringdown,wq,NRMSE,0.4820279378283697,0.004409008139530007,0.47966302080696305,0.47931235565042124,0.48383109944937197,5
directional_extrapolation,high_wq_to_low_wq,hgb,ringdown,wq,joint_error_median,0.48359970252378215,0.012081076611754544,0.4845570157448596,0.4798334393277325,0.4934936410212305,5
directional_extrapolation,high_wq_to_low_wq,hgb,ringdown_plus_all_shooting,k,R2,0.9378613899354619,0.010958781133962706,0.9410775000402487,0.9403947281874774,0.9431599180102676,5
directional_extrapolation,high_wq_to_low_wq,hgb,ringdown_plus_all_shooting,k,MAE,0.00015088939429711817,2.0636950275443296e-05,0.0001427944533915037,0.00013660568519335953,0.00015785473625196063,5
directional_extrapolation,high_wq_to_low_wq,hgb,ringdown_plus_all_shooting,k,RMSE,0.00019651012827213922,1.6598221922984837e-05,0.0001919024816797441,0.00018848090418815052,0.0001930111263187349,5
directional_extrapolation,high_wq_to_low_wq,hgb,ringdown_plus_all_shooting,k,NMAE,0.06035575771884727,0.00825478011017732,0.05711778135660148,0.05464227407734381,0.06314189450078425,5
directional_extrapolation,high_wq_to_low_wq,hgb,ringdown_plus_all_shooting,k,NRMSE,0.07860405130885569,0.0066392887691939335,0.07676099267189765,0.07539236167526021,0.07720445052749396,5
directional_extrapolation,high_wq_to_low_wq,hgb,ringdown_plus_all_shooting,k,joint_error_median,0.23208015112000044,0.009473436619322723,0.2285945952776033,0.2265290128871755,0.2411082113654461,5
directional_extrapolation,high_wq_to_low_wq,hgb,ringdown_plus_all_shooting,wq,R2,-9.69187276651212,0.7521199864520849,-9.461924867284951,-9.781786220832084,-9.361556259142409,5
directional_extrapolation,high_wq_to_low_wq,hgb,ringdown_plus_all_shooting,wq,MAE,0.057542915623266654,0.00207293000362191,0.05698624667433528,0.05660529877297075,0.057931966139092836,5
directional_extrapolation,high_wq_to_low_wq,hgb,ringdown_plus_all_shooting,wq,RMSE,0.061157137155337105,0.0021242715244701865,0.060525103867139524,0.06023407421298513,0.06144338071094002,5
directional_extrapolation,high_wq_to_low_wq,hgb,ringdown_plus_all_shooting,wq,NMAE,0.2192111071362539,0.007896876204273944,0.21709046352127725,0.21563923342084093,0.22069320433940126,5
directional_extrapolation,high_wq_to_low_wq,hgb,ringdown_plus_all_shooting,wq,NRMSE,0.2329795701155699,0.008092462950362613,0.2305718242557696,0.22946313985899094,0.23407002175596198,5
directional_extrapolation,high_wq_to_low_wq,hgb,ringdown_plus_all_shooting,wq,joint_error_median,0.22506031208719862,0.008072355049893516,0.2254524314002937,0.2197182699957678,0.23030825027282636,5
directional_extrapolation,high_wq_to_low_wq,hgb,ringdown_plus_photon_geometry,k,R2,0.9296807571311818,0.0077265585922477835,0.9327247912421089,0.9251098822860728,0.9350373991728713,5
directional_extrapolation,high_wq_to_low_wq,hgb,ringdown_plus_photon_geometry,k,MAE,0.0001761507369805339,9.142587121407794e-06,0.00017601552971727573,0.00017532909977226058,0.0001780693951214909,5
directional_extrapolation,high_wq_to_low_wq,hgb,ringdown_plus_photon_geometry,k,RMSE,0.00020939399019886053,1.1384400599657697e-05,0.00020505366486284,0.00020149845040832307,0.00021634769139328584,5
directional_extrapolation,high_wq_to_low_wq,hgb,ringdown_plus_photon_geometry,k,NMAE,0.07046029479221357,0.0036570348485631178,0.07040621188691029,0.07013163990890423,0.07122775804859637,5
directional_extrapolation,high_wq_to_low_wq,hgb,ringdown_plus_photon_geometry,k,NRMSE,0.08375759607954421,0.004553760239863079,0.082021465945136,0.08059938016332922,0.08653907655731434,5
directional_extrapolation,high_wq_to_low_wq,hgb,ringdown_plus_photon_geometry,k,joint_error_median,0.2473000475189202,0.009959336774009397,0.2460376168456466,0.2395399852978607,0.2498512079556547,5
directional_extrapolation,high_wq_to_low_wq,hgb,ringdown_plus_photon_geometry,wq,R2,-9.673049629616347,0.5912429040560829,-9.52924481856808,-9.822747660501506,-9.222619312110298,5
directional_extrapolation,high_wq_to_low_wq,hgb,ringdown_plus_photon_geometry,wq,MAE,0.058271951536738385,0.0015596178832410438,0.05788620429500491,0.05708772879690445,0.05878475868364248,5
directional_extrapolation,high_wq_to_low_wq,hgb,ringdown_plus_photon_geometry,wq,RMSE,0.061114367078290835,0.001676522645902709,0.060719523795551074,0.05982887533580481,0.06155998585350422,5
directional_extrapolation,high_wq_to_low_wq,hgb,ringdown_plus_photon_geometry,wq,NMAE,0.22198838680662242,0.005941401459965879,0.2205188735047806,0.2174770620834455,0.22394193784244754,5
directional_extrapolation,high_wq_to_low_wq,hgb,ringdown_plus_photon_geometry,wq,NRMSE,0.23281663648872697,0.006386752936772226,0.2313124716020993,0.22791952508878022,0.23451423182287323,5
directional_extrapolation,high_wq_to_low_wq,hgb,ringdown_plus_photon_geometry,wq,joint_error_median,0.2338106732591753,0.009985218907490283,0.2379043826236198,0.22881538931420325,0.23824821257789086,5
directional_extrapolation,high_wq_to_low_wq,hgb,timing,k,R2,-0.08850090601199134,0.10108962957640333,-0.05974412345669666,-0.11546883057328317,-0.032896341257458106,5
directional_extrapolation,high_wq_to_low_wq,hgb,timing,k,MAE,0.0005371042984607827,1.6895969590357747e-05,0.0005293355707322286,0.0005266249425993567,0.0005461068398387118,5
directional_extrapolation,high_wq_to_low_wq,hgb,timing,k,RMSE,0.0008241189626666054,3.7765752190527145e-05,0.0008138427840562546,0.0008034676180692732,0.0008349658790084191,5
directional_extrapolation,high_wq_to_low_wq,hgb,timing,k,NMAE,0.21484171938431307,0.006758387836143103,0.21173422829289146,0.21064997703974267,0.21844273593548472,5
directional_extrapolation,high_wq_to_low_wq,hgb,timing,k,NRMSE,0.3296475850666421,0.01510630087621086,0.3255371136225018,0.3213870472277093,0.33398635160336765,5
directional_extrapolation,high_wq_to_low_wq,hgb,timing,k,joint_error_median,0.28373472004639566,0.012522710568465711,0.28457652507654685,0.2727978284920965,0.28913550510133706,5
directional_extrapolation,high_wq_to_low_wq,hgb,timing,wq,R2,-10.495639009221161,0.8928355274140649,-10.760923489451475,-10.871373475550934,-9.627168059308188,5
directional_extrapolation,high_wq_to_low_wq,hgb,timing,wq,MAE,0.05679773947362897,0.002472294891951883,0.057319378107745025,0.0545158607115607,0.05817683182077415,5
directional_extrapolation,high_wq_to_low_wq,hgb,timing,wq,RMSE,0.06340656763571598,0.0024634458210031555,0.0641727214526285,0.06100121978967926,0.06447334890109555,5
directional_extrapolation,high_wq_to_low_wq,hgb,timing,wq,NMAE,0.21637234085191986,0.009418266255054793,0.21835953564855246,0.20767946937737408,0.22162602598390152,5
directional_extrapolation,high_wq_to_low_wq,hgb,timing,wq,NRMSE,0.24154882908844183,0.009384555508583452,0.24446751029572764,0.23238559919877813,0.2456127577184592,5
directional_extrapolation,high_wq_to_low_wq,hgb,timing,wq,joint_error_median,0.2681776294960504,0.027740712536856192,0.28167603643996075,0.2563698990178141,0.28855780723950575,5
directional_extrapolation,high_wq_to_low_wq,mlp,all_shooting,k,R2,-71890.49251398232,51655.301663139966,-68853.06196228998,-115358.4890183522,-40785.19131209656,5
directional_extrapolation,high_wq_to_low_wq,mlp,all_shooting,k,MAE,0.062078677004310356,0.029682506463616615,0.06646013513338343,0.05044399814311346,0.08558648370221196,5
directional_extrapolation,high_wq_to_low_wq,mlp,all_shooting,k,RMSE,0.19512699975198924,0.092585344338522,0.20744586938869436,0.15966016901550728,0.26851383695532366,5
directional_extrapolation,high_wq_to_low_wq,mlp,all_shooting,k,NMAE,24.831470801724144,11.873002585446645,26.584054053353373,20.177599257245383,34.23459348088478,5
directional_extrapolation,high_wq_to_low_wq,mlp,all_shooting,k,NRMSE,78.05079990079568,37.0341377354088,82.97834775547774,63.86406760620291,107.40553478212946,5
directional_extrapolation,high_wq_to_low_wq,mlp,all_shooting,k,joint_error_median,0.4916775006510591,0.1439117243693467,0.5236661393609667,0.4681396774219661,0.594233131158461,5
directional_extrapolation,high_wq_to_low_wq,mlp,all_shooting,wq,R2,-2575295.241212224,5115571.623093303,-144176.856322539,-964221.3550144787,-67661.24815800299,5
directional_extrapolation,high_wq_to_low_wq,mlp,all_shooting,wq,MAE,6.374058638440459,8.782608430482389,2.3554299441250084,1.5810255677100138,6.10634727667792,5
directional_extrapolation,high_wq_to_low_wq,mlp,all_shooting,wq,RMSE,18.97388287526538,26.02265540157841,7.1052444984021745,4.867466338893754,18.374619016491543,5
directional_extrapolation,high_wq_to_low_wq,mlp,all_shooting,wq,NMAE,24.282128146439838,33.45755592564719,8.973066453809555,6.022954543657195,23.26227533972541,5
directional_extrapolation,high_wq_to_low_wq,mlp,all_shooting,wq,NRMSE,72.28145857243956,99.13392533934632,27.06759808915114,18.542728910071443,69.9985486342535,5
directional_extrapolation,high_wq_to_low_wq,mlp,all_shooting,wq,joint_error_median,0.39462952836110937,0.11400711765388312,0.372944615716295,0.3535736938529059,0.45325398392938515,5
directional_extrapolation,high_wq_to_low_wq,mlp,orbital,k,R2,-600172.4817795792,1221353.1709129373,-72841.2979394988,-135663.05097225573,-9544.002025699469,5
directional_extrapolation,high_wq_to_low_wq,mlp,orbital,k,MAE,0.1218162021042355,0.1717230129267251,0.06768667617814277,0.023971183462878555,0.09438357186315138,5
directional_extrapolation,high_wq_to_low_wq,mlp,orbital,k,RMSE,0.38035036565274905,0.536705256006564,0.2133692485157755,0.07723746672478433,0.29118727969755104,5
directional_extrapolation,high_wq_to_low_wq,mlp,orbital,k,NMAE,48.7264808416942,68.68920517069004,27.074670471257107,9.588473385151422,37.75342874526055,5
directional_extrapolation,high_wq_to_low_wq,mlp,orbital,k,NRMSE,152.1401462610996,214.68210240262556,85.3476994063102,30.894986689913733,116.47491187902041,5
directional_extrapolation,high_wq_to_low_wq,mlp,orbital,k,joint_error_median,0.6799836489025632,0.10999539152513677,0.6716271761423935,0.5946927504943627,0.7886398548643238,5
directional_extrapolation,high_wq_to_low_wq,mlp,orbital,wq,R2,-71429466.18003066,158140170.0124073,-356501.205813406,-2341166.76047516,-95719.58786892472,5
directional_extrapolation,high_wq_to_low_wq,mlp,orbital,wq,MAE,27.03250321031239,51.19464116697947,3.8117474657866737,1.983449081074342,9.679937792120088,5
directional_extrapolation,high_wq_to_low_wq,mlp,orbital,wq,RMSE,80.31145710849881,152.32123307357466,11.172769925456915,5.789384893905615,28.63162600145806,5
directional_extrapolation,high_wq_to_low_wq,mlp,orbital,wq,NMAE,102.98096461071387,195.0272044456361,14.520942726806375,7.555996499330826,36.87595349379081,5
directional_extrapolation,high_wq_to_low_wq,mlp,orbital,wq,NRMSE,305.9484080323765,580.2713640898082,42.56293304935968,22.054799595830914,109.07286095793546,5
directional_extrapolation,high_wq_to_low_wq,mlp,orbital,wq,joint_error_median,0.65443841682902,0.18058784972877687,0.6700612706559652,0.49074532894088785,0.7921756330071686,5
directional_extrapolation,high_wq_to_low_wq,mlp,photon_geometry,k,R2,-50.58233980976558,67.73081898100867,-23.85168949164696,-45.129638039975895,-9.704568362122233,5
directional_extrapolation,high_wq_to_low_wq,mlp,photon_geometry,k,MAE,0.0020180526284088044,0.0008258337561460405,0.0018418515100109493,0.0015949243494105146,0.0019016021813778317,5
directional_extrapolation,high_wq_to_low_wq,mlp,photon_geometry,k,RMSE,0.004846653012114494,0.003306984457414526,0.003941104658884277,0.0025865720995801368,0.005369452837578978,5
directional_extrapolation,high_wq_to_low_wq,mlp,photon_geometry,k,NMAE,0.8072210513635216,0.33033350245841625,0.7367406040043797,0.6379697397642058,0.7606408725511327,5
directional_extrapolation,high_wq_to_low_wq,mlp,photon_geometry,k,NRMSE,1.9386612048457974,1.3227937829658105,1.5764418635537107,1.0346288398320547,2.147781135031591,5
directional_extrapolation,high_wq_to_low_wq,mlp,photon_geometry,k,joint_error_median,0.3947611908079938,0.19124627959154133,0.40234443409332493,0.24314738967181193,0.542638112774282,5
directional_extrapolation,high_wq_to_low_wq,mlp,photon_geometry,wq,R2,-365.3459270734414,411.63701381836967,-192.73450205246832,-447.5552437175287,-100.64282996053173,5
directional_extrapolation,high_wq_to_low_wq,mlp,photon_geometry,wq,MAE,0.14132969579304275,0.05743218281212485,0.15049371427757216,0.13412553481814765,0.18575624772845625,5
directional_extrapolation,high_wq_to_low_wq,mlp,photon_geometry,wq,RMSE,0.3138637328084926,0.19289623690119354,0.2604553186595803,0.18865491275896765,0.3963124484410797,5
directional_extrapolation,high_wq_to_low_wq,mlp,photon_geometry,wq,NMAE,0.5383988411163533,0.21878926785571373,0.5733093877240844,0.5109544183548482,0.7076428484893571,5
directional_extrapolation,high_wq_to_low_wq,mlp,photon_geometry,wq,NRMSE,1.1956713630799718,0.734842807242642,0.9922107377507822,0.7186853819389243,1.5097617083469703,5
directional_extrapolation,high_wq_to_low_wq,mlp,photon_geometry,wq,joint_error_median,0.38000474557784203,0.18621143476017957,0.3804188555385739,0.23835199100796167,0.5276153990409682,5
directional_extrapolation,high_wq_to_low_wq,mlp,redshift,k,R2,-25.475220723732143,26.032591696768474,-25.22891281264292,-42.67760307282627,-0.7460544741474928,5
directional_extrapolation,high_wq_to_low_wq,mlp,redshift,k,MAE,0.0016073594423061568,0.0010473610022140457,0.0017614571438824883,0.0006213256345624825,0.002217455931655508,5
directional_extrapolation,high_wq_to_low_wq,mlp,redshift,k,RMSE,0.0034109452039680923,0.002478019816269551,0.004048835697815093,0.0010446454165611329,0.005224796830549148,5
directional_extrapolation,high_wq_to_low_wq,mlp,redshift,k,NMAE,0.6429437769224627,0.41894440088561824,0.7045828575529953,0.24853025382499297,0.8869823726622033,5
directional_extrapolation,high_wq_to_low_wq,mlp,redshift,k,NRMSE,1.3643780815872366,0.9912079265078202,1.619534279126037,0.41785816662445313,2.089918732219659,5
directional_extrapolation,high_wq_to_low_wq,mlp,redshift,k,joint_error_median,0.5236663737659519,0.19372610290176073,0.5163663380254643,0.3721639674627019,0.5491296429092463,5
directional_extrapolation,high_wq_to_low_wq,mlp,redshift,wq,R2,-856.5761285565575,938.1178594931475,-530.9159310243881,-1148.8290636012375,-230.50637947265992,5
directional_extrapolation,high_wq_to_low_wq,mlp,redshift,wq,MAE,0.26026004361720184,0.14190984112441227,0.2537113379262278,0.20851503108100558,0.3042111433378272,5
directional_extrapolation,high_wq_to_low_wq,mlp,redshift,wq,RMSE,0.46897033088356954,0.31692036803607876,0.4315699962350964,0.2847155758095431,0.6345215638708923,5
directional_extrapolation,high_wq_to_low_wq,mlp,redshift,wq,NMAE,0.9914668328274354,0.5406089185691896,0.9665193825761058,0.7943429755466879,1.158899593667913,5
directional_extrapolation,high_wq_to_low_wq,mlp,redshift,wq,NRMSE,1.7865536414612173,1.2073156877564903,1.6440761761337004,1.0846307649887357,2.4172250052224467,5
directional_extrapolation,high_wq_to_low_wq,mlp,redshift,wq,joint_error_median,0.4482548135065799,0.22706791312924418,0.33451735107598646,0.32153555204418016,0.45163530924613216,5
directional_extrapolation,high_wq_to_low_wq,mlp,ringdown,k,R2,0.914013827120532,0.06620854417219622,0.8976174042017421,0.8717114206646975,0.9757295197340002,5
directional_extrapolation,high_wq_to_low_wq,mlp,ringdown,k,MAE,0.00018609314496619375,0.00010261001641513251,0.0002166693578248343,9.567422432530603e-05,0.0002693436401487768,5
directional_extrapolation,high_wq_to_low_wq,mlp,ringdown,k,RMSE,0.0002125425041038135,0.00010348334406408064,0.00025296071310365804,0.00012316269794970328,0.0002831613711023522,5
directional_extrapolation,high_wq_to_low_wq,mlp,ringdown,k,NMAE,0.0744372579864775,0.04104400656605301,0.08666774312993372,0.03826968973012241,0.10773745605951071,5
directional_extrapolation,high_wq_to_low_wq,mlp,ringdown,k,NRMSE,0.08501700164152541,0.04139333762563226,0.10118428524146321,0.04926507917988131,0.11326454844094089,5
directional_extrapolation,high_wq_to_low_wq,mlp,ringdown,k,joint_error_median,0.3403694748354225,0.23878234171076673,0.2367618511948979,0.1465577355673502,0.5343581783948521,5
directional_extrapolation,high_wq_to_low_wq,mlp,ringdown,wq,R2,-29.62712223627098,35.8719495552266,-8.124568618861888,-51.1684946231238,-5.854459170332396,5
directional_extrapolation,high_wq_to_low_wq,mlp,ringdown,wq,MAE,0.08166732286812708,0.06633939457753299,0.04899738192583349,0.038508990652541646,0.1337232337258117,5
directional_extrapolation,high_wq_to_low_wq,mlp,ringdown,wq,RMSE,0.0868071961332901,0.0631340824151651,0.056524394105933164,0.04899100424083331,0.13515555412822686,5
directional_extrapolation,high_wq_to_low_wq,mlp,ringdown,wq,NMAE,0.31111361092619844,0.25272150315250663,0.18665669305079424,0.14670091677158723,0.509421842764997,5
directional_extrapolation,high_wq_to_low_wq,mlp,ringdown,wq,NRMSE,0.3306940805077718,0.24051079015300988,0.21533102516545966,0.18663239710793642,0.5148783014408642,5
directional_extrapolation,high_wq_to_low_wq,mlp,ringdown,wq,joint_error_median,0.3281478004888457,0.24499714482766133,0.20659653320512683,0.14101738211107925,0.5324145023082227,5
directional_extrapolation,high_wq_to_low_wq,mlp,ringdown_plus_all_shooting,k,R2,-689257.8431268214,1464398.3014610223,-54766.577301605954,-83337.43325015635,-74.59849177175403,5
directional_extrapolation,high_wq_to_low_wq,mlp,ringdown_plus_all_shooting,k,MAE,0.11968615397530089,0.1927885600525567,0.06054298797982496,0.00332378726747197,0.07264969462609906,5
directional_extrapolation,high_wq_to_low_wq,mlp,ringdown_plus_all_shooting,k,RMSE,0.372693022723016,0.6040350649670978,0.1850127990532107,0.006873794974928062,0.2282247155356924,5
directional_extrapolation,high_wq_to_low_wq,mlp,ringdown_plus_all_shooting,k,NMAE,47.87446159012036,77.11542402102268,24.21719519192998,1.329514906988788,29.059877850439623,5
directional_extrapolation,high_wq_to_low_wq,mlp,ringdown_plus_all_shooting,k,NRMSE,149.0772090892064,241.61402598683912,74.00511962128428,2.7495179899712245,91.28988621427696,5
directional_extrapolation,high_wq_to_low_wq,mlp,ringdown_plus_all_shooting,k,joint_error_median,0.5769366685058559,0.17057423806645003,0.5130142612950767,0.48774315681568675,0.5487019272499751,5
directional_extrapolation,high_wq_to_low_wq,mlp,ringdown_plus_all_shooting,wq,R2,-25879109.700190853,54761078.52043243,-1375991.0735292975,-3962426.3197652837,-210255.12955373304,5
directional_extrapolation,high_wq_to_low_wq,mlp,ringdown_plus_all_shooting,wq,MAE,18.970250731274664,28.845040550377334,7.42304383560823,3.18449024673482,12.778346758438147,5
directional_extrapolation,high_wq_to_low_wq,mlp,ringdown_plus_all_shooting,wq,RMSE,56.01843467754928,86.04953087660354,21.950161051597025,8.580331711383883,37.24863819813213,5
directional_extrapolation,high_wq_to_low_wq,mlp,ringdown_plus_all_shooting,wq,NMAE,72.26762183342728,109.88586876334222,28.278262230888494,12.131391416132647,48.67941622262151,5
directional_extrapolation,high_wq_to_low_wq,mlp,ringdown_plus_all_shooting,wq,NRMSE,213.40356067637822,327.8077366727754,83.61966114894105,32.686977948129076,141.8995740881224,5
directional_extrapolation,high_wq_to_low_wq,mlp,ringdown_plus_all_shooting,wq,joint_error_median,0.3964906693382202,0.3549223617130957,0.2951863656560698,0.21880249962444437,0.35009986363441586,5
directional_extrapolation,high_wq_to_low_wq,mlp,ringdown_plus_photon_geometry,k,R2,-18.265501829758353,15.789891334205086,-15.56384952786145,-27.638029743958327,-9.284961739104924,5
directional_extrapolation,high_wq_to_low_wq,mlp,ringdown_plus_photon_geometry,k,MAE,0.001217636530804276,0.0006751961559031709,0.001201261334872087,0.0009466801706975842,0.0016882085599783346,5
directional_extrapolation,high_wq_to_low_wq,mlp,ringdown_plus_photon_geometry,k,RMSE,0.0030731295913375956,0.0018016704604492013,0.0032175154941217307,0.002535370009868496,0.004230693629887888,5
directional_extrapolation,high_wq_to_low_wq,mlp,ringdown_plus_photon_geometry,k,NMAE,0.48705461232171043,0.27007846236126837,0.4805045339488348,0.37867206827903366,0.6752834239913338,5
directional_extrapolation,high_wq_to_low_wq,mlp,ringdown_plus_photon_geometry,k,NRMSE,1.2292518365350384,0.7206681841796807,1.2870061976486922,1.0141480039473985,1.6922774519551553,5
directional_extrapolation,high_wq_to_low_wq,mlp,ringdown_plus_photon_geometry,k,joint_error_median,0.22203217966914401,0.060324664793152134,0.22611719761669036,0.1753184952361137,0.2739313853926629,5
directional_extrapolation,high_wq_to_low_wq,mlp,ringdown_plus_photon_geometry,wq,R2,-1512.5663058201833,1726.8015993399695,-603.5110841413114,-2610.1356677982744,-171.554471592266,5
directional_extrapolation,high_wq_to_low_wq,mlp,ringdown_plus_photon_geometry,wq,MAE,0.225052945651974,0.14285449067870873,0.19472925807966535,0.11413409859423186,0.2671332537803582,5
directional_extrapolation,high_wq_to_low_wq,mlp,ringdown_plus_photon_geometry,wq,RMSE,0.6172509313956376,0.43154239330493077,0.4600784370050527,0.24580621195114974,0.956190586004983,5
directional_extrapolation,high_wq_to_low_wq,mlp,ringdown_plus_photon_geometry,wq,NMAE,0.8573445548646628,0.5442075835379381,0.7418257450653918,0.4347965660732642,1.0176504905918407,5
directional_extrapolation,high_wq_to_low_wq,mlp,ringdown_plus_photon_geometry,wq,NRMSE,2.3514321196024293,1.6439710221140222,1.7526797600192483,0.9364046169567609,3.6426308038285065,5
directional_extrapolation,high_wq_to_low_wq,mlp,ringdown_plus_photon_geometry,wq,joint_error_median,0.1817995305648567,0.054973000304744266,0.18778931823276349,0.13417394582997122,0.21432704122870516,5
directional_extrapolation,high_wq_to_low_wq,mlp,timing,k,R2,-52.540929446913324,103.92333787573449,-8.069865741443929,-10.717654417032115,-3.0686690014253104,5
directional_extrapolation,high_wq_to_low_wq,mlp,timing,k,MAE,0.0017442802206641239,0.0016742456394276946,0.0009531126039341275,0.0009495457373122888,0.0012447908539534468,5
directional_extrapolation,high_wq_to_low_wq,mlp,timing,k,RMSE,0.0040785262135286495,0.004586488966230117,0.0023808960683747737,0.0015946529797704638,0.0027062028768451694,5
directional_extrapolation,high_wq_to_low_wq,mlp,timing,k,NMAE,0.6977120882656496,0.6696982557710779,0.381245041573651,0.37981829492491553,0.4979163415813787,5
directional_extrapolation,high_wq_to_low_wq,mlp,timing,k,NRMSE,1.6314104854114593,1.834595586492047,0.9523584273499095,0.6378611919081855,1.0824811507380678,5
directional_extrapolation,high_wq_to_low_wq,mlp,timing,k,joint_error_median,0.40437364296339195,0.13983340473602304,0.34489421459275293,0.30225564251987164,0.5273708029269025,5
directional_extrapolation,high_wq_to_low_wq,mlp,timing,wq,R2,-2105.2004921411376,2659.1978795129135,-1360.568688424252,-1956.2123384676318,-493.88925696242853,5
directional_extrapolation,high_wq_to_low_wq,mlp,timing,wq,MAE,0.24574958303349786,0.15669519367673557,0.20796181703072802,0.14429794026648818,0.27218828396543765,5
directional_extrapolation,high_wq_to_low_wq,mlp,timing,wq,RMSE,0.7174509384245423,0.5276828523640988,0.690477486651988,0.41627828640918135,0.8278444041030867,5
directional_extrapolation,high_wq_to_low_wq,mlp,timing,wq,NMAE,0.9361888877466586,0.5969340711494688,0.7922354934503925,0.5497064391104312,1.0369077484397624,5
directional_extrapolation,high_wq_to_low_wq,mlp,timing,wq,NRMSE,2.7331464320934944,2.0102203899584716,2.6303904253409067,1.585822043463548,3.1536929680117587,5
directional_extrapolation,high_wq_to_low_wq,mlp,timing,wq,joint_error_median,0.35297889916920944,0.12467131694722758,0.30879346118039497,0.26952685127808473,0.45080088127474294,5
directional_extrapolation,high_wq_to_low_wq,random_forest,all_shooting,k,R2,0.11876999201036358,0.11375773512583552,0.1504972656160407,0.08581085514497166,0.19662989134065556,5
directional_extrapolation,high_wq_to_low_wq,random_forest,all_shooting,k,MAE,0.0005090420752437798,2.8052311640717347e-05,0.000507330747955748,0.0004927372821833049,0.0005182042147667149,5
directional_extrapolation,high_wq_to_low_wq,random_forest,all_shooting,k,RMSE,0.0007409491487949773,4.69456320321866e-05,0.0007286557547909537,0.0007085946075945613,0.0007558890232927005,5
directional_extrapolation,high_wq_to_low_wq,random_forest,all_shooting,k,NMAE,0.20361683009751194,0.011220924656286943,0.2029322991822992,0.19709491287332195,0.20728168590668597,5
directional_extrapolation,high_wq_to_low_wq,random_forest,all_shooting,k,NRMSE,0.29637965951799095,0.018778252812874634,0.2914623019163815,0.2834378430378245,0.30235560931708017,5
directional_extrapolation,high_wq_to_low_wq,random_forest,all_shooting,k,joint_error_median,0.28030590898712926,0.001854954824837441,0.280397634097287,0.2785731739264372,0.281534722912642,5
directional_extrapolation,high_wq_to_low_wq,random_forest,all_shooting,wq,R2,-8.246774549045014,0.08374149141929374,-8.257584956246559,-8.257777110480923,-8.2514759485498,5
directional_extrapolation,high_wq_to_low_wq,random_forest,all_shooting,wq,MAE,0.052792695976862244,0.0003396894145107786,0.05280524216524175,0.052770979722437654,0.05288097853535312,5
directional_extrapolation,high_wq_to_low_wq,random_forest,all_shooting,wq,RMSE,0.0569011848601776,0.0002579366557027492,0.05693490471002868,0.05691611616140089,0.05693549558909192,5
directional_extrapolation,high_wq_to_low_wq,random_forest,all_shooting,wq,NMAE,0.20111503229280858,0.00129405491242202,0.20116282729615906,0.20103230370452438,0.20145134680134522,5
directional_extrapolation,high_wq_to_low_wq,random_forest,all_shooting,wq,NRMSE,0.21676641851496226,0.0009826158312485679,0.21689487508582356,0.21682329966247957,0.21689712605368347,5
directional_extrapolation,high_wq_to_low_wq,random_forest,all_shooting,wq,joint_error_median,0.25702010357501487,0.01275557512545927,0.25676062375236564,0.24642193126543474,0.2636924490722971,5
directional_extrapolation,high_wq_to_low_wq,random_forest,orbital,k,R2,-0.8644333815657392,0.06915013231482102,-0.8631406115416007,-0.9106946099043944,-0.8355878000439327,5
directional_extrapolation,high_wq_to_low_wq,random_forest,orbital,k,MAE,0.0009032280092767782,2.366786522548705e-05,0.0009066938809647141,0.0008979189327437431,0.0009194807067581688,5
directional_extrapolation,high_wq_to_low_wq,random_forest,orbital,k,RMSE,0.0010793278801995768,2.0068336455561496e-05,0.0010791028135509148,0.0010710940084919989,0.001092787322030342,5
directional_extrapolation,high_wq_to_low_wq,random_forest,orbital,k,NMAE,0.36129120371071116,0.009467146090194825,0.36267755238588567,0.3591675730974972,0.3677922827032675,5
directional_extrapolation,high_wq_to_low_wq,random_forest,orbital,k,NRMSE,0.43173115207983076,0.008027334582224599,0.43164112542036587,0.42843760339679954,0.4371149288121368,5
directional_extrapolation,high_wq_to_low_wq,random_forest,orbital,k,joint_error_median,0.5157740789258989,0.029215509379805576,0.5203688204557607,0.5035412152901448,0.5260346622841418,5
directional_extrapolation,high_wq_to_low_wq,random_forest,orbital,wq,R2,-17.9605719588715,1.569418916042673,-18.156547974364297,-18.35515702186497,-17.910158473387572,5
directional_extrapolation,high_wq_to_low_wq,random_forest,orbital,wq,MAE,0.07593699539041192,0.002784149988560529,0.07726537147266299,0.07503092156685899,0.07738662758537747,5
directional_extrapolation,high_wq_to_low_wq,random_forest,orbital,wq,RMSE,0.08142360433057523,0.003413732856814937,0.0819008427821776,0.08137243820863414,0.08232430907454114,5
directional_extrapolation,high_wq_to_low_wq,random_forest,orbital,wq,NMAE,0.2892837919634739,0.010606285670706771,0.29434427227681137,0.2858320821594628,0.29480620032524746,5
directional_extrapolation,high_wq_to_low_wq,random_forest,orbital,wq,NRMSE,0.31018515935457225,0.01300469659739024,0.3120032105987718,0.3099902407947967,0.31361641552206143,5
directional_extrapolation,high_wq_to_low_wq,random_forest,orbital,wq,joint_error_median,0.485682186956469,0.02171707038903667,0.4837775389137968,0.4815381085380351,0.5002400200771562,5
directional_extrapolation,high_wq_to_low_wq,random_forest,photon_geometry,k,R2,0.3856407834794269,0.07105045160299168,0.40458034143296484,0.33185332336613993,0.4359989128840701,5
directional_extrapolation,high_wq_to_low_wq,random_forest,photon_geometry,k,MAE,0.0005162928104092876,2.539439410537866e-05,0.0005130399981962483,0.0004958654751883918,0.000540016960277377,5
directional_extrapolation,high_wq_to_low_wq,random_forest,photon_geometry,k,RMSE,0.0006188357962282596,3.565051948944887e-05,0.000610030562024885,0.0005937176765496006,0.0006462133338891752,5
directional_extrapolation,high_wq_to_low_wq,random_forest,photon_geometry,k,NMAE,0.20651712416371507,0.010157757642151466,0.20521599927849932,0.19834619007535673,0.21600678411095078,5
directional_extrapolation,high_wq_to_low_wq,random_forest,photon_geometry,k,NRMSE,0.24753431849130392,0.014260207795779545,0.244012224809954,0.23748707061984026,0.25848533355567005,5
directional_extrapolation,high_wq_to_low_wq,random_forest,photon_geometry,k,joint_error_median,0.34379012245851204,0.0174973616792167,0.3456117009095066,0.3330524723130488,0.35832107330623675,5
directional_extrapolation,high_wq_to_low_wq,random_forest,photon_geometry,wq,R2,-9.495759322158872,0.47350621467496334,-9.508117519305026,-9.72357005239569,-9.122699223481122,5
directional_extrapolation,high_wq_to_low_wq,random_forest,photon_geometry,wq,MAE,0.057325547059421764,0.0014622794444457106,0.05692064373897674,0.05633488807488776,0.05790882275132251,5
directional_extrapolation,high_wq_to_low_wq,random_forest,photon_geometry,wq,RMSE,0.060610611481284674,0.0013643929809426794,0.0606585752786095,0.05953576129655434,0.06127727466410503,5
directional_extrapolation,high_wq_to_low_wq,random_forest,photon_geometry,wq,NMAE,0.21838303641684487,0.005570588359793188,0.21684054757705423,0.21460909742814385,0.22060503905265716,5
directional_extrapolation,high_wq_to_low_wq,random_forest,photon_geometry,wq,NRMSE,0.2308975675477511,0.005197687546448303,0.23108028677565523,0.22680290017734986,0.2334372368156382,5
directional_extrapolation,high_wq_to_low_wq,random_forest,photon_geometry,wq,joint_error_median,0.3202406019365681,0.01571095980370709,0.31671144421389635,0.3084177752849343,0.3248387280777366,5
directional_extrapolation,high_wq_to_low_wq,random_forest,redshift,k,R2,-0.04078138422160764,0.1005166025468817,-0.08191472960159452,-0.11148153447432452,0.03220162698926521,5
directional_extrapolation,high_wq_to_low_wq,random_forest,redshift,k,MAE,0.0006517105078213031,2.8211715467397186e-05,0.0006613336102730041,0.0006274830397226223,0.00067006853556096,5
directional_extrapolation,high_wq_to_low_wq,random_forest,redshift,k,RMSE,0.0008057592293413447,3.937685661888012e-05,0.0008223118058261091,0.0007777364483754824,0.0008334722305190815,5
directional_extrapolation,high_wq_to_low_wq,random_forest,redshift,k,NMAE,0.26068420312852125,0.011284686186958874,0.2645334441092016,0.25099321588904894,0.268027414224384,5
directional_extrapolation,high_wq_to_low_wq,random_forest,redshift,k,NRMSE,0.3223036917365379,0.01575074264755204,0.3289247223304436,0.31109457935019297,0.33338889220763257,5
directional_extrapolation,high_wq_to_low_wq,random_forest,redshift,k,joint_error_median,0.35344820466661514,0.012125080788095956,0.3514775621492511,0.3424109101661597,0.3616932540155454,5
directional_extrapolation,high_wq_to_low_wq,random_forest,redshift,wq,R2,-8.647815559402357,0.7720887184036878,-8.274093755366467,-8.559207550382256,-8.204700759144878,5
directional_extrapolation,high_wq_to_low_wq,random_forest,redshift,wq,MAE,0.055140631613756305,0.002261226973607193,0.05407074735449694,0.05389722222222191,0.054920267857142574,5
directional_extrapolation,high_wq_to_low_wq,random_forest,redshift,wq,RMSE,0.05808693231279708,0.0022728288280244578,0.056985647330588425,0.05677205073108536,0.057854972379080494,5
directional_extrapolation,high_wq_to_low_wq,random_forest,redshift,wq,NMAE,0.21005954900478593,0.00861419799469407,0.20598379944570264,0.20532275132275013,0.2092200680272098,5
directional_extrapolation,high_wq_to_low_wq,random_forest,redshift,wq,NRMSE,0.2212835516677984,0.00865839553533127,0.21708818030700353,0.2162744789755633,0.22039989477744948,5
directional_extrapolation,high_wq_to_low_wq,random_forest,redshift,wq,joint_error_median,0.33313936618073375,0.0073378314954418,0.3294162106551734,0.3271956385141006,0.3388696305320271,5
directional_extrapolation,high_wq_to_low_wq,random_forest,ringdown,k,R2,0.9692833181362156,0.004491056855169454,0.9682527321866605,0.9678731073970166,0.9704157136349558,5
directional_extrapolation,high_wq_to_low_wq,random_forest,ringdown,k,MAE,0.00011667350862521349,1.0464563279289599e-05,0.00011931984892212198,0.00011526470057720082,0.0001235949525012028,5
directional_extrapolation,high_wq_to_low_wq,random_forest,ringdown,k,RMSE,0.00013824757624494838,1.0340081434786226e-05,0.0001408617846803639,0.0001359785975003148,0.00014170147450490636,5
directional_extrapolation,high_wq_to_low_wq,random_forest,ringdown,k,NMAE,0.0466694034500854,0.004185825311715839,0.04772793956884879,0.04610588023088033,0.04943798100048112,5
directional_extrapolation,high_wq_to_low_wq,random_forest,ringdown,k,NRMSE,0.055299030497979365,0.004136032573914489,0.056344713872145555,0.05439143900012592,0.05668058980196254,5
directional_extrapolation,high_wq_to_low_wq,random_forest,ringdown,k,joint_error_median,0.3615315691115996,0.006702080395138023,0.3598967886650753,0.35686387127163793,0.36516558426607293,5
directional_extrapolation,high_wq_to_low_wq,random_forest,ringdown,wq,R2,-26.21241460466377,2.513271244973184,-26.678057659298567,-27.431526949288212,-25.83717571319307,5
directional_extrapolation,high_wq_to_low_wq,random_forest,ringdown,wq,MAE,0.09249850410509738,0.0034262997095259196,0.09296511841168097,0.09236797943954209,0.09385313326719584,5
directional_extrapolation,high_wq_to_low_wq,random_forest,ringdown,wq,RMSE,0.09752791932335289,0.004589323314521269,0.09844588100042004,0.09693891395657118,0.09977686111303681,5
directional_extrapolation,high_wq_to_low_wq,random_forest,ringdown,wq,NMAE,0.35237525373370426,0.0130525703220035,0.3541528320444989,0.3518780169125413,0.35753574577979363,5
directional_extrapolation,high_wq_to_low_wq,random_forest,ringdown,wq,NRMSE,0.37153493075563004,0.017483136436271512,0.37503192762064774,0.36929110078693783,0.38010232804966404,5
directional_extrapolation,high_wq_to_low_wq,random_forest,ringdown,wq,joint_error_median,0.34305727007070763,0.009841532015304494,0.34366319288945435,0.34120825633983537,0.34826324165080635,5
directional_extrapolation,high_wq_to_low_wq,random_forest,ringdown_plus_all_shooting,k,R2,0.9731270356056949,0.006722891318675302,0.9735805449176966,0.9676909129808452,0.9747979800914472,5
directional_extrapolation,high_wq_to_low_wq,random_forest,ringdown_plus_all_shooting,k,MAE,0.00010891052161222643,1.6743933278551316e-05,0.00010709416950894268,0.00010669101731601749,0.0001235601551226552,5
directional_extrapolation,high_wq_to_low_wq,random_forest,ringdown_plus_all_shooting,k,RMSE,0.00012870707098469508,1.695923881624889e-05,0.0001284996475732118,0.00012550403357201493,0.0001421027071767873,5
directional_extrapolation,high_wq_to_low_wq,random_forest,ringdown_plus_all_shooting,k,NMAE,0.043564208644890565,0.006697573311420524,0.04283766780357707,0.04267640692640699,0.04942406204906207,5
directional_extrapolation,high_wq_to_low_wq,random_forest,ringdown_plus_all_shooting,k,NRMSE,0.05148282839387802,0.006783695526499553,0.05139985902928471,0.05020161342880597,0.05684108287071492,5
directional_extrapolation,high_wq_to_low_wq,random_forest,ringdown_plus_all_shooting,k,joint_error_median,0.20404224783494648,0.002454926792749707,0.20537930469519788,0.20259178165265357,0.20557550467792157,5
directional_extrapolation,high_wq_to_low_wq,random_forest,ringdown_plus_all_shooting,wq,R2,-8.240520368511046,0.09568152284072087,-8.208220108962431,-8.23063472497458,-8.185738890113,5
directional_extrapolation,high_wq_to_low_wq,random_forest,ringdown_plus_all_shooting,wq,MAE,0.052762876866959796,0.0002694371905068041,0.0527155146011392,0.0526123611111107,0.0530050042087538,5
directional_extrapolation,high_wq_to_low_wq,random_forest,ringdown_plus_all_shooting,wq,RMSE,0.05688179994400635,0.0002936203727240032,0.05678290288245762,0.05671354480049203,0.05685197124470308,5
directional_extrapolation,high_wq_to_low_wq,random_forest,ringdown_plus_all_shooting,wq,NMAE,0.2010014356836564,0.0010264273924068734,0.2008210080043398,0.20042804232804076,0.20192382555715732,5
directional_extrapolation,high_wq_to_low_wq,random_forest,ringdown_plus_all_shooting,wq,NRMSE,0.21669257121526225,0.0011185538008533437,0.21631582050460044,0.21605159923996964,0.21657893807505935,5
directional_extrapolation,high_wq_to_low_wq,random_forest,ringdown_plus_all_shooting,wq,joint_error_median,0.20241562983405062,0.0023135303099079646,0.20382349007949824,0.20011465004023277,0.20393248747816772,5
directional_extrapolation,high_wq_to_low_wq,random_forest,ringdown_plus_photon_geometry,k,R2,0.9664377570407643,0.006148939164066923,0.9655150302443983,0.9645265460494136,0.9657413800935111,5
directional_extrapolation,high_wq_to_low_wq,random_forest,ringdown_plus_photon_geometry,k,MAE,0.00012097735061655545,1.2480739880092893e-05,0.00012469863680090987,0.00012175647847522861,0.00012784925144300184,5
directional_extrapolation,high_wq_to_low_wq,random_forest,ringdown_plus_photon_geometry,k,RMSE,0.0001442970555620596,1.3908702565404096e-05,0.00014680976158706554,0.00014632715893351982,0.00014889898830790132,5
directional_extrapolation,high_wq_to_low_wq,random_forest,ringdown_plus_photon_geometry,k,NMAE,0.048390940246622174,0.0049922959520371565,0.049879454720363946,0.04870259139009144,0.051139700577200735,5
directional_extrapolation,high_wq_to_low_wq,random_forest,ringdown_plus_photon_geometry,k,NRMSE,0.05771882222482385,0.00556348102616164,0.05872390463482622,0.05853086357340793,0.059559595323160526,5
directional_extrapolation,high_wq_to_low_wq,random_forest,ringdown_plus_photon_geometry,k,joint_error_median,0.2287079013713152,0.0031026710892764335,0.23003196448310467,0.22860155638523327,0.23022758057871726,5
directional_extrapolation,high_wq_to_low_wq,random_forest,ringdown_plus_photon_geometry,wq,R2,-9.531254435177908,0.28655346440860746,-9.425478625491941,-9.599626399777959,-9.380550950424167,5
directional_extrapolation,high_wq_to_low_wq,random_forest,ringdown_plus_photon_geometry,wq,MAE,0.057443273809523535,0.0009881501932483012,0.0570450837742502,0.05678908730158699,0.057602277336860366,5
directional_extrapolation,high_wq_to_low_wq,random_forest,ringdown_plus_photon_geometry,wq,RMSE,0.060720868291324406,0.0008218879528161216,0.06041958613794408,0.06028925915553727,0.06092212229344179,5
directional_extrapolation,high_wq_to_low_wq,random_forest,ringdown_plus_photon_geometry,wq,NMAE,0.21883151927437533,0.0037643816885649557,0.21731460485428647,0.21633938019652185,0.21943724699756328,5
directional_extrapolation,high_wq_to_low_wq,random_forest,ringdown_plus_photon_geometry,wq,NRMSE,0.23131759349075964,0.0031310017250138046,0.23016985195407266,0.22967336821157053,0.23208427540358775,5
directional_extrapolation,high_wq_to_low_wq,random_forest,ringdown_plus_photon_geometry,wq,joint_error_median,0.22022216136357992,0.005413109012510786,0.2183871752947632,0.21675924516843895,0.22153854070773574,5
directional_extrapolation,high_wq_to_low_wq,random_forest,timing,k,R2,-0.23506615340860879,0.04276030943814686,-0.22948818108570568,-0.24525444696337395,-0.21385515225054275,5
directional_extrapolation,high_wq_to_low_wq,random_forest,timing,k,MAE,0.0005567316432865674,1.4200001718178266e-05,0.0005553639069264068,0.0005465428090428091,0.0005693709261417595,5
directional_extrapolation,high_wq_to_low_wq,random_forest,timing,k,RMSE,0.0008784832271821194,1.51478315308439e-05,0.0008766014562950293,0.0008710106027808095,0.0008822040746630616,5
directional_extrapolation,high_wq_to_low_wq,random_forest,timing,k,NMAE,0.22269265731462698,0.005680000687271304,0.22214556277056272,0.21861712361712363,0.22774837045670376,5
directional_extrapolation,high_wq_to_low_wq,random_forest,timing,k,NRMSE,0.3513932908728477,0.006059132612337557,0.3506405825180117,0.3484042411123238,0.35288162986522464,5
directional_extrapolation,high_wq_to_low_wq,random_forest,timing,k,joint_error_median,0.2898346640304835,0.01008028826451642,0.2889532009744732,0.28165243430686576,0.29159326443116645,5
directional_extrapolation,high_wq_to_low_wq,random_forest,timing,wq,R2,-9.919347379631006,0.2705507702526206,-9.978734027833477,-10.032246675118648,-9.875708490024646,5
directional_extrapolation,high_wq_to_low_wq,random_forest,timing,wq,MAE,0.056230193097228945,0.0007690847979829334,0.05673956514550227,0.05552053951165757,0.05674045142743031,5
directional_extrapolation,high_wq_to_low_wq,random_forest,timing,wq,RMSE,0.06183027860397396,0.0007691839003031303,0.062002025441271646,0.06171042311947195,0.06215294718269189,5
directional_extrapolation,high_wq_to_low_wq,random_forest,timing,wq,NMAE,0.214210259418015,0.002929846849458791,0.21615072436381816,0.21150681718726694,0.21615410067592497,5
directional_extrapolation,high_wq_to_low_wq,random_forest,timing,wq,NRMSE,0.23554391849132933,0.00293022438210716,0.23619819215722532,0.23508732616941694,0.23677313212454051,5
directional_extrapolation,high_wq_to_low_wq,random_forest,timing,wq,joint_error_median,0.271646657149912,0.01626254284660377,0.2777951822874257,0.2626085328840306,0.2835061537323455,5
directional_extrapolation,low_k_to_high_k,hgb,all_shooting,k,R2,-15.123699342470127,3.88121062832809,-13.800747287300783,-14.363506674703055,-13.59215583843602,5
directional_extrapolation,low_k_to_high_k,hgb,all_shooting,k,MAE,0.000771961480649634,7.467654143651643e-05,0.0007526070985833122,0.0007349669939632909,0.0007708320029287939,5
directional_extrapolation,low_k_to_high_k,hgb,all_shooting,k,RMSE,0.0008153956411184457,9.321181779483696e-05,0.0007853010910711461,0.0007797477112939592,0.0008000913144422708,5
directional_extrapolation,low_k_to_high_k,hgb,all_shooting,k,NMAE,0.30878459225985355,0.029870616574606566,0.3010428394333249,0.2939867975853164,0.30833280117151757,5
directional_extrapolation,low_k_to_high_k,hgb,all_shooting,k,NRMSE,0.3261582564473783,0.0372847271179348,0.31412043642845844,0.3118990845175837,0.32003652577690833,5
directional_extrapolation,low_k_to_high_k,hgb,all_shooting,k,joint_error_median,0.31277976504192845,0.019209654473646125,0.3154939630326479,0.3030020231230267,0.3223386101131546,5
directional_extrapolation,low_k_to_high_k,hgb,all_shooting,wq,R2,0.9302439315907101,0.007313848047304617,0.9282042891138018,0.9254343102802943,0.9360373278877445,5
directional_extrapolation,low_k_to_high_k,hgb,all_shooting,wq,MAE,0.0200040111424059,0.0011056398545280547,0.019567765238768155,0.01934903873979563,0.02064496333070797,5
directional_extrapolation,low_k_to_high_k,hgb,all_shooting,wq,RMSE,0.02248224531847703,0.0011883144346887787,0.022834037651558798,0.021552455750624346,0.023270353596188783,5
directional_extrapolation,low_k_to_high_k,hgb,all_shooting,wq,NMAE,0.07620575673297487,0.004211961350583065,0.07454386757625964,0.07371062377065002,0.07864747935507797,5
directional_extrapolation,low_k_to_high_k,hgb,all_shooting,wq,NRMSE,0.08564664883229345,0.004526912132147724,0.08698681010117637,0.0821045933357118,0.08864896608071916,5
directional_extrapolation,low_k_to_high_k,hgb,all_shooting,wq,joint_error_median,0.31277976504192845,0.019209654473646125,0.3154939630326479,0.3030020231230267,0.3223386101131546,5
directional_extrapolation,low_k_to_high_k,hgb,orbital,k,R2,-30.80804541479271,3.9011929264861944,-30.203698038218057,-34.24260669488274,-28.984605866442525,5
directional_extrapolation,low_k_to_high_k,hgb,orbital,k,MAE,0.001094614307755154,5.69442419791118e-05,0.0011016880142808363,0.0010721254621321695,0.0011391389766005357,5
directional_extrapolation,low_k_to_high_k,hgb,orbital,k,RMSE,0.0011494738616734856,7.110790168651225e-05,0.0011402429938069131,0.001117747099199295,0.0012117928641562938,5
directional_extrapolation,low_k_to_high_k,hgb,orbital,k,NMAE,0.4378457231020616,0.02277769679164472,0.4406752057123345,0.4288501848528678,0.45565559064021427,5
directional_extrapolation,low_k_to_high_k,hgb,orbital,k,NRMSE,0.45978954466939426,0.028443160674604902,0.45609719752276523,0.447098839679718,0.4847171456625175,5
directional_extrapolation,low_k_to_high_k,hgb,orbital,k,joint_error_median,0.46828457204293167,0.011650639851497033,0.4682728590772191,0.46779584361555954,0.475865325152509,5
directional_extrapolation,low_k_to_high_k,hgb,orbital,wq,R2,0.5356504170893502,0.09454088246688559,0.5214339662774568,0.5101116526483815,0.6204582072114699,5
directional_extrapolation,low_k_to_high_k,hgb,orbital,wq,MAE,0.04794213173197042,0.0042079425054916565,0.04792901963217203,0.04526458736919187,0.049228838312375546,5
directional_extrapolation,low_k_to_high_k,hgb,orbital,wq,RMSE,0.057834428505126725,0.0058489833923803134,0.05895279476673029,0.052500478921603214,0.05964609521666617,5
directional_extrapolation,low_k_to_high_k,hgb,orbital,wq,NMAE,0.18263669231226828,0.016030257163777737,0.18258674145589346,0.1724365233112071,0.18753843166619255,5
directional_extrapolation,low_k_to_high_k,hgb,orbital,wq,NRMSE,0.22032163240048272,0.022281841494782142,0.2245820753018297,0.20000182446325032,0.22722321987301397,5
directional_extrapolation,low_k_to_high_k,hgb,orbital,wq,joint_error_median,0.46828457204293167,0.011650639851497033,0.4682728590772191,0.46779584361555954,0.475865325152509,5
directional_extrapolation,low_k_to_high_k,hgb,photon_geometry,k,R2,-16.640651397250206,1.6316816615517953,-17.112149970606215,-17.905648644129947,-15.429383360000575,5
directional_extrapolation,low_k_to_high_k,hgb,photon_geometry,k,MAE,0.0008229980211847527,3.862894620084387e-05,0.0008359902590698485,0.0007955151752870665,0.0008547478464763274,5
directional_extrapolation,low_k_to_high_k,hgb,photon_geometry,k,RMSE,0.0008565908072703075,3.998953694553866e-05,0.0008687191234466556,0.0008273799852546736,0.000887544567991986,5
directional_extrapolation,low_k_to_high_k,hgb,photon_geometry,k,NMAE,0.32919920847390105,0.015451578480337552,0.33439610362793937,0.3182060701148266,0.34189913859053095,5
directional_extrapolation,low_k_to_high_k,hgb,photon_geometry,k,NRMSE,0.34263632290812296,0.01599581477821547,0.3474876493786622,0.33095199410186943,0.35501782719679437,5
directional_extrapolation,low_k_to_high_k,hgb,photon_geometry,k,joint_error_median,0.35583261158384827,0.029194366832266318,0.3470650837533086,0.3307792844120925,0.3788957150975702,5
directional_extrapolation,low_k_to_high_k,hgb,photon_geometry,wq,R2,0.8371413456621791,0.014675276177903634,0.8370797832339104,0.8239644451091989,0.8515306063316902,5
directional_extrapolation,low_k_to_high_k,hgb,photon_geometry,wq,MAE,0.029438735890289496,0.0010529652246293727,0.02891261941452608,0.028754324042244803,0.030351877343518376,5
directional_extrapolation,low_k_to_high_k,hgb,photon_geometry,wq,RMSE,0.0343625477064016,0.001550786159548518,0.03439703057524358,0.03283612726982459,0.03575474290651082,5
directional_extrapolation,low_k_to_high_k,hgb,photon_geometry,wq,NMAE,0.11214756529634093,0.0040112960938261805,0.11014331205533745,0.10954028206569448,0.11562619940387953,5
directional_extrapolation,low_k_to_high_k,hgb,photon_geometry,wq,NRMSE,0.13090494364343463,0.005907756798280066,0.13103630695330887,0.12509000864695083,0.1362085444057555,5
directional_extrapolation,low_k_to_high_k,hgb,photon_geometry,wq,joint_error_median,0.35583261158384827,0.029194366832266318,0.3470650837533086,0.3307792844120925,0.3788957150975702,5
directional_extrapolation,low_k_to_high_k,hgb,redshift,k,R2,-23.080383246317496,1.231222859560196,-23.281755764717442,-24.08438886629726,-22.44714077400281,5
directional_extrapolation,low_k_to_high_k,hgb,redshift,k,MAE,0.0009446287765481932,3.6856756825867094e-05,0.0009605651362853987,0.0009064321585210117,0.0009760305410875912,5
directional_extrapolation,low_k_to_high_k,hgb,redshift,k,RMSE,0.0010014082898174644,2.575701396601542e-05,0.001005852784223364,0.0009884149932679004,0.0010223418554617884,5
directional_extrapolation,low_k_to_high_k,hgb,redshift,k,NMAE,0.37785151061927735,0.014742702730346854,0.3842260545141595,0.36257286340840467,0.3904122164350365,5
directional_extrapolation,low_k_to_high_k,hgb,redshift,k,NRMSE,0.4005633159269858,0.010302805586406177,0.4023411136893456,0.39536599730716016,0.4089367421847154,5
directional_extrapolation,low_k_to_high_k,hgb,redshift,k,joint_error_median,0.38402593331770596,0.027147059406092376,0.3855995185938653,0.3801365696602071,0.4009955116839932,5
directional_extrapolation,low_k_to_high_k,hgb,redshift,wq,R2,0.8541019136665801,0.021328026135160934,0.84440184609161,0.8437595199606593,0.8744424439386413,5
directional_extrapolation,low_k_to_high_k,hgb,redshift,wq,MAE,0.027775767317552314,0.002400582616840173,0.028028993052793143,0.02565076065811687,0.029222142886421398,5
directional_extrapolation,low_k_to_high_k,hgb,redshift,wq,RMSE,0.03247968764328761,0.0023999613440289897,0.033615198707880226,0.030196380531902517,0.03368451085076635,5
directional_extrapolation,low_k_to_high_k,hgb,redshift,wq,NMAE,0.10581244692400882,0.00914507663558161,0.10677711639159292,0.09771718345949285,0.11132244909112914,5
directional_extrapolation,low_k_to_high_k,hgb,redshift,wq,NRMSE,0.12373214340300043,0.0091427098820152,0.12805789983954372,0.11503383059772387,0.1283219460981575,5
directional_extrapolation,low_k_to_high_k,hgb,redshift,wq,joint_error_median,0.38402593331770596,0.027147059406092376,0.3855995185938653,0.3801365696602071,0.4009955116839932,5
directional_extrapolation,low_k_to_high_k,hgb,ringdown,k,R2,-11.164129647618438,1.832247683566236,-11.682396828154115,-12.576177967327737,-9.570939696468955,5
directional_extrapolation,low_k_to_high_k,hgb,ringdown,k,MAE,0.0006801785591534939,5.6652165216961096e-05,0.0006976865589263,0.0006314975487043001,0.0007238835647431999,5
directional_extrapolation,low_k_to_high_k,hgb,ringdown,k,RMSE,0.0007102708690542087,5.4245136768354976e-05,0.0007269341106132579,0.0006636684569016418,0.0007521130779158072,5
directional_extrapolation,low_k_to_high_k,hgb,ringdown,k,NMAE,0.2720714236613976,0.022660866086784432,0.27907462357052,0.25259901948172003,0.28955342589727995,5
directional_extrapolation,low_k_to_high_k,hgb,ringdown,k,NRMSE,0.28410834762168347,0.021698054707341968,0.2907736442453031,0.26546738276065673,0.30084523116632284,5
directional_extrapolation,low_k_to_high_k,hgb,ringdown,k,joint_error_median,0.4054001614814801,0.021168582952452383,0.4115779141243302,0.38777982963246,0.4205780208073459,5
directional_extrapolation,low_k_to_high_k,hgb,ringdown,wq,R2,-0.19160541949925008,0.05948966965436334,-0.17919430679389703,-0.22406482585918508,-0.1452668505068473,5
directional_extrapolation,low_k_to_high_k,hgb,ringdown,wq,MAE,0.0794620014012892,0.0016718637107132799,0.07932875043440123,0.07788543709440507,0.08049178142262918,5
directional_extrapolation,low_k_to_high_k,hgb,ringdown,wq,RMSE,0.09300203380463246,0.0023111388877805174,0.09253928714346928,0.09119831367891568,0.09428349478322184,5
directional_extrapolation,low_k_to_high_k,hgb,ringdown,wq,NMAE,0.30271238629062547,0.006369004612241071,0.3022047635596237,0.296706427026305,0.3066353578004921,5
directional_extrapolation,low_k_to_high_k,hgb,ringdown,wq,NRMSE,0.35429346211288554,0.008804338620116266,0.35253061768940674,0.34742214734825017,0.3591752182217975,5
directional_extrapolation,low_k_to_high_k,hgb,ringdown,wq,joint_error_median,0.4054001614814801,0.021168582952452383,0.4115779141243302,0.38777982963246,0.4205780208073459,5
directional_extrapolation,low_k_to_high_k,hgb,ringdown_plus_all_shooting,k,R2,-11.063343069744583,1.9059342764765517,-11.223092283849246,-12.336830708344618,-9.523161297086773,5
directional_extrapolation,low_k_to_high_k,hgb,ringdown_plus_all_shooting,k,MAE,0.0006748851045593528,5.8983045607502124e-05,0.0006813407625922879,0.0006261800951974424,0.0007131522118768121,5
directional_extrapolation,low_k_to_high_k,hgb,ringdown_plus_all_shooting,k,RMSE,0.0007071845741240121,5.6228025638137966e-05,0.0007136494320232112,0.0006621669382000903,0.0007454537406937864,5
directional_extrapolation,low_k_to_high_k,hgb,ringdown_plus_all_shooting,k,NMAE,0.26995404182374105,0.023593218243000855,0.27253630503691517,0.25047203807897694,0.2852608847507248,5
directional_extrapolation,low_k_to_high_k,hgb,ringdown_plus_all_shooting,k,NRMSE,0.28287382964960484,0.022491210255255197,0.2854597728092845,0.2648667752800361,0.29818149627751456,5
directional_extrapolation,low_k_to_high_k,hgb,ringdown_plus_all_shooting,k,joint_error_median,0.27819283056372746,0.023253473616174483,0.2760021621830002,0.2623509644186222,0.2868514591605331,5
directional_extrapolation,low_k_to_high_k,hgb,ringdown_plus_all_shooting,wq,R2,0.9315366398744818,0.007979660501929104,0.9289714862652797,0.9280618913087998,0.9357630004328862,5
directional_extrapolation,low_k_to_high_k,hgb,ringdown_plus_all_shooting,wq,MAE,0.019730818589525075,0.0011796026827677855,0.01957267867582258,0.01917299364219957,0.02064496333070797,5
directional_extrapolation,low_k_to_high_k,hgb,ringdown_plus_all_shooting,wq,RMSE,0.022266799915195416,0.0013147103357198085,0.02271170959514322,0.02159862411950919,0.022856670662316045,5
directional_extrapolation,low_k_to_high_k,hgb,ringdown_plus_all_shooting,wq,NMAE,0.07516502319819077,0.004493724505782039,0.07456258543170508,0.07303997577980788,0.07864747935507797,5
directional_extrapolation,low_k_to_high_k,hgb,ringdown_plus_all_shooting,wq,NRMSE,0.08482590443883967,0.005008420326551652,0.08652079845768845,0.08228047283622549,0.0870730310945373,5
directional_extrapolation,low_k_to_high_k,hgb,ringdown_plus_all_shooting,wq,joint_error_median,0.27819283056372746,0.023253473616174483,0.2760021621830002,0.2623509644186222,0.2868514591605331,5
directional_extrapolation,low_k_to_high_k,hgb,ringdown_plus_photon_geometry,k,R2,-11.16341378224985,1.7935855573373864,-11.271861038763852,-12.339265626488059,-10.068953068336834,5
directional_extrapolation,low_k_to_high_k,hgb,ringdown_plus_photon_geometry,k,MAE,0.0006781463489883115,5.514941690982458e-05,0.0006816692995297303,0.000645791183015094,0.0007134126460116575,5
directional_extrapolation,low_k_to_high_k,hgb,ringdown_plus_photon_geometry,k,RMSE,0.0007103293061101008,5.292901466689276e-05,0.0007150717049931617,0.0006791217695283873,0.0007455217866950654,5
directional_extrapolation,low_k_to_high_k,hgb,ringdown_plus_photon_geometry,k,NMAE,0.2712585395953246,0.022059766763929834,0.27266771981189214,0.2583164732060376,0.28536505840466303,5
directional_extrapolation,low_k_to_high_k,hgb,ringdown_plus_photon_geometry,k,NRMSE,0.2841317224440403,0.021171605866757124,0.28602868199726467,0.2716487078113549,0.2982087146780262,5
directional_extrapolation,low_k_to_high_k,hgb,ringdown_plus_photon_geometry,k,joint_error_median,0.29226420268073766,0.021745646952085217,0.2936936508154256,0.2819387329776366,0.3077743346127543,5
directional_extrapolation,low_k_to_high_k,hgb,ringdown_plus_photon_geometry,wq,R2,0.8737750852900243,0.020136479028848266,0.8611802657464815,0.8604084367613043,0.8906349513618393,5
directional_extrapolation,low_k_to_high_k,hgb,ringdown_plus_photon_geometry,wq,MAE,0.02555137796819875,0.0015993810450857548,0.025860180248680857,0.024268394910040354,0.027024328044830223,5
directional_extrapolation,low_k_to_high_k,hgb,ringdown_plus_photon_geometry,wq,RMSE,0.0301961509744084,0.002464838041719743,0.03175112130208903,0.028182060184982465,0.0318392660700941,5
directional_extrapolation,low_k_to_high_k,hgb,ringdown_plus_photon_geometry,wq,NMAE,0.09733858273599523,0.006092880171755255,0.09851497237592707,0.09245102822872515,0.10294982112316275,5
directional_extrapolation,low_k_to_high_k,hgb,ringdown_plus_photon_geometry,wq,NRMSE,0.11503295609298439,0.009389859206551403,0.12095665257938677,0.10736022927612367,0.12129244217178706,5
directional_extrapolation,low_k_to_high_k,hgb,ringdown_plus_photon_geometry,wq,joint_error_median,0.29226420268073766,0.021745646952085217,0.2936936508154256,0.2819387329776366,0.3077743346127543,5
directional_extrapolation,low_k_to_high_k,hgb,timing,k,R2,-18.501268980277494,4.014461762879989,-17.0736527407839,-18.12489286860925,-16.939898706610904,5
directional_extrapolation,low_k_to_high_k,hgb,timing,k,MAE,0.0008381423258059979,5.922644658030569e-05,0.0008327413001451193,0.0008165688804895795,0.0008331247268207275,5
directional_extrapolation,low_k_to_high_k,hgb,timing,k,RMSE,0.0008979197459137731,8.869191110505832e-05,0.0008677954045737561,0.0008645783824744411,0.0008926760533318075,5
directional_extrapolation,low_k_to_high_k,hgb,timing,k,NMAE,0.33525693032239917,0.02369057863212229,0.3330965200580477,0.3266275521958318,0.333249890728291,5
directional_extrapolation,low_k_to_high_k,hgb,timing,k,NRMSE,0.3591678983655093,0.03547676444202334,0.34711816182950245,0.3458313529897764,0.357070421332723,5
directional_extrapolation,low_k_to_high_k,hgb,timing,k,joint_error_median,0.3391494784036268,0.014875030109171952,0.33474447313852923,0.32625226182658157,0.3532660958521752,5
directional_extrapolation,low_k_to_high_k,hgb,timing,wq,R2,0.8022815084398414,0.010059834713712116,0.8038872665724781,0.8004481254587151,0.8099470814518246,5
directional_extrapolation,low_k_to_high_k,hgb,timing,wq,MAE,0.030456610723590544,0.0015288280887328684,0.03079069356743364,0.0303946510694853,0.031361748799906476,5
directional_extrapolation,low_k_to_high_k,hgb,timing,wq,RMSE,0.03788320416869323,0.0009551446099564111,0.03773864990580937,0.037151019350091824,0.03806811465946957,5
directional_extrapolation,low_k_to_high_k,hgb,timing,wq,NMAE,0.11602518370891635,0.0058241070046966435,0.11729788025689004,0.11578914693137257,0.11947332876154848,5
directional_extrapolation,low_k_to_high_k,hgb,timing,wq,NRMSE,0.1443169682616885,0.0036386461331672773,0.14376628535546426,0.14152769276225455,0.14502138917893168,5
directional_extrapolation,low_k_to_high_k,hgb,timing,wq,joint_error_median,0.3391494784036268,0.014875030109171952,0.33474447313852923,0.32625226182658157,0.3532660958521752,5
directional_extrapolation,low_k_to_high_k,mlp,all_shooting,k,R2,-186.33670793920874,231.1713291978764,-78.43043900973052,-230.82968309390432,-30.11970915426933,5
directional_extrapolation,low_k_to_high_k,mlp,all_shooting,k,MAE,0.000827948732963178,0.0004696431797422143,0.0005431779643623368,0.0005243797263449675,0.0009656809436269412,5
directional_extrapolation,low_k_to_high_k,mlp,all_shooting,k,RMSE,0.0023806870546656572,0.0016347879495063938,0.0018192310533314449,0.0011387074023183285,0.0031079848984370373,5
directional_extrapolation,low_k_to_high_k,mlp,all_shooting,k,NMAE,0.33117949318527123,0.1878572718968857,0.2172711857449347,0.209751890537987,0.38627237745077647,5
directional_extrapolation,low_k_to_high_k,mlp,all_shooting,k,NRMSE,0.9522748218662628,0.6539151798025575,0.7276924213325779,0.45548296092733137,1.243193959374815,5
directional_extrapolation,low_k_to_high_k,mlp,all_shooting,k,joint_error_median,0.17131559142504993,0.07418760074526337,0.1331736992485281,0.13109488812245418,0.1693470168641715,5
directional_extrapolation,low_k_to_high_k,mlp,all_shooting,wq,R2,-16.172935165774152,29.078412593591743,-3.9031766666189727,-6.090081019024313,-2.6551754456308667,5
directional_extrapolation,low_k_to_high_k,mlp,all_shooting,wq,MAE,0.0908421614715925,0.05556193878881782,0.07202204462984631,0.06823751191219965,0.07812758315225943,5
directional_extrapolation,low_k_to_high_k,mlp,all_shooting,wq,RMSE,0.275748792832439,0.24666659072537717,0.18870014488879158,0.16292494258383403,0.22691283497980777,5
directional_extrapolation,low_k_to_high_k,mlp,all_shooting,wq,NMAE,0.3460653770346381,0.21166452871930597,0.2743696938279859,0.2599524263321891,0.2976288881990835,5
directional_extrapolation,low_k_to_high_k,mlp,all_shooting,wq,NRMSE,1.050471591742625,0.9396822503823892,0.7188576948144441,0.6206664479384153,0.8644298475421248,5
directional_extrapolation,low_k_to_high_k,mlp,all_shooting,wq,joint_error_median,0.17131559142504993,0.07418760074526337,0.1331736992485281,0.13109488812245418,0.1693470168641715,5
directional_extrapolation,low_k_to_high_k,mlp,orbital,k,R2,-427.6541958039749,533.4219934337121,-144.0197747169074,-657.688824294705,-37.28061817984312,5
directional_extrapolation,low_k_to_high_k,mlp,orbital,k,MAE,0.0016299770025908066,0.0008158296018390765,0.001161014168957391,0.0011440569574097108,0.0022868138716783146,5
directional_extrapolation,low_k_to_high_k,mlp,orbital,k,RMSE,0.00349107698879755,0.0026629337557758826,0.0024581478013342636,0.0012629432914796543,0.005238832663766427,5
directional_extrapolation,low_k_to_high_k,mlp,orbital,k,NMAE,0.6519908010363226,0.32633184073563065,0.46440566758295637,0.4576227829638843,0.9147255486713258,5
directional_extrapolation,low_k_to_high_k,mlp,orbital,k,NRMSE,1.39643079551902,1.065173502310353,0.9832591205337055,0.5051773165918617,2.095533065506571,5
directional_extrapolation,low_k_to_high_k,mlp,orbital,k,joint_error_median,0.43640402145173524,0.16830510516773278,0.5058297800097826,0.2793989950813738,0.5348961881635611,5
directional_extrapolation,low_k_to_high_k,mlp,orbital,wq,R2,-12.74540204542797,15.94705914760452,-3.714422594011408,-22.703248068411295,-0.9293425652745462,5
directional_extrapolation,low_k_to_high_k,mlp,orbital,wq,MAE,0.12421986048591567,0.05525520913242029,0.09428236491374058,0.08160583943651609,0.17440950201676048,5
directional_extrapolation,low_k_to_high_k,mlp,orbital,wq,RMSE,0.2670867198204907,0.1887003204034617,0.18503237255545346,0.11836904281844796,0.4148942286571744,5
directional_extrapolation,low_k_to_high_k,mlp,orbital,wq,NMAE,0.4732185161368216,0.21049603479017256,0.35917091395710693,0.31087938832958506,0.6644171505400399,5
directional_extrapolation,low_k_to_high_k,mlp,orbital,wq,NRMSE,1.0174732183637742,0.7188583634417588,0.7048852287826798,0.45092968692742075,1.5805494425035214,5
directional_extrapolation,low_k_to_high_k,mlp,orbital,wq,joint_error_median,0.43640402145173524,0.16830510516773278,0.5058297800097826,0.2793989950813738,0.5348961881635611,5
directional_extrapolation,low_k_to_high_k,mlp,photon_geometry,k,R2,-28.532591811973866,26.175629591460225,-26.88215129874163,-34.04500766238926,-10.368582572896367,5
directional_extrapolation,low_k_to_high_k,mlp,photon_geometry,k,MAE,0.0006109586607784236,0.00033439957609094506,0.0005269419329850985,0.0003511333309759832,0.0008643734468290691,5
directional_extrapolation,low_k_to_high_k,mlp,photon_geometry,k,RMSE,0.0010076387902243733,0.0005186385148485001,0.0010778479967575366,0.0006882520908339826,0.001208390935334899,5
directional_extrapolation,low_k_to_high_k,mlp,photon_geometry,k,NMAE,0.24438346431136945,0.13375983043637804,0.2107767731940394,0.1404533323903933,0.34574937873162764,5
directional_extrapolation,low_k_to_high_k,mlp,photon_geometry,k,NRMSE,0.4030555160897492,0.20745540593940004,0.43113919870301465,0.27530083633359304,0.48335637413395965,5
directional_extrapolation,low_k_to_high_k,mlp,photon_geometry,k,joint_error_median,0.210445053123123,0.13894386389242147,0.12247000399795854,0.1197155676884181,0.2860007674279945,5
directional_extrapolation,low_k_to_high_k,mlp,photon_geometry,wq,R2,-28.312367360962952,58.07102282584794,-3.0902105094870835,-6.993622195156273,0.1498982533504749,5
directional_extrapolation,low_k_to_high_k,mlp,photon_geometry,wq,MAE,0.11312091880499082,0.10691878202298324,0.09450328776228079,0.048526005174763576,0.09875291112172557,5
directional_extrapolation,low_k_to_high_k,mlp,photon_geometry,wq,RMSE,0.3078804609445923,0.38418951842887084,0.1723480178266332,0.07857220065603153,0.24093798387949217,5
directional_extrapolation,low_k_to_high_k,mlp,photon_geometry,wq,NMAE,0.43093683354282214,0.40730964580184087,0.36001252480868867,0.1848609720943374,0.37620156617800216,5
directional_extrapolation,low_k_to_high_k,mlp,photon_geometry,wq,NRMSE,1.1728779464555896,1.4635791178242696,0.6565638774347932,0.2993226691658344,0.9178589862075892,5
directional_extrapolation,low_k_to_high_k,mlp,photon_geometry,wq,joint_error_median,0.210445053123123,0.13894386389242147,0.12247000399795854,0.1197155676884181,0.2860007674279945,5
directional_extrapolation,low_k_to_high_k,mlp,redshift,k,R2,-128.5940483718261,91.7805311688837,-171.56161473755833,-197.30290474752204,-29.90803137483617,5
directional_extrapolation,low_k_to_high_k,mlp,redshift,k,MAE,0.0011275522739173113,6.195455185513666e-05,0.0011178807401939772,0.0010781240019721353,0.0011525123450144958,5
directional_extrapolation,low_k_to_high_k,mlp,redshift,k,RMSE,0.0021622201431947936,0.0009516801378715971,0.0026814300812685004,0.0011348280224854222,0.002874477523159079,5
directional_extrapolation,low_k_to_high_k,mlp,redshift,k,NMAE,0.45102090956692453,0.024781820742054664,0.4471522960775909,0.4312496007888541,0.4610049380057983,5
directional_extrapolation,low_k_to_high_k,mlp,redshift,k,NRMSE,0.8648880572779174,0.38067205514863883,1.0725720325074002,0.4539312089941689,1.1497910092636314,5
directional_extrapolation,low_k_to_high_k,mlp,redshift,k,joint_error_median,0.3035630274973712,0.15396748685972186,0.2708511404671931,0.16842354732566028,0.45237014908182827,5
directional_extrapolation,low_k_to_high_k,mlp,redshift,wq,R2,-7.864047048595613,16.352342944442302,0.2772187606481543,-4.079530983350431,0.6400083257242248,5
directional_extrapolation,low_k_to_high_k,mlp,redshift,wq,MAE,0.07949502280167293,0.06375674924440569,0.05857500830631928,0.04828206762923903,0.06549720256062858,5
directional_extrapolation,low_k_to_high_k,mlp,redshift,wq,RMSE,0.17680765672530896,0.203443313193294,0.072449751220798,0.051130458971383484,0.19206369054764277,5
directional_extrapolation,low_k_to_high_k,mlp,redshift,wq,NMAE,0.3028381821016112,0.24288285426440262,0.2231428887859782,0.18393168620662487,0.24951315261191837,5
directional_extrapolation,low_k_to_high_k,mlp,redshift,wq,NRMSE,0.6735529780011771,0.775022145498263,0.27599905226970667,0.19478270084336566,0.7316712020862581,5
directional_extrapolation,low_k_to_high_k,mlp,redshift,wq,joint_error_median,0.3035630274973712,0.15396748685972186,0.2708511404671931,0.16842354732566028,0.45237014908182827,5
directional_extrapolation,low_k_to_high_k,mlp,ringdown,k,R2,0.46369183035599837,0.1461245375312653,0.44136944260039135,0.4115955093702913,0.4544467581991646,5
directional_extrapolation,low_k_to_high_k,mlp,ringdown,k,MAE,0.00011475961982834433,2.3447679554902e-05,0.00012292844471785156,9.818743407165258e-05,0.0001312437642259054,5
directional_extrapolation,low_k_to_high_k,mlp,ringdown,k,RMSE,0.0001481807867240227,2.2040535979656815e-05,0.00015256563579320114,0.00015076931078649529,0.00015657858658270568,5
directional_extrapolation,low_k_to_high_k,mlp,ringdown,k,NMAE,0.045903847931337734,0.009379071821960799,0.04917137788714062,0.03927497362866103,0.052497505690362156,5
directional_extrapolation,low_k_to_high_k,mlp,ringdown,k,NRMSE,0.059272314689609064,0.008816214391862724,0.061026254317280454,0.06030772431459811,0.06263143463308227,5
directional_extrapolation,low_k_to_high_k,mlp,ringdown,k,joint_error_median,0.1395595909127081,0.10223789211613875,0.10126901383229385,0.09872639304231398,0.11137204650786746,5
directional_extrapolation,low_k_to_high_k,mlp,ringdown,wq,R2,0.6122916380933014,0.6551300222939427,0.9038227052207649,0.8457380469184552,0.9106909792262297,5
directional_extrapolation,low_k_to_high_k,mlp,ringdown,wq,MAE,0.03503682727970426,0.03024219266658089,0.022622688813553254,0.022161414055854086,0.02835406883702383,5
directional_extrapolation,low_k_to_high_k,mlp,ringdown,wq,RMSE,0.041809019224657074,0.03653103615403345,0.026428331244289924,0.025467195759004902,0.03347055205870692,5
directional_extrapolation,low_k_to_high_k,mlp,ringdown,wq,NMAE,0.13347362773220667,0.11520835301554624,0.08618167167067906,0.08442443449849175,0.10801550033151934,5
directional_extrapolation,low_k_to_high_k,mlp,ringdown,wq,NRMSE,0.15927245418916977,0.13916585201536552,0.10067935712110447,0.09701788860573296,0.12750686498555017,5
directional_extrapolation,low_k_to_high_k,mlp,ringdown,wq,joint_error_median,0.1395595909127081,0.10223789211613875,0.10126901383229385,0.09872639304231398,0.11137204650786746,5
directional_extrapolation,low_k_to_high_k,mlp,ringdown_plus_all_shooting,k,R2,-51.12920300149567,56.10978634062989,-42.19621917655979,-75.38385295436831,-2.813680870138338,5
directional_extrapolation,low_k_to_high_k,mlp,ringdown_plus_all_shooting,k,MAE,0.0004765927493207217,0.0002650591886768399,0.00045215736874841533,0.0002902293088206427,0.0006366842954284827,5
directional_extrapolation,low_k_to_high_k,mlp,ringdown_plus_all_shooting,k,RMSE,0.0012285337451560685,0.0009101888279878546,0.0013415820756442712,0.00039862685507764954,0.0017840012723553047,5
directional_extrapolation,low_k_to_high_k,mlp,ringdown_plus_all_shooting,k,NMAE,0.19063709972828868,0.10602367547073596,0.18086294749936613,0.11609172352825707,0.25467371817139306,5
directional_extrapolation,low_k_to_high_k,mlp,ringdown_plus_all_shooting,k,NRMSE,0.4914134980624274,0.3640755311951418,0.5366328302577085,0.15945074203105983,0.7136005089421219,5
directional_extrapolation,low_k_to_high_k,mlp,ringdown_plus_all_shooting,k,joint_error_median,0.1156553849228689,0.0252316960629421,0.12742242581882093,0.1065636662945908,0.1288836232073025,5
directional_extrapolation,low_k_to_high_k,mlp,ringdown_plus_all_shooting,wq,R2,-83.37233579109827,119.69604787401079,-19.521680022261506,-117.57432896553314,-1.2801450051533498,5
directional_extrapolation,low_k_to_high_k,mlp,ringdown_plus_all_shooting,wq,MAE,0.17360694823146908,0.14192621796693738,0.14281707384973918,0.052175416120654045,0.28352758705657943,5
directional_extrapolation,low_k_to_high_k,mlp,ringdown_plus_all_shooting,wq,RMSE,0.5852769521156949,0.5811388184985193,0.3860467660535441,0.12868107969298756,0.9279590264789279,5
directional_extrapolation,low_k_to_high_k,mlp,ringdown_plus_all_shooting,wq,NMAE,0.6613598027865488,0.5406713065407137,0.5440650432371016,0.19876348998344398,1.080105093548874,5
directional_extrapolation,low_k_to_high_k,mlp,ringdown_plus_all_shooting,wq,NRMSE,2.229626484250266,2.213862165708645,1.4706543468706441,0.4902136369256669,3.535082005634011,5
directional_extrapolation,low_k_to_high_k,mlp,ringdown_plus_all_shooting,wq,joint_error_median,0.1156553849228689,0.0252316960629421,0.12742242581882093,0.1065636662945908,0.1288836232073025,5
directional_extrapolation,low_k_to_high_k,mlp,ringdown_plus_photon_geometry,k,R2,-23.779681794381794,26.78280189258029,-13.568479596593827,-23.30006584676775,-9.576407379900708,5
directional_extrapolation,low_k_to_high_k,mlp,ringdown_plus_photon_geometry,k,MAE,0.0005023451076968621,0.00029305910568125376,0.0003995343315089111,0.00030868348696948196,0.0006215658840701052,5
directional_extrapolation,low_k_to_high_k,mlp,ringdown_plus_photon_geometry,k,RMSE,0.0009114516211741238,0.0005021736299473967,0.0007791148716276757,0.0006638400717260116,0.0010062319531873966,5
directional_extrapolation,low_k_to_high_k,mlp,ringdown_plus_photon_geometry,k,NMAE,0.20093804307874485,0.11722364227250151,0.15981373260356443,0.12347339478779279,0.24862635362804208,5
directional_extrapolation,low_k_to_high_k,mlp,ringdown_plus_photon_geometry,k,NRMSE,0.3645806484696496,0.20086945197895872,0.31164594865107026,0.26553602869040466,0.40249278127495863,5
directional_extrapolation,low_k_to_high_k,mlp,ringdown_plus_photon_geometry,k,joint_error_median,0.17299942438158147,0.16857426932377345,0.09802884043124481,0.09320793282716404,0.1492378304226804,5
directional_extrapolation,low_k_to_high_k,mlp,ringdown_plus_photon_geometry,wq,R2,-38.53287787602296,63.53472301451619,-9.713203396700125,-34.593183157689644,0.3053333138591676,5
directional_extrapolation,low_k_to_high_k,mlp,ringdown_plus_photon_geometry,wq,MAE,0.11091151234684582,0.0933102524774386,0.06465012871404094,0.061813897169295896,0.13315544251955824,5
directional_extrapolation,low_k_to_high_k,mlp,ringdown_plus_photon_geometry,wq,RMSE,0.39139807192316783,0.4091185176227716,0.2789286584240066,0.07102671008261034,0.5084132700707189,5
directional_extrapolation,low_k_to_high_k,mlp,ringdown_plus_photon_geometry,wq,NMAE,0.4225200470356031,0.3554676284854804,0.24628620462491785,0.23548151302588913,0.5072588286459362,5
directional_extrapolation,low_k_to_high_k,mlp,ringdown_plus_photon_geometry,wq,NRMSE,1.4910402739930202,1.5585467338010348,1.062585365424787,0.2705779431718489,1.9368124574122625,5
directional_extrapolation,low_k_to_high_k,mlp,ringdown_plus_photon_geometry,wq,joint_error_median,0.17299942438158147,0.16857426932377345,0.09802884043124481,0.09320793282716404,0.1492378304226804,5
directional_extrapolation,low_k_to_high_k,mlp,timing,k,R2,-33.65749060539251,32.478728720681374,-18.82855894767043,-40.91037499030314,-11.119034344462909,5
directional_extrapolation,low_k_to_high_k,mlp,timing,k,MAE,0.000580853994073827,0.0001968545121647602,0.0005723059571259032,0.0003981832480388842,0.0007276412311831183,5
directional_extrapolation,low_k_to_high_k,mlp,timing,k,RMSE,0.0011078197372176714,0.0005205736479944401,0.0009089499194966324,0.0007106052099109752,0.0013214634405067603,5
directional_extrapolation,low_k_to_high_k,mlp,timing,k,NMAE,0.23234159762953083,0.07874180486590408,0.2289223828503613,0.1592732992155537,0.29105649247324733,5
directional_extrapolation,low_k_to_high_k,mlp,timing,k,NRMSE,0.4431278948870685,0.20822945919777605,0.363579967798653,0.2842420839643901,0.5285853762027041,5
directional_extrapolation,low_k_to_high_k,mlp,timing,k,joint_error_median,0.22598656930400582,0.198856127418004,0.14016861494390614,0.1346592577412764,0.17717843182810178,5
directional_extrapolation,low_k_to_high_k,mlp,timing,wq,R2,-13.246749197552123,16.35576275228232,-8.168675464414802,-15.984227079327084,-2.6888708617809676,5
directional_extrapolation,low_k_to_high_k,mlp,timing,wq,MAE,0.10155133807450431,0.04072153288672255,0.12406695144342827,0.09392702371122451,0.12545691523744396,5
directional_extrapolation,low_k_to_high_k,mlp,timing,wq,RMSE,0.2711602628245706,0.19343780999044327,0.25803983953402865,0.16367418564383115,0.3512014955901697,5
directional_extrapolation,low_k_to_high_k,mlp,timing,wq,NMAE,0.3868622402838259,0.15512964909227636,0.4726360054987744,0.35781723318561715,0.47793110566645314,5
directional_extrapolation,low_k_to_high_k,mlp,timing,wq,NRMSE,1.0329914774269358,0.7369059428207363,0.9830089125105853,0.6235207072145948,1.3379104593911226,5
directional_extrapolation,low_k_to_high_k,mlp,timing,wq,joint_error_median,0.22598656930400582,0.198856127418004,0.14016861494390614,0.1346592577412764,0.17717843182810178,5
directional_extrapolation,low_k_to_high_k,random_forest,all_shooting,k,R2,-13.479578432812161,3.9862862962913765,-11.908046484241277,-13.596787373940657,-11.732868801280759,5
directional_extrapolation,low_k_to_high_k,random_forest,all_shooting,k,MAE,0.0007118177659531822,6.939067086386747e-05,0.000698603069384319,0.0006939091560445723,0.0007061987183341346,5
directional_extrapolation,low_k_to_high_k,random_forest,all_shooting,k,RMSE,0.000771411268172302,0.00010149152286423264,0.0007333725316486293,0.0007283791595408019,0.0007798714470438023,5
directional_extrapolation,low_k_to_high_k,random_forest,all_shooting,k,NMAE,0.28472710638127285,0.027756268345546987,0.2794412277537276,0.2775636624178289,0.2824794873336538,5
directional_extrapolation,low_k_to_high_k,random_forest,all_shooting,k,NRMSE,0.3085645072689208,0.040596609145693054,0.29334901265945174,0.29135166381632077,0.3119485788175209,5
directional_extrapolation,low_k_to_high_k,random_forest,all_shooting,k,joint_error_median,0.26489100929095405,0.018125222138082656,0.2717185807900499,0.25172771123074045,0.2803947688441911,5
directional_extrapolation,low_k_to_high_k,random_forest,all_shooting,wq,R2,0.9173132100006185,0.006621432381854605,0.9143075520353726,0.911931944613787,0.9217985529987166,5
directional_extrapolation,low_k_to_high_k,random_forest,all_shooting,wq,MAE,0.017891270547634196,0.0006705649886861274,0.017969855374937387,0.017736396454625672,0.01825469457240289,5
directional_extrapolation,low_k_to_high_k,random_forest,all_shooting,wq,RMSE,0.024488758447997944,0.0009918082356775153,0.024946219395978627,0.023830922668501155,0.02528964111135971,5
directional_extrapolation,low_k_to_high_k,random_forest,all_shooting,wq,NMAE,0.06815722113384455,0.002554533290232867,0.06845659190452337,0.06756722458905018,0.06954169360915387,5
directional_extrapolation,low_k_to_high_k,random_forest,all_shooting,wq,NRMSE,0.0932905083733255,0.003778317088295295,0.09503321674658524,0.09078446730857583,0.09634148994803698,5
directional_extrapolation,low_k_to_high_k,random_forest,all_shooting,wq,joint_error_median,0.26489100929095405,0.018125222138082656,0.2717185807900499,0.25172771123074045,0.2803947688441911,5
directional_extrapolation,low_k_to_high_k,random_forest,orbital,k,R2,-30.088698753677868,4.1409390021372445,-29.70945951741578,-31.200894530463742,-29.513075494472556,5
directional_extrapolation,low_k_to_high_k,random_forest,orbital,k,MAE,0.0010857012466150351,6.488615375245586e-05,0.0010883976938520536,0.0010819792441004563,0.001099557983928249,5
directional_extrapolation,low_k_to_high_k,random_forest,orbital,k,RMSE,0.0011360918209589912,7.630385327749218e-05,0.001131176738279946,0.0011275540544040553,0.001158319445908305,5
directional_extrapolation,low_k_to_high_k,random_forest,orbital,k,NMAE,0.43428049864601403,0.025954461500982347,0.4353590775408214,0.4327916976401825,0.43982319357129956,5
directional_extrapolation,low_k_to_high_k,random_forest,orbital,k,NRMSE,0.45443672838359656,0.03052154131099687,0.4524706953119784,0.4510216217616221,0.46332777836332195,5
directional_extrapolation,low_k_to_high_k,random_forest,orbital,k,joint_error_median,0.4570160718472233,0.02628924363467002,0.46872375942720096,0.43518119591306775,0.4710317191373856,5
directional_extrapolation,low_k_to_high_k,random_forest,orbital,wq,R2,0.5821330746712613,0.07640013454451491,0.5962580973341429,0.5270056262752034,0.6495806038978635,5
directional_extrapolation,low_k_to_high_k,random_forest,orbital,wq,MAE,0.049140693040468426,0.0037888124765010326,0.04965476073037352,0.04537301954732511,0.051869936050318054,5
directional_extrapolation,low_k_to_high_k,random_forest,orbital,wq,RMSE,0.054905509025129695,0.005001165267547757,0.05414836846266653,0.050446092424270596,0.058608613878700255,5
directional_extrapolation,low_k_to_high_k,random_forest,orbital,wq,NMAE,0.18720264015416538,0.014433571339051559,0.18916099325856578,0.1728495982755242,0.197599756382164,5
directional_extrapolation,low_k_to_high_k,random_forest,orbital,wq,NRMSE,0.20916384390525594,0.019052058162086695,0.2062794989053963,0.1921755901876975,0.2232709100140962,5
directional_extrapolation,low_k_to_high_k,random_forest,orbital,wq,joint_error_median,0.4570160718472233,0.02628924363467002,0.46872375942720096,0.43518119591306775,0.4710317191373856,5
directional_extrapolation,low_k_to_high_k,random_forest,photon_geometry,k,R2,-14.106376874455146,1.774399910925904,-14.421751618638583,-15.764956399386392,-12.45477218681874,5
directional_extrapolation,low_k_to_high_k,random_forest,photon_geometry,k,MAE,0.0007575870088104933,4.355451935298094e-05,0.000762495991662658,0.0007224443228278455,0.0007972844562143802,5
directional_extrapolation,low_k_to_high_k,random_forest,photon_geometry,k,RMSE,0.0007922587304847222,4.688381570036642e-05,0.0008016065020382138,0.0007487426178494945,0.0008357869644678798,5
directional_extrapolation,low_k_to_high_k,random_forest,photon_geometry,k,NMAE,0.3030348035241973,0.01742180774119238,0.3049983966650632,0.28897772913113823,0.3189137824857521,5
directional_extrapolation,low_k_to_high_k,random_forest,photon_geometry,k,NRMSE,0.31690349219388886,0.018753526280146565,0.3206426008152855,0.2994970471397978,0.3343147857871519,5
directional_extrapolation,low_k_to_high_k,random_forest,photon_geometry,k,joint_error_median,0.3239113092798553,0.01831803739672858,0.32127561214856604,0.3071483183106267,0.3386445508900682,5
directional_extrapolation,low_k_to_high_k,random_forest,photon_geometry,wq,R2,0.876396153476548,0.012664700676800764,0.8678884778314574,0.8671181460187598,0.8873100740584989,5
directional_extrapolation,low_k_to_high_k,random_forest,photon_geometry,wq,MAE,0.027202711781414368,0.0010311642561083153,0.027725923534588224,0.026371841187245136,0.027934924810271943,5
directional_extrapolation,low_k_to_high_k,random_forest,photon_geometry,wq,RMSE,0.029928267310643148,0.0015540372442033898,0.030974464800281255,0.02860724329752803,0.03106463836699516,5
directional_extrapolation,low_k_to_high_k,random_forest,photon_geometry,wq,NMAE,0.10362937821491185,0.003928244785174535,0.10562256584605037,0.10046415690379099,0.10641876118198836,5
directional_extrapolation,low_k_to_high_k,random_forest,photon_geometry,wq,NRMSE,0.11401244689768816,0.005920141882679583,0.11799796114392859,0.10897997446677345,0.11834147949331489,5
directional_extrapolation,low_k_to_high_k,random_forest,photon_geometry,wq,joint_error_median,0.3239113092798553,0.01831803739672858,0.32127561214856604,0.3071483183106267,0.3386445508900682,5
directional_extrapolation,low_k_to_high_k,random_forest,redshift,k,R2,-16.87465230716649,0.9865692500056256,-16.682823694338232,-17.263483846874212,-16.399021088534735,5
directional_extrapolation,low_k_to_high_k,random_forest,redshift,k,MAE,0.0007752051801313163,3.144706740323791e-05,0.0007613054357609278,0.0007590534638972137,0.0007992840357944524,5
directional_extrapolation,low_k_to_high_k,random_forest,redshift,k,RMSE,0.0008627440452974348,2.371423014478773e-05,0.000858361416069843,0.0008514453664342068,0.0008723408127674406,5
directional_extrapolation,low_k_to_high_k,random_forest,redshift,k,NMAE,0.31008207205252647,0.012578826961295156,0.3045221743043711,0.30362138555888546,0.31971361431778095,5
directional_extrapolation,low_k_to_high_k,random_forest,redshift,k,NRMSE,0.3450976181189739,0.009485692057915083,0.3433445664279372,0.34057814657368274,0.3489363251069762,5
directional_extrapolation,low_k_to_high_k,random_forest,redshift,k,joint_error_median,0.316485742037692,0.010356574140387789,0.31761490999455455,0.3096345906313614,0.3195581459130756,5
directional_extrapolation,low_k_to_high_k,random_forest,redshift,wq,R2,0.9128721369363134,0.0039733532703528475,0.9120363103826388,0.9096626135558963,0.9159501380941211,5
directional_extrapolation,low_k_to_high_k,random_forest,redshift,wq,MAE,0.02173822537159352,0.000982383604648425,0.021673214953770645,0.02125369134466367,0.02255030713884891,5
directional_extrapolation,low_k_to_high_k,random_forest,redshift,wq,RMSE,0.025149023579330736,0.0005752347120249015,0.0252746518212973,0.024705973140535475,0.02561339952048322,5
directional_extrapolation,low_k_to_high_k,random_forest,redshift,wq,NMAE,0.08281228712988008,0.003742413731993998,0.08256462839531674,0.08096644321776636,0.08590593195751965,5
directional_extrapolation,low_k_to_high_k,random_forest,redshift,wq,NRMSE,0.09580580411173614,0.002191370331523435,0.09628438789065638,0.09411799291632561,0.09757485531612656,5
directional_extrapolation,low_k_to_high_k,random_forest,redshift,wq,joint_error_median,0.316485742037692,0.010356574140387789,0.31761490999455455,0.3096345906313614,0.3195581459130756,5
directional_extrapolation,low_k_to_high_k,random_forest,ringdown,k,R2,-6.2331293522025515,0.1563554986374395,-6.190292188376795,-6.382222181888302,-6.097880278479206,5
directional_extrapolation,low_k_to_high_k,random_forest,ringdown,k,MAE,0.0005095896464646452,6.393110241294219e-06,0.0005081007996632985,0.0005038720538720526,0.0005150610269360259,5
directional_extrapolation,low_k_to_high_k,random_forest,ringdown,k,RMSE,0.0005489556298345046,5.927283115881726e-06,0.0005473531838301785,0.0005438244308628477,0.0005546103054506042,5
directional_extrapolation,low_k_to_high_k,random_forest,ringdown,k,NMAE,0.2038358585858581,0.0025572440965176847,0.2032403198653194,0.20154882154882103,0.20602441077441036,5
directional_extrapolation,low_k_to_high_k,random_forest,ringdown,k,NRMSE,0.21958225193380185,0.0023709132463526914,0.2189412735320714,0.2175297723451391,0.2218441221802417,5
directional_extrapolation,low_k_to_high_k,random_forest,ringdown,k,joint_error_median,0.34666732439196946,0.017922683337114748,0.34287447334999793,0.3399527482527426,0.356993252995586,5
directional_extrapolation,low_k_to_high_k,random_forest,ringdown,wq,R2,-0.10444093539724238,0.1386115947929002,-0.1685711246215087,-0.21457142161770748,-0.02464350868092091,5
directional_extrapolation,low_k_to_high_k,random_forest,ringdown,wq,MAE,0.07646582357971254,0.004582432931703188,0.07824416970632259,0.07411088714526216,0.079905317560526,5
directional_extrapolation,low_k_to_high_k,random_forest,ringdown,wq,RMSE,0.08941075810788304,0.005740608117251893,0.09212150790526806,0.08626206678314433,0.09391716877852586,5
directional_extrapolation,low_k_to_high_k,random_forest,ringdown,wq,NMAE,0.2912983755417621,0.01745688735886929,0.29807302745265746,0.28232718912480825,0.3044012097543848,5
directional_extrapolation,low_k_to_high_k,random_forest,ringdown,wq,NRMSE,0.34061241183955443,0.021868983303816748,0.3509390777343545,0.3286173972691212,0.3577796905848604,5
directional_extrapolation,low_k_to_high_k,random_forest,ringdown,wq,joint_error_median,0.34666732439196946,0.017922683337114748,0.34287447334999793,0.3399527482527426,0.356993252995586,5
directional_extrapolation,low_k_to_high_k,random_forest,ringdown_plus_all_shooting,k,R2,-6.4195978930281825,0.2231370683861935,-6.444855236391663,-6.5971308475378505,-6.202461288229487,5
directional_extrapolation,low_k_to_high_k,random_forest,ringdown_plus_all_shooting,k,MAE,0.0005172490680615668,9.017506037951473e-06,0.000518539562289561,0.0005083543771043759,0.0005246874999999988,5
directional_extrapolation,low_k_to_high_k,random_forest,ringdown_plus_all_shooting,k,RMSE,0.0005559621726934476,8.364713346016578e-06,0.0005569580787782141,0.0005478161677754944,0.0005626252026415191,5
directional_extrapolation,low_k_to_high_k,random_forest,ringdown_plus_all_shooting,k,NMAE,0.2068996272246267,0.0036070024151805876,0.2074158249158244,0.20334175084175035,0.2098749999999995,5
directional_extrapolation,low_k_to_high_k,random_forest,ringdown_plus_all_shooting,k,NRMSE,0.222384869077379,0.0033458853384066354,0.22278323151128562,0.21912646711019773,0.22505008105660765,5
directional_extrapolation,low_k_to_high_k,random_forest,ringdown_plus_all_shooting,k,joint_error_median,0.21724858774127784,0.004844318631201629,0.21511193049797303,0.21481831449390004,0.22172408469737753,5
directional_extrapolation,low_k_to_high_k,random_forest,ringdown_plus_all_shooting,wq,R2,0.9148201732043427,0.003846670903286604,0.9163523674905063,0.9112748943506654,0.9179483427059194,5
directional_extrapolation,low_k_to_high_k,random_forest,ringdown_plus_all_shooting,wq,MAE,0.018040578471519138,0.0006838154653834485,0.018204707184883887,0.01775390387004973,0.018384840635187853,5
directional_extrapolation,low_k_to_high_k,random_forest,ringdown_plus_all_shooting,wq,RMSE,0.024866450425728777,0.0005598648181776839,0.02464678573575958,0.02441052621395526,0.025383805150215686,5
directional_extrapolation,low_k_to_high_k,random_forest,ringdown_plus_all_shooting,wq,NMAE,0.0687260132248348,0.00260501129669885,0.06935126546622433,0.06763391950495136,0.07003748813404896,5
directional_extrapolation,low_k_to_high_k,random_forest,ringdown_plus_all_shooting,wq,NRMSE,0.09472933495515724,0.0021328183549626074,0.09389251708860792,0.09299248081506765,0.09670021009605975,5
directional_extrapolation,low_k_to_high_k,random_forest,ringdown_plus_all_shooting,wq,joint_error_median,0.21724858774127784,0.004844318631201629,0.21511193049797303,0.21481831449390004,0.22172408469737753,5
directional_extrapolation,low_k_to_high_k,random_forest,ringdown_plus_photon_geometry,k,R2,-6.303680800260941,0.1782265490886597,-6.284533946233134,-6.477726530934318,-6.140386065516241,5
directional_extrapolation,low_k_to_high_k,random_forest,ringdown_plus_photon_geometry,k,MAE,0.0005126478174603163,7.306322661164619e-06,0.0005119791666666654,0.0005059238215488202,0.0005200147306397297,5
directional_extrapolation,low_k_to_high_k,random_forest,ringdown_plus_photon_geometry,k,RMSE,0.0005516192706664043,6.728073059033769e-06,0.0005509285323521681,0.0005454503516023954,0.000558186293981615,5
directional_extrapolation,low_k_to_high_k,random_forest,ringdown_plus_photon_geometry,k,NMAE,0.20505912698412648,0.002922529064465848,0.20479166666666615,0.2023695286195281,0.20800589225589186,5
directional_extrapolation,low_k_to_high_k,random_forest,ringdown_plus_photon_geometry,k,NRMSE,0.22064770826656172,0.0026912292236135034,0.22037141294086723,0.21818014064095814,0.223274517592646,5
directional_extrapolation,low_k_to_high_k,random_forest,ringdown_plus_photon_geometry,k,joint_error_median,0.23316331393054562,0.0037667051242954303,0.23348968307014614,0.2302343948280722,0.23548781085272083,5
directional_extrapolation,low_k_to_high_k,random_forest,ringdown_plus_photon_geometry,wq,R2,0.8786817861588831,0.015531904534133814,0.876479200077375,0.8696917917367646,0.8905387199840478,5
directional_extrapolation,low_k_to_high_k,random_forest,ringdown_plus_photon_geometry,wq,MAE,0.026794071824639942,0.0014363938031349906,0.027176114985837208,0.025575649171955893,0.027447932138241423,5
directional_extrapolation,low_k_to_high_k,random_forest,ringdown_plus_photon_geometry,wq,RMSE,0.02963321157855382,0.001906340866785581,0.029950460937600412,0.02819445629415163,0.030762338695294943,5
directional_extrapolation,low_k_to_high_k,random_forest,ringdown_plus_photon_geometry,wq,NMAE,0.10207265457005692,0.005471976392895202,0.10352805708890364,0.09743104446459387,0.10456355100282447,5
directional_extrapolation,low_k_to_high_k,random_forest,ringdown_plus_photon_geometry,wq,NRMSE,0.11288842506115741,0.007262250921087929,0.11409699404800157,0.10740745254914906,0.11718986169636168,5
directional_extrapolation,low_k_to_high_k,random_forest,ringdown_plus_photon_geometry,wq,joint_error_median,0.23316331393054562,0.0037667051242954303,0.23348968307014614,0.2302343948280722,0.23548781085272083,5
directional_extrapolation,low_k_to_high_k,random_forest,timing,k,R2,-15.00764182038328,4.759015035923355,-12.638156535221215,-17.369749000930845,-12.247779722260292,5
directional_extrapolation,low_k_to_high_k,random_forest,timing,k,MAE,0.0007197411126681956,7.328110748400961e-05,0.0006992028669632834,0.0006886607142857135,0.0007389384920634915,5
directional_extrapolation,low_k_to_high_k,random_forest,timing,k,RMSE,0.0008098751030873114,0.00011772528004118332,0.0007538279129223618,0.0007429608480672757,0.0008748749672793927,5
directional_extrapolation,low_k_to_high_k,random_forest,timing,k,NMAE,0.28789644506727824,0.02931244299360385,0.27968114678531336,0.2754642857142854,0.2955753968253966,5
directional_extrapolation,low_k_to_high_k,random_forest,timing,k,NRMSE,0.32395004123492455,0.047090112016473326,0.30153116516894474,0.2971843392269103,0.3499499869117571,5
directional_extrapolation,low_k_to_high_k,random_forest,timing,k,joint_error_median,0.2717200670906009,0.025377947834181607,0.26494313068300107,0.2546177313215666,0.2972032548234996,5
directional_extrapolation,low_k_to_high_k,random_forest,timing,wq,R2,0.7638962444454271,0.042311248738492645,0.7539594257583193,0.7420324640507914,0.7626032032785045,5
directional_extrapolation,low_k_to_high_k,random_forest,timing,wq,MAE,0.029440500954453015,0.0022485576818209283,0.02949991602404794,0.028995038285679477,0.03129145967551908,5
directional_extrapolation,low_k_to_high_k,random_forest,timing,wq,RMSE,0.041259701347086015,0.003915464007406157,0.04227044586976739,0.041521294992595936,0.04328286404750434,5
directional_extrapolation,low_k_to_high_k,random_forest,timing,wq,NMAE,0.11215428935029721,0.008565934025984488,0.11238063247256357,0.11045728870735039,0.1192055606686441,5
directional_extrapolation,low_k_to_high_k,random_forest,timing,wq,NRMSE,0.15717981465556577,0.014916053361547256,0.16103026998006623,0.15817636187655595,0.16488710113334984,5
directional_extrapolation,low_k_to_high_k,random_forest,timing,wq,joint_error_median,0.2717200670906009,0.025377947834181607,0.26494313068300107,0.2546177313215666,0.2972032548234996,5
directional_extrapolation,low_wq_to_high_wq,hgb,all_shooting,k,R2,0.19323359874405255,0.14153831864419433,0.20536504794184096,0.07305800905392212,0.32278558086199405,5
directional_extrapolation,low_wq_to_high_wq,hgb,all_shooting,k,MAE,0.0005471194198192205,5.8832561391107255e-05,0.0005527065590142059,0.0004919515457311788,0.0005868351757419983,5
directional_extrapolation,low_wq_to_high_wq,hgb,all_shooting,k,RMSE,0.0007079022420580616,6.228379076991659e-05,0.0007047317539577377,0.0006505835933692562,0.0007611430511679777,5
directional_extrapolation,low_wq_to_high_wq,hgb,all_shooting,k,NMAE,0.2188477679276882,0.023533024556442895,0.22108262360568237,0.1967806182924715,0.2347340702967993,5
directional_extrapolation,low_wq_to_high_wq,hgb,all_shooting,k,NRMSE,0.28316089682322465,0.02491351630796662,0.2818927015830951,0.2602334373477025,0.30445722046719104,5
directional_extrapolation,low_wq_to_high_wq,hgb,all_shooting,k,joint_error_median,0.37647538774179995,0.02929101181755739,0.3793751960386753,0.3601281847652067,0.3969084033433883,5
directional_extrapolation,low_wq_to_high_wq,hgb,all_shooting,wq,R2,-10.798865323508375,1.0535764476732152,-11.07174616239,-11.132621311311858,-10.064787333001691,5
directional_extrapolation,low_wq_to_high_wq,hgb,all_shooting,wq,MAE,0.06595996059010571,0.003118216055344375,0.06640300058894016,0.0637942508161972,0.06734159850651297,5
directional_extrapolation,low_wq_to_high_wq,hgb,all_shooting,wq,RMSE,0.07005966267966758,0.0031300059916773986,0.07092174725942083,0.06789939657623896,0.07110034373836228,5
directional_extrapolation,low_wq_to_high_wq,hgb,all_shooting,wq,NMAE,0.2512760403432598,0.011878918306073814,0.2529638117673911,0.24302571739503695,0.2565394228819542,5
directional_extrapolation,low_wq_to_high_wq,hgb,all_shooting,wq,NRMSE,0.2668939530654003,0.011923832349247232,0.2701780847977936,0.2586643679094817,0.2708584523366182,5
directional_extrapolation,low_wq_to_high_wq,hgb,all_shooting,wq,joint_error_median,0.35186597855068913,0.027010633001559498,0.36176835270869867,0.32557178507580653,0.36586923247112246,5
directional_extrapolation,low_wq_to_high_wq,hgb,orbital,k,R2,-0.6094705343245954,0.11731543420808702,-0.6442976795484714,-0.688084703040013,-0.5301340150398715,5
directional_extrapolation,low_wq_to_high_wq,hgb,orbital,k,MAE,0.0008128045000965619,2.7003345678958865e-05,0.0008096932423100333,0.0008076416427120494,0.0008240189266041247,5
directional_extrapolation,low_wq_to_high_wq,hgb,orbital,k,RMSE,0.0010024148934472976,3.680124569758606e-05,0.0010137485140397468,0.0009779231868607674,0.0010271576993821387,5
directional_extrapolation,low_wq_to_high_wq,hgb,orbital,k,NMAE,0.32512180003862473,0.010801338271583546,0.3238772969240133,0.32305665708481973,0.3296075706416499,5
directional_extrapolation,low_wq_to_high_wq,hgb,orbital,k,NRMSE,0.40096595737891894,0.014720498279034431,0.4054994056158987,0.39116927474430696,0.41086307975285546,5
directional_extrapolation,low_wq_to_high_wq,hgb,orbital,k,joint_error_median,0.4933904805409674,0.05325987270378235,0.4970821740094657,0.4932690446262226,0.5227445495767358,5
directional_extrapolation,low_wq_to_high_wq,hgb,orbital,wq,R2,-22.484894078853365,3.2993605901972973,-22.881995640114315,-24.1050335236531,-22.518433494089933,5
directional_extrapolation,low_wq_to_high_wq,hgb,orbital,wq,MAE,0.09360082193374349,0.006635213418831908,0.0949443788677651,0.09387815402293784,0.09789848211944886,5
directional_extrapolation,low_wq_to_high_wq,hgb,orbital,wq,RMSE,0.09871171486741047,0.007191130021649966,0.09975385464589474,0.0989916526238659,0.10227624667954655,5
directional_extrapolation,low_wq_to_high_wq,hgb,orbital,wq,NMAE,0.35657455974759417,0.025277003500312024,0.3616928718772004,0.35763106294452507,0.37294659855028134,5
directional_extrapolation,low_wq_to_high_wq,hgb,orbital,wq,NRMSE,0.3760446280663256,0.027394781034857027,0.38001468436531327,0.37711105761472724,0.389623796874463,5
directional_extrapolation,low_wq_to_high_wq,hgb,orbital,wq,joint_error_median,0.5010794820621766,0.05169546648893232,0.5046434847855751,0.5024895464700551,0.5178178289014739,5
directional_extrapolation,low_wq_to_high_wq,hgb,photon_geometry,k,R2,0.3022839013484482,0.12226556566771261,0.3631431320181101,0.2157680206232041,0.3683058148456606,5
directional_extrapolation,low_wq_to_high_wq,hgb,photon_geometry,k,MAE,0.0005587900587663729,4.561467565347968e-05,0.000539690370893286,0.000531868995221594,0.0006000465271403545,5
directional_extrapolation,low_wq_to_high_wq,hgb,photon_geometry,k,RMSE,0.0006583745240714441,5.717897024824158e-05,0.0006309005805106548,0.0006283381778321783,0.0007001035545621073,5
directional_extrapolation,low_wq_to_high_wq,hgb,photon_geometry,k,NMAE,0.22351602350654914,0.01824587026139187,0.21587614835731442,0.21274759808863758,0.2400186108561418,5
directional_extrapolation,low_wq_to_high_wq,hgb,photon_geometry,k,NRMSE,0.2633498096285776,0.02287158809929663,0.2523602322042619,0.25133527113287135,0.28004142182484293,5
directional_extrapolation,low_wq_to_high_wq,hgb,photon_geometry,k,joint_error_median,0.4354541093902909,0.035717282681440636,0.4310200111284226,0.4292811881089186,0.455212023827291,5
directional_extrapolation,low_wq_to_high_wq,hgb,photon_geometry,wq,R2,-19.147187175441733,2.6378159420779657,-18.911478996568473,-20.815618849255628,-16.97759371585722,5
directional_extrapolation,low_wq_to_high_wq,hgb,photon_geometry,wq,MAE,0.08578070478021667,0.005727666486641699,0.08627080386469768,0.08067073626263582,0.09045754624424433,5
directional_extrapolation,low_wq_to_high_wq,hgb,photon_geometry,wq,RMSE,0.0914666237481046,0.005970559356478514,0.09108484825646651,0.08654862245162451,0.09534065862573975,5
directional_extrapolation,low_wq_to_high_wq,hgb,photon_geometry,wq,NMAE,0.3267836372579683,0.021819681853873136,0.32865068138932446,0.30731709052432693,0.3446001761685498,5
directional_extrapolation,low_wq_to_high_wq,hgb,photon_geometry,wq,NRMSE,0.34844428094516033,0.022744988024680054,0.3469898981198724,0.32970903791095046,0.3632025090504371,5
directional_extrapolation,low_wq_to_high_wq,hgb,photon_geometry,wq,joint_error_median,0.4255445555350872,0.03953171203582447,0.41754636273026063,0.39940464701579476,0.4550259767960927,5
directional_extrapolation,low_wq_to_high_wq,hgb,redshift,k,R2,0.20465321829256147,0.206426414066751,0.19203069843832576,0.11681894135251947,0.35438148238467926,5
directional_extrapolation,low_wq_to_high_wq,hgb,redshift,k,MAE,0.0005188587349972926,8.001313302652601e-05,0.0005370756662729807,0.00045119274418761545,0.0005586696366523572,5
directional_extrapolation,low_wq_to_high_wq,hgb,redshift,k,RMSE,0.00070028964747044,9.142037664599232e-05,0.0007106200204582238,0.0006352256083546817,0.0007429590578589613,5
directional_extrapolation,low_wq_to_high_wq,hgb,redshift,k,NMAE,0.20754349399891706,0.0320052532106104,0.2148302665091923,0.1804770976750462,0.22346785466094285,5
directional_extrapolation,low_wq_to_high_wq,hgb,redshift,k,NRMSE,0.2801158589881759,0.03656815065839694,0.2842480081832895,0.2540902433418727,0.2971836231435845,5
directional_extrapolation,low_wq_to_high_wq,hgb,redshift,k,joint_error_median,0.384804570688262,0.031827647600879964,0.39565945719234463,0.3679092115697072,0.3987431268136934,5
directional_extrapolation,low_wq_to_high_wq,hgb,redshift,wq,R2,-12.511261872870046,1.5232668722898062,-12.477907986865759,-13.287441122583072,-11.102807687268943,5
directional_extrapolation,low_wq_to_high_wq,hgb,redshift,wq,MAE,0.07165957667787241,0.004470445067721876,0.07187060921524487,0.06760062714665152,0.07398095917799705,5
directional_extrapolation,low_wq_to_high_wq,hgb,redshift,wq,RMSE,0.07493701303433507,0.004203647898117866,0.0749386081704711,0.07101293217690746,0.0771563378326301,5
directional_extrapolation,low_wq_to_high_wq,hgb,redshift,wq,NMAE,0.27298886353475205,0.017030266924654775,0.2737927970104566,0.2575261986539105,0.28183222543998876,5
directional_extrapolation,low_wq_to_high_wq,hgb,redshift,wq,NRMSE,0.28547433536889544,0.01601389675473473,0.28548041207798514,0.2705254559120284,0.293928906029067,5
directional_extrapolation,low_wq_to_high_wq,hgb,redshift,wq,joint_error_median,0.3744062679762,0.02687164104710532,0.3841586207591434,0.3532613111904093,0.39334111126170973,5
directional_extrapolation,low_wq_to_high_wq,hgb,ringdown,k,R2,0.8972001986676513,0.020770370959130376,0.888454330322241,0.8855058579076557,0.9142582827900985,5
directional_extrapolation,low_wq_to_high_wq,hgb,ringdown,k,MAE,0.00021901898231933576,2.375290337051979e-05,0.00022884567161444853,0.00019943692611994236,0.0002301692462958758,5
directional_extrapolation,low_wq_to_high_wq,hgb,ringdown,k,RMSE,0.000252398134227503,2.6102147210364607e-05,0.00026403795853740316,0.00023149205873245079,0.0002675048388491602,5
directional_extrapolation,low_wq_to_high_wq,hgb,ringdown,k,NMAE,0.0876075929277343,0.009501161348207913,0.09153826864577941,0.07977477044797694,0.09206769851835031,5
directional_extrapolation,low_wq_to_high_wq,hgb,ringdown,k,NRMSE,0.1009592536910012,0.01044085888414584,0.10561518341496126,0.09259682349298032,0.10700193553966408,5
directional_extrapolation,low_wq_to_high_wq,hgb,ringdown,k,joint_error_median,0.4447884883154606,0.02549459219447406,0.4569397180116546,0.4352871707762812,0.4588443897997405,5
directional_extrapolation,low_wq_to_high_wq,hgb,ringdown,wq,R2,-31.389556957333788,3.613882737648692,-31.748460031591385,-33.80866406179546,-30.552805999062215,5
directional_extrapolation,low_wq_to_high_wq,hgb,ringdown,wq,MAE,0.11268564336394275,0.006484267763282332,0.11419149168194133,0.11183696373581964,0.11605727789422467,5
directional_extrapolation,low_wq_to_high_wq,hgb,ringdown,wq,RMSE,0.11602009561406927,0.0066130690610179624,0.11681263493231261,0.11466037894412025,0.12043093467107238,5
directional_extrapolation,low_wq_to_high_wq,hgb,ringdown,wq,NMAE,0.4292786413864486,0.024701972431551745,0.4350152064073955,0.4260455761364558,0.44212296340657015,5
directional_extrapolation,low_wq_to_high_wq,hgb,ringdown,wq,NRMSE,0.44198131662502577,0.02519264404197319,0.44500051402785756,0.4368014435966485,0.45878451303265666,5
directional_extrapolation,low_wq_to_high_wq,hgb,ringdown,wq,joint_error_median,0.43667970297048075,0.026325223331185095,0.4469583616959484,0.43380144018430045,0.45194239776101286,5
directional_extrapolation,low_wq_to_high_wq,hgb,ringdown_plus_all_shooting,k,R2,0.8973780199773644,0.02783854994955274,0.9142343028073953,0.8743678354701252,0.9188828336793913,5
directional_extrapolation,low_wq_to_high_wq,hgb,ringdown_plus_all_shooting,k,MAE,0.00020841547667773487,2.601423143225194e-05,0.0001972266743078521,0.00018846877043288056,0.00023350975383075454,5
directional_extrapolation,low_wq_to_high_wq,hgb,ringdown_plus_all_shooting,k,RMSE,0.0002514614340935443,3.3650495497193465e-05,0.00023152442796685183,0.00022516267219586028,0.0002802143872665566,5
directional_extrapolation,low_wq_to_high_wq,hgb,ringdown_plus_all_shooting,k,NMAE,0.08336619067109394,0.010405692572900777,0.07889066972314084,0.07538750817315222,0.09340390153230181,5
directional_extrapolation,low_wq_to_high_wq,hgb,ringdown_plus_all_shooting,k,NRMSE,0.10058457363741771,0.013460198198877385,0.09260977118674073,0.0900650688783441,0.11208575490662263,5
directional_extrapolation,low_wq_to_high_wq,hgb,ringdown_plus_all_shooting,k,joint_error_median,0.2850262933273807,0.02044232559198417,0.2777458828196413,0.2764309854493821,0.2910367123497084,5
directional_extrapolation,low_wq_to_high_wq,hgb,ringdown_plus_all_shooting,wq,R2,-10.755377493205604,1.0838466766114496,-10.994459931671233,-11.155340168848495,-9.980421221248926,5
directional_extrapolation,low_wq_to_high_wq,hgb,ringdown_plus_all_shooting,wq,MAE,0.06575148337512662,0.0032368449412283943,0.06599393579198719,0.06345027700438599,0.06741241996273356,5
directional_extrapolation,low_wq_to_high_wq,hgb,ringdown_plus_all_shooting,wq,RMSE,0.06992673695044802,0.0032259523720101187,0.07069435365145045,0.06764004367867986,0.07116688183666289,5
directional_extrapolation,low_wq_to_high_wq,hgb,ringdown_plus_all_shooting,wq,NMAE,0.2504818414290537,0.012330837871346265,0.2514054696837607,0.24171534096908948,0.25680921890565167,5
directional_extrapolation,low_wq_to_high_wq,hgb,ringdown_plus_all_shooting,wq,NRMSE,0.26638756933504004,0.012289342369562356,0.26931182343409693,0.25767635687116136,0.27111193080633483,5
directional_extrapolation,low_wq_to_high_wq,hgb,ringdown_plus_all_shooting,wq,joint_error_median,0.26954185549903886,0.02349538642883617,0.26810218776233746,0.2537293539079315,0.27081779243455795,5
directional_extrapolation,low_wq_to_high_wq,hgb,ringdown_plus_photon_geometry,k,R2,0.8632680046393333,0.030190748738548913,0.8687968258266562,0.8682346660558059,0.8763242829663276,5
directional_extrapolation,low_wq_to_high_wq,hgb,ringdown_plus_photon_geometry,k,MAE,0.0002548028678322168,2.5752507965613952e-05,0.000250476680722297,0.0002465069546715963,0.0002534504019877212,5
directional_extrapolation,low_wq_to_high_wq,hgb,ringdown_plus_photon_geometry,k,RMSE,0.0002910246184350012,3.086601215695595e-05,0.0002863598852114938,0.0002780239614602404,0.0002869727055228795,5
directional_extrapolation,low_wq_to_high_wq,hgb,ringdown_plus_photon_geometry,k,NMAE,0.10192114713288672,0.010301003186245584,0.1001906722889188,0.09860278186863851,0.10138016079508849,5
directional_extrapolation,low_wq_to_high_wq,hgb,ringdown_plus_photon_geometry,k,NRMSE,0.11640984737400048,0.012346404862782379,0.11454395408459753,0.11120958458409615,0.11478908220915181,5
directional_extrapolation,low_wq_to_high_wq,hgb,ringdown_plus_photon_geometry,k,joint_error_median,0.3674637856818602,0.019593412115534458,0.3612884701417275,0.3532810805778364,0.3867533410807768,5
directional_extrapolation,low_wq_to_high_wq,hgb,ringdown_plus_photon_geometry,wq,R2,-17.954325811999166,2.141974304712212,-16.57679789606183,-19.090896873481682,-16.575686474579143,5
directional_extrapolation,low_wq_to_high_wq,hgb,ringdown_plus_photon_geometry,wq,MAE,0.08290621861713894,0.004806867016729742,0.07999538674499394,0.07969147813959454,0.08619423521558083,5
directional_extrapolation,low_wq_to_high_wq,hgb,ringdown_plus_photon_geometry,wq,RMSE,0.08875881817402291,0.004938110892637771,0.08557841895025732,0.08557571324704988,0.09149430053624852,5
directional_extrapolation,low_wq_to_high_wq,hgb,ringdown_plus_photon_geometry,wq,NMAE,0.31583321377957685,0.018311874349446637,0.3047443304571198,0.3035865833889316,0.3283589912974508,5
directional_extrapolation,low_wq_to_high_wq,hgb,ringdown_plus_photon_geometry,wq,NRMSE,0.3381288311391349,0.018811851019572463,0.3260130245724088,0.32600271713161855,0.3485497163285658,5
directional_extrapolation,low_wq_to_high_wq,hgb,ringdown_plus_photon_geometry,wq,joint_error_median,0.3456369802308765,0.03237980219508403,0.34032107742437206,0.32206005598680165,0.37805180395005583,5
directional_extrapolation,low_wq_to_high_wq,hgb,timing,k,R2,0.11801302927794233,0.1818620366549404,0.11471581886204962,-0.027850001813258585,0.23775938982814737,5
directional_extrapolation,low_wq_to_high_wq,hgb,timing,k,MAE,0.0005782991265394032,7.686383940924231e-05,0.0005890192071824289,0.0005270913181403634,0.0006393723220260644,5
directional_extrapolation,low_wq_to_high_wq,hgb,timing,k,RMSE,0.0007392051652684472,7.760138804923064e-05,0.0007438431375036131,0.000690217633328364,0.0008015024960243645,5
directional_extrapolation,low_wq_to_high_wq,hgb,timing,k,NMAE,0.23131965061576126,0.030745535763696933,0.23560768287297154,0.21083652725614535,0.25574892881042577,5
directional_extrapolation,low_wq_to_high_wq,hgb,timing,k,NRMSE,0.29568206610737885,0.03104055521969226,0.29753725500144523,0.2760870533313456,0.3206009984097458,5
directional_extrapolation,low_wq_to_high_wq,hgb,timing,k,joint_error_median,0.423564867124257,0.04634084296179843,0.41311703259551885,0.4069961250766677,0.4650659862162795,5
directional_extrapolation,low_wq_to_high_wq,hgb,timing,wq,R2,-15.303826335587535,2.57010697115488,-13.801388515836905,-17.40970615525243,-13.613358465273091,5
directional_extrapolation,low_wq_to_high_wq,hgb,timing,wq,MAE,0.07743004498304525,0.0061594504263087985,0.07410089757592984,0.07382098633664377,0.08249104751913765,5
directional_extrapolation,low_wq_to_high_wq,hgb,timing,wq,RMSE,0.08222143605778717,0.006412529313450264,0.07853181021046213,0.07803139983705568,0.0875825947207654,5
directional_extrapolation,low_wq_to_high_wq,hgb,timing,wq,NMAE,0.29497159993541044,0.023464573052604944,0.2822891336225899,0.2812228050919763,0.31425160959671483,5
directional_extrapolation,low_wq_to_high_wq,hgb,timing,wq,NRMSE,0.31322451831537973,0.02442868309885815,0.29916880080176045,0.2972624755697359,0.3336479798886301,5
directional_extrapolation,low_wq_to_high_wq,hgb,timing,wq,joint_error_median,0.40628590424926686,0.04579954077689415,0.38804165670429897,0.3762590737314951,0.45454929564993646,5
directional_extrapolation,low_wq_to_high_wq,mlp,all_shooting,k,R2,0.8114483415438736,0.03738066812885166,0.8303201762937847,0.7865974783029621,0.8317684384657484,5
directional_extrapolation,low_wq_to_high_wq,mlp,all_shooting,k,MAE,0.0002808100824471594,3.1559674039054796e-05,0.0002693738125946666,0.00026270848405209567,0.0003012309117183441,5
directional_extrapolation,low_wq_to_high_wq,mlp,all_shooting,k,RMSE,0.00034197301820485676,3.352688016613969e-05,0.000325653020585384,0.00032426027502441187,0.000365207579412926,5
directional_extrapolation,low_wq_to_high_wq,mlp,all_shooting,k,NMAE,0.11232403297886376,0.012623869615621917,0.10774952503786663,0.10508339362083827,0.12049236468733764,5
directional_extrapolation,low_wq_to_high_wq,mlp,all_shooting,k,NRMSE,0.13678920728194272,0.013410752066455882,0.1302612082341536,0.12970411000976476,0.1460830317651704,5
directional_extrapolation,low_wq_to_high_wq,mlp,all_shooting,k,joint_error_median,0.3196158424571308,0.02185165396900779,0.3284910192427731,0.2984482966329436,0.3360227378152128,5
directional_extrapolation,low_wq_to_high_wq,mlp,all_shooting,wq,R2,-12.718960506222484,2.8052764744218823,-13.075488662033843,-14.1322380889011,-11.802525424646934,5
directional_extrapolation,low_wq_to_high_wq,mlp,all_shooting,wq,MAE,0.06850241403667465,0.00995298798559395,0.06935127264467195,0.06786219259549357,0.07256781376202223,5
directional_extrapolation,low_wq_to_high_wq,mlp,all_shooting,wq,RMSE,0.07526885858135443,0.00797123517086861,0.07658189696340839,0.07303687831228063,0.07940465479875088,5
directional_extrapolation,low_wq_to_high_wq,mlp,all_shooting,wq,NMAE,0.2609615772825701,0.03791614470702458,0.264195324360655,0.2585226384590231,0.27644881433151325,5
directional_extrapolation,low_wq_to_high_wq,mlp,all_shooting,wq,NRMSE,0.2867385088813502,0.03036661017473756,0.2917405598606034,0.27823572690392623,0.3024939230428605,5
directional_extrapolation,low_wq_to_high_wq,mlp,all_shooting,wq,joint_error_median,0.29645451238868664,0.03089960269646698,0.30374261403580816,0.2791947165945908,0.31809129066298797,5
directional_extrapolation,low_wq_to_high_wq,mlp,orbital,k,R2,-0.2996728770242122,0.3610822025184291,-0.41556907401161447,-0.5121389167566011,-0.19276031779255964,5
directional_extrapolation,low_wq_to_high_wq,mlp,orbital,k,MAE,0.0007406256370749741,0.00010617604826788788,0.000770594434744535,0.0007126725289108182,0.0008041045877555725,5
directional_extrapolation,low_wq_to_high_wq,mlp,orbital,k,RMSE,0.000893200531388327,0.0001345750667273788,0.0009406012286071388,0.0008634090563691985,0.0009721557606540608,5
directional_extrapolation,low_wq_to_high_wq,mlp,orbital,k,NMAE,0.29625025482998957,0.04247041930715515,0.308237773897814,0.28506901156432723,0.321641835102229,5
directional_extrapolation,low_wq_to_high_wq,mlp,orbital,k,NRMSE,0.3572802125553308,0.053830026690951514,0.3762404914428555,0.3453636225476794,0.3888623042616243,5
directional_extrapolation,low_wq_to_high_wq,mlp,orbital,k,joint_error_median,0.5240851766805503,0.05640652237626168,0.5507187858053075,0.47799339276793956,0.5624733141345127,5
directional_extrapolation,low_wq_to_high_wq,mlp,orbital,wq,R2,-27.790996964023968,11.960423387914584,-33.36751924023559,-35.979651462968995,-20.15936621460481,5
directional_extrapolation,low_wq_to_high_wq,mlp,orbital,wq,MAE,0.10372351410779124,0.027990701927825486,0.11800107791126768,0.08975766434007329,0.12249972788392202,5
directional_extrapolation,low_wq_to_high_wq,mlp,orbital,wq,RMSE,0.10722320829401784,0.02498580442340338,0.1196653654297328,0.09389570059070154,0.12412972290942413,5
directional_extrapolation,low_wq_to_high_wq,mlp,orbital,wq,NMAE,0.39513719660110946,0.10663124543933518,0.4495279158524483,0.3419339593907554,0.46666563003398864,5
directional_extrapolation,low_wq_to_high_wq,mlp,orbital,wq,NRMSE,0.40846936492959174,0.09518401685106048,0.45586805877993447,0.35769790701219634,0.4728751348930443,5
directional_extrapolation,low_wq_to_high_wq,mlp,orbital,wq,joint_error_median,0.5319024268706016,0.06483950541073705,0.556060630385547,0.48097595074072186,0.5671276591904015,5
directional_extrapolation,low_wq_to_high_wq,mlp,photon_geometry,k,R2,0.17370660681521996,0.7143047838844654,0.6865063823016105,-0.5992158499674491,0.6894766821774843,5
directional_extrapolation,low_wq_to_high_wq,mlp,photon_geometry,k,MAE,0.000541872188087958,0.0002553060177156457,0.0003576695182502981,0.00035695827259299683,0.0008210611616559188,5
directional_extrapolation,low_wq_to_high_wq,mlp,photon_geometry,k,RMSE,0.0006628793097982857,0.000310290975098044,0.00044264377445242965,0.0004405417955643623,0.0009997549230834804,5
directional_extrapolation,low_wq_to_high_wq,mlp,photon_geometry,k,NMAE,0.2167488752351832,0.10212240708625829,0.14306780730011925,0.14278330903719874,0.3284244646623675,5
directional_extrapolation,low_wq_to_high_wq,mlp,photon_geometry,k,NRMSE,0.2651517239193143,0.1241163900392176,0.17705750978097184,0.17621671822574492,0.39990196923339216,5
directional_extrapolation,low_wq_to_high_wq,mlp,photon_geometry,k,joint_error_median,0.3910405214326003,0.10661612094821624,0.38046626642450115,0.2911200230956691,0.4781918071030483,5
directional_extrapolation,low_wq_to_high_wq,mlp,photon_geometry,wq,R2,-16.516835534829802,8.52470321772526,-18.14474829248492,-21.117858925439826,-8.938639529669189,5
directional_extrapolation,low_wq_to_high_wq,mlp,photon_geometry,wq,MAE,0.07881629643743585,0.023695606197609288,0.08340701080809972,0.05948754532074269,0.09395833273499622,5
directional_extrapolation,low_wq_to_high_wq,mlp,photon_geometry,wq,RMSE,0.08322294210494176,0.021581918943969693,0.08931393203303754,0.06435137763893503,0.09599882578587403,5
directional_extrapolation,low_wq_to_high_wq,mlp,photon_geometry,wq,NMAE,0.3002525578568984,0.09026897599089252,0.31774099355466556,0.22661922026949596,0.3579365056571284,5
directional_extrapolation,low_wq_to_high_wq,mlp,photon_geometry,wq,NRMSE,0.31703977944739714,0.0822168340722655,0.34024355060204775,0.24514810529118106,0.3657098125176153,5
directional_extrapolation,low_wq_to_high_wq,mlp,photon_geometry,wq,joint_error_median,0.39192395518052175,0.12230832759090068,0.3592602675582184,0.2885593357622565,0.5047177741171036,5
directional_extrapolation,low_wq_to_high_wq,mlp,redshift,k,R2,0.07480493867109606,0.5582190384991946,-0.14694447486746132,-0.34589343272214124,0.6201828050067837,5
directional_extrapolation,low_wq_to_high_wq,mlp,redshift,k,MAE,0.0005983894024665969,0.00020651641291187948,0.0006878763987352891,0.0004091678893390473,0.0007578816254974159,5
directional_extrapolation,low_wq_to_high_wq,mlp,redshift,k,RMSE,0.0007255781554524534,0.00025441907765726856,0.0008466642172621702,0.0004872224819020159,0.0009171605069186844,5
directional_extrapolation,low_wq_to_high_wq,mlp,redshift,k,NMAE,0.23935576098663874,0.08260656516475179,0.2751505594941156,0.1636671557356189,0.30315265019896637,5
directional_extrapolation,low_wq_to_high_wq,mlp,redshift,k,NRMSE,0.2902312621809814,0.10176763106290743,0.3386656869048681,0.19488899276080635,0.3668642027674738,5
directional_extrapolation,low_wq_to_high_wq,mlp,redshift,k,joint_error_median,0.4589454014885753,0.08383512345744912,0.45574487815902326,0.3928947794675889,0.5371443680092043,5
directional_extrapolation,low_wq_to_high_wq,mlp,redshift,wq,R2,-24.617788618422452,6.692072107287349,-21.799530389949815,-31.098385288399193,-20.866098364869032,5
directional_extrapolation,low_wq_to_high_wq,mlp,redshift,wq,MAE,0.10065578773263024,0.013711243502322034,0.09549283922211184,0.0934027967514901,0.11389623980488671,5
directional_extrapolation,low_wq_to_high_wq,mlp,redshift,wq,RMSE,0.1026104267824608,0.013471214984672075,0.09746693967261799,0.0954509000413062,0.11564742627270033,5
directional_extrapolation,low_wq_to_high_wq,mlp,redshift,wq,NMAE,0.38345061993382945,0.05223330858027442,0.3637822446556641,0.35582017810091465,0.4338904373519494,5
directional_extrapolation,low_wq_to_high_wq,mlp,redshift,wq,NRMSE,0.390896863933184,0.05131891422732219,0.371302627324259,0.3636224763478331,0.44056162389600123,5
directional_extrapolation,low_wq_to_high_wq,mlp,redshift,wq,joint_error_median,0.46822728824853516,0.08741843081098559,0.46557170363842115,0.3969518497429912,0.5402488002902158,5
directional_extrapolation,low_wq_to_high_wq,mlp,ringdown,k,R2,0.9214099473409225,0.04423330113377904,0.9339537831843832,0.912469879352864,0.9511983436481015,5
directional_extrapolation,low_wq_to_high_wq,mlp,ringdown,k,MAE,0.0001854340038961177,5.2987192301333616e-05,0.00017405378820401952,0.00015380805146698078,0.00020445258425382548,5
directional_extrapolation,low_wq_to_high_wq,mlp,ringdown,k,RMSE,0.00021529204485412225,5.882302200726765e-05,0.00020317205888054717,0.00017464545576663756,0.0002338938336178616,5
directional_extrapolation,low_wq_to_high_wq,mlp,ringdown,k,NMAE,0.07417360155844707,0.02119487692053345,0.0696215152816078,0.06152322058679231,0.0817810337015302,5
directional_extrapolation,low_wq_to_high_wq,mlp,ringdown,k,NRMSE,0.08611681794164891,0.02352920880290706,0.08126882355221886,0.06985818230665503,0.09355753344714464,5
directional_extrapolation,low_wq_to_high_wq,mlp,ringdown,k,joint_error_median,0.3276418094084364,0.22051502860515076,0.2713959731310222,0.14616910065712196,0.4864372415924263,5
directional_extrapolation,low_wq_to_high_wq,mlp,ringdown,wq,R2,-23.27732516127702,25.258795012398316,-12.57509232818178,-38.10264991453342,-2.952069622139475,5
directional_extrapolation,low_wq_to_high_wq,mlp,ringdown,wq,MAE,0.08159093877017105,0.05928899166053499,0.07076634967409005,0.027381889588187148,0.12591705875454637,5
directional_extrapolation,low_wq_to_high_wq,mlp,ringdown,wq,RMSE,0.08823709543081495,0.053964886042515446,0.07520830053973923,0.040579498221287154,0.1276431384670647,5
directional_extrapolation,low_wq_to_high_wq,mlp,ringdown,wq,NMAE,0.3108226238863659,0.22586282537346658,0.26958609399653355,0.10431196033595104,0.4796840333506528,5
directional_extrapolation,low_wq_to_high_wq,mlp,ringdown,wq,NRMSE,0.33614131592691415,0.2055805182572017,0.28650781157995897,0.1545885646525225,0.48625957511262746,5
directional_extrapolation,low_wq_to_high_wq,mlp,ringdown,wq,joint_error_median,0.32633200379413774,0.22469030782983698,0.26663764745541974,0.1405365206814172,0.48708870440579133,5
directional_extrapolation,low_wq_to_high_wq,mlp,ringdown_plus_all_shooting,k,R2,0.8624504032257072,0.19661135004475572,0.9527694938875124,0.9303248800236934,0.9565402419112053,5
directional_extrapolation,low_wq_to_high_wq,mlp,ringdown_plus_all_shooting,k,MAE,0.00020388760667795178,0.00014534291434275629,0.00013361526749860756,0.00013286849386622018,0.00016719503746957988,5
directional_extrapolation,low_wq_to_high_wq,mlp,ringdown_plus_all_shooting,k,RMSE,0.0002507144381382235,0.0001699660572473514,0.00017181113561205724,0.0001648100385458866,0.00020867905976688602,5
directional_extrapolation,low_wq_to_high_wq,mlp,ringdown_plus_all_shooting,k,NMAE,0.08155504267118072,0.0581371657371025,0.05344610699944302,0.05314739754648807,0.06687801498783195,5
directional_extrapolation,low_wq_to_high_wq,mlp,ringdown_plus_all_shooting,k,NRMSE,0.1002857752552894,0.06798642289894055,0.06872445424482289,0.06592401541835465,0.0834716239067544,5
directional_extrapolation,low_wq_to_high_wq,mlp,ringdown_plus_all_shooting,k,joint_error_median,0.27228940507463256,0.09911347668562044,0.2536602175273729,0.19494504176294403,0.2827169215945065,5
directional_extrapolation,low_wq_to_high_wq,mlp,ringdown_plus_all_shooting,wq,R2,-10.71148959184352,6.839265437145937,-9.1094034708239,-12.172281438313982,-5.25186768886882,5
directional_extrapolation,low_wq_to_high_wq,mlp,ringdown_plus_all_shooting,wq,MAE,0.06090630950617505,0.020706755705540522,0.055619688194075804,0.0435552948039654,0.0695859721831745,5
directional_extrapolation,low_wq_to_high_wq,mlp,ringdown_plus_all_shooting,wq,RMSE,0.06768896968560038,0.019299958317204692,0.06490186011337906,0.051038660546315354,0.0740840779067776,5
directional_extrapolation,low_wq_to_high_wq,mlp,ringdown_plus_all_shooting,wq,NMAE,0.23202403621400017,0.0788828788782496,0.2118845264536221,0.16592493258653487,0.26508941784066475,5
directional_extrapolation,low_wq_to_high_wq,mlp,ringdown_plus_all_shooting,wq,NRMSE,0.25786274165943,0.07352365073220836,0.24724518138430118,0.19443299255739183,0.28222505869248604,5
directional_extrapolation,low_wq_to_high_wq,mlp,ringdown_plus_all_shooting,wq,joint_error_median,0.25542318633451283,0.1030483263780072,0.24472506090755247,0.172903119973773,0.27780636015015625,5
directional_extrapolation,low_wq_to_high_wq,mlp,ringdown_plus_photon_geometry,k,R2,0.8944528321186521,0.16456956834014475,0.9714086841784302,0.9550941542552922,0.9722686777734537,5
directional_extrapolation,low_wq_to_high_wq,mlp,ringdown_plus_photon_geometry,k,MAE,0.0001656470519211549,0.00011211317772010731,0.00011246608802314576,0.00011084166588248322,0.0001402480406221783,5
directional_extrapolation,low_wq_to_high_wq,mlp,ringdown_plus_photon_geometry,k,RMSE,0.0002124450957804714,0.0001613771251009136,0.00013367711991392218,0.00013165134405539284,0.00016752956034814384,5
directional_extrapolation,low_wq_to_high_wq,mlp,ringdown_plus_photon_geometry,k,NMAE,0.06625882076846194,0.04484527108804292,0.0449864352092583,0.044336666352993284,0.05609921624887132,5
directional_extrapolation,low_wq_to_high_wq,mlp,ringdown_plus_photon_geometry,k,NRMSE,0.08497803831218857,0.06455085004036544,0.05347084796556887,0.05266053762215713,0.06701182413925753,5
directional_extrapolation,low_wq_to_high_wq,mlp,ringdown_plus_photon_geometry,k,joint_error_median,0.1894521133661416,0.02413611699255482,0.18906866222640195,0.1664373873135894,0.20869437291584067,5
directional_extrapolation,low_wq_to_high_wq,mlp,ringdown_plus_photon_geometry,wq,R2,-5.977894241533455,2.0292097836356167,-6.2448771064683175,-7.311479988125155,-4.592265167986348,5
directional_extrapolation,low_wq_to_high_wq,mlp,ringdown_plus_photon_geometry,wq,MAE,0.04410335462893581,0.0063234935525668294,0.046010593614778585,0.038944885821782745,0.049511600882798976,5
directional_extrapolation,low_wq_to_high_wq,mlp,ringdown_plus_photon_geometry,wq,RMSE,0.05343852623024179,0.008045173111253776,0.05494268645017095,0.04827121799438023,0.05884825113560142,5
directional_extrapolation,low_wq_to_high_wq,mlp,ringdown_plus_photon_geometry,wq,NMAE,0.16801277953880306,0.024089499247873635,0.17527845186582316,0.14836146979726758,0.18861562241066276,5
directional_extrapolation,low_wq_to_high_wq,mlp,ringdown_plus_photon_geometry,wq,NRMSE,0.2035753380199687,0.030648278519062,0.2093054721911274,0.18389035426430564,0.22418381384991018,5
directional_extrapolation,low_wq_to_high_wq,mlp,ringdown_plus_photon_geometry,wq,joint_error_median,0.17354395399046219,0.023022657423381377,0.18653171690189746,0.1631488518718559,0.1886962386198143,5
directional_extrapolation,low_wq_to_high_wq,mlp,timing,k,R2,0.5762496747072404,0.11556423196577822,0.5928538751544375,0.5218828510906851,0.6631481321866944,5
directional_extrapolation,low_wq_to_high_wq,mlp,timing,k,MAE,0.0004246668282165258,6.312436895738883e-05,0.0004212843736604704,0.00038397382651709827,0.0004342497123369143,5
directional_extrapolation,low_wq_to_high_wq,mlp,timing,k,RMSE,0.0005109008591056877,6.913994389140223e-05,0.0005044465561667325,0.0004588381167506858,0.0005466472519535078,5
directional_extrapolation,low_wq_to_high_wq,mlp,timing,k,NMAE,0.1698667312866103,0.02524974758295553,0.16851374946418815,0.1535895306068393,0.1736998849347657,5
directional_extrapolation,low_wq_to_high_wq,mlp,timing,k,NRMSE,0.20436034364227504,0.027655977556560886,0.201778622466693,0.18353524670027432,0.21865890078140313,5
directional_extrapolation,low_wq_to_high_wq,mlp,timing,k,joint_error_median,0.32430882903929437,0.0359325311021489,0.3446979414222855,0.30262803572416713,0.35130666715734404,5
directional_extrapolation,low_wq_to_high_wq,mlp,timing,wq,R2,-8.405109175790706,4.151142165918018,-5.821789391535004,-10.375271333403255,-5.501646941365375,5
directional_extrapolation,low_wq_to_high_wq,mlp,timing,wq,MAE,0.053632043167093815,0.013918538716893462,0.04502445321212848,0.0440388300240067,0.05992459147672206,5
directional_extrapolation,low_wq_to_high_wq,mlp,timing,wq,RMSE,0.06148717097283189,0.013139791459082053,0.053314278073260245,0.052048242611083796,0.06884545292841077,5
directional_extrapolation,low_wq_to_high_wq,mlp,timing,wq,NMAE,0.2043125453984526,0.05302300463578461,0.1715217265223942,0.1677669715200255,0.2282841580065602,5
directional_extrapolation,low_wq_to_high_wq,mlp,timing,wq,NRMSE,0.23423684180126436,0.050056348415550685,0.20310201170765807,0.1982790194707954,0.2622683921082315,5
directional_extrapolation,low_wq_to_high_wq,mlp,timing,wq,joint_error_median,0.3010343922241671,0.03526715523397681,0.308593392399799,0.29353286037733334,0.320669317789121,5
directional_extrapolation,low_wq_to_high_wq,random_forest,all_shooting,k,R2,0.20843418737372815,0.17682030187685008,0.24727010832588037,0.1548031600389308,0.2965015135944078,5
directional_extrapolation,low_wq_to_high_wq,random_forest,all_shooting,k,MAE,0.0005689338419366827,6.834157360918939e-05,0.0005537773819544652,0.0005331204154641653,0.0006024254927521971,5
directional_extrapolation,low_wq_to_high_wq,random_forest,all_shooting,k,RMSE,0.0006999771517679754,7.714126566090167e-05,0.0006858980844821808,0.0006630886471683067,0.0007268067315151039,5
directional_extrapolation,low_wq_to_high_wq,random_forest,all_shooting,k,NMAE,0.2275735367746731,0.02733662944367576,0.2215109527817861,0.21324816618566614,0.24097019710087883,5
directional_extrapolation,low_wq_to_high_wq,random_forest,all_shooting,k,NRMSE,0.2799908607071902,0.030856506264360675,0.2743592337928723,0.2652354588673227,0.29072269260604156,5
directional_extrapolation,low_wq_to_high_wq,random_forest,all_shooting,k,joint_error_median,0.3530733499901534,0.02364931647183577,0.3620934993567388,0.3430146390411315,0.3704107952408813,5
directional_extrapolation,low_wq_to_high_wq,random_forest,all_shooting,wq,R2,-7.479473924294629,0.5786502354558206,-7.730273660919664,-7.794045050607458,-7.1225524352386635,5
directional_extrapolation,low_wq_to_high_wq,random_forest,all_shooting,wq,MAE,0.05568343136724311,0.0020252146997036804,0.056765332892415435,0.054467735890651854,0.05690489583333266,5
directional_extrapolation,low_wq_to_high_wq,random_forest,all_shooting,wq,RMSE,0.05941187255145521,0.0020443626917709123,0.060312635702505925,0.058175569167960094,0.06053251554126184,5
directional_extrapolation,low_wq_to_high_wq,random_forest,all_shooting,wq,NMAE,0.21212735758949758,0.007715103617918783,0.21624888720920166,0.20749613672629277,0.21678055555555298,5
directional_extrapolation,low_wq_to_high_wq,random_forest,all_shooting,wq,NRMSE,0.22633094305316273,0.007788048349603467,0.22976242172383207,0.2216212158779432,0.230600059204807,5
directional_extrapolation,low_wq_to_high_wq,random_forest,all_shooting,wq,joint_error_median,0.3303813682919584,0.02864611931163966,0.3364599030379198,0.31830168255307645,0.34939548181209856,5
directional_extrapolation,low_wq_to_high_wq,random_forest,orbital,k,R2,-0.47449823713117656,0.12108510506381438,-0.45095005505354635,-0.5847174501675039,-0.4318571234325215,5
directional_extrapolation,low_wq_to_high_wq,random_forest,orbital,k,MAE,0.0007838716936472617,3.0945681005443886e-05,0.0007840819134569134,0.0007793295987472122,0.0008094676290320229,5
directional_extrapolation,low_wq_to_high_wq,random_forest,orbital,k,RMSE,0.0009593244474922826,3.965480189415971e-05,0.0009522834580147166,0.00094599719986125,0.0009952127442686262,5
directional_extrapolation,low_wq_to_high_wq,random_forest,orbital,k,NMAE,0.31354867745890463,0.012378272402177553,0.31363276538276535,0.3117318394988849,0.32378705161280913,5
directional_extrapolation,low_wq_to_high_wq,random_forest,orbital,k,NRMSE,0.383729778996913,0.015861920757663878,0.38091338320588664,0.3783988799445,0.3980850977074505,5
directional_extrapolation,low_wq_to_high_wq,random_forest,orbital,k,joint_error_median,0.48448032549280884,0.04869631415602216,0.4817679534206739,0.4684735111816307,0.5116787363588848,5
directional_extrapolation,low_wq_to_high_wq,random_forest,orbital,wq,R2,-19.457720451830223,3.17603714423855,-19.5249657125957,-20.858389401758195,-18.507185523979132,5
directional_extrapolation,low_wq_to_high_wq,random_forest,orbital,wq,MAE,0.08787022452508887,0.006716895261638952,0.08917775192014755,0.08630855172091269,0.0913856544574249,5
directional_extrapolation,low_wq_to_high_wq,random_forest,orbital,wq,RMSE,0.09209644290377957,0.007271123772624487,0.09247739749211628,0.09015538790513097,0.09543407279757361,5
directional_extrapolation,low_wq_to_high_wq,random_forest,orbital,wq,NMAE,0.334743712476529,0.025588172425291243,0.3397247692196097,0.32879448274633405,0.3481358265044758,5
directional_extrapolation,low_wq_to_high_wq,random_forest,orbital,wq,NRMSE,0.3508435920143984,0.027699519133807558,0.3522948475890144,0.3434490967814513,0.36355837256218515,5
directional_extrapolation,low_wq_to_high_wq,random_forest,orbital,wq,joint_error_median,0.4797852961650646,0.04003056555939956,0.48127711932212935,0.4650192918815639,0.5106099011935482,5
directional_extrapolation,low_wq_to_high_wq,random_forest,photon_geometry,k,R2,0.22573532785270323,0.09882483341630338,0.18043376876805195,0.17533717076519184,0.21140523657958576,5
directional_extrapolation,low_wq_to_high_wq,random_forest,photon_geometry,k,MAE,0.000588937850449214,3.805207712441268e-05,0.0005954459776334774,0.0005941881613756611,0.0006087299409695242,5
directional_extrapolation,low_wq_to_high_wq,random_forest,photon_geometry,k,RMSE,0.0006944009349986833,4.6405300950093724e-05,0.0007157016798359268,0.0007020482370448337,0.000717923581080713,5
directional_extrapolation,low_wq_to_high_wq,random_forest,photon_geometry,k,NMAE,0.2355751401796856,0.015220830849765075,0.23817839105339098,0.23767526455026444,0.24349197638780967,5
directional_extrapolation,low_wq_to_high_wq,random_forest,photon_geometry,k,NRMSE,0.2777603739994733,0.018562120380037496,0.28628067193437073,0.28081929481793344,0.2871694324322852,5
directional_extrapolation,low_wq_to_high_wq,random_forest,photon_geometry,k,joint_error_median,0.42041718696055586,0.040181959349355,0.4262412784576115,0.4090480413301113,0.450839424371987,5
directional_extrapolation,low_wq_to_high_wq,random_forest,photon_geometry,wq,R2,-14.766439472597119,2.5577554023677527,-14.032450632407443,-15.802262710887469,-13.583074839593259,5
directional_extrapolation,low_wq_to_high_wq,random_forest,photon_geometry,wq,MAE,0.07481692411652104,0.0062900268266299865,0.07251038650778195,0.0718785960464429,0.0785434259400578,5
directional_extrapolation,low_wq_to_high_wq,random_forest,photon_geometry,wq,RMSE,0.08084303079404523,0.006495590069602553,0.07914241022888066,0.07795050470114903,0.08367163674868032,5
directional_extrapolation,low_wq_to_high_wq,random_forest,photon_geometry,wq,NMAE,0.28501685377722297,0.02396200695859043,0.2762300438391693,0.27382322303406814,0.2992130512002202,5
directional_extrapolation,low_wq_to_high_wq,random_forest,photon_geometry,wq,NRMSE,0.3079734506439818,0.024745105027057335,0.30149489611002156,0.29695430362342484,0.318749092375925,5
directional_extrapolation,low_wq_to_high_wq,random_forest,photon_geometry,wq,joint_error_median,0.4037740514880997,0.03597150271419838,0.4054508539309779,0.3860913049130416,0.43722721223233674,5
directional_extrapolation,low_wq_to_high_wq,random_forest,redshift,k,R2,0.37062589020378606,0.1464195543084662,0.36482435477512776,0.30841513185998337,0.46758117891563633,5
directional_extrapolation,low_wq_to_high_wq,random_forest,redshift,k,MAE,0.00045030649635857954,6.79082666304629e-05,0.0004613226898312125,0.00040474522005772007,0.0004844480519480518,5
directional_extrapolation,low_wq_to_high_wq,random_forest,redshift,k,RMSE,0.0006237814749463034,7.293396102337972e-05,0.0006300672807451163,0.0005768550625397399,0.0006574500304871165,5
directional_extrapolation,low_wq_to_high_wq,random_forest,redshift,k,NMAE,0.18012259854343182,0.027163306652185165,0.184529075932485,0.16189808802308803,0.19377922077922072,5
directional_extrapolation,low_wq_to_high_wq,random_forest,redshift,k,NRMSE,0.2495125899785214,0.029173584409351885,0.2520269122980465,0.23074202501589597,0.26298001219484657,5
directional_extrapolation,low_wq_to_high_wq,random_forest,redshift,k,joint_error_median,0.31313813557431497,0.019567620720803612,0.30672694643532306,0.2993051989310186,0.3316988463325333,5
directional_extrapolation,low_wq_to_high_wq,random_forest,redshift,wq,R2,-7.161369325334659,0.49261436467604786,-7.172004586610482,-7.394355284789578,-6.913639634857316,5
directional_extrapolation,low_wq_to_high_wq,random_forest,redshift,wq,MAE,0.05444556870816865,0.0016521140385311853,0.05461304563491983,0.05360860339506098,0.055383067129629,5
directional_extrapolation,low_wq_to_high_wq,random_forest,redshift,wq,RMSE,0.058293131160297496,0.0017611827528423382,0.058352394218983854,0.057422555218809394,0.05914091676097852,5
directional_extrapolation,low_wq_to_high_wq,random_forest,redshift,wq,NMAE,0.20741169031683288,0.006293767765833085,0.20804969765683745,0.20422325102880373,0.21098311287477714,5
directional_extrapolation,low_wq_to_high_wq,random_forest,redshift,wq,NRMSE,0.2220690710868476,0.006709267629875571,0.22229483511993847,0.21875259130975006,0.22529873051801338,5
directional_extrapolation,low_wq_to_high_wq,random_forest,redshift,wq,joint_error_median,0.30422805269340003,0.016184093389653098,0.2968218651816996,0.2927524315990696,0.31375566486564477,5
directional_extrapolation,low_wq_to_high_wq,random_forest,ringdown,k,R2,0.9356691786766351,0.007947787244319732,0.9380150644405204,0.9307244803357656,0.9410754616769551,5
directional_extrapolation,low_wq_to_high_wq,random_forest,ringdown,k,MAE,0.00016528607230311714,1.3298666458633596e-05,0.00016205265588788254,0.0001577672558922553,0.00016817971380471308,5
directional_extrapolation,low_wq_to_high_wq,random_forest,ringdown,k,RMSE,0.00020021540033462177,1.2275829704658502e-05,0.00019682628057420272,0.00019190580098554357,0.0002080797918831776,5
directional_extrapolation,low_wq_to_high_wq,random_forest,ringdown,k,NMAE,0.06611442892124686,0.005319466583453438,0.06482106235515302,0.06310690235690213,0.06727188552188523,5
directional_extrapolation,low_wq_to_high_wq,random_forest,ringdown,k,NRMSE,0.08008616013384873,0.004910331881863402,0.07873051222968108,0.07676232039421743,0.08323191675327105,5
directional_extrapolation,low_wq_to_high_wq,random_forest,ringdown,k,joint_error_median,0.38142692180867654,0.021913799267326898,0.37452931974724907,0.3727606291695762,0.3848389739881943,5
directional_extrapolation,low_wq_to_high_wq,random_forest,ringdown,wq,R2,-23.899602777192122,3.5739071489074776,-22.904353813159762,-25.20450788403988,-22.379570676193755,5
directional_extrapolation,low_wq_to_high_wq,random_forest,ringdown,wq,MAE,0.09693121307032047,0.006410322534121222,0.09548549234908606,0.0954447237343417,0.097979553454292,5
directional_extrapolation,low_wq_to_high_wq,random_forest,ringdown,wq,RMSE,0.10165151493353293,0.007228762187820151,0.09980053818567262,0.09869897558610927,0.10449184155561275,5
directional_extrapolation,low_wq_to_high_wq,random_forest,ringdown,wq,NMAE,0.3692617640774113,0.024420276320461794,0.36375425656794685,0.3635989475593969,0.3732554417306362,5
directional_extrapolation,low_wq_to_high_wq,random_forest,ringdown,wq,NRMSE,0.3872438664134587,0.027538141667886297,0.38019252642161,0.3759960974708924,0.3980641583070962,5
directional_extrapolation,low_wq_to_high_wq,random_forest,ringdown,wq,joint_error_median,0.37042297974286714,0.017146429677101043,0.36549873623538465,0.3593927352773483,0.3696283448893589,5
directional_extrapolation,low_wq_to_high_wq,random_forest,ringdown_plus_all_shooting,k,R2,0.8978206326987307,0.021456425188078533,0.9002411766975315,0.8857474018406637,0.9175788749035498,5
directional_extrapolation,low_wq_to_high_wq,random_forest,ringdown_plus_all_shooting,k,MAE,0.00022256029040403986,2.1866493482943108e-05,0.00022095117845117787,0.000202380576599326,0.00023329650673400618,5
directional_extrapolation,low_wq_to_high_wq,random_forest,ringdown_plus_all_shooting,k,RMSE,0.0002516152107868679,2.6265239956387375e-05,0.0002496983471391889,0.00022696520258683124,0.00026722251748231314,5
directional_extrapolation,low_wq_to_high_wq,random_forest,ringdown_plus_all_shooting,k,NMAE,0.08902411616161594,0.008746597393177243,0.08838047138047114,0.08095223063973041,0.09331860269360247,5
directional_extrapolation,low_wq_to_high_wq,random_forest,ringdown_plus_all_shooting,k,NRMSE,0.10064608431474717,0.010506095982554945,0.09987933885567556,0.0907860810347325,0.10688900699292525,5
directional_extrapolation,low_wq_to_high_wq,random_forest,ringdown_plus_all_shooting,k,joint_error_median,0.24168975354153793,0.0161399153884437,0.24100248867280102,0.230593747580417,0.25617140979431063,5
directional_extrapolation,low_wq_to_high_wq,random_forest,ringdown_plus_all_shooting,wq,R2,-7.4993544967850285,0.5810272887681401,-7.805469557937702,-7.808391313442856,-7.133291702152736,5
directional_extrapolation,low_wq_to_high_wq,random_forest,ringdown_plus_all_shooting,wq,MAE,0.05574309644393595,0.002035729775347579,0.05694517361111041,0.05445425485008748,0.05700504850088103,5
directional_extrapolation,low_wq_to_high_wq,random_forest,ringdown_plus_all_shooting,wq,RMSE,0.0594813304359171,0.0020521441734814446,0.060571822237247476,0.058214015001231786,0.06058187061545604,5
directional_extrapolation,low_wq_to_high_wq,random_forest,ringdown_plus_all_shooting,wq,NMAE,0.21235465311975604,0.007755161048943157,0.21693399470899202,0.20744478038128564,0.2171620895271658,5
directional_extrapolation,low_wq_to_high_wq,random_forest,ringdown_plus_all_shooting,wq,NRMSE,0.2265955445177794,0.007817692089453121,0.230749798999038,0.2217676761951687,0.23078807853507063,5
directional_extrapolation,low_wq_to_high_wq,random_forest,ringdown_plus_all_shooting,wq,joint_error_median,0.23475780632602755,0.012150604204310363,0.23621757563574533,0.22770017566530618,0.24165065572120514,5
directional_extrapolation,low_wq_to_high_wq,random_forest,ringdown_plus_photon_geometry,k,R2,0.9292758172970567,0.010466557761322683,0.9310975672308874,0.927713537457913,0.936628993811891,5
directional_extrapolation,low_wq_to_high_wq,random_forest,ringdown_plus_photon_geometry,k,MAE,0.00018338036616161554,1.5387916166462194e-05,0.00018212331649831583,0.00017417297979797913,0.00018262205387205334,5
directional_extrapolation,low_wq_to_high_wq,random_forest,ringdown_plus_photon_geometry,k,RMSE,0.00020980569950096285,1.5173276106827938e-05,0.00020751872320514924,0.0001990147704758822,0.00021255361462182762,5
directional_extrapolation,low_wq_to_high_wq,random_forest,ringdown_plus_photon_geometry,k,NMAE,0.07335214646464623,0.006155166466584875,0.07284932659932633,0.06966919191919164,0.07304882154882134,5
directional_extrapolation,low_wq_to_high_wq,random_forest,ringdown_plus_photon_geometry,k,NRMSE,0.08392227980038514,0.006069310442731175,0.0830074892820597,0.07960590819035288,0.08502144584873104,5
directional_extrapolation,low_wq_to_high_wq,random_forest,ringdown_plus_photon_geometry,k,joint_error_median,0.2901907979868705,0.03701433182458639,0.27954358151797165,0.2666787306454332,0.3125293487557905,5
directional_extrapolation,low_wq_to_high_wq,random_forest,ringdown_plus_photon_geometry,wq,R2,-13.59206308759442,2.3036822910657557,-13.158009308006068,-14.512766294203987,-13.080518149381296,5
directional_extrapolation,low_wq_to_high_wq,random_forest,ringdown_plus_photon_geometry,wq,MAE,0.07168216512397028,0.005772808611563547,0.07091844076062788,0.0696171200764252,0.07489018602410939,5
directional_extrapolation,low_wq_to_high_wq,random_forest,ringdown_plus_photon_geometry,wq,RMSE,0.07777785431742881,0.006187857492146807,0.07680605799676564,0.0765955779548807,0.08039684460589852,5
directional_extrapolation,low_wq_to_high_wq,random_forest,ringdown_plus_photon_geometry,wq,NMAE,0.27307491475798207,0.021991651853575423,0.2701654886119157,0.2652080764816198,0.28529594675851194,5
directional_extrapolation,low_wq_to_high_wq,random_forest,ringdown_plus_photon_geometry,wq,NRMSE,0.2962965878759193,0.023572790446273563,0.2925945066543453,0.29179267792335506,0.3062736937367563,5
directional_extrapolation,low_wq_to_high_wq,random_forest,ringdown_plus_photon_geometry,wq,joint_error_median,0.27635324456558685,0.03539897108157271,0.2632630994835615,0.24749059282024416,0.3021656018507206,5
directional_extrapolation,low_wq_to_high_wq,random_forest,timing,k,R2,0.19612865444325533,0.19106220157860063,0.23065219764073575,0.15310757576961698,0.2867196751633284,5
directional_extrapolation,low_wq_to_high_wq,random_forest,timing,k,MAE,0.0005694932860349526,7.07751259824491e-05,0.0005583288239538239,0.0005354122324434822,0.000595188116281866,5
directional_extrapolation,low_wq_to_high_wq,random_forest,timing,k,RMSE,0.0007049589592342503,8.255647134180375e-05,0.0006934279893936646,0.0006676827113404388,0.0007275354047357348,5
directional_extrapolation,low_wq_to_high_wq,random_forest,timing,k,NMAE,0.22779731441398102,0.028310050392979638,0.22333152958152955,0.21416489297739288,0.23807524651274642,5
directional_extrapolation,low_wq_to_high_wq,random_forest,timing,k,NRMSE,0.2819835836937001,0.033022588536721506,0.2773711957574658,0.2670730845361755,0.2910141618942939,5
directional_extrapolation,low_wq_to_high_wq,random_forest,timing,k,joint_error_median,0.39042802343759203,0.04125874575635374,0.39358120542557773,0.38784739047777006,0.4174009124582152,5
directional_extrapolation,low_wq_to_high_wq,random_forest,timing,wq,R2,-10.937677994139303,1.6558754703568221,-10.337449867706388,-12.11308682809245,-10.258980135924617,5
directional_extrapolation,low_wq_to_high_wq,random_forest,timing,wq,MAE,0.06580398821227593,0.004869448134484189,0.06422869220350072,0.06406287629936898,0.06975467987709277,5
directional_extrapolation,low_wq_to_high_wq,random_forest,timing,wq,RMSE,0.0703912927530694,0.004886000679200519,0.06873090603853306,0.06849263992066536,0.07391742810982978,5
directional_extrapolation,low_wq_to_high_wq,random_forest,timing,wq,NMAE,0.2506818598562892,0.018550278607558826,0.24468073220381226,0.24404905256902468,0.2657321138174963,5
directional_extrapolation,low_wq_to_high_wq,random_forest,timing,wq,NRMSE,0.26815730572597873,0.018613335920763887,0.26183202300393543,0.26092434255491564,0.28159020232316107,5
directional_extrapolation,low_wq_to_high_wq,random_forest,timing,wq,joint_error_median,0.36094822988484043,0.036857441669048925,0.36670874413432153,0.34719181069954247,0.392712628793495,5
grouped_physical_interpolation,,hgb,orbital,k,R2,-12.570239668423088,12.09402419516391,-9.059871054941508,-20.042916193085954,-2.9749475382581663,90
grouped_physical_interpolation,,hgb,orbital,k,MAE,0.0007355658183066728,0.0003500489980574968,0.0006755317533460134,0.00047195695074842345,0.00093401121000395,90
grouped_physical_interpolation,,hgb,orbital,k,RMSE,0.0008167991287360847,0.00037821759398836243,0.000755705348931774,0.0005360801538413971,0.0010071765096499822,90
grouped_physical_interpolation,,hgb,orbital,k,NMAE,0.2942263273226691,0.14001959922299867,0.27021270133840536,0.18878278029936937,0.37360448400158003,90
grouped_physical_interpolation,,hgb,orbital,k,NRMSE,0.3267196514944338,0.15128703759534495,0.30228213957270955,0.2144320615365588,0.40287060385999285,90
grouped_physical_interpolation,,hgb,orbital,k,joint_error_median,0.3879197964783053,0.15186417030363356,0.3618670519831503,0.2735873162430714,0.5115813886902502,90
grouped_physical_interpolation,,hgb,orbital,wq,R2,-6.547983498891541,8.68989643998882,-3.999315910438255,-8.0637369813807,-1.1896639109510274,90
grouped_physical_interpolation,,hgb,orbital,wq,MAE,0.05546647728308028,0.026159415442889692,0.05443516760360944,0.0337394640743199,0.07158489383508004,90
grouped_physical_interpolation,,hgb,orbital,wq,RMSE,0.06102463755156716,0.026146326648144643,0.05945138755173475,0.040481357305777316,0.07480494535831425,90
grouped_physical_interpolation,,hgb,orbital,wq,NMAE,0.21130086584030583,0.09965491597291312,0.2073720670613693,0.12853129171169486,0.2727043574669716,90
grouped_physical_interpolation,,hgb,orbital,wq,NRMSE,0.23247480972025586,0.09960505389769388,0.22648147638756094,0.1542146944981993,0.2849712204126257,90
grouped_physical_interpolation,,hgb,orbital,wq,joint_error_median,0.38712118073915563,0.15027291719322985,0.3863121725808154,0.26222147301855125,0.5115813886902502,90
grouped_physical_interpolation,,hgb,redshift,k,R2,-5.230220426062603,7.462403330339032,-2.5067269003354866,-8.492831166157174,0.06084715204664315,90
grouped_physical_interpolation,,hgb,redshift,k,MAE,0.00045552233724763377,0.0002994613571822835,0.00043635792647070154,0.0002053459786000421,0.0007068099091137788,90
grouped_physical_interpolation,,hgb,redshift,k,RMSE,0.0005168257131867583,0.00031916845116630683,0.0005182091983612967,0.0002708708646676333,0.0007570105689779111,90
grouped_physical_interpolation,,hgb,redshift,k,NMAE,0.18220893489905352,0.11978454287291339,0.17454317058828062,0.08213839144001685,0.28272396364551156,90
grouped_physical_interpolation,,hgb,redshift,k,NRMSE,0.20673028527470327,0.12766738046652273,0.2072836793445187,0.10834834586705333,0.30280422759116443,90
grouped_physical_interpolation,,hgb,redshift,k,joint_error_median,0.24634482723964382,0.09035886063322356,0.25646326416902065,0.16225450629949623,0.3181331116583011,90
grouped_physical_interpolation,,hgb,redshift,wq,R2,-1.115873785178001,2.1563992065259,-0.16771039893244444,-1.305931357656211,0.21861936913939775,90
grouped_physical_interpolation,,hgb,redshift,wq,MAE,0.028785824555227758,0.012083770968835976,0.025590482785828365,0.021243735840197727,0.03197759159067881,90
grouped_physical_interpolation,,hgb,redshift,wq,RMSE,0.03287169116888618,0.01299758902623825,0.028599628264085374,0.024938200462635486,0.03694327864799227,90
grouped_physical_interpolation,,hgb,redshift,wq,NMAE,0.10966028401991526,0.04603341321461324,0.09748755346982235,0.08092851748646754,0.12181939653591926,90
grouped_physical_interpolation,,hgb,redshift,wq,NRMSE,0.1252254901671854,0.04951462486186001,0.10895096481556332,0.09500266842908757,0.1407362996113991,90
grouped_physical_interpolation,,hgb,redshift,wq,joint_error_median,0.23251501455771661,0.08715292739726252,0.2227901911308368,0.16225450629949623,0.3066468745059864,90
grouped_physical_interpolation,,hgb,timing,k,R2,-2.7029942527359703,4.561412317890704,-0.8274064355400628,-3.1002578119995965,0.4240662931649012,90
grouped_physical_interpolation,,hgb,timing,k,MAE,0.0003578609099030101,0.00023888589412371302,0.00031177456415463605,0.00015415527959827474,0.0004900336795483076,90
grouped_physical_interpolation,,hgb,timing,k,RMSE,0.0004030386548515514,0.0002566966389615286,0.0003665128385702194,0.00018025977239534337,0.0005428549598312991,90
grouped_physical_interpolation,,hgb,timing,k,NMAE,0.14314436396120403,0.09555435764948521,0.12470982566185443,0.0616621118393099,0.19601347181932305,90
grouped_physical_interpolation,,hgb,timing,k,NRMSE,0.16121546194062056,0.10267865558461142,0.14660513542808773,0.07210390895813734,0.21714198393251966,90
grouped_physical_interpolation,,hgb,timing,k,joint_error_median,0.23072544702717038,0.08813234962217398,0.2077359135856381,0.16172894289919781,0.3029609263498891,90
grouped_physical_interpolation,,hgb,timing,wq,R2,-1.991753983339907,3.3908815067502047,-0.9390239845993941,-2.5295540187925054,0.4089457366636031,90
grouped_physical_interpolation,,hgb,timing,wq,MAE,0.03235417036683934,0.017627308190292432,0.024553225115432134,0.018315817375615807,0.04414562520733375,90
grouped_physical_interpolation,,hgb,timing,wq,RMSE,0.038185247896503315,0.019484267871337873,0.036082016371868905,0.02135739104846012,0.05082607359124096,90
grouped_physical_interpolation,,hgb,timing,wq,NMAE,0.1232539823498641,0.06715165024873308,0.0935360956778367,0.0697745423832983,0.16817381031365236,90
grouped_physical_interpolation,,hgb,timing,wq,NRMSE,0.1454676110342983,0.07422578236700142,0.13745530046426252,0.0813614897084195,0.19362313749044174,90
grouped_physical_interpolation,,hgb,timing,wq,joint_error_median,0.21243587403713227,0.0748939569189505,0.1971405034976923,0.15919485549636386,0.25515234256162606,90
grouped_physical_interpolation,,mlp,all_shooting,k,R2,-2814.433717287912,26468.735808558544,0.36809840190006926,-2.3692736102224092,0.9101073752155954,90
grouped_physical_interpolation,,mlp,all_shooting,k,MAE,0.001134284823914133,0.00728797841272642,0.00017017737833728363,6.126216813622343e-05,0.00040042295409430036,90
grouped_physical_interpolation,,mlp,all_shooting,k,RMSE,0.00208746885836539,0.014757051874014155,0.00019699613971181054,7.21015783292145e-05,0.0004894332898472645,90
grouped_physical_interpolation,,mlp,all_shooting,k,NMAE,0.4537139295656531,2.915191365090568,0.06807095133491345,0.024504867254489374,0.16016918163772015,90
grouped_physical_interpolation,,mlp,all_shooting,k,NRMSE,0.834987543346156,5.902820749605661,0.07879845588472423,0.028840631331685795,0.1957733159389058,90
grouped_physical_interpolation,,mlp,all_shooting,k,joint_error_median,0.3601624420362042,1.4376377732019037,0.1468790941272915,0.10087588105093845,0.28975029216604165,90
grouped_physical_interpolation,,mlp,all_shooting,wq,R2,-9432.16763399208,88011.46863175576,-0.6373580231024568,-8.01682516635216,0.6868282233061407,90
grouped_physical_interpolation,,mlp,all_shooting,wq,MAE,0.15235771329507142,0.9201146898524005,0.025811544406103663,0.011178693939660742,0.06055739357094412,90
grouped_physical_interpolation,,mlp,all_shooting,wq,RMSE,0.28022430298081863,1.8066634780679394,0.03005547328932448,0.013859638777541912,0.08110835639683146,90
grouped_physical_interpolation,,mlp,all_shooting,wq,NMAE,0.5804103363621769,3.505198818485335,0.098329692975633,0.042585500722517114,0.23069483265121568,90
grouped_physical_interpolation,,mlp,all_shooting,wq,NRMSE,1.0675211542126426,6.882527535496915,0.11449704110218847,0.052798623914445376,0.3089842148450722,90
grouped_physical_interpolation,,mlp,all_shooting,wq,joint_error_median,0.3471731561680177,1.4381520013811744,0.1381559294332454,0.09794636603548428,0.26751752476599083,90
grouped_physical_interpolation,,mlp,orbital,k,R2,-27446.23062738012,259415.04398100913,-9.622582776212445,-20.473868039586904,-0.5799829978472626,90
grouped_physical_interpolation,,mlp,orbital,k,MAE,0.0033849434437587763,0.024220921075586384,0.000764050628849906,0.0002804760757092354,0.0010307492799653832,90
grouped_physical_interpolation,,mlp,orbital,k,RMSE,0.005961718491993433,0.04614460679790425,0.0008402326540805629,0.0003362959815878726,0.001048985775871383,90
grouped_physical_interpolation,,mlp,orbital,k,NMAE,1.3539773775035104,9.688368430234554,0.3056202515399624,0.11219043028369417,0.4122997119861533,90
grouped_physical_interpolation,,mlp,orbital,k,NRMSE,2.384687396797373,18.4578427191617,0.33609306163222513,0.13451839263514903,0.4195943103485532,90
grouped_physical_interpolation,,mlp,orbital,k,joint_error_median,0.9792874227461532,5.5644308920311625,0.3842811554684269,0.2671174690067243,0.5286998538423604,90
grouped_physical_interpolation,,mlp,orbital,wq,R2,-104866.85852512074,993470.0959378341,-6.2536968207885,-13.028545286748514,-1.3384185621848794,90
grouped_physical_interpolation,,mlp,orbital,wq,MAE,0.4132615735377249,3.164801773097832,0.06479334666189188,0.03883223092036963,0.0898462768649356,90
grouped_physical_interpolation,,mlp,orbital,wq,RMSE,0.7424029503641634,6.047956274708332,0.06799591239436445,0.0457755974841252,0.09524850488319288,90
grouped_physical_interpolation,,mlp,orbital,wq,NMAE,1.574329803953238,12.056387707039361,0.24683179680720713,0.14793230826807477,0.34227153091404033,90
grouped_physical_interpolation,,mlp,orbital,wq,NRMSE,2.8282017156730035,23.039833427460316,0.2590320472166265,0.17438322851095314,0.3628514471740681,90
grouped_physical_interpolation,,mlp,orbital,wq,joint_error_median,0.9686141110567051,5.565420830929086,0.3696801599804658,0.2523913777171607,0.5218256755359116,90
grouped_physical_interpolation,,mlp,photon_geometry,k,R2,-18.6653076708895,79.72185224843278,0.18589758320963778,-1.7357948166691701,0.8474714905554168,90
grouped_physical_interpolation,,mlp,photon_geometry,k,MAE,0.00037690582341743317,0.000551388301466403,0.00018802645807190486,8.93627175172356e-05,0.00036579543394955514,90
grouped_physical_interpolation,,mlp,photon_geometry,k,RMSE,0.0005354622466697787,0.0010154222755683242,0.0002238239951980282,0.00010604578686961423,0.0004254692754502204,90
grouped_physical_interpolation,,mlp,photon_geometry,k,NMAE,0.15076232936697323,0.22055532058656124,0.07521058322876194,0.03574508700689424,0.14631817357982208,90
grouped_physical_interpolation,,mlp,photon_geometry,k,NRMSE,0.2141848986679115,0.40616891022732965,0.08952959807921128,0.04241831474784569,0.17018771018008816,90
grouped_physical_interpolation,,mlp,photon_geometry,k,joint_error_median,0.20222743525630543,0.17251901036099843,0.13709408324489497,0.0713765987162157,0.30790173651851854,90
grouped_physical_interpolation,,mlp,photon_geometry,wq,R2,-150.7318648234824,996.319128448053,-0.282551166846036,-6.730904894420785,0.6671695155337349,90
grouped_physical_interpolation,,mlp,photon_geometry,wq,MAE,0.0545073704735884,0.10642741093442967,0.02720979447370541,0.012486717809762585,0.06755379582255122,90
grouped_physical_interpolation,,mlp,photon_geometry,wq,RMSE,0.08757564156591394,0.21941218924331476,0.031010830579005434,0.01438631132828913,0.07536590268040176,90
grouped_physical_interpolation,,mlp,photon_geometry,wq,NMAE,0.20764712561367,0.40543775594068443,0.10365635989983013,0.04756844879909556,0.25734779360971893,90
grouped_physical_interpolation,,mlp,photon_geometry,wq,NRMSE,0.3336214916796721,0.8358559590221516,0.11813649744383022,0.05480499553633954,0.28710820068724485,90
grouped_physical_interpolation,,mlp,photon_geometry,wq,joint_error_median,0.18963645185186728,0.16151324746276305,0.13144436315308905,0.06660179963133453,0.2602396533589555,90
grouped_physical_interpolation,,mlp,redshift,k,R2,-39.7546493472352,145.84254850817587,-1.6980829171399685,-12.089289527150775,0.38433692080964393,90
grouped_physical_interpolation,,mlp,redshift,k,MAE,0.0006616155371930667,0.0008203005464026702,0.0003683968082561381,0.00018641185080660357,0.0009346402906036161,90
grouped_physical_interpolation,,mlp,redshift,k,RMSE,0.000854921833513891,0.0013290229396485016,0.00042991998846386833,0.0002099325375760274,0.0009772187867236675,90
grouped_physical_interpolation,,mlp,redshift,k,NMAE,0.26464621487722667,0.3281202185610681,0.14735872330245525,0.07456474032264143,0.37385611624144643,90
grouped_physical_interpolation,,mlp,redshift,k,NRMSE,0.3419687334055564,0.5316091758594007,0.17196799538554736,0.08397301503041096,0.39088751468946703,90
grouped_physical_interpolation,,mlp,redshift,k,joint_error_median,0.3265437270676234,0.27117649922477327,0.2686737733922393,0.16358783171786812,0.4479312248990045,90
grouped_physical_interpolation,,mlp,redshift,wq,R2,-75.43695532803447,426.1116204350571,-2.5330273970851596,-10.110187073618118,0.018474037934869153,90
grouped_physical_interpolation,,mlp,redshift,wq,MAE,0.06802698332187061,0.09672369403048842,0.04588340107279266,0.02540253210601418,0.07392275414788821,90
grouped_physical_interpolation,,mlp,redshift,wq,RMSE,0.09008206043799072,0.1561853265627404,0.051370694708592554,0.030245718505879742,0.08053266375379495,90
grouped_physical_interpolation,,mlp,redshift,wq,NMAE,0.25915041265474514,0.3684712153542416,0.17479390884873391,0.09677155088005401,0.2816104919919551,90
grouped_physical_interpolation,,mlp,redshift,wq,NRMSE,0.34316975404948846,0.5949917202390111,0.1956978846041621,0.11522178478430378,0.306791100014457,90
grouped_physical_interpolation,,mlp,redshift,wq,joint_error_median,0.3123119776350846,0.26663846943276615,0.26322499949143247,0.1613329690978342,0.41461255763434,90
grouped_physical_interpolation,,mlp,ringdown,k,R2,0.6193182206095845,0.8911655419298029,0.9283537290370221,0.7360484781064205,0.979919457129878,90
grouped_physical_interpolation,,mlp,ringdown,k,MAE,9.771220811138888e-05,9.912098124609611e-05,6.336879238791649e-05,2.974210711943757e-05,0.000122325992150092,90
grouped_physical_interpolation,,mlp,ringdown,k,RMSE,0.00010735834565634312,0.00010290314332325143,6.819266609592789e-05,3.405637691333418e-05,0.00013513828187975397,90
grouped_physical_interpolation,,mlp,ringdown,k,NMAE,0.03908488324455555,0.03964839249843844,0.025347516955166592,0.011896842847775028,0.0489303968600368,90
grouped_physical_interpolation,,mlp,ringdown,k,NRMSE,0.04294333826253724,0.04116125732930057,0.027277066438371154,0.013622550765333674,0.05405531275190159,90
grouped_physical_interpolation,,mlp,ringdown,k,joint_error_median,0.15463389592192883,0.14616013465678318,0.08649027065114498,0.059111547436323846,0.2082012556004379,90
grouped_physical_interpolation,,mlp,ringdown,wq,R2,-4.28905768759868,15.804691083962632,0.4053032980801177,-3.3519616695683485,0.7820692501765547,90
grouped_physical_interpolation,,mlp,ringdown,wq,MAE,0.03252115559685179,0.034563037367101285,0.01913561944824194,0.01098037234819337,0.040594696503769505,90
grouped_physical_interpolation,,mlp,ringdown,wq,RMSE,0.036520501971045796,0.03571851252779247,0.022992202261027137,0.012536435688970496,0.0511633748917881,90
grouped_physical_interpolation,,mlp,ringdown,wq,NMAE,0.1238901165594354,0.13166871377943346,0.07289759789806452,0.041829989897879505,0.15464646287150285,90
grouped_physical_interpolation,,mlp,ringdown,wq,NRMSE,0.13912572179446017,0.1360705239153999,0.08758934194677004,0.04775785024369712,0.1949080948258594,90
grouped_physical_interpolation,,mlp,ringdown,wq,joint_error_median,0.13427456159072385,0.12661617223958982,0.08237714492169718,0.05416191757318704,0.16341387446854674,90
grouped_physical_interpolation,,mlp,ringdown_plus_all_shooting,k,R2,-1081.6793905226018,9563.95290108005,0.7974853986195051,0.18290251008900105,0.9678930957646963,90
grouped_physical_interpolation,,mlp,ringdown_plus_all_shooting,k,MAE,0.0007695095162444976,0.004326542987147349,9.32366508853375e-05,4.102195754276336e-05,0.00018080267020560885,90
grouped_physical_interpolation,,mlp,ringdown_plus_all_shooting,k,RMSE,0.0015387569444274174,0.00907073590623634,0.00011771805222683527,4.8663459330316734e-05,0.00021800153917557726,90
grouped_physical_interpolation,,mlp,ringdown_plus_all_shooting,k,NMAE,0.307803806497799,1.7306171948589395,0.03729466035413499,0.016408783017105345,0.07232106808224353,90
grouped_physical_interpolation,,mlp,ringdown_plus_all_shooting,k,NRMSE,0.615502777770967,3.628294362494537,0.04708722089073411,0.019465383732126692,0.0872006156702309,90
grouped_physical_interpolation,,mlp,ringdown_plus_all_shooting,k,joint_error_median,0.24339735466985873,0.8032587813844863,0.10787221199245912,0.06398115766875254,0.24673162585999878,90
grouped_physical_interpolation,,mlp,ringdown_plus_all_shooting,wq,R2,-1456.1450464039212,11714.764764076146,0.08127389795114853,-5.9370573360342,0.7620285248153462,90
grouped_physical_interpolation,,mlp,ringdown_plus_all_shooting,wq,MAE,0.10504076412654069,0.39755784836000335,0.02171485928765357,0.01216173239750029,0.05533624685990287,90
grouped_physical_interpolation,,mlp,ringdown_plus_all_shooting,wq,RMSE,0.18365458081422611,0.7135098337523751,0.027578756598469076,0.014106516728792958,0.06116118918757419,90
grouped_physical_interpolation,,mlp,ringdown_plus_all_shooting,wq,NMAE,0.4001552919106311,1.5145060889904887,0.08272327347677551,0.04633040913333443,0.2108047499424871,90
grouped_physical_interpolation,,mlp,ringdown_plus_all_shooting,wq,NRMSE,0.699636498339909,2.718132700009048,0.1050619298989298,0.05373911134778269,0.23299500642885404,90
grouped_physical_interpolation,,mlp,ringdown_plus_all_shooting,wq,joint_error_median,0.22847175925069574,0.8030071608295049,0.1077390124872395,0.059990163980847944,0.1912958390923826,90
grouped_physical_interpolation,,mlp,ringdown_plus_photon_geometry,k,R2,-7.499373354847426,33.98467728694236,0.8257709091544276,0.2349738216737332,0.9688445311044107,90
grouped_physical_interpolation,,mlp,ringdown_plus_photon_geometry,k,MAE,0.0001837477519860892,0.0003111647523150436,8.596817125815066e-05,3.7197937880607286e-05,0.00018127141382588035,90
grouped_physical_interpolation,,mlp,ringdown_plus_photon_geometry,k,RMSE,0.0002965694994796663,0.0006529105780149235,0.0001061844129342803,4.435564089685571e-05,0.00020132112988820405,90
grouped_physical_interpolation,,mlp,ringdown_plus_photon_geometry,k,NMAE,0.07349910079443567,0.12446590092601743,0.034387268503260265,0.014879175152242914,0.07250856553035213,90
grouped_physical_interpolation,,mlp,ringdown_plus_photon_geometry,k,NRMSE,0.11862779979186651,0.26116423120596943,0.042473765173712125,0.017742256358742284,0.08052845195528162,90
grouped_physical_interpolation,,mlp,ringdown_plus_photon_geometry,k,joint_error_median,0.14762485701973255,0.1824789570026334,0.09589846716237704,0.06230807097343677,0.18019317362362122,90
grouped_physical_interpolation,,mlp,ringdown_plus_photon_geometry,wq,R2,-147.58507440748525,610.8252384123093,0.3366712465780836,-3.5259674478635032,0.7768868477212829,90
grouped_physical_interpolation,,mlp,ringdown_plus_photon_geometry,wq,MAE,0.05903632032601671,0.11871534415939888,0.0193595257509201,0.010987639000642715,0.05541194598405582,90
grouped_physical_interpolation,,mlp,ringdown_plus_photon_geometry,wq,RMSE,0.10638611132736821,0.2640880280132191,0.023080524739620266,0.01318473766044231,0.05960193879575469,90
grouped_physical_interpolation,,mlp,ringdown_plus_photon_geometry,wq,NMAE,0.22490026790863513,0.4522489301310434,0.07375057428921944,0.04185767238340082,0.2110931275583079,90
grouped_physical_interpolation,,mlp,ringdown_plus_photon_geometry,wq,NRMSE,0.4052804241042597,1.006049630526549,0.08792580853188672,0.05022757203978023,0.22705500493620834,90
grouped_physical_interpolation,,mlp,ringdown_plus_photon_geometry,wq,joint_error_median,0.1372858164712609,0.176766523336491,0.0895649024522912,0.06068153124774518,0.1739974976782333,90
grouped_physical_interpolation,,mlp,timing,k,R2,-9.804591466487153,43.42016886366088,0.6848327018208893,-0.28555565766276253,0.9133347601254052,90
grouped_physical_interpolation,,mlp,timing,k,MAE,0.0002504518936535687,0.0003948272764428684,0.00012215693282004237,6.558567591412379e-05,0.000263717519710587,90
grouped_physical_interpolation,,mlp,timing,k,RMSE,0.0003717069151123141,0.0007616583057073956,0.00014610322015076027,8.116946004799465e-05,0.00029544205923604693,90
grouped_physical_interpolation,,mlp,timing,k,NMAE,0.10018075746142749,0.15793091057714737,0.048862773128016956,0.026234270365649515,0.1054870078842348,90
grouped_physical_interpolation,,mlp,timing,k,NRMSE,0.14868276604492559,0.3046633222829583,0.0584412880603041,0.03246778401919786,0.11817682369441876,90
grouped_physical_interpolation,,mlp,timing,k,joint_error_median,0.18664926920410108,0.15141737003167086,0.12569387358089562,0.08479322731551506,0.26581916509731485,90
grouped_physical_interpolation,,mlp,timing,wq,R2,-145.29795046512814,629.5292331727554,-0.0574254524031933,-12.313791299531017,0.7727309925210527,90
grouped_physical_interpolation,,mlp,timing,wq,MAE,0.06071078423745706,0.0919077069480549,0.024325515877553078,0.011098733446935684,0.07670396258684041,90
grouped_physical_interpolation,,mlp,timing,wq,RMSE,0.10502592307205925,0.22989528521904945,0.027767708294443395,0.013163047917449634,0.08387388856302745,90
grouped_physical_interpolation,,mlp,timing,wq,NMAE,0.23127917804745543,0.35012459789735206,0.0926686319144879,0.04228088932165975,0.29220557175939205,90
grouped_physical_interpolation,,mlp,timing,wq,NRMSE,0.4000987545602257,0.8757915627392359,0.10578174588359389,0.050144944447427175,0.31951957547819976,90
grouped_physical_interpolation,,mlp,timing,wq,joint_error_median,0.17220168336922945,0.14260982189819107,0.12218762303867674,0.0804524865508386,0.2162804441533746,90
grouped_physical_interpolation,,random_forest,all_shooting,k,R2,-2.7326616495138776,4.686779423662752,-0.8053448753732859,-4.319290310967531,0.1030046616470714,90
grouped_physical_interpolation,,random_forest,all_shooting,k,MAE,0.00036349371610417617,0.00023189657849610696,0.00030890066494558706,0.00020709435626102324,0.0004866305493551586,90
grouped_physical_interpolation,,random_forest,all_shooting,k,RMSE,0.0004093159364252703,0.00025043513729167735,0.0003559296767113606,0.00026133029612659074,0.0005384924075239045,90
grouped_physical_interpolation,,random_forest,all_shooting,k,NMAE,0.1453974864416705,0.09275863139844277,0.12356026597823483,0.0828377425044093,0.19465221974206343,90
grouped_physical_interpolation,,random_forest,all_shooting,k,NRMSE,0.16372637457010816,0.10017405491667092,0.14237187068454427,0.1045321184506363,0.21539696300956182,90
grouped_physical_interpolation,,random_forest,all_shooting,k,joint_error_median,0.19071477767321088,0.0820761341753224,0.17575429217188965,0.12426384315779115,0.2410878523366734,90
grouped_physical_interpolation,,random_forest,all_shooting,wq,R2,-0.35334759697697243,1.5801046373646495,0.37638769108384,-1.0088510625238072,0.7237015184861653,90
grouped_physical_interpolation,,random_forest,all_shooting,wq,MAE,0.021033096343932006,0.010085866388680559,0.018194083443562478,0.013504663575236591,0.027618602797986364,90
grouped_physical_interpolation,,random_forest,all_shooting,wq,RMSE,0.024917545709874592,0.01258975419278959,0.021051993871906483,0.015487420832352319,0.03313154609959405,90
grouped_physical_interpolation,,random_forest,all_shooting,wq,NMAE,0.08012608131021716,0.03842234814735451,0.0693107940707142,0.05144633742947273,0.10521372494470994,90
grouped_physical_interpolation,,random_forest,all_shooting,wq,NRMSE,0.09492398365666514,0.04796096835348415,0.08019807189297709,0.058999698408961215,0.12621541371273923,90
grouped_physical_interpolation,,random_forest,all_shooting,wq,joint_error_median,0.17671240867152094,0.0784285388544403,0.1496764391438379,0.12135023745346278,0.22108272167564058,90
grouped_physical_interpolation,,random_forest,orbital,k,R2,-10.900491490736357,9.801531979518249,-8.622838517351822,-18.43842066473471,-2.2231506030901214,90
grouped_physical_interpolation,,random_forest,orbital,k,MAE,0.0006817176887069469,0.0003435567873352267,0.0006628450808518868,0.00041703377791272694,0.0009687472971725901,90
grouped_physical_interpolation,,random_forest,orbital,k,RMSE,0.0007617395217305045,0.00035080850022406706,0.0007935369835541518,0.0005017667868687126,0.0010266715855053658,90
grouped_physical_interpolation,,random_forest,orbital,k,NMAE,0.27268707548277876,0.13742271493409067,0.2651380323407547,0.16681351116509077,0.38749891886903604,90
grouped_physical_interpolation,,random_forest,orbital,k,NRMSE,0.3046958086922018,0.14032340008962682,0.3174147934216607,0.20070671474748503,0.41066863420214633,90
grouped_physical_interpolation,,random_forest,orbital,k,joint_error_median,0.37270522805550066,0.13840335278116955,0.3775233057705709,0.24978795536248016,0.4863637922979586,90
grouped_physical_interpolation,,random_forest,orbital,wq,R2,-6.263793701786423,8.387033530776375,-4.2482930968468064,-7.097063810959625,-0.5393982020890747,90
grouped_physical_interpolation,,random_forest,orbital,wq,MAE,0.0536542624341615,0.026254457620162857,0.05480921482308214,0.028629792906746002,0.06732408595154346,90
grouped_physical_interpolation,,random_forest,orbital,wq,RMSE,0.05961486918165187,0.02640906764580982,0.059903181536440135,0.035159014575894425,0.07822071644576976,90
grouped_physical_interpolation,,random_forest,orbital,wq,NMAE,0.20439719022537714,0.10001698141014422,0.20879700884983673,0.10906587773998477,0.25647270838683217,90
grouped_physical_interpolation,,random_forest,orbital,wq,NRMSE,0.22710426354914992,0.10060597198403741,0.22820259632929574,0.13393910314626448,0.2979836816981705,90
grouped_physical_interpolation,,random_forest,orbital,wq,joint_error_median,0.36611179301227587,0.15009010925703098,0.3897428113485141,0.22225255825053233,0.48801625395678705,90
grouped_physical_interpolation,,random_forest,photon_geometry,k,R2,-4.054894110392064,3.7997840840611232,-3.1457381892989464,-6.625004302477634,-1.0825048068233285,90
grouped_physical_interpolation,,random_forest,photon_geometry,k,MAE,0.00046516605508471114,0.0002161437229637377,0.00046390147384316736,0.0003322170312968926,0.0006663180047310902,90
grouped_physical_interpolation,,random_forest,photon_geometry,k,RMSE,0.0005164430120901691,0.0002126397437765673,0.0005512197198778187,0.0004033535265563625,0.0007004040351570679,90
grouped_physical_interpolation,,random_forest,photon_geometry,k,NMAE,0.18606642203388443,0.08645748918549508,0.18556058953726695,0.13288681251875703,0.2665272018924361,90
grouped_physical_interpolation,,random_forest,photon_geometry,k,NRMSE,0.20657720483606765,0.08505589751062692,0.22048788795112748,0.161341410622545,0.28016161406282714,90
grouped_physical_interpolation,,random_forest,photon_geometry,k,joint_error_median,0.27371926110092715,0.09310914249038195,0.27774831372242553,0.18485227502744717,0.3283841016842836,90
grouped_physical_interpolation,,random_forest,photon_geometry,wq,R2,-3.0821888736797596,5.780401790571432,-0.23391266009964684,-2.6579161609303776,0.09452798340874702,90
grouped_physical_interpolation,,random_forest,photon_geometry,wq,MAE,0.03740945509873904,0.024567089834469875,0.030027619323191965,0.0183163918972297,0.05464528184248238,90
grouped_physical_interpolation,,random_forest,photon_geometry,wq,RMSE,0.041550704151012904,0.027368421617521493,0.03113591912569383,0.02177850275490567,0.05683474189596147,90
grouped_physical_interpolation,,random_forest,photon_geometry,wq,NMAE,0.1425122098999582,0.09358891365512331,0.114390930755017,0.06977673103706553,0.20817250225707573,90
grouped_physical_interpolation,,random_forest,photon_geometry,wq,NRMSE,0.15828839676576342,0.10426065378103425,0.1186130252407384,0.08296572478059304,0.2165133024608056,90
grouped_physical_interpolation,,random_forest,photon_geometry,wq,joint_error_median,0.2595449600201185,0.0710175112996348,0.27666336837431316,0.19147126795437847,0.30350019240844517,90
grouped_physical_interpolation,,random_forest,redshift,k,R2,-4.357827410929807,5.786309453015382,-3.1612097401197183,-7.001786669500496,-0.05679975455696562,90
grouped_physical_interpolation,,random_forest,redshift,k,MAE,0.00043741555604566966,0.00026394409468816216,0.0004167628124832986,0.00022391037890061343,0.0006126939127134435,90
grouped_physical_interpolation,,random_forest,redshift,k,RMSE,0.0004974955335305277,0.00027845356457785263,0.00047242196507515087,0.0002774651391630515,0.000682891799355105,90
grouped_physical_interpolation,,random_forest,redshift,k,NMAE,0.17496622241826784,0.10557763787526486,0.16670512499331946,0.08956415156024536,0.24507756508537742,90
grouped_physical_interpolation,,random_forest,redshift,k,NRMSE,0.19899821341221105,0.11138142583114105,0.18896878603006034,0.11098605566522059,0.273156719742042,90
grouped_physical_interpolation,,random_forest,redshift,k,joint_error_median,0.2376071344559166,0.0995909965159656,0.2382706256058721,0.1454566782694221,0.32794744366634787,90
grouped_physical_interpolation,,random_forest,redshift,wq,R2,-1.2249103755506663,2.447438917617651,-0.20042477821566274,-1.89433805325304,0.3205298981378746,90
grouped_physical_interpolation,,random_forest,redshift,wq,MAE,0.02900339893415866,0.014503654362242671,0.026746780177769762,0.01795855835606838,0.03309155712632285,90
grouped_physical_interpolation,,random_forest,redshift,wq,RMSE,0.032468169360653706,0.01525589624249283,0.030708859486730085,0.021290299033431593,0.03675966994565591,90
grouped_physical_interpolation,,random_forest,redshift,wq,NMAE,0.11048913879679491,0.05525201661806731,0.10189249591531338,0.06841355564216524,0.12606307476694417,90
grouped_physical_interpolation,,random_forest,redshift,wq,NRMSE,0.12368826423106173,0.058117699971401246,0.11698613137801936,0.08110590107973939,0.14003683788821297,90
grouped_physical_interpolation,,random_forest,redshift,wq,joint_error_median,0.22546538276654735,0.09100835509049958,0.22685236949197302,0.14484300260703084,0.3104436204125565,90
grouped_physical_interpolation,,random_forest,ringdown,k,R2,0.6252098089669976,0.438597213889462,0.7268499932667726,0.513007541919112,0.9321077512136706,90
grouped_physical_interpolation,,random_forest,ringdown,k,MAE,0.00011495740017262964,8.00860022658751e-05,0.00012118492166832018,4.217443532547721e-05,0.0001617161665013225,90
grouped_physical_interpolation,,random_forest,ringdown,k,RMSE,0.00012870312178773843,8.1346819105318e-05,0.0001307009874838474,5.5071756240791467e-05,0.00018361196649523787,90
grouped_physical_interpolation,,random_forest,ringdown,k,NMAE,0.04598296006905185,0.03203440090635004,0.04847396866732807,0.016869774130190886,0.06468646660052899,90
grouped_physical_interpolation,,random_forest,ringdown,k,NRMSE,0.05148124871509537,0.032538727642127195,0.05228039499353897,0.022028702496316586,0.07344478659809514,90
grouped_physical_interpolation,,random_forest,ringdown,k,joint_error_median,0.3151539417080538,0.1394607441316167,0.3159807330250552,0.21135902108659332,0.42014613227289677,90
grouped_physical_interpolation,,random_forest,ringdown,wq,R2,-14.20850477816039,13.917318461809684,-10.85361845493697,-19.894101516525925,-2.9235258849764794,90
grouped_physical_interpolation,,random_forest,ringdown,wq,MAE,0.08054229604591337,0.03370238023230669,0.08118479499859703,0.0589608057415675,0.10551199764741434,90
grouped_physical_interpolation,,random_forest,ringdown,wq,RMSE,0.0847709404652469,0.03345628859996588,0.08412637644980032,0.06495810901226631,0.10969849465003566,90
grouped_physical_interpolation,,random_forest,ringdown,wq,NMAE,0.3068277944606224,0.1283900199325969,0.3092754095184649,0.22461259330120953,0.401950467228245,90
grouped_physical_interpolation,,random_forest,ringdown,wq,NRMSE,0.32293691605808333,0.12745252799987003,0.3204814340944774,0.24745946290387166,0.417899027238231,90
grouped_physical_interpolation,,random_forest,ringdown,wq,joint_error_median,0.30914317329667984,0.13287577390991312,0.3159807330250552,0.21135902108659332,0.3990997268007934,90
grouped_physical_interpolation,,random_forest,ringdown_plus_all_shooting,k,R2,0.5780637205280714,0.4510770548780106,0.7200445726351864,0.43058882409228233,0.9066772145061721,90
grouped_physical_interpolation,,random_forest,ringdown_plus_all_shooting,k,MAE,0.0001237280402103897,7.854681948491255e-05,0.00011144541583994741,6.365415219907432e-05,0.00015712420428240742,90
grouped_physical_interpolation,,random_forest,ringdown_plus_all_shooting,k,RMSE,0.00014010081027487835,8.072585358797475e-05,0.00013792296562261763,8.224535366597617e-05,0.0001725158523305893,90
grouped_physical_interpolation,,random_forest,ringdown_plus_all_shooting,k,NMAE,0.04949121608415588,0.03141872779396502,0.04457816633597897,0.025461660879629727,0.06284968171296297,90
grouped_physical_interpolation,,random_forest,ringdown_plus_all_shooting,k,NRMSE,0.056040324109951335,0.032290341435189905,0.05516918624904704,0.03289814146639046,0.06900634093223573,90
grouped_physical_interpolation,,random_forest,ringdown_plus_all_shooting,k,joint_error_median,0.11172809268678371,0.053322296303870725,0.09928269659024501,0.08149530103806643,0.13724564402740957,90
grouped_physical_interpolation,,random_forest,ringdown_plus_all_shooting,wq,R2,-0.34821462805143694,1.5895139692374596,0.38147225968417625,-0.7771755386168389,0.6936445225290466,90
grouped_physical_interpolation,,random_forest,ringdown_plus_all_shooting,wq,MAE,0.02102580219032015,0.010087996462531999,0.018081735697751296,0.013616336495535772,0.027455490451388846,90
grouped_physical_interpolation,,random_forest,ringdown_plus_all_shooting,wq,RMSE,0.024884143727824028,0.012605657685888146,0.02099474300585573,0.015338191662555064,0.033291845048054325,90
grouped_physical_interpolation,,random_forest,ringdown_plus_all_shooting,wq,NMAE,0.08009829405836247,0.038430462714407615,0.06888280265810018,0.05187175807823151,0.1045923445767194,90
grouped_physical_interpolation,,random_forest,ringdown_plus_all_shooting,wq,NRMSE,0.09479673801075819,0.048021553089097696,0.07997997335564086,0.0584312063335431,0.12682607637354026,90
grouped_physical_interpolation,,random_forest,ringdown_plus_all_shooting,wq,joint_error_median,0.09946823541628314,0.034108121163204524,0.09537578164263796,0.08074337368846045,0.12028333533235572,90
grouped_physical_interpolation,,random_forest,ringdown_plus_photon_geometry,k,R2,0.5942435711052815,0.41968663988363974,0.6745176273443407,0.4969770072833358,0.8764137473476084,90
grouped_physical_interpolation,,random_forest,ringdown_plus_photon_geometry,k,MAE,0.00012307190659384905,7.289706318935073e-05,0.00011431454613095229,6.863787615740719e-05,0.0001654593460648149,90
grouped_physical_interpolation,,random_forest,ringdown_plus_photon_geometry,k,RMSE,0.00013900897534550177,7.366674387114054e-05,0.0001353102360267052,9.166733730626732e-05,0.00018442901674492013,90
grouped_physical_interpolation,,random_forest,ringdown_plus_photon_geometry,k,NMAE,0.049228762637539614,0.02915882527574029,0.04572581845238091,0.027455150462962877,0.06618373842592595,90
grouped_physical_interpolation,,random_forest,ringdown_plus_photon_geometry,k,NRMSE,0.055603590138200716,0.029466697548456218,0.05412409441068208,0.03666693492250693,0.07377160669796805,90
grouped_physical_interpolation,,random_forest,ringdown_plus_photon_geometry,k,joint_error_median,0.1686091486930382,0.10716349599676456,0.13074062666080555,0.10930521353681998,0.1674467406126148,90
grouped_physical_interpolation,,random_forest,ringdown_plus_photon_geometry,wq,R2,-3.0572368368028813,5.688627683245472,-0.17240081744448643,-2.7556095908278553,0.12201920267718311,90
grouped_physical_interpolation,,random_forest,ringdown_plus_photon_geometry,wq,MAE,0.037237526914330105,0.024284070287112065,0.029220678675105548,0.01880072305082074,0.053863112289186485,90
grouped_physical_interpolation,,random_forest,ringdown_plus_photon_geometry,wq,RMSE,0.041435379090973626,0.026954214544793166,0.03155620249642699,0.02288214973331667,0.05608979658555701,90
grouped_physical_interpolation,,random_forest,ringdown_plus_photon_geometry,wq,NMAE,0.1418572453879242,0.09251074395090308,0.11131687114325922,0.07162180209836472,0.20519280872071038,90
grouped_physical_interpolation,,random_forest,ringdown_plus_photon_geometry,wq,NRMSE,0.15784906320370906,0.10268272207540252,0.12021410474829329,0.08717009422215874,0.2136754155640267,90
grouped_physical_interpolation,,random_forest,ringdown_plus_photon_geometry,wq,joint_error_median,0.15502082460984729,0.08051096809652328,0.13202911346783489,0.10930521353681998,0.18057233893928126,90
grouped_physical_interpolation,,random_forest,timing,k,R2,-3.00091844558029,6.121718351595458,-0.440903955858457,-1.8348341948310352,0.21984857551970122,90
grouped_physical_interpolation,,random_forest,timing,k,MAE,0.00035383411330146476,0.00025699252888122364,0.00027495064656360223,0.00018769577752976218,0.0003749878317212299,90
grouped_physical_interpolation,,random_forest,timing,k,RMSE,0.0004059099152359263,0.0002839304782211059,0.0003277481819086156,0.00021699242707105387,0.0004126344525473869,90
grouped_physical_interpolation,,random_forest,timing,k,NMAE,0.1415336453205859,0.10279701155248944,0.10998025862544089,0.07507831101190486,0.14999513268849196,90
grouped_physical_interpolation,,random_forest,timing,k,NRMSE,0.1623639660943705,0.11357219128844237,0.13109927276344624,0.08679697082842153,0.16505378101895474,90
grouped_physical_interpolation,,random_forest,timing,k,joint_error_median,0.2277071443548261,0.10080363482727624,0.2058017888513646,0.14644131722021805,0.2980510938082216,90
grouped_physical_interpolation,,random_forest,timing,wq,R2,-2.683439403963415,3.66184274017242,-1.8221757741976414,-4.040732718532524,0.2692227138759442,90
grouped_physical_interpolation,,random_forest,timing,wq,MAE,0.03582534285933136,0.019922320656432967,0.03407441203745445,0.017638239397321474,0.052095344159602305,90
grouped_physical_interpolation,,random_forest,timing,wq,RMSE,0.042087060528340645,0.021754346237380116,0.039315187789229364,0.020867809812170547,0.05977324030276337,90
grouped_physical_interpolation,,random_forest,timing,wq,NMAE,0.13647749660697656,0.07589455488164941,0.12980728395220742,0.06719329294217705,0.1984584539413421,90
grouped_physical_interpolation,,random_forest,timing,wq,NRMSE,0.1603316591555834,0.08287369995192424,0.14977214395896898,0.07949641833207827,0.2277075821057652,90
grouped_physical_interpolation,,random_forest,timing,wq,joint_error_median,0.21329756260005645,0.0876789475645144,0.20849683230330024,0.14644131722021805,0.264667959356707,90
grouped_physical_interpolation,,hgb,all_shooting,k,R2,-2.4311165666525394,3.823632609501785,-1.0154676704565238,-4.760190315760133,0.3781521686880932,90
grouped_physical_interpolation,,hgb,all_shooting,k,MAE,0.00035153528063267523,0.00022206637654117724,0.000344483893676276,0.0001572120511044077,0.0005536452255988593,90
grouped_physical_interpolation,,hgb,all_shooting,k,RMSE,0.0003938679373450076,0.00023843153047597006,0.0003961633871003992,0.00020679554169992343,0.0005950894033270921,90
grouped_physical_interpolation,,hgb,all_shooting,k,NMAE,0.14061411225307008,0.08882655061647089,0.13779355747051042,0.06288482044176308,0.22145809023954371,90
grouped_physical_interpolation,,hgb,all_shooting,k,NRMSE,0.15754717493800302,0.09537261219038802,0.15846535484015967,0.08271821667996937,0.23803576133083687,90
grouped_physical_interpolation,,hgb,all_shooting,k,joint_error_median,0.19155324807103963,0.07525288476698094,0.19288857785585478,0.14029952404792634,0.2497013660427745,90
grouped_physical_interpolation,,hgb,all_shooting,wq,R2,-0.32940250067850774,1.7090144872787874,0.27480495703492247,-0.2949473318024791,0.6584556426706326,90
grouped_physical_interpolation,,hgb,all_shooting,wq,MAE,0.02120747934876989,0.010484583480494148,0.018803737666724815,0.01344464964087177,0.023754454303759588,90
grouped_physical_interpolation,,hgb,all_shooting,wq,RMSE,0.02494930091699818,0.012122283707273035,0.021764179054326198,0.015965360634605897,0.027617745500874424,90
grouped_physical_interpolation,,hgb,all_shooting,wq,NMAE,0.0807903975191234,0.03994127040188247,0.07163328634942787,0.05121771291760674,0.09049315925241747,90
grouped_physical_interpolation,,hgb,all_shooting,wq,NRMSE,0.09504495587427877,0.04618012840865919,0.08291115830219503,0.060820421465165315,0.10521045905095018,90
grouped_physical_interpolation,,hgb,all_shooting,wq,joint_error_median,0.17655439835950215,0.0755626807718128,0.16588586106963127,0.1303566650336253,0.23869209115385587,90
grouped_physical_interpolation,,hgb,photon_geometry,k,R2,-3.7567262683361484,4.100272565522424,-2.746502335059348,-5.891172575961971,-0.2675963810479147,90
grouped_physical_interpolation,,hgb,photon_geometry,k,MAE,0.0004490347132359636,0.00022099570057513326,0.00045360481940644843,0.0002451203998840792,0.0006503391723573291,90
grouped_physical_interpolation,,hgb,photon_geometry,k,RMSE,0.0004944646663070786,0.0002281861532353497,0.000508907946006744,0.000280630753438083,0.0006950151514131901,90
grouped_physical_interpolation,,hgb,photon_geometry,k,NMAE,0.17961388529438546,0.08839828023005329,0.1814419277625794,0.09804815995363167,0.26013566894293166,90
grouped_physical_interpolation,,hgb,photon_geometry,k,NRMSE,0.1977858665228315,0.09127446129413987,0.2035631784026976,0.11225230137523319,0.27800606056527605,90
grouped_physical_interpolation,,hgb,photon_geometry,k,joint_error_median,0.26356352150176215,0.0956693197980276,0.2531650551475191,0.1867505663729372,0.3370037239544117,90
grouped_physical_interpolation,,hgb,photon_geometry,wq,R2,-2.6726591129625166,5.329127652371178,-0.3524088888988727,-2.345077487867567,0.2505932939337828,90
grouped_physical_interpolation,,hgb,photon_geometry,wq,MAE,0.03510519361234561,0.02268488888252881,0.029199564260718944,0.019380501169798014,0.03969823798186741,90
grouped_physical_interpolation,,hgb,photon_geometry,wq,RMSE,0.03983302540135577,0.024658850576336912,0.03328558001683836,0.02358004583565039,0.04423267208866239,90
grouped_physical_interpolation,,hgb,photon_geometry,wq,NMAE,0.13373407090417377,0.08641862431439548,0.1112364352789293,0.07383048064684958,0.1512313827880663,90
grouped_physical_interpolation,,hgb,photon_geometry,wq,NRMSE,0.15174485867183146,0.09393847838604537,0.12680220958795566,0.0898287460405729,0.16850541748061865,90
grouped_physical_interpolation,,hgb,photon_geometry,wq,joint_error_median,0.25239392701150193,0.0819805343419197,0.2502227762865728,0.1872209145648847,0.3266247779527608,90
grouped_physical_interpolation,,hgb,ringdown,k,R2,0.2306385149156366,0.4854403189877101,0.21124927482449601,-0.11966854995586806,0.6386049699668541,90
grouped_physical_interpolation,,hgb,ringdown,k,MAE,0.0001731457872908759,6.072100997461288e-05,0.00018484937395241667,0.00012789714901113904,0.0002247370507876353,90
grouped_physical_interpolation,,hgb,ringdown,k,RMSE,0.00020318774652003016,6.548479178835221e-05,0.00020942813855231844,0.00016023141792332303,0.0002592167926221484,90
grouped_physical_interpolation,,hgb,ringdown,k,NMAE,0.06925831491635036,0.02428840398984515,0.07393974958096666,0.05115885960445562,0.08989482031505414,90
grouped_physical_interpolation,,hgb,ringdown,k,NRMSE,0.08127509860801208,0.026193916715340885,0.08377125542092738,0.0640925671693292,0.10368671704885937,90
grouped_physical_interpolation,,hgb,ringdown,k,joint_error_median,0.32945395629845575,0.1456866588925687,0.33498448540797887,0.19504870473811445,0.4314947902557593,90
grouped_physical_interpolation,,hgb,ringdown,wq,R2,-15.859519020316972,16.50063143481785,-12.574591437566845,-20.690714651764235,-1.891840303491805,90
grouped_physical_interpolation,,hgb,ringdown,wq,MAE,0.08113098249966909,0.03762346305765549,0.08256711011991734,0.046296608528342664,0.11000998880078591,90
grouped_physical_interpolation,,hgb,ringdown,wq,RMSE,0.08631368895244709,0.03668814558442611,0.08685815978535372,0.05677560111463164,0.11260302925050517,90
grouped_physical_interpolation,,hgb,ringdown,wq,NMAE,0.3090704095225489,0.14332747831487805,0.3145413718853994,0.17636803248892444,0.4190856716220415,90
grouped_physical_interpolation,,hgb,ringdown,wq,NRMSE,0.3288140531521794,0.13976436413114707,0.33088822775372845,0.21628800424621575,0.42896392095430536,90
grouped_physical_interpolation,,hgb,ringdown,wq,joint_error_median,0.32249847639917334,0.1403849327681914,0.33498448540797887,0.18471943906906196,0.4306719408999558,90
grouped_physical_interpolation,,hgb,ringdown_plus_all_shooting,k,R2,0.27407409776798897,0.9670603158950214,0.689892240544264,0.009041981837473734,0.8595194896352092,90
grouped_physical_interpolation,,hgb,ringdown_plus_all_shooting,k,MAE,0.00015052435277681806,8.554390964556898e-05,0.00012601080659158418,7.761617328901432e-05,0.00022219082489011662,90
grouped_physical_interpolation,,hgb,ringdown_plus_all_shooting,k,RMSE,0.00017642746700567228,9.97705792898603e-05,0.0001432712985784578,9.276129809772744e-05,0.00025749985214843017,90
grouped_physical_interpolation,,hgb,ringdown_plus_all_shooting,k,NMAE,0.06020974111072723,0.03421756385822759,0.05040432263663367,0.03104646931560573,0.08887632995604663,90
grouped_physical_interpolation,,hgb,ringdown_plus_all_shooting,k,NRMSE,0.0705709868022689,0.03990823171594412,0.05730851943138311,0.03710451923909097,0.10299994085937207,90
grouped_physical_interpolation,,hgb,ringdown_plus_all_shooting,k,joint_error_median,0.12119845886834002,0.06273466192393155,0.11176246878946759,0.07112771001987335,0.14429401925418506,90
grouped_physical_interpolation,,hgb,ringdown_plus_all_shooting,wq,R2,-0.34688636577288595,1.7306757878274242,0.24047597779447555,-0.31096975365038765,0.6620589160086368,90
grouped_physical_interpolation,,hgb,ringdown_plus_all_shooting,wq,MAE,0.021267362936801856,0.010662981493975073,0.019268847038727832,0.013543835960635282,0.023841773880887422,90
grouped_physical_interpolation,,hgb,ringdown_plus_all_shooting,wq,RMSE,0.024992130297587043,0.012346992325789318,0.02157283703196828,0.016059409284888658,0.027501398036507186,90
grouped_physical_interpolation,,hgb,ringdown_plus_all_shooting,wq,NMAE,0.08101852547353088,0.0406208818818098,0.07340513157610604,0.05159556556432488,0.09082580526052351,90
grouped_physical_interpolation,,hgb,ringdown_plus_all_shooting,wq,NRMSE,0.0952081154193792,0.047036161241102166,0.0821822363122601,0.061178702037671076,0.10476723061526547,90
grouped_physical_interpolation,,hgb,ringdown_plus_all_shooting,wq,joint_error_median,0.10693595467570347,0.04578793398096466,0.10386754577590182,0.06748992953739197,0.13265540432601822,90
grouped_physical_interpolation,,hgb,ringdown_plus_photon_geometry,k,R2,0.22359062144290287,0.9674598566224876,0.6250628928933337,-0.025155920940474752,0.8347859154258817,90
grouped_physical_interpolation,,hgb,ringdown_plus_photon_geometry,k,MAE,0.000160646587237215,8.292896527431523e-05,0.00013244433044081252,0.00010243850031197446,0.0002261344046684854,90
grouped_physical_interpolation,,hgb,ringdown_plus_photon_geometry,k,RMSE,0.0001850769312822081,9.703284051317236e-05,0.00014532778311401442,0.00011204439981979519,0.0002670261199121894,90
grouped_physical_interpolation,,hgb,ringdown_plus_photon_geometry,k,NMAE,0.06425863489488601,0.0331715861097261,0.05297773217632501,0.040975400124789785,0.09045376186739415,90
grouped_physical_interpolation,,hgb,ringdown_plus_photon_geometry,k,NRMSE,0.07403077251288326,0.03881313620526894,0.05813111324560577,0.044817759927918074,0.10681044796487575,90
grouped_physical_interpolation,,hgb,ringdown_plus_photon_geometry,k,joint_error_median,0.1646759708513704,0.1129548856217025,0.12248156156389335,0.08639530851262664,0.17471012945253056,90
grouped_physical_interpolation,,hgb,ringdown_plus_photon_geometry,wq,R2,-2.6481783990402175,5.864721794209694,0.03142308518906123,-2.3247280656607723,0.4708782062085269,90
grouped_physical_interpolation,,hgb,ringdown_plus_photon_geometry,wq,MAE,0.03249913226973671,0.024072633016040144,0.02271193663220966,0.016588952666938953,0.036301355830205495,90
grouped_physical_interpolation,,hgb,ringdown_plus_photon_geometry,wq,RMSE,0.03715377753340339,0.026550823596770353,0.028068922193651938,0.019643915542135015,0.04247402233047487,90
grouped_physical_interpolation,,hgb,ringdown_plus_photon_geometry,wq,NMAE,0.12380621817042556,0.09170526863253389,0.08652166336079871,0.06319601015976742,0.13829087935316378,90
grouped_physical_interpolation,,hgb,ringdown_plus_photon_geometry,wq,NRMSE,0.141538200127251,0.10114599465436325,0.10692922740438833,0.07483396397003815,0.16180579935418998,90
grouped_physical_interpolation,,hgb,ringdown_plus_photon_geometry,wq,joint_error_median,0.14968453821519168,0.08924402852480023,0.11951079390129188,0.08639530851262664,0.17471012945253056,90
random_interpolation,,hgb,orbital,k,R2,0.19497448560449163,0.203474687069139,0.26054157566613956,0.022459814425932034,0.3389827570519114,5
random_interpolation,,hgb,orbital,k,MAE,0.0005910044365859291,9.226897755860713e-05,0.0005773342025992919,0.0005348696789084156,0.0006042009716109915,5
random_interpolation,,hgb,orbital,k,RMSE,0.0006945172302675216,8.187109183350379e-05,0.0007048002500532647,0.0006426906190715271,0.0007235172276504112,5
random_interpolation,,hgb,orbital,k,NMAE,0.23640177463437168,0.03690759102344285,0.23093368103971676,0.21394787156336623,0.2416803886443966,5
random_interpolation,,hgb,orbital,k,NRMSE,0.2778068921070086,0.03274843673340151,0.28192010002130585,0.25707624762861087,0.2894068910601645,5
random_interpolation,,hgb,orbital,k,joint_error_median,0.28009062741291046,0.06827433864412435,0.24876199324510545,0.23329047604792355,0.34076773248395675,5
random_interpolation,,hgb,orbital,wq,R2,0.5603272491667083,0.10283980728808749,0.6019288290465722,0.4981459535802252,0.6046316894908166,5
random_interpolation,,hgb,orbital,wq,MAE,0.04432802001415594,0.005397241454844933,0.04392371147018363,0.039988007351876846,0.046915110215035076,5
random_interpolation,,hgb,orbital,wq,RMSE,0.05307207784014535,0.00480801982996445,0.0549033523443812,0.05005459352436682,0.056562795644505615,5
random_interpolation,,hgb,orbital,wq,NMAE,0.16886864767297505,0.020560919827980695,0.1673284246483186,0.15233526610238798,0.1787242293906098,5
random_interpolation,,hgb,orbital,wq,NRMSE,0.20217934415293465,0.018316266018912182,0.20915562797859505,0.1906841658071117,0.21547731674097376,5
random_interpolation,,hgb,orbital,wq,joint_error_median,0.28241395647952483,0.07606193514155117,0.23822360591364378,0.23774046567767604,0.34401184933882784,5
random_interpolation,,hgb,redshift,k,R2,0.6977136511137638,0.09060828341875017,0.7252452892054173,0.7146423004092474,0.7526926517129352,5
random_interpolation,,hgb,redshift,k,MAE,0.0003365710810600896,4.167528881287674e-05,0.0003272295246383341,0.0003219919197769737,0.0003727713579764175,5
random_interpolation,,hgb,redshift,k,RMSE,0.0004234304593210703,3.589017945163719e-05,0.00041271715140026505,0.0004075939033715671,0.00043669544968396386,5
random_interpolation,,hgb,redshift,k,NMAE,0.13462843242403583,0.016670115525150696,0.13089180985533364,0.12879676791078948,0.149108543190567,5
random_interpolation,,hgb,redshift,k,NRMSE,0.1693721837284281,0.014356071780654869,0.16508686056010602,0.16303756134862685,0.17467817987358553,5
random_interpolation,,hgb,redshift,k,joint_error_median,0.16496801792904922,0.02777214797493235,0.16558079527871494,0.14330130109942468,0.19122238822638002,5
random_interpolation,,hgb,redshift,wq,R2,0.9001679095367969,0.01102334784019392,0.9028301178337306,0.9025566097527604,0.9070908665953432,5
random_interpolation,,hgb,redshift,wq,MAE,0.02123133350919099,0.0007890194405744181,0.021427233434859128,0.021337558925589205,0.0217404346747337,5
random_interpolation,,hgb,redshift,wq,RMSE,0.025449844204472476,0.0013904494303865421,0.024837940460225055,0.02482127090015337,0.024889031048967638,5
random_interpolation,,hgb,redshift,wq,NMAE,0.08088127051120376,0.003005788345045402,0.08162755594232049,0.08128593876414936,0.08282070352279504,5
random_interpolation,,hgb,redshift,wq,NRMSE,0.09695178744560942,0.00529695021099635,0.09462072556276212,0.09455722247677474,0.09481535637701957,5
random_interpolation,,hgb,redshift,wq,joint_error_median,0.1584095596064869,0.026635403194039543,0.16128680849929458,0.13357867995415398,0.17605486156825292,5
random_interpolation,,hgb,timing,k,R2,0.8455006151710958,0.042158595066768625,0.8517134893844853,0.8271799181259739,0.8683909740087369,5
random_interpolation,,hgb,timing,k,MAE,0.00023449272476704688,4.51677590776908e-05,0.0002533695648780251,0.00021394819092056727,0.0002638789127597701,5
random_interpolation,,hgb,timing,k,RMSE,0.0003043002464873572,4.052576158158742e-05,0.00031561671249100495,0.0003038241407586976,0.000326394703063454,5
random_interpolation,,hgb,timing,k,NMAE,0.09379708990681876,0.018067103631076317,0.10134782595121003,0.0855792763682269,0.10555156510390803,5
random_interpolation,,hgb,timing,k,NRMSE,0.12172009859494289,0.016210304632634974,0.126246684996402,0.12152965630347905,0.1305578812253816,5
random_interpolation,,hgb,timing,k,joint_error_median,0.13912709537181284,0.015624493543516792,0.13506173545574693,0.13472706509304927,0.150786643524776,5
random_interpolation,,hgb,timing,wq,R2,0.8924195561455809,0.013739529763834961,0.897641338263035,0.8921871323072293,0.899207788984737,5
random_interpolation,,hgb,timing,wq,MAE,0.019789839022667465,0.0009405146255006343,0.019931956207205507,0.018939455222608557,0.02026305194666774,5
random_interpolation,,hgb,timing,wq,RMSE,0.026438244145338706,0.002135653847852978,0.026125018296958482,0.02534869684438382,0.02839256008979315,5
random_interpolation,,hgb,timing,wq,NMAE,0.07538986294349509,0.0035829128590500327,0.07593126174173526,0.07215030560993736,0.07719257884444854,5
random_interpolation,,hgb,timing,wq,NRMSE,0.10071712055367125,0.008135824182297057,0.0995238792265085,0.09656646416908121,0.10816213367540246,5
random_interpolation,,hgb,timing,wq,joint_error_median,0.13313667359424555,0.02121319126848455,0.13079189102747624,0.12113383836910942,0.15283276255109746,5
random_interpolation,,mlp,all_shooting,k,R2,0.97375488060263,0.03130522024063912,0.9901683088204649,0.9702398961981781,0.9934325839470771,5
random_interpolation,,mlp,all_shooting,k,MAE,8.651264885352515e-05,5.132411737288632e-05,5.959507787011678e-05,4.827446047031474e-05,0.00011859895290935902,5
random_interpolation,,mlp,all_shooting,k,RMSE,0.00010821542059934248,5.970666208709859e-05,7.235943352702113e-05,6.786982133636903e-05,0.00014102661759456223,5
random_interpolation,,mlp,all_shooting,k,NMAE,0.03460505954141006,0.02052964694915453,0.023838031148046713,0.019309784188125897,0.04743958116374361,5
random_interpolation,,mlp,all_shooting,k,NRMSE,0.04328616823973699,0.02388266483483944,0.028943773410808452,0.027147928534547613,0.05641064703782489,5
random_interpolation,,mlp,all_shooting,k,joint_error_median,0.09216276419722111,0.09532542481813647,0.0614517929973655,0.04913276654405678,0.06244170895678839,5
random_interpolation,,mlp,all_shooting,wq,R2,0.7730573216220971,0.3601608295071919,0.9039547634415515,0.9025489519729317,0.9594528761746729,5
random_interpolation,,mlp,all_shooting,wq,MAE,0.022964334639763603,0.02333477330401146,0.017140829436708138,0.008030723228044557,0.018128194346257318,5
random_interpolation,,mlp,all_shooting,wq,RMSE,0.031641760086852704,0.025659440100635467,0.02458677070781876,0.01607763548797757,0.028610580440826015,5
random_interpolation,,mlp,all_shooting,wq,NMAE,0.08748317958005182,0.08889437449147224,0.06529839785412624,0.030593231344931644,0.06905978798574217,5
random_interpolation,,mlp,all_shooting,wq,NRMSE,0.12054003842610553,0.09775024800242083,0.09366388841073812,0.06124813519229551,0.1089926873936229,5
random_interpolation,,mlp,all_shooting,wq,joint_error_median,0.0915296688539102,0.09698284125110523,0.05997180315250854,0.04746371566930095,0.060758546577019124,5
random_interpolation,,mlp,orbital,k,R2,0.2547328225975526,0.29981528376939837,0.20357759894845107,0.18471542359193605,0.263347721130162,5
random_interpolation,,mlp,orbital,k,MAE,0.0005620543393901953,0.0001327515810187285,0.0006119881431130425,0.0005249572518298051,0.0006595560462021498,5
random_interpolation,,mlp,orbital,k,RMSE,0.0006545945749498446,0.00013023580008064567,0.0007314436980009359,0.0006263431214632917,0.0007381395609993344,5
random_interpolation,,mlp,orbital,k,NMAE,0.22482173575607814,0.053100632407491404,0.244795257245217,0.20998290073192205,0.2638224184808599,5
random_interpolation,,mlp,orbital,k,NRMSE,0.2618378299799378,0.052094320032258265,0.29257747920037436,0.2505372485853167,0.29525582439973375,5
random_interpolation,,mlp,orbital,k,joint_error_median,0.2932538065874398,0.04937391579762191,0.26833556480106313,0.25835880189711624,0.33347082504133563,5
random_interpolation,,mlp,orbital,wq,R2,0.5485334508145951,0.046918293322195194,0.5550868908984363,0.5126098261312015,0.5912427677562819,5
random_interpolation,,mlp,orbital,wq,MAE,0.04445590285623019,0.004514309783566307,0.04526090558137348,0.04266780230154294,0.046046980896084715,5
random_interpolation,,mlp,orbital,wq,RMSE,0.0541513078968352,0.0034290392214608974,0.05291772644394531,0.05220679453341769,0.05706784242817588,5
random_interpolation,,mlp,orbital,wq,NMAE,0.16935582040468644,0.01719737060406211,0.17242249745285135,0.16254400876778263,0.1754170700803227,5
random_interpolation,,mlp,orbital,wq,NRMSE,0.2062906967498484,0.013063006557946273,0.20159133883407737,0.19888302679397216,0.21740130448828904,5
random_interpolation,,mlp,orbital,wq,joint_error_median,0.28460375346257405,0.05062899203871107,0.27773800900289314,0.2440112283205302,0.3063733750961184,5
random_interpolation,,mlp,photon_geometry,k,R2,0.5453445735388935,0.6216968340276161,0.987645150581656,0.06371173966861043,0.9892738828171824,5
random_interpolation,,mlp,photon_geometry,k,MAE,0.00030991391177543937,0.0003464010196096177,6.351484166774605e-05,5.477375469742916e-05,0.0006828827965245681,5
random_interpolation,,mlp,photon_geometry,k,RMSE,0.0003684071548587364,0.00039240885008733187,8.466523880297006e-05,8.111473846970552e-05,0.000793074448669168,5
random_interpolation,,mlp,photon_geometry,k,NMAE,0.12396556471017575,0.13856040784384704,0.025405936667098422,0.021909501878971664,0.2731531186098272,5
random_interpolation,,mlp,photon_geometry,k,NRMSE,0.14736286194349454,0.15696354003493276,0.03386609552118802,0.03244589538788221,0.3172297794676672,5
random_interpolation,,mlp,photon_geometry,k,joint_error_median,0.18595364933894457,0.16468184656960275,0.14862235866087725,0.03990495270361045,0.292274159378157,5
random_interpolation,,mlp,photon_geometry,wq,R2,0.750582128392755,0.2888087959162926,0.9354571289537033,0.5263346227674217,0.954768839053852,5
random_interpolation,,mlp,photon_geometry,wq,MAE,0.024180418869990644,0.018226188847616752,0.01261444384985816,0.011405711103934535,0.042507216923425926,5
random_interpolation,,mlp,photon_geometry,wq,RMSE,0.03289290376723526,0.021793855894592488,0.023283997915613676,0.016872616802233068,0.05495130010144804,5
random_interpolation,,mlp,photon_geometry,wq,NMAE,0.09211588140948816,0.06943310037187332,0.04805502418993585,0.0434503280149887,0.16193225494638447,5
random_interpolation,,mlp,photon_geometry,wq,NRMSE,0.1253063000656581,0.08302421293178089,0.08870094444043304,0.06427663543707836,0.20933828610075442,5
random_interpolation,,mlp,photon_geometry,wq,joint_error_median,0.1757897666429726,0.15920488545674666,0.1367586206137901,0.03878591358180993,0.285350426891198,5
random_interpolation,,mlp,redshift,k,R2,0.6001843003577123,0.438482919648787,0.7358707584353927,0.3764812239190285,0.965092670262683,5
random_interpolation,,mlp,redshift,k,MAE,0.0003366566875395345,0.00029700218755358224,0.00017033199533128033,0.00010423056459401866,0.0005770378070058028,5
random_interpolation,,mlp,redshift,k,RMSE,0.00042491465654224595,0.0003175430428053164,0.0003614696222260095,0.00013634504455685876,0.0006613086583107713,5
random_interpolation,,mlp,redshift,k,NMAE,0.1346626750158138,0.11880087502143291,0.06813279813251213,0.04169222583760746,0.2308151228023211,5
random_interpolation,,mlp,redshift,k,NRMSE,0.16996586261689833,0.12701721712212657,0.1445878488904038,0.0545380178227435,0.26452346332430854,5
random_interpolation,,mlp,redshift,k,joint_error_median,0.19132708991397177,0.1192385963177844,0.14407771130697541,0.14136049496131803,0.2554072255931162,5
random_interpolation,,mlp,redshift,wq,R2,0.670722987863804,0.25507217202541255,0.6123442802841313,0.5524049794030852,0.9076748867111307,5
random_interpolation,,mlp,redshift,wq,MAE,0.0328580898416839,0.020639833230560935,0.036487554316843744,0.015536839803005272,0.039261453199067355,5
random_interpolation,,mlp,redshift,wq,RMSE,0.043196026531416354,0.022490179470017326,0.04477762175219121,0.0242606300908394,0.053076979369612386,5
random_interpolation,,mlp,redshift,wq,NMAE,0.12517367558736722,0.0786279361164226,0.1390002069213095,0.059187961154305795,0.14956744075835182,5
random_interpolation,,mlp,redshift,wq,NRMSE,0.16455629154825274,0.0856768741714946,0.17058141619882364,0.09242144796510247,0.20219801664614243,5
random_interpolation,,mlp,redshift,wq,joint_error_median,0.18039893595123951,0.10849353913677164,0.14136049496131803,0.13213110734922495,0.24845040243796937,5
random_interpolation,,mlp,ringdown,k,R2,0.9600471021230936,0.056025929499075616,0.9869294965498143,0.9599875175806685,0.9917951374027087,5
random_interpolation,,mlp,ringdown,k,MAE,9.363949001468593e-05,6.375017773010332e-05,6.42283642407968e-05,6.155237116091607e-05,0.00012875178580229552,5
random_interpolation,,mlp,ringdown,k,RMSE,0.00012478182987933997,9.367175332044299e-05,8.040993686042841e-05,7.586039454550766e-05,0.00016352404337790423,5
random_interpolation,,mlp,ringdown,k,NMAE,0.03745579600587437,0.025500071092041325,0.02569134569631872,0.024620948464366427,0.051500714320918205,5
random_interpolation,,mlp,ringdown,k,NRMSE,0.049912731951736,0.0374687013281772,0.03216397474417136,0.03034415781820306,0.06540961735116169,5
random_interpolation,,mlp,ringdown,k,joint_error_median,0.09169748349609541,0.09774644247003836,0.05240401408509353,0.03175044782667896,0.0891655769148127,5
random_interpolation,,mlp,ringdown,wq,R2,0.7416147344407575,0.4352984797411378,0.9021936885177336,0.8892286157649743,0.9525981162580165,5
random_interpolation,,mlp,ringdown,wq,MAE,0.022676331892710445,0.0265838597034253,0.015256019643035235,0.008698107110700699,0.017488367195757557,5
random_interpolation,,mlp,ringdown,wq,RMSE,0.031198831826804975,0.029383514583717647,0.02497040532065264,0.015657979701407518,0.030503326482253953,5
random_interpolation,,mlp,ringdown,wq,NMAE,0.08638602625794456,0.10127184648923923,0.058118170068705656,0.03313564613600266,0.06662235122193355,5
random_interpolation,,mlp,ringdown,wq,NRMSE,0.11885269267354279,0.11193719841416246,0.09512535360248625,0.059649446481552446,0.11620314850382457,5
random_interpolation,,mlp,ringdown,wq,joint_error_median,0.08501629096793775,0.09056132252341485,0.04254334550074886,0.031044498847618188,0.08762462360634592,5
random_interpolation,,mlp,ringdown_plus_all_shooting,k,R2,0.9205761192528872,0.07763224327818491,0.9149568616241315,0.8711941391658746,0.9969628232591069,5
random_interpolation,,mlp,ringdown_plus_all_shooting,k,MAE,0.00011565393426021301,9.648419760662539e-05,0.00010450371109102946,3.574956195471255e-05,0.00015723898217377815,5
random_interpolation,,mlp,ringdown_plus_all_shooting,k,RMSE,0.00018288800003424762,0.00013777856505442441,0.00023901700948927368,4.615454495122019e-05,0.00025242442478525315,5
random_interpolation,,mlp,ringdown_plus_all_shooting,k,NMAE,0.0462615737040852,0.03859367904265016,0.04180148443641178,0.014299824781885018,0.06289559286951125,5
random_interpolation,,mlp,ringdown_plus_all_shooting,k,NRMSE,0.07315520001369905,0.055111426021769765,0.09560680379570947,0.018461817980488075,0.10096976991410125,5
random_interpolation,,mlp,ringdown_plus_all_shooting,k,joint_error_median,0.07348054485531183,0.03901651433107694,0.05821776991778617,0.04642472619035425,0.08953090976235481,5
random_interpolation,,mlp,ringdown_plus_all_shooting,wq,R2,0.8033599149683521,0.14997422048117162,0.8706089172551396,0.6735626241912744,0.9272898044578101,5
random_interpolation,,mlp,ringdown_plus_all_shooting,wq,MAE,0.020056955767051726,0.008098198007995277,0.015837693717078032,0.01578131939849964,0.023465203820084515,5
random_interpolation,,mlp,ringdown_plus_all_shooting,wq,RMSE,0.033394407970439716,0.012936462360353332,0.03296746738447235,0.02152979069321743,0.04109016302251367,5
random_interpolation,,mlp,ringdown_plus_all_shooting,wq,NMAE,0.07640745054114942,0.0308502781256963,0.06033407130315441,0.060119311994284344,0.08939125264794101,5
random_interpolation,,mlp,ringdown_plus_all_shooting,wq,NRMSE,0.12721679226834176,0.0492817613727746,0.12559035194084706,0.08201825025987593,0.15653395437148065,5
random_interpolation,,mlp,ringdown_plus_all_shooting,wq,joint_error_median,0.06956387250907012,0.03944900306319911,0.049786507975083064,0.04469283339246684,0.0801220113424447,5
random_interpolation,,mlp,ringdown_plus_photon_geometry,k,R2,0.992212809710481,0.004251402330663024,0.9935412097523285,0.9922619426256,0.9935664757353683,5
random_interpolation,,mlp,ringdown_plus_photon_geometry,k,MAE,4.816429818393309e-05,6.501684629675423e-06,5.1395152383986667e-05,4.2875724984660195e-05,5.327736364945388e-05,5
random_interpolation,,mlp,ringdown_plus_photon_geometry,k,RMSE,6.731653071785775e-05,2.0674511268264174e-05,6.419438118472352e-05,5.641414814900265e-05,6.58695595405016e-05,5
random_interpolation,,mlp,ringdown_plus_photon_geometry,k,NMAE,0.019265719273573234,0.0026006738518701694,0.020558060953594665,0.017150289993864077,0.02131094545978155,5
random_interpolation,,mlp,ringdown_plus_photon_geometry,k,NRMSE,0.026926612287143097,0.008269804507305668,0.025677752473889405,0.022565659259601058,0.026347823816200638,5
random_interpolation,,mlp,ringdown_plus_photon_geometry,k,joint_error_median,0.038790394987048504,0.0073030686649490925,0.040106281731937796,0.03735424021369314,0.04376050314068339,5
random_interpolation,,mlp,ringdown_plus_photon_geometry,wq,R2,0.9540561761902095,0.04007015237192971,0.9705324550284234,0.9417208243279167,0.9724423829959141,5
random_interpolation,,mlp,ringdown_plus_photon_geometry,wq,MAE,0.010449697497777561,0.004843820690444805,0.010055257339315657,0.008433686857061118,0.011014992829798162,5
random_interpolation,,mlp,ringdown_plus_photon_geometry,wq,RMSE,0.016194485003227857,0.009193975675941544,0.01316995848085321,0.012345534652461135,0.019275198161975513,5
random_interpolation,,mlp,ringdown_plus_photon_geometry,wq,NMAE,0.039808371420104995,0.01845265024931354,0.03830574224501202,0.03212833088404235,0.04196187744685014,5
random_interpolation,,mlp,ringdown_plus_photon_geometry,wq,NRMSE,0.0616932762027728,0.03502466924168207,0.050171270403250326,0.04703060819985194,0.07342932633133528,5
random_interpolation,,mlp,ringdown_plus_photon_geometry,wq,joint_error_median,0.03556625643314665,0.005947811316203547,0.03669263818448705,0.036245386897078964,0.038331830405770664,5
random_interpolation,,mlp,timing,k,R2,0.9812701926388451,0.013720388383807972,0.9836798286276522,0.9702569226862373,0.993929378421533,5
random_interpolation,,mlp,timing,k,MAE,7.645594508497381e-05,2.7084904290561567e-05,8.129094197112525e-05,4.967104293440803e-05,8.925370965602774e-05,5
random_interpolation,,mlp,timing,k,RMSE,9.813815009027727e-05,3.392242297717794e-05,0.00010443503735412847,6.3859534671294e-05,0.00012129880240725573,5
random_interpolation,,mlp,timing,k,NMAE,0.03058237803398951,0.010833961716224624,0.032516376788450096,0.01986841717376321,0.03570148386241109,5
random_interpolation,,mlp,timing,k,NRMSE,0.039255260036110906,0.013568969190871177,0.04177401494165139,0.0255438138685176,0.04851952096290229,5
random_interpolation,,mlp,timing,k,joint_error_median,0.09248434532181889,0.0941783712400379,0.039262686806499844,0.03591902090273805,0.10222034071209112,5
random_interpolation,,mlp,timing,wq,R2,0.7521522637626852,0.3820149609897036,0.9141969770777041,0.8161045734416702,0.9689895762459833,5
random_interpolation,,mlp,timing,wq,MAE,0.02326899980209335,0.02394678873126144,0.01391217935329045,0.008237526859219997,0.024172452814576414,5
random_interpolation,,mlp,timing,wq,RMSE,0.03218799719087927,0.02667632886316265,0.026846316507119525,0.012664608696239305,0.03402115394253128,5
random_interpolation,,mlp,timing,wq,NMAE,0.08864380876987941,0.09122586183337693,0.05299877848872552,0.031381054701790465,0.09208553453171966,5
random_interpolation,,mlp,timing,wq,NRMSE,0.12262094167954005,0.10162410995490535,0.1022716819318839,0.04824612836662592,0.12960439597154774,5
random_interpolation,,mlp,timing,wq,joint_error_median,0.09176474593299425,0.09722416642753698,0.0362793004413024,0.034295717248400345,0.10114000811392272,5
random_interpolation,,random_forest,all_shooting,k,R2,0.9143085808445072,0.030986808655156902,0.9041055263005946,0.9026455714107712,0.9381478764070585,5
random_interpolation,,random_forest,all_shooting,k,MAE,0.00017188168693767659,3.342309397878203e-05,0.0001869494579976351,0.0001573633939844876,0.000190535335372575,5
random_interpolation,,random_forest,all_shooting,k,RMSE,0.0002251802584940671,4.152236212719996e-05,0.00024926653373432296,0.00020828440230192809,0.0002538083810681943,5
random_interpolation,,random_forest,all_shooting,k,NMAE,0.06875267477507063,0.013369237591512808,0.07477978319905404,0.06294535759379503,0.07621413414903,5
random_interpolation,,random_forest,all_shooting,k,NRMSE,0.09007210339762682,0.016608944850879985,0.09970661349372918,0.08331376092077124,0.10152335242727772,5
random_interpolation,,random_forest,all_shooting,k,joint_error_median,0.0783337795264154,0.00810949139388723,0.08171030432146204,0.07000902634790393,0.08219266691006943,5
random_interpolation,,random_forest,all_shooting,wq,R2,0.9680571899306726,0.0071917028544102694,0.9640092787623683,0.9631143685627549,0.9730220941377243,5
random_interpolation,,random_forest,all_shooting,wq,MAE,0.011236043265812493,0.0017449416672676013,0.011483571157553395,0.01132353445165965,0.01230461396158873,5
random_interpolation,,random_forest,all_shooting,wq,RMSE,0.014304283362954482,0.0013517040153647089,0.015053501463260134,0.014036773520827878,0.015147376711583893,5
random_interpolation,,random_forest,all_shooting,wq,NMAE,0.04280397434595235,0.006647396827686099,0.04374693774306055,0.04313727410156057,0.04687471985367135,5
random_interpolation,,random_forest,all_shooting,wq,NRMSE,0.054492508049350394,0.005149348629960796,0.057346672240990985,0.05347342293648715,0.057704292234605305,5
random_interpolation,,random_forest,all_shooting,wq,joint_error_median,0.07529387162509663,0.008600694718890148,0.07582997455939496,0.06716872985208903,0.0790841557757132,5
random_interpolation,,random_forest,orbital,k,R2,0.2509933919918484,0.21940611136104407,0.3417199782209889,0.09844953692473901,0.3972879290603092,5
random_interpolation,,random_forest,orbital,k,MAE,0.0005597360042392434,9.975337541327598e-05,0.0005549182244729463,0.00047838663099960594,0.000610502263939764,5
random_interpolation,,random_forest,orbital,k,RMSE,0.0006678198840668928,8.40197634733049e-05,0.0006649890688417526,0.0006099292384989398,0.000721424669918972,5
random_interpolation,,random_forest,orbital,k,NMAE,0.22389440169569735,0.0399013501653104,0.22196728978917848,0.19135465239984237,0.2442009055759056,5
random_interpolation,,random_forest,orbital,k,NRMSE,0.2671279536267571,0.033607905389321964,0.26599562753670103,0.24397169539957592,0.28856986796758877,5
random_interpolation,,random_forest,orbital,k,joint_error_median,0.2886974582373929,0.048706977305298126,0.29166973513852334,0.27248330229162776,0.32751441229940714,5
random_interpolation,,random_forest,orbital,wq,R2,0.5735156373686285,0.08391759772368583,0.5806576978251411,0.5574594804154435,0.6166453303368731,5
random_interpolation,,random_forest,orbital,wq,MAE,0.042875227886256376,0.0037095452873240915,0.04215079062176618,0.039999959023464426,0.04620399393150338,5
random_interpolation,,random_forest,orbital,wq,RMSE,0.05236936959376639,0.0035871421656905374,0.05311518178273397,0.051374536106218865,0.05364133271247917,5
random_interpolation,,random_forest,orbital,wq,NMAE,0.16333420147145286,0.01413160109456796,0.16057444046387115,0.15238079627986448,0.17601521497715572,5
random_interpolation,,random_forest,orbital,wq,NRMSE,0.1995023603572053,0.013665303488344906,0.20234354964851037,0.1957125184998814,0.2043479341427778,5
random_interpolation,,random_forest,orbital,wq,joint_error_median,0.2899214044665525,0.053053872004010016,0.2932533477976493,0.26247786222586905,0.3366715332654845,5
random_interpolation,,random_forest,photon_geometry,k,R2,0.7894279145203045,0.0624371843446077,0.775241354335134,0.7344109846925726,0.8324561154412118,5
random_interpolation,,random_forest,photon_geometry,k,MAE,0.0002850353234529859,6.344595020094203e-05,0.0002663069778890093,0.0002561105859803777,0.00033432869854591675,5
random_interpolation,,random_forest,photon_geometry,k,RMSE,0.0003563372320434697,6.902765136778493e-05,0.0003428023031293938,0.00033344312410422153,0.00042239057921211824,5
random_interpolation,,random_forest,photon_geometry,k,NMAE,0.11401412938119435,0.025378380080376812,0.10652279115560372,0.10244423439215108,0.1337314794183667,5
random_interpolation,,random_forest,photon_geometry,k,NRMSE,0.14253489281738788,0.027611060547113975,0.1371209212517575,0.1333772496416886,0.1689562316848473,5
random_interpolation,,random_forest,photon_geometry,k,joint_error_median,0.1579437560693258,0.028464096007386933,0.1619348050752421,0.13413367107949797,0.1775111513689761,5
random_interpolation,,random_forest,photon_geometry,wq,R2,0.8742282664521156,0.03660222586747135,0.8544870162445665,0.850924581549307,0.8794895325339049,5
random_interpolation,,random_forest,photon_geometry,wq,MAE,0.022454847588114068,0.003894528247443764,0.02327289456299876,0.019681247843340233,0.025895593229402145,5
random_interpolation,,random_forest,photon_geometry,wq,RMSE,0.028364715928362684,0.0052557442659687615,0.027767766191503788,0.027540762582467005,0.03090303194438447,5
random_interpolation,,random_forest,photon_geometry,wq,NMAE,0.08554227652614883,0.014836298085500051,0.088658645954281,0.07497618226034375,0.09864987896915102,5
random_interpolation,,random_forest,photon_geometry,wq,NRMSE,0.10805606067947689,0.020021882917976238,0.10578196644382395,0.10491719079035049,0.1177258359786075,5
random_interpolation,,random_forest,photon_geometry,wq,joint_error_median,0.15077727120997858,0.02937684221159154,0.15755900169109432,0.12293871419057639,0.15810318848846172,5
random_interpolation,,random_forest,redshift,k,R2,0.7751015023283562,0.05014463438297203,0.7810173086517556,0.7483181546130344,0.8120699882988084,5
random_interpolation,,random_forest,redshift,k,MAE,0.0002704983797548903,3.994835565888045e-05,0.0002688236469356263,0.00024878725489402574,0.0002893197475749562,5
random_interpolation,,random_forest,redshift,k,RMSE,0.00036860516047989477,4.900371666527171e-05,0.0003528495012335201,0.00034577446655738097,0.00038255049083708663,5
random_interpolation,,random_forest,redshift,k,NMAE,0.1081993519019561,0.015979342263552177,0.1075294587742505,0.0995149019576103,0.11572789902998248,5
random_interpolation,,random_forest,redshift,k,NRMSE,0.14744206419195788,0.01960148666610869,0.14113980049340805,0.13830978662295237,0.15302019633483466,5
random_interpolation,,random_forest,redshift,k,joint_error_median,0.11575186792740451,0.015090177596971484,0.11811343532075885,0.11126172353878985,0.1236250907535256,5
random_interpolation,,random_forest,redshift,wq,R2,0.9236370333032135,0.01868634442291625,0.9240481220917388,0.9208031005802889,0.9310197465750542,5
random_interpolation,,random_forest,redshift,wq,MAE,0.01777462618892743,0.0017971103310908448,0.018564039120332707,0.016889343474896075,0.019104839187012588,5
random_interpolation,,random_forest,redshift,wq,RMSE,0.02209580293207438,0.0020010311958986045,0.022326346746191595,0.022004495180104052,0.023254125375486878,5
random_interpolation,,random_forest,redshift,wq,NMAE,0.06771286167210448,0.006846134594631789,0.07072014902983888,0.06434035609484219,0.07278033976004795,5
random_interpolation,,random_forest,redshift,wq,NRMSE,0.08417448736028335,0.007622975984375634,0.0850527495093013,0.08382664830515829,0.08858714428756906,5
random_interpolation,,random_forest,redshift,wq,joint_error_median,0.11185560852341643,0.016128459226105153,0.10944313624012829,0.10631367076486362,0.11717732505493307,5
random_interpolation,,random_forest,ringdown,k,R2,0.9796214546034492,0.00957893518291925,0.9788097287511457,0.9767986027952702,0.9864335454461678,5
random_interpolation,,random_forest,ringdown,k,MAE,7.92970679975889e-05,2.0718309656051394e-05,9.022011408730174e-05,5.812032151875911e-05,9.42621872244269e-05,5
random_interpolation,,random_forest,ringdown,k,RMSE,0.00010823528052922838,2.297525595629168e-05,0.00011900141542441254,8.499908020731962e-05,0.00012484358707683094,5
random_interpolation,,random_forest,ringdown,k,NMAE,0.03171882719903556,0.008287323862420558,0.0360880456349207,0.023248128607503644,0.03770487488977076,5
random_interpolation,,random_forest,ringdown,k,NRMSE,0.04329411221169134,0.009190102382516671,0.04760056616976502,0.03399963208292785,0.049937434830732375,5
random_interpolation,,random_forest,ringdown,k,joint_error_median,0.1756251188151888,0.038933045965172094,0.16917615302040045,0.15906782047036946,0.1705450403377644,5
random_interpolation,,random_forest,ringdown,wq,R2,0.5118947377825804,0.23311539528823474,0.5853405914148482,0.4912048145292185,0.6049926475087917,5
random_interpolation,,random_forest,ringdown,wq,MAE,0.04605377009810227,0.011119037250119621,0.04429566309127003,0.040985677459114994,0.04532870828140722,5
random_interpolation,,random_forest,ringdown,wq,RMSE,0.0550833553642601,0.012402386094215833,0.05129906173240023,0.05108687502522664,0.05760179290313134,5
random_interpolation,,random_forest,ringdown,wq,NMAE,0.17544293370705627,0.04235823714331284,0.1687453832048382,0.1561359141299619,0.17268079345297987,5
random_interpolation,,random_forest,ringdown,wq,NRMSE,0.2098413537686099,0.04724718512082221,0.1954249970758104,0.19461666676276812,0.21943540153573843,5
random_interpolation,,random_forest,ringdown,wq,joint_error_median,0.17319435108779618,0.050952820824419535,0.16297777299760857,0.1457102651822124,0.16526303852470126,5
random_interpolation,,random_forest,ringdown_plus_all_shooting,k,R2,0.9793337986912315,0.009269255446176034,0.9792822436289917,0.9730086213023276,0.9876107827825217,5
random_interpolation,,random_forest,ringdown_plus_all_shooting,k,MAE,8.3870851178143e-05,1.8967867759250195e-05,9.363963293650814e-05,7.237627389971149e-05,9.365833746693144e-05,5
random_interpolation,,random_forest,ringdown_plus_all_shooting,k,RMSE,0.00010961332067895005,2.4432183110072277e-05,0.00011766714871732739,9.32183420704863e-05,0.00012663583446336432,5
random_interpolation,,random_forest,ringdown_plus_all_shooting,k,NMAE,0.033548340471257196,0.007587147103700078,0.03745585317460325,0.028950509559884596,0.037463334986772574,5
random_interpolation,,random_forest,ringdown_plus_all_shooting,k,NRMSE,0.04384532827158002,0.009772873244028911,0.047066859486930956,0.037287336828194524,0.05065433378534573,5
random_interpolation,,random_forest,ringdown_plus_all_shooting,k,joint_error_median,0.061402146688367264,0.014689448669976938,0.05931847183945145,0.05674341746636932,0.07500776187431735,5
random_interpolation,,random_forest,ringdown_plus_all_shooting,wq,R2,0.9684287234671235,0.007601813362139603,0.9646860697773079,0.9631916723722761,0.9722544902686269,5
random_interpolation,,random_forest,ringdown_plus_all_shooting,wq,MAE,0.011183213005328305,0.0019190535189016924,0.011747354998396891,0.011231648328523523,0.012345702201046527,5
random_interpolation,,random_forest,ringdown_plus_all_shooting,wq,RMSE,0.014215842432587427,0.0016257164542404221,0.015004280644315188,0.013797835670112743,0.015266158448552556,5
random_interpolation,,random_forest,ringdown_plus_all_shooting,wq,NMAE,0.042602716210774494,0.007310680072006446,0.044751828565321485,0.04278723172770866,0.047031246480177244,5
random_interpolation,,random_forest,ringdown_plus_all_shooting,wq,NRMSE,0.05415559021938067,0.0061932055399635125,0.05715916435929595,0.052563183505191395,0.058156794089724025,5
random_interpolation,,random_forest,ringdown_plus_all_shooting,wq,joint_error_median,0.058912217754083875,0.015711337855614373,0.05324879302713553,0.05229996226105605,0.07456966492063782,5
random_interpolation,,random_forest,ringdown_plus_photon_geometry,k,R2,0.9790458642232709,0.009892933900512806,0.9792005401840518,0.9743284742622663,0.9882673586037942,5
random_interpolation,,random_forest,ringdown_plus_photon_geometry,k,MAE,8.325962010597447e-05,1.982972596138679e-05,9.450541501322771e-05,7.050830101611368e-05,9.831390542328071e-05,5
random_interpolation,,random_forest,ringdown_plus_photon_geometry,k,RMSE,0.00011000861946188415,2.418709272051401e-05,0.00011789893905979957,9.071463119374138e-05,0.00013132125043656417,5
random_interpolation,,random_forest,ringdown_plus_photon_geometry,k,NMAE,0.03330384804238979,0.007931890384554715,0.037802166005291085,0.02820332040644547,0.03932556216931228,5
random_interpolation,,random_forest,ringdown_plus_photon_geometry,k,NRMSE,0.044003447784753666,0.009674837088205605,0.04715957562391983,0.03628585247749655,0.05252850017462567,5
random_interpolation,,random_forest,ringdown_plus_photon_geometry,k,joint_error_median,0.08481708386779803,0.012137130045206094,0.08528392935049423,0.07492367059503062,0.09011716301996578,5
random_interpolation,,random_forest,ringdown_plus_photon_geometry,wq,R2,0.8863516578960355,0.032582831539776196,0.8754467315947019,0.8652354845634225,0.8872889807013988,5
random_interpolation,,random_forest,ringdown_plus_photon_geometry,wq,MAE,0.021210974497393967,0.003330682045246328,0.022144000020041757,0.018880661591327296,0.02400220279772836,5
random_interpolation,,random_forest,ringdown_plus_photon_geometry,wq,RMSE,0.026940449068264104,0.00467968233330033,0.02672532745347205,0.026634635912079593,0.02931095228514441,5
random_interpolation,,random_forest,ringdown_plus_photon_geometry,wq,NMAE,0.08080371237102461,0.012688312553319345,0.08435809531444478,0.07192632987172302,0.09143696303896517,5
random_interpolation,,random_forest,ringdown_plus_photon_geometry,wq,NRMSE,0.10263028216481565,0.01782736126971554,0.1018107712513221,0.1014652796650651,0.11166077061007394,5
random_interpolation,,random_forest,ringdown_plus_photon_geometry,wq,joint_error_median,0.08211521320283331,0.013419875499544088,0.07976826771060641,0.07151760767471621,0.08794613484119296,5
random_interpolation,,random_forest,timing,k,R2,0.9269389160789384,0.03259612903778019,0.9246161523472358,0.9239605073770923,0.9501550390975082,5
random_interpolation,,random_forest,timing,k,MAE,0.00015565772638819527,3.052014864334977e-05,0.000166204943783069,0.0001263845110329485,0.00017999529020362365,5
random_interpolation,,random_forest,timing,k,RMSE,0.00020571212050674763,3.816178455467002e-05,0.00022445176207754557,0.000167433352590548,0.00022601058225891647,5
random_interpolation,,random_forest,timing,k,NMAE,0.0622630905552781,0.01220805945733991,0.0664819775132276,0.050553804413179394,0.07199811608144946,5
random_interpolation,,random_forest,timing,k,NRMSE,0.08228484820269905,0.015264713821868005,0.08978070483101823,0.0669733410362192,0.09040423290356658,5
random_interpolation,,random_forest,timing,k,joint_error_median,0.10537034998409593,0.016101964788543487,0.10403298529612642,0.097424286653752,0.11499238495070777,5
random_interpolation,,random_forest,timing,wq,R2,0.8939190885580837,0.027251199938663026,0.8935696930135476,0.8851803506782797,0.9102563741871026,5
random_interpolation,,random_forest,timing,wq,MAE,0.019419120643711783,0.0029894324791473713,0.01832815888516644,0.018067823434631976,0.018533316155462894,5
random_interpolation,,random_forest,timing,wq,RMSE,0.02608888816892562,0.003322389143614654,0.026882625618735615,0.023462299954224497,0.027455870490874033,5
random_interpolation,,random_forest,timing,wq,NMAE,0.07397760245223538,0.0113883142062757,0.06982155765777691,0.06882980356050276,0.07060310916366816,5
random_interpolation,,random_forest,timing,wq,NRMSE,0.09938624064352618,0.012656720547103444,0.10241000235708805,0.0893801903018076,0.10459379234618679,5
random_interpolation,,random_forest,timing,wq,joint_error_median,0.10180461590146887,0.01865093315592878,0.09876865555036793,0.09020505499786996,0.11122273352661317,5
random_interpolation,,hgb,all_shooting,k,R2,0.8707292306360783,0.03192380723111909,0.8630721650111972,0.8428048217888374,0.9034018129951682,5
random_interpolation,,hgb,all_shooting,k,MAE,0.00021895991432721823,3.8601513239695994e-05,0.00022885596013972123,0.0001865809418645255,0.00023944591525118479,5
random_interpolation,,hgb,all_shooting,k,RMSE,0.0002789089805909995,3.859868124957827e-05,0.00028197436885341157,0.00026029386287809415,0.0003025030374072779,5
random_interpolation,,hgb,all_shooting,k,NMAE,0.0875839657308873,0.0154406052958784,0.09154238405588849,0.07463237674581019,0.09577836610047391,5
random_interpolation,,hgb,all_shooting,k,NRMSE,0.1115635922363998,0.015439472499831308,0.11278974754136463,0.10411754515123765,0.12100121496291115,5
random_interpolation,,hgb,all_shooting,k,joint_error_median,0.10322310280626783,0.020657522338566457,0.09653525016663081,0.0941052210179915,0.0979901847855349,5
random_interpolation,,hgb,all_shooting,wq,R2,0.9567065814472879,0.02103313811166086,0.9623636853782336,0.9550609477634229,0.965356773318673,5
random_interpolation,,hgb,all_shooting,wq,MAE,0.012918286403666119,0.0031062716309923715,0.01205162253531838,0.011367793858750029,0.015456278462857027,5
random_interpolation,,hgb,all_shooting,wq,RMSE,0.016342029756734384,0.0033697885543133516,0.015391010022917508,0.014861112410440452,0.01942877264191116,5
random_interpolation,,hgb,all_shooting,wq,NMAE,0.049212519633013777,0.011833415737113799,0.04591094299168906,0.04330588136666677,0.058881060810883915,5
random_interpolation,,hgb,all_shooting,wq,NRMSE,0.062255351454226227,0.012837289730717528,0.05863241913492384,0.05661376156358267,0.07401437196918537,5
random_interpolation,,hgb,all_shooting,wq,joint_error_median,0.09645764538574098,0.016439889062097583,0.0901557304944992,0.0897595846621219,0.0914428460884934,5
random_interpolation,,hgb,photon_geometry,k,R2,0.73010720002654,0.06856919039362747,0.6929112937665802,0.6926288662013511,0.7615184979717249,5
random_interpolation,,hgb,photon_geometry,k,MAE,0.00031707632358824876,5.274903720200612e-05,0.00031410870823989583,0.0002728038861249625,0.000350801022190875,5
random_interpolation,,hgb,photon_geometry,k,RMSE,0.0004022340054335309,5.841026429235902e-05,0.00038993758946133616,0.00035637595421355304,0.00045419368472425075,5
random_interpolation,,hgb,photon_geometry,k,NMAE,0.12683052943529952,0.021099614880802444,0.12564348329595834,0.10912155444998499,0.14032040887635,5
random_interpolation,,hgb,photon_geometry,k,NRMSE,0.16089360217341234,0.0233641057169436,0.15597503578453445,0.14255038168542122,0.1816774738897003,5
random_interpolation,,hgb,photon_geometry,k,joint_error_median,0.1705304164966791,0.016499302776903563,0.17406638124413445,0.1677468274439834,0.180655017609691,5
random_interpolation,,hgb,photon_geometry,wq,R2,0.8628957516727898,0.0348414762793528,0.869950945697509,0.8365421441731912,0.8720155415877036,5
random_interpolation,,hgb,photon_geometry,wq,MAE,0.023889551430327872,0.00361531304901468,0.025361331551654574,0.020978920942265427,0.026947483794792757,5
random_interpolation,,hgb,photon_geometry,wq,RMSE,0.029616257573815856,0.0035613826839724838,0.030223083388181384,0.028381947561426132,0.032280856580013076,5
random_interpolation,,hgb,photon_geometry,wq,NMAE,0.0910078149726776,0.013772621139103543,0.09661459638725552,0.07991969882767781,0.10265708112302002,5
random_interpolation,,hgb,photon_geometry,wq,NRMSE,0.11282383837644136,0.013567172129418988,0.1151355557645005,0.10812170499590908,0.12297469173338314,5
random_interpolation,,hgb,photon_geometry,wq,joint_error_median,0.16696952416250638,0.019943713109549396,0.16417783635920466,0.15626563650929126,0.1783887606783623,5
random_interpolation,,hgb,ringdown,k,R2,0.9459782657362243,0.02407190781332735,0.9518532063740545,0.9255131287341581,0.9668556607045976,5
random_interpolation,,hgb,ringdown,k,MAE,0.00013323991056964085,3.824165390318596e-05,0.0001304173648680708,0.00010429224387414585,0.00015666803337252916,5
random_interpolation,,hgb,ringdown,k,RMSE,0.00017719496019059916,3.795552599272518e-05,0.00017937732950184724,0.00014655884788346654,0.00020348996027992592,5
random_interpolation,,hgb,ringdown,k,NMAE,0.05329596422785633,0.015296661561274382,0.05216694594722832,0.04171689754965834,0.06266721334901167,5
random_interpolation,,hgb,ringdown,k,NRMSE,0.07087798407623966,0.015182210397090069,0.0717509318007389,0.05862353915338661,0.08139598411197037,5
random_interpolation,,hgb,ringdown,k,joint_error_median,0.20521962455087728,0.024196690509950297,0.20122071048946383,0.1850757768012281,0.2291083941432419,5
random_interpolation,,hgb,ringdown,wq,R2,0.41409332109694097,0.13686424039792447,0.4574427187068586,0.3868765494803148,0.4680798946307243,5
random_interpolation,,hgb,ringdown,wq,MAE,0.05103033012388499,0.007035362106145263,0.051247458359602004,0.04431164922083827,0.0557543516538386,5
random_interpolation,,hgb,ringdown,wq,RMSE,0.06146301005985819,0.007642233336654544,0.05786111239287609,0.05631341810724463,0.06750815047939453,5
random_interpolation,,hgb,ringdown,wq,NMAE,0.19440125761479998,0.026801379451981956,0.19522841279848382,0.16880628274605056,0.21239753010986134,5
random_interpolation,,hgb,ringdown,wq,NRMSE,0.23414480022803122,0.029113269853922073,0.22042328530619462,0.2145273070752176,0.25717390658816963,5
random_interpolation,,hgb,ringdown,wq,joint_error_median,0.19598829988196562,0.03243226084433503,0.2000040530830472,0.1713360399967116,0.2101592535709097,5
random_interpolation,,hgb,ringdown_plus_all_shooting,k,R2,0.9495028250208477,0.02572634100321139,0.9534477713405787,0.9274612383635161,0.9699862009683435,5
random_interpolation,,hgb,ringdown_plus_all_shooting,k,MAE,0.00012960105130694697,3.498064018373023e-05,0.0001277724460456399,0.00010766145463168469,0.0001533183032690208,5
random_interpolation,,hgb,ringdown_plus_all_shooting,k,RMSE,0.00017030221416389628,4.433814105573024e-05,0.00017638193702194837,0.00014509081691874203,0.00020023095511954904,5
random_interpolation,,hgb,ringdown_plus_all_shooting,k,NMAE,0.0518404205227788,0.013992256073492094,0.051108978418255964,0.043064581852673874,0.06132732130760831,5
random_interpolation,,hgb,ringdown_plus_all_shooting,k,NRMSE,0.0681208856655585,0.017735256422292095,0.07055277480877935,0.05803632676749681,0.08009238204781961,5
random_interpolation,,hgb,ringdown_plus_all_shooting,k,joint_error_median,0.0758046727129196,0.019752418764580348,0.0667320656735575,0.0607842413528072,0.08411982835543694,5
random_interpolation,,hgb,ringdown_plus_all_shooting,wq,R2,0.9564282335412979,0.021469545728642417,0.9632827651574094,0.9521040314225875,0.9665935691634461,5
random_interpolation,,hgb,ringdown_plus_all_shooting,wq,MAE,0.012897756275946642,0.00331738387181098,0.011907752835262669,0.01099461314138584,0.01574500091385927,5
random_interpolation,,hgb,ringdown_plus_all_shooting,wq,RMSE,0.01639671686309733,0.0035688018887019375,0.015201924085249091,0.014593423651754213,0.020057781304989253,5
random_interpolation,,hgb,ringdown_plus_all_shooting,wq,NMAE,0.04913430962265388,0.012637652844994208,0.045362867943857785,0.04188424053861273,0.05998095586232103,5
random_interpolation,,hgb,ringdown_plus_all_shooting,wq,NRMSE,0.062463683287989825,0.013595435766483569,0.05791209175332987,0.05559399486382557,0.0764105954475781,5
random_interpolation,,hgb,ringdown_plus_all_shooting,wq,joint_error_median,0.07053230935942376,0.014305022428666754,0.0657098148965818,0.0601933420109557,0.07378269937222025,5
random_interpolation,,hgb,ringdown_plus_photon_geometry,k,R2,0.9488780252391962,0.02621473495818699,0.9462592844122465,0.9274258711153601,0.9739275032291509,5
random_interpolation,,hgb,ringdown_plus_photon_geometry,k,MAE,0.00013312751752915086,3.6321636192769716e-05,0.0001400218473506511,0.00010063700252058084,0.00014392782309231552,5
random_interpolation,,hgb,ringdown_plus_photon_geometry,k,RMSE,0.00017115727742441925,4.807589256234639e-05,0.00018947611825964093,0.000126610698848168,0.0001895115097765285,5
random_interpolation,,hgb,ringdown_plus_photon_geometry,k,NMAE,0.05325100701166034,0.014528654477107885,0.056008738940260434,0.04025480100823233,0.057571129236926206,5
random_interpolation,,hgb,ringdown_plus_photon_geometry,k,NRMSE,0.06846291096976771,0.019230357024938555,0.07579044730385637,0.0506442795392672,0.0758046039106114,5
random_interpolation,,hgb,ringdown_plus_photon_geometry,k,joint_error_median,0.09146863756219577,0.01986737658445615,0.08280245711808434,0.07778225907158559,0.10507287126201559,5
random_interpolation,,hgb,ringdown_plus_photon_geometry,wq,R2,0.9046565336898977,0.028268205464366414,0.8960396929532412,0.8936527345726943,0.9214635221604796,5
random_interpolation,,hgb,ringdown_plus_photon_geometry,wq,MAE,0.019584221099587604,0.003897999667507924,0.01941742419563401,0.016035554175177488,0.02194871160449334,5
random_interpolation,,hgb,ringdown_plus_photon_geometry,wq,RMSE,0.024676918331184617,0.003959733191910311,0.025743994158238286,0.022233062354342602,0.026007917633809143,5
random_interpolation,,hgb,ringdown_plus_photon_geometry,wq,NMAE,0.07460655656985754,0.014849522542887328,0.07397113979289147,0.061087825429247566,0.0836141394456889,5
random_interpolation,,hgb,ringdown_plus_photon_geometry,wq,NRMSE,0.09400730792832235,0.015084697873944043,0.09807235869805062,0.08469738039749562,0.09907778146213006,5
random_interpolation,,hgb,ringdown_plus_photon_geometry,wq,joint_error_median,0.08698528830619803,0.016212071819981196,0.0817525985381462,0.0772364241160767,0.0900456055592634,5
