variant,protocol,direction,fold,seed,model,feature_set,target,n_scored,MAE,NMAE,covered,empirical_coverage,conformal_radius
collapsed_equivalence,directional_extrapolation,high_k_to_low_k,high_k_to_low_k,2026,hgb,ringdown,k,23,0.0005524181460673,0.2209672584269475,0.0,0.0,0.0003388862017587
collapsed_equivalence,directional_extrapolation,high_k_to_low_k,high_k_to_low_k,2026,hgb,ringdown,wq,22,0.0767558759283189,0.2924033368697865,16.0,0.7272727272727273,0.1048520314551578
collapsed_equivalence,directional_extrapolation,high_k_to_low_k,high_k_to_low_k,2026,random_forest,ringdown,k,23,0.000391304347826,0.1565217391304349,0.0,0.0,0.0002489583333333
collapsed_equivalence,directional_extrapolation,high_k_to_low_k,high_k_to_low_k,2026,random_forest,ringdown,wq,22,0.0893729016354016,0.3404681967062919,12.0,0.5454545454545454,0.0822984126984127
collapsed_equivalence,directional_extrapolation,high_k_to_low_k,high_k_to_low_k,2026,mlp,ringdown,k,23,5.09029148506512e-05,0.0203611659402604,22.0,0.9565217391304348,0.0001071382060614
collapsed_equivalence,directional_extrapolation,high_k_to_low_k,high_k_to_low_k,2026,mlp,ringdown,wq,22,0.0443460846217351,0.1689374652256578,10.0,0.4545454545454545,0.0391967361706591
collapsed_equivalence,directional_extrapolation,high_k_to_low_k,high_k_to_low_k,2026,hgb,photon_geometry,k,23,0.0005266648843823,0.2106659537529263,22.0,0.9565217391304348,0.0009297526676884
collapsed_equivalence,directional_extrapolation,high_k_to_low_k,high_k_to_low_k,2026,hgb,photon_geometry,wq,22,0.0488699894185923,0.1861713882613043,16.0,0.7272727272727273,0.0636391597221457
collapsed_equivalence,directional_extrapolation,high_k_to_low_k,high_k_to_low_k,2026,random_forest,photon_geometry,k,23,0.0005347830759719,0.213913230388774,8.0,0.3478260869565217,0.0004768849206349
collapsed_equivalence,directional_extrapolation,high_k_to_low_k,high_k_to_low_k,2026,random_forest,photon_geometry,wq,22,0.0486203838985088,0.1852205100895575,4.0,0.1818181818181818,0.0265402281746027
collapsed_equivalence,directional_extrapolation,high_k_to_low_k,high_k_to_low_k,2026,mlp,photon_geometry,k,23,0.0001717490704366,0.0686996281746415,8.0,0.3478260869565217,0.0001285867520821
collapsed_equivalence,directional_extrapolation,high_k_to_low_k,high_k_to_low_k,2026,mlp,photon_geometry,wq,22,0.0697946299023475,0.2658843043898954,12.0,0.5454545454545454,0.0755896533403147
collapsed_equivalence,directional_extrapolation,high_k_to_low_k,high_k_to_low_k,2026,hgb,all_shooting,k,23,0.0004738516077451,0.1895406430980423,14.0,0.6086956521739131,0.0005666497435761
collapsed_equivalence,directional_extrapolation,high_k_to_low_k,high_k_to_low_k,2026,hgb,all_shooting,wq,22,0.045208170691983,0.1722216026361258,15.0,0.6818181818181818,0.0414292986110882
collapsed_equivalence,directional_extrapolation,high_k_to_low_k,high_k_to_low_k,2026,random_forest,all_shooting,k,23,0.0004540560300207,0.1816224120082817,11.0,0.4782608695652174,0.000465873015873
collapsed_equivalence,directional_extrapolation,high_k_to_low_k,high_k_to_low_k,2026,random_forest,all_shooting,wq,22,0.0556513520622894,0.2120051507134837,4.0,0.1818181818181818,0.0151970293209878
collapsed_equivalence,directional_extrapolation,high_k_to_low_k,high_k_to_low_k,2026,mlp,all_shooting,k,23,9.710025068967676e-05,0.0388401002758707,22.0,0.9565217391304348,0.0001959976990962
collapsed_equivalence,directional_extrapolation,high_k_to_low_k,high_k_to_low_k,2026,mlp,all_shooting,wq,22,0.0317244997420368,0.1208552371125213,8.0,0.3636363636363636,0.0220805702688182
collapsed_equivalence,directional_extrapolation,high_k_to_low_k,high_k_to_low_k,2026,hgb,ringdown_plus_photon_geometry,k,23,0.0005266734034138,0.2106693613655274,0.0,0.0,0.0002815848868782
collapsed_equivalence,directional_extrapolation,high_k_to_low_k,high_k_to_low_k,2026,hgb,ringdown_plus_photon_geometry,wq,22,0.0485981645568688,0.185135864978548,19.0,0.8636363636363636,0.0714195047720084
collapsed_equivalence,directional_extrapolation,high_k_to_low_k,high_k_to_low_k,2026,random_forest,ringdown_plus_photon_geometry,k,23,0.0003917119565217,0.1566847826086958,0.0,0.0,0.0002364583333333
collapsed_equivalence,directional_extrapolation,high_k_to_low_k,high_k_to_low_k,2026,random_forest,ringdown_plus_photon_geometry,wq,22,0.0477020698051947,0.1817221706864562,4.0,0.1818181818181818,0.0235821263227511
collapsed_equivalence,directional_extrapolation,high_k_to_low_k,high_k_to_low_k,2026,mlp,ringdown_plus_photon_geometry,k,23,4.2704859115612936e-05,0.0170819436462451,23.0,1.0,0.0001026731975469
collapsed_equivalence,directional_extrapolation,high_k_to_low_k,high_k_to_low_k,2026,mlp,ringdown_plus_photon_geometry,wq,22,0.0428088032181222,0.1630811551166562,15.0,0.6818181818181818,0.0516198009224093
collapsed_equivalence,directional_extrapolation,high_k_to_low_k,high_k_to_low_k,2026,hgb,ringdown_plus_all_shooting,k,23,0.0004561746873684,0.1824698749473915,0.0,0.0,0.0001837224307098
collapsed_equivalence,directional_extrapolation,high_k_to_low_k,high_k_to_low_k,2026,hgb,ringdown_plus_all_shooting,wq,22,0.0453224408491334,0.1726569175205084,15.0,0.6818181818181818,0.041624434697232
collapsed_equivalence,directional_extrapolation,high_k_to_low_k,high_k_to_low_k,2026,random_forest,ringdown_plus_all_shooting,k,23,0.0003945199275362,0.1578079710144929,0.0,0.0,0.0002184027777777
collapsed_equivalence,directional_extrapolation,high_k_to_low_k,high_k_to_low_k,2026,random_forest,ringdown_plus_all_shooting,wq,22,0.0547415509259258,0.2085392416225746,3.0,0.1363636363636363,0.0145471450617287
collapsed_equivalence,directional_extrapolation,high_k_to_low_k,high_k_to_low_k,2026,mlp,ringdown_plus_all_shooting,k,23,7.765472745639765e-05,0.031061890982559,10.0,0.4347826086956521,8.108070177706428e-05
collapsed_equivalence,directional_extrapolation,high_k_to_low_k,high_k_to_low_k,2026,mlp,ringdown_plus_all_shooting,wq,22,0.0399672960373916,0.1522563658567301,15.0,0.6818181818181818,0.0443334225639027
collapsed_equivalence,directional_extrapolation,high_k_to_low_k,high_k_to_low_k,2027,hgb,ringdown,k,23,0.0006518754460595,0.2607501784238081,0.0,0.0,0.0002774594207433
collapsed_equivalence,directional_extrapolation,high_k_to_low_k,high_k_to_low_k,2027,hgb,ringdown,wq,22,0.0801909161394455,0.305489204340745,22.0,1.0,0.1734778036224116
collapsed_equivalence,directional_extrapolation,high_k_to_low_k,high_k_to_low_k,2027,random_forest,ringdown,k,23,0.0003927838164251,0.1571135265700485,0.0,0.0,0.0002364930555555
collapsed_equivalence,directional_extrapolation,high_k_to_low_k,high_k_to_low_k,2027,random_forest,ringdown,wq,22,0.0998738501082251,0.3804718099360957,12.0,0.5454545454545454,0.0985533289241623
collapsed_equivalence,directional_extrapolation,high_k_to_low_k,high_k_to_low_k,2027,mlp,ringdown,k,23,6.183771071201055e-05,0.0247350842848042,14.0,0.6086956521739131,7.568843771093995e-05
collapsed_equivalence,directional_extrapolation,high_k_to_low_k,high_k_to_low_k,2027,mlp,ringdown,wq,22,0.0533778034469593,0.2033440131312735,7.0,0.3181818181818182,0.0324399624238961
collapsed_equivalence,directional_extrapolation,high_k_to_low_k,high_k_to_low_k,2027,hgb,photon_geometry,k,23,0.0005806424049744,0.2322569619897739,22.0,0.9565217391304348,0.0009176941400006
collapsed_equivalence,directional_extrapolation,high_k_to_low_k,high_k_to_low_k,2027,hgb,photon_geometry,wq,22,0.0566602687462663,0.2158486428429193,9.0,0.4090909090909091,0.0486598759908351
collapsed_equivalence,directional_extrapolation,high_k_to_low_k,high_k_to_low_k,2027,random_forest,photon_geometry,k,23,0.0005539261010728,0.2215704404291362,8.0,0.3478260869565217,0.0005425687680375
collapsed_equivalence,directional_extrapolation,high_k_to_low_k,high_k_to_low_k,2027,random_forest,photon_geometry,wq,22,0.0507324389730639,0.1932664341831008,16.0,0.7272727272727273,0.0715399305555557
collapsed_equivalence,directional_extrapolation,high_k_to_low_k,high_k_to_low_k,2027,mlp,photon_geometry,k,23,0.0001510651596809,0.060426063872387,23.0,1.0,0.0062550148423844
collapsed_equivalence,directional_extrapolation,high_k_to_low_k,high_k_to_low_k,2027,mlp,photon_geometry,wq,22,0.0418839181584516,0.1595577834607683,22.0,1.0,0.8270701870170631
collapsed_equivalence,directional_extrapolation,high_k_to_low_k,high_k_to_low_k,2027,hgb,all_shooting,k,23,0.0005232030740411,0.2092812296164601,10.0,0.4347826086956521,0.0004626264587958
collapsed_equivalence,directional_extrapolation,high_k_to_low_k,high_k_to_low_k,2027,hgb,all_shooting,wq,22,0.0356243074386132,0.1357116473851933,13.0,0.5909090909090909,0.0378474118497534
collapsed_equivalence,directional_extrapolation,high_k_to_low_k,high_k_to_low_k,2027,random_forest,all_shooting,k,23,0.0004557692805383,0.1823077122153211,0.0,0.0,0.0002738442460317
collapsed_equivalence,directional_extrapolation,high_k_to_low_k,high_k_to_low_k,2027,random_forest,all_shooting,wq,22,0.0379983397967772,0.1447555801781992,12.0,0.5454545454545454,0.0396011574074076
collapsed_equivalence,directional_extrapolation,high_k_to_low_k,high_k_to_low_k,2027,mlp,all_shooting,k,23,0.0001175924439784,0.0470369775913983,23.0,1.0,0.0015957130250623
collapsed_equivalence,directional_extrapolation,high_k_to_low_k,high_k_to_low_k,2027,mlp,all_shooting,wq,22,0.0377819667077207,0.1439313017436982,22.0,1.0,0.6659198506666815
collapsed_equivalence,directional_extrapolation,high_k_to_low_k,high_k_to_low_k,2027,hgb,ringdown_plus_photon_geometry,k,23,0.0005815837106063,0.2326334842425245,0.0,0.0,0.0003297772342137
collapsed_equivalence,directional_extrapolation,high_k_to_low_k,high_k_to_low_k,2027,hgb,ringdown_plus_photon_geometry,wq,22,0.0558203827336611,0.2126490770806139,8.0,0.3636363636363636,0.0448867636885766
collapsed_equivalence,directional_extrapolation,high_k_to_low_k,high_k_to_low_k,2027,random_forest,ringdown_plus_photon_geometry,k,23,0.0003954257246376,0.1581702898550726,0.0,0.0,0.0002383680555555
collapsed_equivalence,directional_extrapolation,high_k_to_low_k,high_k_to_low_k,2027,random_forest,ringdown_plus_photon_geometry,wq,22,0.0501598379629629,0.1910850970017636,18.0,0.8181818181818182,0.0797553406084659
collapsed_equivalence,directional_extrapolation,high_k_to_low_k,high_k_to_low_k,2027,mlp,ringdown_plus_photon_geometry,k,23,8.462829485278737e-05,0.0338513179411149,23.0,1.0,0.001732723102087
collapsed_equivalence,directional_extrapolation,high_k_to_low_k,high_k_to_low_k,2027,mlp,ringdown_plus_photon_geometry,wq,22,0.0314251161532765,0.119714728202958,17.0,0.7727272727272727,0.0541535930583282
collapsed_equivalence,directional_extrapolation,high_k_to_low_k,high_k_to_low_k,2027,hgb,ringdown_plus_all_shooting,k,23,0.0004870275154398,0.194811006175947,0.0,0.0,0.0002549520449408
collapsed_equivalence,directional_extrapolation,high_k_to_low_k,high_k_to_low_k,2027,hgb,ringdown_plus_all_shooting,wq,22,0.036008634063132,0.1371757488119316,13.0,0.5909090909090909,0.03820016988218
collapsed_equivalence,directional_extrapolation,high_k_to_low_k,high_k_to_low_k,2027,random_forest,ringdown_plus_all_shooting,k,23,0.0003954257246376,0.1581702898550726,0.0,0.0,0.0002451388888888
collapsed_equivalence,directional_extrapolation,high_k_to_low_k,high_k_to_low_k,2027,random_forest,ringdown_plus_all_shooting,wq,22,0.0388392962361712,0.1479592237568429,13.0,0.5909090909090909,0.0406059027777782
collapsed_equivalence,directional_extrapolation,high_k_to_low_k,high_k_to_low_k,2027,mlp,ringdown_plus_all_shooting,k,23,0.0002016269372213,0.0806507748885507,23.0,1.0,0.0021537206270348
collapsed_equivalence,directional_extrapolation,high_k_to_low_k,high_k_to_low_k,2027,mlp,ringdown_plus_all_shooting,wq,22,0.0497918584509974,0.1896832702895139,22.0,1.0,0.1453835624980929
collapsed_equivalence,directional_extrapolation,high_k_to_low_k,high_k_to_low_k,2028,hgb,ringdown,k,23,0.0005043817221154,0.2017526888461659,0.0,0.0,0.0002666383990749
collapsed_equivalence,directional_extrapolation,high_k_to_low_k,high_k_to_low_k,2028,hgb,ringdown,wq,22,0.0787283583043194,0.2999175554450265,18.0,0.8181818181818182,0.1296642278729654
collapsed_equivalence,directional_extrapolation,high_k_to_low_k,high_k_to_low_k,2028,random_forest,ringdown,k,23,0.000391304347826,0.1565217391304349,0.0,0.0,0.000239935515873
collapsed_equivalence,directional_extrapolation,high_k_to_low_k,high_k_to_low_k,2028,random_forest,ringdown,wq,22,0.0981930059523809,0.3740685941043082,10.0,0.4545454545454545,0.0838471698633154
collapsed_equivalence,directional_extrapolation,high_k_to_low_k,high_k_to_low_k,2028,mlp,ringdown,k,23,3.0359626889882143e-05,0.0121438507559528,23.0,1.0,0.0001640352363739
collapsed_equivalence,directional_extrapolation,high_k_to_low_k,high_k_to_low_k,2028,mlp,ringdown,wq,22,0.0475504428445038,0.1811445441695386,6.0,0.2727272727272727,0.0259321691128376
collapsed_equivalence,directional_extrapolation,high_k_to_low_k,high_k_to_low_k,2028,hgb,photon_geometry,k,23,0.0005207053933251,0.2082821573300709,22.0,0.9565217391304348,0.0009421294432817
collapsed_equivalence,directional_extrapolation,high_k_to_low_k,high_k_to_low_k,2028,hgb,photon_geometry,wq,22,0.0524415043618807,0.1997771594738314,14.0,0.6363636363636364,0.0602760376079476
collapsed_equivalence,directional_extrapolation,high_k_to_low_k,high_k_to_low_k,2028,random_forest,photon_geometry,k,23,0.0004962907249252,0.1985162899700944,22.0,0.9565217391304348,0.0006889252645502
collapsed_equivalence,directional_extrapolation,high_k_to_low_k,high_k_to_low_k,2028,random_forest,photon_geometry,wq,22,0.0447271457130832,0.1703891265260315,19.0,0.8636363636363636,0.0816743055555557
collapsed_equivalence,directional_extrapolation,high_k_to_low_k,high_k_to_low_k,2028,mlp,photon_geometry,k,23,0.0001674017217467,0.0669606886986904,23.0,1.0,0.0052397102431123
collapsed_equivalence,directional_extrapolation,high_k_to_low_k,high_k_to_low_k,2028,mlp,photon_geometry,wq,22,0.0442992157435532,0.1687589171182981,22.0,1.0,0.6444703502514566
collapsed_equivalence,directional_extrapolation,high_k_to_low_k,high_k_to_low_k,2028,hgb,all_shooting,k,23,0.0005086846081092,0.203473843243718,11.0,0.4782608695652174,0.0004625471330851
collapsed_equivalence,directional_extrapolation,high_k_to_low_k,high_k_to_low_k,2028,hgb,all_shooting,wq,22,0.036766621407496,0.1400633196476039,16.0,0.7272727272727273,0.0580717478018966
collapsed_equivalence,directional_extrapolation,high_k_to_low_k,high_k_to_low_k,2028,random_forest,all_shooting,k,23,0.0004459541062801,0.1783816425120774,11.0,0.4782608695652174,0.0005085813492063
collapsed_equivalence,directional_extrapolation,high_k_to_low_k,high_k_to_low_k,2028,random_forest,all_shooting,wq,22,0.0280283512205386,0.1067746713163378,21.0,0.9545454545454546,0.0761593750000003
collapsed_equivalence,directional_extrapolation,high_k_to_low_k,high_k_to_low_k,2028,mlp,all_shooting,k,23,9.615345829179956e-05,0.0384613833167198,23.0,1.0,0.0078215159776518
collapsed_equivalence,directional_extrapolation,high_k_to_low_k,high_k_to_low_k,2028,mlp,all_shooting,wq,22,0.0424132964713477,0.1615744627479913,22.0,1.0,2.138291915694049
collapsed_equivalence,directional_extrapolation,high_k_to_low_k,high_k_to_low_k,2028,hgb,ringdown_plus_photon_geometry,k,23,0.0005034788583528,0.2013915433411254,3.0,0.1304347826086956,0.0003339207340532
collapsed_equivalence,directional_extrapolation,high_k_to_low_k,high_k_to_low_k,2028,hgb,ringdown_plus_photon_geometry,wq,22,0.0477214601886211,0.1817960388137947,14.0,0.6363636363636364,0.0678077610417227
collapsed_equivalence,directional_extrapolation,high_k_to_low_k,high_k_to_low_k,2028,random_forest,ringdown_plus_photon_geometry,k,23,0.000391304347826,0.1565217391304349,0.0,0.0,0.000233125
collapsed_equivalence,directional_extrapolation,high_k_to_low_k,high_k_to_low_k,2028,random_forest,ringdown_plus_photon_geometry,wq,22,0.0436107804232804,0.1661363063744016,20.0,0.9090909090909092,0.0825721147486769
collapsed_equivalence,directional_extrapolation,high_k_to_low_k,high_k_to_low_k,2028,mlp,ringdown_plus_photon_geometry,k,23,8.984108672139234e-05,0.0359364346885569,23.0,1.0,0.0011613838996298
collapsed_equivalence,directional_extrapolation,high_k_to_low_k,high_k_to_low_k,2028,mlp,ringdown_plus_photon_geometry,wq,22,0.0431305236560677,0.1643067567850201,22.0,1.0,0.1180209897909526
collapsed_equivalence,directional_extrapolation,high_k_to_low_k,high_k_to_low_k,2028,hgb,ringdown_plus_all_shooting,k,23,0.0004492851012977,0.1797140405191009,11.0,0.4782608695652174,0.0003496858503386
collapsed_equivalence,directional_extrapolation,high_k_to_low_k,high_k_to_low_k,2028,hgb,ringdown_plus_all_shooting,wq,22,0.0368781889322176,0.1404883387894007,16.0,0.7272727272727273,0.0578008160408493
collapsed_equivalence,directional_extrapolation,high_k_to_low_k,high_k_to_low_k,2028,random_forest,ringdown_plus_all_shooting,k,23,0.000391304347826,0.1565217391304349,0.0,0.0,0.0002244444444444
collapsed_equivalence,directional_extrapolation,high_k_to_low_k,high_k_to_low_k,2028,random_forest,ringdown_plus_all_shooting,wq,22,0.0270003254268878,0.1028583825786203,21.0,0.9545454545454546,0.0764593750000003
collapsed_equivalence,directional_extrapolation,high_k_to_low_k,high_k_to_low_k,2028,mlp,ringdown_plus_all_shooting,k,23,0.0002039690083392,0.0815876033357035,12.0,0.5217391304347826,0.0002472553230644
collapsed_equivalence,directional_extrapolation,high_k_to_low_k,high_k_to_low_k,2028,mlp,ringdown_plus_all_shooting,wq,22,0.0450112845232971,0.1714715600887509,21.0,0.9545454545454546,0.0991413299910505
collapsed_equivalence,directional_extrapolation,high_k_to_low_k,high_k_to_low_k,2029,hgb,ringdown,k,23,0.0005991293583657,0.2396517433462974,0.0,0.0,0.0002594659500553
collapsed_equivalence,directional_extrapolation,high_k_to_low_k,high_k_to_low_k,2029,hgb,ringdown,wq,22,0.0790880733049147,0.3012878983044372,18.0,0.8181818181818182,0.132336304802166
collapsed_equivalence,directional_extrapolation,high_k_to_low_k,high_k_to_low_k,2029,random_forest,ringdown,k,23,0.000391304347826,0.1565217391304349,0.0,0.0,0.0002232465277777
collapsed_equivalence,directional_extrapolation,high_k_to_low_k,high_k_to_low_k,2029,random_forest,ringdown,wq,22,0.0877994896885521,0.3344742464325796,12.0,0.5454545454545454,0.0678287698412697
collapsed_equivalence,directional_extrapolation,high_k_to_low_k,high_k_to_low_k,2029,mlp,ringdown,k,23,9.985194274381824e-05,0.0399407770975272,10.0,0.4347826086956521,7.712285284123578e-05
collapsed_equivalence,directional_extrapolation,high_k_to_low_k,high_k_to_low_k,2029,mlp,ringdown,wq,22,0.054340964943198,0.2070131997836115,7.0,0.3181818181818182,0.0305421973361254
collapsed_equivalence,directional_extrapolation,high_k_to_low_k,high_k_to_low_k,2029,hgb,photon_geometry,k,23,0.0006195657607838,0.2478263043135211,16.0,0.6956521739130435,0.0008789594303249
collapsed_equivalence,directional_extrapolation,high_k_to_low_k,high_k_to_low_k,2029,hgb,photon_geometry,wq,22,0.0507409263042386,0.19329876687329,14.0,0.6363636363636364,0.0510091756099472
collapsed_equivalence,directional_extrapolation,high_k_to_low_k,high_k_to_low_k,2029,random_forest,photon_geometry,k,23,0.0005491087065611,0.2196434826244609,21.0,0.9130434782608696,0.0007371329365079
collapsed_equivalence,directional_extrapolation,high_k_to_low_k,high_k_to_low_k,2029,random_forest,photon_geometry,wq,22,0.0501856646825397,0.1911834845049131,7.0,0.3181818181818182,0.0381422949735456
collapsed_equivalence,directional_extrapolation,high_k_to_low_k,high_k_to_low_k,2029,mlp,photon_geometry,k,23,0.0001142865076535,0.045714603061424,23.0,1.0,0.0003338922405653
collapsed_equivalence,directional_extrapolation,high_k_to_low_k,high_k_to_low_k,2029,mlp,photon_geometry,wq,22,0.0413911421670207,0.1576805415886504,10.0,0.4545454545454545,0.0277991169007071
collapsed_equivalence,directional_extrapolation,high_k_to_low_k,high_k_to_low_k,2029,hgb,all_shooting,k,23,0.0005182722499657,0.2073088999862979,5.0,0.217391304347826,0.0003941955694519
collapsed_equivalence,directional_extrapolation,high_k_to_low_k,high_k_to_low_k,2029,hgb,all_shooting,wq,22,0.0388260823483063,0.147908885136405,14.0,0.6363636363636364,0.0403201539762222
collapsed_equivalence,directional_extrapolation,high_k_to_low_k,high_k_to_low_k,2029,random_forest,all_shooting,k,23,0.0004667953114216,0.1867181245686683,11.0,0.4782608695652174,0.0003809325396825
collapsed_equivalence,directional_extrapolation,high_k_to_low_k,high_k_to_low_k,2029,random_forest,all_shooting,wq,22,0.0397209716209716,0.1513179871275109,9.0,0.4090909090909091,0.0209097222222217
collapsed_equivalence,directional_extrapolation,high_k_to_low_k,high_k_to_low_k,2029,mlp,all_shooting,k,23,0.0008885565294709,0.3554226117883982,23.0,1.0,0.0011932901730401
collapsed_equivalence,directional_extrapolation,high_k_to_low_k,high_k_to_low_k,2029,mlp,all_shooting,wq,22,0.0313509024306573,0.1194320092596469,7.0,0.3181818181818182,0.0169391822049572
collapsed_equivalence,directional_extrapolation,high_k_to_low_k,high_k_to_low_k,2029,hgb,ringdown_plus_photon_geometry,k,23,0.0005688312238886,0.2275324895554672,0.0,0.0,0.0003112373362645
collapsed_equivalence,directional_extrapolation,high_k_to_low_k,high_k_to_low_k,2029,hgb,ringdown_plus_photon_geometry,wq,22,0.050586678732412,0.1927111570758554,13.0,0.5909090909090909,0.0447179244016532
collapsed_equivalence,directional_extrapolation,high_k_to_low_k,high_k_to_low_k,2029,random_forest,ringdown_plus_photon_geometry,k,23,0.000391304347826,0.1565217391304349,0.0,0.0,0.0002156770833333
collapsed_equivalence,directional_extrapolation,high_k_to_low_k,high_k_to_low_k,2029,random_forest,ringdown_plus_photon_geometry,wq,22,0.0496959595959595,0.1893179413179412,8.0,0.3636363636363636,0.0397524801587307
collapsed_equivalence,directional_extrapolation,high_k_to_low_k,high_k_to_low_k,2029,mlp,ringdown_plus_photon_geometry,k,23,0.0001232013695853,0.049280547834134,18.0,0.782608695652174,0.0001717660954932
collapsed_equivalence,directional_extrapolation,high_k_to_low_k,high_k_to_low_k,2029,mlp,ringdown_plus_photon_geometry,wq,22,0.0364871848650692,0.1389987994859782,13.0,0.5909090909090909,0.0389771426238191
collapsed_equivalence,directional_extrapolation,high_k_to_low_k,high_k_to_low_k,2029,hgb,ringdown_plus_all_shooting,k,23,0.0005093723807355,0.2037489522942026,4.0,0.1739130434782608,0.0003326637185382
collapsed_equivalence,directional_extrapolation,high_k_to_low_k,high_k_to_low_k,2029,hgb,ringdown_plus_all_shooting,wq,22,0.039116449714851,0.149015046532766,14.0,0.6363636363636364,0.0403746701285883
collapsed_equivalence,directional_extrapolation,high_k_to_low_k,high_k_to_low_k,2029,random_forest,ringdown_plus_all_shooting,k,23,0.000391304347826,0.1565217391304349,0.0,0.0,0.0001951736111111
collapsed_equivalence,directional_extrapolation,high_k_to_low_k,high_k_to_low_k,2029,random_forest,ringdown_plus_all_shooting,wq,22,0.0396155949374699,0.1509165521427426,9.0,0.4090909090909091,0.0208888888888884
collapsed_equivalence,directional_extrapolation,high_k_to_low_k,high_k_to_low_k,2029,mlp,ringdown_plus_all_shooting,k,23,0.0001412971438981,0.0565188575592534,21.0,0.9130434782608696,0.0001897402182994
collapsed_equivalence,directional_extrapolation,high_k_to_low_k,high_k_to_low_k,2029,mlp,ringdown_plus_all_shooting,wq,22,0.0367463130667993,0.1399859545401879,13.0,0.5909090909090909,0.0352582071195963
collapsed_equivalence,directional_extrapolation,high_k_to_low_k,high_k_to_low_k,2030,hgb,ringdown,k,23,0.0005676317152036,0.2270526860814684,0.0,0.0,0.0003236726326224
collapsed_equivalence,directional_extrapolation,high_k_to_low_k,high_k_to_low_k,2030,hgb,ringdown,wq,22,0.0757681468400642,0.2886405593907208,22.0,1.0,0.1467829485740401
collapsed_equivalence,directional_extrapolation,high_k_to_low_k,high_k_to_low_k,2030,random_forest,ringdown,k,23,0.0003926177536231,0.1570471014492755,8.0,0.3478260869565217,0.0002520833333333
collapsed_equivalence,directional_extrapolation,high_k_to_low_k,high_k_to_low_k,2030,random_forest,ringdown,wq,22,0.0922203237734487,0.3513155191369474,12.0,0.5454545454545454,0.1072115410052907
collapsed_equivalence,directional_extrapolation,high_k_to_low_k,high_k_to_low_k,2030,mlp,ringdown,k,23,9.714846565023513e-05,0.038859386260094,22.0,0.9565217391304348,0.0001467185060222
collapsed_equivalence,directional_extrapolation,high_k_to_low_k,high_k_to_low_k,2030,mlp,ringdown,wq,22,0.0538676027577314,0.2052099152675484,3.0,0.1363636363636363,0.0160019050778207
collapsed_equivalence,directional_extrapolation,high_k_to_low_k,high_k_to_low_k,2030,hgb,photon_geometry,k,23,0.0005682710263767,0.2273084105506806,15.0,0.6521739130434783,0.0008391502705983
collapsed_equivalence,directional_extrapolation,high_k_to_low_k,high_k_to_low_k,2030,hgb,photon_geometry,wq,22,0.0468466568696981,0.178463454741707,11.0,0.5,0.0435348753950155
collapsed_equivalence,directional_extrapolation,high_k_to_low_k,high_k_to_low_k,2030,random_forest,photon_geometry,k,23,0.0005372999175241,0.214919967009641,15.0,0.6521739130434783,0.0005957986111111
collapsed_equivalence,directional_extrapolation,high_k_to_low_k,high_k_to_low_k,2030,random_forest,photon_geometry,wq,22,0.0496111644721019,0.188994912274674,4.0,0.1818181818181818,0.0314572916666668
collapsed_equivalence,directional_extrapolation,high_k_to_low_k,high_k_to_low_k,2030,mlp,photon_geometry,k,23,0.0009191565434402,0.3676626173761015,2.0,0.0869565217391304,0.0007155089735848
collapsed_equivalence,directional_extrapolation,high_k_to_low_k,high_k_to_low_k,2030,mlp,photon_geometry,wq,22,0.0427319896584907,0.1627885320323456,7.0,0.3181818181818182,0.0199793667268092
collapsed_equivalence,directional_extrapolation,high_k_to_low_k,high_k_to_low_k,2030,hgb,all_shooting,k,23,0.0004977267300864,0.1990906920345748,12.0,0.5217391304347826,0.0004496615733464
collapsed_equivalence,directional_extrapolation,high_k_to_low_k,high_k_to_low_k,2030,hgb,all_shooting,wq,22,0.0406590581476595,0.1548916500863219,14.0,0.6363636363636364,0.0449147386129548
collapsed_equivalence,directional_extrapolation,high_k_to_low_k,high_k_to_low_k,2030,random_forest,all_shooting,k,23,0.0004661594202898,0.1864637681159422,4.0,0.1739130434782608,0.0003072371031746
collapsed_equivalence,directional_extrapolation,high_k_to_low_k,high_k_to_low_k,2030,random_forest,all_shooting,wq,22,0.0471270833333333,0.1795317460317461,10.0,0.4545454545454545,0.0279513888888882
collapsed_equivalence,directional_extrapolation,high_k_to_low_k,high_k_to_low_k,2030,mlp,all_shooting,k,23,0.0001045856188169,0.0418342475267705,15.0,0.6521739130434783,0.0001357446214023
collapsed_equivalence,directional_extrapolation,high_k_to_low_k,high_k_to_low_k,2030,mlp,all_shooting,wq,22,0.0456444482844136,0.173883612512052,6.0,0.2727272727272727,0.0261991305987399
collapsed_equivalence,directional_extrapolation,high_k_to_low_k,high_k_to_low_k,2030,hgb,ringdown_plus_photon_geometry,k,23,0.0005664106627976,0.2265642651190401,3.0,0.1304347826086956,0.0003513293573834
collapsed_equivalence,directional_extrapolation,high_k_to_low_k,high_k_to_low_k,2030,hgb,ringdown_plus_photon_geometry,wq,22,0.0469912613962265,0.179014329128482,10.0,0.4545454545454545,0.0370213733840794
collapsed_equivalence,directional_extrapolation,high_k_to_low_k,high_k_to_low_k,2030,random_forest,ringdown_plus_photon_geometry,k,23,0.0003932518115942,0.1573007246376813,2.0,0.0869565217391304,0.0002520833333333
collapsed_equivalence,directional_extrapolation,high_k_to_low_k,high_k_to_low_k,2030,random_forest,ringdown_plus_photon_geometry,wq,22,0.0483723642676767,0.1842756734006734,4.0,0.1818181818181818,0.0307218750000003
collapsed_equivalence,directional_extrapolation,high_k_to_low_k,high_k_to_low_k,2030,mlp,ringdown_plus_photon_geometry,k,23,9.76939128120832e-05,0.0390775651248332,23.0,1.0,0.0002154162287718
collapsed_equivalence,directional_extrapolation,high_k_to_low_k,high_k_to_low_k,2030,mlp,ringdown_plus_photon_geometry,wq,22,0.0377822794331737,0.1439324930787571,9.0,0.4090909090909091,0.0309541009768075
collapsed_equivalence,directional_extrapolation,high_k_to_low_k,high_k_to_low_k,2030,hgb,ringdown_plus_all_shooting,k,23,0.0004976936015727,0.1990774406290865,2.0,0.0869565217391304,0.0002797243860974
collapsed_equivalence,directional_extrapolation,high_k_to_low_k,high_k_to_low_k,2030,hgb,ringdown_plus_all_shooting,wq,22,0.0414866903496517,0.15804453466534,14.0,0.6363636363636364,0.0435424455623197
collapsed_equivalence,directional_extrapolation,high_k_to_low_k,high_k_to_low_k,2030,random_forest,ringdown_plus_all_shooting,k,23,0.0003923460144927,0.1569384057971016,0.0,0.0,0.0002499999999999
collapsed_equivalence,directional_extrapolation,high_k_to_low_k,high_k_to_low_k,2030,random_forest,ringdown_plus_all_shooting,wq,22,0.0470269946488697,0.179150455805218,10.0,0.4545454545454545,0.0278819444444436
collapsed_equivalence,directional_extrapolation,high_k_to_low_k,high_k_to_low_k,2030,mlp,ringdown_plus_all_shooting,k,23,0.0001777468030996,0.071098721239855,11.0,0.4782608695652174,0.0001393138183366
collapsed_equivalence,directional_extrapolation,high_k_to_low_k,high_k_to_low_k,2030,mlp,ringdown_plus_all_shooting,wq,22,0.0438519438265491,0.1670550241011398,7.0,0.3181818181818182,0.0280836911500188
collapsed_equivalence,directional_extrapolation,high_wq_to_low_wq,high_wq_to_low_wq,2026,hgb,ringdown,k,30,0.0002010869981872,0.0804347992749077,27.0,0.9,0.0004648283661521
collapsed_equivalence,directional_extrapolation,high_wq_to_low_wq,high_wq_to_low_wq,2026,hgb,ringdown,wq,30,0.1252619227456113,0.4771882771261382,10.0,0.3333333333333333,0.1078798946267627
collapsed_equivalence,directional_extrapolation,high_wq_to_low_wq,high_wq_to_low_wq,2026,random_forest,ringdown,k,30,0.0001321084656084,0.0528433862433862,27.0,0.9,0.0002492609126984
collapsed_equivalence,directional_extrapolation,high_wq_to_low_wq,high_wq_to_low_wq,2026,random_forest,ringdown,wq,30,0.0954432746111912,0.3635934270902523,23.0,0.7666666666666667,0.1148380065536315
collapsed_equivalence,directional_extrapolation,high_wq_to_low_wq,high_wq_to_low_wq,2026,mlp,ringdown,k,30,0.0001037232582733,0.0414893033093563,10.0,0.3333333333333333,5.5681554641144994e-05
collapsed_equivalence,directional_extrapolation,high_wq_to_low_wq,high_wq_to_low_wq,2026,mlp,ringdown,wq,30,0.0261027097258125,0.0994388941935717,19.0,0.6333333333333333,0.0309328909271139
collapsed_equivalence,directional_extrapolation,high_wq_to_low_wq,high_wq_to_low_wq,2026,hgb,photon_geometry,k,30,0.0005547458892997,0.2218983557199183,21.0,0.7,0.0007087949844626
collapsed_equivalence,directional_extrapolation,high_wq_to_low_wq,high_wq_to_low_wq,2026,hgb,photon_geometry,wq,30,0.0574354330978947,0.2188016498967419,20.0,0.6666666666666666,0.0599815799266496
collapsed_equivalence,directional_extrapolation,high_wq_to_low_wq,high_wq_to_low_wq,2026,random_forest,photon_geometry,k,30,0.0005874619433421,0.2349847773368605,13.0,0.4333333333333333,0.0005846279761904
collapsed_equivalence,directional_extrapolation,high_wq_to_low_wq,high_wq_to_low_wq,2026,random_forest,photon_geometry,wq,30,0.0575905324074071,0.2193925044091701,9.0,0.3,0.0511582341269841
collapsed_equivalence,directional_extrapolation,high_wq_to_low_wq,high_wq_to_low_wq,2026,mlp,photon_geometry,k,30,0.0016106328908131,0.6442531563252524,13.0,0.4333333333333333,0.0009986334573925
collapsed_equivalence,directional_extrapolation,high_wq_to_low_wq,high_wq_to_low_wq,2026,mlp,photon_geometry,wq,30,0.3068735434411902,1.1690420702521531,17.0,0.5666666666666667,0.0396524603522249
collapsed_equivalence,directional_extrapolation,high_wq_to_low_wq,high_wq_to_low_wq,2026,hgb,all_shooting,k,30,0.0005157546164876,0.2063018465950612,9.0,0.3,0.0001972435057757
collapsed_equivalence,directional_extrapolation,high_wq_to_low_wq,high_wq_to_low_wq,2026,hgb,all_shooting,wq,30,0.0618772401155548,0.2357228194878281,8.0,0.2666666666666666,0.0367815906850204
collapsed_equivalence,directional_extrapolation,high_wq_to_low_wq,high_wq_to_low_wq,2026,random_forest,all_shooting,k,30,0.0005483900738536,0.2193560295414462,13.0,0.4333333333333333,0.0002803124999999
collapsed_equivalence,directional_extrapolation,high_wq_to_low_wq,high_wq_to_low_wq,2026,random_forest,all_shooting,wq,30,0.0517888888888884,0.1972910052910036,10.0,0.3333333333333333,0.0293749999999999
collapsed_equivalence,directional_extrapolation,high_wq_to_low_wq,high_wq_to_low_wq,2026,mlp,all_shooting,k,30,0.027447386450246,10.978954580098412,11.0,0.3666666666666666,0.000328247695985
collapsed_equivalence,directional_extrapolation,high_wq_to_low_wq,high_wq_to_low_wq,2026,mlp,all_shooting,wq,30,6.128999146093307,23.34856817559355,7.0,0.2333333333333333,0.0288766146905127
collapsed_equivalence,directional_extrapolation,high_wq_to_low_wq,high_wq_to_low_wq,2026,hgb,ringdown_plus_photon_geometry,k,30,0.0001952741265642,0.07810965062568,30.0,1.0,0.0005583279221245
collapsed_equivalence,directional_extrapolation,high_wq_to_low_wq,high_wq_to_low_wq,2026,hgb,ringdown_plus_photon_geometry,wq,30,0.0607309732805478,0.2313560886878013,11.0,0.3666666666666666,0.056158845815492
collapsed_equivalence,directional_extrapolation,high_wq_to_low_wq,high_wq_to_low_wq,2026,random_forest,ringdown_plus_photon_geometry,k,30,0.0001475940806878,0.0590376322751323,27.0,0.9,0.0002796874999999
collapsed_equivalence,directional_extrapolation,high_wq_to_low_wq,high_wq_to_low_wq,2026,random_forest,ringdown_plus_photon_geometry,wq,30,0.0580884689153436,0.2212894053917854,9.0,0.3,0.050717261904762
collapsed_equivalence,directional_extrapolation,high_wq_to_low_wq,high_wq_to_low_wq,2026,mlp,ringdown_plus_photon_geometry,k,30,0.00129645141739,0.5185805669560395,18.0,0.6,0.000124598835808
collapsed_equivalence,directional_extrapolation,high_wq_to_low_wq,high_wq_to_low_wq,2026,mlp,ringdown_plus_photon_geometry,wq,30,0.2774369915856841,1.0569028250883206,13.0,0.4333333333333333,0.0250054852753821
collapsed_equivalence,directional_extrapolation,high_wq_to_low_wq,high_wq_to_low_wq,2026,hgb,ringdown_plus_all_shooting,k,30,0.0001732484506152,0.0692993802461041,22.0,0.7333333333333333,0.0002596750103217
collapsed_equivalence,directional_extrapolation,high_wq_to_low_wq,high_wq_to_low_wq,2026,hgb,ringdown_plus_all_shooting,wq,30,0.0618772401155548,0.2357228194878281,8.0,0.2666666666666666,0.0367815906850204
collapsed_equivalence,directional_extrapolation,high_wq_to_low_wq,high_wq_to_low_wq,2026,random_forest,ringdown_plus_all_shooting,k,30,0.0001397728174603,0.055909126984127,27.0,0.9,0.0002994791666666
collapsed_equivalence,directional_extrapolation,high_wq_to_low_wq,high_wq_to_low_wq,2026,random_forest,ringdown_plus_all_shooting,wq,30,0.0522472222222218,0.1990370370370355,10.0,0.3333333333333333,0.0295937499999999
collapsed_equivalence,directional_extrapolation,high_wq_to_low_wq,high_wq_to_low_wq,2026,mlp,ringdown_plus_all_shooting,k,30,0.0441739924952234,17.669596998089375,10.0,0.3333333333333333,0.0001818176891543
collapsed_equivalence,directional_extrapolation,high_wq_to_low_wq,high_wq_to_low_wq,2026,mlp,ringdown_plus_all_shooting,wq,30,3.645839389445864,13.888911959793766,12.0,0.4,0.0361854148967902
collapsed_equivalence,directional_extrapolation,high_wq_to_low_wq,high_wq_to_low_wq,2027,hgb,ringdown,k,30,0.0001724772997799,0.0689909199119884,30.0,1.0,0.0003413583101776
collapsed_equivalence,directional_extrapolation,high_wq_to_low_wq,high_wq_to_low_wq,2027,hgb,ringdown,wq,30,0.1231130277266698,0.4690020103873138,11.0,0.3666666666666666,0.1165770922604796
collapsed_equivalence,directional_extrapolation,high_wq_to_low_wq,high_wq_to_low_wq,2027,random_forest,ringdown,k,30,0.0001196396329365,0.0478558531746032,24.0,0.8,0.0001867063492063
collapsed_equivalence,directional_extrapolation,high_wq_to_low_wq,high_wq_to_low_wq,2027,random_forest,ringdown,wq,30,0.0912674641754849,0.3476855778113711,21.0,0.7,0.0992449900793649
collapsed_equivalence,directional_extrapolation,high_wq_to_low_wq,high_wq_to_low_wq,2027,mlp,ringdown,k,30,0.0002385940204156,0.0954376081662658,19.0,0.6333333333333333,0.0002745827066754
collapsed_equivalence,directional_extrapolation,high_wq_to_low_wq,high_wq_to_low_wq,2027,mlp,ringdown,wq,30,0.1883846089105999,0.7176556529927616,0.0,0.0,0.1322775342833014
collapsed_equivalence,directional_extrapolation,high_wq_to_low_wq,high_wq_to_low_wq,2027,hgb,photon_geometry,k,30,0.0005966122097481,0.2386448838992402,24.0,0.8,0.0009558046874991
collapsed_equivalence,directional_extrapolation,high_wq_to_low_wq,high_wq_to_low_wq,2027,hgb,photon_geometry,wq,30,0.0604973162004785,0.2304659664780133,10.0,0.3333333333333333,0.0565727088533302
collapsed_equivalence,directional_extrapolation,high_wq_to_low_wq,high_wq_to_low_wq,2027,random_forest,photon_geometry,k,30,0.0005752278990299,0.2300911596119928,16.0,0.5333333333333333,0.0006183556547619
collapsed_equivalence,directional_extrapolation,high_wq_to_low_wq,high_wq_to_low_wq,2027,random_forest,photon_geometry,wq,30,0.0563165575396821,0.2145392668178369,21.0,0.7,0.0737967261904768
collapsed_equivalence,directional_extrapolation,high_wq_to_low_wq,high_wq_to_low_wq,2027,mlp,photon_geometry,k,30,0.001586326412147,0.6345305648588367,12.0,0.4,9.891752991907522e-05
collapsed_equivalence,directional_extrapolation,high_wq_to_low_wq,high_wq_to_low_wq,2027,mlp,photon_geometry,wq,30,0.7949243487271891,3.0282832332464347,12.0,0.4,0.022627912570843
collapsed_equivalence,directional_extrapolation,high_wq_to_low_wq,high_wq_to_low_wq,2027,hgb,all_shooting,k,30,0.0004912247541473,0.1964899016589346,18.0,0.6,0.0003695926008194
collapsed_equivalence,directional_extrapolation,high_wq_to_low_wq,high_wq_to_low_wq,2027,hgb,all_shooting,wq,30,0.0597748737368252,0.227713804711715,0.0,0.0,0.0301542961093209
collapsed_equivalence,directional_extrapolation,high_wq_to_low_wq,high_wq_to_low_wq,2027,random_forest,all_shooting,k,30,0.0005367546296296,0.2147018518518518,9.0,0.3,0.0002841121031746
collapsed_equivalence,directional_extrapolation,high_wq_to_low_wq,high_wq_to_low_wq,2027,random_forest,all_shooting,wq,30,0.0522111111111106,0.1988994708994692,10.0,0.3333333333333333,0.0349660218253968
collapsed_equivalence,directional_extrapolation,high_wq_to_low_wq,high_wq_to_low_wq,2027,mlp,all_shooting,k,30,0.032947324708993,13.178929883597206,9.0,0.3,0.0002474549010038
collapsed_equivalence,directional_extrapolation,high_wq_to_low_wq,high_wq_to_low_wq,2027,mlp,all_shooting,wq,30,2.3208215976232243,8.841225133802759,12.0,0.4,0.034310947858226
collapsed_equivalence,directional_extrapolation,high_wq_to_low_wq,high_wq_to_low_wq,2027,hgb,ringdown_plus_photon_geometry,k,30,0.0001757140795312,0.0702856318125123,24.0,0.8,0.0002653109993065
collapsed_equivalence,directional_extrapolation,high_wq_to_low_wq,high_wq_to_low_wq,2027,hgb,ringdown_plus_photon_geometry,wq,30,0.0612695105832377,0.2334076593647152,16.0,0.5333333333333333,0.0631065595156684
collapsed_equivalence,directional_extrapolation,high_wq_to_low_wq,high_wq_to_low_wq,2027,random_forest,ringdown_plus_photon_geometry,k,30,0.0001326836144179,0.0530734457671959,14.0,0.4666666666666667,0.0001509201388888
collapsed_equivalence,directional_extrapolation,high_wq_to_low_wq,high_wq_to_low_wq,2027,random_forest,ringdown_plus_photon_geometry,wq,30,0.0579284755291001,0.2206799067775244,19.0,0.6333333333333333,0.0721463293650798
collapsed_equivalence,directional_extrapolation,high_wq_to_low_wq,high_wq_to_low_wq,2027,mlp,ringdown_plus_photon_geometry,k,30,0.0025497878157872,1.019915126314913,5.0,0.1666666666666666,0.0001281814825721
collapsed_equivalence,directional_extrapolation,high_wq_to_low_wq,high_wq_to_low_wq,2027,mlp,ringdown_plus_photon_geometry,wq,30,0.4741267588007322,1.8061971763837417,13.0,0.4333333333333333,0.0310250056509489
collapsed_equivalence,directional_extrapolation,high_wq_to_low_wq,high_wq_to_low_wq,2027,hgb,ringdown_plus_all_shooting,k,30,0.0001516244618473,0.0606497847389236,27.0,0.9,0.0003009064394305
collapsed_equivalence,directional_extrapolation,high_wq_to_low_wq,high_wq_to_low_wq,2027,hgb,ringdown_plus_all_shooting,wq,30,0.0598035279224657,0.2278229635141554,0.0,0.0,0.0302348392077578
collapsed_equivalence,directional_extrapolation,high_wq_to_low_wq,high_wq_to_low_wq,2027,random_forest,ringdown_plus_all_shooting,k,30,0.0001258773148148,0.0503509259259261,14.0,0.4666666666666667,0.0001324652777777
collapsed_equivalence,directional_extrapolation,high_wq_to_low_wq,high_wq_to_low_wq,2027,random_forest,ringdown_plus_all_shooting,wq,30,0.0521652777777773,0.198724867724866,10.0,0.3333333333333333,0.0336639384920635
collapsed_equivalence,directional_extrapolation,high_wq_to_low_wq,high_wq_to_low_wq,2027,mlp,ringdown_plus_all_shooting,k,30,0.00232307460764,0.9292298430560222,1.0,0.0333333333333333,0.0001660835080053
collapsed_equivalence,directional_extrapolation,high_wq_to_low_wq,high_wq_to_low_wq,2027,mlp,ringdown_plus_all_shooting,wq,30,4.330727925362919,16.49801114423969,5.0,0.1666666666666666,0.0201981332189853
collapsed_equivalence,directional_extrapolation,high_wq_to_low_wq,high_wq_to_low_wq,2028,hgb,ringdown,k,30,0.0002121014680216,0.0848405872086411,30.0,1.0,0.0003819156763877
collapsed_equivalence,directional_extrapolation,high_wq_to_low_wq,high_wq_to_low_wq,2028,hgb,ringdown,wq,30,0.1293419253807324,0.492731144307552,7.0,0.2333333333333333,0.1095446252825111
collapsed_equivalence,directional_extrapolation,high_wq_to_low_wq,high_wq_to_low_wq,2028,random_forest,ringdown,k,30,0.0001318542493386,0.0527416997354499,30.0,1.0,0.0002733606150793
collapsed_equivalence,directional_extrapolation,high_wq_to_low_wq,high_wq_to_low_wq,2028,random_forest,ringdown,wq,30,0.0875400898368607,0.3334860565213741,29.0,0.9666666666666668,0.1289944113756614
collapsed_equivalence,directional_extrapolation,high_wq_to_low_wq,high_wq_to_low_wq,2028,mlp,ringdown,k,30,3.892262557079724e-05,0.0155690502283188,30.0,1.0,0.0001995487888395
collapsed_equivalence,directional_extrapolation,high_wq_to_low_wq,high_wq_to_low_wq,2028,mlp,ringdown,wq,30,0.04021913730129,0.1532157611477716,12.0,0.4,0.0211462096140597
collapsed_equivalence,directional_extrapolation,high_wq_to_low_wq,high_wq_to_low_wq,2028,hgb,photon_geometry,k,30,0.0005693629753809,0.2277451901523648,21.0,0.7,0.0007554006430864
collapsed_equivalence,directional_extrapolation,high_wq_to_low_wq,high_wq_to_low_wq,2028,hgb,photon_geometry,wq,30,0.0632828330215763,0.2410774591298147,2.0,0.0666666666666666,0.0383080666030833
collapsed_equivalence,directional_extrapolation,high_wq_to_low_wq,high_wq_to_low_wq,2028,random_forest,photon_geometry,k,30,0.000590221863977,0.2360887455908289,15.0,0.5,0.0005996006944444
collapsed_equivalence,directional_extrapolation,high_wq_to_low_wq,high_wq_to_low_wq,2028,random_forest,photon_geometry,wq,30,0.0587278273809521,0.2237250566893414,7.0,0.2333333333333333,0.0358794642857142
collapsed_equivalence,directional_extrapolation,high_wq_to_low_wq,high_wq_to_low_wq,2028,mlp,photon_geometry,k,30,0.000541043395014,0.2164173580056066,15.0,0.5,0.0002755162400621
collapsed_equivalence,directional_extrapolation,high_wq_to_low_wq,high_wq_to_low_wq,2028,mlp,photon_geometry,wq,30,0.1046813743734453,0.3987861880893156,13.0,0.4333333333333333,0.0798952652913106
collapsed_equivalence,directional_extrapolation,high_wq_to_low_wq,high_wq_to_low_wq,2028,hgb,all_shooting,k,30,0.000549022883544,0.2196091534176163,20.0,0.6666666666666666,0.000497667979893
collapsed_equivalence,directional_extrapolation,high_wq_to_low_wq,high_wq_to_low_wq,2028,hgb,all_shooting,wq,30,0.0635464871834127,0.2420818559368105,9.0,0.3,0.0438770946729443
collapsed_equivalence,directional_extrapolation,high_wq_to_low_wq,high_wq_to_low_wq,2028,random_forest,all_shooting,k,30,0.0005664131117724,0.2265652447089947,18.0,0.6,0.0003418973214285
collapsed_equivalence,directional_extrapolation,high_wq_to_low_wq,high_wq_to_low_wq,2028,random_forest,all_shooting,wq,30,0.0521986111111106,0.1988518518518502,10.0,0.3333333333333333,0.0322996031746033
collapsed_equivalence,directional_extrapolation,high_wq_to_low_wq,high_wq_to_low_wq,2028,mlp,all_shooting,k,30,0.0643909355805955,25.756374232238223,8.0,0.2666666666666666,0.0003469721664998
collapsed_equivalence,directional_extrapolation,high_wq_to_low_wq,high_wq_to_low_wq,2028,mlp,all_shooting,wq,30,8.295110514338827,31.600421007005053,13.0,0.4333333333333333,0.0422750532457736
collapsed_equivalence,directional_extrapolation,high_wq_to_low_wq,high_wq_to_low_wq,2028,hgb,ringdown_plus_photon_geometry,k,30,0.0002230911102472,0.0892364440989049,30.0,1.0,0.0004359990750638
collapsed_equivalence,directional_extrapolation,high_wq_to_low_wq,high_wq_to_low_wq,2028,hgb,ringdown_plus_photon_geometry,wq,30,0.0649809622637156,0.247546522909393,5.0,0.1666666666666666,0.0427960100367655
collapsed_equivalence,directional_extrapolation,high_wq_to_low_wq,high_wq_to_low_wq,2028,random_forest,ringdown_plus_photon_geometry,k,30,0.0001345759755291,0.0538303902116404,30.0,1.0,0.0002301512896825
collapsed_equivalence,directional_extrapolation,high_wq_to_low_wq,high_wq_to_low_wq,2028,random_forest,ringdown_plus_photon_geometry,wq,30,0.0589026322751319,0.2243909800957408,6.0,0.2,0.0357509920634921
collapsed_equivalence,directional_extrapolation,high_wq_to_low_wq,high_wq_to_low_wq,2028,mlp,ringdown_plus_photon_geometry,k,30,0.0002099477695725,0.0839791078290104,15.0,0.5,0.000141936951572
collapsed_equivalence,directional_extrapolation,high_wq_to_low_wq,high_wq_to_low_wq,2028,mlp,ringdown_plus_photon_geometry,wq,30,0.0428091044011315,0.1630823024805009,20.0,0.6666666666666666,0.0354892022745363
collapsed_equivalence,directional_extrapolation,high_wq_to_low_wq,high_wq_to_low_wq,2028,hgb,ringdown_plus_all_shooting,k,30,0.0002134476925689,0.0853790770275656,28.0,0.9333333333333332,0.0004186247283253
collapsed_equivalence,directional_extrapolation,high_wq_to_low_wq,high_wq_to_low_wq,2028,hgb,ringdown_plus_all_shooting,wq,30,0.0635464871834127,0.2420818559368105,9.0,0.3,0.0438770946729443
collapsed_equivalence,directional_extrapolation,high_wq_to_low_wq,high_wq_to_low_wq,2028,random_forest,ringdown_plus_all_shooting,k,30,0.0001246125165343,0.0498450066137567,24.0,0.8,0.0001966840277777
collapsed_equivalence,directional_extrapolation,high_wq_to_low_wq,high_wq_to_low_wq,2028,random_forest,ringdown_plus_all_shooting,wq,30,0.052186944444444,0.1988074074074058,10.0,0.3333333333333333,0.0332197420634922
collapsed_equivalence,directional_extrapolation,high_wq_to_low_wq,high_wq_to_low_wq,2028,mlp,ringdown_plus_all_shooting,k,30,0.0135022415101004,5.400896604040195,14.0,0.4666666666666667,0.0003030192643017
collapsed_equivalence,directional_extrapolation,high_wq_to_low_wq,high_wq_to_low_wq,2028,mlp,ringdown_plus_all_shooting,wq,30,3.012107979249216,11.474697063806536,0.0,0.0,0.0962593235793072
collapsed_equivalence,directional_extrapolation,high_wq_to_low_wq,high_wq_to_low_wq,2029,hgb,ringdown,k,30,0.0001646546756052,0.0658618702421029,27.0,0.9,0.0003566840892227
collapsed_equivalence,directional_extrapolation,high_wq_to_low_wq,high_wq_to_low_wq,2029,hgb,ringdown,wq,30,0.1247762832586541,0.4753382219377299,12.0,0.4,0.11356544093784
collapsed_equivalence,directional_extrapolation,high_wq_to_low_wq,high_wq_to_low_wq,2029,random_forest,ringdown,k,30,0.0001086806382275,0.0434722552910054,30.0,1.0,0.0002468055555555
collapsed_equivalence,directional_extrapolation,high_wq_to_low_wq,high_wq_to_low_wq,2029,random_forest,ringdown,wq,30,0.0922572411731787,0.3514561568502046,10.0,0.3333333333333333,0.0807050213675212
collapsed_equivalence,directional_extrapolation,high_wq_to_low_wq,high_wq_to_low_wq,2029,mlp,ringdown,k,30,0.0002888327888779,0.1155331155511859,23.0,0.7666666666666667,0.0003661626699526
collapsed_equivalence,directional_extrapolation,high_wq_to_low_wq,high_wq_to_low_wq,2029,mlp,ringdown,wq,30,0.1733925229637441,0.6605429446237873,5.0,0.1666666666666666,0.1453933311889688
collapsed_equivalence,directional_extrapolation,high_wq_to_low_wq,high_wq_to_low_wq,2029,hgb,photon_geometry,k,30,0.000538277339025,0.2153109356100075,22.0,0.7333333333333333,0.0007414583701203
collapsed_equivalence,directional_extrapolation,high_wq_to_low_wq,high_wq_to_low_wq,2029,hgb,photon_geometry,wq,30,0.0623641860779678,0.2375778517255916,12.0,0.4,0.0565881575353495
collapsed_equivalence,directional_extrapolation,high_wq_to_low_wq,high_wq_to_low_wq,2029,random_forest,photon_geometry,k,30,0.0005436380621693,0.2174552248677248,14.0,0.4666666666666667,0.0005298561507936
collapsed_equivalence,directional_extrapolation,high_wq_to_low_wq,high_wq_to_low_wq,2029,random_forest,photon_geometry,wq,30,0.0572412830687828,0.2180620307382202,9.0,0.3,0.047138392857143
collapsed_equivalence,directional_extrapolation,high_wq_to_low_wq,high_wq_to_low_wq,2029,mlp,photon_geometry,k,30,0.0012402933425653,0.496117337026146,14.0,0.4666666666666667,0.0004427671599288
collapsed_equivalence,directional_extrapolation,high_wq_to_low_wq,high_wq_to_low_wq,2029,mlp,photon_geometry,wq,30,0.6136200404803375,2.337600154210809,7.0,0.2333333333333333,0.0358503949937492
collapsed_equivalence,directional_extrapolation,high_wq_to_low_wq,high_wq_to_low_wq,2029,hgb,all_shooting,k,30,0.0004988852958823,0.1995541183529208,22.0,0.7333333333333333,0.000594868339042
collapsed_equivalence,directional_extrapolation,high_wq_to_low_wq,high_wq_to_low_wq,2029,hgb,all_shooting,wq,30,0.0633338667602126,0.2412718733722387,0.0,0.0,0.0179814919160791
collapsed_equivalence,directional_extrapolation,high_wq_to_low_wq,high_wq_to_low_wq,2029,random_forest,all_shooting,k,30,0.0005353355654761,0.2141342261904761,17.0,0.5666666666666667,0.0003792013888888
collapsed_equivalence,directional_extrapolation,high_wq_to_low_wq,high_wq_to_low_wq,2029,random_forest,all_shooting,wq,30,0.0518979166666662,0.1977063492063475,0.0,0.0,0.0166458333333328
collapsed_equivalence,directional_extrapolation,high_wq_to_low_wq,high_wq_to_low_wq,2029,mlp,all_shooting,k,30,0.0314992646484867,12.599705859394716,14.0,0.4666666666666667,0.0002528660222849
collapsed_equivalence,directional_extrapolation,high_wq_to_low_wq,high_wq_to_low_wq,2029,mlp,all_shooting,wq,30,8.379117803552631,31.9204487754386,5.0,0.1666666666666666,0.0148265605680675
collapsed_equivalence,directional_extrapolation,high_wq_to_low_wq,high_wq_to_low_wq,2029,hgb,ringdown_plus_photon_geometry,k,30,0.0001417315766733,0.0566926306693207,30.0,1.0,0.0004441335219067
collapsed_equivalence,directional_extrapolation,high_wq_to_low_wq,high_wq_to_low_wq,2029,hgb,ringdown_plus_photon_geometry,wq,30,0.0621925178723849,0.2369238776090856,10.0,0.3333333333333333,0.0554766062650837
collapsed_equivalence,directional_extrapolation,high_wq_to_low_wq,high_wq_to_low_wq,2029,random_forest,ringdown_plus_photon_geometry,k,30,0.0001109983465608,0.0443993386243387,30.0,1.0,0.0002357043650793
collapsed_equivalence,directional_extrapolation,high_wq_to_low_wq,high_wq_to_low_wq,2029,random_forest,ringdown_plus_photon_geometry,wq,30,0.0580794246031743,0.2212549508692354,9.0,0.3,0.0471148313492065
collapsed_equivalence,directional_extrapolation,high_wq_to_low_wq,high_wq_to_low_wq,2029,mlp,ringdown_plus_photon_geometry,k,30,0.0005065347400421,0.2026138960168747,13.0,0.4333333333333333,0.0001332297064562
collapsed_equivalence,directional_extrapolation,high_wq_to_low_wq,high_wq_to_low_wq,2029,mlp,ringdown_plus_photon_geometry,wq,30,0.1557654686219784,0.5933922614170606,14.0,0.4666666666666667,0.038135011017481
collapsed_equivalence,directional_extrapolation,high_wq_to_low_wq,high_wq_to_low_wq,2029,hgb,ringdown_plus_all_shooting,k,30,0.0001467847750668,0.0587139100267244,29.0,0.9666666666666668,0.000433010486816
collapsed_equivalence,directional_extrapolation,high_wq_to_low_wq,high_wq_to_low_wq,2029,hgb,ringdown_plus_all_shooting,wq,30,0.0635206960073657,0.2419836038375839,0.0,0.0,0.0180828013959697
collapsed_equivalence,directional_extrapolation,high_wq_to_low_wq,high_wq_to_low_wq,2029,random_forest,ringdown_plus_all_shooting,k,30,9.323478835978867e-05,0.0372939153439154,30.0,1.0,0.0002141121031746
collapsed_equivalence,directional_extrapolation,high_wq_to_low_wq,high_wq_to_low_wq,2029,random_forest,ringdown_plus_all_shooting,wq,30,0.0518215277777773,0.1974153439153422,0.0,0.0,0.0144236111111106
collapsed_equivalence,directional_extrapolation,high_wq_to_low_wq,high_wq_to_low_wq,2029,mlp,ringdown_plus_all_shooting,k,30,0.0444888966392286,17.79555865569146,6.0,0.2,0.0001774406456754
collapsed_equivalence,directional_extrapolation,high_wq_to_low_wq,high_wq_to_low_wq,2029,mlp,ringdown_plus_all_shooting,wq,30,6.398507686582622,24.375267377457607,5.0,0.1666666666666666,0.0216490138953281
collapsed_equivalence,directional_extrapolation,high_wq_to_low_wq,high_wq_to_low_wq,2030,hgb,ringdown,k,30,0.0002062053136162,0.0824821254465086,27.0,0.9,0.0002864565278412
collapsed_equivalence,directional_extrapolation,high_wq_to_low_wq,high_wq_to_low_wq,2030,hgb,ringdown,wq,30,0.1276967419966239,0.4864637790347579,10.0,0.3333333333333333,0.1144047170769979
collapsed_equivalence,directional_extrapolation,high_wq_to_low_wq,high_wq_to_low_wq,2030,random_forest,ringdown,k,30,0.0001396968419312,0.0558787367724869,30.0,1.0,0.0002474999999999
collapsed_equivalence,directional_extrapolation,high_wq_to_low_wq,high_wq_to_low_wq,2030,random_forest,ringdown,wq,30,0.0940835906685907,0.3584136787374885,27.0,0.9,0.1327718750000002
collapsed_equivalence,directional_extrapolation,high_wq_to_low_wq,high_wq_to_low_wq,2030,mlp,ringdown,k,30,0.0002718324045154,0.1087329618061899,19.0,0.6333333333333333,0.0003277204733028
collapsed_equivalence,directional_extrapolation,high_wq_to_low_wq,high_wq_to_low_wq,2030,mlp,ringdown,wq,30,0.0243266210884949,0.0926728422418853,26.0,0.8666666666666667,0.0619498507347026
collapsed_equivalence,directional_extrapolation,high_wq_to_low_wq,high_wq_to_low_wq,2030,hgb,photon_geometry,k,30,0.0005403447166141,0.2161378866456736,25.0,0.8333333333333334,0.0009459840836277
collapsed_equivalence,directional_extrapolation,high_wq_to_low_wq,high_wq_to_low_wq,2030,hgb,photon_geometry,wq,30,0.0586508895152994,0.2234319600582836,20.0,0.6666666666666666,0.0760822842616788
collapsed_equivalence,directional_extrapolation,high_wq_to_low_wq,high_wq_to_low_wq,2030,random_forest,photon_geometry,k,30,0.000548398313492,0.2193593253968253,14.0,0.4666666666666667,0.0005412375992063
collapsed_equivalence,directional_extrapolation,high_wq_to_low_wq,high_wq_to_low_wq,2030,random_forest,photon_geometry,wq,30,0.0559596031746027,0.2131794406651531,30.0,1.0,0.0959849206349209
collapsed_equivalence,directional_extrapolation,high_wq_to_low_wq,high_wq_to_low_wq,2030,mlp,photon_geometry,k,30,0.00114927842896,0.4597113715840398,16.0,0.5333333333333333,0.0003145785899923
collapsed_equivalence,directional_extrapolation,high_wq_to_low_wq,high_wq_to_low_wq,2030,mlp,photon_geometry,wq,30,0.8183825733095186,3.117647898321976,18.0,0.6,0.0905190011183707
collapsed_equivalence,directional_extrapolation,high_wq_to_low_wq,high_wq_to_low_wq,2030,hgb,all_shooting,k,30,0.0005522010863929,0.2208804345571753,19.0,0.6333333333333333,0.0006521509366665
collapsed_equivalence,directional_extrapolation,high_wq_to_low_wq,high_wq_to_low_wq,2030,hgb,all_shooting,wq,30,0.0611421587697224,0.2329225095989428,8.0,0.2666666666666666,0.0394174728158294
collapsed_equivalence,directional_extrapolation,high_wq_to_low_wq,high_wq_to_low_wq,2030,random_forest,all_shooting,k,30,0.00056539442791,0.2261577711640212,18.0,0.6,0.0003820436507936
collapsed_equivalence,directional_extrapolation,high_wq_to_low_wq,high_wq_to_low_wq,2030,random_forest,all_shooting,wq,30,0.0523048611111106,0.1992566137566121,0.0,0.0,0.0155520833333334
collapsed_equivalence,directional_extrapolation,high_wq_to_low_wq,high_wq_to_low_wq,2030,mlp,all_shooting,k,30,0.0928830803791321,37.15323215165285,9.0,0.3,0.000233875496762
collapsed_equivalence,directional_extrapolation,high_wq_to_low_wq,high_wq_to_low_wq,2030,mlp,all_shooting,wq,30,17.875174365059205,68.09590234308268,10.0,0.3333333333333333,0.0581106431423842
collapsed_equivalence,directional_extrapolation,high_wq_to_low_wq,high_wq_to_low_wq,2030,hgb,ringdown_plus_photon_geometry,k,30,0.00019063732699,0.0762549307960383,29.0,0.9666666666666668,0.0004058551527788
collapsed_equivalence,directional_extrapolation,high_wq_to_low_wq,high_wq_to_low_wq,2030,hgb,ringdown_plus_photon_geometry,wq,30,0.0599045564413597,0.228207834062323,22.0,0.7333333333333333,0.0788661187670122
collapsed_equivalence,directional_extrapolation,high_wq_to_low_wq,high_wq_to_low_wq,2030,random_forest,ringdown_plus_photon_geometry,k,30,0.0001416039186507,0.0566415674603176,29.0,0.9666666666666668,0.0002515624999999
collapsed_equivalence,directional_extrapolation,high_wq_to_low_wq,high_wq_to_low_wq,2030,random_forest,ringdown_plus_photon_geometry,wq,30,0.0564253554894175,0.2149537351977811,30.0,1.0,0.0941175595238097
collapsed_equivalence,directional_extrapolation,high_wq_to_low_wq,high_wq_to_low_wq,2030,mlp,ringdown_plus_photon_geometry,k,30,0.0011778391532823,0.4711356613129502,21.0,0.7,0.0008929232901376
collapsed_equivalence,directional_extrapolation,high_wq_to_low_wq,high_wq_to_low_wq,2030,mlp,ringdown_plus_photon_geometry,wq,30,0.974782073356726,3.713455517549432,14.0,0.4666666666666667,0.0192934130263978
collapsed_equivalence,directional_extrapolation,high_wq_to_low_wq,high_wq_to_low_wq,2030,hgb,ringdown_plus_all_shooting,k,30,0.0001808796782166,0.0723518712866631,29.0,0.9666666666666668,0.0005212954035833
collapsed_equivalence,directional_extrapolation,high_wq_to_low_wq,high_wq_to_low_wq,2030,hgb,ringdown_plus_all_shooting,wq,30,0.0609731987838594,0.2322788525099408,8.0,0.2666666666666666,0.0396983996436527
collapsed_equivalence,directional_extrapolation,high_wq_to_low_wq,high_wq_to_low_wq,2030,random_forest,ringdown_plus_all_shooting,k,30,0.0001354584160052,0.0541833664021165,30.0,1.0,0.0002489583333333
collapsed_equivalence,directional_extrapolation,high_wq_to_low_wq,high_wq_to_low_wq,2030,random_forest,ringdown_plus_all_shooting,wq,30,0.0520618055555551,0.1983306878306862,0.0,0.0,0.0164583333333332
collapsed_equivalence,directional_extrapolation,high_wq_to_low_wq,high_wq_to_low_wq,2030,mlp,ringdown_plus_all_shooting,k,30,0.1388030781326356,55.52123125305426,15.0,0.5,0.000241134377351
collapsed_equivalence,directional_extrapolation,high_wq_to_low_wq,high_wq_to_low_wq,2030,mlp,ringdown_plus_all_shooting,wq,30,4.549629642336261,17.33192244699528,16.0,0.5333333333333333,0.0689969860005419
collapsed_equivalence,directional_extrapolation,low_k_to_high_k,low_k_to_high_k,2026,hgb,ringdown,k,33,0.0006103633501733,0.2441453400693444,0.0,0.0,0.0003273021824853
collapsed_equivalence,directional_extrapolation,low_k_to_high_k,low_k_to_high_k,2026,hgb,ringdown,wq,33,0.0797351823066018,0.3037530754537213,25.0,0.7575757575757576,0.1233105274379861
collapsed_equivalence,directional_extrapolation,low_k_to_high_k,low_k_to_high_k,2026,random_forest,ringdown,k,33,0.0005027304292929,0.2010921717171711,0.0,0.0,0.0002499999999999
collapsed_equivalence,directional_extrapolation,low_k_to_high_k,low_k_to_high_k,2026,random_forest,ringdown,wq,33,0.0758273413700496,0.288866062362094,20.0,0.6060606060606061,0.0905802083333331
collapsed_equivalence,directional_extrapolation,low_k_to_high_k,low_k_to_high_k,2026,mlp,ringdown,k,33,0.0001542372461524,0.0616948984609644,17.0,0.5151515151515151,0.000119756085582
collapsed_equivalence,directional_extrapolation,low_k_to_high_k,low_k_to_high_k,2026,mlp,ringdown,wq,33,0.0178127718519993,0.0678581784838068,33.0,1.0,0.0749732596132849
collapsed_equivalence,directional_extrapolation,low_k_to_high_k,low_k_to_high_k,2026,hgb,photon_geometry,k,33,0.0007827737796498,0.3131095118599595,10.0,0.303030303030303,0.0006251626200709
collapsed_equivalence,directional_extrapolation,low_k_to_high_k,low_k_to_high_k,2026,hgb,photon_geometry,wq,33,0.0332370266710105,0.1266172444609925,33.0,1.0,0.0793278367195573
collapsed_equivalence,directional_extrapolation,low_k_to_high_k,low_k_to_high_k,2026,random_forest,photon_geometry,k,33,0.0007018095638928,0.2807238255571587,9.0,0.2727272727272727,0.0005465286044973
collapsed_equivalence,directional_extrapolation,low_k_to_high_k,low_k_to_high_k,2026,random_forest,photon_geometry,wq,33,0.024689128721073,0.0940538236993259,33.0,1.0,0.0543340773809525
collapsed_equivalence,directional_extrapolation,low_k_to_high_k,low_k_to_high_k,2026,mlp,photon_geometry,k,33,0.0006697019066784,0.2678807626713932,12.0,0.3636363636363636,0.0001794433850343
collapsed_equivalence,directional_extrapolation,low_k_to_high_k,low_k_to_high_k,2026,mlp,photon_geometry,wq,33,0.1844924273631506,0.7028282947167643,29.0,0.8787878787878788,0.0423909289385512
collapsed_equivalence,directional_extrapolation,low_k_to_high_k,low_k_to_high_k,2026,hgb,all_shooting,k,33,0.0007155188206394,0.2862075282557842,6.0,0.1818181818181818,0.0004446933051166
collapsed_equivalence,directional_extrapolation,low_k_to_high_k,low_k_to_high_k,2026,hgb,all_shooting,wq,33,0.0189036738012529,0.0720139954333444,31.0,0.9393939393939394,0.0491437266445154
collapsed_equivalence,directional_extrapolation,low_k_to_high_k,low_k_to_high_k,2026,random_forest,all_shooting,k,33,0.0006386905012425,0.2554762004970337,9.0,0.2727272727272727,0.0004706026785714
collapsed_equivalence,directional_extrapolation,low_k_to_high_k,low_k_to_high_k,2026,random_forest,all_shooting,wq,33,0.0173787688391853,0.0662048336730869,30.0,0.9090909090909092,0.031371527777778
collapsed_equivalence,directional_extrapolation,low_k_to_high_k,low_k_to_high_k,2026,mlp,all_shooting,k,33,0.000552644170476,0.2210576681904066,8.0,0.2424242424242424,0.0002967406145493
collapsed_equivalence,directional_extrapolation,low_k_to_high_k,low_k_to_high_k,2026,mlp,all_shooting,wq,33,0.1484073082173224,0.5653611741612283,28.0,0.8484848484848485,0.0441317482501216
collapsed_equivalence,directional_extrapolation,low_k_to_high_k,low_k_to_high_k,2026,hgb,ringdown_plus_photon_geometry,k,33,0.0006085625020675,0.2434250008270114,0.0,0.0,0.0002910375236204
collapsed_equivalence,directional_extrapolation,low_k_to_high_k,low_k_to_high_k,2026,hgb,ringdown_plus_photon_geometry,wq,33,0.0311414957004165,0.1186342693349201,33.0,1.0,0.0783564701077755
collapsed_equivalence,directional_extrapolation,low_k_to_high_k,low_k_to_high_k,2026,random_forest,ringdown_plus_photon_geometry,k,33,0.0005047506313131,0.201900252525252,0.0,0.0,0.0002499999999999
collapsed_equivalence,directional_extrapolation,low_k_to_high_k,low_k_to_high_k,2026,random_forest,ringdown_plus_photon_geometry,wq,33,0.0247333283229115,0.0942222031349012,33.0,1.0,0.0526133432539683
collapsed_equivalence,directional_extrapolation,low_k_to_high_k,low_k_to_high_k,2026,mlp,ringdown_plus_photon_geometry,k,33,0.0004169411970135,0.1667764788054167,0.0,0.0,9.53244583423191e-05
collapsed_equivalence,directional_extrapolation,low_k_to_high_k,low_k_to_high_k,2026,mlp,ringdown_plus_photon_geometry,wq,33,0.0689961526181525,0.2628424861643905,20.0,0.6060606060606061,0.0301581124942681
collapsed_equivalence,directional_extrapolation,low_k_to_high_k,low_k_to_high_k,2026,hgb,ringdown_plus_all_shooting,k,33,0.000599686007397,0.2398744029588228,0.0,0.0,0.0002269689480373
collapsed_equivalence,directional_extrapolation,low_k_to_high_k,low_k_to_high_k,2026,hgb,ringdown_plus_all_shooting,wq,33,0.0189036738012529,0.0720139954333444,31.0,0.9393939393939394,0.0491437266445154
collapsed_equivalence,directional_extrapolation,low_k_to_high_k,low_k_to_high_k,2026,random_forest,ringdown_plus_all_shooting,k,33,0.0005092908249158,0.2037163299663294,0.0,0.0,0.0002527777777777
collapsed_equivalence,directional_extrapolation,low_k_to_high_k,low_k_to_high_k,2026,random_forest,ringdown_plus_all_shooting,wq,33,0.0175972382555713,0.0670370981164623,30.0,0.9090909090909092,0.0317916666666669
collapsed_equivalence,directional_extrapolation,low_k_to_high_k,low_k_to_high_k,2026,mlp,ringdown_plus_all_shooting,k,33,0.0003399136963757,0.1359654785503024,4.0,0.1212121212121212,7.510984343008019e-05
collapsed_equivalence,directional_extrapolation,low_k_to_high_k,low_k_to_high_k,2026,mlp,ringdown_plus_all_shooting,wq,33,0.0752484145226244,0.2866606267528551,28.0,0.8484848484848485,0.0377855659900268
collapsed_equivalence,directional_extrapolation,low_k_to_high_k,low_k_to_high_k,2027,hgb,ringdown,k,33,0.000629131376459,0.2516525505836123,0.0,0.0,0.0002219549939486
collapsed_equivalence,directional_extrapolation,low_k_to_high_k,low_k_to_high_k,2027,hgb,ringdown,wq,33,0.0780347814999245,0.2972753580949507,31.0,0.9393939393939394,0.1484445398962299
collapsed_equivalence,directional_extrapolation,low_k_to_high_k,low_k_to_high_k,2027,random_forest,ringdown,k,33,0.000505676557239,0.2022706228956225,0.0,0.0,8.749999999999936e-05
collapsed_equivalence,directional_extrapolation,low_k_to_high_k,low_k_to_high_k,2027,random_forest,ringdown,wq,33,0.0685373541967292,0.2610946826542065,31.0,0.9393939393939394,0.1352738591269842
collapsed_equivalence,directional_extrapolation,low_k_to_high_k,low_k_to_high_k,2027,mlp,ringdown,k,33,0.0001432724775307,0.0573089910122802,31.0,0.9393939393939394,0.0002533301027195
collapsed_equivalence,directional_extrapolation,low_k_to_high_k,low_k_to_high_k,2027,mlp,ringdown,wq,33,0.0172568003467585,0.0657401917971755,32.0,0.9696969696969696,0.0561793597072917
collapsed_equivalence,directional_extrapolation,low_k_to_high_k,low_k_to_high_k,2027,hgb,photon_geometry,k,33,0.0007972919283467,0.3189167713386843,9.0,0.2727272727272727,0.000608090247351
collapsed_equivalence,directional_extrapolation,low_k_to_high_k,low_k_to_high_k,2027,hgb,photon_geometry,wq,33,0.0264963118782886,0.1009383309649091,31.0,0.9393939393939394,0.0603094996751725
collapsed_equivalence,directional_extrapolation,low_k_to_high_k,low_k_to_high_k,2027,random_forest,photon_geometry,k,33,0.0007108827770854,0.2843531108341713,13.0,0.3939393939393939,0.0006130148959836
collapsed_equivalence,directional_extrapolation,low_k_to_high_k,low_k_to_high_k,2027,random_forest,photon_geometry,wq,33,0.0250349261463844,0.0953711472243217,33.0,1.0,0.0692582341269846
collapsed_equivalence,directional_extrapolation,low_k_to_high_k,low_k_to_high_k,2027,mlp,photon_geometry,k,33,0.0016170276083023,0.6468110433209208,28.0,0.8484848484848485,0.0015943643090324
collapsed_equivalence,directional_extrapolation,low_k_to_high_k,low_k_to_high_k,2027,mlp,photon_geometry,wq,33,0.2696192227485938,1.0271208485660717,28.0,0.8484848484848485,0.2012625196429007
collapsed_equivalence,directional_extrapolation,low_k_to_high_k,low_k_to_high_k,2027,hgb,all_shooting,k,33,0.0007300140623255,0.2920056249302077,11.0,0.3333333333333333,0.0006179671659726
collapsed_equivalence,directional_extrapolation,low_k_to_high_k,low_k_to_high_k,2027,hgb,all_shooting,wq,33,0.0195813862622641,0.0745957571895776,33.0,1.0,0.0598648018766856
collapsed_equivalence,directional_extrapolation,low_k_to_high_k,low_k_to_high_k,2027,random_forest,all_shooting,k,33,0.0006846469155844,0.273858766233766,22.0,0.6666666666666666,0.0007890376984126
collapsed_equivalence,directional_extrapolation,low_k_to_high_k,low_k_to_high_k,2027,random_forest,all_shooting,wq,33,0.0179541065416065,0.0683965963489771,31.0,0.9393939393939394,0.0470674603174602
collapsed_equivalence,directional_extrapolation,low_k_to_high_k,low_k_to_high_k,2027,mlp,all_shooting,k,33,0.0007362960002934,0.2945184001173777,28.0,0.8484848484848485,0.0006888957706964
collapsed_equivalence,directional_extrapolation,low_k_to_high_k,low_k_to_high_k,2027,mlp,all_shooting,wq,33,0.063663639027772,0.2425281486772268,26.0,0.7878787878787878,0.0904250880223245
collapsed_equivalence,directional_extrapolation,low_k_to_high_k,low_k_to_high_k,2027,hgb,ringdown_plus_photon_geometry,k,33,0.0006257319406621,0.2502927762648575,0.0,0.0,0.0002285453435287
collapsed_equivalence,directional_extrapolation,low_k_to_high_k,low_k_to_high_k,2027,hgb,ringdown_plus_photon_geometry,wq,33,0.024159449001392,0.0920359961957794,31.0,0.9393939393939394,0.0577288673627243
collapsed_equivalence,directional_extrapolation,low_k_to_high_k,low_k_to_high_k,2027,random_forest,ringdown_plus_photon_geometry,k,33,0.0005051778198653,0.2020711279461274,0.0,0.0,8.749999999999936e-05
collapsed_equivalence,directional_extrapolation,low_k_to_high_k,low_k_to_high_k,2027,random_forest,ringdown_plus_photon_geometry,wq,33,0.0244286022426646,0.0930613418768178,33.0,1.0,0.0646437500000005
collapsed_equivalence,directional_extrapolation,low_k_to_high_k,low_k_to_high_k,2027,mlp,ringdown_plus_photon_geometry,k,33,0.0004208640972133,0.1683456388853406,20.0,0.6060606060606061,0.0001575889185424
collapsed_equivalence,directional_extrapolation,low_k_to_high_k,low_k_to_high_k,2027,mlp,ringdown_plus_photon_geometry,wq,33,0.1811533221809332,0.6901078940226029,28.0,0.8484848484848485,0.0496293268977467
collapsed_equivalence,directional_extrapolation,low_k_to_high_k,low_k_to_high_k,2027,hgb,ringdown_plus_all_shooting,k,33,0.0006194979116403,0.247799164656133,0.0,0.0,0.0002690127726553
collapsed_equivalence,directional_extrapolation,low_k_to_high_k,low_k_to_high_k,2027,hgb,ringdown_plus_all_shooting,wq,33,0.01979578526119,0.0754125152807239,33.0,1.0,0.0598522351916868
collapsed_equivalence,directional_extrapolation,low_k_to_high_k,low_k_to_high_k,2027,random_forest,ringdown_plus_all_shooting,k,33,0.0005103272306397,0.2041308922558918,0.0,0.0,9.13541666666664e-05
collapsed_equivalence,directional_extrapolation,low_k_to_high_k,low_k_to_high_k,2027,random_forest,ringdown_plus_all_shooting,wq,33,0.0179807389369889,0.0684980530932912,31.0,0.9393939393939394,0.0461646825396824
collapsed_equivalence,directional_extrapolation,low_k_to_high_k,low_k_to_high_k,2027,mlp,ringdown_plus_all_shooting,k,33,0.0002136224348519,0.0854489739407938,28.0,0.8484848484848485,0.0002972326649663
collapsed_equivalence,directional_extrapolation,low_k_to_high_k,low_k_to_high_k,2027,mlp,ringdown_plus_all_shooting,wq,33,0.140573041697555,0.535516349324019,28.0,0.8484848484848485,0.2066702099777083
collapsed_equivalence,directional_extrapolation,low_k_to_high_k,low_k_to_high_k,2028,hgb,ringdown,k,33,0.0007365294400055,0.2946117760022327,0.0,0.0,0.0002634705599944
collapsed_equivalence,directional_extrapolation,low_k_to_high_k,low_k_to_high_k,2028,hgb,ringdown,wq,33,0.0791854562510866,0.3016588809565204,30.0,0.9090909090909092,0.1447401263272195
collapsed_equivalence,directional_extrapolation,low_k_to_high_k,low_k_to_high_k,2028,random_forest,ringdown,k,33,0.0005189336820586,0.2075734728234724,0.0,0.0,0.0002153174603174
collapsed_equivalence,directional_extrapolation,low_k_to_high_k,low_k_to_high_k,2028,random_forest,ringdown,wq,33,0.0777581136263428,0.2962213852432109,20.0,0.6060606060606061,0.1023123015873013
collapsed_equivalence,directional_extrapolation,low_k_to_high_k,low_k_to_high_k,2028,mlp,ringdown,k,33,0.0001194953770342,0.0477981508136981,22.0,0.6666666666666666,0.0001285779136161
collapsed_equivalence,directional_extrapolation,low_k_to_high_k,low_k_to_high_k,2028,mlp,ringdown,wq,33,0.0457886130778112,0.174432811724995,33.0,1.0,0.1662599141670641
collapsed_equivalence,directional_extrapolation,low_k_to_high_k,low_k_to_high_k,2028,hgb,photon_geometry,k,33,0.0008467633801362,0.3387053520545147,14.0,0.4242424242424242,0.0007551805154636
collapsed_equivalence,directional_extrapolation,low_k_to_high_k,low_k_to_high_k,2028,hgb,photon_geometry,wq,33,0.0329412986612571,0.125490661566694,28.0,0.8484848484848485,0.0514780328843733
collapsed_equivalence,directional_extrapolation,low_k_to_high_k,low_k_to_high_k,2028,random_forest,photon_geometry,k,33,0.0007973610440135,0.3189444176054022,9.0,0.2727272727272727,0.000654797326516
collapsed_equivalence,directional_extrapolation,low_k_to_high_k,low_k_to_high_k,2028,random_forest,photon_geometry,wq,33,0.0270541283369407,0.1030633460454883,28.0,0.8484848484848485,0.0419263392857137
collapsed_equivalence,directional_extrapolation,low_k_to_high_k,low_k_to_high_k,2028,mlp,photon_geometry,k,33,0.0005693430024519,0.22773720098076,19.0,0.5757575757575758,0.0005129435295016
collapsed_equivalence,directional_extrapolation,low_k_to_high_k,low_k_to_high_k,2028,mlp,photon_geometry,wq,33,0.1684250397484564,0.6416191990417389,28.0,0.8484848484848485,0.2507784889580781
collapsed_equivalence,directional_extrapolation,low_k_to_high_k,low_k_to_high_k,2028,hgb,all_shooting,k,33,0.0008809038691071,0.3523615476428623,28.0,0.8484848484848485,0.0011009417045104
collapsed_equivalence,directional_extrapolation,low_k_to_high_k,low_k_to_high_k,2028,hgb,all_shooting,wq,33,0.021859311192905,0.0832735664491621,25.0,0.7575757575757576,0.02952970870315
collapsed_equivalence,directional_extrapolation,low_k_to_high_k,low_k_to_high_k,2028,random_forest,all_shooting,k,33,0.0008345986151194,0.3338394460477794,28.0,0.8484848484848485,0.0012625694444444
collapsed_equivalence,directional_extrapolation,low_k_to_high_k,low_k_to_high_k,2028,random_forest,all_shooting,wq,33,0.0176388553190636,0.0671956393107187,28.0,0.8484848484848485,0.0253707175925923
collapsed_equivalence,directional_extrapolation,low_k_to_high_k,low_k_to_high_k,2028,mlp,all_shooting,k,33,0.0019971712110083,0.7988684844033567,28.0,0.8484848484848485,0.0027056777343291
collapsed_equivalence,directional_extrapolation,low_k_to_high_k,low_k_to_high_k,2028,mlp,all_shooting,wq,33,0.4842634282326078,1.844813059933744,29.0,0.8787878787878788,0.4818544830299571
collapsed_equivalence,directional_extrapolation,low_k_to_high_k,low_k_to_high_k,2028,hgb,ringdown_plus_photon_geometry,k,33,0.0007241126546566,0.2896450618626607,0.0,0.0,0.0002956844003272
collapsed_equivalence,directional_extrapolation,low_k_to_high_k,low_k_to_high_k,2028,hgb,ringdown_plus_photon_geometry,wq,33,0.0314441735530084,0.1197873278209846,28.0,0.8484848484848485,0.0527897337033074
collapsed_equivalence,directional_extrapolation,low_k_to_high_k,low_k_to_high_k,2028,random_forest,ringdown_plus_photon_geometry,k,33,0.0005166118025493,0.2066447210197205,0.0,0.0,0.0002058035714285
collapsed_equivalence,directional_extrapolation,low_k_to_high_k,low_k_to_high_k,2028,random_forest,ringdown_plus_photon_geometry,wq,33,0.0268291270843352,0.1022061984165153,27.0,0.8181818181818182,0.0399464781746025
collapsed_equivalence,directional_extrapolation,low_k_to_high_k,low_k_to_high_k,2028,mlp,ringdown_plus_photon_geometry,k,33,0.0003060459201982,0.1224183680792961,8.0,0.2424242424242424,0.0001579591141686
collapsed_equivalence,directional_extrapolation,low_k_to_high_k,low_k_to_high_k,2028,mlp,ringdown_plus_photon_geometry,wq,33,0.08494107026581,0.3235850295840384,30.0,0.9090909090909092,0.0486909695022974
collapsed_equivalence,directional_extrapolation,low_k_to_high_k,low_k_to_high_k,2028,hgb,ringdown_plus_all_shooting,k,33,0.0007273888891299,0.2909555556519662,0.0,0.0,0.0003787896246426
collapsed_equivalence,directional_extrapolation,low_k_to_high_k,low_k_to_high_k,2028,hgb,ringdown_plus_all_shooting,wq,33,0.021859311192905,0.0832735664491621,25.0,0.7575757575757576,0.02952970870315
collapsed_equivalence,directional_extrapolation,low_k_to_high_k,low_k_to_high_k,2028,random_forest,ringdown_plus_all_shooting,k,33,0.0005272201178451,0.2108880471380467,0.0,0.0,0.0002067708333333
collapsed_equivalence,directional_extrapolation,low_k_to_high_k,low_k_to_high_k,2028,random_forest,ringdown_plus_all_shooting,wq,33,0.0172019260060927,0.065531146689877,28.0,0.8484848484848485,0.024863194444444
collapsed_equivalence,directional_extrapolation,low_k_to_high_k,low_k_to_high_k,2028,mlp,ringdown_plus_all_shooting,k,33,0.0005816169545914,0.2326467818365908,28.0,0.8484848484848485,0.000323586022994
collapsed_equivalence,directional_extrapolation,low_k_to_high_k,low_k_to_high_k,2028,mlp,ringdown_plus_all_shooting,wq,33,0.8419893489085045,3.207578472032398,29.0,0.8787878787878788,1.14986012950162
collapsed_equivalence,directional_extrapolation,low_k_to_high_k,low_k_to_high_k,2029,hgb,ringdown,k,33,0.0007234973558225,0.2893989423290379,0.0,0.0,0.0002618050874725
collapsed_equivalence,directional_extrapolation,low_k_to_high_k,low_k_to_high_k,2029,hgb,ringdown,wq,33,0.0812653404815432,0.3095822494534981,27.0,0.8181818181818182,0.1249173595434364
collapsed_equivalence,directional_extrapolation,low_k_to_high_k,low_k_to_high_k,2029,random_forest,ringdown,k,33,0.0005073842592592,0.2029537037037031,0.0,0.0,0.0001983581349206
collapsed_equivalence,directional_extrapolation,low_k_to_high_k,low_k_to_high_k,2029,random_forest,ringdown,wq,33,0.0791231939099995,0.3014216910857127,13.0,0.3939393939393939,0.0768796461640215
collapsed_equivalence,directional_extrapolation,low_k_to_high_k,low_k_to_high_k,2029,mlp,ringdown,k,33,0.0002877089107819,0.1150835643127831,9.0,0.2727272727272727,0.0002166904827125
collapsed_equivalence,directional_extrapolation,low_k_to_high_k,low_k_to_high_k,2029,mlp,ringdown,wq,33,0.0065557664678455,0.0249743484489355,30.0,0.9090909090909092,0.0186889989037046
collapsed_equivalence,directional_extrapolation,low_k_to_high_k,low_k_to_high_k,2029,hgb,photon_geometry,k,33,0.0008488085762259,0.3395234304903951,10.0,0.303030303030303,0.0007101316192506
collapsed_equivalence,directional_extrapolation,low_k_to_high_k,low_k_to_high_k,2029,hgb,photon_geometry,wq,33,0.0296488222486772,0.1129478942806751,29.0,0.8787878787878788,0.0496372111316726
collapsed_equivalence,directional_extrapolation,low_k_to_high_k,low_k_to_high_k,2029,random_forest,photon_geometry,k,33,0.0008150194996501,0.3260077998600725,14.0,0.4242424242424242,0.0007490147005772
collapsed_equivalence,directional_extrapolation,low_k_to_high_k,low_k_to_high_k,2029,random_forest,photon_geometry,wq,33,0.0278299648268397,0.1060189136260561,26.0,0.7878787878787878,0.0403267917267917
collapsed_equivalence,directional_extrapolation,low_k_to_high_k,low_k_to_high_k,2029,mlp,photon_geometry,k,33,0.0010360374820062,0.4144149928025175,14.0,0.4242424242424242,0.0010361231550212
collapsed_equivalence,directional_extrapolation,low_k_to_high_k,low_k_to_high_k,2029,mlp,photon_geometry,wq,33,0.1372432424085134,0.5228313996514798,29.0,0.8787878787878788,0.0466386567144022
collapsed_equivalence,directional_extrapolation,low_k_to_high_k,low_k_to_high_k,2029,hgb,all_shooting,k,33,0.0007711060453959,0.3084424181583634,0.0,0.0,0.0003948017869078
collapsed_equivalence,directional_extrapolation,low_k_to_high_k,low_k_to_high_k,2029,hgb,all_shooting,wq,33,0.0208264863278334,0.0793389955346034,27.0,0.8181818181818182,0.0294290170618797
collapsed_equivalence,directional_extrapolation,low_k_to_high_k,low_k_to_high_k,2029,random_forest,all_shooting,k,33,0.0007257078974266,0.2902831589706588,0.0,0.0,0.0003160466269841
collapsed_equivalence,directional_extrapolation,low_k_to_high_k,low_k_to_high_k,2029,random_forest,all_shooting,wq,33,0.0177984928651594,0.0678037823434647,25.0,0.7575757575757576,0.0226631944444438
collapsed_equivalence,directional_extrapolation,low_k_to_high_k,low_k_to_high_k,2029,mlp,all_shooting,k,33,0.000477681730444,0.1910726921776203,12.0,0.3636363636363636,0.0001717160406348
collapsed_equivalence,directional_extrapolation,low_k_to_high_k,low_k_to_high_k,2029,mlp,all_shooting,wq,33,0.2961818876881941,1.1283119530978822,27.0,0.8181818181818182,0.0272628873427543
collapsed_equivalence,directional_extrapolation,low_k_to_high_k,low_k_to_high_k,2029,hgb,ringdown_plus_photon_geometry,k,33,0.0006976113584794,0.2790445433917639,0.0,0.0,0.00025406722265
collapsed_equivalence,directional_extrapolation,low_k_to_high_k,low_k_to_high_k,2029,hgb,ringdown_plus_photon_geometry,wq,33,0.0273174401097865,0.1040664385134726,27.0,0.8181818181818182,0.0350845994632061
collapsed_equivalence,directional_extrapolation,low_k_to_high_k,low_k_to_high_k,2029,random_forest,ringdown_plus_photon_geometry,k,33,0.0005131997053872,0.2052798821548816,0.0,0.0,0.0001919394841269
collapsed_equivalence,directional_extrapolation,low_k_to_high_k,low_k_to_high_k,2029,random_forest,ringdown_plus_photon_geometry,wq,33,0.0273316287878787,0.1041204906204903,27.0,0.8181818181818182,0.0398358195045693
collapsed_equivalence,directional_extrapolation,low_k_to_high_k,low_k_to_high_k,2029,mlp,ringdown_plus_photon_geometry,k,33,0.0003394467084118,0.1357786833647389,10.0,0.303030303030303,0.0001232441869779
collapsed_equivalence,directional_extrapolation,low_k_to_high_k,low_k_to_high_k,2029,mlp,ringdown_plus_photon_geometry,wq,33,0.106399074177803,0.4053298063916304,28.0,0.8484848484848485,0.0298701525369744
collapsed_equivalence,directional_extrapolation,low_k_to_high_k,low_k_to_high_k,2029,hgb,ringdown_plus_all_shooting,k,33,0.0006880801894649,0.2752320757859869,0.0,0.0,0.0003564985469437
collapsed_equivalence,directional_extrapolation,low_k_to_high_k,low_k_to_high_k,2029,hgb,ringdown_plus_all_shooting,wq,33,0.0206396007990986,0.0786270506632329,29.0,0.8787878787878788,0.0304663481814002
collapsed_equivalence,directional_extrapolation,low_k_to_high_k,low_k_to_high_k,2029,random_forest,ringdown_plus_all_shooting,k,33,0.0005153724747474,0.2061489898989894,0.0,0.0,0.0001894097222222
collapsed_equivalence,directional_extrapolation,low_k_to_high_k,low_k_to_high_k,2029,random_forest,ringdown_plus_all_shooting,wq,33,0.0177377009179092,0.0675721939729874,25.0,0.7575757575757576,0.0220451388888882
collapsed_equivalence,directional_extrapolation,low_k_to_high_k,low_k_to_high_k,2029,mlp,ringdown_plus_all_shooting,k,33,0.0008751012243224,0.3500404897289771,5.0,0.1515151515151515,0.0001161015020881
collapsed_equivalence,directional_extrapolation,low_k_to_high_k,low_k_to_high_k,2029,mlp,ringdown_plus_all_shooting,wq,33,0.3378792082135197,1.2871588884324558,22.0,0.6666666666666666,0.0176375764019143
collapsed_equivalence,directional_extrapolation,low_k_to_high_k,low_k_to_high_k,2030,hgb,ringdown,k,33,0.0006975898960322,0.2790359584129125,0.0,0.0,0.0003994334200907
collapsed_equivalence,directional_extrapolation,low_k_to_high_k,low_k_to_high_k,2030,hgb,ringdown,wq,33,0.0802045545912452,0.3055411603476008,27.0,0.8181818181818182,0.1327594250072147
collapsed_equivalence,directional_extrapolation,low_k_to_high_k,low_k_to_high_k,2030,random_forest,ringdown,k,33,0.0005067129629629,0.2026851851851846,0.0,0.0,8.749999999999969e-05
collapsed_equivalence,directional_extrapolation,low_k_to_high_k,low_k_to_high_k,2030,random_forest,ringdown,wq,33,0.0809806905864196,0.3084978689006461,31.0,0.9393939393939394,0.1488762400793649
collapsed_equivalence,directional_extrapolation,low_k_to_high_k,low_k_to_high_k,2030,mlp,ringdown,k,33,7.325323805522234e-05,0.0293012952220889,24.0,0.7272727272727273,9.219467570369285e-05
collapsed_equivalence,directional_extrapolation,low_k_to_high_k,low_k_to_high_k,2030,mlp,ringdown,wq,33,0.012619905043922,0.0480758287387506,11.0,0.3333333333333333,0.0077392796540122
collapsed_equivalence,directional_extrapolation,low_k_to_high_k,low_k_to_high_k,2030,hgb,photon_geometry,k,33,0.0008647041144129,0.3458816457651981,6.0,0.1818181818181818,0.0006165405316366
collapsed_equivalence,directional_extrapolation,low_k_to_high_k,low_k_to_high_k,2030,hgb,photon_geometry,wq,33,0.0347508053250321,0.1323840202858368,28.0,0.8484848484848485,0.0536284475297491
collapsed_equivalence,directional_extrapolation,low_k_to_high_k,low_k_to_high_k,2030,random_forest,photon_geometry,k,33,0.0007588485299422,0.3035394119769118,7.0,0.2121212121212121,0.0005997321428571
collapsed_equivalence,directional_extrapolation,low_k_to_high_k,low_k_to_high_k,2030,random_forest,photon_geometry,wq,33,0.0274702816859066,0.1046486921367873,22.0,0.6666666666666666,0.0342481812169306
collapsed_equivalence,directional_extrapolation,low_k_to_high_k,low_k_to_high_k,2030,mlp,photon_geometry,k,33,0.0007273317598687,0.2909327039475032,11.0,0.3333333333333333,0.0001185847195813
collapsed_equivalence,directional_extrapolation,low_k_to_high_k,low_k_to_high_k,2030,mlp,photon_geometry,wq,33,0.1851141596471155,0.7051967986556784,27.0,0.8181818181818182,0.0259488373263767
collapsed_equivalence,directional_extrapolation,low_k_to_high_k,low_k_to_high_k,2030,hgb,all_shooting,k,33,0.0007692156410603,0.3076862564241461,4.0,0.1212121212121212,0.0004272336315049
collapsed_equivalence,directional_extrapolation,low_k_to_high_k,low_k_to_high_k,2030,hgb,all_shooting,wq,33,0.0197130037053478,0.0750971569727536,31.0,0.9393939393939394,0.049351466600359
collapsed_equivalence,directional_extrapolation,low_k_to_high_k,low_k_to_high_k,2030,random_forest,all_shooting,k,33,0.0006741228505291,0.2696491402116401,0.0,0.0,0.0002145411706349
collapsed_equivalence,directional_extrapolation,low_k_to_high_k,low_k_to_high_k,2030,random_forest,all_shooting,wq,33,0.0165184874539041,0.0629275712529682,30.0,0.9090909090909092,0.0293551587301589
collapsed_equivalence,directional_extrapolation,low_k_to_high_k,low_k_to_high_k,2030,mlp,all_shooting,k,33,0.0008171393416414,0.3268557366565678,3.0,0.0909090909090909,6.975915669013219e-05
collapsed_equivalence,directional_extrapolation,low_k_to_high_k,low_k_to_high_k,2030,mlp,all_shooting,wq,33,0.2037176639776037,0.7760672913432525,29.0,0.8787878787878788,0.0420666096556268
collapsed_equivalence,directional_extrapolation,low_k_to_high_k,low_k_to_high_k,2030,hgb,ringdown_plus_photon_geometry,k,33,0.00067434814531,0.2697392581240319,7.0,0.2121212121212121,0.0004490348118739
collapsed_equivalence,directional_extrapolation,low_k_to_high_k,low_k_to_high_k,2030,hgb,ringdown_plus_photon_geometry,wq,33,0.0294975062975145,0.1123714525619602,29.0,0.8787878787878788,0.057999082115939
collapsed_equivalence,directional_extrapolation,low_k_to_high_k,low_k_to_high_k,2030,random_forest,ringdown_plus_photon_geometry,k,33,0.0005140509259259,0.2056203703703699,0.0,0.0,7.000000000000062e-05
collapsed_equivalence,directional_extrapolation,low_k_to_high_k,low_k_to_high_k,2030,random_forest,ringdown_plus_photon_geometry,wq,33,0.0270025525593233,0.1028668668926605,21.0,0.6363636363636364,0.0315347222222224
collapsed_equivalence,directional_extrapolation,low_k_to_high_k,low_k_to_high_k,2030,mlp,ringdown_plus_photon_geometry,k,33,0.0003984920020057,0.1593968008023195,13.0,0.3939393939393939,0.0002696912479476
collapsed_equivalence,directional_extrapolation,low_k_to_high_k,low_k_to_high_k,2030,mlp,ringdown_plus_photon_geometry,wq,33,0.2464969951365886,0.939036171948909,29.0,0.8787878787878788,0.0284897797464742
collapsed_equivalence,directional_extrapolation,low_k_to_high_k,low_k_to_high_k,2030,hgb,ringdown_plus_all_shooting,k,33,0.0006521542818683,0.2608617127473362,0.0,0.0,0.0003069887760119
collapsed_equivalence,directional_extrapolation,low_k_to_high_k,low_k_to_high_k,2030,hgb,ringdown_plus_all_shooting,wq,33,0.0191756465273311,0.0730500820088804,31.0,0.9393939393939394,0.0489530631614351
collapsed_equivalence,directional_extrapolation,low_k_to_high_k,low_k_to_high_k,2030,random_forest,ringdown_plus_all_shooting,k,33,0.0005187289562289,0.207491582491582,0.0,0.0,0.0001416666666666
collapsed_equivalence,directional_extrapolation,low_k_to_high_k,low_k_to_high_k,2030,random_forest,ringdown_plus_all_shooting,wq,33,0.0163721460638128,0.0623700802430964,30.0,0.9090909090909092,0.0283065476190478
collapsed_equivalence,directional_extrapolation,low_k_to_high_k,low_k_to_high_k,2030,mlp,ringdown_plus_all_shooting,k,33,0.0005421181210749,0.2168472484299785,4.0,0.1212121212121212,0.0001801957513494
collapsed_equivalence,directional_extrapolation,low_k_to_high_k,low_k_to_high_k,2030,mlp,ringdown_plus_all_shooting,wq,33,0.0375804392434479,0.143163578070278,27.0,0.8181818181818182,0.0398772395414625
collapsed_equivalence,directional_extrapolation,low_wq_to_high_wq,low_wq_to_high_wq,2026,hgb,ringdown,k,30,0.0002365858102687,0.094634324107507,30.0,1.0,0.0004736991338181
collapsed_equivalence,directional_extrapolation,low_wq_to_high_wq,low_wq_to_high_wq,2026,hgb,ringdown,wq,30,0.1126914224110668,0.4293006568040642,10.0,0.3333333333333333,0.0995022216424571
collapsed_equivalence,directional_extrapolation,low_wq_to_high_wq,low_wq_to_high_wq,2026,random_forest,ringdown,k,30,0.000207251818783,0.0829007275132272,11.0,0.3666666666666666,0.0001659375
collapsed_equivalence,directional_extrapolation,low_wq_to_high_wq,low_wq_to_high_wq,2026,random_forest,ringdown,wq,30,0.1041721464145421,0.3968462720553984,17.0,0.5666666666666667,0.1080682810245313
collapsed_equivalence,directional_extrapolation,low_wq_to_high_wq,low_wq_to_high_wq,2026,mlp,ringdown,k,30,0.0001401796375271,0.0560718550108637,7.0,0.2333333333333333,5.5585782001918655e-05
collapsed_equivalence,directional_extrapolation,low_wq_to_high_wq,low_wq_to_high_wq,2026,mlp,ringdown,wq,30,0.0424191743793378,0.1615968547784299,10.0,0.3333333333333333,0.0309483916050639
collapsed_equivalence,directional_extrapolation,low_wq_to_high_wq,low_wq_to_high_wq,2026,hgb,photon_geometry,k,30,0.0006441443040701,0.2576577216280659,17.0,0.5666666666666667,0.0007135966722721
collapsed_equivalence,directional_extrapolation,low_wq_to_high_wq,low_wq_to_high_wq,2026,hgb,photon_geometry,wq,30,0.0918838508825637,0.3500337176478618,12.0,0.4,0.0829225480017742
collapsed_equivalence,directional_extrapolation,low_wq_to_high_wq,low_wq_to_high_wq,2026,random_forest,photon_geometry,k,30,0.0006652438822751,0.2660975529100527,15.0,0.5,0.0006561003637566
collapsed_equivalence,directional_extrapolation,low_wq_to_high_wq,low_wq_to_high_wq,2026,random_forest,photon_geometry,wq,30,0.0773769168871249,0.2947692071890476,9.0,0.3,0.0555755291005293
collapsed_equivalence,directional_extrapolation,low_wq_to_high_wq,low_wq_to_high_wq,2026,mlp,photon_geometry,k,30,0.0006866100909509,0.2746440363803716,24.0,0.8,0.0011045258534685
collapsed_equivalence,directional_extrapolation,low_wq_to_high_wq,low_wq_to_high_wq,2026,mlp,photon_geometry,wq,30,0.1064148090665331,0.4053897488248883,5.0,0.1666666666666666,0.0834698968177561
collapsed_equivalence,directional_extrapolation,low_wq_to_high_wq,low_wq_to_high_wq,2026,hgb,all_shooting,k,30,0.0004929286798634,0.1971714719453939,17.0,0.5666666666666667,0.0004117910761264
collapsed_equivalence,directional_extrapolation,low_wq_to_high_wq,low_wq_to_high_wq,2026,hgb,all_shooting,wq,30,0.078823757328745,0.300280980299981,0.0,0.0,0.0362543754389372
collapsed_equivalence,directional_extrapolation,low_wq_to_high_wq,low_wq_to_high_wq,2026,random_forest,all_shooting,k,30,0.0006973993882275,0.2789597552910051,8.0,0.2666666666666666,0.000333988095238
collapsed_equivalence,directional_extrapolation,low_wq_to_high_wq,low_wq_to_high_wq,2026,random_forest,all_shooting,wq,30,0.0573841931216925,0.2186064499874,0.0,0.0,0.0184413194444439
collapsed_equivalence,directional_extrapolation,low_wq_to_high_wq,low_wq_to_high_wq,2026,mlp,all_shooting,k,30,0.0003049493641497,0.1219797456598857,4.0,0.1333333333333333,9.145245959693084e-05
collapsed_equivalence,directional_extrapolation,low_wq_to_high_wq,low_wq_to_high_wq,2026,mlp,all_shooting,wq,30,0.06329430279627,0.2411211535096001,11.0,0.3666666666666666,0.0503253858001169
collapsed_equivalence,directional_extrapolation,low_wq_to_high_wq,low_wq_to_high_wq,2026,hgb,ringdown_plus_photon_geometry,k,30,0.0003416157289638,0.1366462915855243,17.0,0.5666666666666667,0.0003788147999968
collapsed_equivalence,directional_extrapolation,low_wq_to_high_wq,low_wq_to_high_wq,2026,hgb,ringdown_plus_photon_geometry,wq,30,0.0863635532072956,0.3290040122182692,13.0,0.4333333333333333,0.0809731937754149
collapsed_equivalence,directional_extrapolation,low_wq_to_high_wq,low_wq_to_high_wq,2026,random_forest,ringdown_plus_photon_geometry,k,30,0.0002209546957671,0.088381878306878,11.0,0.3666666666666666,0.0001649305555555
collapsed_equivalence,directional_extrapolation,low_wq_to_high_wq,low_wq_to_high_wq,2026,random_forest,ringdown_plus_photon_geometry,wq,30,0.0753809209656081,0.2871654132023166,6.0,0.2,0.0523716931216933
collapsed_equivalence,directional_extrapolation,low_wq_to_high_wq,low_wq_to_high_wq,2026,mlp,ringdown_plus_photon_geometry,k,30,0.0001267692861715,0.0507077144686092,26.0,0.8666666666666667,0.0002128325267384
collapsed_equivalence,directional_extrapolation,low_wq_to_high_wq,low_wq_to_high_wq,2026,mlp,ringdown_plus_photon_geometry,wq,30,0.0473103388932447,0.180229862450456,11.0,0.3666666666666666,0.0364587048954968
collapsed_equivalence,directional_extrapolation,low_wq_to_high_wq,low_wq_to_high_wq,2026,hgb,ringdown_plus_all_shooting,k,30,0.0003340916661294,0.1336366664517768,10.0,0.3333333333333333,0.0003137118837523
collapsed_equivalence,directional_extrapolation,low_wq_to_high_wq,low_wq_to_high_wq,2026,hgb,ringdown_plus_all_shooting,wq,30,0.0782064156784221,0.2979292025844653,0.0,0.0,0.0368190607107667
collapsed_equivalence,directional_extrapolation,low_wq_to_high_wq,low_wq_to_high_wq,2026,random_forest,ringdown_plus_all_shooting,k,30,0.0002806608796296,0.1122643518518516,20.0,0.6666666666666666,0.0002644097222222
collapsed_equivalence,directional_extrapolation,low_wq_to_high_wq,low_wq_to_high_wq,2026,random_forest,ringdown_plus_all_shooting,wq,30,0.0573586144179888,0.2185090073066243,0.0,0.0,0.0185732638888885
collapsed_equivalence,directional_extrapolation,low_wq_to_high_wq,low_wq_to_high_wq,2026,mlp,ringdown_plus_all_shooting,k,30,0.000140790175391,0.0563160701564255,8.0,0.2666666666666666,7.506721121384964e-05
collapsed_equivalence,directional_extrapolation,low_wq_to_high_wq,low_wq_to_high_wq,2026,mlp,ringdown_plus_all_shooting,wq,30,0.047316433296736,0.1802530792256611,17.0,0.5666666666666667,0.0500227958993212
collapsed_equivalence,directional_extrapolation,low_wq_to_high_wq,low_wq_to_high_wq,2027,hgb,ringdown,k,30,0.0002373679087218,0.094947163488738,25.0,0.8333333333333334,0.0003341673599438
collapsed_equivalence,directional_extrapolation,low_wq_to_high_wq,low_wq_to_high_wq,2027,hgb,ringdown,wq,30,0.1076188952866284,0.4099767439490608,18.0,0.6,0.1089127431986952
collapsed_equivalence,directional_extrapolation,low_wq_to_high_wq,low_wq_to_high_wq,2027,random_forest,ringdown,k,30,0.0001769700727513,0.0707880291005288,8.0,0.2666666666666666,7.415674603174593e-05
collapsed_equivalence,directional_extrapolation,low_wq_to_high_wq,low_wq_to_high_wq,2027,random_forest,ringdown,wq,30,0.0920172897376543,0.3505420561434449,11.0,0.3666666666666666,0.0821307705026453
collapsed_equivalence,directional_extrapolation,low_wq_to_high_wq,low_wq_to_high_wq,2027,mlp,ringdown,k,30,0.0002537204827774,0.1014881931109939,15.0,0.5,0.0002386499513107
collapsed_equivalence,directional_extrapolation,low_wq_to_high_wq,low_wq_to_high_wq,2027,mlp,ringdown,wq,30,0.1154974864301155,0.4399904244956781,19.0,0.6333333333333333,0.1247125982708347
collapsed_equivalence,directional_extrapolation,low_wq_to_high_wq,low_wq_to_high_wq,2027,hgb,photon_geometry,k,30,0.000610380106092,0.2441520424368203,20.0,0.6666666666666666,0.0008109880741886
collapsed_equivalence,directional_extrapolation,low_wq_to_high_wq,low_wq_to_high_wq,2027,hgb,photon_geometry,wq,30,0.0805619191542095,0.3069025491588933,10.0,0.3333333333333333,0.0632314742449908
collapsed_equivalence,directional_extrapolation,low_wq_to_high_wq,low_wq_to_high_wq,2027,random_forest,photon_geometry,k,30,0.0005862911681297,0.2345164672518838,11.0,0.3666666666666666,0.000460210813492
collapsed_equivalence,directional_extrapolation,low_wq_to_high_wq,low_wq_to_high_wq,2027,random_forest,photon_geometry,wq,30,0.0657641710758371,0.2505301755269987,17.0,0.5666666666666667,0.066537830687831
collapsed_equivalence,directional_extrapolation,low_wq_to_high_wq,low_wq_to_high_wq,2027,mlp,photon_geometry,k,30,0.0003381128263791,0.1352451305516714,2.0,0.0666666666666666,5.558830131284238e-05
collapsed_equivalence,directional_extrapolation,low_wq_to_high_wq,low_wq_to_high_wq,2027,mlp,photon_geometry,wq,30,0.0860302909883688,0.3277344418604527,30.0,1.0,0.1265233459590315
collapsed_equivalence,directional_extrapolation,low_wq_to_high_wq,low_wq_to_high_wq,2027,hgb,all_shooting,k,30,0.0004333328898807,0.1733331559523163,18.0,0.6,0.0003823257924327
collapsed_equivalence,directional_extrapolation,low_wq_to_high_wq,low_wq_to_high_wq,2027,hgb,all_shooting,wq,30,0.0656877800659639,0.250239162156053,4.0,0.1333333333333333,0.0344059264736531
collapsed_equivalence,directional_extrapolation,low_wq_to_high_wq,low_wq_to_high_wq,2027,random_forest,all_shooting,k,30,0.000519523396164,0.2078093584656084,5.0,0.1666666666666666,0.0002242559523809
collapsed_equivalence,directional_extrapolation,low_wq_to_high_wq,low_wq_to_high_wq,2027,random_forest,all_shooting,wq,30,0.0557036033950609,0.2122042034097558,7.0,0.2333333333333333,0.0290598379629627
collapsed_equivalence,directional_extrapolation,low_wq_to_high_wq,low_wq_to_high_wq,2027,mlp,all_shooting,k,30,0.0003234540528773,0.1293816211509586,4.0,0.1333333333333333,8.5223547940683e-05
collapsed_equivalence,directional_extrapolation,low_wq_to_high_wq,low_wq_to_high_wq,2027,mlp,all_shooting,wq,30,0.0516694896884485,0.1968361511940895,12.0,0.4,0.0446830952357064
collapsed_equivalence,directional_extrapolation,low_wq_to_high_wq,low_wq_to_high_wq,2027,hgb,ringdown_plus_photon_geometry,k,30,0.0002786942733184,0.1114777093273858,15.0,0.5,0.000283627792796
collapsed_equivalence,directional_extrapolation,low_wq_to_high_wq,low_wq_to_high_wq,2027,hgb,ringdown_plus_photon_geometry,wq,30,0.0794104502461815,0.3025160009378345,11.0,0.3666666666666666,0.0641616926657064
collapsed_equivalence,directional_extrapolation,low_wq_to_high_wq,low_wq_to_high_wq,2027,random_forest,ringdown_plus_photon_geometry,k,30,0.000182626818783,0.0730507275132272,6.0,0.2,7.422619047619037e-05
collapsed_equivalence,directional_extrapolation,low_wq_to_high_wq,low_wq_to_high_wq,2027,random_forest,ringdown_plus_photon_geometry,wq,30,0.0638371560846554,0.2431891660367827,14.0,0.4666666666666667,0.0577696097883602
collapsed_equivalence,directional_extrapolation,low_wq_to_high_wq,low_wq_to_high_wq,2027,mlp,ringdown_plus_photon_geometry,k,30,0.000121458515594,0.0485834062376252,10.0,0.3333333333333333,8.120586730698881e-05
collapsed_equivalence,directional_extrapolation,low_wq_to_high_wq,low_wq_to_high_wq,2027,mlp,ringdown_plus_photon_geometry,wq,30,0.0424375082685262,0.1616666981658142,10.0,0.3333333333333333,0.0283602096032508
collapsed_equivalence,directional_extrapolation,low_wq_to_high_wq,low_wq_to_high_wq,2027,hgb,ringdown_plus_all_shooting,k,30,0.0002385877115005,0.0954350846002179,10.0,0.3333333333333333,0.0001823381765897
collapsed_equivalence,directional_extrapolation,low_wq_to_high_wq,low_wq_to_high_wq,2027,hgb,ringdown_plus_all_shooting,wq,30,0.0656516662397693,0.2501015856753117,4.0,0.1333333333333333,0.0351784636655954
collapsed_equivalence,directional_extrapolation,low_wq_to_high_wq,low_wq_to_high_wq,2027,random_forest,ringdown_plus_all_shooting,k,30,0.0002118303571428,0.0847321428571425,5.0,0.1666666666666666,8.42013888888893e-05
collapsed_equivalence,directional_extrapolation,low_wq_to_high_wq,low_wq_to_high_wq,2027,random_forest,ringdown_plus_all_shooting,wq,30,0.056126427469135,0.2138149617871809,7.0,0.2333333333333333,0.0277642361111106
collapsed_equivalence,directional_extrapolation,low_wq_to_high_wq,low_wq_to_high_wq,2027,mlp,ringdown_plus_all_shooting,k,30,0.0001336205137768,0.0534482055107227,19.0,0.6333333333333333,0.0001648544768624
collapsed_equivalence,directional_extrapolation,low_wq_to_high_wq,low_wq_to_high_wq,2027,mlp,ringdown_plus_all_shooting,wq,30,0.0203857744532699,0.0776600931553142,20.0,0.6666666666666666,0.0183762655507598
collapsed_equivalence,directional_extrapolation,low_wq_to_high_wq,low_wq_to_high_wq,2028,hgb,ringdown,k,30,0.0002359434391546,0.0943773756618573,26.0,0.8666666666666667,0.0003921263813436
collapsed_equivalence,directional_extrapolation,low_wq_to_high_wq,low_wq_to_high_wq,2028,hgb,ringdown,wq,30,0.1225795386542869,0.4669696710639502,13.0,0.4333333333333333,0.1142722725108434
collapsed_equivalence,directional_extrapolation,low_wq_to_high_wq,low_wq_to_high_wq,2028,random_forest,ringdown,k,30,0.0001828188657407,0.073127546296296,13.0,0.4333333333333333,0.0002404513888888
collapsed_equivalence,directional_extrapolation,low_wq_to_high_wq,low_wq_to_high_wq,2028,random_forest,ringdown,wq,30,0.1000376173440755,0.3810956851202878,23.0,0.7666666666666667,0.1209127617945328
collapsed_equivalence,directional_extrapolation,low_wq_to_high_wq,low_wq_to_high_wq,2028,mlp,ringdown,k,30,0.0001739817899322,0.0695927159729044,17.0,0.5666666666666667,0.0001876367528553
collapsed_equivalence,directional_extrapolation,low_wq_to_high_wq,low_wq_to_high_wq,2028,mlp,ringdown,wq,30,0.0390931681514028,0.1489263548624869,8.0,0.2666666666666666,0.0198848419862637
collapsed_equivalence,directional_extrapolation,low_wq_to_high_wq,low_wq_to_high_wq,2028,hgb,photon_geometry,k,30,0.0007164450528321,0.2865780211328578,19.0,0.6333333333333333,0.0008654889947105
collapsed_equivalence,directional_extrapolation,low_wq_to_high_wq,low_wq_to_high_wq,2028,hgb,photon_geometry,wq,30,0.0982623615542821,0.3743328059210747,7.0,0.2333333333333333,0.0734563220702744
collapsed_equivalence,directional_extrapolation,low_wq_to_high_wq,low_wq_to_high_wq,2028,random_forest,photon_geometry,k,30,0.0006851034351451,0.2740413740580406,20.0,0.6666666666666666,0.0007926074735449
collapsed_equivalence,directional_extrapolation,low_wq_to_high_wq,low_wq_to_high_wq,2028,random_forest,photon_geometry,wq,30,0.0840605031966488,0.3202304883681862,5.0,0.1666666666666666,0.0510440145502644
collapsed_equivalence,directional_extrapolation,low_wq_to_high_wq,low_wq_to_high_wq,2028,mlp,photon_geometry,k,30,0.0007021771741651,0.2808708696660491,25.0,0.8333333333333334,0.0012806836546831
collapsed_equivalence,directional_extrapolation,low_wq_to_high_wq,low_wq_to_high_wq,2028,mlp,photon_geometry,wq,30,0.1210997602464409,0.4613324199864415,0.0,0.0,0.0776607250525809
collapsed_equivalence,directional_extrapolation,low_wq_to_high_wq,low_wq_to_high_wq,2028,hgb,all_shooting,k,30,0.0004715491837321,0.1886196734928644,19.0,0.6333333333333333,0.0006440783791185
collapsed_equivalence,directional_extrapolation,low_wq_to_high_wq,low_wq_to_high_wq,2028,hgb,all_shooting,wq,30,0.0798505120116415,0.3041924267110155,6.0,0.2,0.0492386406047972
collapsed_equivalence,directional_extrapolation,low_wq_to_high_wq,low_wq_to_high_wq,2028,random_forest,all_shooting,k,30,0.000585681464947,0.234272585978836,12.0,0.4,0.0004559871031746
collapsed_equivalence,directional_extrapolation,low_wq_to_high_wq,low_wq_to_high_wq,2028,random_forest,all_shooting,wq,30,0.0600731084656076,0.2288499370118386,7.0,0.2333333333333333,0.0341714120370372
collapsed_equivalence,directional_extrapolation,low_wq_to_high_wq,low_wq_to_high_wq,2028,mlp,all_shooting,k,30,0.0005395846530843,0.2158338612337421,14.0,0.4666666666666667,0.0004926286346974
collapsed_equivalence,directional_extrapolation,low_wq_to_high_wq,low_wq_to_high_wq,2028,mlp,all_shooting,wq,30,0.088736236996674,0.3380428076063774,14.0,0.4666666666666667,0.0851453561854344
collapsed_equivalence,directional_extrapolation,low_wq_to_high_wq,low_wq_to_high_wq,2028,hgb,ringdown_plus_photon_geometry,k,30,0.0002900984633719,0.1160393853487926,25.0,0.8333333333333334,0.0004313582330804
collapsed_equivalence,directional_extrapolation,low_wq_to_high_wq,low_wq_to_high_wq,2028,hgb,ringdown_plus_photon_geometry,wq,30,0.0954112013598737,0.3634712432757094,9.0,0.3,0.0722515702058573
collapsed_equivalence,directional_extrapolation,low_wq_to_high_wq,low_wq_to_high_wq,2028,random_forest,ringdown_plus_photon_geometry,k,30,0.0001888257275132,0.0755302910052907,13.0,0.4333333333333333,0.0002319444444444
collapsed_equivalence,directional_extrapolation,low_wq_to_high_wq,low_wq_to_high_wq,2028,random_forest,ringdown_plus_photon_geometry,wq,30,0.0821853899360666,0.3130871997564444,5.0,0.1666666666666666,0.0547169064153435
collapsed_equivalence,directional_extrapolation,low_wq_to_high_wq,low_wq_to_high_wq,2028,mlp,ringdown_plus_photon_geometry,k,30,0.0004384269112185,0.1753707644874186,24.0,0.8,0.0006964340169968
collapsed_equivalence,directional_extrapolation,low_wq_to_high_wq,low_wq_to_high_wq,2028,mlp,ringdown_plus_photon_geometry,wq,30,0.0472503108945293,0.1800011843601119,12.0,0.4,0.0325696350555979
collapsed_equivalence,directional_extrapolation,low_wq_to_high_wq,low_wq_to_high_wq,2028,hgb,ringdown_plus_all_shooting,k,30,0.0002844884768553,0.1137953907421512,22.0,0.7333333333333333,0.0004329526187102
collapsed_equivalence,directional_extrapolation,low_wq_to_high_wq,low_wq_to_high_wq,2028,hgb,ringdown_plus_all_shooting,wq,30,0.0797001398721738,0.3036195804654243,6.0,0.2,0.0485803700558666
collapsed_equivalence,directional_extrapolation,low_wq_to_high_wq,low_wq_to_high_wq,2028,random_forest,ringdown_plus_all_shooting,k,30,0.0002436643518518,0.0974657407407404,9.0,0.3,0.0002239583333333
collapsed_equivalence,directional_extrapolation,low_wq_to_high_wq,low_wq_to_high_wq,2028,random_forest,ringdown_plus_all_shooting,wq,30,0.0598042080026446,0.2278255542957891,7.0,0.2333333333333333,0.0351401620370371
collapsed_equivalence,directional_extrapolation,low_wq_to_high_wq,low_wq_to_high_wq,2028,mlp,ringdown_plus_all_shooting,k,30,0.0001268957534235,0.0507583013694211,20.0,0.6666666666666666,0.0001475073121517
collapsed_equivalence,directional_extrapolation,low_wq_to_high_wq,low_wq_to_high_wq,2028,mlp,ringdown_plus_all_shooting,wq,30,0.0861452712154638,0.3281724617731956,15.0,0.5,0.0883375652658318
collapsed_equivalence,directional_extrapolation,low_wq_to_high_wq,low_wq_to_high_wq,2029,hgb,ringdown,k,30,0.000223592280345,0.0894369121380151,26.0,0.8666666666666667,0.0003325114859271
collapsed_equivalence,directional_extrapolation,low_wq_to_high_wq,low_wq_to_high_wq,2029,hgb,ringdown,wq,30,0.1126570176264586,0.4291695909579375,17.0,0.5666666666666667,0.1155014290445823
collapsed_equivalence,directional_extrapolation,low_wq_to_high_wq,low_wq_to_high_wq,2029,random_forest,ringdown,k,30,0.0001829359016754,0.0731743606701937,16.0,0.5333333333333333,0.0002465277777777
collapsed_equivalence,directional_extrapolation,low_wq_to_high_wq,low_wq_to_high_wq,2029,random_forest,ringdown,wq,30,0.092636524370691,0.3529010452216801,6.0,0.2,0.0686511143177809
collapsed_equivalence,directional_extrapolation,low_wq_to_high_wq,low_wq_to_high_wq,2029,mlp,ringdown,k,30,0.0003384428380207,0.1353771352082927,11.0,0.3666666666666666,0.0003077633797449
collapsed_equivalence,directional_extrapolation,low_wq_to_high_wq,low_wq_to_high_wq,2029,mlp,ringdown,wq,30,0.1377463117679115,0.5247478543539488,13.0,0.4333333333333333,0.1355945762590452
collapsed_equivalence,directional_extrapolation,low_wq_to_high_wq,low_wq_to_high_wq,2029,hgb,photon_geometry,k,30,0.0005989857207997,0.2395942883198835,21.0,0.7,0.0008211554371516
collapsed_equivalence,directional_extrapolation,low_wq_to_high_wq,low_wq_to_high_wq,2029,hgb,photon_geometry,wq,30,0.0836882766061364,0.3188124823090912,13.0,0.4333333333333333,0.0782341035232018
collapsed_equivalence,directional_extrapolation,low_wq_to_high_wq,low_wq_to_high_wq,2029,random_forest,photon_geometry,k,30,0.0006461676587301,0.2584670634920634,20.0,0.6666666666666666,0.0007776951058201
collapsed_equivalence,directional_extrapolation,low_wq_to_high_wq,low_wq_to_high_wq,2029,random_forest,photon_geometry,wq,30,0.0667289583333329,0.2542055555555542,9.0,0.3,0.0533004960317459
collapsed_equivalence,directional_extrapolation,low_wq_to_high_wq,low_wq_to_high_wq,2029,mlp,photon_geometry,k,30,0.0006212833609641,0.2485133443856599,19.0,0.6333333333333333,0.0007253411810756
collapsed_equivalence,directional_extrapolation,low_wq_to_high_wq,low_wq_to_high_wq,2029,mlp,photon_geometry,wq,30,0.0420443023740491,0.1601687709487586,11.0,0.3666666666666666,0.0310525141940855
collapsed_equivalence,directional_extrapolation,low_wq_to_high_wq,low_wq_to_high_wq,2029,hgb,all_shooting,k,30,0.0004938873640417,0.1975549456167089,17.0,0.5666666666666667,0.0005829801030076
collapsed_equivalence,directional_extrapolation,low_wq_to_high_wq,low_wq_to_high_wq,2029,hgb,all_shooting,wq,30,0.0659965497047602,0.2514154274467056,0.0,0.0,0.0277833583717039
collapsed_equivalence,directional_extrapolation,low_wq_to_high_wq,low_wq_to_high_wq,2029,random_forest,all_shooting,k,30,0.0005580066137566,0.2232026455026453,11.0,0.3666666666666666,0.0003998024140211
collapsed_equivalence,directional_extrapolation,low_wq_to_high_wq,low_wq_to_high_wq,2029,random_forest,all_shooting,wq,30,0.0541477976190468,0.2062773242630356,10.0,0.3333333333333333,0.0431027777777778
collapsed_equivalence,directional_extrapolation,low_wq_to_high_wq,low_wq_to_high_wq,2029,mlp,all_shooting,k,30,0.000324468078543,0.1297872314172119,11.0,0.3666666666666666,0.0002414314979778
collapsed_equivalence,directional_extrapolation,low_wq_to_high_wq,low_wq_to_high_wq,2029,mlp,all_shooting,wq,30,0.0391588265582527,0.149176482126677,8.0,0.2666666666666666,0.0193708271564436
collapsed_equivalence,directional_extrapolation,low_wq_to_high_wq,low_wq_to_high_wq,2029,hgb,ringdown_plus_photon_geometry,k,30,0.0002583574659732,0.1033429863892981,24.0,0.8,0.0003933091001435
collapsed_equivalence,directional_extrapolation,low_wq_to_high_wq,low_wq_to_high_wq,2029,hgb,ringdown_plus_photon_geometry,wq,30,0.0830415342955936,0.3163487020784521,15.0,0.5,0.086119067093438
collapsed_equivalence,directional_extrapolation,low_wq_to_high_wq,low_wq_to_high_wq,2029,random_forest,ringdown_plus_photon_geometry,k,30,0.0001799469797178,0.0719787918871249,16.0,0.5333333333333333,0.0002416666666666
collapsed_equivalence,directional_extrapolation,low_wq_to_high_wq,low_wq_to_high_wq,2029,random_forest,ringdown_plus_photon_geometry,wq,30,0.0640191324955903,0.2438824095070109,9.0,0.3,0.0488874999999999
collapsed_equivalence,directional_extrapolation,low_wq_to_high_wq,low_wq_to_high_wq,2029,mlp,ringdown_plus_photon_geometry,k,30,0.0001411315180506,0.0564526072202556,23.0,0.7666666666666667,0.0002080077570475
collapsed_equivalence,directional_extrapolation,low_wq_to_high_wq,low_wq_to_high_wq,2029,mlp,ringdown_plus_photon_geometry,wq,30,0.0540024064706452,0.2057234532215057,12.0,0.4,0.0475645401636214
collapsed_equivalence,directional_extrapolation,low_wq_to_high_wq,low_wq_to_high_wq,2029,hgb,ringdown_plus_all_shooting,k,30,0.0002179341657287,0.0871736662914943,29.0,0.9666666666666668,0.0004612371079389
collapsed_equivalence,directional_extrapolation,low_wq_to_high_wq,low_wq_to_high_wq,2029,hgb,ringdown_plus_all_shooting,wq,30,0.0659599430114766,0.2512759733770538,0.0,0.0,0.0274523914789616
collapsed_equivalence,directional_extrapolation,low_wq_to_high_wq,low_wq_to_high_wq,2029,random_forest,ringdown_plus_all_shooting,k,30,0.0001997201278659,0.0798880511463842,16.0,0.5333333333333333,0.0002347222222222
collapsed_equivalence,directional_extrapolation,low_wq_to_high_wq,low_wq_to_high_wq,2029,random_forest,ringdown_plus_all_shooting,wq,30,0.0541768485449727,0.2063879944570392,10.0,0.3333333333333333,0.0416805555555556
collapsed_equivalence,directional_extrapolation,low_wq_to_high_wq,low_wq_to_high_wq,2029,mlp,ringdown_plus_all_shooting,k,30,0.0001887115359134,0.0754846143653927,21.0,0.7,0.000235629568279
collapsed_equivalence,directional_extrapolation,low_wq_to_high_wq,low_wq_to_high_wq,2029,mlp,ringdown_plus_all_shooting,wq,30,0.0514069815622559,0.1958361202371654,13.0,0.4333333333333333,0.0443555785651748
collapsed_equivalence,directional_extrapolation,low_wq_to_high_wq,low_wq_to_high_wq,2030,hgb,ringdown,k,30,0.0002298866574844,0.0919546629937897,23.0,0.7666666666666667,0.0002885422665691
collapsed_equivalence,directional_extrapolation,low_wq_to_high_wq,low_wq_to_high_wq,2030,hgb,ringdown,wq,30,0.1143739368857153,0.435710235755106,14.0,0.4666666666666667,0.1064246899053089
collapsed_equivalence,directional_extrapolation,low_wq_to_high_wq,low_wq_to_high_wq,2030,random_forest,ringdown,k,30,0.0001903148148148,0.0761259259259256,15.0,0.5,0.0002434027777777
collapsed_equivalence,directional_extrapolation,low_wq_to_high_wq,low_wq_to_high_wq,2030,random_forest,ringdown,wq,30,0.0959143386243387,0.3653879566641477,20.0,0.6666666666666666,0.1075984788359785
collapsed_equivalence,directional_extrapolation,low_wq_to_high_wq,low_wq_to_high_wq,2030,mlp,ringdown,k,30,0.0003494042393747,0.1397616957499025,10.0,0.3333333333333333,0.0002896428217389
collapsed_equivalence,directional_extrapolation,low_wq_to_high_wq,low_wq_to_high_wq,2030,mlp,ringdown,wq,30,0.0248872162356941,0.0948084428026442,27.0,0.9,0.0518665845881566
collapsed_equivalence,directional_extrapolation,low_wq_to_high_wq,low_wq_to_high_wq,2030,hgb,photon_geometry,k,30,0.0006603146661716,0.2641258664686616,16.0,0.5333333333333333,0.0007505774616047
collapsed_equivalence,directional_extrapolation,low_wq_to_high_wq,low_wq_to_high_wq,2030,hgb,photon_geometry,wq,30,0.0886794511218154,0.3378264804640588,6.0,0.2,0.0561386147326687
collapsed_equivalence,directional_extrapolation,low_wq_to_high_wq,low_wq_to_high_wq,2030,random_forest,photon_geometry,k,30,0.0006593756613756,0.2637502645502645,12.0,0.4,0.0004755332341269
collapsed_equivalence,directional_extrapolation,low_wq_to_high_wq,low_wq_to_high_wq,2030,random_forest,photon_geometry,wq,30,0.0722616302910049,0.2752824011085902,13.0,0.4333333333333333,0.0634998677248677
collapsed_equivalence,directional_extrapolation,low_wq_to_high_wq,low_wq_to_high_wq,2030,mlp,photon_geometry,k,30,0.0003834068962366,0.1533627584946773,30.0,1.0,0.0021331780857606
collapsed_equivalence,directional_extrapolation,low_wq_to_high_wq,low_wq_to_high_wq,2030,mlp,photon_geometry,wq,30,0.0424931055199496,0.1618784972188558,28.0,0.9333333333333332,0.0739649847871822
collapsed_equivalence,directional_extrapolation,low_wq_to_high_wq,low_wq_to_high_wq,2030,hgb,all_shooting,k,30,0.0005303945708536,0.212157828341445,14.0,0.4666666666666667,0.0004398283314989
collapsed_equivalence,directional_extrapolation,low_wq_to_high_wq,low_wq_to_high_wq,2030,hgb,all_shooting,wq,30,0.0682515871282347,0.260006046202799,5.0,0.1666666666666666,0.0380300212105875
collapsed_equivalence,directional_extrapolation,low_wq_to_high_wq,low_wq_to_high_wq,2030,random_forest,all_shooting,k,30,0.0005884353505291,0.2353741402116401,10.0,0.3333333333333333,0.0003573536706349
collapsed_equivalence,directional_extrapolation,low_wq_to_high_wq,low_wq_to_high_wq,2030,random_forest,all_shooting,wq,30,0.0551819973544965,0.2102171327790345,10.0,0.3333333333333333,0.0447206018518515
collapsed_equivalence,directional_extrapolation,low_wq_to_high_wq,low_wq_to_high_wq,2030,mlp,all_shooting,k,30,0.0006781676363377,0.2712670545351069,24.0,0.8,0.0011552693409254
collapsed_equivalence,directional_extrapolation,low_wq_to_high_wq,low_wq_to_high_wq,2030,mlp,all_shooting,wq,30,0.033884871848617,0.1290852260899695,30.0,1.0,0.6322895232870606
collapsed_equivalence,directional_extrapolation,low_wq_to_high_wq,low_wq_to_high_wq,2030,hgb,ringdown_plus_photon_geometry,k,30,0.0002805476982487,0.1122190792994866,21.0,0.7,0.0003326956629287
collapsed_equivalence,directional_extrapolation,low_wq_to_high_wq,low_wq_to_high_wq,2030,hgb,ringdown_plus_photon_geometry,wq,30,0.0849059903656391,0.3234513918691014,6.0,0.2,0.0578535143838107
collapsed_equivalence,directional_extrapolation,low_wq_to_high_wq,low_wq_to_high_wq,2030,random_forest,ringdown_plus_photon_geometry,k,30,0.0001952581018518,0.0781032407407405,17.0,0.5666666666666667,0.0002465277777777
collapsed_equivalence,directional_extrapolation,low_wq_to_high_wq,low_wq_to_high_wq,2030,random_forest,ringdown_plus_photon_geometry,wq,30,0.0703088139329802,0.2678431006970675,12.0,0.4,0.0596808201058202
collapsed_equivalence,directional_extrapolation,low_wq_to_high_wq,low_wq_to_high_wq,2030,mlp,ringdown_plus_photon_geometry,k,30,0.0003952840823259,0.1581136329303709,30.0,1.0,0.0032131074186677
collapsed_equivalence,directional_extrapolation,low_wq_to_high_wq,low_wq_to_high_wq,2030,mlp,ringdown_plus_photon_geometry,wq,30,0.0220726460815019,0.0840862707866741,30.0,1.0,1.1243527229960866
collapsed_equivalence,directional_extrapolation,low_wq_to_high_wq,low_wq_to_high_wq,2030,hgb,ringdown_plus_all_shooting,k,30,0.0002862434081807,0.1144973632722972,11.0,0.3666666666666666,0.0002758541768845
collapsed_equivalence,directional_extrapolation,low_wq_to_high_wq,low_wq_to_high_wq,2030,hgb,ringdown_plus_all_shooting,wq,30,0.0691535844459893,0.2634422264609116,4.0,0.1333333333333333,0.0394844915308443
collapsed_equivalence,directional_extrapolation,low_wq_to_high_wq,low_wq_to_high_wq,2030,random_forest,ringdown_plus_all_shooting,k,30,0.0002290039682539,0.091601587301587,17.0,0.5666666666666667,0.0002475694444444
collapsed_equivalence,directional_extrapolation,low_wq_to_high_wq,low_wq_to_high_wq,2030,random_forest,ringdown_plus_all_shooting,wq,30,0.0556869411375653,0.2121407281431061,10.0,0.3333333333333333,0.0458346064814811
collapsed_equivalence,directional_extrapolation,low_wq_to_high_wq,low_wq_to_high_wq,2030,mlp,ringdown_plus_all_shooting,k,30,0.0001314616567965,0.0525846627186122,30.0,1.0,0.0005946757842457
collapsed_equivalence,directional_extrapolation,low_wq_to_high_wq,low_wq_to_high_wq,2030,mlp,ringdown_plus_all_shooting,wq,30,0.0455940547824898,0.173691637266628,30.0,1.0,0.1244809625406463
collapsed_equivalence,grouped_physical_interpolation,,blocks_3x3_g0,2026,hgb,ringdown,k,12,0.0001619086556353,0.0647634622541374,12.0,1.0,0.0003304758779828
collapsed_equivalence,grouped_physical_interpolation,,blocks_3x3_g0,2026,hgb,ringdown,wq,12,0.1359595855001178,0.5179412780956868,0.0,0.0,0.0608875182330514
collapsed_equivalence,grouped_physical_interpolation,,blocks_3x3_g0,2026,random_forest,ringdown,k,12,4.674975198412737e-05,0.0186999007936509,12.0,1.0,0.0001471527777777
collapsed_equivalence,grouped_physical_interpolation,,blocks_3x3_g0,2026,random_forest,ringdown,wq,12,0.1181229194223987,0.4499920739900904,0.0,0.0,0.048014624669312
collapsed_equivalence,grouped_physical_interpolation,,blocks_3x3_g0,2026,mlp,ringdown,k,12,1.906369183268961e-05,0.0076254767330758,12.0,1.0,9.858557701565942e-05
collapsed_equivalence,grouped_physical_interpolation,,blocks_3x3_g0,2026,mlp,ringdown,wq,12,0.03961435284654,0.1509118203677717,5.0,0.4166666666666667,0.0292423748859919
collapsed_equivalence,grouped_physical_interpolation,,blocks_3x3_g0,2026,hgb,photon_geometry,k,12,0.0004711215833406,0.1884486333362607,10.0,0.8333333333333334,0.0007978504050767
collapsed_equivalence,grouped_physical_interpolation,,blocks_3x3_g0,2026,hgb,photon_geometry,wq,12,0.0617245695256338,0.2351412172405099,4.0,0.3333333333333333,0.0526019324291517
collapsed_equivalence,grouped_physical_interpolation,,blocks_3x3_g0,2026,random_forest,photon_geometry,k,12,0.0005695336448852,0.227813457954083,4.0,0.3333333333333333,0.0004881101190476
collapsed_equivalence,grouped_physical_interpolation,,blocks_3x3_g0,2026,random_forest,photon_geometry,wq,12,0.0633545331790125,0.2413506025867146,3.0,0.25,0.0383406525573195
collapsed_equivalence,grouped_physical_interpolation,,blocks_3x3_g0,2026,mlp,photon_geometry,k,12,0.0003601065792392,0.14404263169568,1.0,0.0833333333333333,0.0001715752316654
collapsed_equivalence,grouped_physical_interpolation,,blocks_3x3_g0,2026,mlp,photon_geometry,wq,12,0.1021458945853176,0.3891272174678765,2.0,0.1666666666666666,0.0508682777093928
collapsed_equivalence,grouped_physical_interpolation,,blocks_3x3_g0,2026,hgb,all_shooting,k,12,0.0001890070258575,0.0756028103430001,11.0,0.9166666666666666,0.0003896060117345
collapsed_equivalence,grouped_physical_interpolation,,blocks_3x3_g0,2026,hgb,all_shooting,wq,12,0.0345392014321163,0.1315779102175862,8.0,0.6666666666666666,0.0382714116750071
collapsed_equivalence,grouped_physical_interpolation,,blocks_3x3_g0,2026,random_forest,all_shooting,k,12,0.0003410609818422,0.1364243927368928,4.0,0.3333333333333333,0.0002547916666666
collapsed_equivalence,grouped_physical_interpolation,,blocks_3x3_g0,2026,random_forest,all_shooting,wq,12,0.0369205054012347,0.1406495443856562,5.0,0.4166666666666667,0.0304084821428571
collapsed_equivalence,grouped_physical_interpolation,,blocks_3x3_g0,2026,mlp,all_shooting,k,12,0.0002085896627073,0.0834358650829365,10.0,0.8333333333333334,0.000275745964342
collapsed_equivalence,grouped_physical_interpolation,,blocks_3x3_g0,2026,mlp,all_shooting,wq,12,0.0205095373567353,0.0781315708828012,5.0,0.4166666666666667,0.0190818455050459
collapsed_equivalence,grouped_physical_interpolation,,blocks_3x3_g0,2026,hgb,ringdown_plus_photon_geometry,k,12,0.0001843921766915,0.0737568706766337,10.0,0.8333333333333334,0.0003390523117265
collapsed_equivalence,grouped_physical_interpolation,,blocks_3x3_g0,2026,hgb,ringdown_plus_photon_geometry,wq,12,0.0555853566144113,0.2117537394834719,4.0,0.3333333333333333,0.0460245080020556
collapsed_equivalence,grouped_physical_interpolation,,blocks_3x3_g0,2026,random_forest,ringdown_plus_photon_geometry,k,12,7.67931547619052e-05,0.030717261904762,9.0,0.75,0.0001224454365079
collapsed_equivalence,grouped_physical_interpolation,,blocks_3x3_g0,2026,random_forest,ringdown_plus_photon_geometry,wq,12,0.0615413662918873,0.2344433001595708,1.0,0.0833333333333333,0.0348697089947093
collapsed_equivalence,grouped_physical_interpolation,,blocks_3x3_g0,2026,mlp,ringdown_plus_photon_geometry,k,12,2.4644196091127493e-05,0.0098576784364509,12.0,1.0,0.0001960567021925
collapsed_equivalence,grouped_physical_interpolation,,blocks_3x3_g0,2026,mlp,ringdown_plus_photon_geometry,wq,12,0.0251196848387921,0.0956940374811129,8.0,0.6666666666666666,0.0382969415108492
collapsed_equivalence,grouped_physical_interpolation,,blocks_3x3_g0,2026,hgb,ringdown_plus_all_shooting,k,12,9.819091823377558e-05,0.0392763672935102,12.0,1.0,0.0003441575085997
collapsed_equivalence,grouped_physical_interpolation,,blocks_3x3_g0,2026,hgb,ringdown_plus_all_shooting,wq,12,0.0372690330788756,0.1419772688719074,8.0,0.6666666666666666,0.0382834333773392
collapsed_equivalence,grouped_physical_interpolation,,blocks_3x3_g0,2026,random_forest,ringdown_plus_all_shooting,k,12,4.882440476190453e-05,0.0195297619047618,12.0,1.0,0.0001230009920634
collapsed_equivalence,grouped_physical_interpolation,,blocks_3x3_g0,2026,random_forest,ringdown_plus_all_shooting,wq,12,0.0385722800925927,0.1469420194003534,6.0,0.5,0.0304293154761905
collapsed_equivalence,grouped_physical_interpolation,,blocks_3x3_g0,2026,mlp,ringdown_plus_all_shooting,k,12,5.387753034606805e-05,0.0215510121384272,12.0,1.0,0.0001320513218075
collapsed_equivalence,grouped_physical_interpolation,,blocks_3x3_g0,2026,mlp,ringdown_plus_all_shooting,wq,12,0.0606071747787542,0.230884475347635,3.0,0.25,0.0313022026665915
collapsed_equivalence,grouped_physical_interpolation,,blocks_3x3_g0,2027,hgb,ringdown,k,12,0.0001772681533844,0.0709072613537981,12.0,1.0,0.0003545005030196
collapsed_equivalence,grouped_physical_interpolation,,blocks_3x3_g0,2027,hgb,ringdown,wq,12,0.1365508240979354,0.5201936156111825,0.0,0.0,0.0850802853734566
collapsed_equivalence,grouped_physical_interpolation,,blocks_3x3_g0,2027,random_forest,ringdown,k,12,7.19531250000004e-05,0.0287812500000001,10.0,0.8333333333333334,0.0001084077380952
collapsed_equivalence,grouped_physical_interpolation,,blocks_3x3_g0,2027,random_forest,ringdown,wq,12,0.1204080005160735,0.4586971448231371,0.0,0.0,0.0546804728835977
collapsed_equivalence,grouped_physical_interpolation,,blocks_3x3_g0,2027,mlp,ringdown,k,12,3.679056731145316e-05,0.0147162269245812,12.0,1.0,5.044446459678592e-05
collapsed_equivalence,grouped_physical_interpolation,,blocks_3x3_g0,2027,mlp,ringdown,wq,12,0.0567590133042059,0.216224812587451,4.0,0.3333333333333333,0.042672158575339
collapsed_equivalence,grouped_physical_interpolation,,blocks_3x3_g0,2027,hgb,photon_geometry,k,12,0.0004751655982527,0.1900662393011186,6.0,0.5,0.0005781852118855
collapsed_equivalence,grouped_physical_interpolation,,blocks_3x3_g0,2027,hgb,photon_geometry,wq,12,0.054961721572764,0.209377986943863,6.0,0.5,0.0511209858857057
collapsed_equivalence,grouped_physical_interpolation,,blocks_3x3_g0,2027,random_forest,photon_geometry,k,12,0.0005536847933174,0.2214739173269877,6.0,0.5,0.0005454265873015
collapsed_equivalence,grouped_physical_interpolation,,blocks_3x3_g0,2027,random_forest,photon_geometry,wq,12,0.0609304122574958,0.2321158562190319,4.0,0.3333333333333333,0.0443483630952381
collapsed_equivalence,grouped_physical_interpolation,,blocks_3x3_g0,2027,mlp,photon_geometry,k,12,5.049969277825452e-05,0.0201998771113018,12.0,1.0,0.0002220768891665
collapsed_equivalence,grouped_physical_interpolation,,blocks_3x3_g0,2027,mlp,photon_geometry,wq,12,0.0175905203975423,0.0670115062763518,8.0,0.6666666666666666,0.027743831707971
collapsed_equivalence,grouped_physical_interpolation,,blocks_3x3_g0,2027,hgb,all_shooting,k,12,0.0002045952900657,0.0818381160262813,12.0,1.0,0.0004865297518782
collapsed_equivalence,grouped_physical_interpolation,,blocks_3x3_g0,2027,hgb,all_shooting,wq,12,0.0323396846179555,0.1231987985445926,8.0,0.6666666666666666,0.0320977898646188
collapsed_equivalence,grouped_physical_interpolation,,blocks_3x3_g0,2027,random_forest,all_shooting,k,12,0.0003724603174603,0.1489841269841272,4.0,0.3333333333333333,0.0003018874007936
collapsed_equivalence,grouped_physical_interpolation,,blocks_3x3_g0,2027,random_forest,all_shooting,wq,12,0.0280086295745151,0.1066995412362483,8.0,0.6666666666666666,0.0327256944444442
collapsed_equivalence,grouped_physical_interpolation,,blocks_3x3_g0,2027,mlp,all_shooting,k,12,0.0001236760298432,0.0494704119373152,12.0,1.0,0.0003589105621268
collapsed_equivalence,grouped_physical_interpolation,,blocks_3x3_g0,2027,mlp,all_shooting,wq,12,0.0896478276117016,0.3415155337588634,4.0,0.3333333333333333,0.064504120849857
collapsed_equivalence,grouped_physical_interpolation,,blocks_3x3_g0,2027,hgb,ringdown_plus_photon_geometry,k,12,0.0001555791124466,0.0622316449786631,12.0,1.0,0.0003571916776342
collapsed_equivalence,grouped_physical_interpolation,,blocks_3x3_g0,2027,hgb,ringdown_plus_photon_geometry,wq,12,0.0461610433197394,0.1758515935990075,7.0,0.5833333333333334,0.0465214924400108
collapsed_equivalence,grouped_physical_interpolation,,blocks_3x3_g0,2027,random_forest,ringdown_plus_photon_geometry,k,12,0.000104033151455,0.0416132605820107,9.0,0.75,0.0001683680555555
collapsed_equivalence,grouped_physical_interpolation,,blocks_3x3_g0,2027,random_forest,ringdown_plus_photon_geometry,wq,12,0.059422024498457,0.2263696171369792,5.0,0.4166666666666667,0.0448028769841269
collapsed_equivalence,grouped_physical_interpolation,,blocks_3x3_g0,2027,mlp,ringdown_plus_photon_geometry,k,12,0.0001727054731725,0.0690821892690075,3.0,0.25,7.08012912493828e-05
collapsed_equivalence,grouped_physical_interpolation,,blocks_3x3_g0,2027,mlp,ringdown_plus_photon_geometry,wq,12,0.02618085076829,0.0997365743553908,6.0,0.5,0.0200274066620923
collapsed_equivalence,grouped_physical_interpolation,,blocks_3x3_g0,2027,hgb,ringdown_plus_all_shooting,k,12,0.0001176573956899,0.0470629582759777,12.0,1.0,0.0003186818729972
collapsed_equivalence,grouped_physical_interpolation,,blocks_3x3_g0,2027,hgb,ringdown_plus_all_shooting,wq,12,0.03509147039831,0.133681791993562,7.0,0.5833333333333334,0.0334807778265497
collapsed_equivalence,grouped_physical_interpolation,,blocks_3x3_g0,2027,random_forest,ringdown_plus_all_shooting,k,12,7.948743386243416e-05,0.0317949735449736,12.0,1.0,0.0001822222222222
collapsed_equivalence,grouped_physical_interpolation,,blocks_3x3_g0,2027,random_forest,ringdown_plus_all_shooting,wq,12,0.0286581624779543,0.1091739522969687,8.0,0.6666666666666666,0.0340486111111111
collapsed_equivalence,grouped_physical_interpolation,,blocks_3x3_g0,2027,mlp,ringdown_plus_all_shooting,k,12,0.0001714032408027,0.0685612963210953,2.0,0.1666666666666666,0.0001004027116028
collapsed_equivalence,grouped_physical_interpolation,,blocks_3x3_g0,2027,mlp,ringdown_plus_all_shooting,wq,12,0.0611460712992137,0.2329374144731954,4.0,0.3333333333333333,0.0438804801942244
collapsed_equivalence,grouped_physical_interpolation,,blocks_3x3_g0,2028,hgb,ringdown,k,12,0.000124069871834,0.0496279487336344,8.0,0.6666666666666666,0.0002211898995766
collapsed_equivalence,grouped_physical_interpolation,,blocks_3x3_g0,2028,hgb,ringdown,wq,12,0.1375598022999223,0.5240373420949423,0.0,0.0,0.075218526288136
collapsed_equivalence,grouped_physical_interpolation,,blocks_3x3_g0,2028,random_forest,ringdown,k,12,0.0001301868386243,0.0520747354497356,12.0,1.0,0.0002031597222222
collapsed_equivalence,grouped_physical_interpolation,,blocks_3x3_g0,2028,random_forest,ringdown,wq,12,0.1281845045194004,0.4883219219786683,1.0,0.0833333333333333,0.0923518849206349
collapsed_equivalence,grouped_physical_interpolation,,blocks_3x3_g0,2028,mlp,ringdown,k,12,1.6017712749489128e-05,0.0064070850997956,12.0,1.0,6.658081886529383e-05
collapsed_equivalence,grouped_physical_interpolation,,blocks_3x3_g0,2028,mlp,ringdown,wq,12,0.0455064919137185,0.1733580644332135,2.0,0.1666666666666666,0.015023946855651
collapsed_equivalence,grouped_physical_interpolation,,blocks_3x3_g0,2028,hgb,photon_geometry,k,12,0.0005209305865308,0.2083722346123415,6.0,0.5,0.0006286140649659
collapsed_equivalence,grouped_physical_interpolation,,blocks_3x3_g0,2028,hgb,photon_geometry,wq,12,0.0556249869287925,0.2119047121096859,3.0,0.25,0.0416731392790147
collapsed_equivalence,grouped_physical_interpolation,,blocks_3x3_g0,2028,random_forest,photon_geometry,k,12,0.0006402211865102,0.2560884746040997,3.0,0.25,0.0005199950396825
collapsed_equivalence,grouped_physical_interpolation,,blocks_3x3_g0,2028,random_forest,photon_geometry,wq,12,0.0682718219521607,0.2600831312463266,0.0,0.0,0.0302666666666672
collapsed_equivalence,grouped_physical_interpolation,,blocks_3x3_g0,2028,mlp,photon_geometry,k,12,0.000388493056895,0.1553972227580044,2.0,0.1666666666666666,0.0001547964927816
collapsed_equivalence,grouped_physical_interpolation,,blocks_3x3_g0,2028,mlp,photon_geometry,wq,12,0.0191255474154669,0.0728592282493979,7.0,0.5833333333333334,0.0201891477011252
collapsed_equivalence,grouped_physical_interpolation,,blocks_3x3_g0,2028,hgb,all_shooting,k,12,0.0002632426037406,0.105297041496241,11.0,0.9166666666666666,0.0004964806533701
collapsed_equivalence,grouped_physical_interpolation,,blocks_3x3_g0,2028,hgb,all_shooting,wq,12,0.0353600976141379,0.1347051337681445,6.0,0.5,0.0319122765699022
collapsed_equivalence,grouped_physical_interpolation,,blocks_3x3_g0,2028,random_forest,all_shooting,k,12,0.0004427989718614,0.1771195887445889,7.0,0.5833333333333334,0.0004121701388888
collapsed_equivalence,grouped_physical_interpolation,,blocks_3x3_g0,2028,random_forest,all_shooting,wq,12,0.0349479552469137,0.1331350676072903,2.0,0.1666666666666666,0.0160711805555551
collapsed_equivalence,grouped_physical_interpolation,,blocks_3x3_g0,2028,mlp,all_shooting,k,12,5.643376420034629e-05,0.0225735056801385,11.0,0.9166666666666666,0.0001411088792022
collapsed_equivalence,grouped_physical_interpolation,,blocks_3x3_g0,2028,mlp,all_shooting,wq,12,0.0325077830824292,0.1238391736473496,2.0,0.1666666666666666,0.0114691223723307
collapsed_equivalence,grouped_physical_interpolation,,blocks_3x3_g0,2028,hgb,ringdown_plus_photon_geometry,k,12,0.0001342833392322,0.053713335692905,9.0,0.75,0.0002394480366457
collapsed_equivalence,grouped_physical_interpolation,,blocks_3x3_g0,2028,hgb,ringdown_plus_photon_geometry,wq,12,0.0537903929015036,0.2049157824819187,3.0,0.25,0.0321347405103933
collapsed_equivalence,grouped_physical_interpolation,,blocks_3x3_g0,2028,random_forest,ringdown_plus_photon_geometry,k,12,0.0001500640707671,0.0600256283068784,9.0,0.75,0.0001716319444444
collapsed_equivalence,grouped_physical_interpolation,,blocks_3x3_g0,2028,random_forest,ringdown_plus_photon_geometry,wq,12,0.0662638303295857,0.2524336393508029,0.0,0.0,0.0286250000000005
collapsed_equivalence,grouped_physical_interpolation,,blocks_3x3_g0,2028,mlp,ringdown_plus_photon_geometry,k,12,0.0001380844131324,0.0552337652529987,2.0,0.1666666666666666,7.067332568938848e-05
collapsed_equivalence,grouped_physical_interpolation,,blocks_3x3_g0,2028,mlp,ringdown_plus_photon_geometry,wq,12,0.0455259922330022,0.1734323513638182,5.0,0.4166666666666667,0.0378668262864629
collapsed_equivalence,grouped_physical_interpolation,,blocks_3x3_g0,2028,hgb,ringdown_plus_all_shooting,k,12,6.05548645881022e-05,0.0242219458352408,12.0,1.0,0.0002794234517956
collapsed_equivalence,grouped_physical_interpolation,,blocks_3x3_g0,2028,hgb,ringdown_plus_all_shooting,wq,12,0.0354622604065561,0.1350943253583092,7.0,0.5833333333333334,0.03236486019184
collapsed_equivalence,grouped_physical_interpolation,,blocks_3x3_g0,2028,random_forest,ringdown_plus_all_shooting,k,12,0.0001321531911375,0.0528612764550266,10.0,0.8333333333333334,0.0001682291666666
collapsed_equivalence,grouped_physical_interpolation,,blocks_3x3_g0,2028,random_forest,ringdown_plus_all_shooting,wq,12,0.0364202353395062,0.1387437536743096,1.0,0.0833333333333333,0.015758680555555
collapsed_equivalence,grouped_physical_interpolation,,blocks_3x3_g0,2028,mlp,ringdown_plus_all_shooting,k,12,0.000142659574379,0.0570638297516064,9.0,0.75,0.0001768310282864
collapsed_equivalence,grouped_physical_interpolation,,blocks_3x3_g0,2028,mlp,ringdown_plus_all_shooting,wq,12,0.1195510860700667,0.4554327088383493,0.0,0.0,0.0667183575534073
collapsed_equivalence,grouped_physical_interpolation,,blocks_3x3_g0,2029,hgb,ringdown,k,12,0.0001337362134813,0.0534944853925513,12.0,1.0,0.0002738094202242
collapsed_equivalence,grouped_physical_interpolation,,blocks_3x3_g0,2029,hgb,ringdown,wq,12,0.1426605865094231,0.5434689009882787,2.0,0.1666666666666666,0.0951237285206372
collapsed_equivalence,grouped_physical_interpolation,,blocks_3x3_g0,2029,random_forest,ringdown,k,12,5.604841820987695e-05,0.0224193672839507,12.0,1.0,0.0001966716269841
collapsed_equivalence,grouped_physical_interpolation,,blocks_3x3_g0,2029,random_forest,ringdown,wq,12,0.1310354442239859,0.4991826446628036,1.0,0.0833333333333333,0.0707767361111108
collapsed_equivalence,grouped_physical_interpolation,,blocks_3x3_g0,2029,mlp,ringdown,k,12,1.3651115573668732e-05,0.0054604462294674,12.0,1.0,6.157875202083868e-05
collapsed_equivalence,grouped_physical_interpolation,,blocks_3x3_g0,2029,mlp,ringdown,wq,12,0.1512082640330501,0.576031482030667,1.0,0.0833333333333333,0.1164824762375292
collapsed_equivalence,grouped_physical_interpolation,,blocks_3x3_g0,2029,hgb,photon_geometry,k,12,0.0005088835879894,0.203553435195769,9.0,0.75,0.0007928196171598
collapsed_equivalence,grouped_physical_interpolation,,blocks_3x3_g0,2029,hgb,photon_geometry,wq,12,0.0583633597949388,0.222336608742624,1.0,0.0833333333333333,0.0368337920801368
collapsed_equivalence,grouped_physical_interpolation,,blocks_3x3_g0,2029,random_forest,photon_geometry,k,12,0.0005958547275236,0.2383418910094607,5.0,0.4166666666666667,0.0005315024489327
collapsed_equivalence,grouped_physical_interpolation,,blocks_3x3_g0,2029,random_forest,photon_geometry,wq,12,0.0649495604607587,0.2474268969933664,0.0,0.0,0.0305173611111104
collapsed_equivalence,grouped_physical_interpolation,,blocks_3x3_g0,2029,mlp,photon_geometry,k,12,0.0001486397168335,0.0594558867334038,9.0,0.75,0.0001931299270298
collapsed_equivalence,grouped_physical_interpolation,,blocks_3x3_g0,2029,mlp,photon_geometry,wq,12,0.0286319825497255,0.1090742192370496,8.0,0.6666666666666666,0.0346412262720636
collapsed_equivalence,grouped_physical_interpolation,,blocks_3x3_g0,2029,hgb,all_shooting,k,12,0.0001783194085563,0.071327763422549,12.0,1.0,0.0004540671786116
collapsed_equivalence,grouped_physical_interpolation,,blocks_3x3_g0,2029,hgb,all_shooting,wq,12,0.0320700768624882,0.1221717213809075,6.0,0.5,0.0274397291984281
collapsed_equivalence,grouped_physical_interpolation,,blocks_3x3_g0,2029,random_forest,all_shooting,k,12,0.000390419633131,0.1561678532524122,4.0,0.3333333333333333,0.0002920830415499
collapsed_equivalence,grouped_physical_interpolation,,blocks_3x3_g0,2029,random_forest,all_shooting,wq,12,0.0359900518077603,0.1371049592676585,5.0,0.4166666666666667,0.0258736111111109
collapsed_equivalence,grouped_physical_interpolation,,blocks_3x3_g0,2029,mlp,all_shooting,k,12,5.3048655697078574e-05,0.0212194622788314,12.0,1.0,0.0002097827196818
collapsed_equivalence,grouped_physical_interpolation,,blocks_3x3_g0,2029,mlp,all_shooting,wq,12,0.0300896132211109,0.1146270979851844,9.0,0.75,0.0490590243855416
collapsed_equivalence,grouped_physical_interpolation,,blocks_3x3_g0,2029,hgb,ringdown_plus_photon_geometry,k,12,0.0001756632257021,0.0702652902808625,10.0,0.8333333333333334,0.0003258576850248
collapsed_equivalence,grouped_physical_interpolation,,blocks_3x3_g0,2029,hgb,ringdown_plus_photon_geometry,wq,12,0.0504936501720513,0.1923567625601954,5.0,0.4166666666666667,0.0388296919526771
collapsed_equivalence,grouped_physical_interpolation,,blocks_3x3_g0,2029,random_forest,ringdown_plus_photon_geometry,k,12,9.592261904761946e-05,0.0383690476190477,10.0,0.8333333333333334,0.0001864236111111
collapsed_equivalence,grouped_physical_interpolation,,blocks_3x3_g0,2029,random_forest,ringdown_plus_photon_geometry,wq,12,0.0644436342592595,0.2454995590828935,0.0,0.0,0.0313060515873014
collapsed_equivalence,grouped_physical_interpolation,,blocks_3x3_g0,2029,mlp,ringdown_plus_photon_geometry,k,12,0.0001815560148123,0.0726224059249264,10.0,0.8333333333333334,0.000317331674438
collapsed_equivalence,grouped_physical_interpolation,,blocks_3x3_g0,2029,mlp,ringdown_plus_photon_geometry,wq,12,0.092158474505716,0.3510799028789182,0.0,0.0,0.0507005629457753
collapsed_equivalence,grouped_physical_interpolation,,blocks_3x3_g0,2029,hgb,ringdown_plus_all_shooting,k,12,0.0001058527733985,0.0423411093594315,12.0,1.0,0.0003642266063414
collapsed_equivalence,grouped_physical_interpolation,,blocks_3x3_g0,2029,hgb,ringdown_plus_all_shooting,wq,12,0.0346052859960177,0.1318296609372103,6.0,0.5,0.0276197190247011
collapsed_equivalence,grouped_physical_interpolation,,blocks_3x3_g0,2029,random_forest,ringdown_plus_all_shooting,k,12,6.58184523809527e-05,0.026327380952381,12.0,1.0,0.0001904513888888
collapsed_equivalence,grouped_physical_interpolation,,blocks_3x3_g0,2029,random_forest,ringdown_plus_all_shooting,wq,12,0.0331146274250442,0.126150961619216,6.0,0.5,0.0270109126984125
collapsed_equivalence,grouped_physical_interpolation,,blocks_3x3_g0,2029,mlp,ringdown_plus_all_shooting,k,12,0.0001369924433756,0.0547969773502726,10.0,0.8333333333333334,0.0002033130033946
collapsed_equivalence,grouped_physical_interpolation,,blocks_3x3_g0,2029,mlp,ringdown_plus_all_shooting,wq,12,0.0409937269259928,0.156166578765687,8.0,0.6666666666666666,0.0614265023823764
collapsed_equivalence,grouped_physical_interpolation,,blocks_3x3_g0,2030,hgb,ringdown,k,12,0.0001729557435225,0.0691822974090388,12.0,1.0,0.000276934465547
collapsed_equivalence,grouped_physical_interpolation,,blocks_3x3_g0,2030,hgb,ringdown,wq,12,0.1444267585189005,0.5501971753100974,0.0,0.0,0.0928301315593201
collapsed_equivalence,grouped_physical_interpolation,,blocks_3x3_g0,2030,random_forest,ringdown,k,12,8.225694444444482e-05,0.0329027777777779,12.0,1.0,0.0001402604166666
collapsed_equivalence,grouped_physical_interpolation,,blocks_3x3_g0,2030,random_forest,ringdown,wq,12,0.13827238581249,0.5267519459523429,0.0,0.0,0.0672309027777779
collapsed_equivalence,grouped_physical_interpolation,,blocks_3x3_g0,2030,mlp,ringdown,k,12,0.000157272072575,0.0629088290300132,12.0,1.0,0.0003768672155957
collapsed_equivalence,grouped_physical_interpolation,,blocks_3x3_g0,2030,mlp,ringdown,wq,12,0.1169062907753291,0.4453572981917299,0.0,0.0,0.0556172188233479
collapsed_equivalence,grouped_physical_interpolation,,blocks_3x3_g0,2030,hgb,photon_geometry,k,12,0.0005664390451685,0.226575618067402,8.0,0.6666666666666666,0.0007512291016939
collapsed_equivalence,grouped_physical_interpolation,,blocks_3x3_g0,2030,hgb,photon_geometry,wq,12,0.0688431299420215,0.2622595426362725,1.0,0.0833333333333333,0.0383636603547727
collapsed_equivalence,grouped_physical_interpolation,,blocks_3x3_g0,2030,random_forest,photon_geometry,k,12,0.0006254397791637,0.2501759116654951,2.0,0.1666666666666666,0.000467606548544
collapsed_equivalence,grouped_physical_interpolation,,blocks_3x3_g0,2030,random_forest,photon_geometry,wq,12,0.0708104828042331,0.2697542202066024,2.0,0.1666666666666666,0.0424012896825402
collapsed_equivalence,grouped_physical_interpolation,,blocks_3x3_g0,2030,mlp,photon_geometry,k,12,0.0001627426266679,0.0650970506671638,8.0,0.6666666666666666,0.0001749344025296
collapsed_equivalence,grouped_physical_interpolation,,blocks_3x3_g0,2030,mlp,photon_geometry,wq,12,0.1020241360068542,0.3886633752642066,4.0,0.3333333333333333,0.0865209248916448
collapsed_equivalence,grouped_physical_interpolation,,blocks_3x3_g0,2030,hgb,all_shooting,k,12,0.0001867453289963,0.0746981315985447,11.0,0.9166666666666666,0.0004491720273557
collapsed_equivalence,grouped_physical_interpolation,,blocks_3x3_g0,2030,hgb,all_shooting,wq,12,0.0347371008919984,0.1323318129218988,3.0,0.25,0.0175325156921984
collapsed_equivalence,grouped_physical_interpolation,,blocks_3x3_g0,2030,random_forest,all_shooting,k,12,0.0004004489087301,0.1601795634920637,8.0,0.6666666666666666,0.0004225868055555
collapsed_equivalence,grouped_physical_interpolation,,blocks_3x3_g0,2030,random_forest,all_shooting,wq,12,0.0370321373456791,0.1410748089359204,6.0,0.5,0.0317926587301591
collapsed_equivalence,grouped_physical_interpolation,,blocks_3x3_g0,2030,mlp,all_shooting,k,12,0.0002781334164864,0.1112533665945944,3.0,0.25,0.0001862231560981
collapsed_equivalence,grouped_physical_interpolation,,blocks_3x3_g0,2030,mlp,all_shooting,wq,12,0.0177698927448258,0.0676948295040986,8.0,0.6666666666666666,0.0305446717576998
collapsed_equivalence,grouped_physical_interpolation,,blocks_3x3_g0,2030,hgb,ringdown_plus_photon_geometry,k,12,0.0001942455083487,0.0776982033395192,12.0,1.0,0.00037068275195
collapsed_equivalence,grouped_physical_interpolation,,blocks_3x3_g0,2030,hgb,ringdown_plus_photon_geometry,wq,12,0.0631864068784402,0.240710121441677,1.0,0.0833333333333333,0.0379371757735685
collapsed_equivalence,grouped_physical_interpolation,,blocks_3x3_g0,2030,random_forest,ringdown_plus_photon_geometry,k,12,0.0001277170138888,0.0510868055555557,9.0,0.75,0.0001503124999999
collapsed_equivalence,grouped_physical_interpolation,,blocks_3x3_g0,2030,random_forest,ringdown_plus_photon_geometry,wq,12,0.0691836557539685,0.263556783824642,1.0,0.0833333333333333,0.0399053571428578
collapsed_equivalence,grouped_physical_interpolation,,blocks_3x3_g0,2030,mlp,ringdown_plus_photon_geometry,k,12,0.0001128304724426,0.0451321889770404,8.0,0.6666666666666666,0.0001766181944604
collapsed_equivalence,grouped_physical_interpolation,,blocks_3x3_g0,2030,mlp,ringdown_plus_photon_geometry,wq,12,0.0120627144359341,0.0459531978511779,9.0,0.75,0.0183412790614789
collapsed_equivalence,grouped_physical_interpolation,,blocks_3x3_g0,2030,hgb,ringdown_plus_all_shooting,k,12,0.0001370865132206,0.0548346052882552,11.0,0.9166666666666666,0.0002700479985422
collapsed_equivalence,grouped_physical_interpolation,,blocks_3x3_g0,2030,hgb,ringdown_plus_all_shooting,wq,12,0.0368707785812504,0.1404601088809539,3.0,0.25,0.0180440567153914
collapsed_equivalence,grouped_physical_interpolation,,blocks_3x3_g0,2030,random_forest,ringdown_plus_all_shooting,k,12,7.822461970899502e-05,0.031289847883598,10.0,0.8333333333333334,0.0001260416666666
collapsed_equivalence,grouped_physical_interpolation,,blocks_3x3_g0,2030,random_forest,ringdown_plus_all_shooting,wq,12,0.0356048418209877,0.1356374926513818,6.0,0.5,0.0309682539682542
collapsed_equivalence,grouped_physical_interpolation,,blocks_3x3_g0,2030,mlp,ringdown_plus_all_shooting,k,12,0.0001034498123058,0.041379924922354,10.0,0.8333333333333334,0.0001723705917414
collapsed_equivalence,grouped_physical_interpolation,,blocks_3x3_g0,2030,mlp,ringdown_plus_all_shooting,wq,12,0.0172348613882412,0.0656566148123476,7.0,0.5833333333333334,0.02368322936299
collapsed_equivalence,grouped_physical_interpolation,,blocks_3x3_g1,2026,hgb,ringdown,k,12,0.0001739775095404,0.069591003816183,8.0,0.6666666666666666,0.00024410035139
collapsed_equivalence,grouped_physical_interpolation,,blocks_3x3_g1,2026,hgb,ringdown,wq,12,0.0287499999999999,0.1095238095238094,12.0,1.0,0.0909307816143714
collapsed_equivalence,grouped_physical_interpolation,,blocks_3x3_g1,2026,random_forest,ringdown,k,12,8.110532407407512e-06,0.003244212962963,12.0,1.0,0.0001721626984126
collapsed_equivalence,grouped_physical_interpolation,,blocks_3x3_g1,2026,random_forest,ringdown,wq,12,0.0246151872144059,0.0937721417691655,12.0,1.0,0.0598863343253964
collapsed_equivalence,grouped_physical_interpolation,,blocks_3x3_g1,2026,mlp,ringdown,k,12,2.3378041454711133e-05,0.0093512165818844,12.0,1.0,0.0001693296213894
collapsed_equivalence,grouped_physical_interpolation,,blocks_3x3_g1,2026,mlp,ringdown,wq,12,0.0119089735222056,0.0453675181798308,9.0,0.75,0.0139968192030613
collapsed_equivalence,grouped_physical_interpolation,,blocks_3x3_g1,2026,hgb,photon_geometry,k,12,0.0003087591605516,0.1235036642206595,12.0,1.0,0.0007477446249424
collapsed_equivalence,grouped_physical_interpolation,,blocks_3x3_g1,2026,hgb,photon_geometry,wq,12,0.0327873394859403,0.12490415042263,8.0,0.6666666666666666,0.0387913909615845
collapsed_equivalence,grouped_physical_interpolation,,blocks_3x3_g1,2026,random_forest,photon_geometry,k,12,0.0002244793733465,0.0897917493386244,12.0,1.0,0.0005311344442594
collapsed_equivalence,grouped_physical_interpolation,,blocks_3x3_g1,2026,random_forest,photon_geometry,wq,12,0.0495066578483244,0.1885967918031406,4.0,0.3333333333333333,0.0374603174603174
collapsed_equivalence,grouped_physical_interpolation,,blocks_3x3_g1,2026,mlp,photon_geometry,k,12,0.0005290179630316,0.2116071852126445,12.0,1.0,0.0009114384730235
collapsed_equivalence,grouped_physical_interpolation,,blocks_3x3_g1,2026,mlp,photon_geometry,wq,12,0.0436356030737602,0.16623086885242,11.0,0.9166666666666666,0.0864237005174944
collapsed_equivalence,grouped_physical_interpolation,,blocks_3x3_g1,2026,hgb,all_shooting,k,12,0.0001076593852637,0.0430637541055098,12.0,1.0,0.0004108753104154
collapsed_equivalence,grouped_physical_interpolation,,blocks_3x3_g1,2026,hgb,all_shooting,wq,12,0.028400199550179,0.1081912363816344,5.0,0.4166666666666667,0.0207347669636435
collapsed_equivalence,grouped_physical_interpolation,,blocks_3x3_g1,2026,random_forest,all_shooting,k,12,0.0001791782031625,0.0716712812650314,12.0,1.0,0.0003658928571428
collapsed_equivalence,grouped_physical_interpolation,,blocks_3x3_g1,2026,random_forest,all_shooting,wq,12,0.0222001295194006,0.0845719219786689,7.0,0.5833333333333334,0.0234623015873016
collapsed_equivalence,grouped_physical_interpolation,,blocks_3x3_g1,2026,mlp,all_shooting,k,12,3.2869239369577104e-05,0.0131476957478308,12.0,1.0,0.0001298559349397
collapsed_equivalence,grouped_physical_interpolation,,blocks_3x3_g1,2026,mlp,all_shooting,wq,12,0.0301730029718482,0.1149447732260883,10.0,0.8333333333333334,0.0522959296144815
collapsed_equivalence,grouped_physical_interpolation,,blocks_3x3_g1,2026,hgb,ringdown_plus_photon_geometry,k,12,0.0002095131120107,0.0838052448043174,9.0,0.75,0.0002889741106601
collapsed_equivalence,grouped_physical_interpolation,,blocks_3x3_g1,2026,hgb,ringdown_plus_photon_geometry,wq,12,0.029189403206117,0.1111977264994935,8.0,0.6666666666666666,0.0382267825964796
collapsed_equivalence,grouped_physical_interpolation,,blocks_3x3_g1,2026,random_forest,ringdown_plus_photon_geometry,k,12,6.006944444444603e-06,0.0024027777777778,12.0,1.0,0.0001802083333333
collapsed_equivalence,grouped_physical_interpolation,,blocks_3x3_g1,2026,random_forest,ringdown_plus_photon_geometry,wq,12,0.049704927248677,0.189352103804484,5.0,0.4166666666666667,0.0419895998677251
collapsed_equivalence,grouped_physical_interpolation,,blocks_3x3_g1,2026,mlp,ringdown_plus_photon_geometry,k,12,2.037678754454129e-05,0.0081507150178165,12.0,1.0,0.0001853211574535
collapsed_equivalence,grouped_physical_interpolation,,blocks_3x3_g1,2026,mlp,ringdown_plus_photon_geometry,wq,12,0.0356948794005975,0.1359804929546574,12.0,1.0,0.0716556553566392
collapsed_equivalence,grouped_physical_interpolation,,blocks_3x3_g1,2026,hgb,ringdown_plus_all_shooting,k,12,0.0001300395603951,0.0520158241580651,12.0,1.0,0.0002669778209835
collapsed_equivalence,grouped_physical_interpolation,,blocks_3x3_g1,2026,hgb,ringdown_plus_all_shooting,wq,12,0.0290072531286872,0.110503821442618,6.0,0.5,0.0228758752726302
collapsed_equivalence,grouped_physical_interpolation,,blocks_3x3_g1,2026,random_forest,ringdown_plus_all_shooting,k,12,3.3043981481484283e-06,0.0013217592592593,12.0,1.0,0.0001756944444444
collapsed_equivalence,grouped_physical_interpolation,,blocks_3x3_g1,2026,random_forest,ringdown_plus_all_shooting,wq,12,0.0218401951058203,0.0832007432602681,7.0,0.5833333333333334,0.023219246031746
collapsed_equivalence,grouped_physical_interpolation,,blocks_3x3_g1,2026,mlp,ringdown_plus_all_shooting,k,12,4.978899545851767e-05,0.019915598183407,12.0,1.0,0.0001272946994364
collapsed_equivalence,grouped_physical_interpolation,,blocks_3x3_g1,2026,mlp,ringdown_plus_all_shooting,wq,12,0.0282559897408821,0.107641865679551,11.0,0.9166666666666666,0.0564430810017478
collapsed_equivalence,grouped_physical_interpolation,,blocks_3x3_g1,2027,hgb,ringdown,k,12,0.0001667906078819,0.0667162431527804,12.0,1.0,0.0002525775848237
collapsed_equivalence,grouped_physical_interpolation,,blocks_3x3_g1,2027,hgb,ringdown,wq,12,0.0287499999999999,0.1095238095238094,12.0,1.0,0.1086503319860858
collapsed_equivalence,grouped_physical_interpolation,,blocks_3x3_g1,2027,random_forest,ringdown,k,12,1.17638062169313e-05,0.0047055224867725,12.0,1.0,0.0002430555555555
collapsed_equivalence,grouped_physical_interpolation,,blocks_3x3_g1,2027,random_forest,ringdown,wq,12,0.0233956927910052,0.0891264487276389,12.0,1.0,0.0783618882275136
collapsed_equivalence,grouped_physical_interpolation,,blocks_3x3_g1,2027,mlp,ringdown,k,12,2.1310232884123967e-05,0.0085240931536495,12.0,1.0,7.478657408523451e-05
collapsed_equivalence,grouped_physical_interpolation,,blocks_3x3_g1,2027,mlp,ringdown,wq,12,0.0124776209821264,0.0475337942176245,11.0,0.9166666666666666,0.0276444403378918
collapsed_equivalence,grouped_physical_interpolation,,blocks_3x3_g1,2027,hgb,photon_geometry,k,12,0.0002446851599848,0.0978740639939376,12.0,1.0,0.0007606464134534
collapsed_equivalence,grouped_physical_interpolation,,blocks_3x3_g1,2027,hgb,photon_geometry,wq,12,0.0388654129426586,0.1480587159720328,6.0,0.5,0.0418939568605657
collapsed_equivalence,grouped_physical_interpolation,,blocks_3x3_g1,2027,random_forest,photon_geometry,k,12,0.0001831206597222,0.0732482638888889,12.0,1.0,0.0004903191137566
collapsed_equivalence,grouped_physical_interpolation,,blocks_3x3_g1,2027,random_forest,photon_geometry,wq,12,0.0413098655202821,0.1573709162677416,6.0,0.5,0.0372921378968252
collapsed_equivalence,grouped_physical_interpolation,,blocks_3x3_g1,2027,mlp,photon_geometry,k,12,4.237243342341936e-05,0.0169489733693677,12.0,1.0,0.0002366437730351
collapsed_equivalence,grouped_physical_interpolation,,blocks_3x3_g1,2027,mlp,photon_geometry,wq,12,0.0247443411314942,0.0942641566914064,5.0,0.4166666666666667,0.013181319664023
collapsed_equivalence,grouped_physical_interpolation,,blocks_3x3_g1,2027,hgb,all_shooting,k,12,0.0001170391460478,0.0468156584191243,12.0,1.0,0.0004745777794755
collapsed_equivalence,grouped_physical_interpolation,,blocks_3x3_g1,2027,hgb,all_shooting,wq,12,0.0320824731551961,0.122218945353128,6.0,0.5,0.0276482503980763
collapsed_equivalence,grouped_physical_interpolation,,blocks_3x3_g1,2027,random_forest,all_shooting,k,12,0.0001037403549382,0.0414961419753087,12.0,1.0,0.0005331101190476
collapsed_equivalence,grouped_physical_interpolation,,blocks_3x3_g1,2027,random_forest,all_shooting,wq,12,0.0218377190806878,0.0831913107835727,5.0,0.4166666666666667,0.0198819444444438
collapsed_equivalence,grouped_physical_interpolation,,blocks_3x3_g1,2027,mlp,all_shooting,k,12,0.0001573306455656,0.0629322582262424,12.0,1.0,0.0003342626718041
collapsed_equivalence,grouped_physical_interpolation,,blocks_3x3_g1,2027,mlp,all_shooting,wq,12,0.0268721678408129,0.1023701632030969,4.0,0.3333333333333333,0.0149620369187983
collapsed_equivalence,grouped_physical_interpolation,,blocks_3x3_g1,2027,hgb,ringdown_plus_photon_geometry,k,12,0.0001927787206227,0.0771114882490914,11.0,0.9166666666666666,0.0003142598969336
collapsed_equivalence,grouped_physical_interpolation,,blocks_3x3_g1,2027,hgb,ringdown_plus_photon_geometry,wq,12,0.0364228243711015,0.1387536166518156,6.0,0.5,0.0312074947444376
collapsed_equivalence,grouped_physical_interpolation,,blocks_3x3_g1,2027,random_forest,ringdown_plus_photon_geometry,k,12,1.950810185185188e-05,0.0078032407407407,12.0,1.0,0.0002435763888888
collapsed_equivalence,grouped_physical_interpolation,,blocks_3x3_g1,2027,random_forest,ringdown_plus_photon_geometry,wq,12,0.0413962108686067,0.1576998509280255,6.0,0.5,0.0363559606481479
collapsed_equivalence,grouped_physical_interpolation,,blocks_3x3_g1,2027,mlp,ringdown_plus_photon_geometry,k,12,2.8578970516390573e-05,0.0114315882065562,12.0,1.0,0.000112065847958
collapsed_equivalence,grouped_physical_interpolation,,blocks_3x3_g1,2027,mlp,ringdown_plus_photon_geometry,wq,12,0.0263141776732103,0.1002444863741346,10.0,0.8333333333333334,0.0380700712217858
collapsed_equivalence,grouped_physical_interpolation,,blocks_3x3_g1,2027,hgb,ringdown_plus_all_shooting,k,12,0.0001257535423131,0.0503014169252551,12.0,1.0,0.0003371453652146
collapsed_equivalence,grouped_physical_interpolation,,blocks_3x3_g1,2027,hgb,ringdown_plus_all_shooting,wq,12,0.0318503839939842,0.1213347961675589,6.0,0.5,0.0250228252868255
collapsed_equivalence,grouped_physical_interpolation,,blocks_3x3_g1,2027,random_forest,ringdown_plus_all_shooting,k,12,1.7476851851851976e-05,0.0069907407407407,12.0,1.0,0.0002451388888888
collapsed_equivalence,grouped_physical_interpolation,,blocks_3x3_g1,2027,random_forest,ringdown_plus_all_shooting,wq,12,0.0219281511794533,0.0835358140169651,5.0,0.4166666666666667,0.0199999999999994
collapsed_equivalence,grouped_physical_interpolation,,blocks_3x3_g1,2027,mlp,ringdown_plus_all_shooting,k,12,2.57172865916168e-05,0.0102869146366467,12.0,1.0,0.000131977247385
collapsed_equivalence,grouped_physical_interpolation,,blocks_3x3_g1,2027,mlp,ringdown_plus_all_shooting,wq,12,0.0159418721354966,0.0607309414685587,8.0,0.6666666666666666,0.0189024435906415
collapsed_equivalence,grouped_physical_interpolation,,blocks_3x3_g1,2028,hgb,ringdown,k,12,0.0001757750922445,0.0703100368978177,9.0,0.75,0.000186569523165
collapsed_equivalence,grouped_physical_interpolation,,blocks_3x3_g1,2028,hgb,ringdown,wq,12,0.0278542931329543,0.1061115928874449,12.0,1.0,0.0568705547658276
collapsed_equivalence,grouped_physical_interpolation,,blocks_3x3_g1,2028,random_forest,ringdown,k,12,8.185763888888814e-06,0.0032743055555555,12.0,1.0,0.0001890029761904
collapsed_equivalence,grouped_physical_interpolation,,blocks_3x3_g1,2028,random_forest,ringdown,wq,12,0.0204063326719576,0.0777384101788863,12.0,1.0,0.0569520833333332
collapsed_equivalence,grouped_physical_interpolation,,blocks_3x3_g1,2028,mlp,ringdown,k,12,2.098181436997997e-05,0.0083927257479919,12.0,1.0,0.000134426461393
collapsed_equivalence,grouped_physical_interpolation,,blocks_3x3_g1,2028,mlp,ringdown,wq,12,0.0108432889699233,0.0413077675044699,7.0,0.5833333333333334,0.0113125374062906
collapsed_equivalence,grouped_physical_interpolation,,blocks_3x3_g1,2028,hgb,photon_geometry,k,12,0.0003166648811107,0.126665952444285,10.0,0.8333333333333334,0.0004749763558861
collapsed_equivalence,grouped_physical_interpolation,,blocks_3x3_g1,2028,hgb,photon_geometry,wq,12,0.0407161186740357,0.155109023520136,5.0,0.4166666666666667,0.0301836478306729
collapsed_equivalence,grouped_physical_interpolation,,blocks_3x3_g1,2028,random_forest,photon_geometry,k,12,0.0001807603753306,0.0723041501322752,12.0,1.0,0.0004347201178451
collapsed_equivalence,grouped_physical_interpolation,,blocks_3x3_g1,2028,random_forest,photon_geometry,wq,12,0.0418720017636684,0.159512387671118,2.0,0.1666666666666666,0.0212296626984128
collapsed_equivalence,grouped_physical_interpolation,,blocks_3x3_g1,2028,mlp,photon_geometry,k,12,5.217286194676484e-05,0.0208691447787059,12.0,1.0,0.0002746624122241
collapsed_equivalence,grouped_physical_interpolation,,blocks_3x3_g1,2028,mlp,photon_geometry,wq,12,0.0299730989418419,0.1141832340641597,3.0,0.25,0.0078987706923692
collapsed_equivalence,grouped_physical_interpolation,,blocks_3x3_g1,2028,hgb,all_shooting,k,12,0.0001207433079085,0.0482973231634184,12.0,1.0,0.0003818026260709
collapsed_equivalence,grouped_physical_interpolation,,blocks_3x3_g1,2028,hgb,all_shooting,wq,12,0.0315210366206727,0.1200801395073248,5.0,0.4166666666666667,0.0244633321208573
collapsed_equivalence,grouped_physical_interpolation,,blocks_3x3_g1,2028,random_forest,all_shooting,k,12,8.591435185185221e-05,0.0343657407407408,12.0,1.0,0.0003813012566137
collapsed_equivalence,grouped_physical_interpolation,,blocks_3x3_g1,2028,random_forest,all_shooting,wq,12,0.0233565972222224,0.0889775132275141,6.0,0.5,0.0227748015873017
collapsed_equivalence,grouped_physical_interpolation,,blocks_3x3_g1,2028,mlp,all_shooting,k,12,7.580715708740939e-05,0.0303228628349637,12.0,1.0,0.0003180960029262
collapsed_equivalence,grouped_physical_interpolation,,blocks_3x3_g1,2028,mlp,all_shooting,wq,12,0.0315962583527241,0.1203666984865683,3.0,0.25,0.0212726335359144
collapsed_equivalence,grouped_physical_interpolation,,blocks_3x3_g1,2028,hgb,ringdown_plus_photon_geometry,k,12,0.0002033005939511,0.081320237580447,6.0,0.5,0.0002107198191964
collapsed_equivalence,grouped_physical_interpolation,,blocks_3x3_g1,2028,hgb,ringdown_plus_photon_geometry,wq,12,0.0394812648211312,0.150404818366214,5.0,0.4166666666666667,0.0265849371920656
collapsed_equivalence,grouped_physical_interpolation,,blocks_3x3_g1,2028,random_forest,ringdown_plus_photon_geometry,k,12,8.26967592592589e-06,0.0033078703703703,12.0,1.0,0.0001886458333333
collapsed_equivalence,grouped_physical_interpolation,,blocks_3x3_g1,2028,random_forest,ringdown_plus_photon_geometry,wq,12,0.0414358134920635,0.157850718065004,2.0,0.1666666666666666,0.0210421626984128
collapsed_equivalence,grouped_physical_interpolation,,blocks_3x3_g1,2028,mlp,ringdown_plus_photon_geometry,k,12,2.159655534692542e-05,0.0086386221387701,12.0,1.0,0.0002830950358706
collapsed_equivalence,grouped_physical_interpolation,,blocks_3x3_g1,2028,mlp,ringdown_plus_photon_geometry,wq,12,0.0264535877233033,0.1007755722792508,3.0,0.25,0.0119964653640862
collapsed_equivalence,grouped_physical_interpolation,,blocks_3x3_g1,2028,hgb,ringdown_plus_all_shooting,k,12,0.0001327928796046,0.0531171518418574,11.0,0.9166666666666666,0.0002502640041935
collapsed_equivalence,grouped_physical_interpolation,,blocks_3x3_g1,2028,hgb,ringdown_plus_all_shooting,wq,12,0.0321390257847983,0.122434383942089,5.0,0.4166666666666667,0.0261827131054058
collapsed_equivalence,grouped_physical_interpolation,,blocks_3x3_g1,2028,random_forest,ringdown_plus_all_shooting,k,12,5.682870370370419e-06,0.0022731481481481,12.0,1.0,0.0001762152777777
collapsed_equivalence,grouped_physical_interpolation,,blocks_3x3_g1,2028,random_forest,ringdown_plus_all_shooting,wq,12,0.0234978009259261,0.0895154320987662,6.0,0.5,0.0210277777777787
collapsed_equivalence,grouped_physical_interpolation,,blocks_3x3_g1,2028,mlp,ringdown_plus_all_shooting,k,12,1.8093675514501745e-05,0.0072374702058006,12.0,1.0,0.0001927556430169
collapsed_equivalence,grouped_physical_interpolation,,blocks_3x3_g1,2028,mlp,ringdown_plus_all_shooting,wq,12,0.0443424950807096,0.1689237907836558,12.0,1.0,0.2809467441985712
collapsed_equivalence,grouped_physical_interpolation,,blocks_3x3_g1,2029,hgb,ringdown,k,12,0.0001911137423704,0.0764454969481741,8.0,0.6666666666666666,0.0002872709520603
collapsed_equivalence,grouped_physical_interpolation,,blocks_3x3_g1,2029,hgb,ringdown,wq,12,0.0287499999999999,0.1095238095238094,12.0,1.0,0.0984844313798867
collapsed_equivalence,grouped_physical_interpolation,,blocks_3x3_g1,2029,random_forest,ringdown,k,12,7.913359788359599e-06,0.0031653439153438,12.0,1.0,0.0002014583333333
collapsed_equivalence,grouped_physical_interpolation,,blocks_3x3_g1,2029,random_forest,ringdown,wq,12,0.0213107914462081,0.0811839674141261,12.0,1.0,0.0590079248366012
collapsed_equivalence,grouped_physical_interpolation,,blocks_3x3_g1,2029,mlp,ringdown,k,12,2.4345696482310733e-05,0.0097382785929242,12.0,1.0,7.310551755379579e-05
collapsed_equivalence,grouped_physical_interpolation,,blocks_3x3_g1,2029,mlp,ringdown,wq,12,0.0099304426158563,0.0378302575842146,8.0,0.6666666666666666,0.0119108423609983
collapsed_equivalence,grouped_physical_interpolation,,blocks_3x3_g1,2029,hgb,photon_geometry,k,12,0.0003439980647393,0.1375992258957293,12.0,1.0,0.0008003723709429
collapsed_equivalence,grouped_physical_interpolation,,blocks_3x3_g1,2029,hgb,photon_geometry,wq,12,0.0395622701602838,0.1507134101344144,7.0,0.5833333333333334,0.0350900838108593
collapsed_equivalence,grouped_physical_interpolation,,blocks_3x3_g1,2029,random_forest,photon_geometry,k,12,0.0001879931570165,0.0751972628066379,12.0,1.0,0.000541228505291
collapsed_equivalence,grouped_physical_interpolation,,blocks_3x3_g1,2029,random_forest,photon_geometry,wq,12,0.0448606550374778,0.1708977334761062,3.0,0.25,0.0234699659137159
collapsed_equivalence,grouped_physical_interpolation,,blocks_3x3_g1,2029,mlp,photon_geometry,k,12,5.414426874187725e-05,0.0216577074967509,12.0,1.0,0.0001857990762106
collapsed_equivalence,grouped_physical_interpolation,,blocks_3x3_g1,2029,mlp,photon_geometry,wq,12,0.0415132604043068,0.1581457539211689,1.0,0.0833333333333333,0.0184992547146906
collapsed_equivalence,grouped_physical_interpolation,,blocks_3x3_g1,2029,hgb,all_shooting,k,12,0.0001213169765948,0.0485267906379224,12.0,1.0,0.0004617148904627
collapsed_equivalence,grouped_physical_interpolation,,blocks_3x3_g1,2029,hgb,all_shooting,wq,12,0.0362667335378442,0.1381589849060734,4.0,0.3333333333333333,0.026595639642407
collapsed_equivalence,grouped_physical_interpolation,,blocks_3x3_g1,2029,random_forest,all_shooting,k,12,0.000120132688492,0.0480530753968255,12.0,1.0,0.0002400595238095
collapsed_equivalence,grouped_physical_interpolation,,blocks_3x3_g1,2029,random_forest,all_shooting,wq,12,0.0240541308421516,0.0916347841605775,6.0,0.5,0.0266904761904761
collapsed_equivalence,grouped_physical_interpolation,,blocks_3x3_g1,2029,mlp,all_shooting,k,12,8.316964180449787e-05,0.0332678567217991,12.0,1.0,0.0001854577008651
collapsed_equivalence,grouped_physical_interpolation,,blocks_3x3_g1,2029,mlp,all_shooting,wq,12,0.0294615983912017,0.1122346605379113,12.0,1.0,0.1042436524715904
collapsed_equivalence,grouped_physical_interpolation,,blocks_3x3_g1,2029,hgb,ringdown_plus_photon_geometry,k,12,0.0002043242794469,0.0817297117787976,9.0,0.75,0.0002595958169223
collapsed_equivalence,grouped_physical_interpolation,,blocks_3x3_g1,2029,hgb,ringdown_plus_photon_geometry,wq,12,0.0352446559423446,0.1342653559708365,7.0,0.5833333333333334,0.0263492439194605
collapsed_equivalence,grouped_physical_interpolation,,blocks_3x3_g1,2029,random_forest,ringdown_plus_photon_geometry,k,12,4.768105158729999e-06,0.0019072420634919,12.0,1.0,0.0001597569444444
collapsed_equivalence,grouped_physical_interpolation,,blocks_3x3_g1,2029,random_forest,ringdown_plus_photon_geometry,wq,12,0.0450090801366842,0.1714631624254636,3.0,0.25,0.0235807043650795
collapsed_equivalence,grouped_physical_interpolation,,blocks_3x3_g1,2029,mlp,ringdown_plus_photon_geometry,k,12,3.1647898336544405e-05,0.0126591593346177,12.0,1.0,0.0001211171498615
collapsed_equivalence,grouped_physical_interpolation,,blocks_3x3_g1,2029,mlp,ringdown_plus_photon_geometry,wq,12,0.0256518566559457,0.097721358689317,3.0,0.25,0.0156382483339396
collapsed_equivalence,grouped_physical_interpolation,,blocks_3x3_g1,2029,hgb,ringdown_plus_all_shooting,k,12,0.000127777941304,0.0511111765216344,11.0,0.9166666666666666,0.0002798959771788
collapsed_equivalence,grouped_physical_interpolation,,blocks_3x3_g1,2029,hgb,ringdown_plus_all_shooting,wq,12,0.0364791958086237,0.1389683649852333,4.0,0.3333333333333333,0.0257944140527877
collapsed_equivalence,grouped_physical_interpolation,,blocks_3x3_g1,2029,random_forest,ringdown_plus_all_shooting,k,12,6.787161044973338e-06,0.0027148644179893,12.0,1.0,0.0001576215277777
collapsed_equivalence,grouped_physical_interpolation,,blocks_3x3_g1,2029,random_forest,ringdown_plus_all_shooting,wq,12,0.0246191978064373,0.0937874202149993,6.0,0.5,0.0273172123015871
collapsed_equivalence,grouped_physical_interpolation,,blocks_3x3_g1,2029,mlp,ringdown_plus_all_shooting,k,12,2.913165853588299e-05,0.0116526634143531,12.0,1.0,0.0001595381151773
collapsed_equivalence,grouped_physical_interpolation,,blocks_3x3_g1,2029,mlp,ringdown_plus_all_shooting,wq,12,0.026481311358652,0.1008811861281984,3.0,0.25,0.0161644288041903
collapsed_equivalence,grouped_physical_interpolation,,blocks_3x3_g1,2030,hgb,ringdown,k,12,0.0001741680083674,0.0696672033469702,12.0,1.0,0.0002839373860957
collapsed_equivalence,grouped_physical_interpolation,,blocks_3x3_g1,2030,hgb,ringdown,wq,12,0.0287499999999999,0.1095238095238094,12.0,1.0,0.1043320486497202
collapsed_equivalence,grouped_physical_interpolation,,blocks_3x3_g1,2030,random_forest,ringdown,k,12,1.3279596560846316e-05,0.0053118386243385,12.0,1.0,0.0002226041666666
collapsed_equivalence,grouped_physical_interpolation,,blocks_3x3_g1,2030,random_forest,ringdown,wq,12,0.02173827436067,0.0828124737549337,12.0,1.0,0.0874751984126983
collapsed_equivalence,grouped_physical_interpolation,,blocks_3x3_g1,2030,mlp,ringdown,k,12,0.0003578088158201,0.143123526328064,12.0,1.0,0.0008680606893621
collapsed_equivalence,grouped_physical_interpolation,,blocks_3x3_g1,2030,mlp,ringdown,wq,12,0.0078407083250381,0.0298693650477644,12.0,1.0,0.0490884456563847
collapsed_equivalence,grouped_physical_interpolation,,blocks_3x3_g1,2030,hgb,photon_geometry,k,12,0.0003170773686517,0.1268309474607197,12.0,1.0,0.0007787810555973
collapsed_equivalence,grouped_physical_interpolation,,blocks_3x3_g1,2030,hgb,photon_geometry,wq,12,0.0493589624553938,0.1880341426872148,5.0,0.4166666666666667,0.042782175199805
collapsed_equivalence,grouped_physical_interpolation,,blocks_3x3_g1,2030,random_forest,photon_geometry,k,12,0.0001928688108766,0.0771475243506495,12.0,1.0,0.0006363933982683
collapsed_equivalence,grouped_physical_interpolation,,blocks_3x3_g1,2030,random_forest,photon_geometry,wq,12,0.042323899085097,0.16123390127656,3.0,0.25,0.0287362433862438
collapsed_equivalence,grouped_physical_interpolation,,blocks_3x3_g1,2030,mlp,photon_geometry,k,12,0.0003966856350122,0.1586742540048826,12.0,1.0,0.0006654182299334
collapsed_equivalence,grouped_physical_interpolation,,blocks_3x3_g1,2030,mlp,photon_geometry,wq,12,0.026910662417423,0.1025168092092307,5.0,0.4166666666666667,0.0161840612999388
collapsed_equivalence,grouped_physical_interpolation,,blocks_3x3_g1,2030,hgb,all_shooting,k,12,0.0001222235450948,0.048889418037945,12.0,1.0,0.0006546990704334
collapsed_equivalence,grouped_physical_interpolation,,blocks_3x3_g1,2030,hgb,all_shooting,wq,12,0.03865084278808,0.1472413058593527,6.0,0.5,0.0341680027522338
collapsed_equivalence,grouped_physical_interpolation,,blocks_3x3_g1,2030,random_forest,all_shooting,k,12,0.000119939925044,0.0479759700176368,12.0,1.0,0.0004366964285714
collapsed_equivalence,grouped_physical_interpolation,,blocks_3x3_g1,2030,random_forest,all_shooting,wq,12,0.0167173018628749,0.0636849594776188,11.0,0.9166666666666666,0.0295385416666669
collapsed_equivalence,grouped_physical_interpolation,,blocks_3x3_g1,2030,mlp,all_shooting,k,12,3.4340356470581e-05,0.0137361425882324,12.0,1.0,0.0001397659899884
collapsed_equivalence,grouped_physical_interpolation,,blocks_3x3_g1,2030,mlp,all_shooting,wq,12,0.0275011757109628,0.1047663836608108,4.0,0.3333333333333333,0.0159238984185771
collapsed_equivalence,grouped_physical_interpolation,,blocks_3x3_g1,2030,hgb,ringdown_plus_photon_geometry,k,12,0.000203847061425,0.0815388245700081,11.0,0.9166666666666666,0.0003382762520459
collapsed_equivalence,grouped_physical_interpolation,,blocks_3x3_g1,2030,hgb,ringdown_plus_photon_geometry,wq,12,0.0492746506163599,0.1877129547289903,3.0,0.25,0.0311538150096896
collapsed_equivalence,grouped_physical_interpolation,,blocks_3x3_g1,2030,random_forest,ringdown_plus_photon_geometry,k,12,1.271990740740709e-05,0.0050879629629628,12.0,1.0,0.0001988541666666
collapsed_equivalence,grouped_physical_interpolation,,blocks_3x3_g1,2030,random_forest,ringdown_plus_photon_geometry,wq,12,0.0412218157517636,0.1570354885781473,3.0,0.25,0.0245564814814818
collapsed_equivalence,grouped_physical_interpolation,,blocks_3x3_g1,2030,mlp,ringdown_plus_photon_geometry,k,12,3.658338954677406e-05,0.0146333558187096,12.0,1.0,0.000231409467426
collapsed_equivalence,grouped_physical_interpolation,,blocks_3x3_g1,2030,mlp,ringdown_plus_photon_geometry,wq,12,0.0243882189659878,0.0929075008228108,8.0,0.6666666666666666,0.0277474455765754
collapsed_equivalence,grouped_physical_interpolation,,blocks_3x3_g1,2030,hgb,ringdown_plus_all_shooting,k,12,0.0001442857005926,0.0577142802370794,12.0,1.0,0.0004284241718101
collapsed_equivalence,grouped_physical_interpolation,,blocks_3x3_g1,2030,hgb,ringdown_plus_all_shooting,wq,12,0.0385220156287003,0.1467505357283823,6.0,0.5,0.0331423747893572
collapsed_equivalence,grouped_physical_interpolation,,blocks_3x3_g1,2030,random_forest,ringdown_plus_all_shooting,k,12,1.0104166666666437e-05,0.0040416666666665,12.0,1.0,0.0001842013888888
collapsed_equivalence,grouped_physical_interpolation,,blocks_3x3_g1,2030,random_forest,ringdown_plus_all_shooting,wq,12,0.0168736676036155,0.064280638489964,11.0,0.9166666666666666,0.0294725694444446
collapsed_equivalence,grouped_physical_interpolation,,blocks_3x3_g1,2030,mlp,ringdown_plus_all_shooting,k,12,2.640724426843776e-05,0.0105628977073751,12.0,1.0,9.330428372972224e-05
collapsed_equivalence,grouped_physical_interpolation,,blocks_3x3_g1,2030,mlp,ringdown_plus_all_shooting,wq,12,0.024516961872157,0.0933979499891697,11.0,0.9166666666666666,0.0407531248518044
collapsed_equivalence,grouped_physical_interpolation,,blocks_3x3_g2,2026,hgb,ringdown,k,9,0.0001823948019717,0.0729579207887122,6.0,0.6666666666666666,0.0002615579954152
collapsed_equivalence,grouped_physical_interpolation,,blocks_3x3_g2,2026,hgb,ringdown,wq,9,0.1238364633075014,0.4717579554571482,0.0,0.0,0.0741836739457996
collapsed_equivalence,grouped_physical_interpolation,,blocks_3x3_g2,2026,random_forest,ringdown,k,9,6.805555555555527e-05,0.0272222222222221,9.0,1.0,0.0002417013888888
collapsed_equivalence,grouped_physical_interpolation,,blocks_3x3_g2,2026,random_forest,ringdown,wq,9,0.1145866640946501,0.4365206251224766,0.0,0.0,0.0511918981481481
collapsed_equivalence,grouped_physical_interpolation,,blocks_3x3_g2,2026,mlp,ringdown,k,9,0.0001060731180454,0.0424292472181761,9.0,1.0,0.0006198369600655
collapsed_equivalence,grouped_physical_interpolation,,blocks_3x3_g2,2026,mlp,ringdown,wq,9,0.0746646265235588,0.2844366724707003,0.0,0.0,0.02169865792159
collapsed_equivalence,grouped_physical_interpolation,,blocks_3x3_g2,2026,hgb,photon_geometry,k,9,0.0001293028107744,0.0517211243097662,9.0,1.0,0.0005096729346953
collapsed_equivalence,grouped_physical_interpolation,,blocks_3x3_g2,2026,hgb,photon_geometry,wq,9,0.0484936240062775,0.1847376152620096,4.0,0.4444444444444444,0.0398417145104125
collapsed_equivalence,grouped_physical_interpolation,,blocks_3x3_g2,2026,random_forest,photon_geometry,k,9,0.0001577460868606,0.063098434744268,9.0,1.0,0.0006209375
collapsed_equivalence,grouped_physical_interpolation,,blocks_3x3_g2,2026,random_forest,photon_geometry,wq,9,0.0111844356261025,0.0426073738137241,9.0,1.0,0.0425843253968256
collapsed_equivalence,grouped_physical_interpolation,,blocks_3x3_g2,2026,mlp,photon_geometry,k,9,1.964293910688036e-05,0.0078571756427521,9.0,1.0,0.0001302516461923
collapsed_equivalence,grouped_physical_interpolation,,blocks_3x3_g2,2026,mlp,photon_geometry,wq,9,0.0343200623565685,0.1307430946916896,6.0,0.6666666666666666,0.0532649408669607
collapsed_equivalence,grouped_physical_interpolation,,blocks_3x3_g2,2026,hgb,all_shooting,k,9,9.540511088414757e-05,0.038162044353659,9.0,1.0,0.0003517875046367
collapsed_equivalence,grouped_physical_interpolation,,blocks_3x3_g2,2026,hgb,all_shooting,wq,9,0.0519089018062074,0.1977481973569808,2.0,0.2222222222222222,0.0229504667347303
collapsed_equivalence,grouped_physical_interpolation,,blocks_3x3_g2,2026,random_forest,all_shooting,k,9,0.0001183314043209,0.047332561728395,9.0,1.0,0.0003128769841269
collapsed_equivalence,grouped_physical_interpolation,,blocks_3x3_g2,2026,random_forest,all_shooting,wq,9,0.0477224426807759,0.1817997816410514,0.0,0.0,0.0126250000000006
collapsed_equivalence,grouped_physical_interpolation,,blocks_3x3_g2,2026,mlp,all_shooting,k,9,2.218381657631447e-05,0.0088735266305257,9.0,1.0,0.000193986097499
collapsed_equivalence,grouped_physical_interpolation,,blocks_3x3_g2,2026,mlp,all_shooting,wq,9,0.0586213758340546,0.2233195269868749,5.0,0.5555555555555556,0.0616714274964294
collapsed_equivalence,grouped_physical_interpolation,,blocks_3x3_g2,2026,hgb,ringdown_plus_photon_geometry,k,9,0.0001877092472019,0.0750836988807812,7.0,0.7777777777777778,0.0002225469986538
collapsed_equivalence,grouped_physical_interpolation,,blocks_3x3_g2,2026,hgb,ringdown_plus_photon_geometry,wq,9,0.0510611704970505,0.1945187447506687,4.0,0.4444444444444444,0.0486980266913709
collapsed_equivalence,grouped_physical_interpolation,,blocks_3x3_g2,2026,random_forest,ringdown_plus_photon_geometry,k,9,7.43209876543207e-05,0.0297283950617282,9.0,1.0,0.0002413194444444
collapsed_equivalence,grouped_physical_interpolation,,blocks_3x3_g2,2026,random_forest,ringdown_plus_photon_geometry,wq,9,0.0111815806878309,0.0425964978584035,9.0,1.0,0.0422871031746033
collapsed_equivalence,grouped_physical_interpolation,,blocks_3x3_g2,2026,mlp,ringdown_plus_photon_geometry,k,9,5.261059172728616e-05,0.0210442366909144,9.0,1.0,0.000441704151069
collapsed_equivalence,grouped_physical_interpolation,,blocks_3x3_g2,2026,mlp,ringdown_plus_photon_geometry,wq,9,0.0576718018645595,0.2197021023411791,1.0,0.1111111111111111,0.0248242735188263
collapsed_equivalence,grouped_physical_interpolation,,blocks_3x3_g2,2026,hgb,ringdown_plus_all_shooting,k,9,8.722948478575425e-05,0.0348917939143017,9.0,1.0,0.00024645009456
collapsed_equivalence,grouped_physical_interpolation,,blocks_3x3_g2,2026,hgb,ringdown_plus_all_shooting,wq,9,0.0517681931882775,0.1972121645267716,2.0,0.2222222222222222,0.02385736008604
collapsed_equivalence,grouped_physical_interpolation,,blocks_3x3_g2,2026,random_forest,ringdown_plus_all_shooting,k,9,0.0001169945987654,0.0467978395061727,9.0,1.0,0.0002340277777777
collapsed_equivalence,grouped_physical_interpolation,,blocks_3x3_g2,2026,random_forest,ringdown_plus_all_shooting,wq,9,0.0470627204585537,0.1792865541278239,0.0,0.0,0.0126083333333339
collapsed_equivalence,grouped_physical_interpolation,,blocks_3x3_g2,2026,mlp,ringdown_plus_all_shooting,k,9,1.5068185511684118e-05,0.0060272742046736,9.0,1.0,7.609810918791015e-05
collapsed_equivalence,grouped_physical_interpolation,,blocks_3x3_g2,2026,mlp,ringdown_plus_all_shooting,wq,9,0.0431323164076798,0.1643135863149709,1.0,0.1111111111111111,0.0146956360070236
collapsed_equivalence,grouped_physical_interpolation,,blocks_3x3_g2,2027,hgb,ringdown,k,9,0.0001879729416363,0.0751891766545258,9.0,1.0,0.0003139188249089
collapsed_equivalence,grouped_physical_interpolation,,blocks_3x3_g2,2027,hgb,ringdown,wq,9,0.1324755954436022,0.5046689350232465,0.0,0.0,0.073690415743206
collapsed_equivalence,grouped_physical_interpolation,,blocks_3x3_g2,2027,random_forest,ringdown,k,9,6.273148148148117e-05,0.0250925925925924,9.0,1.0,0.0001938740079365
collapsed_equivalence,grouped_physical_interpolation,,blocks_3x3_g2,2027,random_forest,ringdown,wq,9,0.1053543171463311,0.401349779605071,1.0,0.1111111111111111,0.0694443813131312
collapsed_equivalence,grouped_physical_interpolation,,blocks_3x3_g2,2027,mlp,ringdown,k,9,3.5990715967877466e-05,0.0143962863871509,7.0,0.7777777777777778,5.385978778042321e-05
collapsed_equivalence,grouped_physical_interpolation,,blocks_3x3_g2,2027,mlp,ringdown,wq,9,0.0658304939935888,0.2507828342612909,0.0,0.0,0.0151084988352118
collapsed_equivalence,grouped_physical_interpolation,,blocks_3x3_g2,2027,hgb,photon_geometry,k,9,0.0001501915557378,0.0600766222951427,9.0,1.0,0.0005206353517662
collapsed_equivalence,grouped_physical_interpolation,,blocks_3x3_g2,2027,hgb,photon_geometry,wq,9,0.0512443891188732,0.1952167204528502,3.0,0.3333333333333333,0.0329011263550045
collapsed_equivalence,grouped_physical_interpolation,,blocks_3x3_g2,2027,random_forest,photon_geometry,k,9,0.0001376201499118,0.0550480599647266,9.0,1.0,0.0005697658475783
collapsed_equivalence,grouped_physical_interpolation,,blocks_3x3_g2,2027,random_forest,photon_geometry,wq,9,0.013194934964727,0.0502664189132458,9.0,1.0,0.0358201287138788
collapsed_equivalence,grouped_physical_interpolation,,blocks_3x3_g2,2027,mlp,photon_geometry,k,9,2.72998162476453e-05,0.0109199264990581,9.0,1.0,0.0001552042222831
collapsed_equivalence,grouped_physical_interpolation,,blocks_3x3_g2,2027,mlp,photon_geometry,wq,9,0.0409862343383753,0.1561380355747631,4.0,0.4444444444444444,0.0314915173176614
collapsed_equivalence,grouped_physical_interpolation,,blocks_3x3_g2,2027,hgb,all_shooting,k,9,7.142491633225866e-05,0.0285699665329034,9.0,1.0,0.0004048428853986
collapsed_equivalence,grouped_physical_interpolation,,blocks_3x3_g2,2027,hgb,all_shooting,wq,9,0.0529247153908382,0.2016179633936696,2.0,0.2222222222222222,0.0249073819693309
collapsed_equivalence,grouped_physical_interpolation,,blocks_3x3_g2,2027,random_forest,all_shooting,k,9,9.749393738977058e-05,0.0389975749559082,9.0,1.0,0.0003306828703703
collapsed_equivalence,grouped_physical_interpolation,,blocks_3x3_g2,2027,random_forest,all_shooting,wq,9,0.018792052469136,0.0715887713109946,6.0,0.6666666666666666,0.0254186342592594
collapsed_equivalence,grouped_physical_interpolation,,blocks_3x3_g2,2027,mlp,all_shooting,k,9,2.947158117295973e-05,0.0117886324691838,9.0,1.0,0.0001954020762628
collapsed_equivalence,grouped_physical_interpolation,,blocks_3x3_g2,2027,mlp,all_shooting,wq,9,0.0390127366540795,0.1486199491583984,1.0,0.1111111111111111,0.0171699991229023
collapsed_equivalence,grouped_physical_interpolation,,blocks_3x3_g2,2027,hgb,ringdown_plus_photon_geometry,k,9,0.0001935958890143,0.0774383556057565,7.0,0.7777777777777778,0.0002986206218221
collapsed_equivalence,grouped_physical_interpolation,,blocks_3x3_g2,2027,hgb,ringdown_plus_photon_geometry,wq,9,0.0633654000405263,0.241392000154386,1.0,0.1111111111111111,0.0354808110856549
collapsed_equivalence,grouped_physical_interpolation,,blocks_3x3_g2,2027,random_forest,ringdown_plus_photon_geometry,k,9,7.922839506172812e-05,0.0316913580246912,9.0,1.0,0.0001798561507936
collapsed_equivalence,grouped_physical_interpolation,,blocks_3x3_g2,2027,random_forest,ringdown_plus_photon_geometry,wq,9,0.0167234402557322,0.063708343831361,9.0,1.0,0.034703444664903
collapsed_equivalence,grouped_physical_interpolation,,blocks_3x3_g2,2027,mlp,ringdown_plus_photon_geometry,k,9,2.8187074636193936e-05,0.0112748298544775,9.0,1.0,0.0001030176153581
collapsed_equivalence,grouped_physical_interpolation,,blocks_3x3_g2,2027,mlp,ringdown_plus_photon_geometry,wq,9,0.045734029345315,0.1742248736964383,1.0,0.1111111111111111,0.016329208877223
collapsed_equivalence,grouped_physical_interpolation,,blocks_3x3_g2,2027,hgb,ringdown_plus_all_shooting,k,9,7.892082787976666e-05,0.0315683311519066,9.0,1.0,0.0003031344198406
collapsed_equivalence,grouped_physical_interpolation,,blocks_3x3_g2,2027,hgb,ringdown_plus_all_shooting,wq,9,0.0533471835039384,0.2032273657292894,2.0,0.2222222222222222,0.0255822015320248
collapsed_equivalence,grouped_physical_interpolation,,blocks_3x3_g2,2027,random_forest,ringdown_plus_all_shooting,k,9,0.0001293788580246,0.0517515432098764,5.0,0.5555555555555556,0.0001563492063492
collapsed_equivalence,grouped_physical_interpolation,,blocks_3x3_g2,2027,random_forest,ringdown_plus_all_shooting,wq,9,0.0185212191358027,0.0705570252792487,6.0,0.6666666666666666,0.0254481481481483
collapsed_equivalence,grouped_physical_interpolation,,blocks_3x3_g2,2027,mlp,ringdown_plus_all_shooting,k,9,2.206276425925801e-05,0.0088251057037032,9.0,1.0,7.01337209563363e-05
collapsed_equivalence,grouped_physical_interpolation,,blocks_3x3_g2,2027,mlp,ringdown_plus_all_shooting,wq,9,0.0542081013227773,0.2065070526581993,7.0,0.7777777777777778,0.0735965774540649
collapsed_equivalence,grouped_physical_interpolation,,blocks_3x3_g2,2028,hgb,ringdown,k,9,0.0001731559828619,0.069262393144763,9.0,1.0,0.0003309527870599
collapsed_equivalence,grouped_physical_interpolation,,blocks_3x3_g2,2028,hgb,ringdown,wq,9,0.1103076774813488,0.4202197237384717,6.0,0.6666666666666666,0.1271923225186512
collapsed_equivalence,grouped_physical_interpolation,,blocks_3x3_g2,2028,random_forest,ringdown,k,9,9.756062610229248e-05,0.0390242504409169,9.0,1.0,0.0002418749999999
collapsed_equivalence,grouped_physical_interpolation,,blocks_3x3_g2,2028,random_forest,ringdown,wq,9,0.117407556216931,0.447266880826404,1.0,0.1111111111111111,0.0730582175925925
collapsed_equivalence,grouped_physical_interpolation,,blocks_3x3_g2,2028,mlp,ringdown,k,9,1.208630677853561e-05,0.0048345227114142,9.0,1.0,7.963796293468926e-05
collapsed_equivalence,grouped_physical_interpolation,,blocks_3x3_g2,2028,mlp,ringdown,wq,9,0.0573527168813873,0.2184865405005231,2.0,0.2222222222222222,0.0338950970211151
collapsed_equivalence,grouped_physical_interpolation,,blocks_3x3_g2,2028,hgb,photon_geometry,k,9,0.0001461208285516,0.0584483314206786,9.0,1.0,0.0006475149185422
collapsed_equivalence,grouped_physical_interpolation,,blocks_3x3_g2,2028,hgb,photon_geometry,wq,9,0.0537195479398902,0.2046458969138676,4.0,0.4444444444444444,0.0423085972889091
collapsed_equivalence,grouped_physical_interpolation,,blocks_3x3_g2,2028,random_forest,photon_geometry,k,9,0.0002397222222222,0.0958888888888888,8.0,0.8888888888888888,0.0004958439535002
collapsed_equivalence,grouped_physical_interpolation,,blocks_3x3_g2,2028,random_forest,photon_geometry,wq,9,0.0090519400352733,0.0344835810867557,9.0,1.0,0.041099074074074
collapsed_equivalence,grouped_physical_interpolation,,blocks_3x3_g2,2028,mlp,photon_geometry,k,9,9.34184732876258e-05,0.0373673893150503,9.0,1.0,0.0002710155307478
collapsed_equivalence,grouped_physical_interpolation,,blocks_3x3_g2,2028,mlp,photon_geometry,wq,9,0.0366692182332953,0.1396922599363633,3.0,0.3333333333333333,0.0213779679126208
collapsed_equivalence,grouped_physical_interpolation,,blocks_3x3_g2,2028,hgb,all_shooting,k,9,6.327569003000455e-05,0.0253102760120018,9.0,1.0,0.0004582298818926
collapsed_equivalence,grouped_physical_interpolation,,blocks_3x3_g2,2028,hgb,all_shooting,wq,9,0.0520879108521057,0.1984301365794505,1.0,0.1111111111111111,0.0202928081506503
collapsed_equivalence,grouped_physical_interpolation,,blocks_3x3_g2,2028,random_forest,all_shooting,k,9,0.000100111882716,0.0400447530864197,9.0,1.0,0.000308492063492
collapsed_equivalence,grouped_physical_interpolation,,blocks_3x3_g2,2028,random_forest,all_shooting,wq,9,0.0433180114638447,0.165020996052742,2.0,0.2222222222222222,0.025634672619048
collapsed_equivalence,grouped_physical_interpolation,,blocks_3x3_g2,2028,mlp,all_shooting,k,9,3.365607800986152e-05,0.0134624312039446,9.0,1.0,0.0001723880183602
collapsed_equivalence,grouped_physical_interpolation,,blocks_3x3_g2,2028,mlp,all_shooting,wq,9,0.0465054504429284,0.1771636207349653,1.0,0.1111111111111111,0.0176569668941839
collapsed_equivalence,grouped_physical_interpolation,,blocks_3x3_g2,2028,hgb,ringdown_plus_photon_geometry,k,9,0.0001638140572397,0.0655256228959029,8.0,0.8888888888888888,0.0003361616946962
collapsed_equivalence,grouped_physical_interpolation,,blocks_3x3_g2,2028,hgb,ringdown_plus_photon_geometry,wq,9,0.0566284449328556,0.2157274092680215,2.0,0.2222222222222222,0.0365994222257387
collapsed_equivalence,grouped_physical_interpolation,,blocks_3x3_g2,2028,random_forest,ringdown_plus_photon_geometry,k,9,0.0001219135802469,0.0487654320987653,9.0,1.0,0.0002411805555555
collapsed_equivalence,grouped_physical_interpolation,,blocks_3x3_g2,2028,random_forest,ringdown_plus_photon_geometry,wq,9,0.0098542070840684,0.0375398365107367,9.0,1.0,0.041200462962963
collapsed_equivalence,grouped_physical_interpolation,,blocks_3x3_g2,2028,mlp,ringdown_plus_photon_geometry,k,9,9.823355736298851e-06,0.0039293422945195,9.0,1.0,0.000132504735478
collapsed_equivalence,grouped_physical_interpolation,,blocks_3x3_g2,2028,mlp,ringdown_plus_photon_geometry,wq,9,0.060720280529768,0.2313153543991164,1.0,0.1111111111111111,0.0285550479679075
collapsed_equivalence,grouped_physical_interpolation,,blocks_3x3_g2,2028,hgb,ringdown_plus_all_shooting,k,9,5.825174100366936e-05,0.0233006964014677,9.0,1.0,0.0002309496891224
collapsed_equivalence,grouped_physical_interpolation,,blocks_3x3_g2,2028,hgb,ringdown_plus_all_shooting,wq,9,0.0522799976716973,0.1991618958921803,1.0,0.1111111111111111,0.021308309977293
collapsed_equivalence,grouped_physical_interpolation,,blocks_3x3_g2,2028,random_forest,ringdown_plus_all_shooting,k,9,0.0001834893077601,0.0733957231040563,6.0,0.6666666666666666,0.0002368055555555
collapsed_equivalence,grouped_physical_interpolation,,blocks_3x3_g2,2028,random_forest,ringdown_plus_all_shooting,wq,9,0.0431733355379188,0.1644698496682622,2.0,0.2222222222222222,0.0252538855820109
collapsed_equivalence,grouped_physical_interpolation,,blocks_3x3_g2,2028,mlp,ringdown_plus_all_shooting,k,9,4.011306032071156e-05,0.0160452241282846,9.0,1.0,0.0001326695930341
collapsed_equivalence,grouped_physical_interpolation,,blocks_3x3_g2,2028,mlp,ringdown_plus_all_shooting,wq,9,0.042798342538057,0.1630413049068838,2.0,0.2222222222222222,0.0215163944076265
collapsed_equivalence,grouped_physical_interpolation,,blocks_3x3_g2,2029,hgb,ringdown,k,9,0.0001922821651597,0.0769128660638943,6.0,0.6666666666666666,0.0001896818112488
collapsed_equivalence,grouped_physical_interpolation,,blocks_3x3_g2,2029,hgb,ringdown,wq,9,0.1235129358294638,0.470525469826529,0.0,0.0,0.0619277287161548
collapsed_equivalence,grouped_physical_interpolation,,blocks_3x3_g2,2029,random_forest,ringdown,k,9,6.735091490299791e-05,0.0269403659611991,9.0,1.0,0.0001287028769841
collapsed_equivalence,grouped_physical_interpolation,,blocks_3x3_g2,2029,random_forest,ringdown,wq,9,0.1050826315402703,0.4003147868200776,0.0,0.0,0.0591418154761904
collapsed_equivalence,grouped_physical_interpolation,,blocks_3x3_g2,2029,mlp,ringdown,k,9,3.706798345683416e-05,0.0148271933827336,9.0,1.0,7.515696041302607e-05
collapsed_equivalence,grouped_physical_interpolation,,blocks_3x3_g2,2029,mlp,ringdown,wq,9,0.0581397044932835,0.2214845885458421,1.0,0.1111111111111111,0.0155402540840027
collapsed_equivalence,grouped_physical_interpolation,,blocks_3x3_g2,2029,hgb,photon_geometry,k,9,0.0001304979778703,0.0521991911481442,9.0,1.0,0.0005699645932213
collapsed_equivalence,grouped_physical_interpolation,,blocks_3x3_g2,2029,hgb,photon_geometry,wq,9,0.0389487021705198,0.1483760082686469,4.0,0.4444444444444444,0.0305456151216119
collapsed_equivalence,grouped_physical_interpolation,,blocks_3x3_g2,2029,random_forest,photon_geometry,k,9,0.0001702915564373,0.0681166225749558,9.0,1.0,0.0004969990079365
collapsed_equivalence,grouped_physical_interpolation,,blocks_3x3_g2,2029,random_forest,photon_geometry,wq,9,0.0143957010582013,0.0548407659360051,6.0,0.6666666666666666,0.0233879546957671
collapsed_equivalence,grouped_physical_interpolation,,blocks_3x3_g2,2029,mlp,photon_geometry,k,9,0.0009170935808442,0.366837432337685,3.0,0.3333333333333333,0.000905708247334
collapsed_equivalence,grouped_physical_interpolation,,blocks_3x3_g2,2029,mlp,photon_geometry,wq,9,0.0322717882131095,0.1229401455737506,9.0,1.0,0.0622464868889917
collapsed_equivalence,grouped_physical_interpolation,,blocks_3x3_g2,2029,hgb,all_shooting,k,9,3.3782827190905965e-05,0.0135131308763623,9.0,1.0,0.0004806400033045
collapsed_equivalence,grouped_physical_interpolation,,blocks_3x3_g2,2029,hgb,all_shooting,wq,9,0.0468301712346921,0.1784006523226367,3.0,0.3333333333333333,0.0251658871457567
collapsed_equivalence,grouped_physical_interpolation,,blocks_3x3_g2,2029,random_forest,all_shooting,k,9,0.0001376138117283,0.0550455246913579,9.0,1.0,0.0003131944444444
collapsed_equivalence,grouped_physical_interpolation,,blocks_3x3_g2,2029,random_forest,all_shooting,wq,9,0.0235236882716052,0.089614050558496,3.0,0.3333333333333333,0.016826884920635
collapsed_equivalence,grouped_physical_interpolation,,blocks_3x3_g2,2029,mlp,all_shooting,k,9,3.202827502231628e-05,0.0128113100089265,9.0,1.0,0.0001940556837335
collapsed_equivalence,grouped_physical_interpolation,,blocks_3x3_g2,2029,mlp,all_shooting,wq,9,0.0433964522966222,0.1653198182728465,1.0,0.1111111111111111,0.0153868406620492
collapsed_equivalence,grouped_physical_interpolation,,blocks_3x3_g2,2029,hgb,ringdown_plus_photon_geometry,k,9,0.0001969613993254,0.0787845597301802,7.0,0.7777777777777778,0.0003092533226372
collapsed_equivalence,grouped_physical_interpolation,,blocks_3x3_g2,2029,hgb,ringdown_plus_photon_geometry,wq,9,0.0496701033903376,0.1892194414870005,1.0,0.1111111111111111,0.0245699867391385
collapsed_equivalence,grouped_physical_interpolation,,blocks_3x3_g2,2029,random_forest,ringdown_plus_photon_geometry,k,9,7.309358465608431e-05,0.0292374338624337,9.0,1.0,0.0001302430555555
collapsed_equivalence,grouped_physical_interpolation,,blocks_3x3_g2,2029,random_forest,ringdown_plus_photon_geometry,wq,9,0.0169885141093478,0.0647181489879916,6.0,0.6666666666666666,0.0219600694444442
collapsed_equivalence,grouped_physical_interpolation,,blocks_3x3_g2,2029,mlp,ringdown_plus_photon_geometry,k,9,3.605413545593397e-05,0.0144216541823735,9.0,1.0,0.0001085588817345
collapsed_equivalence,grouped_physical_interpolation,,blocks_3x3_g2,2029,mlp,ringdown_plus_photon_geometry,wq,9,0.0751198920125862,0.2861710171908045,0.0,0.0,0.0301485119814572
collapsed_equivalence,grouped_physical_interpolation,,blocks_3x3_g2,2029,hgb,ringdown_plus_all_shooting,k,9,7.359561613891059e-05,0.0294382464555642,9.0,1.0,0.000265101366417
collapsed_equivalence,grouped_physical_interpolation,,blocks_3x3_g2,2029,hgb,ringdown_plus_all_shooting,wq,9,0.0473020926077834,0.1801984480296512,2.0,0.2222222222222222,0.0233707049818702
collapsed_equivalence,grouped_physical_interpolation,,blocks_3x3_g2,2029,random_forest,ringdown_plus_all_shooting,k,9,0.0001295524691358,0.0518209876543208,5.0,0.5555555555555556,0.0001308333333333
collapsed_equivalence,grouped_physical_interpolation,,blocks_3x3_g2,2029,random_forest,ringdown_plus_all_shooting,wq,9,0.0239565586419755,0.0912630805408593,3.0,0.3333333333333333,0.0163928571428573
collapsed_equivalence,grouped_physical_interpolation,,blocks_3x3_g2,2029,mlp,ringdown_plus_all_shooting,k,9,4.256838076969158e-05,0.0170273523078766,9.0,1.0,0.0001802137269322
collapsed_equivalence,grouped_physical_interpolation,,blocks_3x3_g2,2029,mlp,ringdown_plus_all_shooting,wq,9,0.0519639000302919,0.1979577144011122,1.0,0.1111111111111111,0.0248884505619654
collapsed_equivalence,grouped_physical_interpolation,,blocks_3x3_g2,2030,hgb,ringdown,k,9,0.0001917924185928,0.0767169674371396,6.0,0.6666666666666666,0.0002971819231985
collapsed_equivalence,grouped_physical_interpolation,,blocks_3x3_g2,2030,hgb,ringdown,wq,9,0.1353015738315164,0.5154345669772052,0.0,0.0,0.0853015738315163
collapsed_equivalence,grouped_physical_interpolation,,blocks_3x3_g2,2030,random_forest,ringdown,k,9,6.449074074074043e-05,0.0257962962962961,9.0,1.0,0.0001753125
collapsed_equivalence,grouped_physical_interpolation,,blocks_3x3_g2,2030,random_forest,ringdown,wq,9,0.1141224178791886,0.4347520681111949,0.0,0.0,0.0563966269841266
collapsed_equivalence,grouped_physical_interpolation,,blocks_3x3_g2,2030,mlp,ringdown,k,9,4.503634803425968e-05,0.0180145392137038,9.0,1.0,0.000112886261373
collapsed_equivalence,grouped_physical_interpolation,,blocks_3x3_g2,2030,mlp,ringdown,wq,9,0.0565088259816423,0.2152717180253042,0.0,0.0,0.0071878499128265
collapsed_equivalence,grouped_physical_interpolation,,blocks_3x3_g2,2030,hgb,photon_geometry,k,9,0.0001391530279613,0.0556612111845448,9.0,1.0,0.0006205114662158
collapsed_equivalence,grouped_physical_interpolation,,blocks_3x3_g2,2030,hgb,photon_geometry,wq,9,0.053107286365683,0.2023134718692688,1.0,0.1111111111111111,0.0315117288909782
collapsed_equivalence,grouped_physical_interpolation,,blocks_3x3_g2,2030,random_forest,photon_geometry,k,9,0.0001856630291005,0.0742652116402116,9.0,1.0,0.0005886954365079
collapsed_equivalence,grouped_physical_interpolation,,blocks_3x3_g2,2030,random_forest,photon_geometry,wq,9,0.0108721377131099,0.0414176674785141,9.0,1.0,0.0262530092592594
collapsed_equivalence,grouped_physical_interpolation,,blocks_3x3_g2,2030,mlp,photon_geometry,k,9,4.177813445541701e-05,0.0167112537821668,9.0,1.0,0.000219926907607
collapsed_equivalence,grouped_physical_interpolation,,blocks_3x3_g2,2030,mlp,photon_geometry,wq,9,0.031504238801308,0.120016147814507,2.0,0.2222222222222222,0.012894092869287
collapsed_equivalence,grouped_physical_interpolation,,blocks_3x3_g2,2030,hgb,all_shooting,k,9,9.372278978071314e-05,0.0374891159122852,9.0,1.0,0.0004458947349255
collapsed_equivalence,grouped_physical_interpolation,,blocks_3x3_g2,2030,hgb,all_shooting,wq,9,0.0544026232686778,0.2072480886425821,0.0,0.0,0.0156214090338024
collapsed_equivalence,grouped_physical_interpolation,,blocks_3x3_g2,2030,random_forest,all_shooting,k,9,0.0001713229350382,0.068529174015285,9.0,1.0,0.0004472842261904
collapsed_equivalence,grouped_physical_interpolation,,blocks_3x3_g2,2030,random_forest,all_shooting,wq,9,0.0236091269841273,0.0899395313681043,4.0,0.4444444444444444,0.0153749999999993
collapsed_equivalence,grouped_physical_interpolation,,blocks_3x3_g2,2030,mlp,all_shooting,k,9,1.972338164114871e-05,0.0078893526564594,9.0,1.0,6.564211194273707e-05
collapsed_equivalence,grouped_physical_interpolation,,blocks_3x3_g2,2030,mlp,all_shooting,wq,9,0.0467718418377477,0.1781784450961817,1.0,0.1111111111111111,0.0155927259873596
collapsed_equivalence,grouped_physical_interpolation,,blocks_3x3_g2,2030,hgb,ringdown_plus_photon_geometry,k,9,0.0002048590376493,0.0819436150597511,7.0,0.7777777777777778,0.0002696204029386
collapsed_equivalence,grouped_physical_interpolation,,blocks_3x3_g2,2030,hgb,ringdown_plus_photon_geometry,wq,9,0.0669538279983475,0.2550622018984669,1.0,0.1111111111111111,0.0198413984571591
collapsed_equivalence,grouped_physical_interpolation,,blocks_3x3_g2,2030,random_forest,ringdown_plus_photon_geometry,k,9,6.80324074074071e-05,0.0272129629629628,9.0,1.0,0.0001555803571428
collapsed_equivalence,grouped_physical_interpolation,,blocks_3x3_g2,2030,random_forest,ringdown_plus_photon_geometry,wq,9,0.0136036081716641,0.0518232692253873,6.0,0.6666666666666666,0.023585110780423
collapsed_equivalence,grouped_physical_interpolation,,blocks_3x3_g2,2030,mlp,ringdown_plus_photon_geometry,k,9,2.5830016155239983e-05,0.0103320064620959,9.0,1.0,0.0001041256755742
collapsed_equivalence,grouped_physical_interpolation,,blocks_3x3_g2,2030,mlp,ringdown_plus_photon_geometry,wq,9,0.0520775199299679,0.1983905521141637,1.0,0.1111111111111111,0.0147205758561873
collapsed_equivalence,grouped_physical_interpolation,,blocks_3x3_g2,2030,hgb,ringdown_plus_all_shooting,k,9,0.0001023917671365,0.0409567068546239,9.0,1.0,0.0002699245640159
collapsed_equivalence,grouped_physical_interpolation,,blocks_3x3_g2,2030,hgb,ringdown_plus_all_shooting,wq,9,0.054046667229482,0.2058920656361221,0.0,0.0,0.0177970508914962
collapsed_equivalence,grouped_physical_interpolation,,blocks_3x3_g2,2030,random_forest,ringdown_plus_all_shooting,k,9,0.0001238869598765,0.0495547839506171,6.0,0.6666666666666666,0.0001703224206349
collapsed_equivalence,grouped_physical_interpolation,,blocks_3x3_g2,2030,random_forest,ringdown_plus_all_shooting,wq,9,0.0252931547619051,0.096354875283448,3.0,0.3333333333333333,0.0151458333333327
collapsed_equivalence,grouped_physical_interpolation,,blocks_3x3_g2,2030,mlp,ringdown_plus_all_shooting,k,9,9.920127022102983e-06,0.0039680508088411,9.0,1.0,9.77521888547721e-05
collapsed_equivalence,grouped_physical_interpolation,,blocks_3x3_g2,2030,mlp,ringdown_plus_all_shooting,wq,9,0.0769647815469197,0.2931991677977895,0.0,0.0,0.0416928005409234
collapsed_equivalence,grouped_physical_interpolation,,blocks_3x3_g3,2026,hgb,ringdown,k,16,0.0001431380236424,0.0572552094569962,15.0,0.9375,0.0002391240352744
collapsed_equivalence,grouped_physical_interpolation,,blocks_3x3_g3,2026,hgb,ringdown,wq,16,0.0734690906309089,0.2798822500225101,13.0,0.8125,0.1046850745139323
collapsed_equivalence,grouped_physical_interpolation,,blocks_3x3_g3,2026,random_forest,ringdown,k,16,0.000173570188492,0.0694280753968256,12.0,0.75,0.0002173437499999
collapsed_equivalence,grouped_physical_interpolation,,blocks_3x3_g3,2026,random_forest,ringdown,wq,16,0.0945639940945664,0.3602437870269196,5.0,0.3125,0.0848370115995118
collapsed_equivalence,grouped_physical_interpolation,,blocks_3x3_g3,2026,mlp,ringdown,k,16,9.13520393020625e-05,0.036540815720825,11.0,0.6875,0.0001303386868005
collapsed_equivalence,grouped_physical_interpolation,,blocks_3x3_g3,2026,mlp,ringdown,wq,16,0.0174828830130231,0.066601459097231,12.0,0.75,0.0262324809693744
collapsed_equivalence,grouped_physical_interpolation,,blocks_3x3_g3,2026,hgb,photon_geometry,k,16,0.0005763002453523,0.2305200981409594,13.0,0.8125,0.0008670873659853
collapsed_equivalence,grouped_physical_interpolation,,blocks_3x3_g3,2026,hgb,photon_geometry,wq,16,0.0215957454179812,0.0822695063542141,16.0,1.0,0.0494329221922145
collapsed_equivalence,grouped_physical_interpolation,,blocks_3x3_g3,2026,random_forest,photon_geometry,k,16,0.0006783466641865,0.2713386656746031,2.0,0.125,0.0003832738095238
collapsed_equivalence,grouped_physical_interpolation,,blocks_3x3_g3,2026,random_forest,photon_geometry,wq,16,0.025173370845734,0.0958985556027962,14.0,0.875,0.0407865740740736
collapsed_equivalence,grouped_physical_interpolation,,blocks_3x3_g3,2026,mlp,photon_geometry,k,16,6.69156367855358e-05,0.0267662547142143,15.0,0.9375,0.0001380318533484
collapsed_equivalence,grouped_physical_interpolation,,blocks_3x3_g3,2026,mlp,photon_geometry,wq,16,0.0083342143330832,0.031749387935555,16.0,1.0,0.0668629883445873
collapsed_equivalence,grouped_physical_interpolation,,blocks_3x3_g3,2026,hgb,all_shooting,k,16,0.0004633778577016,0.1853511430806724,5.0,0.3125,0.0003466613768133
collapsed_equivalence,grouped_physical_interpolation,,blocks_3x3_g3,2026,hgb,all_shooting,wq,16,0.0152536707269492,0.0581092218169493,15.0,0.9375,0.0305019360608258
collapsed_equivalence,grouped_physical_interpolation,,blocks_3x3_g3,2026,random_forest,all_shooting,k,16,0.0003343381076388,0.1337352430555555,9.0,0.5625,0.0003605307539682
collapsed_equivalence,grouped_physical_interpolation,,blocks_3x3_g3,2026,random_forest,all_shooting,wq,16,0.0151395719659391,0.0576745598702442,15.0,0.9375,0.0314563657407409
collapsed_equivalence,grouped_physical_interpolation,,blocks_3x3_g3,2026,mlp,all_shooting,k,16,5.814570315333929e-05,0.0232582812613357,13.0,0.8125,0.0001386603955515
collapsed_equivalence,grouped_physical_interpolation,,blocks_3x3_g3,2026,mlp,all_shooting,wq,16,0.0109697656722914,0.0417895835134912,15.0,0.9375,0.0233940730785789
collapsed_equivalence,grouped_physical_interpolation,,blocks_3x3_g3,2026,hgb,ringdown_plus_photon_geometry,k,16,0.0001141521336215,0.0456608534486263,16.0,1.0,0.0002979226474808
collapsed_equivalence,grouped_physical_interpolation,,blocks_3x3_g3,2026,hgb,ringdown_plus_photon_geometry,wq,16,0.0211384596078251,0.0805274651726671,14.0,0.875,0.0323169980535336
collapsed_equivalence,grouped_physical_interpolation,,blocks_3x3_g3,2026,random_forest,ringdown_plus_photon_geometry,k,16,0.0001630016121031,0.0652006448412701,13.0,0.8125,0.0002261111111111
collapsed_equivalence,grouped_physical_interpolation,,blocks_3x3_g3,2026,random_forest,ringdown_plus_photon_geometry,wq,16,0.0250113436259919,0.0952813090513977,14.0,0.875,0.042677331349206
collapsed_equivalence,grouped_physical_interpolation,,blocks_3x3_g3,2026,mlp,ringdown_plus_photon_geometry,k,16,0.0003869766254861,0.154790650194461,5.0,0.3125,0.0002986458783447
collapsed_equivalence,grouped_physical_interpolation,,blocks_3x3_g3,2026,mlp,ringdown_plus_photon_geometry,wq,16,0.023449362477304,0.0893309046754439,14.0,0.875,0.0461405017965054
collapsed_equivalence,grouped_physical_interpolation,,blocks_3x3_g3,2026,hgb,ringdown_plus_all_shooting,k,16,8.91435021418517e-05,0.0356574008567406,16.0,1.0,0.0002816882369645
collapsed_equivalence,grouped_physical_interpolation,,blocks_3x3_g3,2026,hgb,ringdown_plus_all_shooting,wq,16,0.0153088805865942,0.0583195450917874,15.0,0.9375,0.0311302753892597
collapsed_equivalence,grouped_physical_interpolation,,blocks_3x3_g3,2026,random_forest,ringdown_plus_all_shooting,k,16,0.0001329622395833,0.0531848958333335,12.0,0.75,0.0002047743055555
collapsed_equivalence,grouped_physical_interpolation,,blocks_3x3_g3,2026,random_forest,ringdown_plus_all_shooting,wq,16,0.0154260416666666,0.0587658730158727,14.0,0.875,0.0289054398148148
collapsed_equivalence,grouped_physical_interpolation,,blocks_3x3_g3,2026,mlp,ringdown_plus_all_shooting,k,16,5.6138096654600905e-05,0.0224552386618403,11.0,0.6875,8.065933240118889e-05
collapsed_equivalence,grouped_physical_interpolation,,blocks_3x3_g3,2026,mlp,ringdown_plus_all_shooting,wq,16,0.0080570230277036,0.0306934210579184,14.0,0.875,0.0220801884027448
collapsed_equivalence,grouped_physical_interpolation,,blocks_3x3_g3,2027,hgb,ringdown,k,16,0.0001542222478392,0.0616888991356883,16.0,1.0,0.0002359663308101
collapsed_equivalence,grouped_physical_interpolation,,blocks_3x3_g3,2027,hgb,ringdown,wq,16,0.0624438605222036,0.2378813734179186,16.0,1.0,0.1604325655380459
collapsed_equivalence,grouped_physical_interpolation,,blocks_3x3_g3,2027,random_forest,ringdown,k,16,0.0001803016493055,0.0721206597222225,16.0,1.0,0.0002512351190476
collapsed_equivalence,grouped_physical_interpolation,,blocks_3x3_g3,2027,random_forest,ringdown,wq,16,0.0859887655542279,0.3275762497303919,16.0,1.0,0.1659019480519483
collapsed_equivalence,grouped_physical_interpolation,,blocks_3x3_g3,2027,mlp,ringdown,k,16,0.0002486742995059,0.0994697198023993,8.0,0.5,0.0002291444828407
collapsed_equivalence,grouped_physical_interpolation,,blocks_3x3_g3,2027,mlp,ringdown,wq,16,0.0219101645751292,0.0834672936195401,12.0,0.75,0.0319453456754068
collapsed_equivalence,grouped_physical_interpolation,,blocks_3x3_g3,2027,hgb,photon_geometry,k,16,0.0004077555309888,0.1631022123955341,16.0,1.0,0.0010194463961465
collapsed_equivalence,grouped_physical_interpolation,,blocks_3x3_g3,2027,hgb,photon_geometry,wq,16,0.0187383302051961,0.071384115067414,16.0,1.0,0.0600651411247583
collapsed_equivalence,grouped_physical_interpolation,,blocks_3x3_g3,2027,random_forest,photon_geometry,k,16,0.0005099544270833,0.2039817708333333,9.0,0.5625,0.0004882961309523
collapsed_equivalence,grouped_physical_interpolation,,blocks_3x3_g3,2027,random_forest,photon_geometry,wq,16,0.0229792343543319,0.087539940397455,14.0,0.875,0.0374031911375662
collapsed_equivalence,grouped_physical_interpolation,,blocks_3x3_g3,2027,mlp,photon_geometry,k,16,6.460861902904124e-05,0.0258434476116165,16.0,1.0,0.0002724109178019
collapsed_equivalence,grouped_physical_interpolation,,blocks_3x3_g3,2027,mlp,photon_geometry,wq,16,0.0076522196240835,0.0291513128536517,16.0,1.0,0.0287933419663248
collapsed_equivalence,grouped_physical_interpolation,,blocks_3x3_g3,2027,hgb,all_shooting,k,16,0.0004340811901911,0.1736324760764658,8.0,0.5,0.000459881614914
collapsed_equivalence,grouped_physical_interpolation,,blocks_3x3_g3,2027,hgb,all_shooting,wq,16,0.013422589210942,0.051133673184541,16.0,1.0,0.0409097615682458
collapsed_equivalence,grouped_physical_interpolation,,blocks_3x3_g3,2027,random_forest,all_shooting,k,16,0.0003605945663855,0.1442378265542327,15.0,0.9375,0.0004847718253968
collapsed_equivalence,grouped_physical_interpolation,,blocks_3x3_g3,2027,random_forest,all_shooting,wq,16,0.011930463066303,0.0454493831097257,16.0,1.0,0.0281754905202823
collapsed_equivalence,grouped_physical_interpolation,,blocks_3x3_g3,2027,mlp,all_shooting,k,16,0.0001149902238297,0.0459960895319044,16.0,1.0,0.000359253577507
collapsed_equivalence,grouped_physical_interpolation,,blocks_3x3_g3,2027,mlp,all_shooting,wq,16,0.0122728977387106,0.0467538961474689,16.0,1.0,0.0530589943627004
collapsed_equivalence,grouped_physical_interpolation,,blocks_3x3_g3,2027,hgb,ringdown_plus_photon_geometry,k,16,7.852209672892456e-05,0.0314088386915698,16.0,1.0,0.0003245003550943
collapsed_equivalence,grouped_physical_interpolation,,blocks_3x3_g3,2027,hgb,ringdown_plus_photon_geometry,wq,16,0.0197490829804377,0.0752346018302389,15.0,0.9375,0.0471268717916723
collapsed_equivalence,grouped_physical_interpolation,,blocks_3x3_g3,2027,random_forest,ringdown_plus_photon_geometry,k,16,0.0001715711805555,0.0686284722222224,16.0,1.0,0.0002413194444444
collapsed_equivalence,grouped_physical_interpolation,,blocks_3x3_g3,2027,random_forest,ringdown_plus_photon_geometry,wq,16,0.0229275065104166,0.0873428819444442,14.0,0.875,0.0370524470899471
collapsed_equivalence,grouped_physical_interpolation,,blocks_3x3_g3,2027,mlp,ringdown_plus_photon_geometry,k,16,4.280546595558781e-05,0.0171221863822351,16.0,1.0,0.0001318058291627
collapsed_equivalence,grouped_physical_interpolation,,blocks_3x3_g3,2027,mlp,ringdown_plus_photon_geometry,wq,16,0.004665021349261,0.0177715099019468,16.0,1.0,0.0354827305613554
collapsed_equivalence,grouped_physical_interpolation,,blocks_3x3_g3,2027,hgb,ringdown_plus_all_shooting,k,16,8.21555483458908e-05,0.0328622193383563,16.0,1.0,0.0003912751502415
collapsed_equivalence,grouped_physical_interpolation,,blocks_3x3_g3,2027,hgb,ringdown_plus_all_shooting,wq,16,0.0134621091237546,0.051284225233351,16.0,1.0,0.0412420995171164
collapsed_equivalence,grouped_physical_interpolation,,blocks_3x3_g3,2027,random_forest,ringdown_plus_all_shooting,k,16,0.0001356705729166,0.0542682291666669,15.0,0.9375,0.0002181597222222
collapsed_equivalence,grouped_physical_interpolation,,blocks_3x3_g3,2027,random_forest,ringdown_plus_all_shooting,wq,16,0.011596563774526,0.0441773858077183,16.0,1.0,0.0300509534832453
collapsed_equivalence,grouped_physical_interpolation,,blocks_3x3_g3,2027,mlp,ringdown_plus_all_shooting,k,16,0.0001149376993993,0.0459750797597266,16.0,1.0,0.0004630496342677
collapsed_equivalence,grouped_physical_interpolation,,blocks_3x3_g3,2027,mlp,ringdown_plus_all_shooting,wq,16,0.0112260292421668,0.0427658256844452,14.0,0.875,0.0292666934132568
collapsed_equivalence,grouped_physical_interpolation,,blocks_3x3_g3,2028,hgb,ringdown,k,16,0.0001099090305759,0.0439636122303855,16.0,1.0,0.0002946688459165
collapsed_equivalence,grouped_physical_interpolation,,blocks_3x3_g3,2028,hgb,ringdown,wq,16,0.0556074259699391,0.2118378132188157,16.0,1.0,0.1566441163700125
collapsed_equivalence,grouped_physical_interpolation,,blocks_3x3_g3,2028,random_forest,ringdown,k,16,0.0001536309523809,0.0614523809523812,16.0,1.0,0.0002372222222222
collapsed_equivalence,grouped_physical_interpolation,,blocks_3x3_g3,2028,random_forest,ringdown,wq,16,0.0884079800738828,0.3367923050433632,12.0,0.75,0.1054131944444447
collapsed_equivalence,grouped_physical_interpolation,,blocks_3x3_g3,2028,mlp,ringdown,k,16,1.974543282038756e-05,0.007898173128155,16.0,1.0,0.0001436705441074
collapsed_equivalence,grouped_physical_interpolation,,blocks_3x3_g3,2028,mlp,ringdown,wq,16,0.0131513399816451,0.0501003427872195,16.0,1.0,0.0494825310085865
collapsed_equivalence,grouped_physical_interpolation,,blocks_3x3_g3,2028,hgb,photon_geometry,k,16,0.0004826936029078,0.1930774411631281,10.0,0.625,0.0006389367492137
collapsed_equivalence,grouped_physical_interpolation,,blocks_3x3_g3,2028,hgb,photon_geometry,wq,16,0.0214976252192374,0.0818957151209044,16.0,1.0,0.0542948556722369
collapsed_equivalence,grouped_physical_interpolation,,blocks_3x3_g3,2028,random_forest,photon_geometry,k,16,0.0005236422164351,0.2094568865740739,8.0,0.5,0.0005218229166666
collapsed_equivalence,grouped_physical_interpolation,,blocks_3x3_g3,2028,random_forest,photon_geometry,wq,16,0.0221789718708664,0.0844913214128244,16.0,1.0,0.053671891534392
collapsed_equivalence,grouped_physical_interpolation,,blocks_3x3_g3,2028,mlp,photon_geometry,k,16,5.472889676725283e-05,0.0218915587069011,15.0,0.9375,0.0001199666981142
collapsed_equivalence,grouped_physical_interpolation,,blocks_3x3_g3,2028,mlp,photon_geometry,wq,16,0.0122477039921807,0.0466579199702124,16.0,1.0,0.0855015084346312
collapsed_equivalence,grouped_physical_interpolation,,blocks_3x3_g3,2028,hgb,all_shooting,k,16,0.0004406435902324,0.176257436092961,7.0,0.4375,0.0003929589437312
collapsed_equivalence,grouped_physical_interpolation,,blocks_3x3_g3,2028,hgb,all_shooting,wq,16,0.0113432148881885,0.043212247193099,16.0,1.0,0.0405468880980151
collapsed_equivalence,grouped_physical_interpolation,,blocks_3x3_g3,2028,random_forest,all_shooting,k,16,0.0004301906622023,0.1720762648809523,5.0,0.3125,0.0003434656084656
collapsed_equivalence,grouped_physical_interpolation,,blocks_3x3_g3,2028,random_forest,all_shooting,wq,16,0.012215649629354,0.046535808111825,16.0,1.0,0.0277771108906529
collapsed_equivalence,grouped_physical_interpolation,,blocks_3x3_g3,2028,mlp,all_shooting,k,16,6.134213974013142e-05,0.0245368558960525,13.0,0.8125,0.0001175460470474
collapsed_equivalence,grouped_physical_interpolation,,blocks_3x3_g3,2028,mlp,all_shooting,wq,16,0.0068404036323232,0.0260586805040887,16.0,1.0,0.0275944790850157
collapsed_equivalence,grouped_physical_interpolation,,blocks_3x3_g3,2028,hgb,ringdown_plus_photon_geometry,k,16,9.502871033399484e-05,0.0380114841335979,16.0,1.0,0.0003001750059049
collapsed_equivalence,grouped_physical_interpolation,,blocks_3x3_g3,2028,hgb,ringdown_plus_photon_geometry,wq,16,0.0212006071157771,0.080764217583913,16.0,1.0,0.0486497089424174
collapsed_equivalence,grouped_physical_interpolation,,blocks_3x3_g3,2028,random_forest,ringdown_plus_photon_geometry,k,16,0.0001551410590277,0.0620564236111114,16.0,1.0,0.0002274999999999
collapsed_equivalence,grouped_physical_interpolation,,blocks_3x3_g3,2028,random_forest,ringdown_plus_photon_geometry,wq,16,0.0209384155919312,0.0797653927311667,16.0,1.0,0.050831018518519
collapsed_equivalence,grouped_physical_interpolation,,blocks_3x3_g3,2028,mlp,ringdown_plus_photon_geometry,k,16,6.797753603224834e-05,0.0271910144128993,8.0,0.5,6.32272739972883e-05
collapsed_equivalence,grouped_physical_interpolation,,blocks_3x3_g3,2028,mlp,ringdown_plus_photon_geometry,wq,16,0.0078459924022329,0.0298894948656492,14.0,0.875,0.0161787613487094
collapsed_equivalence,grouped_physical_interpolation,,blocks_3x3_g3,2028,hgb,ringdown_plus_all_shooting,k,16,0.0001181776748258,0.0472710699303258,16.0,1.0,0.0003097930185772
collapsed_equivalence,grouped_physical_interpolation,,blocks_3x3_g3,2028,hgb,ringdown_plus_all_shooting,wq,16,0.0110073417780764,0.0419327305831484,16.0,1.0,0.040390315785867
collapsed_equivalence,grouped_physical_interpolation,,blocks_3x3_g3,2028,random_forest,ringdown_plus_all_shooting,k,16,0.0001361848958333,0.0544739583333336,16.0,1.0,0.0002148611111111
collapsed_equivalence,grouped_physical_interpolation,,blocks_3x3_g3,2028,random_forest,ringdown_plus_all_shooting,wq,16,0.0126870074129189,0.0483314568111196,16.0,1.0,0.0275531525573193
collapsed_equivalence,grouped_physical_interpolation,,blocks_3x3_g3,2028,mlp,ringdown_plus_all_shooting,k,16,0.0005338155751599,0.2135262300639717,7.0,0.4375,0.0004708499016844
collapsed_equivalence,grouped_physical_interpolation,,blocks_3x3_g3,2028,mlp,ringdown_plus_all_shooting,wq,16,0.0365790263402392,0.1393486717723399,16.0,1.0,0.0844964574028338
collapsed_equivalence,grouped_physical_interpolation,,blocks_3x3_g3,2029,hgb,ringdown,k,16,0.0002007496482797,0.0802998593119042,16.0,1.0,0.0002740793343064
collapsed_equivalence,grouped_physical_interpolation,,blocks_3x3_g3,2029,hgb,ringdown,wq,16,0.06944711898154,0.2645604532630097,13.0,0.8125,0.113479179418675
collapsed_equivalence,grouped_physical_interpolation,,blocks_3x3_g3,2029,random_forest,ringdown,k,16,0.0002163166542658,0.0865266617063495,13.0,0.8125,0.0002260267857142
collapsed_equivalence,grouped_physical_interpolation,,blocks_3x3_g3,2029,random_forest,ringdown,wq,16,0.0948956411210318,0.3615072042705974,5.0,0.3125,0.0787043320105821
collapsed_equivalence,grouped_physical_interpolation,,blocks_3x3_g3,2029,mlp,ringdown,k,16,7.726250658622146e-05,0.0309050026344885,12.0,0.75,0.0001002756659037
collapsed_equivalence,grouped_physical_interpolation,,blocks_3x3_g3,2029,mlp,ringdown,wq,16,0.1327384373049564,0.505670237352215,16.0,1.0,0.209965619743109
collapsed_equivalence,grouped_physical_interpolation,,blocks_3x3_g3,2029,hgb,photon_geometry,k,16,0.000479280995702,0.1917123982808055,6.0,0.375,0.0004616659829186
collapsed_equivalence,grouped_physical_interpolation,,blocks_3x3_g3,2029,hgb,photon_geometry,wq,16,0.0228408588795116,0.0870127957314731,14.0,0.875,0.0335110279511914
collapsed_equivalence,grouped_physical_interpolation,,blocks_3x3_g3,2029,random_forest,photon_geometry,k,16,0.0005188237847222,0.207529513888889,8.0,0.5,0.0005267881944444
collapsed_equivalence,grouped_physical_interpolation,,blocks_3x3_g3,2029,random_forest,photon_geometry,wq,16,0.0203319527116401,0.0774550579491052,14.0,0.875,0.0326171957671956
collapsed_equivalence,grouped_physical_interpolation,,blocks_3x3_g3,2029,mlp,photon_geometry,k,16,0.000115743104197,0.0462972416788357,16.0,1.0,0.0031306291771868
collapsed_equivalence,grouped_physical_interpolation,,blocks_3x3_g3,2029,mlp,photon_geometry,wq,16,0.0066351930069694,0.0252769257408358,16.0,1.0,0.2849605793356931
collapsed_equivalence,grouped_physical_interpolation,,blocks_3x3_g3,2029,hgb,all_shooting,k,16,0.0004557808848397,0.182312353935889,9.0,0.5625,0.0005043477261809
collapsed_equivalence,grouped_physical_interpolation,,blocks_3x3_g3,2029,hgb,all_shooting,wq,16,0.0145626677345999,0.0554768294651426,16.0,1.0,0.0348537880904245
collapsed_equivalence,grouped_physical_interpolation,,blocks_3x3_g3,2029,random_forest,all_shooting,k,16,0.0002758792162698,0.1103516865079365,16.0,1.0,0.0005626636904761
collapsed_equivalence,grouped_physical_interpolation,,blocks_3x3_g3,2029,random_forest,all_shooting,wq,16,0.0104648365162037,0.0398660438712522,16.0,1.0,0.0388009341931216
collapsed_equivalence,grouped_physical_interpolation,,blocks_3x3_g3,2029,mlp,all_shooting,k,16,0.0001718331059355,0.0687332423742217,16.0,1.0,0.0031423543198061
collapsed_equivalence,grouped_physical_interpolation,,blocks_3x3_g3,2029,mlp,all_shooting,wq,16,0.0075999168875069,0.0289520643333599,16.0,1.0,0.5149965750047875
collapsed_equivalence,grouped_physical_interpolation,,blocks_3x3_g3,2029,hgb,ringdown_plus_photon_geometry,k,16,0.0001324534391894,0.0529813756757899,16.0,1.0,0.0003646904249069
collapsed_equivalence,grouped_physical_interpolation,,blocks_3x3_g3,2029,hgb,ringdown_plus_photon_geometry,wq,16,0.0196404473407907,0.0748207517744409,15.0,0.9375,0.03734239534384
collapsed_equivalence,grouped_physical_interpolation,,blocks_3x3_g3,2029,random_forest,ringdown_plus_photon_geometry,k,16,0.0002156401909722,0.0862560763888891,15.0,0.9375,0.0002354017857142
collapsed_equivalence,grouped_physical_interpolation,,blocks_3x3_g3,2029,random_forest,ringdown_plus_photon_geometry,wq,16,0.0195058810763887,0.0743081183862429,14.0,0.875,0.0293683862433862
collapsed_equivalence,grouped_physical_interpolation,,blocks_3x3_g3,2029,mlp,ringdown_plus_photon_geometry,k,16,3.6847035615239234e-05,0.0147388142460956,16.0,1.0,0.0008563254967172
collapsed_equivalence,grouped_physical_interpolation,,blocks_3x3_g3,2029,mlp,ringdown_plus_photon_geometry,wq,16,0.0145360956253872,0.0553756023824275,16.0,1.0,0.4080006702329644
collapsed_equivalence,grouped_physical_interpolation,,blocks_3x3_g3,2029,hgb,ringdown_plus_all_shooting,k,16,6.751528704287643e-05,0.0270061148171505,16.0,1.0,0.0004090406230878
collapsed_equivalence,grouped_physical_interpolation,,blocks_3x3_g3,2029,hgb,ringdown_plus_all_shooting,wq,16,0.0147805052457839,0.0563066866506056,16.0,1.0,0.035066814658664
collapsed_equivalence,grouped_physical_interpolation,,blocks_3x3_g3,2029,random_forest,ringdown_plus_all_shooting,k,16,0.0001772612847222,0.0709045138888892,15.0,0.9375,0.0002358878968253
collapsed_equivalence,grouped_physical_interpolation,,blocks_3x3_g3,2029,random_forest,ringdown_plus_all_shooting,wq,16,0.0104482370205027,0.0398028076971534,16.0,1.0,0.0415673693783066
collapsed_equivalence,grouped_physical_interpolation,,blocks_3x3_g3,2029,mlp,ringdown_plus_all_shooting,k,16,0.0001564870292198,0.0625948116879341,16.0,1.0,0.0027451811000917
collapsed_equivalence,grouped_physical_interpolation,,blocks_3x3_g3,2029,mlp,ringdown_plus_all_shooting,wq,16,0.0135238123078069,0.0515192849821215,16.0,1.0,1.8395389686608232
collapsed_equivalence,grouped_physical_interpolation,,blocks_3x3_g3,2030,hgb,ringdown,k,16,0.000161473000419,0.0645892001676221,16.0,1.0,0.0003522314317547
collapsed_equivalence,grouped_physical_interpolation,,blocks_3x3_g3,2030,hgb,ringdown,wq,16,0.0627628779996245,0.2390966780938077,15.0,0.9375,0.1540550465542968
collapsed_equivalence,grouped_physical_interpolation,,blocks_3x3_g3,2030,random_forest,ringdown,k,16,0.0001865451388888,0.0746180555555557,13.0,0.8125,0.0002313888888888
collapsed_equivalence,grouped_physical_interpolation,,blocks_3x3_g3,2030,random_forest,ringdown,wq,16,0.0870625723379631,0.3316669422398594,13.0,0.8125,0.1156070105820105
collapsed_equivalence,grouped_physical_interpolation,,blocks_3x3_g3,2030,mlp,ringdown,k,16,0.0002663081732659,0.1065232693063875,16.0,1.0,0.0004273681029988
collapsed_equivalence,grouped_physical_interpolation,,blocks_3x3_g3,2030,mlp,ringdown,wq,16,0.0154874717800447,0.0589998924954085,12.0,0.75,0.0237900879476941
collapsed_equivalence,grouped_physical_interpolation,,blocks_3x3_g3,2030,hgb,photon_geometry,k,16,0.0005808715524853,0.2323486209941283,11.0,0.6875,0.0007456968390295
collapsed_equivalence,grouped_physical_interpolation,,blocks_3x3_g3,2030,hgb,photon_geometry,wq,16,0.0241839286831571,0.0921292521263129,16.0,1.0,0.0558363853212119
collapsed_equivalence,grouped_physical_interpolation,,blocks_3x3_g3,2030,random_forest,photon_geometry,k,16,0.0006288985511739,0.2515594204695766,9.0,0.5625,0.0006283035714285
collapsed_equivalence,grouped_physical_interpolation,,blocks_3x3_g3,2030,random_forest,photon_geometry,wq,16,0.0212278986855157,0.0808681854686315,16.0,1.0,0.0438759920634922
collapsed_equivalence,grouped_physical_interpolation,,blocks_3x3_g3,2030,mlp,photon_geometry,k,16,0.0001295174050293,0.0518069620117339,15.0,0.9375,0.0002483199695519
collapsed_equivalence,grouped_physical_interpolation,,blocks_3x3_g3,2030,mlp,photon_geometry,wq,16,0.0062438396456053,0.0237860557927822,16.0,1.0,0.0377022049865948
collapsed_equivalence,grouped_physical_interpolation,,blocks_3x3_g3,2030,hgb,all_shooting,k,16,0.0005157632365665,0.2063052946266096,6.0,0.375,0.0003978695686758
collapsed_equivalence,grouped_physical_interpolation,,blocks_3x3_g3,2030,hgb,all_shooting,wq,16,0.0142981526528332,0.0544691529631741,16.0,1.0,0.0459420001246843
collapsed_equivalence,grouped_physical_interpolation,,blocks_3x3_g3,2030,random_forest,all_shooting,k,16,0.0003765703538359,0.1506281415343915,9.0,0.5625,0.0003815624999999
collapsed_equivalence,grouped_physical_interpolation,,blocks_3x3_g3,2030,random_forest,all_shooting,wq,16,0.0117248801256615,0.04466621000252,16.0,1.0,0.0426225033068782
collapsed_equivalence,grouped_physical_interpolation,,blocks_3x3_g3,2030,mlp,all_shooting,k,16,0.0001586559919688,0.0634623967875497,7.0,0.4375,0.0001470205130183
collapsed_equivalence,grouped_physical_interpolation,,blocks_3x3_g3,2030,mlp,all_shooting,wq,16,0.0093427595691004,0.0355914650251445,16.0,1.0,0.0455277228636835
collapsed_equivalence,grouped_physical_interpolation,,blocks_3x3_g3,2030,hgb,ringdown_plus_photon_geometry,k,16,9.424552247366236e-05,0.0376982089894649,16.0,1.0,0.0002945695920164
collapsed_equivalence,grouped_physical_interpolation,,blocks_3x3_g3,2030,hgb,ringdown_plus_photon_geometry,wq,16,0.0217187417219077,0.0827380637025056,16.0,1.0,0.0493359693269701
collapsed_equivalence,grouped_physical_interpolation,,blocks_3x3_g3,2030,random_forest,ringdown_plus_photon_geometry,k,16,0.0001816734871031,0.07266939484127,9.0,0.5625,0.0002022966269841
collapsed_equivalence,grouped_physical_interpolation,,blocks_3x3_g3,2030,random_forest,ringdown_plus_photon_geometry,wq,16,0.0211498139880951,0.080570719954648,16.0,1.0,0.0435496031746034
collapsed_equivalence,grouped_physical_interpolation,,blocks_3x3_g3,2030,mlp,ringdown_plus_photon_geometry,k,16,0.0004690328800627,0.1876131520251109,15.0,0.9375,0.0011461540248988
collapsed_equivalence,grouped_physical_interpolation,,blocks_3x3_g3,2030,mlp,ringdown_plus_photon_geometry,wq,16,0.0358705670751743,0.1366497793339975,16.0,1.0,0.1489656541678402
collapsed_equivalence,grouped_physical_interpolation,,blocks_3x3_g3,2030,hgb,ringdown_plus_all_shooting,k,16,9.449988204537538e-05,0.0377999528181501,16.0,1.0,0.0003155031507427
collapsed_equivalence,grouped_physical_interpolation,,blocks_3x3_g3,2030,hgb,ringdown_plus_all_shooting,wq,16,0.0136981298529573,0.0521833518207898,16.0,1.0,0.0459021425053071
collapsed_equivalence,grouped_physical_interpolation,,blocks_3x3_g3,2030,random_forest,ringdown_plus_all_shooting,k,16,0.0001593036954365,0.0637214781746034,9.0,0.5625,0.0001951388888888
collapsed_equivalence,grouped_physical_interpolation,,blocks_3x3_g3,2030,random_forest,ringdown_plus_all_shooting,wq,16,0.0112313688409391,0.0427861670131017,16.0,1.0,0.0407150958994707
collapsed_equivalence,grouped_physical_interpolation,,blocks_3x3_g3,2030,mlp,ringdown_plus_all_shooting,k,16,8.589320398169521e-05,0.034357281592678,7.0,0.4375,7.151954764334032e-05
collapsed_equivalence,grouped_physical_interpolation,,blocks_3x3_g3,2030,mlp,ringdown_plus_all_shooting,wq,16,0.0073324095509803,0.0279329887656394,16.0,1.0,0.0285096611902627
collapsed_equivalence,grouped_physical_interpolation,,blocks_3x3_g4,2026,hgb,ringdown,k,16,6.755383734620004e-05,0.02702153493848,16.0,1.0,0.0002761315372452
collapsed_equivalence,grouped_physical_interpolation,,blocks_3x3_g4,2026,hgb,ringdown,wq,16,0.0226319925189948,0.0862171143580755,16.0,1.0,0.1194585491559728
collapsed_equivalence,grouped_physical_interpolation,,blocks_3x3_g4,2026,random_forest,ringdown,k,16,6.6239924355159e-05,0.0264959697420636,14.0,0.875,0.000161175595238
collapsed_equivalence,grouped_physical_interpolation,,blocks_3x3_g4,2026,random_forest,ringdown,wq,16,0.0295038628472222,0.1123956679894181,16.0,1.0,0.074532390873016
collapsed_equivalence,grouped_physical_interpolation,,blocks_3x3_g4,2026,mlp,ringdown,k,16,6.761336618625602e-05,0.0270453464745024,16.0,1.0,0.0001170182114533
collapsed_equivalence,grouped_physical_interpolation,,blocks_3x3_g4,2026,mlp,ringdown,wq,16,0.0555649638380563,0.2116760527164053,16.0,1.0,0.1602128219144925
collapsed_equivalence,grouped_physical_interpolation,,blocks_3x3_g4,2026,hgb,photon_geometry,k,16,0.0003041418120508,0.1216567248203387,16.0,1.0,0.0008972133294147
collapsed_equivalence,grouped_physical_interpolation,,blocks_3x3_g4,2026,hgb,photon_geometry,wq,16,0.0198024244362842,0.075437807376321,15.0,0.9375,0.0425443651397545
collapsed_equivalence,grouped_physical_interpolation,,blocks_3x3_g4,2026,random_forest,photon_geometry,k,16,0.000339193173363,0.135677269345238,14.0,0.875,0.000723998015873
collapsed_equivalence,grouped_physical_interpolation,,blocks_3x3_g4,2026,random_forest,photon_geometry,wq,16,0.0151999408143938,0.0579045364357859,15.0,0.9375,0.0348331349206347
collapsed_equivalence,grouped_physical_interpolation,,blocks_3x3_g4,2026,mlp,photon_geometry,k,16,0.0002456431768047,0.0982572707218963,6.0,0.375,0.0002156936712495
collapsed_equivalence,grouped_physical_interpolation,,blocks_3x3_g4,2026,mlp,photon_geometry,wq,16,0.0099204279862464,0.0377921066142721,16.0,1.0,0.0497139673561496
collapsed_equivalence,grouped_physical_interpolation,,blocks_3x3_g4,2026,hgb,all_shooting,k,16,0.0003823438362475,0.152937534499,6.0,0.375,0.0002875777721408
collapsed_equivalence,grouped_physical_interpolation,,blocks_3x3_g4,2026,hgb,all_shooting,wq,16,0.014453970886085,0.055062746232705,15.0,0.9375,0.026956877709626
collapsed_equivalence,grouped_physical_interpolation,,blocks_3x3_g4,2026,random_forest,all_shooting,k,16,0.0003332370721726,0.1332948288690477,13.0,0.8125,0.0004952728174603
collapsed_equivalence,grouped_physical_interpolation,,blocks_3x3_g4,2026,random_forest,all_shooting,wq,16,0.0116429253472223,0.0443540013227519,16.0,1.0,0.0177733134920639
collapsed_equivalence,grouped_physical_interpolation,,blocks_3x3_g4,2026,mlp,all_shooting,k,16,0.0002290114624012,0.0916045849604878,4.0,0.25,0.0001803253032782
collapsed_equivalence,grouped_physical_interpolation,,blocks_3x3_g4,2026,mlp,all_shooting,wq,16,0.0084995747198126,0.032379332265953,16.0,1.0,0.0257866868224727
collapsed_equivalence,grouped_physical_interpolation,,blocks_3x3_g4,2026,hgb,ringdown_plus_photon_geometry,k,16,6.63692105836356e-05,0.0265476842334542,16.0,1.0,0.0002896640441224
collapsed_equivalence,grouped_physical_interpolation,,blocks_3x3_g4,2026,hgb,ringdown_plus_photon_geometry,wq,16,0.0237115678502944,0.0903297822868359,14.0,0.875,0.0416419492253712
collapsed_equivalence,grouped_physical_interpolation,,blocks_3x3_g4,2026,random_forest,ringdown_plus_photon_geometry,k,16,6.231393642526509e-05,0.024925574570106,14.0,0.875,0.000142425595238
collapsed_equivalence,grouped_physical_interpolation,,blocks_3x3_g4,2026,random_forest,ringdown_plus_photon_geometry,wq,16,0.0163986428646583,0.0624710204367935,15.0,0.9375,0.0363294973544973
collapsed_equivalence,grouped_physical_interpolation,,blocks_3x3_g4,2026,mlp,ringdown_plus_photon_geometry,k,16,0.0001424741760182,0.0569896704072932,4.0,0.25,0.000121881772369
collapsed_equivalence,grouped_physical_interpolation,,blocks_3x3_g4,2026,mlp,ringdown_plus_photon_geometry,wq,16,0.0163996685867382,0.062474927949479,16.0,1.0,0.0379627041478281
collapsed_equivalence,grouped_physical_interpolation,,blocks_3x3_g4,2026,hgb,ringdown_plus_all_shooting,k,16,8.782843771419602e-05,0.0351313750856784,16.0,1.0,0.0002611515240627
collapsed_equivalence,grouped_physical_interpolation,,blocks_3x3_g4,2026,hgb,ringdown_plus_all_shooting,wq,16,0.0143536753587935,0.0546806680334993,15.0,0.9375,0.0268128014446467
collapsed_equivalence,grouped_physical_interpolation,,blocks_3x3_g4,2026,random_forest,ringdown_plus_all_shooting,k,16,4.13430059523811e-05,0.0165372023809524,16.0,1.0,0.000111966765873
collapsed_equivalence,grouped_physical_interpolation,,blocks_3x3_g4,2026,random_forest,ringdown_plus_all_shooting,wq,16,0.0117824508101853,0.0448855268959441,16.0,1.0,0.0190464616402119
collapsed_equivalence,grouped_physical_interpolation,,blocks_3x3_g4,2026,mlp,ringdown_plus_all_shooting,k,16,0.0001075965107703,0.0430386043081203,14.0,0.875,0.0001706651700085
collapsed_equivalence,grouped_physical_interpolation,,blocks_3x3_g4,2026,mlp,ringdown_plus_all_shooting,wq,16,0.0093362563761933,0.0355666909569272,16.0,1.0,0.0311189299691972
collapsed_equivalence,grouped_physical_interpolation,,blocks_3x3_g4,2027,hgb,ringdown,k,16,6.991444294957317e-05,0.0279657771798292,16.0,1.0,0.0002561782033922
collapsed_equivalence,grouped_physical_interpolation,,blocks_3x3_g4,2027,hgb,ringdown,wq,16,0.0221319937647291,0.0843123571989682,16.0,1.0,0.0838721309740754
collapsed_equivalence,grouped_physical_interpolation,,blocks_3x3_g4,2027,random_forest,ringdown,k,16,6.359731522817463e-05,0.0254389260912698,15.0,0.9375,0.000186212797619
collapsed_equivalence,grouped_physical_interpolation,,blocks_3x3_g4,2027,random_forest,ringdown,wq,16,0.0254346741691467,0.0968939968348448,16.0,1.0,0.0637700148809526
collapsed_equivalence,grouped_physical_interpolation,,blocks_3x3_g4,2027,mlp,ringdown,k,16,6.112888439092324e-05,0.0244515537563692,5.0,0.3125,5.687487069036502e-05
collapsed_equivalence,grouped_physical_interpolation,,blocks_3x3_g4,2027,mlp,ringdown,wq,16,0.0136739141401125,0.0520911014861428,16.0,1.0,0.055323546813389
collapsed_equivalence,grouped_physical_interpolation,,blocks_3x3_g4,2027,hgb,photon_geometry,k,16,0.0002398051427432,0.0959220570972951,16.0,1.0,0.0009353093157591
collapsed_equivalence,grouped_physical_interpolation,,blocks_3x3_g4,2027,hgb,photon_geometry,wq,16,0.0187607697423533,0.0714695990184889,16.0,1.0,0.0534583685531522
collapsed_equivalence,grouped_physical_interpolation,,blocks_3x3_g4,2027,random_forest,photon_geometry,k,16,0.0003300944808952,0.1320377923581047,16.0,1.0,0.0007634747023809
collapsed_equivalence,grouped_physical_interpolation,,blocks_3x3_g4,2027,random_forest,photon_geometry,wq,16,0.0107055638227512,0.0407831002771476,16.0,1.0,0.0559130952380956
collapsed_equivalence,grouped_physical_interpolation,,blocks_3x3_g4,2027,mlp,photon_geometry,k,16,0.0001527085190859,0.0610834076343907,14.0,0.875,0.0002549078008733
collapsed_equivalence,grouped_physical_interpolation,,blocks_3x3_g4,2027,mlp,photon_geometry,wq,16,0.0091763336683732,0.0349574615938029,16.0,1.0,0.0512495704781907
collapsed_equivalence,grouped_physical_interpolation,,blocks_3x3_g4,2027,hgb,all_shooting,k,16,0.0003058771482091,0.1223508592836486,15.0,0.9375,0.0005981167578157
collapsed_equivalence,grouped_physical_interpolation,,blocks_3x3_g4,2027,hgb,all_shooting,wq,16,0.0121152572633376,0.0461533610031911,16.0,1.0,0.0368248038731821
collapsed_equivalence,grouped_physical_interpolation,,blocks_3x3_g4,2027,random_forest,all_shooting,k,16,0.0001699827422288,0.0679930968915343,16.0,1.0,0.0005519642857142
collapsed_equivalence,grouped_physical_interpolation,,blocks_3x3_g4,2027,random_forest,all_shooting,wq,16,0.0108472893931878,0.0413230072121442,16.0,1.0,0.0235571428571429
collapsed_equivalence,grouped_physical_interpolation,,blocks_3x3_g4,2027,mlp,all_shooting,k,16,0.0002743616541922,0.1097446616768835,14.0,0.875,0.0003744038295485
collapsed_equivalence,grouped_physical_interpolation,,blocks_3x3_g4,2027,mlp,all_shooting,wq,16,0.0094488272103804,0.0359955322300207,16.0,1.0,0.0505893151473857
collapsed_equivalence,grouped_physical_interpolation,,blocks_3x3_g4,2027,hgb,ringdown_plus_photon_geometry,k,16,0.000100544621527,0.0402178486108088,16.0,1.0,0.0003461817648049
collapsed_equivalence,grouped_physical_interpolation,,blocks_3x3_g4,2027,hgb,ringdown_plus_photon_geometry,wq,16,0.0217961077755056,0.0830327915257357,16.0,1.0,0.0443342929741356
collapsed_equivalence,grouped_physical_interpolation,,blocks_3x3_g4,2027,random_forest,ringdown_plus_photon_geometry,k,16,6.53583829365081e-05,0.0261433531746032,14.0,0.875,0.0001778621031746
collapsed_equivalence,grouped_physical_interpolation,,blocks_3x3_g4,2027,random_forest,ringdown_plus_photon_geometry,wq,16,0.0109636470734127,0.0417662745653817,16.0,1.0,0.0576323082010585
collapsed_equivalence,grouped_physical_interpolation,,blocks_3x3_g4,2027,mlp,ringdown_plus_photon_geometry,k,16,7.54198766528659e-05,0.0301679506611463,14.0,0.875,0.0001266040380376
collapsed_equivalence,grouped_physical_interpolation,,blocks_3x3_g4,2027,mlp,ringdown_plus_photon_geometry,wq,16,0.0043489142713558,0.016567292462308,16.0,1.0,0.0297254430532799
collapsed_equivalence,grouped_physical_interpolation,,blocks_3x3_g4,2027,hgb,ringdown_plus_all_shooting,k,16,7.817601855891256e-05,0.031270407423565,16.0,1.0,0.0003734274589503
collapsed_equivalence,grouped_physical_interpolation,,blocks_3x3_g4,2027,hgb,ringdown_plus_all_shooting,wq,16,0.0122968848741791,0.0468452757111585,16.0,1.0,0.0370449165706492
collapsed_equivalence,grouped_physical_interpolation,,blocks_3x3_g4,2027,random_forest,ringdown_plus_all_shooting,k,16,4.901165674603196e-05,0.0196046626984127,16.0,1.0,0.0002084375
collapsed_equivalence,grouped_physical_interpolation,,blocks_3x3_g4,2027,random_forest,ringdown_plus_all_shooting,wq,16,0.010591669766865,0.040349218159486,16.0,1.0,0.0262599206349206
collapsed_equivalence,grouped_physical_interpolation,,blocks_3x3_g4,2027,mlp,ringdown_plus_all_shooting,k,16,6.798995365704644e-05,0.0271959814628185,16.0,1.0,0.0001990963772835
collapsed_equivalence,grouped_physical_interpolation,,blocks_3x3_g4,2027,mlp,ringdown_plus_all_shooting,wq,16,0.0042682754258486,0.0162600968603757,16.0,1.0,0.039182647933854
collapsed_equivalence,grouped_physical_interpolation,,blocks_3x3_g4,2028,hgb,ringdown,k,16,8.11173553107055e-05,0.0324469421242822,16.0,1.0,0.0003176982733021
collapsed_equivalence,grouped_physical_interpolation,,blocks_3x3_g4,2028,hgb,ringdown,wq,16,0.0200802768820748,0.0764962928840948,16.0,1.0,0.1391374411008923
collapsed_equivalence,grouped_physical_interpolation,,blocks_3x3_g4,2028,random_forest,ringdown,k,16,8.533451140873035e-05,0.0341338045634921,16.0,1.0,0.0002850347222222
collapsed_equivalence,grouped_physical_interpolation,,blocks_3x3_g4,2028,random_forest,ringdown,wq,16,0.035661865304834,0.1358547249707963,16.0,1.0,0.126379325998076
collapsed_equivalence,grouped_physical_interpolation,,blocks_3x3_g4,2028,mlp,ringdown,k,16,5.164769313485983e-05,0.0206590772539439,16.0,1.0,0.0002125559396469
collapsed_equivalence,grouped_physical_interpolation,,blocks_3x3_g4,2028,mlp,ringdown,wq,16,0.0057415691471935,0.021872644370261,16.0,1.0,0.0538049720758788
collapsed_equivalence,grouped_physical_interpolation,,blocks_3x3_g4,2028,hgb,photon_geometry,k,16,0.0003768082963827,0.1507233185531045,16.0,1.0,0.0009842665966179
collapsed_equivalence,grouped_physical_interpolation,,blocks_3x3_g4,2028,hgb,photon_geometry,wq,16,0.0124420470657585,0.0473982745362231,16.0,1.0,0.0667311622704876
collapsed_equivalence,grouped_physical_interpolation,,blocks_3x3_g4,2028,random_forest,photon_geometry,k,16,0.0004194742063492,0.1677896825396825,14.0,0.875,0.000835992063492
collapsed_equivalence,grouped_physical_interpolation,,blocks_3x3_g4,2028,random_forest,photon_geometry,wq,16,0.0120274796420304,0.0458189700648779,16.0,1.0,0.0550597056878305
collapsed_equivalence,grouped_physical_interpolation,,blocks_3x3_g4,2028,mlp,photon_geometry,k,16,0.0003338563105831,0.1335425242332729,16.0,1.0,0.0007217295777398
collapsed_equivalence,grouped_physical_interpolation,,blocks_3x3_g4,2028,mlp,photon_geometry,wq,16,0.0064094374770003,0.0244169046742871,16.0,1.0,0.035038885391438
collapsed_equivalence,grouped_physical_interpolation,,blocks_3x3_g4,2028,hgb,all_shooting,k,16,0.0003698501556212,0.1479400622484807,15.0,0.9375,0.0005940679678337
collapsed_equivalence,grouped_physical_interpolation,,blocks_3x3_g4,2028,hgb,all_shooting,wq,16,0.0139558915808756,0.0531653012604786,16.0,1.0,0.0535044991834339
collapsed_equivalence,grouped_physical_interpolation,,blocks_3x3_g4,2028,random_forest,all_shooting,k,16,0.0003193739149305,0.1277495659722225,11.0,0.6875,0.0004021875
collapsed_equivalence,grouped_physical_interpolation,,blocks_3x3_g4,2028,random_forest,all_shooting,wq,16,0.008405791170635,0.0320220616024193,16.0,1.0,0.032104662698413
collapsed_equivalence,grouped_physical_interpolation,,blocks_3x3_g4,2028,mlp,all_shooting,k,16,0.0002166754259097,0.0866701703638991,15.0,0.9375,0.0003367335095008
collapsed_equivalence,grouped_physical_interpolation,,blocks_3x3_g4,2028,mlp,all_shooting,wq,16,0.014382591160561,0.0547908234688038,16.0,1.0,0.0375642888344354
collapsed_equivalence,grouped_physical_interpolation,,blocks_3x3_g4,2028,hgb,ringdown_plus_photon_geometry,k,16,0.0001192730162385,0.0477092064954005,16.0,1.0,0.0003157585248216
collapsed_equivalence,grouped_physical_interpolation,,blocks_3x3_g4,2028,hgb,ringdown_plus_photon_geometry,wq,16,0.0138104933790269,0.0526114033486742,16.0,1.0,0.0620703693871806
collapsed_equivalence,grouped_physical_interpolation,,blocks_3x3_g4,2028,random_forest,ringdown_plus_photon_geometry,k,16,0.0001255884176587,0.0502353670634922,16.0,1.0,0.0002953124999999
collapsed_equivalence,grouped_physical_interpolation,,blocks_3x3_g4,2028,random_forest,ringdown_plus_photon_geometry,wq,16,0.0104690057663689,0.0398819267290246,16.0,1.0,0.052020916005291
collapsed_equivalence,grouped_physical_interpolation,,blocks_3x3_g4,2028,mlp,ringdown_plus_photon_geometry,k,16,0.0001950844664264,0.0780337865705619,12.0,0.75,0.0002743871761486
collapsed_equivalence,grouped_physical_interpolation,,blocks_3x3_g4,2028,mlp,ringdown_plus_photon_geometry,wq,16,0.0148474460077851,0.0565616990772766,16.0,1.0,0.0590551568123394
collapsed_equivalence,grouped_physical_interpolation,,blocks_3x3_g4,2028,hgb,ringdown_plus_all_shooting,k,16,0.0001175426511414,0.0470170604565881,15.0,0.9375,0.0002698013853024
collapsed_equivalence,grouped_physical_interpolation,,blocks_3x3_g4,2028,hgb,ringdown_plus_all_shooting,wq,16,0.0135037315592764,0.0514427868924816,16.0,1.0,0.0532774145709062
collapsed_equivalence,grouped_physical_interpolation,,blocks_3x3_g4,2028,random_forest,ringdown_plus_all_shooting,k,16,0.0001136557539682,0.0454623015873017,16.0,1.0,0.0003163194444444
collapsed_equivalence,grouped_physical_interpolation,,blocks_3x3_g4,2028,random_forest,ringdown_plus_all_shooting,wq,16,0.0082316964285715,0.0313588435374155,16.0,1.0,0.0300491071428575
collapsed_equivalence,grouped_physical_interpolation,,blocks_3x3_g4,2028,mlp,ringdown_plus_all_shooting,k,16,5.510937454730397e-05,0.0220437498189215,16.0,1.0,0.0001086072116652
collapsed_equivalence,grouped_physical_interpolation,,blocks_3x3_g4,2028,mlp,ringdown_plus_all_shooting,wq,16,0.0070721511286526,0.0269415281091527,16.0,1.0,0.0224628064281764
collapsed_equivalence,grouped_physical_interpolation,,blocks_3x3_g4,2029,hgb,ringdown,k,16,0.0001015426407284,0.0406170562913922,16.0,1.0,0.000193617658796
collapsed_equivalence,grouped_physical_interpolation,,blocks_3x3_g4,2029,hgb,ringdown,wq,16,0.0374377947214548,0.1426201703674471,16.0,1.0,0.1026520786257937
collapsed_equivalence,grouped_physical_interpolation,,blocks_3x3_g4,2029,random_forest,ringdown,k,16,8.671921502976212e-05,0.0346876860119048,16.0,1.0,0.0001890624999999
collapsed_equivalence,grouped_physical_interpolation,,blocks_3x3_g4,2029,random_forest,ringdown,wq,16,0.0493228939318783,0.1878967387881079,16.0,1.0,0.1037679646164022
collapsed_equivalence,grouped_physical_interpolation,,blocks_3x3_g4,2029,mlp,ringdown,k,16,6.133287773007746e-05,0.0245331510920309,9.0,0.5625,6.555277401087555e-05
collapsed_equivalence,grouped_physical_interpolation,,blocks_3x3_g4,2029,mlp,ringdown,wq,16,0.0310102447861432,0.1181342658519741,16.0,1.0,0.1335706827848062
collapsed_equivalence,grouped_physical_interpolation,,blocks_3x3_g4,2029,hgb,photon_geometry,k,16,0.0003015577378444,0.1206230951377924,14.0,0.875,0.0006718654994853
collapsed_equivalence,grouped_physical_interpolation,,blocks_3x3_g4,2029,hgb,photon_geometry,wq,16,0.0174995072807618,0.0666647896409975,15.0,0.9375,0.0338341127266539
collapsed_equivalence,grouped_physical_interpolation,,blocks_3x3_g4,2029,random_forest,photon_geometry,k,16,0.0003386898420589,0.135475936823593,11.0,0.6875,0.000457490755772
collapsed_equivalence,grouped_physical_interpolation,,blocks_3x3_g4,2029,random_forest,photon_geometry,wq,16,0.0068625248015871,0.0261429516250939,16.0,1.0,0.0272935267857141
collapsed_equivalence,grouped_physical_interpolation,,blocks_3x3_g4,2029,mlp,photon_geometry,k,16,0.000196713862834,0.0786855451336042,5.0,0.3125,0.0001453719368492
collapsed_equivalence,grouped_physical_interpolation,,blocks_3x3_g4,2029,mlp,photon_geometry,wq,16,0.0118558243151128,0.0451650450099535,16.0,1.0,0.0300521586082016
collapsed_equivalence,grouped_physical_interpolation,,blocks_3x3_g4,2029,hgb,all_shooting,k,16,0.0003386339902181,0.1354535960872475,7.0,0.4375,0.0002988122214827
collapsed_equivalence,grouped_physical_interpolation,,blocks_3x3_g4,2029,hgb,all_shooting,wq,16,0.0122329126899087,0.0466015721520334,16.0,1.0,0.0385640193405197
collapsed_equivalence,grouped_physical_interpolation,,blocks_3x3_g4,2029,random_forest,all_shooting,k,16,0.0002452332382605,0.0980932953042329,14.0,0.875,0.0003955539021164
collapsed_equivalence,grouped_physical_interpolation,,blocks_3x3_g4,2029,random_forest,all_shooting,wq,16,0.0082774305555556,0.031533068783069,16.0,1.0,0.0175871527777784
collapsed_equivalence,grouped_physical_interpolation,,blocks_3x3_g4,2029,mlp,all_shooting,k,16,0.0002806286201109,0.1122514480443813,5.0,0.3125,0.0002500700227967
collapsed_equivalence,grouped_physical_interpolation,,blocks_3x3_g4,2029,mlp,all_shooting,wq,16,0.0111956714190219,0.0426501768343694,16.0,1.0,0.041997530294967
collapsed_equivalence,grouped_physical_interpolation,,blocks_3x3_g4,2029,hgb,ringdown_plus_photon_geometry,k,16,8.191238942718266e-05,0.032764955770873,16.0,1.0,0.0002006333318107
collapsed_equivalence,grouped_physical_interpolation,,blocks_3x3_g4,2029,hgb,ringdown_plus_photon_geometry,wq,16,0.0154346058447382,0.0587984984561457,14.0,0.875,0.0316740947297952
collapsed_equivalence,grouped_physical_interpolation,,blocks_3x3_g4,2029,random_forest,ringdown_plus_photon_geometry,k,16,8.895337301587326e-05,0.0355813492063493,12.0,0.75,0.0001237499999999
collapsed_equivalence,grouped_physical_interpolation,,blocks_3x3_g4,2029,random_forest,ringdown_plus_photon_geometry,wq,16,0.0066085999503966,0.0251756188586539,16.0,1.0,0.0267520337301585
collapsed_equivalence,grouped_physical_interpolation,,blocks_3x3_g4,2029,mlp,ringdown_plus_photon_geometry,k,16,0.000129181100018,0.0516724400072002,1.0,0.0625,6.985634499172939e-05
collapsed_equivalence,grouped_physical_interpolation,,blocks_3x3_g4,2029,mlp,ringdown_plus_photon_geometry,wq,16,0.0171234410650259,0.065232156438194,16.0,1.0,0.043336536482851
collapsed_equivalence,grouped_physical_interpolation,,blocks_3x3_g4,2029,hgb,ringdown_plus_all_shooting,k,16,8.958090079114969e-05,0.0358323603164598,12.0,0.75,0.0001263183411713
collapsed_equivalence,grouped_physical_interpolation,,blocks_3x3_g4,2029,hgb,ringdown_plus_all_shooting,wq,16,0.0123251909024338,0.0469531081997478,16.0,1.0,0.0386621787441635
collapsed_equivalence,grouped_physical_interpolation,,blocks_3x3_g4,2029,random_forest,ringdown_plus_all_shooting,k,16,6.981383308531776e-05,0.0279255332341271,14.0,0.875,0.0001158333333333
collapsed_equivalence,grouped_physical_interpolation,,blocks_3x3_g4,2029,random_forest,ringdown_plus_all_shooting,wq,16,0.0081711743551588,0.0311282832577479,16.0,1.0,0.0171781250000004
collapsed_equivalence,grouped_physical_interpolation,,blocks_3x3_g4,2029,mlp,ringdown_plus_all_shooting,k,16,9.014272982492912e-05,0.0360570919299716,15.0,0.9375,0.0001493639880595
collapsed_equivalence,grouped_physical_interpolation,,blocks_3x3_g4,2029,mlp,ringdown_plus_all_shooting,wq,16,0.0167651413258607,0.0638672050508979,16.0,1.0,0.0520179056571213
collapsed_equivalence,grouped_physical_interpolation,,blocks_3x3_g4,2030,hgb,ringdown,k,16,0.0001185042720223,0.047401708808952,14.0,0.875,0.0002004748387438
collapsed_equivalence,grouped_physical_interpolation,,blocks_3x3_g4,2030,hgb,ringdown,wq,16,0.0281093159552256,0.1070831084008597,16.0,1.0,0.1025244209127134
collapsed_equivalence,grouped_physical_interpolation,,blocks_3x3_g4,2030,random_forest,ringdown,k,16,8.351944857804247e-05,0.0334077794312169,16.0,1.0,0.0001941319444444
collapsed_equivalence,grouped_physical_interpolation,,blocks_3x3_g4,2030,random_forest,ringdown,wq,16,0.0378345723792989,0.1441317043020913,16.0,1.0,0.0728358906525571
collapsed_equivalence,grouped_physical_interpolation,,blocks_3x3_g4,2030,mlp,ringdown,k,16,6.911055833309189e-05,0.0276442233332367,8.0,0.5,6.386539411612491e-05
collapsed_equivalence,grouped_physical_interpolation,,blocks_3x3_g4,2030,mlp,ringdown,wq,16,0.0105484605009504,0.0401846114321923,16.0,1.0,0.0631486804485891
collapsed_equivalence,grouped_physical_interpolation,,blocks_3x3_g4,2030,hgb,photon_geometry,k,16,0.0002732400347097,0.1092960138839189,14.0,0.875,0.0005276167247936
collapsed_equivalence,grouped_physical_interpolation,,blocks_3x3_g4,2030,hgb,photon_geometry,wq,16,0.0156576488998769,0.0596481862852456,16.0,1.0,0.0463798225394784
collapsed_equivalence,grouped_physical_interpolation,,blocks_3x3_g4,2030,random_forest,photon_geometry,k,16,0.0003581519558277,0.1432607823310949,9.0,0.5625,0.0004015792540792
collapsed_equivalence,grouped_physical_interpolation,,blocks_3x3_g4,2030,random_forest,photon_geometry,wq,16,0.00765540984623,0.0291634660808765,16.0,1.0,0.0547807539682543
collapsed_equivalence,grouped_physical_interpolation,,blocks_3x3_g4,2030,mlp,photon_geometry,k,16,0.0002963378851531,0.1185351540612595,1.0,0.0625,0.0001487903230538
collapsed_equivalence,grouped_physical_interpolation,,blocks_3x3_g4,2030,mlp,photon_geometry,wq,16,0.0171640605682862,0.0653868974029951,16.0,1.0,0.0958394807763494
collapsed_equivalence,grouped_physical_interpolation,,blocks_3x3_g4,2030,hgb,all_shooting,k,16,0.0003359511979351,0.1343804791740401,9.0,0.5625,0.0003848426685503
collapsed_equivalence,grouped_physical_interpolation,,blocks_3x3_g4,2030,hgb,all_shooting,wq,16,0.0131495730671371,0.050093611684332,16.0,1.0,0.0281776552329627
collapsed_equivalence,grouped_physical_interpolation,,blocks_3x3_g4,2030,random_forest,all_shooting,k,16,0.0002775201512896,0.111008060515873,3.0,0.1875,0.0002189930555555
collapsed_equivalence,grouped_physical_interpolation,,blocks_3x3_g4,2030,random_forest,all_shooting,wq,16,0.0076494140625,0.0291406250000001,16.0,1.0,0.0317328703703699
collapsed_equivalence,grouped_physical_interpolation,,blocks_3x3_g4,2030,mlp,all_shooting,k,16,0.0002798257822345,0.1119303128938165,1.0,0.0625,0.0001498061981319
collapsed_equivalence,grouped_physical_interpolation,,blocks_3x3_g4,2030,mlp,all_shooting,wq,16,0.0076148713920634,0.0290090338745274,16.0,1.0,0.0584457301360356
collapsed_equivalence,grouped_physical_interpolation,,blocks_3x3_g4,2030,hgb,ringdown_plus_photon_geometry,k,16,0.0001064539448967,0.0425815779587112,16.0,1.0,0.0002327918866279
collapsed_equivalence,grouped_physical_interpolation,,blocks_3x3_g4,2030,hgb,ringdown_plus_photon_geometry,wq,16,0.0180480863985068,0.0687546148514548,16.0,1.0,0.0479653475254684
collapsed_equivalence,grouped_physical_interpolation,,blocks_3x3_g4,2030,random_forest,ringdown_plus_photon_geometry,k,16,0.000102724454365,0.0410897817460319,12.0,0.75,0.0001516319444444
collapsed_equivalence,grouped_physical_interpolation,,blocks_3x3_g4,2030,random_forest,ringdown_plus_photon_geometry,wq,16,0.0078568814070766,0.0299309767888635,16.0,1.0,0.0531895502645506
collapsed_equivalence,grouped_physical_interpolation,,blocks_3x3_g4,2030,mlp,ringdown_plus_photon_geometry,k,16,5.336963591131815e-05,0.0213478543645272,16.0,1.0,9.095014543387286e-05
collapsed_equivalence,grouped_physical_interpolation,,blocks_3x3_g4,2030,mlp,ringdown_plus_photon_geometry,wq,16,0.0398014785391228,0.1516246801490394,16.0,1.0,0.1023733667791042
collapsed_equivalence,grouped_physical_interpolation,,blocks_3x3_g4,2030,hgb,ringdown_plus_all_shooting,k,16,0.0001486070419876,0.0594428167950446,6.0,0.375,0.0001322130351069
collapsed_equivalence,grouped_physical_interpolation,,blocks_3x3_g4,2030,hgb,ringdown_plus_all_shooting,wq,16,0.0131495730671371,0.050093611684332,16.0,1.0,0.0281776552329627
collapsed_equivalence,grouped_physical_interpolation,,blocks_3x3_g4,2030,random_forest,ringdown_plus_all_shooting,k,16,8.136729083994744e-05,0.0325469163359789,13.0,0.8125,0.0001195833333333
collapsed_equivalence,grouped_physical_interpolation,,blocks_3x3_g4,2030,random_forest,ringdown_plus_all_shooting,wq,16,0.0076661551339285,0.0292044005102041,16.0,1.0,0.0302710648148143
collapsed_equivalence,grouped_physical_interpolation,,blocks_3x3_g4,2030,mlp,ringdown_plus_all_shooting,k,16,0.0001414082707758,0.0565633083103307,4.0,0.25,0.0001003181708621
collapsed_equivalence,grouped_physical_interpolation,,blocks_3x3_g4,2030,mlp,ringdown_plus_all_shooting,wq,16,0.012071384641085,0.0459862272041335,16.0,1.0,0.0683119059970722
collapsed_equivalence,grouped_physical_interpolation,,blocks_3x3_g5,2026,hgb,ringdown,k,12,0.0001725595072191,0.0690238028876736,3.0,0.25,0.0001673156744185
collapsed_equivalence,grouped_physical_interpolation,,blocks_3x3_g5,2026,hgb,ringdown,wq,12,0.0956438555913419,0.3643575451098739,5.0,0.4166666666666667,0.081422319318665
collapsed_equivalence,grouped_physical_interpolation,,blocks_3x3_g5,2026,random_forest,ringdown,k,12,0.0001918749999999,0.0767499999999996,3.0,0.25,0.0001423611111111
collapsed_equivalence,grouped_physical_interpolation,,blocks_3x3_g5,2026,random_forest,ringdown,wq,12,0.1017739002863134,0.387710096328813,2.0,0.1666666666666666,0.0801262019230765
collapsed_equivalence,grouped_physical_interpolation,,blocks_3x3_g5,2026,mlp,ringdown,k,12,0.0002750939629688,0.1100375851875519,9.0,0.75,0.0003025903248469
collapsed_equivalence,grouped_physical_interpolation,,blocks_3x3_g5,2026,mlp,ringdown,wq,12,0.0054505932068627,0.0207641645975725,12.0,1.0,0.0291170766850382
collapsed_equivalence,grouped_physical_interpolation,,blocks_3x3_g5,2026,hgb,photon_geometry,k,12,0.0004176437850206,0.1670575140082745,10.0,0.8333333333333334,0.0006722140332034
collapsed_equivalence,grouped_physical_interpolation,,blocks_3x3_g5,2026,hgb,photon_geometry,wq,12,0.0325584320954203,0.1240321222682681,8.0,0.6666666666666666,0.0420299099969244
collapsed_equivalence,grouped_physical_interpolation,,blocks_3x3_g5,2026,random_forest,photon_geometry,k,12,0.0004903551449514,0.1961420579805995,7.0,0.5833333333333334,0.0004876058201058
collapsed_equivalence,grouped_physical_interpolation,,blocks_3x3_g5,2026,random_forest,photon_geometry,wq,12,0.0149813175154322,0.0570716857730752,8.0,0.6666666666666666,0.022279017857143
collapsed_equivalence,grouped_physical_interpolation,,blocks_3x3_g5,2026,mlp,photon_geometry,k,12,9.459767865615311e-05,0.0378390714624612,9.0,0.75,0.0001418470172162
collapsed_equivalence,grouped_physical_interpolation,,blocks_3x3_g5,2026,mlp,photon_geometry,wq,12,0.0507408369021356,0.1932984262938498,8.0,0.6666666666666666,0.0622827826802046
collapsed_equivalence,grouped_physical_interpolation,,blocks_3x3_g5,2026,hgb,all_shooting,k,12,0.0002156118964267,0.0862447585707077,12.0,1.0,0.0005051159749352
collapsed_equivalence,grouped_physical_interpolation,,blocks_3x3_g5,2026,hgb,all_shooting,wq,12,0.0203805457206399,0.0776401741738665,10.0,0.8333333333333334,0.0390092521258788
collapsed_equivalence,grouped_physical_interpolation,,blocks_3x3_g5,2026,random_forest,all_shooting,k,12,0.0002721895667989,0.1088758267195765,8.0,0.6666666666666666,0.0003197123015873
collapsed_equivalence,grouped_physical_interpolation,,blocks_3x3_g5,2026,random_forest,all_shooting,wq,12,0.0133257068452382,0.0507645975056696,8.0,0.6666666666666666,0.0175138888888891
collapsed_equivalence,grouped_physical_interpolation,,blocks_3x3_g5,2026,mlp,all_shooting,k,12,7.371930376456398e-05,0.0294877215058255,12.0,1.0,0.0001237903633163
collapsed_equivalence,grouped_physical_interpolation,,blocks_3x3_g5,2026,mlp,all_shooting,wq,12,0.0517339728763175,0.1970818014335908,12.0,1.0,0.0766368506625067
collapsed_equivalence,grouped_physical_interpolation,,blocks_3x3_g5,2026,hgb,ringdown_plus_photon_geometry,k,12,0.0001615760220533,0.0646304088213479,8.0,0.6666666666666666,0.0002161854854617
collapsed_equivalence,grouped_physical_interpolation,,blocks_3x3_g5,2026,hgb,ringdown_plus_photon_geometry,wq,12,0.0290044759264197,0.1104932416244562,8.0,0.6666666666666666,0.0431172608696939
collapsed_equivalence,grouped_physical_interpolation,,blocks_3x3_g5,2026,random_forest,ringdown_plus_photon_geometry,k,12,0.0001789004629629,0.0715601851851848,3.0,0.25,0.0001323263888888
collapsed_equivalence,grouped_physical_interpolation,,blocks_3x3_g5,2026,random_forest,ringdown_plus_photon_geometry,wq,12,0.0134979593805116,0.0514207976400442,9.0,0.75,0.0206668650793645
collapsed_equivalence,grouped_physical_interpolation,,blocks_3x3_g5,2026,mlp,ringdown_plus_photon_geometry,k,12,7.948126698549227e-05,0.0317925067941969,12.0,1.0,0.0002156836045312
collapsed_equivalence,grouped_physical_interpolation,,blocks_3x3_g5,2026,mlp,ringdown_plus_photon_geometry,wq,12,0.020091541740708,0.0765392066312686,8.0,0.6666666666666666,0.0259796862631555
collapsed_equivalence,grouped_physical_interpolation,,blocks_3x3_g5,2026,hgb,ringdown_plus_all_shooting,k,12,0.0001615377758472,0.0646151103388952,9.0,0.75,0.0002265324343773
collapsed_equivalence,grouped_physical_interpolation,,blocks_3x3_g5,2026,hgb,ringdown_plus_all_shooting,wq,12,0.0207100195535538,0.0788953125849672,10.0,0.8333333333333334,0.040628192155334
collapsed_equivalence,grouped_physical_interpolation,,blocks_3x3_g5,2026,random_forest,ringdown_plus_all_shooting,k,12,0.0001882175925925,0.0752870370370367,3.0,0.25,0.0001429861111111
collapsed_equivalence,grouped_physical_interpolation,,blocks_3x3_g5,2026,random_forest,ringdown_plus_all_shooting,wq,12,0.0140666542658732,0.0535872543461836,6.0,0.5,0.0176006944444447
collapsed_equivalence,grouped_physical_interpolation,,blocks_3x3_g5,2026,mlp,ringdown_plus_all_shooting,k,12,4.4698998881671e-05,0.0178795995526684,12.0,1.0,0.0001453465330624
collapsed_equivalence,grouped_physical_interpolation,,blocks_3x3_g5,2026,mlp,ringdown_plus_all_shooting,wq,12,0.0151091010432522,0.0575584801647705,10.0,0.8333333333333334,0.0257610302487711
collapsed_equivalence,grouped_physical_interpolation,,blocks_3x3_g5,2027,hgb,ringdown,k,12,0.0001529137092568,0.0611654837027365,11.0,0.9166666666666666,0.0002859534445201
collapsed_equivalence,grouped_physical_interpolation,,blocks_3x3_g5,2027,hgb,ringdown,wq,12,0.0879013706945204,0.334862364550554,11.0,0.9166666666666666,0.114198734993217
collapsed_equivalence,grouped_physical_interpolation,,blocks_3x3_g5,2027,random_forest,ringdown,k,12,0.0001819733796296,0.0727893518518515,4.0,0.3333333333333333,0.0001782217261904
collapsed_equivalence,grouped_physical_interpolation,,blocks_3x3_g5,2027,random_forest,ringdown,wq,12,0.0883757037972315,0.3366693477989774,4.0,0.3333333333333333,0.068601449514991
collapsed_equivalence,grouped_physical_interpolation,,blocks_3x3_g5,2027,mlp,ringdown,k,12,0.0002099791925143,0.0839916770057452,2.0,0.1666666666666666,0.0001258639749356
collapsed_equivalence,grouped_physical_interpolation,,blocks_3x3_g5,2027,mlp,ringdown,wq,12,0.0131089780934351,0.0499389641654674,12.0,1.0,0.0775070860264889
collapsed_equivalence,grouped_physical_interpolation,,blocks_3x3_g5,2027,hgb,photon_geometry,k,12,0.0004401956405069,0.1760782562027611,10.0,0.8333333333333334,0.0007731560473088
collapsed_equivalence,grouped_physical_interpolation,,blocks_3x3_g5,2027,hgb,photon_geometry,wq,12,0.0380209926133118,0.1448418766221404,8.0,0.6666666666666666,0.0482135189647486
collapsed_equivalence,grouped_physical_interpolation,,blocks_3x3_g5,2027,random_forest,photon_geometry,k,12,0.0003972561177248,0.158902447089947,10.0,0.8333333333333334,0.0006148214285714
collapsed_equivalence,grouped_physical_interpolation,,blocks_3x3_g5,2027,random_forest,photon_geometry,wq,12,0.0159261491402117,0.0606710443436638,12.0,1.0,0.0394493055555554
collapsed_equivalence,grouped_physical_interpolation,,blocks_3x3_g5,2027,mlp,photon_geometry,k,12,9.091421635662451e-05,0.0363656865426498,12.0,1.0,0.0002750166892332
collapsed_equivalence,grouped_physical_interpolation,,blocks_3x3_g5,2027,mlp,photon_geometry,wq,12,0.011279840131655,0.0429708195491619,12.0,1.0,0.05405629620721
collapsed_equivalence,grouped_physical_interpolation,,blocks_3x3_g5,2027,hgb,all_shooting,k,12,0.0001452341066244,0.0580936426497792,12.0,1.0,0.0004600293549897
collapsed_equivalence,grouped_physical_interpolation,,blocks_3x3_g5,2027,hgb,all_shooting,wq,12,0.0235628236383998,0.0897631376700945,12.0,1.0,0.0597423214329063
collapsed_equivalence,grouped_physical_interpolation,,blocks_3x3_g5,2027,random_forest,all_shooting,k,12,0.0002352273478835,0.0940909391534391,9.0,0.75,0.0003657820767195
collapsed_equivalence,grouped_physical_interpolation,,blocks_3x3_g5,2027,random_forest,all_shooting,wq,12,0.0106379794973547,0.0405256361803988,12.0,1.0,0.0241307705026452
collapsed_equivalence,grouped_physical_interpolation,,blocks_3x3_g5,2027,mlp,all_shooting,k,12,0.0001481809041701,0.0592723616680704,12.0,1.0,0.0004715012269614
collapsed_equivalence,grouped_physical_interpolation,,blocks_3x3_g5,2027,mlp,all_shooting,wq,12,0.0039637407264305,0.0150999646721162,12.0,1.0,0.0506969583174729
collapsed_equivalence,grouped_physical_interpolation,,blocks_3x3_g5,2027,hgb,ringdown_plus_photon_geometry,k,12,0.0001474769494928,0.0589907797971425,12.0,1.0,0.0002843642856976
collapsed_equivalence,grouped_physical_interpolation,,blocks_3x3_g5,2027,hgb,ringdown_plus_photon_geometry,wq,12,0.0309209220099034,0.1177939886091561,10.0,0.8333333333333334,0.0536578379442839
collapsed_equivalence,grouped_physical_interpolation,,blocks_3x3_g5,2027,random_forest,ringdown_plus_photon_geometry,k,12,0.0001813368055555,0.0725347222222219,4.0,0.3333333333333333,0.0001522668650793
collapsed_equivalence,grouped_physical_interpolation,,blocks_3x3_g5,2027,random_forest,ringdown_plus_photon_geometry,wq,12,0.0161171048280424,0.0613984945830188,12.0,1.0,0.0380944444444442
collapsed_equivalence,grouped_physical_interpolation,,blocks_3x3_g5,2027,mlp,ringdown_plus_photon_geometry,k,12,6.448829621651014e-05,0.025795318486604,12.0,1.0,0.0001275872043247
collapsed_equivalence,grouped_physical_interpolation,,blocks_3x3_g5,2027,mlp,ringdown_plus_photon_geometry,wq,12,0.0034706718738685,0.0132216071385467,12.0,1.0,0.0639091639811568
collapsed_equivalence,grouped_physical_interpolation,,blocks_3x3_g5,2027,hgb,ringdown_plus_all_shooting,k,12,0.0001339133662748,0.0535653465099525,12.0,1.0,0.0002812757472804
collapsed_equivalence,grouped_physical_interpolation,,blocks_3x3_g5,2027,hgb,ringdown_plus_all_shooting,wq,12,0.0230224078641352,0.0877044109109914,12.0,1.0,0.0617835771748779
collapsed_equivalence,grouped_physical_interpolation,,blocks_3x3_g5,2027,random_forest,ringdown_plus_all_shooting,k,12,0.0001865451388888,0.0746180555555552,4.0,0.3333333333333333,0.0001468501984126
collapsed_equivalence,grouped_physical_interpolation,,blocks_3x3_g5,2027,random_forest,ringdown_plus_all_shooting,wq,12,0.0106175595238097,0.0404478458049894,12.0,1.0,0.028470238095238
collapsed_equivalence,grouped_physical_interpolation,,blocks_3x3_g5,2027,mlp,ringdown_plus_all_shooting,k,12,4.925689461877508e-05,0.01970275784751,12.0,1.0,0.0001599566868211
collapsed_equivalence,grouped_physical_interpolation,,blocks_3x3_g5,2027,mlp,ringdown_plus_all_shooting,wq,12,0.0032805293941417,0.0124972548348257,12.0,1.0,0.0478035313980553
collapsed_equivalence,grouped_physical_interpolation,,blocks_3x3_g5,2028,hgb,ringdown,k,12,0.000154224614762,0.0616898459048071,12.0,1.0,0.0003515118310933
collapsed_equivalence,grouped_physical_interpolation,,blocks_3x3_g5,2028,hgb,ringdown,wq,12,0.0828198344657103,0.3155041312979442,11.0,0.9166666666666666,0.1211648929790736
collapsed_equivalence,grouped_physical_interpolation,,blocks_3x3_g5,2028,random_forest,ringdown,k,12,0.0001817853009259,0.07271412037037,4.0,0.3333333333333333,0.0001920436507936
collapsed_equivalence,grouped_physical_interpolation,,blocks_3x3_g5,2028,random_forest,ringdown,wq,12,0.0856590769216639,0.32632029303491,10.0,0.8333333333333334,0.1085102017195764
collapsed_equivalence,grouped_physical_interpolation,,blocks_3x3_g5,2028,mlp,ringdown,k,12,0.0001017095361041,0.0406838144416732,11.0,0.9166666666666666,0.0001851279124806
collapsed_equivalence,grouped_physical_interpolation,,blocks_3x3_g5,2028,mlp,ringdown,wq,12,0.0072817879548646,0.0277401445899606,12.0,1.0,0.0635978128259646
collapsed_equivalence,grouped_physical_interpolation,,blocks_3x3_g5,2028,hgb,photon_geometry,k,12,0.0005735549919735,0.229421996789425,12.0,1.0,0.001095971651258
collapsed_equivalence,grouped_physical_interpolation,,blocks_3x3_g5,2028,hgb,photon_geometry,wq,12,0.0364463507192393,0.1388432408351973,12.0,1.0,0.0940018880574294
collapsed_equivalence,grouped_physical_interpolation,,blocks_3x3_g5,2028,random_forest,photon_geometry,k,12,0.0004693525619827,0.187741024793108,10.0,0.8333333333333334,0.0006739533730158
collapsed_equivalence,grouped_physical_interpolation,,blocks_3x3_g5,2028,random_forest,photon_geometry,wq,12,0.018545665233686,0.070650153271185,12.0,1.0,0.0478865244708995
collapsed_equivalence,grouped_physical_interpolation,,blocks_3x3_g5,2028,mlp,photon_geometry,k,12,8.14306538350489e-05,0.0325722615340195,12.0,1.0,0.0002244403715227
collapsed_equivalence,grouped_physical_interpolation,,blocks_3x3_g5,2028,mlp,photon_geometry,wq,12,0.0123675687116161,0.0471145474728235,12.0,1.0,0.049078929376352
collapsed_equivalence,grouped_physical_interpolation,,blocks_3x3_g5,2028,hgb,all_shooting,k,12,0.0001527739164945,0.0611095665978189,12.0,1.0,0.0005640440452038
collapsed_equivalence,grouped_physical_interpolation,,blocks_3x3_g5,2028,hgb,all_shooting,wq,12,0.0240379829262369,0.0915732682904264,12.0,1.0,0.0597757191092577
collapsed_equivalence,grouped_physical_interpolation,,blocks_3x3_g5,2028,random_forest,all_shooting,k,12,0.0002964893353174,0.1185957341269839,11.0,0.9166666666666666,0.0005673313492063
collapsed_equivalence,grouped_physical_interpolation,,blocks_3x3_g5,2028,random_forest,all_shooting,wq,12,0.0152662196021571,0.0581570270558366,12.0,1.0,0.0354893353174605
collapsed_equivalence,grouped_physical_interpolation,,blocks_3x3_g5,2028,mlp,all_shooting,k,12,0.0001865667117725,0.0746266847090138,12.0,1.0,0.0004899865892755
collapsed_equivalence,grouped_physical_interpolation,,blocks_3x3_g5,2028,mlp,all_shooting,wq,12,0.0125584025912818,0.0478415336810737,12.0,1.0,0.0494141714553946
collapsed_equivalence,grouped_physical_interpolation,,blocks_3x3_g5,2028,hgb,ringdown_plus_photon_geometry,k,12,0.0001538457839578,0.0615383135831269,12.0,1.0,0.0002976678566749
collapsed_equivalence,grouped_physical_interpolation,,blocks_3x3_g5,2028,hgb,ringdown_plus_photon_geometry,wq,12,0.0372361917722232,0.1418521591322791,12.0,1.0,0.0963127944758489
collapsed_equivalence,grouped_physical_interpolation,,blocks_3x3_g5,2028,random_forest,ringdown_plus_photon_geometry,k,12,0.0001805774636243,0.0722309854497351,4.0,0.3333333333333333,0.0001615922619047
collapsed_equivalence,grouped_physical_interpolation,,blocks_3x3_g5,2028,random_forest,ringdown_plus_photon_geometry,wq,12,0.0182027529761904,0.069343820861678,12.0,1.0,0.0439954365079366
collapsed_equivalence,grouped_physical_interpolation,,blocks_3x3_g5,2028,mlp,ringdown_plus_photon_geometry,k,12,0.0001144008180433,0.0457603272173333,10.0,0.8333333333333334,0.0001697783175161
collapsed_equivalence,grouped_physical_interpolation,,blocks_3x3_g5,2028,mlp,ringdown_plus_photon_geometry,wq,12,0.0103980519400127,0.0396116264381439,12.0,1.0,0.0706149271381659
collapsed_equivalence,grouped_physical_interpolation,,blocks_3x3_g5,2028,hgb,ringdown_plus_all_shooting,k,12,0.000134974794196,0.0539899176784275,12.0,1.0,0.0003234953264544
collapsed_equivalence,grouped_physical_interpolation,,blocks_3x3_g5,2028,hgb,ringdown_plus_all_shooting,wq,12,0.026415630026289,0.1006309715287203,12.0,1.0,0.0602008507625537
collapsed_equivalence,grouped_physical_interpolation,,blocks_3x3_g5,2028,random_forest,ringdown_plus_all_shooting,k,12,0.0001891637731481,0.0756655092592589,4.0,0.3333333333333333,0.0001642658730158
collapsed_equivalence,grouped_physical_interpolation,,blocks_3x3_g5,2028,random_forest,ringdown_plus_all_shooting,wq,12,0.015053724053724,0.0573475202046628,12.0,1.0,0.0383018353174605
collapsed_equivalence,grouped_physical_interpolation,,blocks_3x3_g5,2028,mlp,ringdown_plus_all_shooting,k,12,8.927059101979395e-05,0.0357082364079175,7.0,0.5833333333333334,0.0001054759821319
collapsed_equivalence,grouped_physical_interpolation,,blocks_3x3_g5,2028,mlp,ringdown_plus_all_shooting,wq,12,0.0287348053017212,0.1094659249589379,12.0,1.0,0.113976149745326
collapsed_equivalence,grouped_physical_interpolation,,blocks_3x3_g5,2029,hgb,ringdown,k,12,0.0001601859793032,0.0640743917212931,4.0,0.3333333333333333,0.0001971288419316
collapsed_equivalence,grouped_physical_interpolation,,blocks_3x3_g5,2029,hgb,ringdown,wq,12,0.0855322518593246,0.3258371499402843,10.0,0.8333333333333334,0.11860447536166
collapsed_equivalence,grouped_physical_interpolation,,blocks_3x3_g5,2029,random_forest,ringdown,k,12,0.0001904377480158,0.0761750992063488,4.0,0.3333333333333333,9.715277777777848e-05
collapsed_equivalence,grouped_physical_interpolation,,blocks_3x3_g5,2029,random_forest,ringdown,wq,12,0.0917349959582596,0.3494666512695605,5.0,0.4166666666666667,0.09266007771164
collapsed_equivalence,grouped_physical_interpolation,,blocks_3x3_g5,2029,mlp,ringdown,k,12,0.0001285989804212,0.0514395921684945,1.0,0.0833333333333333,6.09279938799149e-05
collapsed_equivalence,grouped_physical_interpolation,,blocks_3x3_g5,2029,mlp,ringdown,wq,12,0.0071187943497941,0.0271192165706443,12.0,1.0,0.0403426236852804
collapsed_equivalence,grouped_physical_interpolation,,blocks_3x3_g5,2029,hgb,photon_geometry,k,12,0.0004669665802185,0.1867866320874264,7.0,0.5833333333333334,0.0004830653835682
collapsed_equivalence,grouped_physical_interpolation,,blocks_3x3_g5,2029,hgb,photon_geometry,wq,12,0.0308532042540648,0.1175360162059614,12.0,1.0,0.0739894474307866
collapsed_equivalence,grouped_physical_interpolation,,blocks_3x3_g5,2029,random_forest,photon_geometry,k,12,0.0004348489169973,0.1739395667989416,5.0,0.4166666666666667,0.0004026512896825
collapsed_equivalence,grouped_physical_interpolation,,blocks_3x3_g5,2029,random_forest,photon_geometry,wq,12,0.0159140445877427,0.0606249317628295,12.0,1.0,0.043649917328042
collapsed_equivalence,grouped_physical_interpolation,,blocks_3x3_g5,2029,mlp,photon_geometry,k,12,0.0002806831537559,0.1122732615023944,11.0,0.9166666666666666,0.0005598228347525
collapsed_equivalence,grouped_physical_interpolation,,blocks_3x3_g5,2029,mlp,photon_geometry,wq,12,0.0331291096944104,0.1262061321691825,12.0,1.0,0.2223291082882473
collapsed_equivalence,grouped_physical_interpolation,,blocks_3x3_g5,2029,hgb,all_shooting,k,12,0.0002113832080548,0.0845532832219543,12.0,1.0,0.0006170312014843
collapsed_equivalence,grouped_physical_interpolation,,blocks_3x3_g5,2029,hgb,all_shooting,wq,12,0.0205379295184682,0.0782397314989266,12.0,1.0,0.07684349656619
collapsed_equivalence,grouped_physical_interpolation,,blocks_3x3_g5,2029,random_forest,all_shooting,k,12,0.000317505787037,0.1270023148148147,11.0,0.9166666666666666,0.0005946031746031
collapsed_equivalence,grouped_physical_interpolation,,blocks_3x3_g5,2029,random_forest,all_shooting,wq,12,0.0080617421737216,0.0307113987570348,12.0,1.0,0.0945694444444448
collapsed_equivalence,grouped_physical_interpolation,,blocks_3x3_g5,2029,mlp,all_shooting,k,12,0.000219454838156,0.0877819352624129,11.0,0.9166666666666666,0.0004113484257511
collapsed_equivalence,grouped_physical_interpolation,,blocks_3x3_g5,2029,mlp,all_shooting,wq,12,0.0087819662048768,0.0334551093519118,12.0,1.0,0.7549786780445199
collapsed_equivalence,grouped_physical_interpolation,,blocks_3x3_g5,2029,hgb,ringdown_plus_photon_geometry,k,12,0.0001404717220998,0.0561886888399268,12.0,1.0,0.0003371215661351
collapsed_equivalence,grouped_physical_interpolation,,blocks_3x3_g5,2029,hgb,ringdown_plus_photon_geometry,wq,12,0.0298492889454017,0.1137115769348639,12.0,1.0,0.072702552229782
collapsed_equivalence,grouped_physical_interpolation,,blocks_3x3_g5,2029,random_forest,ringdown_plus_photon_geometry,k,12,0.000180851521164,0.0723406084656081,4.0,0.3333333333333333,0.0001205324074074
collapsed_equivalence,grouped_physical_interpolation,,blocks_3x3_g5,2029,random_forest,ringdown_plus_photon_geometry,wq,12,0.014971493331129,0.0570342603090629,12.0,1.0,0.047332490079365
collapsed_equivalence,grouped_physical_interpolation,,blocks_3x3_g5,2029,mlp,ringdown_plus_photon_geometry,k,12,4.867374107512743e-05,0.0194694964300509,12.0,1.0,0.000725257071324
collapsed_equivalence,grouped_physical_interpolation,,blocks_3x3_g5,2029,mlp,ringdown_plus_photon_geometry,wq,12,0.0051650981724186,0.0196765644663567,12.0,1.0,0.3228500800761177
collapsed_equivalence,grouped_physical_interpolation,,blocks_3x3_g5,2029,hgb,ringdown_plus_all_shooting,k,12,0.0001272799857362,0.0509119942945079,12.0,1.0,0.000299590676825
collapsed_equivalence,grouped_physical_interpolation,,blocks_3x3_g5,2029,hgb,ringdown_plus_all_shooting,wq,12,0.0207111557339494,0.0788996408912358,12.0,1.0,0.0775406688073069
collapsed_equivalence,grouped_physical_interpolation,,blocks_3x3_g5,2029,random_forest,ringdown_plus_all_shooting,k,12,0.0002140335648148,0.0856134259259255,4.0,0.3333333333333333,0.0001264004629629
collapsed_equivalence,grouped_physical_interpolation,,blocks_3x3_g5,2029,random_forest,ringdown_plus_all_shooting,wq,12,0.0084366457231043,0.0321396027546832,12.0,1.0,0.0955347222222224
collapsed_equivalence,grouped_physical_interpolation,,blocks_3x3_g5,2029,mlp,ringdown_plus_all_shooting,k,12,4.800051103843349e-05,0.0192002044153733,12.0,1.0,0.0032063715296671
collapsed_equivalence,grouped_physical_interpolation,,blocks_3x3_g5,2029,mlp,ringdown_plus_all_shooting,wq,12,0.0081591149750805,0.0310823427622115,12.0,1.0,0.6036563222338497
collapsed_equivalence,grouped_physical_interpolation,,blocks_3x3_g5,2030,hgb,ringdown,k,12,0.000153269335811,0.0613077343244265,11.0,0.9166666666666666,0.0002511094913545
collapsed_equivalence,grouped_physical_interpolation,,blocks_3x3_g5,2030,hgb,ringdown,wq,12,0.0877343667977881,0.3342261592296691,6.0,0.5,0.0892599850576775
collapsed_equivalence,grouped_physical_interpolation,,blocks_3x3_g5,2030,random_forest,ringdown,k,12,0.0001944039351851,0.0777615740740737,4.0,0.3333333333333333,0.0001705059523809
collapsed_equivalence,grouped_physical_interpolation,,blocks_3x3_g5,2030,random_forest,ringdown,wq,12,0.0991600394946235,0.3777525314080898,2.0,0.1666666666666666,0.0687355324074074
collapsed_equivalence,grouped_physical_interpolation,,blocks_3x3_g5,2030,mlp,ringdown,k,12,0.0003491538075976,0.1396615230390698,12.0,1.0,0.0007529579494141
collapsed_equivalence,grouped_physical_interpolation,,blocks_3x3_g5,2030,mlp,ringdown,wq,12,0.0252067443071808,0.0960256925987841,12.0,1.0,0.0583210059310966
collapsed_equivalence,grouped_physical_interpolation,,blocks_3x3_g5,2030,hgb,photon_geometry,k,12,0.000421599205485,0.1686396821940395,12.0,1.0,0.0008951506800123
collapsed_equivalence,grouped_physical_interpolation,,blocks_3x3_g5,2030,hgb,photon_geometry,wq,12,0.0282776534639373,0.1077243941483328,12.0,1.0,0.0710817070124886
collapsed_equivalence,grouped_physical_interpolation,,blocks_3x3_g5,2030,random_forest,photon_geometry,k,12,0.0004676823605599,0.1870729442239858,11.0,0.9166666666666666,0.0007810361340048
collapsed_equivalence,grouped_physical_interpolation,,blocks_3x3_g5,2030,random_forest,photon_geometry,wq,12,0.0160338086970901,0.0610811759889147,12.0,1.0,0.0446617063492064
collapsed_equivalence,grouped_physical_interpolation,,blocks_3x3_g5,2030,mlp,photon_geometry,k,12,8.541877135080222e-05,0.0341675085403208,12.0,1.0,0.0004109979247055
collapsed_equivalence,grouped_physical_interpolation,,blocks_3x3_g5,2030,mlp,photon_geometry,wq,12,0.0102799877581427,0.039161858126258,12.0,1.0,0.0756518227223288
collapsed_equivalence,grouped_physical_interpolation,,blocks_3x3_g5,2030,hgb,all_shooting,k,12,0.0002284802579442,0.0913921031777092,10.0,0.8333333333333334,0.0003851384057824
collapsed_equivalence,grouped_physical_interpolation,,blocks_3x3_g5,2030,hgb,all_shooting,wq,12,0.0187002714079402,0.0712391291731058,10.0,0.8333333333333334,0.0384913571083769
collapsed_equivalence,grouped_physical_interpolation,,blocks_3x3_g5,2030,random_forest,all_shooting,k,12,0.0003207060185185,0.1282824074074073,9.0,0.75,0.0003921825396825
collapsed_equivalence,grouped_physical_interpolation,,blocks_3x3_g5,2030,random_forest,all_shooting,wq,12,0.013979621362434,0.05325570042832,12.0,1.0,0.0303135416666665
collapsed_equivalence,grouped_physical_interpolation,,blocks_3x3_g5,2030,mlp,all_shooting,k,12,8.672819952878416e-05,0.0346912798115136,12.0,1.0,0.0002483123324192
collapsed_equivalence,grouped_physical_interpolation,,blocks_3x3_g5,2030,mlp,all_shooting,wq,12,0.0047682840766555,0.0181648917205924,12.0,1.0,0.0329778665221893
collapsed_equivalence,grouped_physical_interpolation,,blocks_3x3_g5,2030,hgb,ringdown_plus_photon_geometry,k,12,0.000158836498996,0.063534599598406,12.0,1.0,0.0003121217049665
collapsed_equivalence,grouped_physical_interpolation,,blocks_3x3_g5,2030,hgb,ringdown_plus_photon_geometry,wq,12,0.0238580460681117,0.0908877945451874,12.0,1.0,0.0711347505093344
collapsed_equivalence,grouped_physical_interpolation,,blocks_3x3_g5,2030,random_forest,ringdown_plus_photon_geometry,k,12,0.0001892013888888,0.0756805555555552,4.0,0.3333333333333333,0.0001558432539682
collapsed_equivalence,grouped_physical_interpolation,,blocks_3x3_g5,2030,random_forest,ringdown_plus_photon_geometry,wq,12,0.015117403824956,0.0575901098093565,12.0,1.0,0.0411006944444444
collapsed_equivalence,grouped_physical_interpolation,,blocks_3x3_g5,2030,mlp,ringdown_plus_photon_geometry,k,12,9.108932920728236e-05,0.0364357316829129,6.0,0.5,8.599078088087709e-05
collapsed_equivalence,grouped_physical_interpolation,,blocks_3x3_g5,2030,mlp,ringdown_plus_photon_geometry,wq,12,0.0102400024470649,0.0390095331316759,12.0,1.0,0.0335037513610599
collapsed_equivalence,grouped_physical_interpolation,,blocks_3x3_g5,2030,hgb,ringdown_plus_all_shooting,k,12,0.0001543856387603,0.0617542555041443,12.0,1.0,0.000298660225895
collapsed_equivalence,grouped_physical_interpolation,,blocks_3x3_g5,2030,hgb,ringdown_plus_all_shooting,wq,12,0.0185100342947335,0.0705144163608896,9.0,0.75,0.0343952182800019
collapsed_equivalence,grouped_physical_interpolation,,blocks_3x3_g5,2030,random_forest,ringdown_plus_all_shooting,k,12,0.0002008333333333,0.080333333333333,4.0,0.3333333333333333,0.0001564236111111
collapsed_equivalence,grouped_physical_interpolation,,blocks_3x3_g5,2030,random_forest,ringdown_plus_all_shooting,wq,12,0.0141404596560848,0.053868417737466,12.0,1.0,0.031359375
collapsed_equivalence,grouped_physical_interpolation,,blocks_3x3_g5,2030,mlp,ringdown_plus_all_shooting,k,12,5.20443249271115e-05,0.0208177299708446,12.0,1.0,0.0003233055186635
collapsed_equivalence,grouped_physical_interpolation,,blocks_3x3_g5,2030,mlp,ringdown_plus_all_shooting,wq,12,0.0112159119896079,0.042727283769935,12.0,1.0,0.0557350023652067
collapsed_equivalence,grouped_physical_interpolation,,blocks_3x3_g6,2026,hgb,ringdown,k,12,0.0002247679538019,0.0899071815207719,12.0,1.0,0.0004243038614057
collapsed_equivalence,grouped_physical_interpolation,,blocks_3x3_g6,2026,hgb,ringdown,wq,12,0.0973653203294232,0.3709155060168504,6.0,0.5,0.1049263463372434
collapsed_equivalence,grouped_physical_interpolation,,blocks_3x3_g6,2026,random_forest,ringdown,k,12,0.0001697222222222,0.0678888888888887,8.0,0.6666666666666666,0.0001526273148148
collapsed_equivalence,grouped_physical_interpolation,,blocks_3x3_g6,2026,random_forest,ringdown,wq,12,0.0799168320105825,0.3044450743260286,3.0,0.25,0.0670769841269839
collapsed_equivalence,grouped_physical_interpolation,,blocks_3x3_g6,2026,mlp,ringdown,k,12,3.296086324682362e-05,0.0131843452987294,12.0,1.0,0.0001017181751372
collapsed_equivalence,grouped_physical_interpolation,,blocks_3x3_g6,2026,mlp,ringdown,wq,12,0.0128882918682088,0.0490982547360338,6.0,0.5,0.0074409267757949
collapsed_equivalence,grouped_physical_interpolation,,blocks_3x3_g6,2026,hgb,photon_geometry,k,12,0.0007751636321973,0.3100654528789565,7.0,0.5833333333333334,0.0008164633061776
collapsed_equivalence,grouped_physical_interpolation,,blocks_3x3_g6,2026,hgb,photon_geometry,wq,12,0.0221432893998693,0.0843553881899783,12.0,1.0,0.0439678301888318
collapsed_equivalence,grouped_physical_interpolation,,blocks_3x3_g6,2026,random_forest,photon_geometry,k,12,0.0006994321188071,0.2797728475228473,6.0,0.5,0.0006406845238095
collapsed_equivalence,grouped_physical_interpolation,,blocks_3x3_g6,2026,random_forest,photon_geometry,wq,12,0.0242905981316137,0.0925356119299571,10.0,0.8333333333333334,0.0362027777777781
collapsed_equivalence,grouped_physical_interpolation,,blocks_3x3_g6,2026,mlp,photon_geometry,k,12,0.0006667270178498,0.2666908071399331,6.0,0.5,0.0001630155366856
collapsed_equivalence,grouped_physical_interpolation,,blocks_3x3_g6,2026,mlp,photon_geometry,wq,12,0.4311912525652361,1.6426333431056612,8.0,0.6666666666666666,0.0264290627460822
collapsed_equivalence,grouped_physical_interpolation,,blocks_3x3_g6,2026,hgb,all_shooting,k,12,0.0006841009350753,0.2736403740301209,2.0,0.1666666666666666,0.0004587987361562
collapsed_equivalence,grouped_physical_interpolation,,blocks_3x3_g6,2026,hgb,all_shooting,wq,12,0.0238296463979518,0.0907796053255308,8.0,0.6666666666666666,0.0225033322819036
collapsed_equivalence,grouped_physical_interpolation,,blocks_3x3_g6,2026,random_forest,all_shooting,k,12,0.0006706989914021,0.2682795965608465,1.0,0.0833333333333333,0.0003165773809523
collapsed_equivalence,grouped_physical_interpolation,,blocks_3x3_g6,2026,random_forest,all_shooting,wq,12,0.0271797067901233,0.1035417401528508,7.0,0.5833333333333334,0.018045138888889
collapsed_equivalence,grouped_physical_interpolation,,blocks_3x3_g6,2026,mlp,all_shooting,k,12,0.0012246887189875,0.4898754875950319,8.0,0.6666666666666666,0.0003319615669466
collapsed_equivalence,grouped_physical_interpolation,,blocks_3x3_g6,2026,mlp,all_shooting,wq,12,0.7884315640352177,3.003548815372258,5.0,0.4166666666666667,0.0088606365484604
collapsed_equivalence,grouped_physical_interpolation,,blocks_3x3_g6,2026,hgb,ringdown_plus_photon_geometry,k,12,0.0003398111803828,0.1359244721531345,8.0,0.6666666666666666,0.0004379389193218
collapsed_equivalence,grouped_physical_interpolation,,blocks_3x3_g6,2026,hgb,ringdown_plus_photon_geometry,wq,12,0.0194168814216415,0.0739690720824439,12.0,1.0,0.0396835899189717
collapsed_equivalence,grouped_physical_interpolation,,blocks_3x3_g6,2026,random_forest,ringdown_plus_photon_geometry,k,12,0.0001780133928571,0.0712053571428571,8.0,0.6666666666666666,0.0001989583333333
collapsed_equivalence,grouped_physical_interpolation,,blocks_3x3_g6,2026,random_forest,ringdown_plus_photon_geometry,wq,12,0.0248549933862434,0.0946856890904511,9.0,0.75,0.0339393518518522
collapsed_equivalence,grouped_physical_interpolation,,blocks_3x3_g6,2026,mlp,ringdown_plus_photon_geometry,k,12,0.0007263065531308,0.2905226212523206,2.0,0.1666666666666666,0.0001488265915913
collapsed_equivalence,grouped_physical_interpolation,,blocks_3x3_g6,2026,mlp,ringdown_plus_photon_geometry,wq,12,0.172991890593529,0.6590167260705869,4.0,0.3333333333333333,0.0160005235920231
collapsed_equivalence,grouped_physical_interpolation,,blocks_3x3_g6,2026,hgb,ringdown_plus_all_shooting,k,12,0.0003634180207756,0.145367208310249,8.0,0.6666666666666666,0.0004120579593642
collapsed_equivalence,grouped_physical_interpolation,,blocks_3x3_g6,2026,hgb,ringdown_plus_all_shooting,wq,12,0.0240313913559876,0.0915481575466196,8.0,0.6666666666666666,0.0229001463448534
collapsed_equivalence,grouped_physical_interpolation,,blocks_3x3_g6,2026,random_forest,ringdown_plus_all_shooting,k,12,0.0001485226521164,0.0594090608465609,6.0,0.5,0.0001960069444444
collapsed_equivalence,grouped_physical_interpolation,,blocks_3x3_g6,2026,random_forest,ringdown_plus_all_shooting,wq,12,0.0269002989969134,0.1024773295120513,9.0,0.75,0.0181493055555557
collapsed_equivalence,grouped_physical_interpolation,,blocks_3x3_g6,2026,mlp,ringdown_plus_all_shooting,k,12,0.0010919431644543,0.4367772657817564,6.0,0.5,8.609208040080479e-05
collapsed_equivalence,grouped_physical_interpolation,,blocks_3x3_g6,2026,mlp,ringdown_plus_all_shooting,wq,12,0.3916552172890088,1.4920198753867002,2.0,0.1666666666666666,0.020621946616162
collapsed_equivalence,grouped_physical_interpolation,,blocks_3x3_g6,2027,hgb,ringdown,k,12,0.0002113777909942,0.0845511163976827,12.0,1.0,0.0003841333729826
collapsed_equivalence,grouped_physical_interpolation,,blocks_3x3_g6,2027,hgb,ringdown,wq,12,0.0858858575120275,0.3271842190934382,6.0,0.5,0.082271383823985
collapsed_equivalence,grouped_physical_interpolation,,blocks_3x3_g6,2027,random_forest,ringdown,k,12,0.0001562760416666,0.0625104166666666,6.0,0.5,0.0001918055555555
collapsed_equivalence,grouped_physical_interpolation,,blocks_3x3_g6,2027,random_forest,ringdown,wq,12,0.0748809523809526,0.2852607709750576,3.0,0.25,0.0620740492724866
collapsed_equivalence,grouped_physical_interpolation,,blocks_3x3_g6,2027,mlp,ringdown,k,12,3.627126195971316e-05,0.0145085047838852,9.0,0.75,6.667152867790476e-05
collapsed_equivalence,grouped_physical_interpolation,,blocks_3x3_g6,2027,mlp,ringdown,wq,12,0.0352057948678203,0.1341173137821728,6.0,0.5,0.0270964080341952
collapsed_equivalence,grouped_physical_interpolation,,blocks_3x3_g6,2027,hgb,photon_geometry,k,12,0.0007233776488272,0.2893510595308847,2.0,0.1666666666666666,0.0005138911892716
collapsed_equivalence,grouped_physical_interpolation,,blocks_3x3_g6,2027,hgb,photon_geometry,wq,12,0.0229157574436423,0.0872981235948278,12.0,1.0,0.0566910174212987
collapsed_equivalence,grouped_physical_interpolation,,blocks_3x3_g6,2027,random_forest,photon_geometry,k,12,0.0006742023374966,0.2696809349986433,4.0,0.3333333333333333,0.0005245271164021
collapsed_equivalence,grouped_physical_interpolation,,blocks_3x3_g6,2027,random_forest,photon_geometry,wq,12,0.0225414351851854,0.0858721340388017,12.0,1.0,0.042993551587301
collapsed_equivalence,grouped_physical_interpolation,,blocks_3x3_g6,2027,mlp,photon_geometry,k,12,0.0004973245219536,0.1989298087814491,8.0,0.6666666666666666,0.0001270776343927
collapsed_equivalence,grouped_physical_interpolation,,blocks_3x3_g6,2027,mlp,photon_geometry,wq,12,0.7775121061220346,2.9619508804648937,7.0,0.5833333333333334,0.0260527941272762
collapsed_equivalence,grouped_physical_interpolation,,blocks_3x3_g6,2027,hgb,all_shooting,k,12,0.0005605972988382,0.2242389195353114,4.0,0.3333333333333333,0.000422322607943
collapsed_equivalence,grouped_physical_interpolation,,blocks_3x3_g6,2027,hgb,all_shooting,wq,12,0.0200007328543034,0.076193268016394,9.0,0.75,0.0270226329141899
collapsed_equivalence,grouped_physical_interpolation,,blocks_3x3_g6,2027,random_forest,all_shooting,k,12,0.0006885670882936,0.2754268353174602,1.0,0.0833333333333333,0.0001810069444444
collapsed_equivalence,grouped_physical_interpolation,,blocks_3x3_g6,2027,random_forest,all_shooting,wq,12,0.0273756365740743,0.1042881393298069,8.0,0.6666666666666666,0.0205555555555556
collapsed_equivalence,grouped_physical_interpolation,,blocks_3x3_g6,2027,mlp,all_shooting,k,12,0.0007188776725711,0.2875510690284455,8.0,0.6666666666666666,0.0003177931737905
collapsed_equivalence,grouped_physical_interpolation,,blocks_3x3_g6,2027,mlp,all_shooting,wq,12,0.6437884607862943,2.452527469662073,7.0,0.5833333333333334,0.0275894264339082
collapsed_equivalence,grouped_physical_interpolation,,blocks_3x3_g6,2027,hgb,ringdown_plus_photon_geometry,k,12,0.0003222535616834,0.1289014246733757,6.0,0.5,0.0003394640176164
collapsed_equivalence,grouped_physical_interpolation,,blocks_3x3_g6,2027,hgb,ringdown_plus_photon_geometry,wq,12,0.0172584530321725,0.0657464877416098,12.0,1.0,0.0513211085684464
collapsed_equivalence,grouped_physical_interpolation,,blocks_3x3_g6,2027,random_forest,ringdown_plus_photon_geometry,k,12,0.0001556605489417,0.0622642195767195,5.0,0.4166666666666667,0.0001524652777777
collapsed_equivalence,grouped_physical_interpolation,,blocks_3x3_g6,2027,random_forest,ringdown_plus_photon_geometry,wq,12,0.0201484760802471,0.0767560993533223,12.0,1.0,0.0433928571428565
collapsed_equivalence,grouped_physical_interpolation,,blocks_3x3_g6,2027,mlp,ringdown_plus_photon_geometry,k,12,0.0007829251138797,0.3131700455519012,4.0,0.3333333333333333,6.605501719110301e-05
collapsed_equivalence,grouped_physical_interpolation,,blocks_3x3_g6,2027,mlp,ringdown_plus_photon_geometry,wq,12,0.6574388241521792,2.504528853913064,5.0,0.4166666666666667,0.0164043556955364
collapsed_equivalence,grouped_physical_interpolation,,blocks_3x3_g6,2027,hgb,ringdown_plus_all_shooting,k,12,0.0003258353605102,0.1303341442040804,6.0,0.5,0.0003426583469573
collapsed_equivalence,grouped_physical_interpolation,,blocks_3x3_g6,2027,hgb,ringdown_plus_all_shooting,wq,12,0.0201010085815366,0.0765752707868064,9.0,0.75,0.0269499211365449
collapsed_equivalence,grouped_physical_interpolation,,blocks_3x3_g6,2027,random_forest,ringdown_plus_all_shooting,k,12,0.0001498652447089,0.0599460978835979,8.0,0.6666666666666666,0.0001593576388888
collapsed_equivalence,grouped_physical_interpolation,,blocks_3x3_g6,2027,random_forest,ringdown_plus_all_shooting,wq,12,0.027491020447531,0.1047276969429754,8.0,0.6666666666666666,0.0205347222222223
collapsed_equivalence,grouped_physical_interpolation,,blocks_3x3_g6,2027,mlp,ringdown_plus_all_shooting,k,12,0.0002391395377783,0.0956558151113503,3.0,0.25,8.960166088334623e-05
collapsed_equivalence,grouped_physical_interpolation,,blocks_3x3_g6,2027,mlp,ringdown_plus_all_shooting,wq,12,0.289442361407067,1.102637567265017,7.0,0.5833333333333334,0.0212503110922955
collapsed_equivalence,grouped_physical_interpolation,,blocks_3x3_g6,2028,hgb,ringdown,k,12,0.0001939990540039,0.0775996216015731,12.0,1.0,0.0004180028379882
collapsed_equivalence,grouped_physical_interpolation,,blocks_3x3_g6,2028,hgb,ringdown,wq,12,0.0962360789022949,0.3666136339135045,6.0,0.5,0.1060081115167391
collapsed_equivalence,grouped_physical_interpolation,,blocks_3x3_g6,2028,random_forest,ringdown,k,12,0.0001647007275132,0.0658802910052909,4.0,0.3333333333333333,0.0001083333333333
collapsed_equivalence,grouped_physical_interpolation,,blocks_3x3_g6,2028,random_forest,ringdown,wq,12,0.0799512814153441,0.3045763101536919,7.0,0.5833333333333334,0.0909741236772488
collapsed_equivalence,grouped_physical_interpolation,,blocks_3x3_g6,2028,mlp,ringdown,k,12,0.0001515568393891,0.0606227357556465,1.0,0.0833333333333333,5.732228016701877e-05
collapsed_equivalence,grouped_physical_interpolation,,blocks_3x3_g6,2028,mlp,ringdown,wq,12,0.0093578450044211,0.0356489333501758,10.0,0.8333333333333334,0.0160159708214778
collapsed_equivalence,grouped_physical_interpolation,,blocks_3x3_g6,2028,hgb,photon_geometry,k,12,0.0007749012851549,0.309960514061995,2.0,0.1666666666666666,0.0005630996350202
collapsed_equivalence,grouped_physical_interpolation,,blocks_3x3_g6,2028,hgb,photon_geometry,wq,12,0.0227540536246889,0.0866821090464342,12.0,1.0,0.050793014381004
collapsed_equivalence,grouped_physical_interpolation,,blocks_3x3_g6,2028,random_forest,photon_geometry,k,12,0.0006868167162698,0.2747266865079366,2.0,0.1666666666666666,0.0004547395833333
collapsed_equivalence,grouped_physical_interpolation,,blocks_3x3_g6,2028,random_forest,photon_geometry,wq,12,0.0250600239748678,0.0954667579994964,12.0,1.0,0.041503968253968
collapsed_equivalence,grouped_physical_interpolation,,blocks_3x3_g6,2028,mlp,photon_geometry,k,12,0.0010317604498944,0.4127041799577738,7.0,0.5833333333333334,0.0001280060450906
collapsed_equivalence,grouped_physical_interpolation,,blocks_3x3_g6,2028,mlp,photon_geometry,wq,12,0.1243358053816642,0.4736602109777684,7.0,0.5833333333333334,0.1043796343157557
collapsed_equivalence,grouped_physical_interpolation,,blocks_3x3_g6,2028,hgb,all_shooting,k,12,0.0006440215838,0.2576086335200278,1.0,0.0833333333333333,0.0003048575530491
collapsed_equivalence,grouped_physical_interpolation,,blocks_3x3_g6,2028,hgb,all_shooting,wq,12,0.0256439461312051,0.0976912233569719,10.0,0.8333333333333334,0.0424943621846334
collapsed_equivalence,grouped_physical_interpolation,,blocks_3x3_g6,2028,random_forest,all_shooting,k,12,0.0007252285879629,0.2900914351851854,0.0,0.0,0.000237931547619
collapsed_equivalence,grouped_physical_interpolation,,blocks_3x3_g6,2028,random_forest,all_shooting,wq,12,0.0258519910163138,0.0984837753002433,9.0,0.75,0.0336376157407407
collapsed_equivalence,grouped_physical_interpolation,,blocks_3x3_g6,2028,mlp,all_shooting,k,12,0.0006717100421884,0.268684016875369,2.0,0.1666666666666666,0.0001209373722928
collapsed_equivalence,grouped_physical_interpolation,,blocks_3x3_g6,2028,mlp,all_shooting,wq,12,0.7616685138162699,2.9015943383476945,5.0,0.4166666666666667,0.007967576285555
collapsed_equivalence,grouped_physical_interpolation,,blocks_3x3_g6,2028,hgb,ringdown_plus_photon_geometry,k,12,0.000315107314352,0.1260429257408226,6.0,0.5,0.0003032734469968
collapsed_equivalence,grouped_physical_interpolation,,blocks_3x3_g6,2028,hgb,ringdown_plus_photon_geometry,wq,12,0.018186584056055,0.0692822249754478,12.0,1.0,0.0496911830415586
collapsed_equivalence,grouped_physical_interpolation,,blocks_3x3_g6,2028,random_forest,ringdown_plus_photon_geometry,k,12,0.000162109375,0.06484375,4.0,0.3333333333333333,0.0001086805555555
collapsed_equivalence,grouped_physical_interpolation,,blocks_3x3_g6,2028,random_forest,ringdown_plus_photon_geometry,wq,12,0.0248857776675486,0.0948029625430424,11.0,0.9166666666666666,0.0406567460317458
collapsed_equivalence,grouped_physical_interpolation,,blocks_3x3_g6,2028,mlp,ringdown_plus_photon_geometry,k,12,0.0002857794647953,0.1143117859181445,4.0,0.3333333333333333,7.188782074155227e-05
collapsed_equivalence,grouped_physical_interpolation,,blocks_3x3_g6,2028,mlp,ringdown_plus_photon_geometry,wq,12,0.1676406393803758,0.6386310071633365,4.0,0.3333333333333333,0.0171105830552252
collapsed_equivalence,grouped_physical_interpolation,,blocks_3x3_g6,2028,hgb,ringdown_plus_all_shooting,k,12,0.0003283009550093,0.1313203820037256,4.0,0.3333333333333333,0.0001769833498478
collapsed_equivalence,grouped_physical_interpolation,,blocks_3x3_g6,2028,hgb,ringdown_plus_all_shooting,wq,12,0.0258981048649919,0.0986594471047313,10.0,0.8333333333333334,0.0418497199611994
collapsed_equivalence,grouped_physical_interpolation,,blocks_3x3_g6,2028,random_forest,ringdown_plus_all_shooting,k,12,0.0001276504629629,0.0510601851851852,4.0,0.3333333333333333,7.57986111111108e-05
collapsed_equivalence,grouped_physical_interpolation,,blocks_3x3_g6,2028,random_forest,ringdown_plus_all_shooting,wq,12,0.0246812293320105,0.0940237307886115,10.0,0.8333333333333334,0.0376931712962961
collapsed_equivalence,grouped_physical_interpolation,,blocks_3x3_g6,2028,mlp,ringdown_plus_all_shooting,k,12,0.0001287939092923,0.051517563716945,7.0,0.5833333333333334,0.0001046130085299
collapsed_equivalence,grouped_physical_interpolation,,blocks_3x3_g6,2028,mlp,ringdown_plus_all_shooting,wq,12,0.2826947806770336,1.076932497817271,6.0,0.5,0.0296937417221723
collapsed_equivalence,grouped_physical_interpolation,,blocks_3x3_g6,2029,hgb,ringdown,k,12,0.0001792963886312,0.0717185554525179,4.0,0.3333333333333333,0.0002097891460186
collapsed_equivalence,grouped_physical_interpolation,,blocks_3x3_g6,2029,hgb,ringdown,wq,12,0.0998070647589671,0.3802173895579702,9.0,0.75,0.1151274453508917
collapsed_equivalence,grouped_physical_interpolation,,blocks_3x3_g6,2029,random_forest,ringdown,k,12,0.0001554918981481,0.0621967592592591,9.0,0.75,0.0002399305555555
collapsed_equivalence,grouped_physical_interpolation,,blocks_3x3_g6,2029,random_forest,ringdown,wq,12,0.0784978822200178,0.2990395513143538,7.0,0.5833333333333334,0.0860898223304473
collapsed_equivalence,grouped_physical_interpolation,,blocks_3x3_g6,2029,mlp,ringdown,k,12,6.978030635333846e-05,0.0279121225413353,7.0,0.5833333333333334,6.770674038898217e-05
collapsed_equivalence,grouped_physical_interpolation,,blocks_3x3_g6,2029,mlp,ringdown,wq,12,0.0150683795517186,0.0574033506732138,4.0,0.3333333333333333,0.0070078790056474
collapsed_equivalence,grouped_physical_interpolation,,blocks_3x3_g6,2029,hgb,photon_geometry,k,12,0.0007085622230435,0.283424889217419,2.0,0.1666666666666666,0.0005608710693809
collapsed_equivalence,grouped_physical_interpolation,,blocks_3x3_g6,2029,hgb,photon_geometry,wq,12,0.0218440202507196,0.0832153152408369,11.0,0.9166666666666666,0.0371641607505047
collapsed_equivalence,grouped_physical_interpolation,,blocks_3x3_g6,2029,random_forest,photon_geometry,k,12,0.0006627835648148,0.265113425925926,2.0,0.1666666666666666,0.0003653149801587
collapsed_equivalence,grouped_physical_interpolation,,blocks_3x3_g6,2029,random_forest,photon_geometry,wq,12,0.0248357583774249,0.0946124128663807,10.0,0.8333333333333334,0.0361941964285719
collapsed_equivalence,grouped_physical_interpolation,,blocks_3x3_g6,2029,mlp,photon_geometry,k,12,0.000789472452723,0.3157889810892173,7.0,0.5833333333333334,0.0002290837255051
collapsed_equivalence,grouped_physical_interpolation,,blocks_3x3_g6,2029,mlp,photon_geometry,wq,12,0.1169063392811242,0.4453574829757113,8.0,0.6666666666666666,0.0389718861479216
collapsed_equivalence,grouped_physical_interpolation,,blocks_3x3_g6,2029,hgb,all_shooting,k,12,0.0006228690209495,0.2491476083798216,1.0,0.0833333333333333,0.0002381450289276
collapsed_equivalence,grouped_physical_interpolation,,blocks_3x3_g6,2029,hgb,all_shooting,wq,12,0.0262224844802501,0.0998951789723814,7.0,0.5833333333333334,0.0256902724009061
collapsed_equivalence,grouped_physical_interpolation,,blocks_3x3_g6,2029,random_forest,all_shooting,k,12,0.0008298480213844,0.3319392085537918,1.0,0.0833333333333333,0.0003405853174603
collapsed_equivalence,grouped_physical_interpolation,,blocks_3x3_g6,2029,random_forest,all_shooting,wq,12,0.0274664062499998,0.104633928571428,9.0,0.75,0.0264942956349206
collapsed_equivalence,grouped_physical_interpolation,,blocks_3x3_g6,2029,mlp,all_shooting,k,12,0.0011976286624848,0.4790514649939358,4.0,0.3333333333333333,0.0001032961983519
collapsed_equivalence,grouped_physical_interpolation,,blocks_3x3_g6,2029,mlp,all_shooting,wq,12,1.023938482874046,3.9007180299963657,6.0,0.5,0.0184722433249077
collapsed_equivalence,grouped_physical_interpolation,,blocks_3x3_g6,2029,hgb,ringdown_plus_photon_geometry,k,12,0.0002978219954475,0.119128798179038,5.0,0.4166666666666667,0.0001962440855238
collapsed_equivalence,grouped_physical_interpolation,,blocks_3x3_g6,2029,hgb,ringdown_plus_photon_geometry,wq,12,0.0191379020709377,0.0729062936035725,9.0,0.75,0.0318628242370789
collapsed_equivalence,grouped_physical_interpolation,,blocks_3x3_g6,2029,random_forest,ringdown_plus_photon_geometry,k,12,0.0001506684027777,0.0602673611111109,12.0,1.0,0.0002364583333333
collapsed_equivalence,grouped_physical_interpolation,,blocks_3x3_g6,2029,random_forest,ringdown_plus_photon_geometry,wq,12,0.0232423859126983,0.0885424225245649,9.0,0.75,0.030128025793651
collapsed_equivalence,grouped_physical_interpolation,,blocks_3x3_g6,2029,mlp,ringdown_plus_photon_geometry,k,12,0.000162096767577,0.0648387070308071,5.0,0.4166666666666667,8.2154394989006e-05
collapsed_equivalence,grouped_physical_interpolation,,blocks_3x3_g6,2029,mlp,ringdown_plus_photon_geometry,wq,12,0.2979161307217678,1.1349185932257824,6.0,0.5,0.0142742085279617
collapsed_equivalence,grouped_physical_interpolation,,blocks_3x3_g6,2029,hgb,ringdown_plus_all_shooting,k,12,0.00029266118385,0.1170644735400334,4.0,0.3333333333333333,0.0002049197434553
collapsed_equivalence,grouped_physical_interpolation,,blocks_3x3_g6,2029,hgb,ringdown_plus_all_shooting,wq,12,0.0270926158601018,0.1032099651813403,7.0,0.5833333333333334,0.0260120330249142
collapsed_equivalence,grouped_physical_interpolation,,blocks_3x3_g6,2029,random_forest,ringdown_plus_all_shooting,k,12,0.0001383688822751,0.0553475529100528,12.0,1.0,0.0002458333333333
collapsed_equivalence,grouped_physical_interpolation,,blocks_3x3_g6,2029,random_forest,ringdown_plus_all_shooting,wq,12,0.0277626060956789,0.1057623089359196,9.0,0.75,0.0270845734126985
collapsed_equivalence,grouped_physical_interpolation,,blocks_3x3_g6,2029,mlp,ringdown_plus_all_shooting,k,12,0.0036551720400411,1.4620688160164437,2.0,0.1666666666666666,0.0001154287293425
collapsed_equivalence,grouped_physical_interpolation,,blocks_3x3_g6,2029,mlp,ringdown_plus_all_shooting,wq,12,0.7792447281223747,2.968551345228094,2.0,0.1666666666666666,0.0106268496776696
collapsed_equivalence,grouped_physical_interpolation,,blocks_3x3_g6,2030,hgb,ringdown,k,12,0.0002183516471584,0.0873406588633936,12.0,1.0,0.0004050549414754
collapsed_equivalence,grouped_physical_interpolation,,blocks_3x3_g6,2030,hgb,ringdown,wq,12,0.0815638845860629,0.3107195603278587,12.0,1.0,0.1177494191256345
collapsed_equivalence,grouped_physical_interpolation,,blocks_3x3_g6,2030,random_forest,ringdown,k,12,0.0001638434193121,0.0655373677248677,8.0,0.6666666666666666,0.0001583531746031
collapsed_equivalence,grouped_physical_interpolation,,blocks_3x3_g6,2030,random_forest,ringdown,wq,12,0.0725010196208112,0.2761943604602334,12.0,1.0,0.1172293154761906
collapsed_equivalence,grouped_physical_interpolation,,blocks_3x3_g6,2030,mlp,ringdown,k,12,6.261566582636383e-05,0.0250462663305455,6.0,0.5,5.878781491098378e-05
collapsed_equivalence,grouped_physical_interpolation,,blocks_3x3_g6,2030,mlp,ringdown,wq,12,0.0207566242763526,0.0790728543861054,9.0,0.75,0.0315999001835958
collapsed_equivalence,grouped_physical_interpolation,,blocks_3x3_g6,2030,hgb,photon_geometry,k,12,0.0006581582206579,0.2632632882631658,7.0,0.5833333333333334,0.0006989979553363
collapsed_equivalence,grouped_physical_interpolation,,blocks_3x3_g6,2030,hgb,photon_geometry,wq,12,0.0203048373874741,0.077351761476092,12.0,1.0,0.037652492230965
collapsed_equivalence,grouped_physical_interpolation,,blocks_3x3_g6,2030,random_forest,photon_geometry,k,12,0.0006499103351316,0.2599641340526756,4.0,0.3333333333333333,0.0005450066137566
collapsed_equivalence,grouped_physical_interpolation,,blocks_3x3_g6,2030,random_forest,photon_geometry,wq,12,0.0238401895943563,0.0908197698832622,7.0,0.5833333333333334,0.028480853174603
collapsed_equivalence,grouped_physical_interpolation,,blocks_3x3_g6,2030,mlp,photon_geometry,k,12,0.0017577190072244,0.7030876028897854,3.0,0.25,4.357496879174605e-05
collapsed_equivalence,grouped_physical_interpolation,,blocks_3x3_g6,2030,mlp,photon_geometry,wq,12,0.2621264450631889,0.9985769335740527,4.0,0.3333333333333333,0.0232423518706085
collapsed_equivalence,grouped_physical_interpolation,,blocks_3x3_g6,2030,hgb,all_shooting,k,12,0.0006008408416121,0.2403363366448669,3.0,0.25,0.0004114819051924
collapsed_equivalence,grouped_physical_interpolation,,blocks_3x3_g6,2030,hgb,all_shooting,wq,12,0.020009854208981,0.0762280160342134,9.0,0.75,0.0318189373594011
collapsed_equivalence,grouped_physical_interpolation,,blocks_3x3_g6,2030,random_forest,all_shooting,k,12,0.0006844634589947,0.2737853835978837,1.0,0.0833333333333333,0.0002712549603174
collapsed_equivalence,grouped_physical_interpolation,,blocks_3x3_g6,2030,random_forest,all_shooting,wq,12,0.0281980709876544,0.1074212228101122,8.0,0.6666666666666666,0.0219255952380952
collapsed_equivalence,grouped_physical_interpolation,,blocks_3x3_g6,2030,mlp,all_shooting,k,12,0.000540034735064,0.2160138940256382,9.0,0.75,0.000182259495892
collapsed_equivalence,grouped_physical_interpolation,,blocks_3x3_g6,2030,mlp,all_shooting,wq,12,0.1289423599540972,0.4912089903013227,8.0,0.6666666666666666,0.0370077282499462
collapsed_equivalence,grouped_physical_interpolation,,blocks_3x3_g6,2030,hgb,ringdown_plus_photon_geometry,k,12,0.0003079755843336,0.1231902337334403,8.0,0.6666666666666666,0.0004019544234632
collapsed_equivalence,grouped_physical_interpolation,,blocks_3x3_g6,2030,hgb,ringdown_plus_photon_geometry,wq,12,0.0183397885836261,0.0698658612709567,10.0,0.8333333333333334,0.0333220701681722
collapsed_equivalence,grouped_physical_interpolation,,blocks_3x3_g6,2030,random_forest,ringdown_plus_photon_geometry,k,12,0.0001660503472222,0.0664201388888889,8.0,0.6666666666666666,0.0001519444444444
collapsed_equivalence,grouped_physical_interpolation,,blocks_3x3_g6,2030,random_forest,ringdown_plus_photon_geometry,wq,12,0.0225887869268077,0.0860525216259344,6.0,0.5,0.0277516865079365
collapsed_equivalence,grouped_physical_interpolation,,blocks_3x3_g6,2030,mlp,ringdown_plus_photon_geometry,k,12,0.0004764011440114,0.1905604576045835,10.0,0.8333333333333334,0.0001530226781007
collapsed_equivalence,grouped_physical_interpolation,,blocks_3x3_g6,2030,mlp,ringdown_plus_photon_geometry,wq,12,0.183658282671465,0.6996506006532003,10.0,0.8333333333333334,0.0677517608026856
collapsed_equivalence,grouped_physical_interpolation,,blocks_3x3_g6,2030,hgb,ringdown_plus_all_shooting,k,12,0.0003471844163532,0.1388737665413192,6.0,0.5,0.0003579712238177
collapsed_equivalence,grouped_physical_interpolation,,blocks_3x3_g6,2030,hgb,ringdown_plus_all_shooting,wq,12,0.0207864677912527,0.079186543966677,9.0,0.75,0.0321591386274892
collapsed_equivalence,grouped_physical_interpolation,,blocks_3x3_g6,2030,random_forest,ringdown_plus_all_shooting,k,12,0.0001703108465608,0.0681243386243385,8.0,0.6666666666666666,0.0001770138888888
collapsed_equivalence,grouped_physical_interpolation,,blocks_3x3_g6,2030,random_forest,ringdown_plus_all_shooting,wq,12,0.0285361496913581,0.1087091416813644,8.0,0.6666666666666666,0.0210252976190478
collapsed_equivalence,grouped_physical_interpolation,,blocks_3x3_g6,2030,mlp,ringdown_plus_all_shooting,k,12,0.0001828873849964,0.0731549539985801,6.0,0.5,8.810836866820636e-05
collapsed_equivalence,grouped_physical_interpolation,,blocks_3x3_g6,2030,mlp,ringdown_plus_all_shooting,wq,12,0.1193747379549402,0.4547609064950106,8.0,0.6666666666666666,0.0570109194501172
collapsed_equivalence,grouped_physical_interpolation,,blocks_3x3_g7,2026,hgb,ringdown,k,12,0.0002008567049308,0.0803426819723341,12.0,1.0,0.0004041573359888
collapsed_equivalence,grouped_physical_interpolation,,blocks_3x3_g7,2026,hgb,ringdown,wq,12,0.0751456252597945,0.2862690486087411,10.0,0.8333333333333334,0.1184886017163963
collapsed_equivalence,grouped_physical_interpolation,,blocks_3x3_g7,2026,random_forest,ringdown,k,12,0.0001127000661375,0.0450800264550263,12.0,1.0,0.0002100942460317
collapsed_equivalence,grouped_physical_interpolation,,blocks_3x3_g7,2026,random_forest,ringdown,wq,12,0.0806507247574959,0.3072408562190322,8.0,0.6666666666666666,0.0962118142206378
collapsed_equivalence,grouped_physical_interpolation,,blocks_3x3_g7,2026,mlp,ringdown,k,12,9.166404816231368e-05,0.0366656192649254,10.0,0.8333333333333334,0.0002037289747713
collapsed_equivalence,grouped_physical_interpolation,,blocks_3x3_g7,2026,mlp,ringdown,wq,12,0.077928990548083,0.2968723449450783,12.0,1.0,0.1471756631861863
collapsed_equivalence,grouped_physical_interpolation,,blocks_3x3_g7,2026,hgb,photon_geometry,k,12,0.0007320155686587,0.2928062274634868,7.0,0.5833333333333334,0.00073051998553
collapsed_equivalence,grouped_physical_interpolation,,blocks_3x3_g7,2026,hgb,photon_geometry,wq,12,0.0311538344181601,0.1186812739739434,11.0,0.9166666666666666,0.0471261090907866
collapsed_equivalence,grouped_physical_interpolation,,blocks_3x3_g7,2026,random_forest,photon_geometry,k,12,0.0007071910511363,0.2828764204545456,2.0,0.1666666666666666,0.0005466145833333
collapsed_equivalence,grouped_physical_interpolation,,blocks_3x3_g7,2026,random_forest,photon_geometry,wq,12,0.0300876873897703,0.1146197614848393,12.0,1.0,0.0451476603835977
collapsed_equivalence,grouped_physical_interpolation,,blocks_3x3_g7,2026,mlp,photon_geometry,k,12,0.0002552244118626,0.1020897647450674,5.0,0.4166666666666667,0.000250288572081
collapsed_equivalence,grouped_physical_interpolation,,blocks_3x3_g7,2026,mlp,photon_geometry,wq,12,0.0416126717698156,0.1585244638850119,12.0,1.0,0.097501844389764
collapsed_equivalence,grouped_physical_interpolation,,blocks_3x3_g7,2026,hgb,all_shooting,k,12,0.0004431367572795,0.177254702911812,8.0,0.6666666666666666,0.0005537243552341
collapsed_equivalence,grouped_physical_interpolation,,blocks_3x3_g7,2026,hgb,all_shooting,wq,12,0.0154310850300333,0.0587850858286984,11.0,0.9166666666666666,0.0281734064637481
collapsed_equivalence,grouped_physical_interpolation,,blocks_3x3_g7,2026,random_forest,all_shooting,k,12,0.0004965749007936,0.1986299603174599,3.0,0.25,0.0003476537698412
collapsed_equivalence,grouped_physical_interpolation,,blocks_3x3_g7,2026,random_forest,all_shooting,wq,12,0.0119530092592595,0.0455352733686079,12.0,1.0,0.0254444444444451
collapsed_equivalence,grouped_physical_interpolation,,blocks_3x3_g7,2026,mlp,all_shooting,k,12,0.0002726577342419,0.1090630936967644,5.0,0.4166666666666667,0.0001686159802908
collapsed_equivalence,grouped_physical_interpolation,,blocks_3x3_g7,2026,mlp,all_shooting,wq,12,0.0057168725435813,0.021778562070786,12.0,1.0,0.0487305962381769
collapsed_equivalence,grouped_physical_interpolation,,blocks_3x3_g7,2026,hgb,ringdown_plus_photon_geometry,k,12,0.0002213509133911,0.0885403653564481,8.0,0.6666666666666666,0.0003221030075238
collapsed_equivalence,grouped_physical_interpolation,,blocks_3x3_g7,2026,hgb,ringdown_plus_photon_geometry,wq,12,0.0232219922233484,0.0884647322794228,11.0,0.9166666666666666,0.0363066163570652
collapsed_equivalence,grouped_physical_interpolation,,blocks_3x3_g7,2026,random_forest,ringdown_plus_photon_geometry,k,12,0.0001095769262566,0.0438307705026455,12.0,1.0,0.0002014657738095
collapsed_equivalence,grouped_physical_interpolation,,blocks_3x3_g7,2026,random_forest,ringdown_plus_photon_geometry,wq,12,0.0291293540564369,0.1109689678340456,12.0,1.0,0.0497249503968258
collapsed_equivalence,grouped_physical_interpolation,,blocks_3x3_g7,2026,mlp,ringdown_plus_photon_geometry,k,12,0.0003074388439395,0.1229755375758235,8.0,0.6666666666666666,0.0003592955781423
collapsed_equivalence,grouped_physical_interpolation,,blocks_3x3_g7,2026,mlp,ringdown_plus_photon_geometry,wq,12,0.0170972377103484,0.0651323341346609,12.0,1.0,0.0587022699812808
collapsed_equivalence,grouped_physical_interpolation,,blocks_3x3_g7,2026,hgb,ringdown_plus_all_shooting,k,12,0.0002153822802013,0.086152912080557,8.0,0.6666666666666666,0.0003484231895014
collapsed_equivalence,grouped_physical_interpolation,,blocks_3x3_g7,2026,hgb,ringdown_plus_all_shooting,wq,12,0.0154310850300333,0.0587850858286984,11.0,0.9166666666666666,0.0281734064637481
collapsed_equivalence,grouped_physical_interpolation,,blocks_3x3_g7,2026,random_forest,ringdown_plus_all_shooting,k,12,0.000109165839947,0.0436663359788359,12.0,1.0,0.0001997643849206
collapsed_equivalence,grouped_physical_interpolation,,blocks_3x3_g7,2026,random_forest,ringdown_plus_all_shooting,wq,12,0.012796635251323,0.0487490866717069,12.0,1.0,0.0260034722222227
collapsed_equivalence,grouped_physical_interpolation,,blocks_3x3_g7,2026,mlp,ringdown_plus_all_shooting,k,12,6.796510637759555e-05,0.0271860425510382,11.0,0.9166666666666666,0.0001441556498568
collapsed_equivalence,grouped_physical_interpolation,,blocks_3x3_g7,2026,mlp,ringdown_plus_all_shooting,wq,12,0.0081575186329889,0.0310762614590054,12.0,1.0,0.0224715921076382
collapsed_equivalence,grouped_physical_interpolation,,blocks_3x3_g7,2027,hgb,ringdown,k,12,0.0002080897691542,0.0832359076616894,6.0,0.5,0.0002465009910961
collapsed_equivalence,grouped_physical_interpolation,,blocks_3x3_g7,2027,hgb,ringdown,wq,12,0.0726600494028033,0.2768001882011556,10.0,0.8333333333333334,0.112588470969844
collapsed_equivalence,grouped_physical_interpolation,,blocks_3x3_g7,2027,random_forest,ringdown,k,12,0.0001260821759259,0.0504328703703703,12.0,1.0,0.0002499999999999
collapsed_equivalence,grouped_physical_interpolation,,blocks_3x3_g7,2027,random_forest,ringdown,wq,12,0.0625533041225752,0.2382983014193341,9.0,0.75,0.088915691137566
collapsed_equivalence,grouped_physical_interpolation,,blocks_3x3_g7,2027,mlp,ringdown,k,12,5.84964632645433e-05,0.0233985853058173,11.0,0.9166666666666666,9.050793851764802e-05
collapsed_equivalence,grouped_physical_interpolation,,blocks_3x3_g7,2027,mlp,ringdown,wq,12,0.0059383580261829,0.0226223162902207,12.0,1.0,0.0206900357553644
collapsed_equivalence,grouped_physical_interpolation,,blocks_3x3_g7,2027,hgb,photon_geometry,k,12,0.000725920709171,0.2903682836684004,5.0,0.4166666666666667,0.0006841810661221
collapsed_equivalence,grouped_physical_interpolation,,blocks_3x3_g7,2027,hgb,photon_geometry,wq,12,0.0360224490961152,0.1372283775090106,10.0,0.8333333333333334,0.0487725347103645
collapsed_equivalence,grouped_physical_interpolation,,blocks_3x3_g7,2027,random_forest,photon_geometry,k,12,0.0006433626818783,0.2573450727513228,6.0,0.5,0.0006465079365079
collapsed_equivalence,grouped_physical_interpolation,,blocks_3x3_g7,2027,random_forest,photon_geometry,wq,12,0.0333028494268074,0.1268679978164094,5.0,0.4166666666666667,0.0339806547619039
collapsed_equivalence,grouped_physical_interpolation,,blocks_3x3_g7,2027,mlp,photon_geometry,k,12,0.000134800676923,0.0539202707692396,9.0,0.75,0.0001911248146575
collapsed_equivalence,grouped_physical_interpolation,,blocks_3x3_g7,2027,mlp,photon_geometry,wq,12,0.0021941923699355,0.0083588280759449,12.0,1.0,0.0217327773689524
collapsed_equivalence,grouped_physical_interpolation,,blocks_3x3_g7,2027,hgb,all_shooting,k,12,0.0003666178603739,0.1466471441495754,7.0,0.5833333333333334,0.0004584581756347
collapsed_equivalence,grouped_physical_interpolation,,blocks_3x3_g7,2027,hgb,all_shooting,wq,12,0.0224588943476501,0.0855576927529529,12.0,1.0,0.0418259779320344
collapsed_equivalence,grouped_physical_interpolation,,blocks_3x3_g7,2027,random_forest,all_shooting,k,12,0.0003991140321869,0.1596456128747794,5.0,0.4166666666666667,0.0003923660714285
collapsed_equivalence,grouped_physical_interpolation,,blocks_3x3_g7,2027,random_forest,all_shooting,wq,12,0.0160507330246913,0.0611456496178719,12.0,1.0,0.0330099206349206
collapsed_equivalence,grouped_physical_interpolation,,blocks_3x3_g7,2027,mlp,all_shooting,k,12,0.0001465055348174,0.0586022139269876,12.0,1.0,0.0004141396725826
collapsed_equivalence,grouped_physical_interpolation,,blocks_3x3_g7,2027,mlp,all_shooting,wq,12,0.0147573118679749,0.0562183309256187,12.0,1.0,0.0693276136682345
collapsed_equivalence,grouped_physical_interpolation,,blocks_3x3_g7,2027,hgb,ringdown_plus_photon_geometry,k,12,0.0001990116310823,0.0796046524329258,6.0,0.5,0.0002074440496605
collapsed_equivalence,grouped_physical_interpolation,,blocks_3x3_g7,2027,hgb,ringdown_plus_photon_geometry,wq,12,0.0230903521002995,0.0879632460963793,12.0,1.0,0.0464247433970796
collapsed_equivalence,grouped_physical_interpolation,,blocks_3x3_g7,2027,random_forest,ringdown_plus_photon_geometry,k,12,0.0001106560019841,0.0442624007936508,12.0,1.0,0.0002499999999999
collapsed_equivalence,grouped_physical_interpolation,,blocks_3x3_g7,2027,random_forest,ringdown_plus_photon_geometry,wq,12,0.0318636381172837,0.1213852880658426,7.0,0.5833333333333334,0.033485119047619
collapsed_equivalence,grouped_physical_interpolation,,blocks_3x3_g7,2027,mlp,ringdown_plus_photon_geometry,k,12,7.654477552998674e-05,0.0306179102119946,9.0,0.75,0.0001082975873506
collapsed_equivalence,grouped_physical_interpolation,,blocks_3x3_g7,2027,mlp,ringdown_plus_photon_geometry,wq,12,0.0203463544298609,0.0775099216375653,12.0,1.0,0.094067216833069
collapsed_equivalence,grouped_physical_interpolation,,blocks_3x3_g7,2027,hgb,ringdown_plus_all_shooting,k,12,0.0001812763447884,0.0725105379153948,7.0,0.5833333333333334,0.0002456434513574
collapsed_equivalence,grouped_physical_interpolation,,blocks_3x3_g7,2027,hgb,ringdown_plus_all_shooting,wq,12,0.0224570316148746,0.0855505966280939,12.0,1.0,0.0419029216960626
collapsed_equivalence,grouped_physical_interpolation,,blocks_3x3_g7,2027,random_forest,ringdown_plus_all_shooting,k,12,0.0001132804232804,0.0453121693121693,12.0,1.0,0.0002520833333333
collapsed_equivalence,grouped_physical_interpolation,,blocks_3x3_g7,2027,random_forest,ringdown_plus_all_shooting,wq,12,0.0155339643959436,0.0591770072226423,12.0,1.0,0.0339208333333334
collapsed_equivalence,grouped_physical_interpolation,,blocks_3x3_g7,2027,mlp,ringdown_plus_all_shooting,k,12,5.8724125573777846e-05,0.0234896502295111,10.0,0.8333333333333334,0.0001208475002961
collapsed_equivalence,grouped_physical_interpolation,,blocks_3x3_g7,2027,mlp,ringdown_plus_all_shooting,wq,12,0.0052708841883688,0.0200795588128337,12.0,1.0,0.0437777221442509
collapsed_equivalence,grouped_physical_interpolation,,blocks_3x3_g7,2028,hgb,ringdown,k,12,0.00022536673295,0.0901466931800267,12.0,1.0,0.0004231855893098
collapsed_equivalence,grouped_physical_interpolation,,blocks_3x3_g7,2028,hgb,ringdown,wq,12,0.083221902960878,0.3170358208033447,12.0,1.0,0.1609773424126674
collapsed_equivalence,grouped_physical_interpolation,,blocks_3x3_g7,2028,random_forest,ringdown,k,12,0.0001171804728835,0.046872189153439,12.0,1.0,0.0003903191137566
collapsed_equivalence,grouped_physical_interpolation,,blocks_3x3_g7,2028,random_forest,ringdown,wq,12,0.0830842748750736,0.3165115233336137,12.0,1.0,0.155294290123457
collapsed_equivalence,grouped_physical_interpolation,,blocks_3x3_g7,2028,mlp,ringdown,k,12,5.893448510473423e-05,0.0235737940418936,12.0,1.0,0.0001325789203176
collapsed_equivalence,grouped_physical_interpolation,,blocks_3x3_g7,2028,mlp,ringdown,wq,12,0.0061060886396567,0.0232612900558352,12.0,1.0,0.0544758902145247
collapsed_equivalence,grouped_physical_interpolation,,blocks_3x3_g7,2028,hgb,photon_geometry,k,12,0.0007293877980237,0.2917551192094992,11.0,0.9166666666666666,0.0010270679058164
collapsed_equivalence,grouped_physical_interpolation,,blocks_3x3_g7,2028,hgb,photon_geometry,wq,12,0.0334453121175297,0.1274107128286849,7.0,0.5833333333333334,0.0413858197424836
collapsed_equivalence,grouped_physical_interpolation,,blocks_3x3_g7,2028,random_forest,photon_geometry,k,12,0.0007159997177225,0.2863998870890317,9.0,0.75,0.0007925892857142
collapsed_equivalence,grouped_physical_interpolation,,blocks_3x3_g7,2028,random_forest,photon_geometry,wq,12,0.0292091931216926,0.1112731166540673,12.0,1.0,0.0560841269841274
collapsed_equivalence,grouped_physical_interpolation,,blocks_3x3_g7,2028,mlp,photon_geometry,k,12,0.0010015787835371,0.4006315134148527,12.0,1.0,0.0016340275593807
collapsed_equivalence,grouped_physical_interpolation,,blocks_3x3_g7,2028,mlp,photon_geometry,wq,12,0.0030445651108983,0.0115983432796127,12.0,1.0,0.0346232176886288
collapsed_equivalence,grouped_physical_interpolation,,blocks_3x3_g7,2028,hgb,all_shooting,k,12,0.0005354612899215,0.2141845159686154,8.0,0.6666666666666666,0.0007008839746928
collapsed_equivalence,grouped_physical_interpolation,,blocks_3x3_g7,2028,hgb,all_shooting,wq,12,0.0189911980639207,0.0723474211958884,12.0,1.0,0.0394734185342695
collapsed_equivalence,grouped_physical_interpolation,,blocks_3x3_g7,2028,random_forest,all_shooting,k,12,0.000480629409171,0.19225176366843,6.0,0.5,0.0004656712962962
collapsed_equivalence,grouped_physical_interpolation,,blocks_3x3_g7,2028,random_forest,all_shooting,wq,12,0.012420535714286,0.0473163265306135,12.0,1.0,0.0270927083333341
collapsed_equivalence,grouped_physical_interpolation,,blocks_3x3_g7,2028,mlp,all_shooting,k,12,7.531780871426217e-05,0.0301271234857048,11.0,0.9166666666666666,0.0001812203613989
collapsed_equivalence,grouped_physical_interpolation,,blocks_3x3_g7,2028,mlp,all_shooting,wq,12,0.0123852484970209,0.0471818990362704,12.0,1.0,0.0371698061461932
collapsed_equivalence,grouped_physical_interpolation,,blocks_3x3_g7,2028,hgb,ringdown_plus_photon_geometry,k,12,0.0002700616742263,0.1080246696905474,9.0,0.75,0.0005202180029574
collapsed_equivalence,grouped_physical_interpolation,,blocks_3x3_g7,2028,hgb,ringdown_plus_photon_geometry,wq,12,0.0205543804794941,0.0783024018266442,11.0,0.9166666666666666,0.0362995277769032
collapsed_equivalence,grouped_physical_interpolation,,blocks_3x3_g7,2028,random_forest,ringdown_plus_photon_geometry,k,12,0.0001109899966931,0.0443959986772486,12.0,1.0,0.0003296941137566
collapsed_equivalence,grouped_physical_interpolation,,blocks_3x3_g7,2028,random_forest,ringdown_plus_photon_geometry,wq,12,0.0281017333553787,0.1070542223062049,12.0,1.0,0.0525212301587306
collapsed_equivalence,grouped_physical_interpolation,,blocks_3x3_g7,2028,mlp,ringdown_plus_photon_geometry,k,12,0.0001356164165676,0.0542465666270559,8.0,0.6666666666666666,0.000173122199514
collapsed_equivalence,grouped_physical_interpolation,,blocks_3x3_g7,2028,mlp,ringdown_plus_photon_geometry,wq,12,0.0105794054532963,0.0403024969649385,12.0,1.0,0.0399797903762947
collapsed_equivalence,grouped_physical_interpolation,,blocks_3x3_g7,2028,hgb,ringdown_plus_all_shooting,k,12,0.0002731550048431,0.1092620019372662,9.0,0.75,0.000470658288402
collapsed_equivalence,grouped_physical_interpolation,,blocks_3x3_g7,2028,hgb,ringdown_plus_all_shooting,wq,12,0.0186943602992075,0.0712166106636478,12.0,1.0,0.038954741765919
collapsed_equivalence,grouped_physical_interpolation,,blocks_3x3_g7,2028,random_forest,ringdown_plus_all_shooting,k,12,0.0001067617394179,0.0427046957671958,12.0,1.0,0.0003204431216931
collapsed_equivalence,grouped_physical_interpolation,,blocks_3x3_g7,2028,random_forest,ringdown_plus_all_shooting,wq,12,0.0127450066137568,0.0485524061476453,12.0,1.0,0.0271488591269847
collapsed_equivalence,grouped_physical_interpolation,,blocks_3x3_g7,2028,mlp,ringdown_plus_all_shooting,k,12,0.0001011989575726,0.0404795830290664,12.0,1.0,0.0002017237080015
collapsed_equivalence,grouped_physical_interpolation,,blocks_3x3_g7,2028,mlp,ringdown_plus_all_shooting,wq,12,0.0062180315615753,0.0236877392821918,12.0,1.0,0.0564967248006482
collapsed_equivalence,grouped_physical_interpolation,,blocks_3x3_g7,2029,hgb,ringdown,k,12,0.0002071736182857,0.08286944731429,12.0,1.0,0.0003784791451428
collapsed_equivalence,grouped_physical_interpolation,,blocks_3x3_g7,2029,hgb,ringdown,wq,12,0.0750767744006926,0.2860067596216863,12.0,1.0,0.1693858691998152
collapsed_equivalence,grouped_physical_interpolation,,blocks_3x3_g7,2029,random_forest,ringdown,k,12,0.00010138661541,0.040554646164021,12.0,1.0,0.0002270188492063
collapsed_equivalence,grouped_physical_interpolation,,blocks_3x3_g7,2029,random_forest,ringdown,wq,12,0.0719386247979131,0.27405190399205,11.0,0.9166666666666666,0.1198287202380949
collapsed_equivalence,grouped_physical_interpolation,,blocks_3x3_g7,2029,mlp,ringdown,k,12,1.7430882553363572e-05,0.0069723530213454,12.0,1.0,5.508601824901144e-05
collapsed_equivalence,grouped_physical_interpolation,,blocks_3x3_g7,2029,mlp,ringdown,wq,12,0.04896634364784,0.1865384519917716,12.0,1.0,0.194261118344491
collapsed_equivalence,grouped_physical_interpolation,,blocks_3x3_g7,2029,hgb,photon_geometry,k,12,0.0006858576077281,0.274343043091279,8.0,0.6666666666666666,0.0007612877235876
collapsed_equivalence,grouped_physical_interpolation,,blocks_3x3_g7,2029,hgb,photon_geometry,wq,12,0.035829679634796,0.1364940176563658,7.0,0.5833333333333334,0.0383766175361033
collapsed_equivalence,grouped_physical_interpolation,,blocks_3x3_g7,2029,random_forest,photon_geometry,k,12,0.0006765616732804,0.2706246693121693,7.0,0.5833333333333334,0.0007166964285714
collapsed_equivalence,grouped_physical_interpolation,,blocks_3x3_g7,2029,random_forest,photon_geometry,wq,12,0.0311560626102289,0.1186897623246816,12.0,1.0,0.0551093253968256
collapsed_equivalence,grouped_physical_interpolation,,blocks_3x3_g7,2029,mlp,photon_geometry,k,12,0.0002632481841899,0.1052992736759745,10.0,0.8333333333333334,0.0004168089767182
collapsed_equivalence,grouped_physical_interpolation,,blocks_3x3_g7,2029,mlp,photon_geometry,wq,12,0.0039420183043497,0.0150172125879991,12.0,1.0,0.0562044362981726
collapsed_equivalence,grouped_physical_interpolation,,blocks_3x3_g7,2029,hgb,all_shooting,k,12,0.0004517598024169,0.1807039209667842,8.0,0.6666666666666666,0.0005565317707234
collapsed_equivalence,grouped_physical_interpolation,,blocks_3x3_g7,2029,hgb,all_shooting,wq,12,0.0184718790491366,0.0703690630443302,12.0,1.0,0.0351358043002963
collapsed_equivalence,grouped_physical_interpolation,,blocks_3x3_g7,2029,random_forest,all_shooting,k,12,0.0004451259369488,0.1780503747795414,6.0,0.5,0.0004552976190476
collapsed_equivalence,grouped_physical_interpolation,,blocks_3x3_g7,2029,random_forest,all_shooting,wq,12,0.0151544436177251,0.05773121378181,6.0,0.5,0.019084722222223
collapsed_equivalence,grouped_physical_interpolation,,blocks_3x3_g7,2029,mlp,all_shooting,k,12,0.0001591779468642,0.0636711787457083,10.0,0.8333333333333334,0.0002548930028418
collapsed_equivalence,grouped_physical_interpolation,,blocks_3x3_g7,2029,mlp,all_shooting,wq,12,0.0209376813483684,0.0797625956128323,12.0,1.0,0.0826133924965921
collapsed_equivalence,grouped_physical_interpolation,,blocks_3x3_g7,2029,hgb,ringdown_plus_photon_geometry,k,12,0.0002424207219683,0.0969682887873507,11.0,0.9166666666666666,0.0004985756829703
collapsed_equivalence,grouped_physical_interpolation,,blocks_3x3_g7,2029,hgb,ringdown_plus_photon_geometry,wq,12,0.0234274234955753,0.0892473276021917,11.0,0.9166666666666666,0.038370701189916
collapsed_equivalence,grouped_physical_interpolation,,blocks_3x3_g7,2029,random_forest,ringdown_plus_photon_geometry,k,12,9.662326388888884e-05,0.0386493055555555,10.0,0.8333333333333334,0.0001771726190476
collapsed_equivalence,grouped_physical_interpolation,,blocks_3x3_g7,2029,random_forest,ringdown_plus_photon_geometry,wq,12,0.0302559634038797,0.1152608129671608,12.0,1.0,0.0543204695767198
collapsed_equivalence,grouped_physical_interpolation,,blocks_3x3_g7,2029,mlp,ringdown_plus_photon_geometry,k,12,0.0002522685907743,0.1009074363097486,5.0,0.4166666666666667,0.0002354094782558
collapsed_equivalence,grouped_physical_interpolation,,blocks_3x3_g7,2029,mlp,ringdown_plus_photon_geometry,wq,12,0.0145079732622326,0.0552684695704099,12.0,1.0,0.0590299196086642
collapsed_equivalence,grouped_physical_interpolation,,blocks_3x3_g7,2029,hgb,ringdown_plus_all_shooting,k,12,0.0002505102307678,0.1002040923071229,9.0,0.75,0.0004415686619028
collapsed_equivalence,grouped_physical_interpolation,,blocks_3x3_g7,2029,hgb,ringdown_plus_all_shooting,wq,12,0.0184469540636478,0.0702741107186583,12.0,1.0,0.0350875987247598
collapsed_equivalence,grouped_physical_interpolation,,blocks_3x3_g7,2029,random_forest,ringdown_plus_all_shooting,k,12,9.986111111111124e-05,0.0399444444444444,11.0,0.9166666666666666,0.0001963194444444
collapsed_equivalence,grouped_physical_interpolation,,blocks_3x3_g7,2029,random_forest,ringdown_plus_all_shooting,wq,12,0.0150600239748679,0.0573715199042589,6.0,0.5,0.0183252314814822
collapsed_equivalence,grouped_physical_interpolation,,blocks_3x3_g7,2029,mlp,ringdown_plus_all_shooting,k,12,0.0001876115325939,0.0750446130375608,7.0,0.5833333333333334,0.0001997435002959
collapsed_equivalence,grouped_physical_interpolation,,blocks_3x3_g7,2029,mlp,ringdown_plus_all_shooting,wq,12,0.006067160543737,0.0231129925475698,12.0,1.0,0.0546867049405009
collapsed_equivalence,grouped_physical_interpolation,,blocks_3x3_g7,2030,hgb,ringdown,k,12,0.0001943630414883,0.0777452165953457,12.0,1.0,0.000378798281916
collapsed_equivalence,grouped_physical_interpolation,,blocks_3x3_g7,2030,hgb,ringdown,wq,12,0.0749371075838009,0.285474695557337,8.0,0.6666666666666666,0.0966524046512082
collapsed_equivalence,grouped_physical_interpolation,,blocks_3x3_g7,2030,random_forest,ringdown,k,12,0.0001060214809303,0.0424085923721339,11.0,0.9166666666666666,0.0001735069444444
collapsed_equivalence,grouped_physical_interpolation,,blocks_3x3_g7,2030,random_forest,ringdown,wq,12,0.0613361905680483,0.2336616783544698,9.0,0.75,0.0830045800264553
collapsed_equivalence,grouped_physical_interpolation,,blocks_3x3_g7,2030,mlp,ringdown,k,12,0.0003319666642324,0.1327866656929964,9.0,0.75,0.0004132558669979
collapsed_equivalence,grouped_physical_interpolation,,blocks_3x3_g7,2030,mlp,ringdown,wq,12,0.0035066413898967,0.0133586338662733,12.0,1.0,0.0282321023730646
collapsed_equivalence,grouped_physical_interpolation,,blocks_3x3_g7,2030,hgb,photon_geometry,k,12,0.0007149009411587,0.285960376463482,2.0,0.1666666666666666,0.0005305002774611
collapsed_equivalence,grouped_physical_interpolation,,blocks_3x3_g7,2030,hgb,photon_geometry,wq,12,0.0374205590901949,0.1425545108197901,12.0,1.0,0.0545619964374642
collapsed_equivalence,grouped_physical_interpolation,,blocks_3x3_g7,2030,random_forest,photon_geometry,k,12,0.0007269266699735,0.2907706679894181,1.0,0.0833333333333333,0.0004284548611111
collapsed_equivalence,grouped_physical_interpolation,,blocks_3x3_g7,2030,random_forest,photon_geometry,wq,12,0.0351907600308639,0.1340600382128152,4.0,0.3333333333333333,0.0346871031746026
collapsed_equivalence,grouped_physical_interpolation,,blocks_3x3_g7,2030,mlp,photon_geometry,k,12,0.0002085347596221,0.0834139038488417,9.0,0.75,0.0003192310725941
collapsed_equivalence,grouped_physical_interpolation,,blocks_3x3_g7,2030,mlp,photon_geometry,wq,12,0.0060630334167201,0.0230972701589339,12.0,1.0,0.0416044876596294
collapsed_equivalence,grouped_physical_interpolation,,blocks_3x3_g7,2030,hgb,all_shooting,k,12,0.0003993398933987,0.1597359573594949,9.0,0.75,0.0005304294807038
collapsed_equivalence,grouped_physical_interpolation,,blocks_3x3_g7,2030,hgb,all_shooting,wq,12,0.0204065306173934,0.0777391642567369,12.0,1.0,0.0354777980074705
collapsed_equivalence,grouped_physical_interpolation,,blocks_3x3_g7,2030,random_forest,all_shooting,k,12,0.0004491877480158,0.1796750992063489,2.0,0.1666666666666666,0.0002435168650793
collapsed_equivalence,grouped_physical_interpolation,,blocks_3x3_g7,2030,random_forest,all_shooting,wq,12,0.0109759093915344,0.0418129881582264,6.0,0.5,0.0126059027777779
collapsed_equivalence,grouped_physical_interpolation,,blocks_3x3_g7,2030,mlp,all_shooting,k,12,5.902216773521866e-05,0.0236088670940874,8.0,0.6666666666666666,6.87765700147214e-05
collapsed_equivalence,grouped_physical_interpolation,,blocks_3x3_g7,2030,mlp,all_shooting,wq,12,0.0220932433572877,0.0841647365991914,12.0,1.0,0.0618723028079609
collapsed_equivalence,grouped_physical_interpolation,,blocks_3x3_g7,2030,hgb,ringdown_plus_photon_geometry,k,12,0.0002074788188957,0.0829915275582834,10.0,0.8333333333333334,0.0003703600245143
collapsed_equivalence,grouped_physical_interpolation,,blocks_3x3_g7,2030,hgb,ringdown_plus_photon_geometry,wq,12,0.025404069118674,0.0967774061663774,12.0,1.0,0.0555052428397047
collapsed_equivalence,grouped_physical_interpolation,,blocks_3x3_g7,2030,random_forest,ringdown_plus_photon_geometry,k,12,0.0001020796130952,0.0408318452380951,12.0,1.0,0.0001710763888888
collapsed_equivalence,grouped_physical_interpolation,,blocks_3x3_g7,2030,random_forest,ringdown_plus_photon_geometry,wq,12,0.0343209697420633,0.1307465513983364,4.0,0.3333333333333333,0.0337424603174599
collapsed_equivalence,grouped_physical_interpolation,,blocks_3x3_g7,2030,mlp,ringdown_plus_photon_geometry,k,12,0.0002075061485581,0.0830024594232665,1.0,0.0833333333333333,7.125905489575022e-05
collapsed_equivalence,grouped_physical_interpolation,,blocks_3x3_g7,2030,mlp,ringdown_plus_photon_geometry,wq,12,0.0078488286111154,0.029900299470916,12.0,1.0,0.0518240390661894
collapsed_equivalence,grouped_physical_interpolation,,blocks_3x3_g7,2030,hgb,ringdown_plus_all_shooting,k,12,0.0001868537496357,0.0747414998543116,11.0,0.9166666666666666,0.0003232381543026
collapsed_equivalence,grouped_physical_interpolation,,blocks_3x3_g7,2030,hgb,ringdown_plus_all_shooting,wq,12,0.0201896559175895,0.0769129749241505,12.0,1.0,0.0355723421472833
collapsed_equivalence,grouped_physical_interpolation,,blocks_3x3_g7,2030,random_forest,ringdown_plus_all_shooting,k,12,0.0001015066964285,0.0406026785714285,11.0,0.9166666666666666,0.0001629464285714
collapsed_equivalence,grouped_physical_interpolation,,blocks_3x3_g7,2030,random_forest,ringdown_plus_all_shooting,wq,12,0.0113083746693122,0.0430795225497607,7.0,0.5833333333333334,0.0132204861111111
collapsed_equivalence,grouped_physical_interpolation,,blocks_3x3_g7,2030,mlp,ringdown_plus_all_shooting,k,12,0.0002894840859379,0.1157936343751927,2.0,0.1666666666666666,0.0001108202270665
collapsed_equivalence,grouped_physical_interpolation,,blocks_3x3_g7,2030,mlp,ringdown_plus_all_shooting,wq,12,0.0126626994385463,0.0482388550039859,11.0,0.9166666666666666,0.0382166018357698
collapsed_equivalence,grouped_physical_interpolation,,blocks_3x3_g8,2026,hgb,ringdown,k,9,0.0002543501980426,0.1017400792170664,5.0,0.5555555555555556,0.0002648491062986
collapsed_equivalence,grouped_physical_interpolation,,blocks_3x3_g8,2026,hgb,ringdown,wq,9,0.0797008127636188,0.303622143861405,8.0,0.8888888888888888,0.0969218690263898
collapsed_equivalence,grouped_physical_interpolation,,blocks_3x3_g8,2026,random_forest,ringdown,k,9,0.0002791752094356,0.1116700837742501,0.0,0.0,0.0001825347222222
collapsed_equivalence,grouped_physical_interpolation,,blocks_3x3_g8,2026,random_forest,ringdown,wq,9,0.0718588603066308,0.2737480392633555,2.0,0.2222222222222222,0.0646584656084657
collapsed_equivalence,grouped_physical_interpolation,,blocks_3x3_g8,2026,mlp,ringdown,k,9,0.00026711844211,0.1068473768440297,0.0,0.0,9.883618586593109e-05
collapsed_equivalence,grouped_physical_interpolation,,blocks_3x3_g8,2026,mlp,ringdown,wq,9,0.021643164943106,0.0824501521642135,9.0,1.0,0.0403337555169045
collapsed_equivalence,grouped_physical_interpolation,,blocks_3x3_g8,2026,hgb,photon_geometry,k,9,0.0004733373213555,0.1893349285422196,4.0,0.4444444444444444,0.000470761761575
collapsed_equivalence,grouped_physical_interpolation,,blocks_3x3_g8,2026,hgb,photon_geometry,wq,9,0.0143705600094355,0.0547449905121353,9.0,1.0,0.0322718831380602
collapsed_equivalence,grouped_physical_interpolation,,blocks_3x3_g8,2026,random_forest,photon_geometry,k,9,0.0005963128690028,0.2385251476011278,2.0,0.2222222222222222,0.0004327686838624
collapsed_equivalence,grouped_physical_interpolation,,blocks_3x3_g8,2026,random_forest,photon_geometry,wq,9,0.0175128141534393,0.0667154824892927,9.0,1.0,0.0303475115740742
collapsed_equivalence,grouped_physical_interpolation,,blocks_3x3_g8,2026,mlp,photon_geometry,k,9,0.0002119929500276,0.0847971800110791,2.0,0.2222222222222222,0.000124513818849
collapsed_equivalence,grouped_physical_interpolation,,blocks_3x3_g8,2026,mlp,photon_geometry,wq,9,0.0550237411072244,0.2096142518370455,9.0,1.0,0.0851805482354581
collapsed_equivalence,grouped_physical_interpolation,,blocks_3x3_g8,2026,hgb,all_shooting,k,9,0.0005461619412502,0.2184647765000932,3.0,0.3333333333333333,0.0003905439611274
collapsed_equivalence,grouped_physical_interpolation,,blocks_3x3_g8,2026,hgb,all_shooting,wq,9,0.0184293874340543,0.0702071902249688,8.0,0.8888888888888888,0.0277814829581113
collapsed_equivalence,grouped_physical_interpolation,,blocks_3x3_g8,2026,random_forest,all_shooting,k,9,0.000512123015873,0.2048492063492063,3.0,0.3333333333333333,0.0003220138888888
collapsed_equivalence,grouped_physical_interpolation,,blocks_3x3_g8,2026,random_forest,all_shooting,wq,9,0.016122299382716,0.0614182833627279,5.0,0.5555555555555556,0.0221810515873008
collapsed_equivalence,grouped_physical_interpolation,,blocks_3x3_g8,2026,mlp,all_shooting,k,9,0.0002308602964609,0.0923441185843763,1.0,0.1111111111111111,7.603911826812736e-05
collapsed_equivalence,grouped_physical_interpolation,,blocks_3x3_g8,2026,mlp,all_shooting,wq,9,0.001299809255693,0.004951654307402,9.0,1.0,0.0096278973343749
collapsed_equivalence,grouped_physical_interpolation,,blocks_3x3_g8,2026,hgb,ringdown_plus_photon_geometry,k,9,0.0002265083626007,0.0906033450402901,6.0,0.6666666666666666,0.000296275406822
collapsed_equivalence,grouped_physical_interpolation,,blocks_3x3_g8,2026,hgb,ringdown_plus_photon_geometry,wq,9,0.0122584478305123,0.0466988488781423,9.0,1.0,0.0279377310080592
collapsed_equivalence,grouped_physical_interpolation,,blocks_3x3_g8,2026,random_forest,ringdown_plus_photon_geometry,k,9,0.0002735339506172,0.1094135802469131,1.0,0.1111111111111111,0.0001789930555555
collapsed_equivalence,grouped_physical_interpolation,,blocks_3x3_g8,2026,random_forest,ringdown_plus_photon_geometry,wq,9,0.0172899856701941,0.0658666120769302,9.0,1.0,0.0296897982804237
collapsed_equivalence,grouped_physical_interpolation,,blocks_3x3_g8,2026,mlp,ringdown_plus_photon_geometry,k,9,0.0001203265810106,0.0481306324042751,2.0,0.2222222222222222,7.092416957982738e-05
collapsed_equivalence,grouped_physical_interpolation,,blocks_3x3_g8,2026,mlp,ringdown_plus_photon_geometry,wq,9,0.0057447230093629,0.0218846590832873,9.0,1.0,0.0340046283421455
collapsed_equivalence,grouped_physical_interpolation,,blocks_3x3_g8,2026,hgb,ringdown_plus_all_shooting,k,9,0.000236177922008,0.0944711688032066,4.0,0.4444444444444444,0.0002043044543818
collapsed_equivalence,grouped_physical_interpolation,,blocks_3x3_g8,2026,hgb,ringdown_plus_all_shooting,wq,9,0.0175194802588259,0.0667408771764797,9.0,1.0,0.0278665062080241
collapsed_equivalence,grouped_physical_interpolation,,blocks_3x3_g8,2026,random_forest,ringdown_plus_all_shooting,k,9,0.0002767361111111,0.110694444444444,1.0,0.1111111111111111,0.0001821180555555
collapsed_equivalence,grouped_physical_interpolation,,blocks_3x3_g8,2026,random_forest,ringdown_plus_all_shooting,wq,9,0.0163618827160494,0.0623309817754264,5.0,0.5555555555555556,0.0224588293650785
collapsed_equivalence,grouped_physical_interpolation,,blocks_3x3_g8,2026,mlp,ringdown_plus_all_shooting,k,9,0.0002117417039594,0.0846966815837746,5.0,0.5555555555555556,0.0002076072483023
collapsed_equivalence,grouped_physical_interpolation,,blocks_3x3_g8,2026,mlp,ringdown_plus_all_shooting,wq,9,0.0028237096012981,0.0107569889573262,9.0,1.0,0.0091762922582853
collapsed_equivalence,grouped_physical_interpolation,,blocks_3x3_g8,2027,hgb,ringdown,k,9,0.0002451934633357,0.0980773853343036,4.0,0.4444444444444444,0.000263922418431
collapsed_equivalence,grouped_physical_interpolation,,blocks_3x3_g8,2027,hgb,ringdown,wq,9,0.0676362653687888,0.2576619633096716,9.0,1.0,0.1150849432490225
collapsed_equivalence,grouped_physical_interpolation,,blocks_3x3_g8,2027,random_forest,ringdown,k,9,0.0002668479938271,0.1067391975308638,0.0,0.0,0.0001311805555555
collapsed_equivalence,grouped_physical_interpolation,,blocks_3x3_g8,2027,random_forest,ringdown,wq,9,0.0705231242651381,0.2686595210100498,7.0,0.7777777777777778,0.0918950727513226
collapsed_equivalence,grouped_physical_interpolation,,blocks_3x3_g8,2027,mlp,ringdown,k,9,0.0001003428823502,0.040137152940092,3.0,0.3333333333333333,7.381580788278549e-05
collapsed_equivalence,grouped_physical_interpolation,,blocks_3x3_g8,2027,mlp,ringdown,wq,9,0.0141038739522534,0.0537290436276321,9.0,1.0,0.0614993300790531
collapsed_equivalence,grouped_physical_interpolation,,blocks_3x3_g8,2027,hgb,photon_geometry,k,9,0.000476870708057,0.1907482832228027,9.0,1.0,0.0007903182765001
collapsed_equivalence,grouped_physical_interpolation,,blocks_3x3_g8,2027,hgb,photon_geometry,wq,9,0.0139397710738146,0.0531038898050082,9.0,1.0,0.0449824668191314
collapsed_equivalence,grouped_physical_interpolation,,blocks_3x3_g8,2027,random_forest,photon_geometry,k,9,0.0005691366792929,0.2276546717171716,3.0,0.3333333333333333,0.0005111259920634
collapsed_equivalence,grouped_physical_interpolation,,blocks_3x3_g8,2027,random_forest,photon_geometry,wq,9,0.0167430555555556,0.0637830687830692,9.0,1.0,0.0646721726190479
collapsed_equivalence,grouped_physical_interpolation,,blocks_3x3_g8,2027,mlp,photon_geometry,k,9,0.0002510596570739,0.1004238628295979,1.0,0.1111111111111111,8.047703240347771e-05
collapsed_equivalence,grouped_physical_interpolation,,blocks_3x3_g8,2027,mlp,photon_geometry,wq,9,0.0109008804761025,0.0415271637184858,9.0,1.0,0.0251707053103915
collapsed_equivalence,grouped_physical_interpolation,,blocks_3x3_g8,2027,hgb,all_shooting,k,9,0.0005773439677272,0.230937587090902,1.0,0.1111111111111111,0.0003798634968217
collapsed_equivalence,grouped_physical_interpolation,,blocks_3x3_g8,2027,hgb,all_shooting,wq,9,0.0205524848253793,0.0782951802871595,5.0,0.5555555555555556,0.0211448671592315
collapsed_equivalence,grouped_physical_interpolation,,blocks_3x3_g8,2027,random_forest,all_shooting,k,9,0.0004952248677248,0.1980899470899468,1.0,0.1111111111111111,0.0002954067460317
collapsed_equivalence,grouped_physical_interpolation,,blocks_3x3_g8,2027,random_forest,all_shooting,wq,9,0.0168248456790123,0.0640946502057613,4.0,0.4444444444444444,0.0211194113756615
collapsed_equivalence,grouped_physical_interpolation,,blocks_3x3_g8,2027,mlp,all_shooting,k,9,0.000236649907586,0.0946599630344,2.0,0.2222222222222222,9.750191641697512e-05
collapsed_equivalence,grouped_physical_interpolation,,blocks_3x3_g8,2027,mlp,all_shooting,wq,9,0.0125804395903162,0.0479254841535857,9.0,1.0,0.0780206396194117
collapsed_equivalence,grouped_physical_interpolation,,blocks_3x3_g8,2027,hgb,ringdown_plus_photon_geometry,k,9,0.0002046798671652,0.0818719468660896,6.0,0.6666666666666666,0.0002701711116513
collapsed_equivalence,grouped_physical_interpolation,,blocks_3x3_g8,2027,hgb,ringdown_plus_photon_geometry,wq,9,0.0120902228958855,0.046057991984326,9.0,1.0,0.0417056861755699
collapsed_equivalence,grouped_physical_interpolation,,blocks_3x3_g8,2027,random_forest,ringdown_plus_photon_geometry,k,9,0.0002672800925925,0.1069120370370367,0.0,0.0,0.0001319444444444
collapsed_equivalence,grouped_physical_interpolation,,blocks_3x3_g8,2027,random_forest,ringdown_plus_photon_geometry,wq,9,0.0162504684744269,0.0619065465692454,9.0,1.0,0.0613099867724871
collapsed_equivalence,grouped_physical_interpolation,,blocks_3x3_g8,2027,mlp,ringdown_plus_photon_geometry,k,9,0.0001536302402771,0.0614520961108701,1.0,0.1111111111111111,8.895414978504269e-05
collapsed_equivalence,grouped_physical_interpolation,,blocks_3x3_g8,2027,mlp,ringdown_plus_photon_geometry,wq,9,0.0035251585302201,0.0134291753532196,9.0,1.0,0.0288481680879212
collapsed_equivalence,grouped_physical_interpolation,,blocks_3x3_g8,2027,hgb,ringdown_plus_all_shooting,k,9,0.0002297758239555,0.091910329582236,6.0,0.6666666666666666,0.0002716417212913
collapsed_equivalence,grouped_physical_interpolation,,blocks_3x3_g8,2027,hgb,ringdown_plus_all_shooting,wq,9,0.0204084098498593,0.0777463232375595,6.0,0.6666666666666666,0.0224399116265119
collapsed_equivalence,grouped_physical_interpolation,,blocks_3x3_g8,2027,random_forest,ringdown_plus_all_shooting,k,9,0.0002596180555555,0.1038472222222219,0.0,0.0,0.0001298611111111
collapsed_equivalence,grouped_physical_interpolation,,blocks_3x3_g8,2027,random_forest,ringdown_plus_all_shooting,wq,9,0.0165679012345679,0.0631158142269255,5.0,0.5555555555555556,0.0216119708994712
collapsed_equivalence,grouped_physical_interpolation,,blocks_3x3_g8,2027,mlp,ringdown_plus_all_shooting,k,9,0.0001524774616834,0.0609909846733682,4.0,0.4444444444444444,0.0001202741506118
collapsed_equivalence,grouped_physical_interpolation,,blocks_3x3_g8,2027,mlp,ringdown_plus_all_shooting,wq,9,0.0048243708754705,0.0183785557160783,9.0,1.0,0.0253165431130679
collapsed_equivalence,grouped_physical_interpolation,,blocks_3x3_g8,2028,hgb,ringdown,k,9,0.0001937223571489,0.0774889428595758,9.0,1.0,0.0004593975988684
collapsed_equivalence,grouped_physical_interpolation,,blocks_3x3_g8,2028,hgb,ringdown,wq,9,0.082160869827366,0.3129937898185373,7.0,0.7777777777777778,0.1058332242827405
collapsed_equivalence,grouped_physical_interpolation,,blocks_3x3_g8,2028,random_forest,ringdown,k,9,0.0002732490079365,0.1092996031746028,0.0,0.0,0.0002468749999999
collapsed_equivalence,grouped_physical_interpolation,,blocks_3x3_g8,2028,random_forest,ringdown,wq,9,0.0788901620370366,0.3005339506172824,0.0,0.0,0.0484336309523806
collapsed_equivalence,grouped_physical_interpolation,,blocks_3x3_g8,2028,mlp,ringdown,k,9,0.0001851550813816,0.0740620325526539,2.0,0.2222222222222222,0.000104340341531
collapsed_equivalence,grouped_physical_interpolation,,blocks_3x3_g8,2028,mlp,ringdown,wq,9,0.0265300313980921,0.1010667862784461,0.0,0.0,0.0070859395672081
collapsed_equivalence,grouped_physical_interpolation,,blocks_3x3_g8,2028,hgb,photon_geometry,k,9,0.0005863469478448,0.2345387791379445,5.0,0.5555555555555556,0.0006399727449738
collapsed_equivalence,grouped_physical_interpolation,,blocks_3x3_g8,2028,hgb,photon_geometry,wq,9,0.01915520742054,0.0729722187449143,9.0,1.0,0.0437386524161582
collapsed_equivalence,grouped_physical_interpolation,,blocks_3x3_g8,2028,random_forest,photon_geometry,k,9,0.0006584212996365,0.2633685198546307,2.0,0.2222222222222222,0.0004896031746031
collapsed_equivalence,grouped_physical_interpolation,,blocks_3x3_g8,2028,random_forest,photon_geometry,wq,9,0.0192481426366845,0.0733262576635601,6.0,0.6666666666666666,0.0270228174603169
collapsed_equivalence,grouped_physical_interpolation,,blocks_3x3_g8,2028,mlp,photon_geometry,k,9,0.0002914413951562,0.1165765580624836,2.0,0.2222222222222222,0.0001697155980796
collapsed_equivalence,grouped_physical_interpolation,,blocks_3x3_g8,2028,mlp,photon_geometry,wq,9,0.0050973141006076,0.0194183394308863,7.0,0.7777777777777778,0.0104565984173011
collapsed_equivalence,grouped_physical_interpolation,,blocks_3x3_g8,2028,hgb,all_shooting,k,9,0.0006302199457111,0.2520879782844445,3.0,0.3333333333333333,0.0004920619806114
collapsed_equivalence,grouped_physical_interpolation,,blocks_3x3_g8,2028,hgb,all_shooting,wq,9,0.0198512738988861,0.0756239005671854,9.0,1.0,0.0364872489050928
collapsed_equivalence,grouped_physical_interpolation,,blocks_3x3_g8,2028,random_forest,all_shooting,k,9,0.0005515418320105,0.2206167328042324,3.0,0.3333333333333333,0.0003402083333333
collapsed_equivalence,grouped_physical_interpolation,,blocks_3x3_g8,2028,random_forest,all_shooting,wq,9,0.0152237103174605,0.0579950869236591,3.0,0.3333333333333333,0.0095000000000005
collapsed_equivalence,grouped_physical_interpolation,,blocks_3x3_g8,2028,mlp,all_shooting,k,9,0.0002241407666098,0.0896563066439533,3.0,0.3333333333333333,0.0001445209893
collapsed_equivalence,grouped_physical_interpolation,,blocks_3x3_g8,2028,mlp,all_shooting,wq,9,0.0095395349005422,0.036341085335399,9.0,1.0,0.0195106551176497
collapsed_equivalence,grouped_physical_interpolation,,blocks_3x3_g8,2028,hgb,ringdown_plus_photon_geometry,k,9,0.0001669521224424,0.0667808489769944,9.0,1.0,0.0004130416830177
collapsed_equivalence,grouped_physical_interpolation,,blocks_3x3_g8,2028,hgb,ringdown_plus_photon_geometry,wq,9,0.0183177767487614,0.0697820066619485,9.0,1.0,0.0428910283680115
collapsed_equivalence,grouped_physical_interpolation,,blocks_3x3_g8,2028,random_forest,ringdown_plus_photon_geometry,k,9,0.0002712962962962,0.1085185185185181,2.0,0.2222222222222222,0.0002468749999999
collapsed_equivalence,grouped_physical_interpolation,,blocks_3x3_g8,2028,random_forest,ringdown_plus_photon_geometry,wq,9,0.0180160108024694,0.0686324221046453,5.0,0.5555555555555556,0.022579761904761
collapsed_equivalence,grouped_physical_interpolation,,blocks_3x3_g8,2028,mlp,ringdown_plus_photon_geometry,k,9,0.0002672812494502,0.1069124997800902,3.0,0.3333333333333333,0.0002079356858225
collapsed_equivalence,grouped_physical_interpolation,,blocks_3x3_g8,2028,mlp,ringdown_plus_photon_geometry,wq,9,0.0074743740296296,0.0284738058271606,7.0,0.7777777777777778,0.0126326369191936
collapsed_equivalence,grouped_physical_interpolation,,blocks_3x3_g8,2028,hgb,ringdown_plus_all_shooting,k,9,0.0001707802047672,0.0683120819068988,9.0,1.0,0.0004077064930577
collapsed_equivalence,grouped_physical_interpolation,,blocks_3x3_g8,2028,hgb,ringdown_plus_all_shooting,wq,9,0.0186810853896976,0.0711660395798007,9.0,1.0,0.0362036236826534
collapsed_equivalence,grouped_physical_interpolation,,blocks_3x3_g8,2028,random_forest,ringdown_plus_all_shooting,k,9,0.0002717592592592,0.1087037037037033,2.0,0.2222222222222222,0.0002505208333333
collapsed_equivalence,grouped_physical_interpolation,,blocks_3x3_g8,2028,random_forest,ringdown_plus_all_shooting,wq,9,0.0145810185185187,0.0555467372134046,3.0,0.3333333333333333,0.0092083333333339
collapsed_equivalence,grouped_physical_interpolation,,blocks_3x3_g8,2028,mlp,ringdown_plus_all_shooting,k,9,0.0001089148537439,0.0435659414975975,9.0,1.0,0.0003127727776103
collapsed_equivalence,grouped_physical_interpolation,,blocks_3x3_g8,2028,mlp,ringdown_plus_all_shooting,wq,9,0.0061729709570441,0.0235160798363587,9.0,1.0,0.0185686908094504
collapsed_equivalence,grouped_physical_interpolation,,blocks_3x3_g8,2029,hgb,ringdown,k,9,0.0002189396591437,0.0875758636574847,1.0,0.1111111111111111,0.0001986650480637
collapsed_equivalence,grouped_physical_interpolation,,blocks_3x3_g8,2029,hgb,ringdown,wq,9,0.065672841892767,0.2501822548295888,7.0,0.7777777777777778,0.0676729731861698
collapsed_equivalence,grouped_physical_interpolation,,blocks_3x3_g8,2029,random_forest,ringdown,k,9,0.0002607523148148,0.1043009259259254,1.0,0.1111111111111111,0.0002318749999999
collapsed_equivalence,grouped_physical_interpolation,,blocks_3x3_g8,2029,random_forest,ringdown,wq,9,0.0746315040926149,0.2843104917813902,3.0,0.3333333333333333,0.0658441964285715
collapsed_equivalence,grouped_physical_interpolation,,blocks_3x3_g8,2029,mlp,ringdown,k,9,0.0001394626152254,0.0557850460901886,0.0,0.0,4.303957405046182e-05
collapsed_equivalence,grouped_physical_interpolation,,blocks_3x3_g8,2029,mlp,ringdown,wq,9,0.004895791363428,0.01865063376544,9.0,1.0,0.0130722801427435
collapsed_equivalence,grouped_physical_interpolation,,blocks_3x3_g8,2029,hgb,photon_geometry,k,9,0.0006109775220634,0.2443910088253825,5.0,0.5555555555555556,0.0006689443397563
collapsed_equivalence,grouped_physical_interpolation,,blocks_3x3_g8,2029,hgb,photon_geometry,wq,9,0.014534685230761,0.0553702294505181,9.0,1.0,0.0493404795084848
collapsed_equivalence,grouped_physical_interpolation,,blocks_3x3_g8,2029,random_forest,photon_geometry,k,9,0.0006351713981748,0.2540685592699478,3.0,0.3333333333333333,0.0005359210407647
collapsed_equivalence,grouped_physical_interpolation,,blocks_3x3_g8,2029,random_forest,photon_geometry,wq,9,0.0197389440035275,0.0751959771562954,9.0,1.0,0.0365808531746031
collapsed_equivalence,grouped_physical_interpolation,,blocks_3x3_g8,2029,mlp,photon_geometry,k,9,0.0003104106396869,0.1241642558747941,1.0,0.1111111111111111,0.0001191341458414
collapsed_equivalence,grouped_physical_interpolation,,blocks_3x3_g8,2029,mlp,photon_geometry,wq,9,0.0277111896144442,0.1055664366264544,9.0,1.0,0.0460788889806658
collapsed_equivalence,grouped_physical_interpolation,,blocks_3x3_g8,2029,hgb,all_shooting,k,9,0.0006225049246371,0.2490019698548471,1.0,0.1111111111111111,0.0004082481268349
collapsed_equivalence,grouped_physical_interpolation,,blocks_3x3_g8,2029,hgb,all_shooting,wq,9,0.0253957642130179,0.0967457684305447,8.0,0.8888888888888888,0.0405125142545813
collapsed_equivalence,grouped_physical_interpolation,,blocks_3x3_g8,2029,random_forest,all_shooting,k,9,0.000583065292475,0.2332261169900056,0.0,0.0,0.0003115352182539
collapsed_equivalence,grouped_physical_interpolation,,blocks_3x3_g8,2029,random_forest,all_shooting,wq,9,0.0185055114638447,0.0704971865289325,6.0,0.6666666666666666,0.0245089285714286
collapsed_equivalence,grouped_physical_interpolation,,blocks_3x3_g8,2029,mlp,all_shooting,k,9,0.0002504424725757,0.1001769890302988,2.0,0.2222222222222222,0.0001174946892018
collapsed_equivalence,grouped_physical_interpolation,,blocks_3x3_g8,2029,mlp,all_shooting,wq,9,0.05022719302571,0.1913416877169907,6.0,0.6666666666666666,0.0626097334914319
collapsed_equivalence,grouped_physical_interpolation,,blocks_3x3_g8,2029,hgb,ringdown_plus_photon_geometry,k,9,0.0002020500316581,0.0808200126632533,1.0,0.1111111111111111,0.0001986385611685
collapsed_equivalence,grouped_physical_interpolation,,blocks_3x3_g8,2029,hgb,ringdown_plus_photon_geometry,wq,9,0.0165703841755193,0.0631252730495973,9.0,1.0,0.0409137131932098
collapsed_equivalence,grouped_physical_interpolation,,blocks_3x3_g8,2029,random_forest,ringdown_plus_photon_geometry,k,9,0.0002622145061728,0.1048858024691354,1.0,0.1111111111111111,0.0001989930555555
collapsed_equivalence,grouped_physical_interpolation,,blocks_3x3_g8,2029,random_forest,ringdown_plus_photon_geometry,wq,9,0.0187891681363905,0.0715777833767259,9.0,1.0,0.0326103670634918
collapsed_equivalence,grouped_physical_interpolation,,blocks_3x3_g8,2029,mlp,ringdown_plus_photon_geometry,k,9,0.0002533848755508,0.1013539502203407,5.0,0.5555555555555556,0.0002318241133555
collapsed_equivalence,grouped_physical_interpolation,,blocks_3x3_g8,2029,mlp,ringdown_plus_photon_geometry,wq,9,0.0064825997062074,0.0246956179284091,9.0,1.0,0.027656913754764
collapsed_equivalence,grouped_physical_interpolation,,blocks_3x3_g8,2029,hgb,ringdown_plus_all_shooting,k,9,0.0002307161258849,0.0922864503539975,1.0,0.1111111111111111,0.0001844445955961
collapsed_equivalence,grouped_physical_interpolation,,blocks_3x3_g8,2029,hgb,ringdown_plus_all_shooting,wq,9,0.0263667640201656,0.1004448153149166,8.0,0.8888888888888888,0.0407349499559795
collapsed_equivalence,grouped_physical_interpolation,,blocks_3x3_g8,2029,random_forest,ringdown_plus_all_shooting,k,9,0.0002608256172839,0.1043302469135798,1.0,0.1111111111111111,0.0001880208333333
collapsed_equivalence,grouped_physical_interpolation,,blocks_3x3_g8,2029,random_forest,ringdown_plus_all_shooting,wq,9,0.0182650462962963,0.0695811287477955,5.0,0.5555555555555556,0.0233978174603176
collapsed_equivalence,grouped_physical_interpolation,,blocks_3x3_g8,2029,mlp,ringdown_plus_all_shooting,k,9,0.0002408920731401,0.0963568292560636,1.0,0.1111111111111111,0.0001360079764508
collapsed_equivalence,grouped_physical_interpolation,,blocks_3x3_g8,2029,mlp,ringdown_plus_all_shooting,wq,9,0.0037956982861797,0.0144598029949703,9.0,1.0,0.0223489636877281
collapsed_equivalence,grouped_physical_interpolation,,blocks_3x3_g8,2030,hgb,ringdown,k,9,0.0002285777689169,0.0914311075667915,9.0,1.0,0.0003441237250651
collapsed_equivalence,grouped_physical_interpolation,,blocks_3x3_g8,2030,hgb,ringdown,wq,9,0.0638856805958817,0.2433740213176448,9.0,1.0,0.0984962020876312
collapsed_equivalence,grouped_physical_interpolation,,blocks_3x3_g8,2030,random_forest,ringdown,k,9,0.0002560455246913,0.1024182098765428,2.0,0.2222222222222222,0.0002350694444444
collapsed_equivalence,grouped_physical_interpolation,,blocks_3x3_g8,2030,random_forest,ringdown,wq,9,0.0672378380364491,0.2561441449007585,7.0,0.7777777777777778,0.0780215112433863
collapsed_equivalence,grouped_physical_interpolation,,blocks_3x3_g8,2030,mlp,ringdown,k,9,0.0001621873480463,0.064874939218536,1.0,0.1111111111111111,7.533190898660743e-05
collapsed_equivalence,grouped_physical_interpolation,,blocks_3x3_g8,2030,mlp,ringdown,wq,9,0.0430290166531926,0.1639200634407339,9.0,1.0,0.0901104622532577
collapsed_equivalence,grouped_physical_interpolation,,blocks_3x3_g8,2030,hgb,photon_geometry,k,9,0.0005102047748503,0.2040819099401515,8.0,0.8888888888888888,0.000712719381915
collapsed_equivalence,grouped_physical_interpolation,,blocks_3x3_g8,2030,hgb,photon_geometry,wq,9,0.0174733183318381,0.0665650222165261,9.0,1.0,0.04656138300743
collapsed_equivalence,grouped_physical_interpolation,,blocks_3x3_g8,2030,random_forest,photon_geometry,k,9,0.0006006140522286,0.2402456208914542,1.0,0.1111111111111111,0.0003900967261904
collapsed_equivalence,grouped_physical_interpolation,,blocks_3x3_g8,2030,random_forest,photon_geometry,wq,9,0.0188401344797178,0.0717719408751156,9.0,1.0,0.041524603174603
collapsed_equivalence,grouped_physical_interpolation,,blocks_3x3_g8,2030,mlp,photon_geometry,k,9,0.0008084065477281,0.3233626190912742,1.0,0.1111111111111111,0.000537298420292
collapsed_equivalence,grouped_physical_interpolation,,blocks_3x3_g8,2030,mlp,photon_geometry,wq,9,0.0052492099070901,0.019996990122248,9.0,1.0,0.0289707266168306
collapsed_equivalence,grouped_physical_interpolation,,blocks_3x3_g8,2030,hgb,all_shooting,k,9,0.0005723445168532,0.2289378067413113,2.0,0.2222222222222222,0.0004052415885963
collapsed_equivalence,grouped_physical_interpolation,,blocks_3x3_g8,2030,hgb,all_shooting,wq,9,0.0211468030618632,0.0805592497594789,9.0,1.0,0.0410901197882015
collapsed_equivalence,grouped_physical_interpolation,,blocks_3x3_g8,2030,random_forest,all_shooting,k,9,0.000513208223104,0.2052832892416224,0.0,0.0,0.0002730902777777
collapsed_equivalence,grouped_physical_interpolation,,blocks_3x3_g8,2030,random_forest,all_shooting,wq,9,0.0174833553791887,0.0666032585873857,4.0,0.4444444444444444,0.0209068287037031
collapsed_equivalence,grouped_physical_interpolation,,blocks_3x3_g8,2030,mlp,all_shooting,k,9,0.0004206523124531,0.1682609249812553,1.0,0.1111111111111111,0.0002091078660421
collapsed_equivalence,grouped_physical_interpolation,,blocks_3x3_g8,2030,mlp,all_shooting,wq,9,0.004977026569966,0.0189601012189183,9.0,1.0,0.0410759868446921
collapsed_equivalence,grouped_physical_interpolation,,blocks_3x3_g8,2030,hgb,ringdown_plus_photon_geometry,k,9,0.00018494182195,0.0739767287800171,9.0,1.0,0.0002884969667957
collapsed_equivalence,grouped_physical_interpolation,,blocks_3x3_g8,2030,hgb,ringdown_plus_photon_geometry,wq,9,0.0193982732457033,0.0738981837931555,9.0,1.0,0.0459781023567594
collapsed_equivalence,grouped_physical_interpolation,,blocks_3x3_g8,2030,random_forest,ringdown_plus_photon_geometry,k,9,0.0002565200617283,0.1026080246913577,2.0,0.2222222222222222,0.0002343749999999
collapsed_equivalence,grouped_physical_interpolation,,blocks_3x3_g8,2030,random_forest,ringdown_plus_photon_geometry,wq,9,0.018517361111111,0.0705423280423278,9.0,1.0,0.0415462301587301
collapsed_equivalence,grouped_physical_interpolation,,blocks_3x3_g8,2030,mlp,ringdown_plus_photon_geometry,k,9,4.983983407889952e-05,0.0199359336315598,9.0,1.0,0.0001046041151366
collapsed_equivalence,grouped_physical_interpolation,,blocks_3x3_g8,2030,mlp,ringdown_plus_photon_geometry,wq,9,0.0068678996181064,0.026163427116596,9.0,1.0,0.0553613875559222
collapsed_equivalence,grouped_physical_interpolation,,blocks_3x3_g8,2030,hgb,ringdown_plus_all_shooting,k,9,0.0001948993596967,0.0779597438786808,5.0,0.5555555555555556,0.0002227697466586
collapsed_equivalence,grouped_physical_interpolation,,blocks_3x3_g8,2030,hgb,ringdown_plus_all_shooting,wq,9,0.0208156889050083,0.0792978624952699,9.0,1.0,0.0412213293119167
collapsed_equivalence,grouped_physical_interpolation,,blocks_3x3_g8,2030,random_forest,ringdown_plus_all_shooting,k,9,0.0002545216049382,0.1018086419753084,2.0,0.2222222222222222,0.0002343749999999
collapsed_equivalence,grouped_physical_interpolation,,blocks_3x3_g8,2030,random_forest,ringdown_plus_all_shooting,wq,9,0.0175879078483245,0.067001553707903,4.0,0.4444444444444444,0.0207806712962957
collapsed_equivalence,grouped_physical_interpolation,,blocks_3x3_g8,2030,mlp,ringdown_plus_all_shooting,k,9,0.0001207392200824,0.0482956880329645,3.0,0.3333333333333333,8.265612723922433e-05
collapsed_equivalence,grouped_physical_interpolation,,blocks_3x3_g8,2030,mlp,ringdown_plus_all_shooting,wq,9,0.004267393324353,0.016256736473726,9.0,1.0,0.0270892477777845
collapsed_equivalence,grouped_physical_interpolation,,blocks_3x3_shifted_g0,2026,hgb,ringdown,k,6,0.0001249999999999,0.0499999999999999,6.0,1.0,0.0002784775829076
collapsed_equivalence,grouped_physical_interpolation,,blocks_3x3_shifted_g0,2026,hgb,ringdown,wq,6,0.1638055531364101,0.6240211548053721,0.0,0.0,0.1140833309141879
collapsed_equivalence,grouped_physical_interpolation,,blocks_3x3_shifted_g0,2026,random_forest,ringdown,k,6,7.052083333333364e-05,0.0282083333333334,6.0,1.0,0.0001890277777777
collapsed_equivalence,grouped_physical_interpolation,,blocks_3x3_shifted_g0,2026,random_forest,ringdown,wq,6,0.1566687334656084,0.596833270345175,0.0,0.0,0.0858434523809524
collapsed_equivalence,grouped_physical_interpolation,,blocks_3x3_shifted_g0,2026,mlp,ringdown,k,6,1.3522392767063853e-05,0.0054089571068255,6.0,1.0,9.029146525616578e-05
collapsed_equivalence,grouped_physical_interpolation,,blocks_3x3_shifted_g0,2026,mlp,ringdown,wq,6,0.069120851074249,0.263317527901901,3.0,0.5,0.0408478091276217
collapsed_equivalence,grouped_physical_interpolation,,blocks_3x3_shifted_g0,2026,hgb,photon_geometry,k,6,0.0001851954008582,0.0740781603433147,6.0,1.0,0.0007284350320098
collapsed_equivalence,grouped_physical_interpolation,,blocks_3x3_shifted_g0,2026,hgb,photon_geometry,wq,6,0.0368346051914344,0.1403223054911788,4.0,0.6666666666666666,0.0494561227072093
collapsed_equivalence,grouped_physical_interpolation,,blocks_3x3_shifted_g0,2026,random_forest,photon_geometry,k,6,0.0005420914627425,0.2168365850970019,4.0,0.6666666666666666,0.000556369047619
collapsed_equivalence,grouped_physical_interpolation,,blocks_3x3_shifted_g0,2026,random_forest,photon_geometry,wq,6,0.0562206110376247,0.2141737563338085,0.0,0.0,0.0349970238095237
collapsed_equivalence,grouped_physical_interpolation,,blocks_3x3_shifted_g0,2026,mlp,photon_geometry,k,6,0.0003388087614738,0.1355235045895257,0.0,0.0,0.0001726818244717
collapsed_equivalence,grouped_physical_interpolation,,blocks_3x3_shifted_g0,2026,mlp,photon_geometry,wq,6,0.1193739901962305,0.4547580578904022,1.0,0.1666666666666666,0.0801320004543314
collapsed_equivalence,grouped_physical_interpolation,,blocks_3x3_shifted_g0,2026,hgb,all_shooting,k,6,0.0001514942006743,0.0605976802697307,6.0,1.0,0.0005250766031796
collapsed_equivalence,grouped_physical_interpolation,,blocks_3x3_shifted_g0,2026,hgb,all_shooting,wq,6,0.031898207031914,0.1215169791691963,4.0,0.6666666666666666,0.0339641544164316
collapsed_equivalence,grouped_physical_interpolation,,blocks_3x3_shifted_g0,2026,random_forest,all_shooting,k,6,0.0002934292328042,0.1173716931216933,5.0,0.8333333333333334,0.0003453125
collapsed_equivalence,grouped_physical_interpolation,,blocks_3x3_shifted_g0,2026,random_forest,all_shooting,wq,6,0.0262578634810402,0.1000299561182485,1.0,0.1666666666666666,0.0180729166666661
collapsed_equivalence,grouped_physical_interpolation,,blocks_3x3_shifted_g0,2026,mlp,all_shooting,k,6,0.000110951559918,0.0443806239672171,6.0,1.0,0.0001737316882207
collapsed_equivalence,grouped_physical_interpolation,,blocks_3x3_shifted_g0,2026,mlp,all_shooting,wq,6,0.0118534974444663,0.045156180740824,4.0,0.6666666666666666,0.0188801245934607
collapsed_equivalence,grouped_physical_interpolation,,blocks_3x3_shifted_g0,2026,hgb,ringdown_plus_photon_geometry,k,6,0.0002282190634128,0.0912876253651222,5.0,0.8333333333333334,0.0002559811981575
collapsed_equivalence,grouped_physical_interpolation,,blocks_3x3_shifted_g0,2026,hgb,ringdown_plus_photon_geometry,wq,6,0.0346584004229787,0.1320320016113477,4.0,0.6666666666666666,0.0484202014504436
collapsed_equivalence,grouped_physical_interpolation,,blocks_3x3_shifted_g0,2026,random_forest,ringdown_plus_photon_geometry,k,6,0.0001350347222222,0.054013888888889,5.0,0.8333333333333334,0.000188869047619
collapsed_equivalence,grouped_physical_interpolation,,blocks_3x3_shifted_g0,2026,random_forest,ringdown_plus_photon_geometry,wq,6,0.0547649397413285,0.2086283418717278,0.0,0.0,0.034972718253968
collapsed_equivalence,grouped_physical_interpolation,,blocks_3x3_shifted_g0,2026,mlp,ringdown_plus_photon_geometry,k,6,2.259984893883876e-05,0.0090399395755355,6.0,1.0,9.645541475499928e-05
collapsed_equivalence,grouped_physical_interpolation,,blocks_3x3_shifted_g0,2026,mlp,ringdown_plus_photon_geometry,wq,6,0.0938223419995431,0.3574184457125454,1.0,0.1666666666666666,0.0622199413311777
collapsed_equivalence,grouped_physical_interpolation,,blocks_3x3_shifted_g0,2026,hgb,ringdown_plus_all_shooting,k,6,0.0002103456124022,0.0841382449609173,5.0,0.8333333333333334,0.0002267511341609
collapsed_equivalence,grouped_physical_interpolation,,blocks_3x3_shifted_g0,2026,hgb,ringdown_plus_all_shooting,wq,6,0.0312599734592629,0.1190856131781446,4.0,0.6666666666666666,0.0330732780513164
collapsed_equivalence,grouped_physical_interpolation,,blocks_3x3_shifted_g0,2026,random_forest,ringdown_plus_all_shooting,k,6,0.0001020949074074,0.040837962962963,6.0,1.0,0.0001840277777777
collapsed_equivalence,grouped_physical_interpolation,,blocks_3x3_shifted_g0,2026,random_forest,ringdown_plus_all_shooting,wq,6,0.0269160424933859,0.1025373047367085,2.0,0.3333333333333333,0.0187673611111106
collapsed_equivalence,grouped_physical_interpolation,,blocks_3x3_shifted_g0,2026,mlp,ringdown_plus_all_shooting,k,6,1.977554500753957e-05,0.0079102180030158,6.0,1.0,5.481772331554177e-05
collapsed_equivalence,grouped_physical_interpolation,,blocks_3x3_shifted_g0,2026,mlp,ringdown_plus_all_shooting,wq,6,0.053334107810639,0.2031775535643392,3.0,0.5,0.0358933224661413
collapsed_equivalence,grouped_physical_interpolation,,blocks_3x3_shifted_g0,2027,hgb,ringdown,k,6,0.0001525606273736,0.0610242509494693,6.0,1.0,0.0002775606273736
collapsed_equivalence,grouped_physical_interpolation,,blocks_3x3_shifted_g0,2027,hgb,ringdown,wq,6,0.1528832197283503,0.5824122656318109,0.0,0.0,0.0801617762923962
collapsed_equivalence,grouped_physical_interpolation,,blocks_3x3_shifted_g0,2027,random_forest,ringdown,k,6,5.586474867724897e-05,0.0223458994708995,6.0,1.0,0.000184375
collapsed_equivalence,grouped_physical_interpolation,,blocks_3x3_shifted_g0,2027,random_forest,ringdown,wq,6,0.1343357473544974,0.5117552280171331,0.0,0.0,0.0706963955026453
collapsed_equivalence,grouped_physical_interpolation,,blocks_3x3_shifted_g0,2027,mlp,ringdown,k,6,2.132310889947152e-05,0.0085292435597886,6.0,1.0,6.587839918818805e-05
collapsed_equivalence,grouped_physical_interpolation,,blocks_3x3_shifted_g0,2027,mlp,ringdown,wq,6,0.0714815798361166,0.2723107803280634,3.0,0.5,0.0471552311478911
collapsed_equivalence,grouped_physical_interpolation,,blocks_3x3_shifted_g0,2027,hgb,photon_geometry,k,6,0.0002237839666842,0.0895135866736825,6.0,1.0,0.0004804741990714
collapsed_equivalence,grouped_physical_interpolation,,blocks_3x3_shifted_g0,2027,hgb,photon_geometry,wq,6,0.038401477770049,0.1462913438859009,4.0,0.6666666666666666,0.05089642104747
collapsed_equivalence,grouped_physical_interpolation,,blocks_3x3_shifted_g0,2027,random_forest,photon_geometry,k,6,0.0005122192044067,0.2048876817626818,1.0,0.1666666666666666,0.0003999799679487
collapsed_equivalence,grouped_physical_interpolation,,blocks_3x3_shifted_g0,2027,random_forest,photon_geometry,wq,6,0.0533968474426807,0.2034165616864027,3.0,0.5,0.0538868055555554
collapsed_equivalence,grouped_physical_interpolation,,blocks_3x3_shifted_g0,2027,mlp,photon_geometry,k,6,0.0013914219338359,0.5565687735343873,0.0,0.0,0.0011385096369921
collapsed_equivalence,grouped_physical_interpolation,,blocks_3x3_shifted_g0,2027,mlp,photon_geometry,wq,6,0.012043186240948,0.0458788047274211,6.0,1.0,0.0461462539635815
collapsed_equivalence,grouped_physical_interpolation,,blocks_3x3_shifted_g0,2027,hgb,all_shooting,k,6,0.0002129875450614,0.0851950180245687,6.0,1.0,0.0005042713097943
collapsed_equivalence,grouped_physical_interpolation,,blocks_3x3_shifted_g0,2027,hgb,all_shooting,wq,6,0.0366600716759286,0.1396574159082996,0.0,0.0,0.0141315297112055
collapsed_equivalence,grouped_physical_interpolation,,blocks_3x3_shifted_g0,2027,random_forest,all_shooting,k,6,0.0003002926587301,0.1201170634920636,5.0,0.8333333333333334,0.0003495039682539
collapsed_equivalence,grouped_physical_interpolation,,blocks_3x3_shifted_g0,2027,random_forest,all_shooting,wq,6,0.0215716600529095,0.0821777525825126,4.0,0.6666666666666666,0.0265685846560842
collapsed_equivalence,grouped_physical_interpolation,,blocks_3x3_shifted_g0,2027,mlp,all_shooting,k,6,8.980059972551172e-05,0.0359202398902046,6.0,1.0,0.0002951661900624
collapsed_equivalence,grouped_physical_interpolation,,blocks_3x3_shifted_g0,2027,mlp,all_shooting,wq,6,0.0699672539473035,0.2665419197992514,3.0,0.5,0.0655362048172814
collapsed_equivalence,grouped_physical_interpolation,,blocks_3x3_shifted_g0,2027,hgb,ringdown_plus_photon_geometry,k,6,0.000200353751201,0.0801415004804205,6.0,1.0,0.0003060225916129
collapsed_equivalence,grouped_physical_interpolation,,blocks_3x3_shifted_g0,2027,hgb,ringdown_plus_photon_geometry,wq,6,0.0425132925216852,0.1619554000826105,4.0,0.6666666666666666,0.0518748769415963
collapsed_equivalence,grouped_physical_interpolation,,blocks_3x3_shifted_g0,2027,random_forest,ringdown_plus_photon_geometry,k,6,8.982142857142895e-05,0.0359285714285715,6.0,1.0,0.0001740624999999
collapsed_equivalence,grouped_physical_interpolation,,blocks_3x3_shifted_g0,2027,random_forest,ringdown_plus_photon_geometry,wq,6,0.0532041694223985,0.2026825501805657,3.0,0.5,0.0500700396825395
collapsed_equivalence,grouped_physical_interpolation,,blocks_3x3_shifted_g0,2027,mlp,ringdown_plus_photon_geometry,k,6,0.0001421039779173,0.056841591166936,2.0,0.3333333333333333,7.199426762740063e-05
collapsed_equivalence,grouped_physical_interpolation,,blocks_3x3_shifted_g0,2027,mlp,ringdown_plus_photon_geometry,wq,6,0.0284859060524508,0.1085177373426699,3.0,0.5,0.0366911272016524
collapsed_equivalence,grouped_physical_interpolation,,blocks_3x3_shifted_g0,2027,hgb,ringdown_plus_all_shooting,k,6,0.0001964269694591,0.0785707877836734,4.0,0.6666666666666666,0.0002291229754704
collapsed_equivalence,grouped_physical_interpolation,,blocks_3x3_shifted_g0,2027,hgb,ringdown_plus_all_shooting,wq,6,0.0367384301855137,0.1399559245162427,0.0,0.0,0.0151580583109736
collapsed_equivalence,grouped_physical_interpolation,,blocks_3x3_shifted_g0,2027,random_forest,ringdown_plus_all_shooting,k,6,9.335358796296324e-05,0.0373414351851853,4.0,0.6666666666666666,0.0001603472222222
collapsed_equivalence,grouped_physical_interpolation,,blocks_3x3_shifted_g0,2027,random_forest,ringdown_plus_all_shooting,wq,6,0.0221104442239853,0.0842302637104203,4.0,0.6666666666666666,0.0292602513227508
collapsed_equivalence,grouped_physical_interpolation,,blocks_3x3_shifted_g0,2027,mlp,ringdown_plus_all_shooting,k,6,0.0001489989223521,0.0595995689408693,3.0,0.5,0.0001432695203751
collapsed_equivalence,grouped_physical_interpolation,,blocks_3x3_shifted_g0,2027,mlp,ringdown_plus_all_shooting,wq,6,0.0684254303303821,0.2606683060205032,3.0,0.5,0.047868498832902
collapsed_equivalence,grouped_physical_interpolation,,blocks_3x3_shifted_g0,2028,hgb,ringdown,k,6,0.0001368412944334,0.0547365177733627,6.0,1.0,0.0002778775577224
collapsed_equivalence,grouped_physical_interpolation,,blocks_3x3_shifted_g0,2028,hgb,ringdown,wq,6,0.1502966199770676,0.572558552293591,0.0,0.0,0.1085661768274872
collapsed_equivalence,grouped_physical_interpolation,,blocks_3x3_shifted_g0,2028,random_forest,ringdown,k,6,5.5520833333333664e-05,0.0222083333333334,6.0,1.0,0.0002251736111111
collapsed_equivalence,grouped_physical_interpolation,,blocks_3x3_shifted_g0,2028,random_forest,ringdown,wq,6,0.1108659496753246,0.4223464749536177,3.0,0.5,0.1087000460958798
collapsed_equivalence,grouped_physical_interpolation,,blocks_3x3_shifted_g0,2028,mlp,ringdown,k,6,3.021372661322628e-05,0.0120854906452905,6.0,1.0,8.490041284088057e-05
collapsed_equivalence,grouped_physical_interpolation,,blocks_3x3_shifted_g0,2028,mlp,ringdown,wq,6,0.0429374449850226,0.1635712189905624,0.0,0.0,0.010254474270738
collapsed_equivalence,grouped_physical_interpolation,,blocks_3x3_shifted_g0,2028,hgb,photon_geometry,k,6,0.0004707158775341,0.1882863510136544,5.0,0.8333333333333334,0.000846610577801
collapsed_equivalence,grouped_physical_interpolation,,blocks_3x3_shifted_g0,2028,hgb,photon_geometry,wq,6,0.052979299491428,0.2018259028244877,1.0,0.1666666666666666,0.0446092047596677
collapsed_equivalence,grouped_physical_interpolation,,blocks_3x3_shifted_g0,2028,random_forest,photon_geometry,k,6,0.0006687474854654,0.2674989941861878,2.0,0.3333333333333333,0.0006902496560492
collapsed_equivalence,grouped_physical_interpolation,,blocks_3x3_shifted_g0,2028,random_forest,photon_geometry,wq,6,0.0692322227733685,0.263741801041404,0.0,0.0,0.0388464285714285
collapsed_equivalence,grouped_physical_interpolation,,blocks_3x3_shifted_g0,2028,mlp,photon_geometry,k,6,0.0009533963730029,0.3813585492011896,6.0,1.0,0.0010413800580032
collapsed_equivalence,grouped_physical_interpolation,,blocks_3x3_shifted_g0,2028,mlp,photon_geometry,wq,6,0.1336043258110943,0.5089688602327405,0.0,0.0,0.0801564013895114
collapsed_equivalence,grouped_physical_interpolation,,blocks_3x3_shifted_g0,2028,hgb,all_shooting,k,6,0.0002762672499174,0.1105068999669904,6.0,1.0,0.0004164717497063
collapsed_equivalence,grouped_physical_interpolation,,blocks_3x3_shifted_g0,2028,hgb,all_shooting,wq,6,0.0315297919592221,0.1201134931779892,4.0,0.6666666666666666,0.0334419983770094
collapsed_equivalence,grouped_physical_interpolation,,blocks_3x3_shifted_g0,2028,random_forest,all_shooting,k,6,0.0004562061838624,0.1824824735449736,2.0,0.3333333333333333,0.0003570882936507
collapsed_equivalence,grouped_physical_interpolation,,blocks_3x3_shifted_g0,2028,random_forest,all_shooting,wq,6,0.0425554783950614,0.1621161081716628,0.0,0.0,0.0216854166666669
collapsed_equivalence,grouped_physical_interpolation,,blocks_3x3_shifted_g0,2028,mlp,all_shooting,k,6,6.196252085100542e-05,0.0247850083404021,6.0,1.0,0.0001747727093824
collapsed_equivalence,grouped_physical_interpolation,,blocks_3x3_shifted_g0,2028,mlp,all_shooting,wq,6,0.0355552827798765,0.1354486963042915,1.0,0.1666666666666666,0.0259382891930404
collapsed_equivalence,grouped_physical_interpolation,,blocks_3x3_shifted_g0,2028,hgb,ringdown_plus_photon_geometry,k,6,0.0001667306664944,0.0666922665977713,6.0,1.0,0.0003315158559603
collapsed_equivalence,grouped_physical_interpolation,,blocks_3x3_shifted_g0,2028,hgb,ringdown_plus_photon_geometry,wq,6,0.0485268716038754,0.1848642727766684,1.0,0.1666666666666666,0.0380006100140113
collapsed_equivalence,grouped_physical_interpolation,,blocks_3x3_shifted_g0,2028,random_forest,ringdown_plus_photon_geometry,k,6,7.965277777777807e-05,0.0318611111111112,6.0,1.0,0.0002088541666666
collapsed_equivalence,grouped_physical_interpolation,,blocks_3x3_shifted_g0,2028,random_forest,ringdown_plus_photon_geometry,wq,6,0.0655785989858904,0.2498232342319636,0.0,0.0,0.0388681878306876
collapsed_equivalence,grouped_physical_interpolation,,blocks_3x3_shifted_g0,2028,mlp,ringdown_plus_photon_geometry,k,6,5.33035927928521e-05,0.0213214371171408,6.0,1.0,0.0001175612139366
collapsed_equivalence,grouped_physical_interpolation,,blocks_3x3_shifted_g0,2028,mlp,ringdown_plus_photon_geometry,wq,6,0.0514460714864649,0.1959850342341522,1.0,0.1666666666666666,0.0413148304839525
collapsed_equivalence,grouped_physical_interpolation,,blocks_3x3_shifted_g0,2028,hgb,ringdown_plus_all_shooting,k,6,0.000137289834475,0.0549159337900002,6.0,1.0,0.0002676243649777
collapsed_equivalence,grouped_physical_interpolation,,blocks_3x3_shifted_g0,2028,hgb,ringdown_plus_all_shooting,wq,6,0.0333534821067869,0.1270608842163311,4.0,0.6666666666666666,0.0350823530138131
collapsed_equivalence,grouped_physical_interpolation,,blocks_3x3_shifted_g0,2028,random_forest,ringdown_plus_all_shooting,k,6,4.703703703703735e-05,0.0188148148148149,6.0,1.0,0.0001927083333333
collapsed_equivalence,grouped_physical_interpolation,,blocks_3x3_shifted_g0,2028,random_forest,ringdown_plus_all_shooting,wq,6,0.0422178240740737,0.1608298059964714,0.0,0.0,0.0202916666666669
collapsed_equivalence,grouped_physical_interpolation,,blocks_3x3_shifted_g0,2028,mlp,ringdown_plus_all_shooting,k,6,0.0002184409488591,0.0873763795436436,4.0,0.6666666666666666,0.0002494618741488
collapsed_equivalence,grouped_physical_interpolation,,blocks_3x3_shifted_g0,2028,mlp,ringdown_plus_all_shooting,wq,6,0.0267861386608885,0.1020424329938609,3.0,0.5,0.0257172542247234
collapsed_equivalence,grouped_physical_interpolation,,blocks_3x3_shifted_g0,2029,hgb,ringdown,k,6,0.000132615055283,0.0530460221132201,6.0,1.0,0.000267627295912
collapsed_equivalence,grouped_physical_interpolation,,blocks_3x3_shifted_g0,2029,hgb,ringdown,wq,6,0.1593348688462428,0.6069899765571154,0.0,0.0,0.1110567084845963
collapsed_equivalence,grouped_physical_interpolation,,blocks_3x3_shifted_g0,2029,random_forest,ringdown,k,6,4.9696180555555865e-05,0.0198784722222223,6.0,1.0,0.0002239087301587
collapsed_equivalence,grouped_physical_interpolation,,blocks_3x3_shifted_g0,2029,random_forest,ringdown,wq,6,0.1413019593253969,0.5382931783824644,0.0,0.0,0.0526130291005286
collapsed_equivalence,grouped_physical_interpolation,,blocks_3x3_shifted_g0,2029,mlp,ringdown,k,6,9.225956190960416e-06,0.0036903824763841,6.0,1.0,9.096075288623445e-05
collapsed_equivalence,grouped_physical_interpolation,,blocks_3x3_shifted_g0,2029,mlp,ringdown,wq,6,0.0296344534212935,0.1128931558906421,1.0,0.1666666666666666,0.0110634698696455
collapsed_equivalence,grouped_physical_interpolation,,blocks_3x3_shifted_g0,2029,hgb,photon_geometry,k,6,0.0002885057679555,0.1154023071822134,6.0,1.0,0.0005619640861131
collapsed_equivalence,grouped_physical_interpolation,,blocks_3x3_shifted_g0,2029,hgb,photon_geometry,wq,6,0.0466069037998227,0.1775501097136106,1.0,0.1666666666666666,0.0296267588881024
collapsed_equivalence,grouped_physical_interpolation,,blocks_3x3_shifted_g0,2029,random_forest,photon_geometry,k,6,0.0005370621238329,0.214824849533183,1.0,0.1666666666666666,0.0005021626984126
collapsed_equivalence,grouped_physical_interpolation,,blocks_3x3_shifted_g0,2029,random_forest,photon_geometry,wq,6,0.0565865465167546,0.2155677962543032,0.0,0.0,0.0370280092592595
collapsed_equivalence,grouped_physical_interpolation,,blocks_3x3_shifted_g0,2029,mlp,photon_geometry,k,6,0.0002073190926716,0.082927637068669,4.0,0.6666666666666666,0.0002679356714573
collapsed_equivalence,grouped_physical_interpolation,,blocks_3x3_shifted_g0,2029,mlp,photon_geometry,wq,6,0.0273095593389634,0.1040364165293845,1.0,0.1666666666666666,0.0124368106345261
collapsed_equivalence,grouped_physical_interpolation,,blocks_3x3_shifted_g0,2029,hgb,all_shooting,k,6,0.0001890506991037,0.0756202796414864,6.0,1.0,0.0004445878181806
collapsed_equivalence,grouped_physical_interpolation,,blocks_3x3_shifted_g0,2029,hgb,all_shooting,wq,6,0.0131612665929756,0.050138158449431,5.0,0.8333333333333334,0.0189350089022807
collapsed_equivalence,grouped_physical_interpolation,,blocks_3x3_shifted_g0,2029,random_forest,all_shooting,k,6,0.0003093226410934,0.1237290564373899,3.0,0.5,0.0003100744047619
collapsed_equivalence,grouped_physical_interpolation,,blocks_3x3_shifted_g0,2029,random_forest,all_shooting,wq,6,0.0265870563271603,0.101284024103468,2.0,0.3333333333333333,0.0186180555555555
collapsed_equivalence,grouped_physical_interpolation,,blocks_3x3_shifted_g0,2029,mlp,all_shooting,k,6,2.6676713869683635e-05,0.0106706855478734,6.0,1.0,0.0001454488778518
collapsed_equivalence,grouped_physical_interpolation,,blocks_3x3_shifted_g0,2029,mlp,all_shooting,wq,6,0.1291494427120817,0.4919978769984067,0.0,0.0,0.0876382350671693
collapsed_equivalence,grouped_physical_interpolation,,blocks_3x3_shifted_g0,2029,hgb,ringdown_plus_photon_geometry,k,6,0.0001695427989432,0.0678171195773167,6.0,1.0,0.0002911415243189
collapsed_equivalence,grouped_physical_interpolation,,blocks_3x3_shifted_g0,2029,hgb,ringdown_plus_photon_geometry,wq,6,0.0501427992496256,0.1910201876176213,1.0,0.1666666666666666,0.0303546116112172
collapsed_equivalence,grouped_physical_interpolation,,blocks_3x3_shifted_g0,2029,random_forest,ringdown_plus_photon_geometry,k,6,7.751736111111139e-05,0.0310069444444445,6.0,1.0,0.0001890823412698
collapsed_equivalence,grouped_physical_interpolation,,blocks_3x3_shifted_g0,2029,random_forest,ringdown_plus_photon_geometry,wq,6,0.0553170662477951,0.2107316809439815,0.0,0.0,0.0332020833333336
collapsed_equivalence,grouped_physical_interpolation,,blocks_3x3_shifted_g0,2029,mlp,ringdown_plus_photon_geometry,k,6,0.0001131995829311,0.0452798331724684,3.0,0.5,0.0001503411243389
collapsed_equivalence,grouped_physical_interpolation,,blocks_3x3_shifted_g0,2029,mlp,ringdown_plus_photon_geometry,wq,6,0.0216468622523472,0.0824642371517989,5.0,0.8333333333333334,0.0369834077754257
collapsed_equivalence,grouped_physical_interpolation,,blocks_3x3_shifted_g0,2029,hgb,ringdown_plus_all_shooting,k,6,8.040274030412353e-05,0.0321610961216494,6.0,1.0,0.0003100647097725
collapsed_equivalence,grouped_physical_interpolation,,blocks_3x3_shifted_g0,2029,hgb,ringdown_plus_all_shooting,wq,6,0.0136064477348317,0.0518340866088828,5.0,0.8333333333333334,0.0189304560013117
collapsed_equivalence,grouped_physical_interpolation,,blocks_3x3_shifted_g0,2029,random_forest,ringdown_plus_all_shooting,k,6,5.289930555555584e-05,0.0211597222222223,6.0,1.0,0.0001715393518518
collapsed_equivalence,grouped_physical_interpolation,,blocks_3x3_shifted_g0,2029,random_forest,ringdown_plus_all_shooting,wq,6,0.0259015817901232,0.098672692533803,2.0,0.3333333333333333,0.018625
collapsed_equivalence,grouped_physical_interpolation,,blocks_3x3_shifted_g0,2029,mlp,ringdown_plus_all_shooting,k,6,0.0001050556879931,0.0420222751972475,5.0,0.8333333333333334,0.0002429376945687
collapsed_equivalence,grouped_physical_interpolation,,blocks_3x3_shifted_g0,2029,mlp,ringdown_plus_all_shooting,wq,6,0.059038417386975,0.2249082567122858,3.0,0.5,0.0432510312856719
collapsed_equivalence,grouped_physical_interpolation,,blocks_3x3_shifted_g0,2030,hgb,ringdown,k,6,0.0001337243461908,0.0534897384763459,6.0,1.0,0.0003395952151003
collapsed_equivalence,grouped_physical_interpolation,,blocks_3x3_shifted_g0,2030,hgb,ringdown,wq,6,0.1642739830903753,0.6258056498680964,0.0,0.0,0.0964286664942037
collapsed_equivalence,grouped_physical_interpolation,,blocks_3x3_shifted_g0,2030,random_forest,ringdown,k,6,6.531250000000033e-05,0.0261250000000001,6.0,1.0,0.0001986607142857
collapsed_equivalence,grouped_physical_interpolation,,blocks_3x3_shifted_g0,2030,random_forest,ringdown,wq,6,0.1382521715167549,0.5266749391114474,1.0,0.1666666666666666,0.0797483134920633
collapsed_equivalence,grouped_physical_interpolation,,blocks_3x3_shifted_g0,2030,mlp,ringdown,k,6,1.8495394546125343e-05,0.0073981578184501,6.0,1.0,8.140638577668318e-05
collapsed_equivalence,grouped_physical_interpolation,,blocks_3x3_shifted_g0,2030,mlp,ringdown,wq,6,0.0687395824054144,0.2618650758301502,3.0,0.5,0.0674942891122235
collapsed_equivalence,grouped_physical_interpolation,,blocks_3x3_shifted_g0,2030,hgb,photon_geometry,k,6,0.0002868118830023,0.1147247532009242,6.0,1.0,0.0008987407531164
collapsed_equivalence,grouped_physical_interpolation,,blocks_3x3_shifted_g0,2030,hgb,photon_geometry,wq,6,0.0384444874474161,0.146455190275871,4.0,0.6666666666666666,0.0450390817547244
collapsed_equivalence,grouped_physical_interpolation,,blocks_3x3_shifted_g0,2030,random_forest,photon_geometry,k,6,0.0004825190376752,0.1930076150701151,5.0,0.8333333333333334,0.000712576058201
collapsed_equivalence,grouped_physical_interpolation,,blocks_3x3_shifted_g0,2030,random_forest,photon_geometry,wq,6,0.0578488398368606,0.2203765327118499,3.0,0.5,0.055634126984127
collapsed_equivalence,grouped_physical_interpolation,,blocks_3x3_shifted_g0,2030,mlp,photon_geometry,k,6,0.0002285246598889,0.0914098639555951,0.0,0.0,0.0001097949967312
collapsed_equivalence,grouped_physical_interpolation,,blocks_3x3_shifted_g0,2030,mlp,photon_geometry,wq,6,0.0218430011930336,0.0832114331163188,4.0,0.6666666666666666,0.0316819161834018
collapsed_equivalence,grouped_physical_interpolation,,blocks_3x3_shifted_g0,2030,hgb,all_shooting,k,6,0.0002147017332266,0.0858806932906784,6.0,1.0,0.0005221003619646
collapsed_equivalence,grouped_physical_interpolation,,blocks_3x3_shifted_g0,2030,hgb,all_shooting,wq,6,0.0155467596066655,0.0592257508825354,6.0,1.0,0.0245434929293083
collapsed_equivalence,grouped_physical_interpolation,,blocks_3x3_shifted_g0,2030,random_forest,all_shooting,k,6,0.0003315651179453,0.1326260471781306,5.0,0.8333333333333334,0.0004595039682539
collapsed_equivalence,grouped_physical_interpolation,,blocks_3x3_shifted_g0,2030,random_forest,all_shooting,wq,6,0.0217614583333328,0.0829007936507918,2.0,0.3333333333333333,0.0180847222222224
collapsed_equivalence,grouped_physical_interpolation,,blocks_3x3_shifted_g0,2030,mlp,all_shooting,k,6,0.0002748305307017,0.1099322122806819,1.0,0.1666666666666666,0.0001921319793091
collapsed_equivalence,grouped_physical_interpolation,,blocks_3x3_shifted_g0,2030,mlp,all_shooting,wq,6,0.1247732064815059,0.4753265008819275,0.0,0.0,0.0810863615326317
collapsed_equivalence,grouped_physical_interpolation,,blocks_3x3_shifted_g0,2030,hgb,ringdown_plus_photon_geometry,k,6,0.0001412762713644,0.0565105085457738,6.0,1.0,0.0004204534664977
collapsed_equivalence,grouped_physical_interpolation,,blocks_3x3_shifted_g0,2030,hgb,ringdown_plus_photon_geometry,wq,6,0.0402657421293458,0.153393303349889,3.0,0.5,0.0441423401912702
collapsed_equivalence,grouped_physical_interpolation,,blocks_3x3_shifted_g0,2030,random_forest,ringdown_plus_photon_geometry,k,6,6.527777777777809e-05,0.0261111111111112,6.0,1.0,0.0002539583333333
collapsed_equivalence,grouped_physical_interpolation,,blocks_3x3_shifted_g0,2030,random_forest,ringdown_plus_photon_geometry,wq,6,0.0565495094797175,0.2154267027798762,3.0,0.5,0.0550167658730159
collapsed_equivalence,grouped_physical_interpolation,,blocks_3x3_shifted_g0,2030,mlp,ringdown_plus_photon_geometry,k,6,0.0002054443941576,0.082177757663067,6.0,1.0,0.0004056645492227
collapsed_equivalence,grouped_physical_interpolation,,blocks_3x3_shifted_g0,2030,mlp,ringdown_plus_photon_geometry,wq,6,0.1227416781106985,0.4675873451836134,0.0,0.0,0.0819439630154302
collapsed_equivalence,grouped_physical_interpolation,,blocks_3x3_shifted_g0,2030,hgb,ringdown_plus_all_shooting,k,6,0.0001049394919837,0.0419757967934922,6.0,1.0,0.0004549230417008
collapsed_equivalence,grouped_physical_interpolation,,blocks_3x3_shifted_g0,2030,hgb,ringdown_plus_all_shooting,wq,6,0.0158691808539555,0.0604540223007832,5.0,0.8333333333333334,0.0227401092394406
collapsed_equivalence,grouped_physical_interpolation,,blocks_3x3_shifted_g0,2030,random_forest,ringdown_plus_all_shooting,k,6,8.070932539682574e-05,0.0322837301587302,6.0,1.0,0.0002641666666666
collapsed_equivalence,grouped_physical_interpolation,,blocks_3x3_shifted_g0,2030,random_forest,ringdown_plus_all_shooting,wq,6,0.0218811342592587,0.0833567019400333,2.0,0.3333333333333333,0.0173839285714287
collapsed_equivalence,grouped_physical_interpolation,,blocks_3x3_shifted_g0,2030,mlp,ringdown_plus_all_shooting,k,6,6.424839119705135e-05,0.0256993564788205,6.0,1.0,0.0002925390627943
collapsed_equivalence,grouped_physical_interpolation,,blocks_3x3_shifted_g0,2030,mlp,ringdown_plus_all_shooting,wq,6,0.0540509481875414,0.2059083740477771,3.0,0.5,0.0683507272070557
collapsed_equivalence,grouped_physical_interpolation,,blocks_3x3_shifted_g1,2026,hgb,ringdown,k,8,0.000125,0.05,8.0,1.0,0.0002696046472483
collapsed_equivalence,grouped_physical_interpolation,,blocks_3x3_shifted_g1,2026,hgb,ringdown,wq,8,0.0368702460400086,0.140458080152414,8.0,1.0,0.1050095165309193
collapsed_equivalence,grouped_physical_interpolation,,blocks_3x3_shifted_g1,2026,random_forest,ringdown,k,8,2.3437500000000875e-06,0.0009375,8.0,1.0,0.000200625
collapsed_equivalence,grouped_physical_interpolation,,blocks_3x3_shifted_g1,2026,random_forest,ringdown,wq,8,0.043263988095238,0.1648151927437641,6.0,0.75,0.0682496169532625
collapsed_equivalence,grouped_physical_interpolation,,blocks_3x3_shifted_g1,2026,mlp,ringdown,k,8,1.941115844337537e-05,0.0077644633773501,8.0,1.0,9.609197965085975e-05
collapsed_equivalence,grouped_physical_interpolation,,blocks_3x3_shifted_g1,2026,mlp,ringdown,wq,8,0.0242301599975658,0.0923053714192985,6.0,0.75,0.0387658692160756
collapsed_equivalence,grouped_physical_interpolation,,blocks_3x3_shifted_g1,2026,hgb,photon_geometry,k,8,0.0001708687298404,0.068347491936189,8.0,1.0,0.000730451896955
collapsed_equivalence,grouped_physical_interpolation,,blocks_3x3_shifted_g1,2026,hgb,photon_geometry,wq,8,0.0361847025415343,0.1378464858725119,6.0,0.75,0.0511187838801286
collapsed_equivalence,grouped_physical_interpolation,,blocks_3x3_shifted_g1,2026,random_forest,photon_geometry,k,8,0.0002271692088293,0.0908676835317461,8.0,1.0,0.0004568353174603
collapsed_equivalence,grouped_physical_interpolation,,blocks_3x3_shifted_g1,2026,random_forest,photon_geometry,wq,8,0.0471571283895508,0.1796462033887652,1.0,0.125,0.0281545304232803
collapsed_equivalence,grouped_physical_interpolation,,blocks_3x3_shifted_g1,2026,mlp,photon_geometry,k,8,0.0008827156732904,0.353086269316162,8.0,1.0,0.0014099745134847
collapsed_equivalence,grouped_physical_interpolation,,blocks_3x3_shifted_g1,2026,mlp,photon_geometry,wq,8,0.0434777286854783,0.1656294426113461,8.0,1.0,0.1196424662472558
collapsed_equivalence,grouped_physical_interpolation,,blocks_3x3_shifted_g1,2026,hgb,all_shooting,k,8,7.312028476053547e-05,0.0292481139042141,8.0,1.0,0.0004102659383621
collapsed_equivalence,grouped_physical_interpolation,,blocks_3x3_shifted_g1,2026,hgb,all_shooting,wq,8,0.0192766802929311,0.0734349725444995,8.0,1.0,0.0520061293951019
collapsed_equivalence,grouped_physical_interpolation,,blocks_3x3_shifted_g1,2026,random_forest,all_shooting,k,8,0.0001223046875,0.048921875,8.0,1.0,0.0003751240079365
collapsed_equivalence,grouped_physical_interpolation,,blocks_3x3_shifted_g1,2026,random_forest,all_shooting,wq,8,0.0137108052248678,0.0522316389518775,8.0,1.0,0.0538431712962965
collapsed_equivalence,grouped_physical_interpolation,,blocks_3x3_shifted_g1,2026,mlp,all_shooting,k,8,9.423482873378656e-05,0.0376939314935146,8.0,1.0,0.0005410572092469
collapsed_equivalence,grouped_physical_interpolation,,blocks_3x3_shifted_g1,2026,mlp,all_shooting,wq,8,0.0354856884217941,0.1351835749401682,8.0,1.0,0.3549016604577286
collapsed_equivalence,grouped_physical_interpolation,,blocks_3x3_shifted_g1,2026,hgb,ringdown_plus_photon_geometry,k,8,0.0001182673441524,0.0473069376609813,8.0,1.0,0.0002852743795885
collapsed_equivalence,grouped_physical_interpolation,,blocks_3x3_shifted_g1,2026,hgb,ringdown_plus_photon_geometry,wq,8,0.0317291654309223,0.1208730111654183,7.0,0.875,0.0618951250085973
collapsed_equivalence,grouped_physical_interpolation,,blocks_3x3_shifted_g1,2026,random_forest,ringdown_plus_photon_geometry,k,8,6.345486111110882e-06,0.0025381944444443,8.0,1.0,0.0001958680555555
collapsed_equivalence,grouped_physical_interpolation,,blocks_3x3_shifted_g1,2026,random_forest,ringdown_plus_photon_geometry,wq,8,0.0460624607308206,0.1754760408793169,1.0,0.125,0.0309180555555556
collapsed_equivalence,grouped_physical_interpolation,,blocks_3x3_shifted_g1,2026,mlp,ringdown_plus_photon_geometry,k,8,2.240723152046601e-05,0.0089628926081864,8.0,1.0,0.0008501741024246
collapsed_equivalence,grouped_physical_interpolation,,blocks_3x3_shifted_g1,2026,mlp,ringdown_plus_photon_geometry,wq,8,0.0386957971883984,0.1474125607177081,6.0,0.75,0.04617209616307
collapsed_equivalence,grouped_physical_interpolation,,blocks_3x3_shifted_g1,2026,hgb,ringdown_plus_all_shooting,k,8,5.0187187055824734e-05,0.0200748748223298,8.0,1.0,0.0002150478193565
collapsed_equivalence,grouped_physical_interpolation,,blocks_3x3_shifted_g1,2026,hgb,ringdown_plus_all_shooting,wq,8,0.0191254473258126,0.0728588469554765,8.0,1.0,0.0513381847753553
collapsed_equivalence,grouped_physical_interpolation,,blocks_3x3_shifted_g1,2026,random_forest,ringdown_plus_all_shooting,k,8,1.0130208333333184e-05,0.0040520833333332,8.0,1.0,0.0001944444444444
collapsed_equivalence,grouped_physical_interpolation,,blocks_3x3_shifted_g1,2026,random_forest,ringdown_plus_all_shooting,wq,8,0.0137364273313493,0.0523292469765689,8.0,1.0,0.0527181712962966
collapsed_equivalence,grouped_physical_interpolation,,blocks_3x3_shifted_g1,2026,mlp,ringdown_plus_all_shooting,k,8,9.329693868219747e-06,0.0037318775472878,8.0,1.0,0.000390749386037
collapsed_equivalence,grouped_physical_interpolation,,blocks_3x3_shifted_g1,2026,mlp,ringdown_plus_all_shooting,wq,8,0.0289540962929261,0.1103013192111471,8.0,1.0,0.2642700126488246
collapsed_equivalence,grouped_physical_interpolation,,blocks_3x3_shifted_g1,2027,hgb,ringdown,k,8,0.000125,0.05,8.0,1.0,0.0002792987583791
collapsed_equivalence,grouped_physical_interpolation,,blocks_3x3_shifted_g1,2027,hgb,ringdown,wq,8,0.043327201068767,0.1650560040714933,6.0,0.75,0.0659290853461308
collapsed_equivalence,grouped_physical_interpolation,,blocks_3x3_shifted_g1,2027,random_forest,ringdown,k,8,3.901909722222224e-06,0.0015607638888888,8.0,1.0,0.0002114583333333
collapsed_equivalence,grouped_physical_interpolation,,blocks_3x3_shifted_g1,2027,random_forest,ringdown,wq,8,0.0498161106977513,0.1897756598009576,5.0,0.625,0.0627131944444443
collapsed_equivalence,grouped_physical_interpolation,,blocks_3x3_shifted_g1,2027,mlp,ringdown,k,8,0.0001278361925471,0.0511344770188738,8.0,1.0,0.0003140472377067
collapsed_equivalence,grouped_physical_interpolation,,blocks_3x3_shifted_g1,2027,mlp,ringdown,wq,8,0.0217928941928399,0.083020549306057,4.0,0.5,0.0193804244457933
collapsed_equivalence,grouped_physical_interpolation,,blocks_3x3_shifted_g1,2027,hgb,photon_geometry,k,8,0.0003230040721934,0.1292016288773639,8.0,1.0,0.0007069542573714
collapsed_equivalence,grouped_physical_interpolation,,blocks_3x3_shifted_g1,2027,hgb,photon_geometry,wq,8,0.0425510700203013,0.1620993143630527,6.0,0.75,0.0570153868457802
collapsed_equivalence,grouped_physical_interpolation,,blocks_3x3_shifted_g1,2027,random_forest,photon_geometry,k,8,0.0002416462053571,0.0966584821428573,8.0,1.0,0.0004501587301587
collapsed_equivalence,grouped_physical_interpolation,,blocks_3x3_shifted_g1,2027,random_forest,photon_geometry,wq,8,0.0561644469246035,0.2139597978080133,1.0,0.125,0.0347430555555561
collapsed_equivalence,grouped_physical_interpolation,,blocks_3x3_shifted_g1,2027,mlp,photon_geometry,k,8,5.890896695280546e-05,0.0235635867811221,8.0,1.0,0.0001059814547445
collapsed_equivalence,grouped_physical_interpolation,,blocks_3x3_shifted_g1,2027,mlp,photon_geometry,wq,8,0.0429013396756941,0.1634336749550251,2.0,0.25,0.0249055245417972
collapsed_equivalence,grouped_physical_interpolation,,blocks_3x3_shifted_g1,2027,hgb,all_shooting,k,8,8.23852271668255e-05,0.0329540908667302,8.0,1.0,0.000318293086308
collapsed_equivalence,grouped_physical_interpolation,,blocks_3x3_shifted_g1,2027,hgb,all_shooting,wq,8,0.0262376777544965,0.0999530581123678,5.0,0.625,0.0309391725926597
collapsed_equivalence,grouped_physical_interpolation,,blocks_3x3_shifted_g1,2027,random_forest,all_shooting,k,8,0.0002038502397486,0.081540095899471,8.0,1.0,0.0002869196428571
collapsed_equivalence,grouped_physical_interpolation,,blocks_3x3_shifted_g1,2027,random_forest,all_shooting,wq,8,0.0234399098875664,0.089294894809777,3.0,0.375,0.0180742559523806
collapsed_equivalence,grouped_physical_interpolation,,blocks_3x3_shifted_g1,2027,mlp,all_shooting,k,8,0.0002339236790215,0.09356947160863,8.0,1.0,0.0002857292515535
collapsed_equivalence,grouped_physical_interpolation,,blocks_3x3_shifted_g1,2027,mlp,all_shooting,wq,8,0.0574150706200134,0.2187240785524321,0.0,0.0,0.0320372148574699
collapsed_equivalence,grouped_physical_interpolation,,blocks_3x3_shifted_g1,2027,hgb,ringdown_plus_photon_geometry,k,8,0.0001764429067766,0.0705771627106625,6.0,0.75,0.0002809774494086
collapsed_equivalence,grouped_physical_interpolation,,blocks_3x3_shifted_g1,2027,hgb,ringdown_plus_photon_geometry,wq,8,0.0413320047045921,0.1574552560174937,4.0,0.5,0.0439340212279618
collapsed_equivalence,grouped_physical_interpolation,,blocks_3x3_shifted_g1,2027,random_forest,ringdown_plus_photon_geometry,k,8,1.0794270833333235e-05,0.0043177083333332,8.0,1.0,0.0001723561507936
collapsed_equivalence,grouped_physical_interpolation,,blocks_3x3_shifted_g1,2027,random_forest,ringdown_plus_photon_geometry,wq,8,0.0550192336309528,0.2095970804988678,1.0,0.125,0.0328076388888894
collapsed_equivalence,grouped_physical_interpolation,,blocks_3x3_shifted_g1,2027,mlp,ringdown_plus_photon_geometry,k,8,2.27987849811858e-05,0.0091195139924743,7.0,0.875,7.264637320111996e-05
collapsed_equivalence,grouped_physical_interpolation,,blocks_3x3_shifted_g1,2027,mlp,ringdown_plus_photon_geometry,wq,8,0.0274663824566425,0.1046338379300667,2.0,0.25,0.0164933036485424
collapsed_equivalence,grouped_physical_interpolation,,blocks_3x3_shifted_g1,2027,hgb,ringdown_plus_all_shooting,k,8,8.658843262605281e-05,0.0346353730504211,8.0,1.0,0.0002840508499379
collapsed_equivalence,grouped_physical_interpolation,,blocks_3x3_shifted_g1,2027,hgb,ringdown_plus_all_shooting,wq,8,0.0271589025766616,0.1034624860063301,5.0,0.625,0.0325170650894338
collapsed_equivalence,grouped_physical_interpolation,,blocks_3x3_shifted_g1,2027,random_forest,ringdown_plus_all_shooting,k,8,1.98263888888888e-05,0.0079305555555555,8.0,1.0,0.0001452546296296
collapsed_equivalence,grouped_physical_interpolation,,blocks_3x3_shifted_g1,2027,random_forest,ringdown_plus_all_shooting,wq,8,0.0240481936177252,0.0916121661627627,3.0,0.375,0.0167414351851853
collapsed_equivalence,grouped_physical_interpolation,,blocks_3x3_shifted_g1,2027,mlp,ringdown_plus_all_shooting,k,8,2.2326820775566872e-05,0.0089307283102267,8.0,1.0,0.000124375618982
collapsed_equivalence,grouped_physical_interpolation,,blocks_3x3_shifted_g1,2027,mlp,ringdown_plus_all_shooting,wq,8,0.0444242165044907,0.1692351104932981,1.0,0.125,0.024162568408509
collapsed_equivalence,grouped_physical_interpolation,,blocks_3x3_shifted_g1,2028,hgb,ringdown,k,8,0.000125,0.05,8.0,1.0,0.0003152818753957
collapsed_equivalence,grouped_physical_interpolation,,blocks_3x3_shifted_g1,2028,hgb,ringdown,wq,8,0.0436493007540885,0.1662830504917658,6.0,0.75,0.0777013984918228
collapsed_equivalence,grouped_physical_interpolation,,blocks_3x3_shifted_g1,2028,random_forest,ringdown,k,8,7.756076388889055e-06,0.0031024305555556,8.0,1.0,0.0002479166666666
collapsed_equivalence,grouped_physical_interpolation,,blocks_3x3_shifted_g1,2028,random_forest,ringdown,wq,8,0.0494094791854557,0.1882265873731647,6.0,0.75,0.0655829695767196
collapsed_equivalence,grouped_physical_interpolation,,blocks_3x3_shifted_g1,2028,mlp,ringdown,k,8,1.9393773990697253e-05,0.0077575095962789,8.0,1.0,0.0001238113749643
collapsed_equivalence,grouped_physical_interpolation,,blocks_3x3_shifted_g1,2028,mlp,ringdown,wq,8,0.0181301106625562,0.0690670882383095,2.0,0.25,0.0091574819209421
collapsed_equivalence,grouped_physical_interpolation,,blocks_3x3_shifted_g1,2028,hgb,photon_geometry,k,8,0.0002167543667785,0.0867017467114249,8.0,1.0,0.000540080939454
collapsed_equivalence,grouped_physical_interpolation,,blocks_3x3_shifted_g1,2028,hgb,photon_geometry,wq,8,0.0310250867338485,0.1181908066051372,3.0,0.375,0.0269660691641864
collapsed_equivalence,grouped_physical_interpolation,,blocks_3x3_shifted_g1,2028,random_forest,photon_geometry,k,8,0.0002164063533399,0.0865625413359789,8.0,1.0,0.0004611731150793
collapsed_equivalence,grouped_physical_interpolation,,blocks_3x3_shifted_g1,2028,random_forest,photon_geometry,wq,8,0.0557837510146108,0.2125095276747078,1.0,0.125,0.026528480489418
collapsed_equivalence,grouped_physical_interpolation,,blocks_3x3_shifted_g1,2028,mlp,photon_geometry,k,8,0.000263753169681,0.1055012678724178,8.0,1.0,0.0004993601043413
collapsed_equivalence,grouped_physical_interpolation,,blocks_3x3_shifted_g1,2028,mlp,photon_geometry,wq,8,0.0782761393097234,0.298194816417994,1.0,0.125,0.0488948087694727
collapsed_equivalence,grouped_physical_interpolation,,blocks_3x3_shifted_g1,2028,hgb,all_shooting,k,8,6.853872513879745e-05,0.0274154900555189,8.0,1.0,0.0003809952809224
collapsed_equivalence,grouped_physical_interpolation,,blocks_3x3_shifted_g1,2028,hgb,all_shooting,wq,8,0.0176652693175245,0.0672962640667603,6.0,0.75,0.0216038289434723
collapsed_equivalence,grouped_physical_interpolation,,blocks_3x3_shifted_g1,2028,random_forest,all_shooting,k,8,0.0001331237599206,0.053249503968254,8.0,1.0,0.0003788293650793
collapsed_equivalence,grouped_physical_interpolation,,blocks_3x3_shifted_g1,2028,random_forest,all_shooting,wq,8,0.0298352719907411,0.113658179012347,2.0,0.25,0.0217048611111114
collapsed_equivalence,grouped_physical_interpolation,,blocks_3x3_shifted_g1,2028,mlp,all_shooting,k,8,2.818301872641026e-05,0.0112732074905641,8.0,1.0,0.0001010288415611
collapsed_equivalence,grouped_physical_interpolation,,blocks_3x3_shifted_g1,2028,mlp,all_shooting,wq,8,0.0333952327029371,0.127219934106427,2.0,0.25,0.0087370368678777
collapsed_equivalence,grouped_physical_interpolation,,blocks_3x3_shifted_g1,2028,hgb,ringdown_plus_photon_geometry,k,8,0.0001463597180524,0.0585438872209687,8.0,1.0,0.0003389408358054
collapsed_equivalence,grouped_physical_interpolation,,blocks_3x3_shifted_g1,2028,hgb,ringdown_plus_photon_geometry,wq,8,0.0285201430577932,0.1086481640296884,3.0,0.375,0.0191058648264268
collapsed_equivalence,grouped_physical_interpolation,,blocks_3x3_shifted_g1,2028,random_forest,ringdown_plus_photon_geometry,k,8,5.425347222222379e-06,0.0021701388888889,8.0,1.0,0.0002499999999999
collapsed_equivalence,grouped_physical_interpolation,,blocks_3x3_shifted_g1,2028,random_forest,ringdown_plus_photon_geometry,wq,8,0.0551957322480764,0.2102694561831481,1.0,0.125,0.026141556147313
collapsed_equivalence,grouped_physical_interpolation,,blocks_3x3_shifted_g1,2028,mlp,ringdown_plus_photon_geometry,k,8,1.6977740029826017e-05,0.0067910960119304,8.0,1.0,0.0001234332612065
collapsed_equivalence,grouped_physical_interpolation,,blocks_3x3_shifted_g1,2028,mlp,ringdown_plus_photon_geometry,wq,8,0.0396970769990928,0.1512269599965441,2.0,0.25,0.0251056855979704
collapsed_equivalence,grouped_physical_interpolation,,blocks_3x3_shifted_g1,2028,hgb,ringdown_plus_all_shooting,k,8,3.212920139358649e-05,0.0128516805574345,8.0,1.0,0.0002860628211737
collapsed_equivalence,grouped_physical_interpolation,,blocks_3x3_shifted_g1,2028,hgb,ringdown_plus_all_shooting,wq,8,0.016952470060127,0.0645808383242936,5.0,0.625,0.0204264917556826
collapsed_equivalence,grouped_physical_interpolation,,blocks_3x3_shifted_g1,2028,random_forest,ringdown_plus_all_shooting,k,8,1.2291666666666947e-05,0.0049166666666667,8.0,1.0,0.0002489583333333
collapsed_equivalence,grouped_physical_interpolation,,blocks_3x3_shifted_g1,2028,random_forest,ringdown_plus_all_shooting,wq,8,0.0285663628472225,0.1088242394179908,2.0,0.25,0.0234821759259262
collapsed_equivalence,grouped_physical_interpolation,,blocks_3x3_shifted_g1,2028,mlp,ringdown_plus_all_shooting,k,8,5.537333700911541e-05,0.0221493348036461,8.0,1.0,0.000729449218322
collapsed_equivalence,grouped_physical_interpolation,,blocks_3x3_shifted_g1,2028,mlp,ringdown_plus_all_shooting,wq,8,0.0250117703290865,0.0952829345869962,0.0,0.0,0.0057280868516735
collapsed_equivalence,grouped_physical_interpolation,,blocks_3x3_shifted_g1,2029,hgb,ringdown,k,8,0.000125,0.05,8.0,1.0,0.000310418404862
collapsed_equivalence,grouped_physical_interpolation,,blocks_3x3_shifted_g1,2029,hgb,ringdown,wq,8,0.0403065749517939,0.1535488569592152,8.0,1.0,0.1177719609683393
collapsed_equivalence,grouped_physical_interpolation,,blocks_3x3_shifted_g1,2029,random_forest,ringdown,k,8,8.702256944444622e-06,0.0034809027777778,8.0,1.0,0.0002072966269841
collapsed_equivalence,grouped_physical_interpolation,,blocks_3x3_shifted_g1,2029,random_forest,ringdown,wq,8,0.0579099578373013,0.2206093631897195,7.0,0.875,0.0855788277116403
collapsed_equivalence,grouped_physical_interpolation,,blocks_3x3_shifted_g1,2029,mlp,ringdown,k,8,2.9981441224844336e-05,0.0119925764899377,8.0,1.0,5.962142919625746e-05
collapsed_equivalence,grouped_physical_interpolation,,blocks_3x3_shifted_g1,2029,mlp,ringdown,wq,8,0.0167240448628493,0.0637106470965688,2.0,0.25,0.0067133703500534
collapsed_equivalence,grouped_physical_interpolation,,blocks_3x3_shifted_g1,2029,hgb,photon_geometry,k,8,0.0002268812171913,0.0907524868765415,8.0,1.0,0.0006075156966799
collapsed_equivalence,grouped_physical_interpolation,,blocks_3x3_shifted_g1,2029,hgb,photon_geometry,wq,8,0.0402490077067518,0.1533295531685786,2.0,0.25,0.0259623982973103
collapsed_equivalence,grouped_physical_interpolation,,blocks_3x3_shifted_g1,2029,random_forest,photon_geometry,k,8,0.0002762023602843,0.1104809441137567,8.0,1.0,0.0004658901515151
collapsed_equivalence,grouped_physical_interpolation,,blocks_3x3_shifted_g1,2029,random_forest,photon_geometry,wq,8,0.0536413525132277,0.204348009574201,1.0,0.125,0.0232812500000005
collapsed_equivalence,grouped_physical_interpolation,,blocks_3x3_shifted_g1,2029,mlp,photon_geometry,k,8,8.150566860154961e-06,0.0032602267440619,8.0,1.0,9.45494185119382e-05
collapsed_equivalence,grouped_physical_interpolation,,blocks_3x3_shifted_g1,2029,mlp,photon_geometry,wq,8,0.0822641968204223,0.3133874164587518,0.0,0.0,0.0397860713772796
collapsed_equivalence,grouped_physical_interpolation,,blocks_3x3_shifted_g1,2029,hgb,all_shooting,k,8,6.503805581393036e-05,0.0260152223255721,8.0,1.0,0.0003831903971005
collapsed_equivalence,grouped_physical_interpolation,,blocks_3x3_shifted_g1,2029,hgb,all_shooting,wq,8,0.0108716484862077,0.0414158037569818,6.0,0.75,0.021588735340327
collapsed_equivalence,grouped_physical_interpolation,,blocks_3x3_shifted_g1,2029,random_forest,all_shooting,k,8,0.0001702101934523,0.0680840773809524,5.0,0.625,0.0002246362433862
collapsed_equivalence,grouped_physical_interpolation,,blocks_3x3_shifted_g1,2029,random_forest,all_shooting,wq,8,0.0133100115740741,0.0507048059964728,6.0,0.75,0.0201824074074077
collapsed_equivalence,grouped_physical_interpolation,,blocks_3x3_shifted_g1,2029,mlp,all_shooting,k,8,0.0001489539423238,0.0595815769295223,8.0,1.0,0.000197484340783
collapsed_equivalence,grouped_physical_interpolation,,blocks_3x3_shifted_g1,2029,mlp,all_shooting,wq,8,0.0416646023760869,0.1587222947660455,2.0,0.25,0.0195356084899102
collapsed_equivalence,grouped_physical_interpolation,,blocks_3x3_shifted_g1,2029,hgb,ringdown_plus_photon_geometry,k,8,0.0001137836349929,0.0455134539971811,8.0,1.0,0.0002868523565848
collapsed_equivalence,grouped_physical_interpolation,,blocks_3x3_shifted_g1,2029,hgb,ringdown_plus_photon_geometry,wq,8,0.0312437266034962,0.1190237203942714,3.0,0.375,0.0150565842985537
collapsed_equivalence,grouped_physical_interpolation,,blocks_3x3_shifted_g1,2029,random_forest,ringdown_plus_photon_geometry,k,8,6.723090277778007e-06,0.0026892361111112,8.0,1.0,0.0001897619047619
collapsed_equivalence,grouped_physical_interpolation,,blocks_3x3_shifted_g1,2029,random_forest,ringdown_plus_photon_geometry,wq,8,0.0523980634093918,0.1996116701310164,1.0,0.125,0.0222638888888893
collapsed_equivalence,grouped_physical_interpolation,,blocks_3x3_shifted_g1,2029,mlp,ringdown_plus_photon_geometry,k,8,2.417631562581175e-05,0.0096705262503246,8.0,1.0,8.080981454471102e-05
collapsed_equivalence,grouped_physical_interpolation,,blocks_3x3_shifted_g1,2029,mlp,ringdown_plus_photon_geometry,wq,8,0.0353039164332489,0.1344911102219006,2.0,0.25,0.0143191592822395
collapsed_equivalence,grouped_physical_interpolation,,blocks_3x3_shifted_g1,2029,hgb,ringdown_plus_all_shooting,k,8,5.382427062022962e-05,0.0215297082480918,8.0,1.0,0.0002542363914049
collapsed_equivalence,grouped_physical_interpolation,,blocks_3x3_shifted_g1,2029,hgb,ringdown_plus_all_shooting,wq,8,0.0107922170403655,0.0411132077728213,6.0,0.75,0.0187084824428075
collapsed_equivalence,grouped_physical_interpolation,,blocks_3x3_shifted_g1,2029,random_forest,ringdown_plus_all_shooting,k,8,7.730034722222522e-06,0.003092013888889,8.0,1.0,0.0001844494047619
collapsed_equivalence,grouped_physical_interpolation,,blocks_3x3_shifted_g1,2029,random_forest,ringdown_plus_all_shooting,wq,8,0.0134823061342593,0.0513611662257499,6.0,0.75,0.0215972222222224
collapsed_equivalence,grouped_physical_interpolation,,blocks_3x3_shifted_g1,2029,mlp,ringdown_plus_all_shooting,k,8,2.3563200860270952e-05,0.0094252803441083,8.0,1.0,0.0001061972185915
collapsed_equivalence,grouped_physical_interpolation,,blocks_3x3_shifted_g1,2029,mlp,ringdown_plus_all_shooting,wq,8,0.0336615433942761,0.1282344510258138,1.0,0.125,0.0200796401307996
collapsed_equivalence,grouped_physical_interpolation,,blocks_3x3_shifted_g1,2030,hgb,ringdown,k,8,0.0001803901668621,0.0721560667448728,8.0,1.0,0.0003053901668621
collapsed_equivalence,grouped_physical_interpolation,,blocks_3x3_shifted_g1,2030,hgb,ringdown,wq,8,0.0559744756483134,0.2132360977078605,8.0,1.0,0.1509744756483133
collapsed_equivalence,grouped_physical_interpolation,,blocks_3x3_shifted_g1,2030,random_forest,ringdown,k,8,2.1414930555555743e-05,0.0085659722222222,8.0,1.0,0.0001169791666666
collapsed_equivalence,grouped_physical_interpolation,,blocks_3x3_shifted_g1,2030,random_forest,ringdown,wq,8,0.0750645426862874,0.2859601626144282,8.0,1.0,0.1662152502204583
collapsed_equivalence,grouped_physical_interpolation,,blocks_3x3_shifted_g1,2030,mlp,ringdown,k,8,3.569550755560036e-05,0.0142782030222401,8.0,1.0,7.610036734627011e-05
collapsed_equivalence,grouped_physical_interpolation,,blocks_3x3_shifted_g1,2030,mlp,ringdown,wq,8,0.0346690660723676,0.1320726326566387,8.0,1.0,0.0911513635336465
collapsed_equivalence,grouped_physical_interpolation,,blocks_3x3_shifted_g1,2030,hgb,photon_geometry,k,8,0.0001867523638657,0.0747009455463106,8.0,1.0,0.000538979066643
collapsed_equivalence,grouped_physical_interpolation,,blocks_3x3_shifted_g1,2030,hgb,photon_geometry,wq,8,0.0396362782519241,0.1509953457216158,6.0,0.75,0.0477267910894055
collapsed_equivalence,grouped_physical_interpolation,,blocks_3x3_shifted_g1,2030,random_forest,photon_geometry,k,8,0.0001984697984307,0.0793879193722944,8.0,1.0,0.000635400583213
collapsed_equivalence,grouped_physical_interpolation,,blocks_3x3_shifted_g1,2030,random_forest,photon_geometry,wq,8,0.0535381737764554,0.2039549477198301,5.0,0.625,0.0546600446428573
collapsed_equivalence,grouped_physical_interpolation,,blocks_3x3_shifted_g1,2030,mlp,photon_geometry,k,8,3.098049684930706e-05,0.0123921987397228,8.0,1.0,0.0001601691377415
collapsed_equivalence,grouped_physical_interpolation,,blocks_3x3_shifted_g1,2030,mlp,photon_geometry,wq,8,0.0389782002222136,0.1484883817989089,2.0,0.25,0.0254764361311828
collapsed_equivalence,grouped_physical_interpolation,,blocks_3x3_shifted_g1,2030,hgb,all_shooting,k,8,9.718473841979782e-05,0.0388738953679191,8.0,1.0,0.0002929178780248
collapsed_equivalence,grouped_physical_interpolation,,blocks_3x3_shifted_g1,2030,hgb,all_shooting,wq,8,0.0112693548209076,0.0429308755082197,8.0,1.0,0.0503895957114207
collapsed_equivalence,grouped_physical_interpolation,,blocks_3x3_shifted_g1,2030,random_forest,all_shooting,k,8,0.0001521391369047,0.0608556547619048,8.0,1.0,0.0003345138888888
collapsed_equivalence,grouped_physical_interpolation,,blocks_3x3_shifted_g1,2030,random_forest,all_shooting,wq,8,0.0110193625240501,0.0419785239011432,7.0,0.875,0.0324199374699376
collapsed_equivalence,grouped_physical_interpolation,,blocks_3x3_shifted_g1,2030,mlp,all_shooting,k,8,0.0006773362043032,0.2709344817213119,8.0,1.0,0.0011229658924525
collapsed_equivalence,grouped_physical_interpolation,,blocks_3x3_shifted_g1,2030,mlp,all_shooting,wq,8,0.0300103751656221,0.1143252387261797,4.0,0.5,0.0289881849741965
collapsed_equivalence,grouped_physical_interpolation,,blocks_3x3_shifted_g1,2030,hgb,ringdown_plus_photon_geometry,k,8,0.00021036146199,0.0841445847960275,4.0,0.5,0.0002169503202471
collapsed_equivalence,grouped_physical_interpolation,,blocks_3x3_shifted_g1,2030,hgb,ringdown_plus_photon_geometry,wq,8,0.040759233076268,0.1552732688619736,5.0,0.625,0.0477043181816776
collapsed_equivalence,grouped_physical_interpolation,,blocks_3x3_shifted_g1,2030,random_forest,ringdown_plus_photon_geometry,k,8,3.480902777777806e-05,0.0139236111111112,8.0,1.0,0.0001426041666666
collapsed_equivalence,grouped_physical_interpolation,,blocks_3x3_shifted_g1,2030,random_forest,ringdown_plus_photon_geometry,wq,8,0.0527904720568786,0.2011065602166804,5.0,0.625,0.0577452132936509
collapsed_equivalence,grouped_physical_interpolation,,blocks_3x3_shifted_g1,2030,mlp,ringdown_plus_photon_geometry,k,8,2.024654704627204e-05,0.0080986188185088,8.0,1.0,7.371916315307902e-05
collapsed_equivalence,grouped_physical_interpolation,,blocks_3x3_shifted_g1,2030,mlp,ringdown_plus_photon_geometry,wq,8,0.0375987132007008,0.1432331931455271,7.0,0.875,0.0593725666482008
collapsed_equivalence,grouped_physical_interpolation,,blocks_3x3_shifted_g1,2030,hgb,ringdown_plus_all_shooting,k,8,7.829167992187344e-05,0.0313166719687493,8.0,1.0,0.0002401600433019
collapsed_equivalence,grouped_physical_interpolation,,blocks_3x3_shifted_g1,2030,hgb,ringdown_plus_all_shooting,wq,8,0.0114912248830635,0.043776094792623,8.0,1.0,0.0496135240531138
collapsed_equivalence,grouped_physical_interpolation,,blocks_3x3_shifted_g1,2030,random_forest,ringdown_plus_all_shooting,k,8,4.973090277777807e-05,0.0198923611111112,8.0,1.0,0.0001341666666666
collapsed_equivalence,grouped_physical_interpolation,,blocks_3x3_shifted_g1,2030,random_forest,ringdown_plus_all_shooting,wq,8,0.0107186680796056,0.0408330212556405,8.0,1.0,0.0335807870370378
collapsed_equivalence,grouped_physical_interpolation,,blocks_3x3_shifted_g1,2030,mlp,ringdown_plus_all_shooting,k,8,3.107394934307329e-05,0.0124295797372293,8.0,1.0,0.0001222424185621
collapsed_equivalence,grouped_physical_interpolation,,blocks_3x3_shifted_g1,2030,mlp,ringdown_plus_all_shooting,wq,8,0.0466300887922821,0.1776384334944082,7.0,0.875,0.0707256494574795
collapsed_equivalence,grouped_physical_interpolation,,blocks_3x3_shifted_g2,2026,hgb,ringdown,k,8,0.000125,0.05,8.0,1.0,0.0002729384641739
collapsed_equivalence,grouped_physical_interpolation,,blocks_3x3_shifted_g2,2026,hgb,ringdown,wq,8,0.1132960956765378,0.4316041740058582,2.0,0.25,0.0801242229695974
collapsed_equivalence,grouped_physical_interpolation,,blocks_3x3_shifted_g2,2026,random_forest,ringdown,k,8,8.309151785714266e-05,0.033236607142857,8.0,1.0,0.0001854687499999
collapsed_equivalence,grouped_physical_interpolation,,blocks_3x3_shifted_g2,2026,random_forest,ringdown,wq,8,0.1449946531911375,0.552360583585286,0.0,0.0,0.0571706349206349
collapsed_equivalence,grouped_physical_interpolation,,blocks_3x3_shifted_g2,2026,mlp,ringdown,k,8,1.0503080545295142e-05,0.004201232218118,8.0,1.0,0.0001749027244566
collapsed_equivalence,grouped_physical_interpolation,,blocks_3x3_shifted_g2,2026,mlp,ringdown,wq,8,0.0904991020712594,0.3447584840809884,0.0,0.0,0.0178976659428142
collapsed_equivalence,grouped_physical_interpolation,,blocks_3x3_shifted_g2,2026,hgb,photon_geometry,k,8,0.0002382365946507,0.0952946378603105,8.0,1.0,0.0005850750666276
collapsed_equivalence,grouped_physical_interpolation,,blocks_3x3_shifted_g2,2026,hgb,photon_geometry,wq,8,0.0240293277170106,0.0915402960648025,8.0,1.0,0.0579703181962037
collapsed_equivalence,grouped_physical_interpolation,,blocks_3x3_shifted_g2,2026,random_forest,photon_geometry,k,8,8.949508101851854e-05,0.0357980324074074,8.0,1.0,0.0006253376022126
collapsed_equivalence,grouped_physical_interpolation,,blocks_3x3_shifted_g2,2026,random_forest,photon_geometry,wq,8,0.0169561218584652,0.0645947499370106,7.0,0.875,0.0456885582010586
collapsed_equivalence,grouped_physical_interpolation,,blocks_3x3_shifted_g2,2026,mlp,photon_geometry,k,8,3.3924891256860166e-05,0.013569956502744,8.0,1.0,0.0002529989105358
collapsed_equivalence,grouped_physical_interpolation,,blocks_3x3_shifted_g2,2026,mlp,photon_geometry,wq,8,0.0486238277422321,0.1852336294942177,8.0,1.0,0.0970157350829313
collapsed_equivalence,grouped_physical_interpolation,,blocks_3x3_shifted_g2,2026,hgb,all_shooting,k,8,0.0001040004314048,0.0416001725619422,8.0,1.0,0.0004851584278311
collapsed_equivalence,grouped_physical_interpolation,,blocks_3x3_shifted_g2,2026,hgb,all_shooting,wq,8,0.0630931183148293,0.240354736437445,2.0,0.25,0.033568256831553
collapsed_equivalence,grouped_physical_interpolation,,blocks_3x3_shifted_g2,2026,random_forest,all_shooting,k,8,9.185515873015884e-05,0.0367420634920635,8.0,1.0,0.0004237251984126
collapsed_equivalence,grouped_physical_interpolation,,blocks_3x3_shifted_g2,2026,random_forest,all_shooting,wq,8,0.0684554997519842,0.2607828561980351,3.0,0.375,0.0357273148148148
collapsed_equivalence,grouped_physical_interpolation,,blocks_3x3_shifted_g2,2026,mlp,all_shooting,k,8,6.00181828905749e-05,0.0240072731562299,8.0,1.0,0.0002807585657731
collapsed_equivalence,grouped_physical_interpolation,,blocks_3x3_shifted_g2,2026,mlp,all_shooting,wq,8,0.0297069148336969,0.1131691993664645,8.0,1.0,0.0833860697952229
collapsed_equivalence,grouped_physical_interpolation,,blocks_3x3_shifted_g2,2026,hgb,ringdown_plus_photon_geometry,k,8,0.0001138667481137,0.0455466992455063,8.0,1.0,0.0003241438182232
collapsed_equivalence,grouped_physical_interpolation,,blocks_3x3_shifted_g2,2026,hgb,ringdown_plus_photon_geometry,wq,8,0.0235079759557942,0.0895541941173112,8.0,1.0,0.0453368168536653
collapsed_equivalence,grouped_physical_interpolation,,blocks_3x3_shifted_g2,2026,random_forest,ringdown_plus_photon_geometry,k,8,8.213665674603155e-05,0.0328546626984126,8.0,1.0,0.0001742708333333
collapsed_equivalence,grouped_physical_interpolation,,blocks_3x3_shifted_g2,2026,random_forest,ringdown_plus_photon_geometry,wq,8,0.016344634589947,0.0622652746283695,7.0,0.875,0.0447126322751326
collapsed_equivalence,grouped_physical_interpolation,,blocks_3x3_shifted_g2,2026,mlp,ringdown_plus_photon_geometry,k,8,1.3022054824754925e-05,0.0052088219299019,8.0,1.0,0.0001621030497426
collapsed_equivalence,grouped_physical_interpolation,,blocks_3x3_shifted_g2,2026,mlp,ringdown_plus_photon_geometry,wq,8,0.0673673662531225,0.2566375857261811,1.0,0.125,0.0276874724904216
collapsed_equivalence,grouped_physical_interpolation,,blocks_3x3_shifted_g2,2026,hgb,ringdown_plus_all_shooting,k,8,9.915120543727142e-05,0.0396604821749085,8.0,1.0,0.0003038262769038
collapsed_equivalence,grouped_physical_interpolation,,blocks_3x3_shifted_g2,2026,hgb,ringdown_plus_all_shooting,wq,8,0.0649344423522129,0.2473693041989063,2.0,0.25,0.0339732664364555
collapsed_equivalence,grouped_physical_interpolation,,blocks_3x3_shifted_g2,2026,random_forest,ringdown_plus_all_shooting,k,8,0.0001224187748015,0.0489675099206348,5.0,0.625,0.0001638888888888
collapsed_equivalence,grouped_physical_interpolation,,blocks_3x3_shifted_g2,2026,random_forest,ringdown_plus_all_shooting,wq,8,0.0682185205853175,0.2598800784202573,3.0,0.375,0.0384113425925927
collapsed_equivalence,grouped_physical_interpolation,,blocks_3x3_shifted_g2,2026,mlp,ringdown_plus_all_shooting,k,8,1.8141107667875173e-05,0.00725644306715,8.0,1.0,0.0001306591188231
collapsed_equivalence,grouped_physical_interpolation,,blocks_3x3_shifted_g2,2026,mlp,ringdown_plus_all_shooting,wq,8,0.0462804247963942,0.1763063801767399,1.0,0.125,0.0129361953719369
collapsed_equivalence,grouped_physical_interpolation,,blocks_3x3_shifted_g2,2027,hgb,ringdown,k,8,0.000125,0.05,8.0,1.0,0.0002684116387951
collapsed_equivalence,grouped_physical_interpolation,,blocks_3x3_shifted_g2,2027,hgb,ringdown,wq,8,0.0983200932733919,0.3745527362795882,6.0,0.75,0.1130772242748733
collapsed_equivalence,grouped_physical_interpolation,,blocks_3x3_shifted_g2,2027,random_forest,ringdown,k,8,6.782614087301567e-05,0.0271304563492062,8.0,1.0,0.0002344791666666
collapsed_equivalence,grouped_physical_interpolation,,blocks_3x3_shifted_g2,2027,random_forest,ringdown,wq,8,0.1156542128251761,0.4405874774292426,3.0,0.375,0.0930263062169314
collapsed_equivalence,grouped_physical_interpolation,,blocks_3x3_shifted_g2,2027,mlp,ringdown,k,8,2.068837784945137e-05,0.0082753511397805,8.0,1.0,0.0001194277375135
collapsed_equivalence,grouped_physical_interpolation,,blocks_3x3_shifted_g2,2027,mlp,ringdown,wq,8,0.0753430877796861,0.2870212867797567,1.0,0.125,0.0487056145319787
collapsed_equivalence,grouped_physical_interpolation,,blocks_3x3_shifted_g2,2027,hgb,photon_geometry,k,8,0.0001259821024734,0.0503928409893787,8.0,1.0,0.0007557934780316
collapsed_equivalence,grouped_physical_interpolation,,blocks_3x3_shifted_g2,2027,hgb,photon_geometry,wq,8,0.0307757568867612,0.1172409786162334,6.0,0.75,0.0504728995908135
collapsed_equivalence,grouped_physical_interpolation,,blocks_3x3_shifted_g2,2027,random_forest,photon_geometry,k,8,0.0001194806134259,0.0477922453703703,8.0,1.0,0.0005062028769841
collapsed_equivalence,grouped_physical_interpolation,,blocks_3x3_shifted_g2,2027,random_forest,photon_geometry,wq,8,0.0170482432208995,0.0649456884605698,7.0,0.875,0.0361711419753087
collapsed_equivalence,grouped_physical_interpolation,,blocks_3x3_shifted_g2,2027,mlp,photon_geometry,k,8,5.329251174149613e-05,0.0213170046965984,8.0,1.0,0.0002943041704051
collapsed_equivalence,grouped_physical_interpolation,,blocks_3x3_shifted_g2,2027,mlp,photon_geometry,wq,8,0.0286909712325577,0.1092989380287915,3.0,0.375,0.0135561561162789
collapsed_equivalence,grouped_physical_interpolation,,blocks_3x3_shifted_g2,2027,hgb,all_shooting,k,8,7.507751949526248e-05,0.0300310077981049,8.0,1.0,0.000395671457142
collapsed_equivalence,grouped_physical_interpolation,,blocks_3x3_shifted_g2,2027,hgb,all_shooting,wq,8,0.0588593565912227,0.2242261203475153,2.0,0.25,0.0269701412093748
collapsed_equivalence,grouped_physical_interpolation,,blocks_3x3_shifted_g2,2027,random_forest,all_shooting,k,8,9.862661210317446e-05,0.0394506448412697,8.0,1.0,0.0004162450396825
collapsed_equivalence,grouped_physical_interpolation,,blocks_3x3_shifted_g2,2027,random_forest,all_shooting,wq,8,0.0464957465277777,0.1771266534391533,2.0,0.25,0.024275722001764
collapsed_equivalence,grouped_physical_interpolation,,blocks_3x3_shifted_g2,2027,mlp,all_shooting,k,8,7.813481750260785e-05,0.0312539270010431,8.0,1.0,0.0004250079075191
collapsed_equivalence,grouped_physical_interpolation,,blocks_3x3_shifted_g2,2027,mlp,all_shooting,wq,8,0.0343178545728437,0.1307346840870236,2.0,0.25,0.013289507501077
collapsed_equivalence,grouped_physical_interpolation,,blocks_3x3_shifted_g2,2027,hgb,ringdown_plus_photon_geometry,k,8,0.0001066165041191,0.0426466016476413,8.0,1.0,0.0002886539567168
collapsed_equivalence,grouped_physical_interpolation,,blocks_3x3_shifted_g2,2027,hgb,ringdown_plus_photon_geometry,wq,8,0.0293064054764575,0.1116434494341238,6.0,0.75,0.0426722635924797
collapsed_equivalence,grouped_physical_interpolation,,blocks_3x3_shifted_g2,2027,random_forest,ringdown_plus_photon_geometry,k,8,8.38293650793649e-05,0.0335317460317459,8.0,1.0,0.0002394097222222
collapsed_equivalence,grouped_physical_interpolation,,blocks_3x3_shifted_g2,2027,random_forest,ringdown_plus_photon_geometry,wq,8,0.017717935681217,0.0674968978332077,7.0,0.875,0.036117008377425
collapsed_equivalence,grouped_physical_interpolation,,blocks_3x3_shifted_g2,2027,mlp,ringdown_plus_photon_geometry,k,8,3.579289390223011e-05,0.014317157560892,8.0,1.0,0.0001149711454206
collapsed_equivalence,grouped_physical_interpolation,,blocks_3x3_shifted_g2,2027,mlp,ringdown_plus_photon_geometry,wq,8,0.0524164181761269,0.1996815930519123,0.0,0.0,0.0088593100035723
collapsed_equivalence,grouped_physical_interpolation,,blocks_3x3_shifted_g2,2027,hgb,ringdown_plus_all_shooting,k,8,7.990027449118203e-05,0.0319601097964728,8.0,1.0,0.0002885873651774
collapsed_equivalence,grouped_physical_interpolation,,blocks_3x3_shifted_g2,2027,hgb,ringdown_plus_all_shooting,wq,8,0.0594581207305966,0.2265071265927489,2.0,0.25,0.0261713396149572
collapsed_equivalence,grouped_physical_interpolation,,blocks_3x3_shifted_g2,2027,random_forest,ringdown_plus_all_shooting,k,8,0.000140027281746,0.0560109126984126,6.0,0.75,0.0002078472222222
collapsed_equivalence,grouped_physical_interpolation,,blocks_3x3_shifted_g2,2027,random_forest,ringdown_plus_all_shooting,wq,8,0.0467704861111111,0.1781732804232805,2.0,0.25,0.0238812114197535
collapsed_equivalence,grouped_physical_interpolation,,blocks_3x3_shifted_g2,2027,mlp,ringdown_plus_all_shooting,k,8,1.195379709238942e-05,0.0047815188369557,8.0,1.0,0.000118695454778
collapsed_equivalence,grouped_physical_interpolation,,blocks_3x3_shifted_g2,2027,mlp,ringdown_plus_all_shooting,wq,8,0.0409685638648222,0.1560707194850372,1.0,0.125,0.0066827491726891
collapsed_equivalence,grouped_physical_interpolation,,blocks_3x3_shifted_g2,2028,hgb,ringdown,k,8,0.000125,0.05,4.0,0.5,0.0002248283331715
collapsed_equivalence,grouped_physical_interpolation,,blocks_3x3_shifted_g2,2028,hgb,ringdown,wq,8,0.1019542811734667,0.3883972616132067,4.0,0.5,0.0933669989488353
collapsed_equivalence,grouped_physical_interpolation,,blocks_3x3_shifted_g2,2028,random_forest,ringdown,k,8,8.631944444444423e-05,0.0345277777777776,8.0,1.0,0.000213998015873
collapsed_equivalence,grouped_physical_interpolation,,blocks_3x3_shifted_g2,2028,random_forest,ringdown,wq,8,0.123025128141534,0.4686671548248917,0.0,0.0,0.0702075231481478
collapsed_equivalence,grouped_physical_interpolation,,blocks_3x3_shifted_g2,2028,mlp,ringdown,k,8,6.322394158732981e-06,0.0025289576634931,8.0,1.0,0.0001206446604817
collapsed_equivalence,grouped_physical_interpolation,,blocks_3x3_shifted_g2,2028,mlp,ringdown,wq,8,0.0615629152598451,0.2345253914660768,0.0,0.0,0.0112095418837919
collapsed_equivalence,grouped_physical_interpolation,,blocks_3x3_shifted_g2,2028,hgb,photon_geometry,k,8,0.0001686548701457,0.0674619480583156,8.0,1.0,0.0007783507217392
collapsed_equivalence,grouped_physical_interpolation,,blocks_3x3_shifted_g2,2028,hgb,photon_geometry,wq,8,0.037116862228136,0.1413975703928991,4.0,0.5,0.0371135095821586
collapsed_equivalence,grouped_physical_interpolation,,blocks_3x3_shifted_g2,2028,random_forest,photon_geometry,k,8,0.0001278079530423,0.0511231812169311,8.0,1.0,0.0004897891865079
collapsed_equivalence,grouped_physical_interpolation,,blocks_3x3_shifted_g2,2028,random_forest,photon_geometry,wq,8,0.0157724640376983,0.06008557728647,7.0,0.875,0.0291632275132276
collapsed_equivalence,grouped_physical_interpolation,,blocks_3x3_shifted_g2,2028,mlp,photon_geometry,k,8,1.5873464322114383e-05,0.0063493857288457,8.0,1.0,0.0001341910322999
collapsed_equivalence,grouped_physical_interpolation,,blocks_3x3_shifted_g2,2028,mlp,photon_geometry,wq,8,0.0313039329818893,0.1192530780262449,4.0,0.5,0.0324095690697319
collapsed_equivalence,grouped_physical_interpolation,,blocks_3x3_shifted_g2,2028,hgb,all_shooting,k,8,0.0001069982170162,0.0427992868065123,8.0,1.0,0.0004949336916748
collapsed_equivalence,grouped_physical_interpolation,,blocks_3x3_shifted_g2,2028,hgb,all_shooting,wq,8,0.0601068525094571,0.228978485750313,1.0,0.125,0.0221153245473324
collapsed_equivalence,grouped_physical_interpolation,,blocks_3x3_shifted_g2,2028,random_forest,all_shooting,k,8,0.0001082378472222,0.0432951388888888,8.0,1.0,0.0003785664682539
collapsed_equivalence,grouped_physical_interpolation,,blocks_3x3_shifted_g2,2028,random_forest,all_shooting,wq,8,0.0359209201388889,0.1368416005291008,3.0,0.375,0.0196979166666658
collapsed_equivalence,grouped_physical_interpolation,,blocks_3x3_shifted_g2,2028,mlp,all_shooting,k,8,5.73741111498695e-05,0.0229496444599477,8.0,1.0,0.0001675388204304
collapsed_equivalence,grouped_physical_interpolation,,blocks_3x3_shifted_g2,2028,mlp,all_shooting,wq,8,0.0430246121209583,0.1639032842703176,1.0,0.125,0.008113388398201
collapsed_equivalence,grouped_physical_interpolation,,blocks_3x3_shifted_g2,2028,hgb,ringdown_plus_photon_geometry,k,8,0.0001041716885487,0.0416686754195144,8.0,1.0,0.0002447377200407
collapsed_equivalence,grouped_physical_interpolation,,blocks_3x3_shifted_g2,2028,hgb,ringdown_plus_photon_geometry,wq,8,0.0344481650619315,0.1312311049978344,4.0,0.5,0.0296052467285953
collapsed_equivalence,grouped_physical_interpolation,,blocks_3x3_shifted_g2,2028,random_forest,ringdown_plus_photon_geometry,k,8,9.796006944444424e-05,0.0391840277777777,8.0,1.0,0.0001962499999999
collapsed_equivalence,grouped_physical_interpolation,,blocks_3x3_shifted_g2,2028,random_forest,ringdown_plus_photon_geometry,wq,8,0.0156146143353174,0.0594842450869235,7.0,0.875,0.0270232253086418
collapsed_equivalence,grouped_physical_interpolation,,blocks_3x3_shifted_g2,2028,mlp,ringdown_plus_photon_geometry,k,8,3.114852598491863e-05,0.0124594103939674,8.0,1.0,0.0001705635801615
collapsed_equivalence,grouped_physical_interpolation,,blocks_3x3_shifted_g2,2028,mlp,ringdown_plus_photon_geometry,wq,8,0.053533964011756,0.2039389105209753,1.0,0.125,0.0183282099763599
collapsed_equivalence,grouped_physical_interpolation,,blocks_3x3_shifted_g2,2028,hgb,ringdown_plus_all_shooting,k,8,5.792913528629525e-05,0.0231716541145181,8.0,1.0,0.0001984407779615
collapsed_equivalence,grouped_physical_interpolation,,blocks_3x3_shifted_g2,2028,hgb,ringdown_plus_all_shooting,wq,8,0.0599080161206495,0.2282210137929507,1.0,0.125,0.0240795757704527
collapsed_equivalence,grouped_physical_interpolation,,blocks_3x3_shifted_g2,2028,random_forest,ringdown_plus_all_shooting,k,8,0.0001129210069444,0.0451684027777777,8.0,1.0,0.0001853472222222
collapsed_equivalence,grouped_physical_interpolation,,blocks_3x3_shifted_g2,2028,random_forest,ringdown_plus_all_shooting,wq,8,0.0352377604166667,0.1342390873015875,3.0,0.375,0.0196545138888895
collapsed_equivalence,grouped_physical_interpolation,,blocks_3x3_shifted_g2,2028,mlp,ringdown_plus_all_shooting,k,8,2.048232779344778e-05,0.0081929311173791,8.0,1.0,0.0001147749376184
collapsed_equivalence,grouped_physical_interpolation,,blocks_3x3_shifted_g2,2028,mlp,ringdown_plus_all_shooting,wq,8,0.0469764791362971,0.1789580157573224,3.0,0.375,0.0382596094983569
collapsed_equivalence,grouped_physical_interpolation,,blocks_3x3_shifted_g2,2029,hgb,ringdown,k,8,0.000125,0.05,8.0,1.0,0.0003270672220707
collapsed_equivalence,grouped_physical_interpolation,,blocks_3x3_shifted_g2,2029,hgb,ringdown,wq,8,0.1160565646560862,0.4421202463088998,2.0,0.25,0.0864434353439137
collapsed_equivalence,grouped_physical_interpolation,,blocks_3x3_shifted_g2,2029,random_forest,ringdown,k,8,8.993758267195748e-05,0.0359750330687829,8.0,1.0,0.0001434970238095
collapsed_equivalence,grouped_physical_interpolation,,blocks_3x3_shifted_g2,2029,random_forest,ringdown,wq,8,0.1354567990795852,0.5160259012555627,0.0,0.0,0.0667634589947094
collapsed_equivalence,grouped_physical_interpolation,,blocks_3x3_shifted_g2,2029,mlp,ringdown,k,8,1.5981460291610188e-05,0.006392584116644,8.0,1.0,5.1818873638204014e-05
collapsed_equivalence,grouped_physical_interpolation,,blocks_3x3_shifted_g2,2029,mlp,ringdown,wq,8,0.0805413759573739,0.3068242893614247,1.0,0.125,0.0420750945268816
collapsed_equivalence,grouped_physical_interpolation,,blocks_3x3_shifted_g2,2029,hgb,photon_geometry,k,8,0.0002779526273386,0.1111810509354448,4.0,0.5,0.0003468421628983
collapsed_equivalence,grouped_physical_interpolation,,blocks_3x3_shifted_g2,2029,hgb,photon_geometry,wq,8,0.0237945635055051,0.0906459562114481,7.0,0.875,0.0365023711474197
collapsed_equivalence,grouped_physical_interpolation,,blocks_3x3_shifted_g2,2029,random_forest,photon_geometry,k,8,9.995845734126984e-05,0.0399833829365079,8.0,1.0,0.0003420081018518
collapsed_equivalence,grouped_physical_interpolation,,blocks_3x3_shifted_g2,2029,random_forest,photon_geometry,wq,8,0.0179834635416665,0.0685084325396819,8.0,1.0,0.0451148809523803
collapsed_equivalence,grouped_physical_interpolation,,blocks_3x3_shifted_g2,2029,mlp,photon_geometry,k,8,0.0011157653122701,0.4463061249080503,8.0,1.0,0.001242626834797
collapsed_equivalence,grouped_physical_interpolation,,blocks_3x3_shifted_g2,2029,mlp,photon_geometry,wq,8,0.0262046484976714,0.0998272323720816,8.0,1.0,0.0672181863945954
collapsed_equivalence,grouped_physical_interpolation,,blocks_3x3_shifted_g2,2029,hgb,all_shooting,k,8,0.0001723091581338,0.068923663253533,8.0,1.0,0.0004332576356868
collapsed_equivalence,grouped_physical_interpolation,,blocks_3x3_shifted_g2,2029,hgb,all_shooting,wq,8,0.0585963914444588,0.223224348359843,1.0,0.125,0.0277004178990363
collapsed_equivalence,grouped_physical_interpolation,,blocks_3x3_shifted_g2,2029,random_forest,all_shooting,k,8,8.442315641534379e-05,0.0337692625661375,8.0,1.0,0.0002475595238095
collapsed_equivalence,grouped_physical_interpolation,,blocks_3x3_shifted_g2,2029,random_forest,all_shooting,wq,8,0.0603643766534392,0.2299595301083399,4.0,0.5,0.046287962962963
collapsed_equivalence,grouped_physical_interpolation,,blocks_3x3_shifted_g2,2029,mlp,all_shooting,k,8,6.419564367230052e-05,0.0256782574689202,8.0,1.0,0.0002160762552263
collapsed_equivalence,grouped_physical_interpolation,,blocks_3x3_shifted_g2,2029,mlp,all_shooting,wq,8,0.0372547606339075,0.1419228976529812,5.0,0.625,0.0490603831043203
collapsed_equivalence,grouped_physical_interpolation,,blocks_3x3_shifted_g2,2029,hgb,ringdown_plus_photon_geometry,k,8,0.0001159472772062,0.0463789108825111,8.0,1.0,0.0002925436453618
collapsed_equivalence,grouped_physical_interpolation,,blocks_3x3_shifted_g2,2029,hgb,ringdown_plus_photon_geometry,wq,8,0.0235336235891669,0.0896518993873026,6.0,0.75,0.0416430619830755
collapsed_equivalence,grouped_physical_interpolation,,blocks_3x3_shifted_g2,2029,random_forest,ringdown_plus_photon_geometry,k,8,9.626508763227496e-05,0.0385060350529099,7.0,0.875,0.0001284374999999
collapsed_equivalence,grouped_physical_interpolation,,blocks_3x3_shifted_g2,2029,random_forest,ringdown_plus_photon_geometry,wq,8,0.0183079303075396,0.069744496409675,8.0,1.0,0.0449022073412697
collapsed_equivalence,grouped_physical_interpolation,,blocks_3x3_shifted_g2,2029,mlp,ringdown_plus_photon_geometry,k,8,0.0002434346321014,0.0973738528405679,8.0,1.0,0.000795821750836
collapsed_equivalence,grouped_physical_interpolation,,blocks_3x3_shifted_g2,2029,mlp,ringdown_plus_photon_geometry,wq,8,0.0628419834800107,0.2393980323048027,1.0,0.125,0.0291328860248036
collapsed_equivalence,grouped_physical_interpolation,,blocks_3x3_shifted_g2,2029,hgb,ringdown_plus_all_shooting,k,8,0.0001006615738306,0.0402646295322563,8.0,1.0,0.0002631292518341
collapsed_equivalence,grouped_physical_interpolation,,blocks_3x3_shifted_g2,2029,hgb,ringdown_plus_all_shooting,wq,8,0.0575099121185855,0.2190853794993733,1.0,0.125,0.0288389709568844
collapsed_equivalence,grouped_physical_interpolation,,blocks_3x3_shifted_g2,2029,random_forest,ringdown_plus_all_shooting,k,8,0.0001313489996693,0.0525395998677248,4.0,0.5,0.0001291666666666
collapsed_equivalence,grouped_physical_interpolation,,blocks_3x3_shifted_g2,2029,random_forest,ringdown_plus_all_shooting,wq,8,0.0597862516534392,0.2277571491559589,4.0,0.5,0.0471296296296298
collapsed_equivalence,grouped_physical_interpolation,,blocks_3x3_shifted_g2,2029,mlp,ringdown_plus_all_shooting,k,8,2.675789017692824e-05,0.0107031560707712,8.0,1.0,0.0001185791549768
collapsed_equivalence,grouped_physical_interpolation,,blocks_3x3_shifted_g2,2029,mlp,ringdown_plus_all_shooting,wq,8,0.041505329458255,0.1581155407933524,1.0,0.125,0.0117214204507583
collapsed_equivalence,grouped_physical_interpolation,,blocks_3x3_shifted_g2,2030,hgb,ringdown,k,8,0.000125,0.05,8.0,1.0,0.0002397886047648
collapsed_equivalence,grouped_physical_interpolation,,blocks_3x3_shifted_g2,2030,hgb,ringdown,wq,8,0.1060477247432967,0.4039913323554162,0.0,0.0,0.0522922123098439
collapsed_equivalence,grouped_physical_interpolation,,blocks_3x3_shifted_g2,2030,random_forest,ringdown,k,8,7.772941468253949e-05,0.0310917658730157,8.0,1.0,0.0002029067460317
collapsed_equivalence,grouped_physical_interpolation,,blocks_3x3_shifted_g2,2030,random_forest,ringdown,wq,8,0.1285977719907406,0.4898962742504406,0.0,0.0,0.0529087411816572
collapsed_equivalence,grouped_physical_interpolation,,blocks_3x3_shifted_g2,2030,mlp,ringdown,k,8,1.4297408145510962e-05,0.0057189632582043,8.0,1.0,0.0001287087741235
collapsed_equivalence,grouped_physical_interpolation,,blocks_3x3_shifted_g2,2030,mlp,ringdown,wq,8,0.085076796734593,0.3241020827984499,0.0,0.0,0.024636354176711
collapsed_equivalence,grouped_physical_interpolation,,blocks_3x3_shifted_g2,2030,hgb,photon_geometry,k,8,0.0001572728934168,0.0629091573667547,8.0,1.0,0.0005396074006715
collapsed_equivalence,grouped_physical_interpolation,,blocks_3x3_shifted_g2,2030,hgb,photon_geometry,wq,8,0.0334814579906098,0.1275484113927993,6.0,0.75,0.0418334555166085
collapsed_equivalence,grouped_physical_interpolation,,blocks_3x3_shifted_g2,2030,random_forest,photon_geometry,k,8,8.097180886243379e-05,0.0323887235449735,8.0,1.0,0.0005236879960317
collapsed_equivalence,grouped_physical_interpolation,,blocks_3x3_shifted_g2,2030,random_forest,photon_geometry,wq,8,0.017117139963624,0.0652081522423774,7.0,0.875,0.0308070436507941
collapsed_equivalence,grouped_physical_interpolation,,blocks_3x3_shifted_g2,2030,mlp,photon_geometry,k,8,3.908110156298303e-05,0.0156324406251932,8.0,1.0,0.0002271675718277
collapsed_equivalence,grouped_physical_interpolation,,blocks_3x3_shifted_g2,2030,mlp,photon_geometry,wq,8,0.0853898513387953,0.3252946717668393,7.0,0.875,0.1226821812975607
collapsed_equivalence,grouped_physical_interpolation,,blocks_3x3_shifted_g2,2030,hgb,all_shooting,k,8,0.000113120396265,0.0452481585060215,8.0,1.0,0.000479528123187
collapsed_equivalence,grouped_physical_interpolation,,blocks_3x3_shifted_g2,2030,hgb,all_shooting,wq,8,0.0544977036620762,0.2076102996650524,2.0,0.25,0.0301502580767288
collapsed_equivalence,grouped_physical_interpolation,,blocks_3x3_shifted_g2,2030,random_forest,all_shooting,k,8,9.03920717592592e-05,0.0361568287037036,8.0,1.0,0.0003947048611111
collapsed_equivalence,grouped_physical_interpolation,,blocks_3x3_shifted_g2,2030,random_forest,all_shooting,wq,8,0.0515238715277778,0.1962814153439156,2.0,0.25,0.0128881944444436
collapsed_equivalence,grouped_physical_interpolation,,blocks_3x3_shifted_g2,2030,mlp,all_shooting,k,8,2.3485609212800865e-05,0.0093942436851203,8.0,1.0,0.0001631101674644
collapsed_equivalence,grouped_physical_interpolation,,blocks_3x3_shifted_g2,2030,mlp,all_shooting,wq,8,0.0409735006171926,0.156089526160734,4.0,0.5,0.0341513497972181
collapsed_equivalence,grouped_physical_interpolation,,blocks_3x3_shifted_g2,2030,hgb,ringdown_plus_photon_geometry,k,8,0.0001073686329237,0.0429474531695027,8.0,1.0,0.0001800936419613
collapsed_equivalence,grouped_physical_interpolation,,blocks_3x3_shifted_g2,2030,hgb,ringdown_plus_photon_geometry,wq,8,0.0339464668825504,0.1293198738382873,4.0,0.5,0.0310390526941434
collapsed_equivalence,grouped_physical_interpolation,,blocks_3x3_shifted_g2,2030,random_forest,ringdown_plus_photon_geometry,k,8,9.445746527777758e-05,0.037782986111111,8.0,1.0,0.0001941220238095
collapsed_equivalence,grouped_physical_interpolation,,blocks_3x3_shifted_g2,2030,random_forest,ringdown_plus_photon_geometry,wq,8,0.0164919539517192,0.0628264912446449,7.0,0.875,0.0269203373015876
collapsed_equivalence,grouped_physical_interpolation,,blocks_3x3_shifted_g2,2030,mlp,ringdown_plus_photon_geometry,k,8,1.1213020672153228e-05,0.0044852082688612,8.0,1.0,6.187175296497533e-05
collapsed_equivalence,grouped_physical_interpolation,,blocks_3x3_shifted_g2,2030,mlp,ringdown_plus_photon_geometry,wq,8,0.0442295420096973,0.1684934933702756,1.0,0.125,0.0110092442996375
collapsed_equivalence,grouped_physical_interpolation,,blocks_3x3_shifted_g2,2030,hgb,ringdown_plus_all_shooting,k,8,7.47918027811162e-05,0.0299167211124464,8.0,1.0,0.0001644364236297
collapsed_equivalence,grouped_physical_interpolation,,blocks_3x3_shifted_g2,2030,hgb,ringdown_plus_all_shooting,wq,8,0.0551856422297926,0.2102310180182578,2.0,0.25,0.0305277096266361
collapsed_equivalence,grouped_physical_interpolation,,blocks_3x3_shifted_g2,2030,random_forest,ringdown_plus_all_shooting,k,8,0.0001277405753968,0.05109623015873,5.0,0.625,0.0001895833333333
collapsed_equivalence,grouped_physical_interpolation,,blocks_3x3_shifted_g2,2030,random_forest,ringdown_plus_all_shooting,wq,8,0.0510750868055555,0.1945717592592593,2.0,0.25,0.013232043650793
collapsed_equivalence,grouped_physical_interpolation,,blocks_3x3_shifted_g2,2030,mlp,ringdown_plus_all_shooting,k,8,1.3389484092289072e-05,0.0053557936369156,8.0,1.0,0.0001195282759173
collapsed_equivalence,grouped_physical_interpolation,,blocks_3x3_shifted_g2,2030,mlp,ringdown_plus_all_shooting,wq,8,0.0539740037461959,0.2056152523664607,1.0,0.125,0.027126347247539
collapsed_equivalence,grouped_physical_interpolation,,blocks_3x3_shifted_g3,2026,hgb,ringdown,k,12,0.0001434773624771,0.0573909449908431,12.0,1.0,0.0002461748029826
collapsed_equivalence,grouped_physical_interpolation,,blocks_3x3_shifted_g3,2026,hgb,ringdown,wq,12,0.0941325538498751,0.3586002051423814,5.0,0.4166666666666667,0.0947465377652704
collapsed_equivalence,grouped_physical_interpolation,,blocks_3x3_shifted_g3,2026,random_forest,ringdown,k,12,0.0001590494791666,0.0636197916666668,8.0,0.6666666666666666,0.0001882291666666
collapsed_equivalence,grouped_physical_interpolation,,blocks_3x3_shifted_g3,2026,random_forest,ringdown,wq,12,0.1009877608759553,0.3847152795274489,4.0,0.3333333333333333,0.080695419973545
collapsed_equivalence,grouped_physical_interpolation,,blocks_3x3_shifted_g3,2026,mlp,ringdown,k,12,0.0003537875808688,0.1415150323475472,12.0,1.0,0.0004636056622079
collapsed_equivalence,grouped_physical_interpolation,,blocks_3x3_shifted_g3,2026,mlp,ringdown,wq,12,0.092279957080926,0.3515426936416229,12.0,1.0,0.1337505619423566
collapsed_equivalence,grouped_physical_interpolation,,blocks_3x3_shifted_g3,2026,hgb,photon_geometry,k,12,0.0006858365890278,0.2743346356111386,7.0,0.5833333333333334,0.0007068470793975
collapsed_equivalence,grouped_physical_interpolation,,blocks_3x3_shifted_g3,2026,hgb,photon_geometry,wq,12,0.0304995931064694,0.1161889261198837,10.0,0.8333333333333334,0.0422315086577911
collapsed_equivalence,grouped_physical_interpolation,,blocks_3x3_shifted_g3,2026,random_forest,photon_geometry,k,12,0.0006497106481481,0.2598842592592594,4.0,0.3333333333333333,0.0005412921626984
collapsed_equivalence,grouped_physical_interpolation,,blocks_3x3_shifted_g3,2026,random_forest,photon_geometry,wq,12,0.0339269441688711,0.1292455015956994,5.0,0.4166666666666667,0.0270378637566142
collapsed_equivalence,grouped_physical_interpolation,,blocks_3x3_shifted_g3,2026,mlp,photon_geometry,k,12,7.915420301232973e-05,0.0316616812049318,9.0,0.75,9.4227842991628e-05
collapsed_equivalence,grouped_physical_interpolation,,blocks_3x3_shifted_g3,2026,mlp,photon_geometry,wq,12,0.0118809054515638,0.0452605921964337,9.0,0.75,0.022453548149575
collapsed_equivalence,grouped_physical_interpolation,,blocks_3x3_shifted_g3,2026,hgb,all_shooting,k,12,0.000499211799214,0.199684719685638,3.0,0.25,0.0003920242087691
collapsed_equivalence,grouped_physical_interpolation,,blocks_3x3_shifted_g3,2026,hgb,all_shooting,wq,12,0.0195827051838128,0.0746007816526204,9.0,0.75,0.0295010154569457
collapsed_equivalence,grouped_physical_interpolation,,blocks_3x3_shifted_g3,2026,random_forest,all_shooting,k,12,0.0003962549603174,0.1585019841269842,6.0,0.5,0.0004202926587301
collapsed_equivalence,grouped_physical_interpolation,,blocks_3x3_shifted_g3,2026,random_forest,all_shooting,wq,12,0.0185689801036155,0.0707389718232973,3.0,0.25,0.0093980820105825
collapsed_equivalence,grouped_physical_interpolation,,blocks_3x3_shifted_g3,2026,mlp,all_shooting,k,12,5.448868463691502e-05,0.021795473854766,9.0,0.75,9.403112076293204e-05
collapsed_equivalence,grouped_physical_interpolation,,blocks_3x3_shifted_g3,2026,mlp,all_shooting,wq,12,0.0094290592130114,0.0359202255733768,10.0,0.8333333333333334,0.01980158999052
collapsed_equivalence,grouped_physical_interpolation,,blocks_3x3_shifted_g3,2026,hgb,ringdown_plus_photon_geometry,k,12,0.0001203783420242,0.0481513368097053,12.0,1.0,0.0002665695794032
collapsed_equivalence,grouped_physical_interpolation,,blocks_3x3_shifted_g3,2026,hgb,ringdown_plus_photon_geometry,wq,12,0.0245554211750878,0.0935444616193822,10.0,0.8333333333333334,0.0391267069393507
collapsed_equivalence,grouped_physical_interpolation,,blocks_3x3_shifted_g3,2026,random_forest,ringdown_plus_photon_geometry,k,12,0.0001671440972222,0.0668576388888891,6.0,0.5,0.0001833680555555
collapsed_equivalence,grouped_physical_interpolation,,blocks_3x3_shifted_g3,2026,random_forest,ringdown_plus_photon_geometry,wq,12,0.0334265239197529,0.1273391387419159,5.0,0.4166666666666667,0.0260073743386249
collapsed_equivalence,grouped_physical_interpolation,,blocks_3x3_shifted_g3,2026,mlp,ringdown_plus_photon_geometry,k,12,0.0001371729697308,0.0548691878923546,6.0,0.5,9.825094063880992e-05
collapsed_equivalence,grouped_physical_interpolation,,blocks_3x3_shifted_g3,2026,mlp,ringdown_plus_photon_geometry,wq,12,0.0112077090167691,0.0426960343495966,11.0,0.9166666666666666,0.0250701384419819
collapsed_equivalence,grouped_physical_interpolation,,blocks_3x3_shifted_g3,2026,hgb,ringdown_plus_all_shooting,k,12,0.000116455945611,0.0465823782444369,12.0,1.0,0.0002883287899182
collapsed_equivalence,grouped_physical_interpolation,,blocks_3x3_shifted_g3,2026,hgb,ringdown_plus_all_shooting,wq,12,0.0196770752882104,0.0749602868122303,9.0,0.75,0.0275565026377668
collapsed_equivalence,grouped_physical_interpolation,,blocks_3x3_shifted_g3,2026,random_forest,ringdown_plus_all_shooting,k,12,0.0001279398148148,0.0511759259259261,9.0,0.75,0.0001651041666666
collapsed_equivalence,grouped_physical_interpolation,,blocks_3x3_shifted_g3,2026,random_forest,ringdown_plus_all_shooting,wq,12,0.0191979690255731,0.0731351200974215,4.0,0.3333333333333333,0.0107533068783066
collapsed_equivalence,grouped_physical_interpolation,,blocks_3x3_shifted_g3,2026,mlp,ringdown_plus_all_shooting,k,12,3.356421508760685e-05,0.0134256860350427,12.0,1.0,0.0001033190294749
collapsed_equivalence,grouped_physical_interpolation,,blocks_3x3_shifted_g3,2026,mlp,ringdown_plus_all_shooting,wq,12,0.023346394660952,0.0889386463274365,7.0,0.5833333333333334,0.0232694683757901
collapsed_equivalence,grouped_physical_interpolation,,blocks_3x3_shifted_g3,2027,hgb,ringdown,k,12,0.0001233404130253,0.0493361652101339,12.0,1.0,0.0003262219888813
collapsed_equivalence,grouped_physical_interpolation,,blocks_3x3_shifted_g3,2027,hgb,ringdown,wq,12,0.0899572143598165,0.3426941499421584,5.0,0.4166666666666667,0.0904699715841976
collapsed_equivalence,grouped_physical_interpolation,,blocks_3x3_shifted_g3,2027,random_forest,ringdown,k,12,0.0001567516121031,0.06270064484127,12.0,1.0,0.0002037301587301
collapsed_equivalence,grouped_physical_interpolation,,blocks_3x3_shifted_g3,2027,random_forest,ringdown,wq,12,0.0988601548721341,0.3766101137986062,2.0,0.1666666666666666,0.0783831073633157
collapsed_equivalence,grouped_physical_interpolation,,blocks_3x3_shifted_g3,2027,mlp,ringdown,k,12,9.69121165815274e-05,0.0387648466326109,7.0,0.5833333333333334,0.0001140254584152
collapsed_equivalence,grouped_physical_interpolation,,blocks_3x3_shifted_g3,2027,mlp,ringdown,wq,12,0.0357401441361602,0.1361529300425152,7.0,0.5833333333333334,0.0407704734509889
collapsed_equivalence,grouped_physical_interpolation,,blocks_3x3_shifted_g3,2027,hgb,photon_geometry,k,12,0.0007666406456274,0.3066562582509877,8.0,0.6666666666666666,0.0008391138706747
collapsed_equivalence,grouped_physical_interpolation,,blocks_3x3_shifted_g3,2027,hgb,photon_geometry,wq,12,0.0299649034139313,0.1141520130054528,10.0,0.8333333333333334,0.0420330916197315
collapsed_equivalence,grouped_physical_interpolation,,blocks_3x3_shifted_g3,2027,random_forest,photon_geometry,k,12,0.0006761727706128,0.2704691082451498,6.0,0.5,0.0006349528769841
collapsed_equivalence,grouped_physical_interpolation,,blocks_3x3_shifted_g3,2027,random_forest,photon_geometry,wq,12,0.030859755979938,0.1175609751616687,11.0,0.9166666666666666,0.0559489417989419
collapsed_equivalence,grouped_physical_interpolation,,blocks_3x3_shifted_g3,2027,mlp,photon_geometry,k,12,5.948487651545348e-05,0.0237939506061813,12.0,1.0,0.0001512410177557
collapsed_equivalence,grouped_physical_interpolation,,blocks_3x3_shifted_g3,2027,mlp,photon_geometry,wq,12,0.011631756392668,0.0443114529244495,12.0,1.0,0.0383526181904232
collapsed_equivalence,grouped_physical_interpolation,,blocks_3x3_shifted_g3,2027,hgb,all_shooting,k,12,0.0004579199214984,0.1831679685993707,9.0,0.75,0.0006035635613783
collapsed_equivalence,grouped_physical_interpolation,,blocks_3x3_shifted_g3,2027,hgb,all_shooting,wq,12,0.0157236146131988,0.0598994842407573,12.0,1.0,0.0327464989012044
collapsed_equivalence,grouped_physical_interpolation,,blocks_3x3_shifted_g3,2027,random_forest,all_shooting,k,12,0.0004100812251984,0.1640324900793651,6.0,0.5,0.0004222767857142
collapsed_equivalence,grouped_physical_interpolation,,blocks_3x3_shifted_g3,2027,random_forest,all_shooting,wq,12,0.0160094057723396,0.0609882124660557,12.0,1.0,0.0463397872574958
collapsed_equivalence,grouped_physical_interpolation,,blocks_3x3_shifted_g3,2027,mlp,all_shooting,k,12,0.0002548959442108,0.1019583776843389,12.0,1.0,0.0015132557211107
collapsed_equivalence,grouped_physical_interpolation,,blocks_3x3_shifted_g3,2027,mlp,all_shooting,wq,12,0.0104728441059214,0.0398965489749389,12.0,1.0,0.065696480803346
collapsed_equivalence,grouped_physical_interpolation,,blocks_3x3_shifted_g3,2027,hgb,ringdown_plus_photon_geometry,k,12,8.997025061826499e-05,0.0359881002473059,12.0,1.0,0.0002977996960189
collapsed_equivalence,grouped_physical_interpolation,,blocks_3x3_shifted_g3,2027,hgb,ringdown_plus_photon_geometry,wq,12,0.0221985058400549,0.0845657365335426,10.0,0.8333333333333334,0.036181056205984
collapsed_equivalence,grouped_physical_interpolation,,blocks_3x3_shifted_g3,2027,random_forest,ringdown_plus_photon_geometry,k,12,0.0001522788525132,0.0609115410052912,9.0,0.75,0.0002025496031746
collapsed_equivalence,grouped_physical_interpolation,,blocks_3x3_shifted_g3,2027,random_forest,ringdown_plus_photon_geometry,wq,12,0.030293734154541,0.1154047015411089,11.0,0.9166666666666666,0.0544056878306878
collapsed_equivalence,grouped_physical_interpolation,,blocks_3x3_shifted_g3,2027,mlp,ringdown_plus_photon_geometry,k,12,0.0002069125086563,0.0827650034625517,8.0,0.6666666666666666,0.0002430345961774
collapsed_equivalence,grouped_physical_interpolation,,blocks_3x3_shifted_g3,2027,mlp,ringdown_plus_photon_geometry,wq,12,0.0129759835775409,0.049432318390632,12.0,1.0,0.0324686522255815
collapsed_equivalence,grouped_physical_interpolation,,blocks_3x3_shifted_g3,2027,hgb,ringdown_plus_all_shooting,k,12,0.0001106433758429,0.0442573503371908,12.0,1.0,0.0003442182680272
collapsed_equivalence,grouped_physical_interpolation,,blocks_3x3_shifted_g3,2027,hgb,ringdown_plus_all_shooting,wq,12,0.0148665011509935,0.0566342900990228,12.0,1.0,0.0309438225337098
collapsed_equivalence,grouped_physical_interpolation,,blocks_3x3_shifted_g3,2027,random_forest,ringdown_plus_all_shooting,k,12,0.0001292418981481,0.0516967592592594,9.0,0.75,0.0001921180555555
collapsed_equivalence,grouped_physical_interpolation,,blocks_3x3_shifted_g3,2027,random_forest,ringdown_plus_all_shooting,wq,12,0.0154930766828335,0.0590212445060324,12.0,1.0,0.046831299603175
collapsed_equivalence,grouped_physical_interpolation,,blocks_3x3_shifted_g3,2027,mlp,ringdown_plus_all_shooting,k,12,0.0004724950490648,0.1889980196259255,2.0,0.1666666666666666,0.0001250919514186
collapsed_equivalence,grouped_physical_interpolation,,blocks_3x3_shifted_g3,2027,mlp,ringdown_plus_all_shooting,wq,12,0.0060310091494214,0.0229752729501768,12.0,1.0,0.0367201147868997
collapsed_equivalence,grouped_physical_interpolation,,blocks_3x3_shifted_g3,2028,hgb,ringdown,k,12,0.0001527440456156,0.0610976182462413,12.0,1.0,0.0002825056174272
collapsed_equivalence,grouped_physical_interpolation,,blocks_3x3_shifted_g3,2028,hgb,ringdown,wq,12,0.0685874675221425,0.261285590560543,12.0,1.0,0.1571143534236938
collapsed_equivalence,grouped_physical_interpolation,,blocks_3x3_shifted_g3,2028,random_forest,ringdown,k,12,0.0001314868551587,0.0525947420634923,12.0,1.0,0.0001904017857142
collapsed_equivalence,grouped_physical_interpolation,,blocks_3x3_shifted_g3,2028,random_forest,ringdown,wq,12,0.0849731111770174,0.3237070901981618,9.0,0.75,0.0991199404761907
collapsed_equivalence,grouped_physical_interpolation,,blocks_3x3_shifted_g3,2028,mlp,ringdown,k,12,4.305603034280653e-05,0.0172224121371226,11.0,0.9166666666666666,7.106911116624612e-05
collapsed_equivalence,grouped_physical_interpolation,,blocks_3x3_shifted_g3,2028,mlp,ringdown,wq,12,0.0124407803081071,0.0473934487927891,12.0,1.0,0.0569433027872361
collapsed_equivalence,grouped_physical_interpolation,,blocks_3x3_shifted_g3,2028,hgb,photon_geometry,k,12,0.0006842430312712,0.2736972125085093,2.0,0.1666666666666666,0.0004446538583849
collapsed_equivalence,grouped_physical_interpolation,,blocks_3x3_shifted_g3,2028,hgb,photon_geometry,wq,12,0.0344234052408833,0.1311367818700319,6.0,0.5,0.0397966091964171
collapsed_equivalence,grouped_physical_interpolation,,blocks_3x3_shifted_g3,2028,random_forest,photon_geometry,k,12,0.0006092919835758,0.243716793430335,3.0,0.25,0.0004798214285714
collapsed_equivalence,grouped_physical_interpolation,,blocks_3x3_shifted_g3,2028,random_forest,photon_geometry,wq,12,0.033891962907848,0.129112239648945,11.0,0.9166666666666666,0.0617919642857147
collapsed_equivalence,grouped_physical_interpolation,,blocks_3x3_shifted_g3,2028,mlp,photon_geometry,k,12,9.005966440301858e-05,0.0360238657612074,12.0,1.0,0.0010475541145828
collapsed_equivalence,grouped_physical_interpolation,,blocks_3x3_shifted_g3,2028,mlp,photon_geometry,wq,12,0.0280687427711919,0.1069285438902549,12.0,1.0,1.1688157028645718
collapsed_equivalence,grouped_physical_interpolation,,blocks_3x3_shifted_g3,2028,hgb,all_shooting,k,12,0.0002395314114163,0.0958125645665432,11.0,0.9166666666666666,0.000449032343004
collapsed_equivalence,grouped_physical_interpolation,,blocks_3x3_shifted_g3,2028,hgb,all_shooting,wq,12,0.016328355503583,0.0622032590612689,10.0,0.8333333333333334,0.0282811752572693
collapsed_equivalence,grouped_physical_interpolation,,blocks_3x3_shifted_g3,2028,random_forest,all_shooting,k,12,0.0002290813078703,0.0916325231481482,12.0,1.0,0.0005698478835978
collapsed_equivalence,grouped_physical_interpolation,,blocks_3x3_shifted_g3,2028,random_forest,all_shooting,wq,12,0.0174798032407406,0.066589726631393,12.0,1.0,0.0468866980820109
collapsed_equivalence,grouped_physical_interpolation,,blocks_3x3_shifted_g3,2028,mlp,all_shooting,k,12,9.546580834214093e-05,0.0381863233368563,12.0,1.0,0.0021061395640461
collapsed_equivalence,grouped_physical_interpolation,,blocks_3x3_shifted_g3,2028,mlp,all_shooting,wq,12,0.0140496764583072,0.0535225769840276,12.0,1.0,1.9859363857164023
collapsed_equivalence,grouped_physical_interpolation,,blocks_3x3_shifted_g3,2028,hgb,ringdown_plus_photon_geometry,k,12,0.0001052569459314,0.0421027783725812,12.0,1.0,0.0002846359031061
collapsed_equivalence,grouped_physical_interpolation,,blocks_3x3_shifted_g3,2028,hgb,ringdown_plus_photon_geometry,wq,12,0.0275385989528646,0.1049089483918652,9.0,0.75,0.0358989087464026
collapsed_equivalence,grouped_physical_interpolation,,blocks_3x3_shifted_g3,2028,random_forest,ringdown_plus_photon_geometry,k,12,0.0001344779265873,0.0537911706349208,3.0,0.25,0.0001633101851851
collapsed_equivalence,grouped_physical_interpolation,,blocks_3x3_shifted_g3,2028,random_forest,ringdown_plus_photon_geometry,wq,12,0.0330815662202378,0.1260250141723345,11.0,0.9166666666666666,0.0597453373015876
collapsed_equivalence,grouped_physical_interpolation,,blocks_3x3_shifted_g3,2028,mlp,ringdown_plus_photon_geometry,k,12,7.557084206467279e-05,0.0302283368258691,12.0,1.0,0.0002580018626701
collapsed_equivalence,grouped_physical_interpolation,,blocks_3x3_shifted_g3,2028,mlp,ringdown_plus_photon_geometry,wq,12,0.0133484091569447,0.0508510825026468,12.0,1.0,1.0806215163695196
collapsed_equivalence,grouped_physical_interpolation,,blocks_3x3_shifted_g3,2028,hgb,ringdown_plus_all_shooting,k,12,0.0001229036333152,0.0491614533260812,12.0,1.0,0.0002692213971365
collapsed_equivalence,grouped_physical_interpolation,,blocks_3x3_shifted_g3,2028,hgb,ringdown_plus_all_shooting,wq,12,0.0158433571418233,0.060355646254565,10.0,0.8333333333333334,0.0283247550503118
collapsed_equivalence,grouped_physical_interpolation,,blocks_3x3_shifted_g3,2028,random_forest,ringdown_plus_all_shooting,k,12,0.0001222511574074,0.0489004629629633,3.0,0.25,0.0001326388888888
collapsed_equivalence,grouped_physical_interpolation,,blocks_3x3_shifted_g3,2028,random_forest,ringdown_plus_all_shooting,wq,12,0.0171770833333333,0.0654365079365079,12.0,1.0,0.0470392443783072
collapsed_equivalence,grouped_physical_interpolation,,blocks_3x3_shifted_g3,2028,mlp,ringdown_plus_all_shooting,k,12,0.0001659761694035,0.0663904677614352,12.0,1.0,0.0004348159632626
collapsed_equivalence,grouped_physical_interpolation,,blocks_3x3_shifted_g3,2028,mlp,ringdown_plus_all_shooting,wq,12,0.0091001968139158,0.0346674164339652,12.0,1.0,0.690085496481851
collapsed_equivalence,grouped_physical_interpolation,,blocks_3x3_shifted_g3,2029,hgb,ringdown,k,12,0.0001173506443457,0.0469402577382887,12.0,1.0,0.000249031519127
collapsed_equivalence,grouped_physical_interpolation,,blocks_3x3_shifted_g3,2029,hgb,ringdown,wq,12,0.0673065215569641,0.2564057964074824,8.0,0.6666666666666666,0.0807250181285854
collapsed_equivalence,grouped_physical_interpolation,,blocks_3x3_shifted_g3,2029,random_forest,ringdown,k,12,0.0001423301091269,0.0569320436507938,3.0,0.25,0.0001307192460317
collapsed_equivalence,grouped_physical_interpolation,,blocks_3x3_shifted_g3,2029,random_forest,ringdown,wq,12,0.0843707307081082,0.32141230745946,3.0,0.25,0.0724343389249637
collapsed_equivalence,grouped_physical_interpolation,,blocks_3x3_shifted_g3,2029,mlp,ringdown,k,12,0.0003036801967567,0.1214720787027181,10.0,0.8333333333333334,0.0003736477915258
collapsed_equivalence,grouped_physical_interpolation,,blocks_3x3_shifted_g3,2029,mlp,ringdown,wq,12,0.1317185958747715,0.5017851271419866,12.0,1.0,0.1751440925522568
collapsed_equivalence,grouped_physical_interpolation,,blocks_3x3_shifted_g3,2029,hgb,photon_geometry,k,12,0.0005617880938249,0.2247152375299803,8.0,0.6666666666666666,0.0007486066849109
collapsed_equivalence,grouped_physical_interpolation,,blocks_3x3_shifted_g3,2029,hgb,photon_geometry,wq,12,0.0268810891569217,0.1024041491692257,10.0,0.8333333333333334,0.0494160313645353
collapsed_equivalence,grouped_physical_interpolation,,blocks_3x3_shifted_g3,2029,random_forest,photon_geometry,k,12,0.0006009481095679,0.2403792438271604,4.0,0.3333333333333333,0.0004886954365079
collapsed_equivalence,grouped_physical_interpolation,,blocks_3x3_shifted_g3,2029,random_forest,photon_geometry,wq,12,0.0320684358465605,0.1221654698916591,7.0,0.5833333333333334,0.0311043650793654
collapsed_equivalence,grouped_physical_interpolation,,blocks_3x3_shifted_g3,2029,mlp,photon_geometry,k,12,0.0001434546234136,0.0573818493654496,5.0,0.4166666666666667,0.0001222910044321
collapsed_equivalence,grouped_physical_interpolation,,blocks_3x3_shifted_g3,2029,mlp,photon_geometry,wq,12,0.0208344507219679,0.0793693360836874,5.0,0.4166666666666667,0.0161461834136215
collapsed_equivalence,grouped_physical_interpolation,,blocks_3x3_shifted_g3,2029,hgb,all_shooting,k,12,0.0002797663966156,0.1119065586462488,12.0,1.0,0.000587736822663
collapsed_equivalence,grouped_physical_interpolation,,blocks_3x3_shifted_g3,2029,hgb,all_shooting,wq,12,0.0198250789054846,0.0755241101161321,12.0,1.0,0.0430311496770976
collapsed_equivalence,grouped_physical_interpolation,,blocks_3x3_shifted_g3,2029,random_forest,all_shooting,k,12,0.0002706896219135,0.1082758487654322,12.0,1.0,0.0003543204365079
collapsed_equivalence,grouped_physical_interpolation,,blocks_3x3_shifted_g3,2029,random_forest,all_shooting,wq,12,0.0168890569885358,0.0643392647182317,8.0,0.6666666666666666,0.0181574074074074
collapsed_equivalence,grouped_physical_interpolation,,blocks_3x3_shifted_g3,2029,mlp,all_shooting,k,12,0.0001379337892193,0.0551735156877353,10.0,0.8333333333333334,0.0002464603936352
collapsed_equivalence,grouped_physical_interpolation,,blocks_3x3_shifted_g3,2029,mlp,all_shooting,wq,12,0.0129699034754483,0.0494091560969459,9.0,0.75,0.0209041747854601
collapsed_equivalence,grouped_physical_interpolation,,blocks_3x3_shifted_g3,2029,hgb,ringdown_plus_photon_geometry,k,12,9.696922810286368e-05,0.0387876912411454,12.0,1.0,0.0003240946721688
collapsed_equivalence,grouped_physical_interpolation,,blocks_3x3_shifted_g3,2029,hgb,ringdown_plus_photon_geometry,wq,12,0.024322307832285,0.0926564107896573,12.0,1.0,0.0480348191366727
collapsed_equivalence,grouped_physical_interpolation,,blocks_3x3_shifted_g3,2029,random_forest,ringdown_plus_photon_geometry,k,12,0.0001312942294973,0.0525176917989419,11.0,0.9166666666666666,0.0001842410714285
collapsed_equivalence,grouped_physical_interpolation,,blocks_3x3_shifted_g3,2029,random_forest,ringdown_plus_photon_geometry,wq,12,0.032565185460758,0.1240578493743163,8.0,0.6666666666666666,0.0311975694444449
collapsed_equivalence,grouped_physical_interpolation,,blocks_3x3_shifted_g3,2029,mlp,ringdown_plus_photon_geometry,k,12,0.0002826449792112,0.1130579916844862,12.0,1.0,0.0006238525655476
collapsed_equivalence,grouped_physical_interpolation,,blocks_3x3_shifted_g3,2029,mlp,ringdown_plus_photon_geometry,wq,12,0.0191083195849914,0.0727935984190151,5.0,0.4166666666666667,0.0095683185534795
collapsed_equivalence,grouped_physical_interpolation,,blocks_3x3_shifted_g3,2029,hgb,ringdown_plus_all_shooting,k,12,0.0001044039726383,0.0417615890553364,12.0,1.0,0.0002913248536174
collapsed_equivalence,grouped_physical_interpolation,,blocks_3x3_shifted_g3,2029,hgb,ringdown_plus_all_shooting,wq,12,0.0197897068072161,0.0753893592655851,12.0,1.0,0.0428447626216537
collapsed_equivalence,grouped_physical_interpolation,,blocks_3x3_shifted_g3,2029,random_forest,ringdown_plus_all_shooting,k,12,0.0001232965443121,0.0493186177248679,12.0,1.0,0.0002058333333333
collapsed_equivalence,grouped_physical_interpolation,,blocks_3x3_shifted_g3,2029,random_forest,ringdown_plus_all_shooting,wq,12,0.014921403769841,0.0568434429327278,9.0,0.75,0.0179568783068786
collapsed_equivalence,grouped_physical_interpolation,,blocks_3x3_shifted_g3,2029,mlp,ringdown_plus_all_shooting,k,12,0.0001359863083692,0.0543945233477188,8.0,0.6666666666666666,0.0001500413535295
collapsed_equivalence,grouped_physical_interpolation,,blocks_3x3_shifted_g3,2029,mlp,ringdown_plus_all_shooting,wq,12,0.0072332364958251,0.0275551866507625,11.0,0.9166666666666666,0.0279534437468849
collapsed_equivalence,grouped_physical_interpolation,,blocks_3x3_shifted_g3,2030,hgb,ringdown,k,12,0.0001459436202671,0.0583774481068594,12.0,1.0,0.0002574950928574
collapsed_equivalence,grouped_physical_interpolation,,blocks_3x3_shifted_g3,2030,hgb,ringdown,wq,12,0.0780701129263475,0.2974099540051335,9.0,0.75,0.1106991561937503
collapsed_equivalence,grouped_physical_interpolation,,blocks_3x3_shifted_g3,2030,random_forest,ringdown,k,12,0.0001535243055555,0.0614097222222225,9.0,0.75,0.0002038541666666
collapsed_equivalence,grouped_physical_interpolation,,blocks_3x3_shifted_g3,2030,random_forest,ringdown,wq,12,0.0961119051131256,0.3661405909071453,2.0,0.1666666666666666,0.0671586474867724
collapsed_equivalence,grouped_physical_interpolation,,blocks_3x3_shifted_g3,2030,mlp,ringdown,k,12,7.997136519003241e-05,0.0319885460760129,12.0,1.0,0.0001299148689331
collapsed_equivalence,grouped_physical_interpolation,,blocks_3x3_shifted_g3,2030,mlp,ringdown,wq,12,0.0359866800342402,0.1370921144161533,4.0,0.3333333333333333,0.0306438307895849
collapsed_equivalence,grouped_physical_interpolation,,blocks_3x3_shifted_g3,2030,hgb,photon_geometry,k,12,0.0008123431652836,0.3249372661134609,7.0,0.5833333333333334,0.0007972704486083
collapsed_equivalence,grouped_physical_interpolation,,blocks_3x3_shifted_g3,2030,hgb,photon_geometry,wq,12,0.0356819406635354,0.1359312025277541,10.0,0.8333333333333334,0.0525187841993606
collapsed_equivalence,grouped_physical_interpolation,,blocks_3x3_shifted_g3,2030,random_forest,photon_geometry,k,12,0.0007025781249999,0.2810312499999998,3.0,0.25,0.000529935515873
collapsed_equivalence,grouped_physical_interpolation,,blocks_3x3_shifted_g3,2030,random_forest,photon_geometry,wq,12,0.0364247588734564,0.1387609861845961,8.0,0.6666666666666666,0.0407894841269842
collapsed_equivalence,grouped_physical_interpolation,,blocks_3x3_shifted_g3,2030,mlp,photon_geometry,k,12,7.227505991519399e-05,0.0289100239660775,12.0,1.0,0.0007509682368835
collapsed_equivalence,grouped_physical_interpolation,,blocks_3x3_shifted_g3,2030,mlp,photon_geometry,wq,12,0.0124733963093403,0.0475177002260586,12.0,1.0,0.2634732836953476
collapsed_equivalence,grouped_physical_interpolation,,blocks_3x3_shifted_g3,2030,hgb,all_shooting,k,12,0.0003800690896299,0.1520276358519754,11.0,0.9166666666666666,0.0006148003220517
collapsed_equivalence,grouped_physical_interpolation,,blocks_3x3_shifted_g3,2030,hgb,all_shooting,wq,12,0.0237602221688753,0.0905151320719059,12.0,1.0,0.0637788951121661
collapsed_equivalence,grouped_physical_interpolation,,blocks_3x3_shifted_g3,2030,random_forest,all_shooting,k,12,0.0002628812555114,0.1051525022045855,12.0,1.0,0.0005569345238095
collapsed_equivalence,grouped_physical_interpolation,,blocks_3x3_shifted_g3,2030,random_forest,all_shooting,wq,12,0.0172409336419753,0.0656797472075252,12.0,1.0,0.098354166666667
collapsed_equivalence,grouped_physical_interpolation,,blocks_3x3_shifted_g3,2030,mlp,all_shooting,k,12,5.794462770523606e-05,0.0231778510820944,11.0,0.9166666666666666,0.000114647951421
collapsed_equivalence,grouped_physical_interpolation,,blocks_3x3_shifted_g3,2030,mlp,all_shooting,wq,12,0.007858370727822,0.0299366503917029,12.0,1.0,0.9949284986559972
collapsed_equivalence,grouped_physical_interpolation,,blocks_3x3_shifted_g3,2030,hgb,ringdown_plus_photon_geometry,k,12,0.0001233167563007,0.0493267025202823,12.0,1.0,0.000349687888083
collapsed_equivalence,grouped_physical_interpolation,,blocks_3x3_shifted_g3,2030,hgb,ringdown_plus_photon_geometry,wq,12,0.029852608045936,0.1137242211273753,10.0,0.8333333333333334,0.0408192179863492
collapsed_equivalence,grouped_physical_interpolation,,blocks_3x3_shifted_g3,2030,random_forest,ringdown_plus_photon_geometry,k,12,0.0001607523148148,0.0643009259259262,9.0,0.75,0.0001923958333333
collapsed_equivalence,grouped_physical_interpolation,,blocks_3x3_shifted_g3,2030,random_forest,ringdown_plus_photon_geometry,wq,12,0.0359624503968251,0.1369998110355243,8.0,0.6666666666666666,0.0418908730158731
collapsed_equivalence,grouped_physical_interpolation,,blocks_3x3_shifted_g3,2030,mlp,ringdown_plus_photon_geometry,k,12,7.54013820145482e-05,0.0301605528058192,12.0,1.0,0.0009839296544578
collapsed_equivalence,grouped_physical_interpolation,,blocks_3x3_shifted_g3,2030,mlp,ringdown_plus_photon_geometry,wq,12,0.0076859201301995,0.0292796957340933,12.0,1.0,0.6377739569690095
collapsed_equivalence,grouped_physical_interpolation,,blocks_3x3_shifted_g3,2030,hgb,ringdown_plus_all_shooting,k,12,0.0001437476806271,0.0574990722508714,12.0,1.0,0.0003213604805122
collapsed_equivalence,grouped_physical_interpolation,,blocks_3x3_shifted_g3,2030,hgb,ringdown_plus_all_shooting,wq,12,0.0239050714218934,0.0910669387500704,12.0,1.0,0.0639357681411864
collapsed_equivalence,grouped_physical_interpolation,,blocks_3x3_shifted_g3,2030,random_forest,ringdown_plus_all_shooting,k,12,0.0001288541666666,0.0515416666666669,9.0,0.75,0.0001703472222222
collapsed_equivalence,grouped_physical_interpolation,,blocks_3x3_shifted_g3,2030,random_forest,ringdown_plus_all_shooting,wq,12,0.0172078993055556,0.0655539021164024,12.0,1.0,0.0959281250000002
collapsed_equivalence,grouped_physical_interpolation,,blocks_3x3_shifted_g3,2030,mlp,ringdown_plus_all_shooting,k,12,0.0001785738470984,0.0714295388393994,11.0,0.9166666666666666,0.0004114092518062
collapsed_equivalence,grouped_physical_interpolation,,blocks_3x3_shifted_g3,2030,mlp,ringdown_plus_all_shooting,wq,12,0.0079605504302392,0.0303259064009115,12.0,1.0,0.0374861827252015
collapsed_equivalence,grouped_physical_interpolation,,blocks_3x3_shifted_g4,2026,hgb,ringdown,k,16,7.861444932765408e-05,0.0314457797310616,16.0,1.0,0.0002904810409153
collapsed_equivalence,grouped_physical_interpolation,,blocks_3x3_shifted_g4,2026,hgb,ringdown,wq,16,0.0279006954928982,0.1062883637824696,16.0,1.0,0.1210023392380071
collapsed_equivalence,grouped_physical_interpolation,,blocks_3x3_shifted_g4,2026,random_forest,ringdown,k,16,5.618024553571437e-05,0.0224720982142857,14.0,0.875,0.0001415327380952
collapsed_equivalence,grouped_physical_interpolation,,blocks_3x3_shifted_g4,2026,random_forest,ringdown,wq,16,0.0308846178488756,0.1176556870433357,15.0,0.9375,0.063764938822751
collapsed_equivalence,grouped_physical_interpolation,,blocks_3x3_shifted_g4,2026,mlp,ringdown,k,16,7.917680076379075e-05,0.0316707203055163,16.0,1.0,0.000151158902072
collapsed_equivalence,grouped_physical_interpolation,,blocks_3x3_shifted_g4,2026,mlp,ringdown,wq,16,0.0322068770908781,0.122692865108107,16.0,1.0,0.1581031356805922
collapsed_equivalence,grouped_physical_interpolation,,blocks_3x3_shifted_g4,2026,hgb,photon_geometry,k,16,0.0004675409352304,0.1870163740921619,8.0,0.5,0.0005174358042948
collapsed_equivalence,grouped_physical_interpolation,,blocks_3x3_shifted_g4,2026,hgb,photon_geometry,wq,16,0.0194709466758984,0.0741750349558034,14.0,0.875,0.0422290150872671
collapsed_equivalence,grouped_physical_interpolation,,blocks_3x3_shifted_g4,2026,random_forest,photon_geometry,k,16,0.0003614567695036,0.1445827078014577,9.0,0.5625,0.0003953656875531
collapsed_equivalence,grouped_physical_interpolation,,blocks_3x3_shifted_g4,2026,random_forest,photon_geometry,wq,16,0.0114864779679234,0.0437580113063749,13.0,0.8125,0.0206593253968249
collapsed_equivalence,grouped_physical_interpolation,,blocks_3x3_shifted_g4,2026,mlp,photon_geometry,k,16,0.0001899692898656,0.0759877159462584,10.0,0.625,0.0002438372180032
collapsed_equivalence,grouped_physical_interpolation,,blocks_3x3_shifted_g4,2026,mlp,photon_geometry,wq,16,0.0150053494234905,0.0571632358990115,16.0,1.0,0.044492259900407
collapsed_equivalence,grouped_physical_interpolation,,blocks_3x3_shifted_g4,2026,hgb,all_shooting,k,16,0.0002149328037775,0.0859731215110258,14.0,0.875,0.00040781745226
collapsed_equivalence,grouped_physical_interpolation,,blocks_3x3_shifted_g4,2026,hgb,all_shooting,wq,16,0.012198370984216,0.0464699847017753,16.0,1.0,0.0381111636371281
collapsed_equivalence,grouped_physical_interpolation,,blocks_3x3_shifted_g4,2026,random_forest,all_shooting,k,16,0.0002779800657242,0.1111920262896827,9.0,0.5625,0.0003496490575396
collapsed_equivalence,grouped_physical_interpolation,,blocks_3x3_shifted_g4,2026,random_forest,all_shooting,wq,16,0.0093378430886247,0.0355727355757132,12.0,0.75,0.0168020833333341
collapsed_equivalence,grouped_physical_interpolation,,blocks_3x3_shifted_g4,2026,mlp,all_shooting,k,16,0.0002565178069995,0.1026071227998096,6.0,0.375,0.0002501990622533
collapsed_equivalence,grouped_physical_interpolation,,blocks_3x3_shifted_g4,2026,mlp,all_shooting,wq,16,0.0168543275956312,0.0642069622690714,16.0,1.0,0.044553415906708
collapsed_equivalence,grouped_physical_interpolation,,blocks_3x3_shifted_g4,2026,hgb,ringdown_plus_photon_geometry,k,16,5.992028032665974e-05,0.0239681121306638,16.0,1.0,0.0002941701741422
collapsed_equivalence,grouped_physical_interpolation,,blocks_3x3_shifted_g4,2026,hgb,ringdown_plus_photon_geometry,wq,16,0.0131239303084341,0.0499959249845109,15.0,0.9375,0.0438023968820764
collapsed_equivalence,grouped_physical_interpolation,,blocks_3x3_shifted_g4,2026,random_forest,ringdown_plus_photon_geometry,k,16,5.742094494047654e-05,0.0229683779761906,13.0,0.8125,0.0001250694444444
collapsed_equivalence,grouped_physical_interpolation,,blocks_3x3_shifted_g4,2026,random_forest,ringdown_plus_photon_geometry,wq,16,0.0105117828207674,0.0400448869362567,14.0,0.875,0.0193923611111107
collapsed_equivalence,grouped_physical_interpolation,,blocks_3x3_shifted_g4,2026,mlp,ringdown_plus_photon_geometry,k,16,0.0001172692449843,0.0469076979937395,16.0,1.0,0.0002719363320134
collapsed_equivalence,grouped_physical_interpolation,,blocks_3x3_shifted_g4,2026,mlp,ringdown_plus_photon_geometry,wq,16,0.0437849727415482,0.1667998961582791,16.0,1.0,0.0990695538232236
collapsed_equivalence,grouped_physical_interpolation,,blocks_3x3_shifted_g4,2026,hgb,ringdown_plus_all_shooting,k,16,5.4565934011990434e-05,0.0218263736047961,16.0,1.0,0.0002936957443753
collapsed_equivalence,grouped_physical_interpolation,,blocks_3x3_shifted_g4,2026,hgb,ringdown_plus_all_shooting,wq,16,0.0123021407046351,0.0468652979224197,16.0,1.0,0.0382748099464363
collapsed_equivalence,grouped_physical_interpolation,,blocks_3x3_shifted_g4,2026,random_forest,ringdown_plus_all_shooting,k,16,5.338975694444465e-05,0.0213559027777778,13.0,0.8125,0.0001305555555555
collapsed_equivalence,grouped_physical_interpolation,,blocks_3x3_shifted_g4,2026,random_forest,ringdown_plus_all_shooting,wq,16,0.0093431134259262,0.0355928130511474,13.0,0.8125,0.0170208333333342
collapsed_equivalence,grouped_physical_interpolation,,blocks_3x3_shifted_g4,2026,mlp,ringdown_plus_all_shooting,k,16,9.587843404136736e-05,0.0383513736165469,13.0,0.8125,0.0001891373675145
collapsed_equivalence,grouped_physical_interpolation,,blocks_3x3_shifted_g4,2026,mlp,ringdown_plus_all_shooting,wq,16,0.0116634793767802,0.0444323023877342,16.0,1.0,0.0604832215655741
collapsed_equivalence,grouped_physical_interpolation,,blocks_3x3_shifted_g4,2027,hgb,ringdown,k,16,3.336172811011071e-05,0.0133446912440442,16.0,1.0,0.0002328990464961
collapsed_equivalence,grouped_physical_interpolation,,blocks_3x3_shifted_g4,2027,hgb,ringdown,wq,16,0.0222804839721895,0.0848780341797698,16.0,1.0,0.103876864122393
collapsed_equivalence,grouped_physical_interpolation,,blocks_3x3_shifted_g4,2027,random_forest,ringdown,k,16,2.3480592757936904e-05,0.0093922371031747,16.0,1.0,0.0002200347222222
collapsed_equivalence,grouped_physical_interpolation,,blocks_3x3_shifted_g4,2027,random_forest,ringdown,wq,16,0.0328199749228394,0.1250284758965312,15.0,0.9375,0.0644484623015871
collapsed_equivalence,grouped_physical_interpolation,,blocks_3x3_shifted_g4,2027,mlp,ringdown,k,16,3.311853687242774e-05,0.013247414748971,16.0,1.0,8.351578749020254e-05
collapsed_equivalence,grouped_physical_interpolation,,blocks_3x3_shifted_g4,2027,mlp,ringdown,wq,16,0.0231353113238138,0.0881345193288145,9.0,0.5625,0.0285678378860295
collapsed_equivalence,grouped_physical_interpolation,,blocks_3x3_shifted_g4,2027,hgb,photon_geometry,k,16,0.0004427048283351,0.1770819313340724,13.0,0.8125,0.0006421507436014
collapsed_equivalence,grouped_physical_interpolation,,blocks_3x3_shifted_g4,2027,hgb,photon_geometry,wq,16,0.020582909682193,0.0784110845035924,14.0,0.875,0.0453118701432889
collapsed_equivalence,grouped_physical_interpolation,,blocks_3x3_shifted_g4,2027,random_forest,photon_geometry,k,16,0.0003312117642195,0.1324847056878307,15.0,0.9375,0.0006983664021164
collapsed_equivalence,grouped_physical_interpolation,,blocks_3x3_shifted_g4,2027,random_forest,photon_geometry,wq,16,0.0135425617784995,0.0515907115371411,16.0,1.0,0.0475973379629631
collapsed_equivalence,grouped_physical_interpolation,,blocks_3x3_shifted_g4,2027,mlp,photon_geometry,k,16,4.945094542025842e-05,0.0197803781681033,16.0,1.0,0.0027352838101372
collapsed_equivalence,grouped_physical_interpolation,,blocks_3x3_shifted_g4,2027,mlp,photon_geometry,wq,16,0.0140359976690934,0.0534704673108321,16.0,1.0,2.0111920619775887
collapsed_equivalence,grouped_physical_interpolation,,blocks_3x3_shifted_g4,2027,hgb,all_shooting,k,16,0.0001756092526087,0.0702437010434845,16.0,1.0,0.0005170300664933
collapsed_equivalence,grouped_physical_interpolation,,blocks_3x3_shifted_g4,2027,hgb,all_shooting,wq,16,0.0135172250797445,0.0514941907799791,14.0,0.875,0.0285096705777723
collapsed_equivalence,grouped_physical_interpolation,,blocks_3x3_shifted_g4,2027,random_forest,all_shooting,k,16,0.0002630030071924,0.1052012028769842,12.0,0.75,0.0003546874999999
collapsed_equivalence,grouped_physical_interpolation,,blocks_3x3_shifted_g4,2027,random_forest,all_shooting,wq,16,0.0106486689814818,0.0405663580246926,16.0,1.0,0.0449358796296296
collapsed_equivalence,grouped_physical_interpolation,,blocks_3x3_shifted_g4,2027,mlp,all_shooting,k,16,5.930832841407178e-05,0.0237233313656287,16.0,1.0,0.0010442012534783
collapsed_equivalence,grouped_physical_interpolation,,blocks_3x3_shifted_g4,2027,mlp,all_shooting,wq,16,0.0170019969474044,0.0647695121805883,16.0,1.0,0.9121740166679922
collapsed_equivalence,grouped_physical_interpolation,,blocks_3x3_shifted_g4,2027,hgb,ringdown_plus_photon_geometry,k,16,2.955748247157526e-05,0.0118229929886301,16.0,1.0,0.0002821413385208
collapsed_equivalence,grouped_physical_interpolation,,blocks_3x3_shifted_g4,2027,hgb,ringdown_plus_photon_geometry,wq,16,0.0156606206354317,0.059659507182597,16.0,1.0,0.0428909054717762
collapsed_equivalence,grouped_physical_interpolation,,blocks_3x3_shifted_g4,2027,random_forest,ringdown_plus_photon_geometry,k,16,2.6405939980159168e-05,0.0105623759920636,16.0,1.0,0.0002232291666666
collapsed_equivalence,grouped_physical_interpolation,,blocks_3x3_shifted_g4,2027,random_forest,ringdown_plus_photon_geometry,wq,16,0.0131167629607084,0.0499686208026989,16.0,1.0,0.0512946924603172
collapsed_equivalence,grouped_physical_interpolation,,blocks_3x3_shifted_g4,2027,mlp,ringdown_plus_photon_geometry,k,16,7.592432661784749e-05,0.0303697306471389,16.0,1.0,0.0026947050189485
collapsed_equivalence,grouped_physical_interpolation,,blocks_3x3_shifted_g4,2027,mlp,ringdown_plus_photon_geometry,wq,16,0.0028925134708733,0.0110190989366604,16.0,1.0,1.5705861370727328
collapsed_equivalence,grouped_physical_interpolation,,blocks_3x3_shifted_g4,2027,hgb,ringdown_plus_all_shooting,k,16,3.174879548532735e-05,0.0126995181941309,16.0,1.0,0.0002456539891416
collapsed_equivalence,grouped_physical_interpolation,,blocks_3x3_shifted_g4,2027,hgb,ringdown_plus_all_shooting,wq,16,0.0122431735107116,0.0466406609931873,16.0,1.0,0.0300380944877454
collapsed_equivalence,grouped_physical_interpolation,,blocks_3x3_shifted_g4,2027,random_forest,ringdown_plus_all_shooting,k,16,2.808345734127029e-05,0.0112333829365081,16.0,1.0,0.0002258333333333
collapsed_equivalence,grouped_physical_interpolation,,blocks_3x3_shifted_g4,2027,random_forest,ringdown_plus_all_shooting,wq,16,0.0109473048941802,0.0417040186444962,16.0,1.0,0.0465435185185184
collapsed_equivalence,grouped_physical_interpolation,,blocks_3x3_shifted_g4,2027,mlp,ringdown_plus_all_shooting,k,16,4.835756690312218e-05,0.0193430267612488,13.0,0.8125,8.348471415401586e-05
collapsed_equivalence,grouped_physical_interpolation,,blocks_3x3_shifted_g4,2027,mlp,ringdown_plus_all_shooting,wq,16,0.006023259218301,0.0229457494030517,16.0,1.0,1.6438812211295954
collapsed_equivalence,grouped_physical_interpolation,,blocks_3x3_shifted_g4,2028,hgb,ringdown,k,16,7.367700815862775e-05,0.0294708032634511,16.0,1.0,0.0003187901424775
collapsed_equivalence,grouped_physical_interpolation,,blocks_3x3_shifted_g4,2028,hgb,ringdown,wq,16,0.0305656320029578,0.1164405028684109,16.0,1.0,0.1423416107159634
collapsed_equivalence,grouped_physical_interpolation,,blocks_3x3_shifted_g4,2028,random_forest,ringdown,k,16,5.517557457010621e-05,0.0220702298280424,16.0,1.0,0.0002468948412698
collapsed_equivalence,grouped_physical_interpolation,,blocks_3x3_shifted_g4,2028,random_forest,ringdown,wq,16,0.0216165482954544,0.0823487554112551,16.0,1.0,0.1038369295634923
collapsed_equivalence,grouped_physical_interpolation,,blocks_3x3_shifted_g4,2028,mlp,ringdown,k,16,4.57312386282534e-05,0.0182924954513013,16.0,1.0,0.0002421910067328
collapsed_equivalence,grouped_physical_interpolation,,blocks_3x3_shifted_g4,2028,mlp,ringdown,wq,16,0.0143884523779504,0.0548131519160018,16.0,1.0,0.0564181102640654
collapsed_equivalence,grouped_physical_interpolation,,blocks_3x3_shifted_g4,2028,hgb,photon_geometry,k,16,0.0004451531197098,0.1780612478839268,15.0,0.9375,0.0006933488968151
collapsed_equivalence,grouped_physical_interpolation,,blocks_3x3_shifted_g4,2028,hgb,photon_geometry,wq,16,0.021156857049123,0.0805975506633258,15.0,0.9375,0.0450440196494904
collapsed_equivalence,grouped_physical_interpolation,,blocks_3x3_shifted_g4,2028,random_forest,photon_geometry,k,16,0.0004053545076884,0.1621418030753967,12.0,0.75,0.0005598642676767
collapsed_equivalence,grouped_physical_interpolation,,blocks_3x3_shifted_g4,2028,random_forest,photon_geometry,wq,16,0.0192677234585441,0.0734008512706443,16.0,1.0,0.062516538900914
collapsed_equivalence,grouped_physical_interpolation,,blocks_3x3_shifted_g4,2028,mlp,photon_geometry,k,16,5.1091674390237714e-05,0.020436669756095,16.0,1.0,0.0002715029991079
collapsed_equivalence,grouped_physical_interpolation,,blocks_3x3_shifted_g4,2028,mlp,photon_geometry,wq,16,0.0293880879276218,0.1119546206766544,16.0,1.0,0.1400041644750053
collapsed_equivalence,grouped_physical_interpolation,,blocks_3x3_shifted_g4,2028,hgb,all_shooting,k,16,0.0001438906882991,0.0575562753196665,16.0,1.0,0.0007397067012106
collapsed_equivalence,grouped_physical_interpolation,,blocks_3x3_shifted_g4,2028,hgb,all_shooting,wq,16,0.0104974666177158,0.0399903490198699,15.0,0.9375,0.0286799927575689
collapsed_equivalence,grouped_physical_interpolation,,blocks_3x3_shifted_g4,2028,random_forest,all_shooting,k,16,0.0003425600405092,0.1370240162037037,16.0,1.0,0.0005756249999999
collapsed_equivalence,grouped_physical_interpolation,,blocks_3x3_shifted_g4,2028,random_forest,all_shooting,wq,16,0.0101131386408731,0.0385262424414214,16.0,1.0,0.0265828373015875
collapsed_equivalence,grouped_physical_interpolation,,blocks_3x3_shifted_g4,2028,mlp,all_shooting,k,16,0.0001515807386387,0.0606322954555012,16.0,1.0,0.0003599886341264
collapsed_equivalence,grouped_physical_interpolation,,blocks_3x3_shifted_g4,2028,mlp,all_shooting,wq,16,0.0106884493948912,0.0407179024567286,16.0,1.0,0.0348563365835459
collapsed_equivalence,grouped_physical_interpolation,,blocks_3x3_shifted_g4,2028,hgb,ringdown_plus_photon_geometry,k,16,8.174295578549371e-05,0.0326971823141974,16.0,1.0,0.0003180465604161
collapsed_equivalence,grouped_physical_interpolation,,blocks_3x3_shifted_g4,2028,hgb,ringdown_plus_photon_geometry,wq,16,0.0137401139572861,0.052343291265852,15.0,0.9375,0.0363786176158303
collapsed_equivalence,grouped_physical_interpolation,,blocks_3x3_shifted_g4,2028,random_forest,ringdown_plus_photon_geometry,k,16,6.485609912367787e-05,0.0259424396494711,16.0,1.0,0.0002288888888888
collapsed_equivalence,grouped_physical_interpolation,,blocks_3x3_shifted_g4,2028,random_forest,ringdown_plus_photon_geometry,wq,16,0.0165394707867367,0.063007507758997,16.0,1.0,0.0614544853294852
collapsed_equivalence,grouped_physical_interpolation,,blocks_3x3_shifted_g4,2028,mlp,ringdown_plus_photon_geometry,k,16,0.0001134480980778,0.0453792392311431,16.0,1.0,0.0008215973317213
collapsed_equivalence,grouped_physical_interpolation,,blocks_3x3_shifted_g4,2028,mlp,ringdown_plus_photon_geometry,wq,16,0.0036447618709957,0.0138848071276028,16.0,1.0,0.0238415442723644
collapsed_equivalence,grouped_physical_interpolation,,blocks_3x3_shifted_g4,2028,hgb,ringdown_plus_all_shooting,k,16,5.626392739807602e-05,0.0225055709592304,16.0,1.0,0.0003173757602941
collapsed_equivalence,grouped_physical_interpolation,,blocks_3x3_shifted_g4,2028,hgb,ringdown_plus_all_shooting,wq,16,0.0106022267057953,0.0403894350696965,15.0,0.9375,0.0287480468029738
collapsed_equivalence,grouped_physical_interpolation,,blocks_3x3_shifted_g4,2028,random_forest,ringdown_plus_all_shooting,k,16,6.697699652777842e-05,0.0267907986111113,16.0,1.0,0.0002210763888888
collapsed_equivalence,grouped_physical_interpolation,,blocks_3x3_shifted_g4,2028,random_forest,ringdown_plus_all_shooting,wq,16,0.0105976727843917,0.0403720867976826,16.0,1.0,0.0276592261904763
collapsed_equivalence,grouped_physical_interpolation,,blocks_3x3_shifted_g4,2028,mlp,ringdown_plus_all_shooting,k,16,5.494221670606232e-05,0.0219768866824249,16.0,1.0,0.0001434305786524
collapsed_equivalence,grouped_physical_interpolation,,blocks_3x3_shifted_g4,2028,mlp,ringdown_plus_all_shooting,wq,16,0.0079325390109108,0.0302191962320413,16.0,1.0,0.0194563915363542
collapsed_equivalence,grouped_physical_interpolation,,blocks_3x3_shifted_g4,2029,hgb,ringdown,k,16,7.576338577103717e-05,0.0303053543084148,16.0,1.0,0.0002277548582771
collapsed_equivalence,grouped_physical_interpolation,,blocks_3x3_shifted_g4,2029,hgb,ringdown,wq,16,0.0351217958446269,0.1337973175033406,15.0,0.9375,0.0852393115082504
collapsed_equivalence,grouped_physical_interpolation,,blocks_3x3_shifted_g4,2029,random_forest,ringdown,k,16,5.9846746858466005e-05,0.0239386987433864,13.0,0.8125,0.0001083705357142
collapsed_equivalence,grouped_physical_interpolation,,blocks_3x3_shifted_g4,2029,random_forest,ringdown,wq,16,0.040157572923556,0.1529812301849753,16.0,1.0,0.1311805570586819
collapsed_equivalence,grouped_physical_interpolation,,blocks_3x3_shifted_g4,2029,mlp,ringdown,k,16,4.653728936631539e-05,0.0186149157465261,12.0,0.75,6.017575544396822e-05
collapsed_equivalence,grouped_physical_interpolation,,blocks_3x3_shifted_g4,2029,mlp,ringdown,wq,16,0.0076372661325801,0.0290943471717338,16.0,1.0,0.0164529489266274
collapsed_equivalence,grouped_physical_interpolation,,blocks_3x3_shifted_g4,2029,hgb,photon_geometry,k,16,0.000443678946062,0.1774715784248031,11.0,0.6875,0.0005853530148607
collapsed_equivalence,grouped_physical_interpolation,,blocks_3x3_shifted_g4,2029,hgb,photon_geometry,wq,16,0.0182841434460914,0.0696538797946342,15.0,0.9375,0.0400772457373145
collapsed_equivalence,grouped_physical_interpolation,,blocks_3x3_shifted_g4,2029,random_forest,photon_geometry,k,16,0.0004036029472552,0.1614411789021163,13.0,0.8125,0.0006213971560846
collapsed_equivalence,grouped_physical_interpolation,,blocks_3x3_shifted_g4,2029,random_forest,photon_geometry,wq,16,0.0179084315062836,0.0682225962144138,16.0,1.0,0.0522339285714289
collapsed_equivalence,grouped_physical_interpolation,,blocks_3x3_shifted_g4,2029,mlp,photon_geometry,k,16,6.968884880972662e-05,0.0278755395238906,16.0,1.0,0.0012430722518438
collapsed_equivalence,grouped_physical_interpolation,,blocks_3x3_shifted_g4,2029,mlp,photon_geometry,wq,16,0.0139498184266388,0.0531421654348146,16.0,1.0,0.1988377326639442
collapsed_equivalence,grouped_physical_interpolation,,blocks_3x3_shifted_g4,2029,hgb,all_shooting,k,16,0.0002162636801915,0.0865054720766145,15.0,0.9375,0.0004375239035893
collapsed_equivalence,grouped_physical_interpolation,,blocks_3x3_shifted_g4,2029,hgb,all_shooting,wq,16,0.0111214487899417,0.0423674239616826,16.0,1.0,0.0674062156562561
collapsed_equivalence,grouped_physical_interpolation,,blocks_3x3_shifted_g4,2029,random_forest,all_shooting,k,16,0.0002845336784887,0.1138134713955027,12.0,0.75,0.0004693981481481
collapsed_equivalence,grouped_physical_interpolation,,blocks_3x3_shifted_g4,2029,random_forest,all_shooting,wq,16,0.0160179119130298,0.0610206168115422,16.0,1.0,0.0582876322751322
collapsed_equivalence,grouped_physical_interpolation,,blocks_3x3_shifted_g4,2029,mlp,all_shooting,k,16,7.749753593130359e-05,0.0309990143725214,16.0,1.0,0.0002740350816554
collapsed_equivalence,grouped_physical_interpolation,,blocks_3x3_shifted_g4,2029,mlp,all_shooting,wq,16,0.0381040484866531,0.1451582799491546,16.0,1.0,0.1116137727822836
collapsed_equivalence,grouped_physical_interpolation,,blocks_3x3_shifted_g4,2029,hgb,ringdown_plus_photon_geometry,k,16,6.918322067594652e-05,0.0276732882703786,16.0,1.0,0.0002680834074753
collapsed_equivalence,grouped_physical_interpolation,,blocks_3x3_shifted_g4,2029,hgb,ringdown_plus_photon_geometry,wq,16,0.0163583282081072,0.0623174407927894,15.0,0.9375,0.0434241819799374
collapsed_equivalence,grouped_physical_interpolation,,blocks_3x3_shifted_g4,2029,random_forest,ringdown_plus_photon_geometry,k,16,6.334067046957737e-05,0.0253362681878309,14.0,0.875,0.0001445486111111
collapsed_equivalence,grouped_physical_interpolation,,blocks_3x3_shifted_g4,2029,random_forest,ringdown_plus_photon_geometry,wq,16,0.0163487826554237,0.0622810767825667,16.0,1.0,0.0556283880471382
collapsed_equivalence,grouped_physical_interpolation,,blocks_3x3_shifted_g4,2029,mlp,ringdown_plus_photon_geometry,k,16,0.0001263523582921,0.0505409433168526,16.0,1.0,0.0007378076763357
collapsed_equivalence,grouped_physical_interpolation,,blocks_3x3_shifted_g4,2029,mlp,ringdown_plus_photon_geometry,wq,16,0.009167481736153,0.0349237399472498,16.0,1.0,0.3326879164140676
collapsed_equivalence,grouped_physical_interpolation,,blocks_3x3_shifted_g4,2029,hgb,ringdown_plus_all_shooting,k,16,6.5758270691213e-05,0.0263033082764852,16.0,1.0,0.0002434241965094
collapsed_equivalence,grouped_physical_interpolation,,blocks_3x3_shifted_g4,2029,hgb,ringdown_plus_all_shooting,wq,16,0.0110837485182222,0.0422238038789418,16.0,1.0,0.0679444277256416
collapsed_equivalence,grouped_physical_interpolation,,blocks_3x3_shifted_g4,2029,random_forest,ringdown_plus_all_shooting,k,16,5.55092592592599e-05,0.0222037037037039,16.0,1.0,0.0001498263888888
collapsed_equivalence,grouped_physical_interpolation,,blocks_3x3_shifted_g4,2029,random_forest,ringdown_plus_all_shooting,wq,16,0.015895212260252,0.0605531895628647,16.0,1.0,0.0583949239417991
collapsed_equivalence,grouped_physical_interpolation,,blocks_3x3_shifted_g4,2029,mlp,ringdown_plus_all_shooting,k,16,6.49440006822698e-05,0.0259776002729079,16.0,1.0,0.0015941796843449
collapsed_equivalence,grouped_physical_interpolation,,blocks_3x3_shifted_g4,2029,mlp,ringdown_plus_all_shooting,wq,16,0.015769635795799,0.0600748030316155,16.0,1.0,0.9196834188036528
collapsed_equivalence,grouped_physical_interpolation,,blocks_3x3_shifted_g4,2030,hgb,ringdown,k,16,5.549200704742207e-05,0.0221968028189688,16.0,1.0,0.0002977209979787
collapsed_equivalence,grouped_physical_interpolation,,blocks_3x3_shifted_g4,2030,hgb,ringdown,wq,16,0.0379233904622792,0.1444700589039209,16.0,1.0,0.1155199889221629
collapsed_equivalence,grouped_physical_interpolation,,blocks_3x3_shifted_g4,2030,random_forest,ringdown,k,16,6.258370535714316e-05,0.0250334821428572,16.0,1.0,0.0001835069444444
collapsed_equivalence,grouped_physical_interpolation,,blocks_3x3_shifted_g4,2030,random_forest,ringdown,wq,16,0.0355881649925595,0.1355739618764175,16.0,1.0,0.094370882936508
collapsed_equivalence,grouped_physical_interpolation,,blocks_3x3_shifted_g4,2030,mlp,ringdown,k,16,7.33363817787701e-05,0.029334552711508,9.0,0.5625,7.366637899428475e-05
collapsed_equivalence,grouped_physical_interpolation,,blocks_3x3_shifted_g4,2030,mlp,ringdown,wq,16,0.0062497533187487,0.0238085840714239,16.0,1.0,0.0483718628210456
collapsed_equivalence,grouped_physical_interpolation,,blocks_3x3_shifted_g4,2030,hgb,photon_geometry,k,16,0.0004956836151334,0.1982734460533879,14.0,0.875,0.0007394244547477
collapsed_equivalence,grouped_physical_interpolation,,blocks_3x3_shifted_g4,2030,hgb,photon_geometry,wq,16,0.0182786205350017,0.0696328401333398,14.0,0.875,0.0414313829403037
collapsed_equivalence,grouped_physical_interpolation,,blocks_3x3_shifted_g4,2030,random_forest,photon_geometry,k,16,0.0003567510954034,0.1427004381613756,13.0,0.8125,0.0005005745701058
collapsed_equivalence,grouped_physical_interpolation,,blocks_3x3_shifted_g4,2030,random_forest,photon_geometry,wq,16,0.0131898137814155,0.0502469096434878,15.0,0.9375,0.0293260912698406
collapsed_equivalence,grouped_physical_interpolation,,blocks_3x3_shifted_g4,2030,mlp,photon_geometry,k,16,8.505191619218749e-05,0.0340207664768749,16.0,1.0,0.0002242442081259
collapsed_equivalence,grouped_physical_interpolation,,blocks_3x3_shifted_g4,2030,mlp,photon_geometry,wq,16,0.0118869423829999,0.045283590030476,10.0,0.625,0.0142389492719802
collapsed_equivalence,grouped_physical_interpolation,,blocks_3x3_shifted_g4,2030,hgb,all_shooting,k,16,0.0001931497519529,0.0772599007811791,15.0,0.9375,0.0003815054927639
collapsed_equivalence,grouped_physical_interpolation,,blocks_3x3_shifted_g4,2030,hgb,all_shooting,wq,16,0.0114009825097952,0.0434323143230295,12.0,0.75,0.019878020468071
collapsed_equivalence,grouped_physical_interpolation,,blocks_3x3_shifted_g4,2030,random_forest,all_shooting,k,16,0.0003358609250992,0.1343443700396827,9.0,0.5625,0.000384623015873
collapsed_equivalence,grouped_physical_interpolation,,blocks_3x3_shifted_g4,2030,random_forest,all_shooting,wq,16,0.0100790354249341,0.0383963254283205,14.0,0.875,0.0178208498677246
collapsed_equivalence,grouped_physical_interpolation,,blocks_3x3_shifted_g4,2030,mlp,all_shooting,k,16,0.0003377926349708,0.1351170539883302,16.0,1.0,0.0004890056010681
collapsed_equivalence,grouped_physical_interpolation,,blocks_3x3_shifted_g4,2030,mlp,all_shooting,wq,16,0.0078214808399374,0.0297961174854759,12.0,0.75,0.0129031965681728
collapsed_equivalence,grouped_physical_interpolation,,blocks_3x3_shifted_g4,2030,hgb,ringdown_plus_photon_geometry,k,16,6.739478315183512e-05,0.026957913260734,16.0,1.0,0.0002991178344115
collapsed_equivalence,grouped_physical_interpolation,,blocks_3x3_shifted_g4,2030,hgb,ringdown_plus_photon_geometry,wq,16,0.0145768340928186,0.055530796544071,15.0,0.9375,0.0334693285807037
collapsed_equivalence,grouped_physical_interpolation,,blocks_3x3_shifted_g4,2030,random_forest,ringdown_plus_photon_geometry,k,16,6.161520337301625e-05,0.0246460813492064,16.0,1.0,0.0001707986111111
collapsed_equivalence,grouped_physical_interpolation,,blocks_3x3_shifted_g4,2030,random_forest,ringdown_plus_photon_geometry,wq,16,0.0130351686507938,0.0496577853363575,15.0,0.9375,0.0292937499999994
collapsed_equivalence,grouped_physical_interpolation,,blocks_3x3_shifted_g4,2030,mlp,ringdown_plus_photon_geometry,k,16,3.3979988890538034e-05,0.0135919955562152,15.0,0.9375,6.528974996338182e-05
collapsed_equivalence,grouped_physical_interpolation,,blocks_3x3_shifted_g4,2030,mlp,ringdown_plus_photon_geometry,wq,16,0.0080429189424217,0.0306396912092257,16.0,1.0,0.0442698560070279
collapsed_equivalence,grouped_physical_interpolation,,blocks_3x3_shifted_g4,2030,hgb,ringdown_plus_all_shooting,k,16,5.003853401485841e-05,0.0200154136059433,16.0,1.0,0.0002936169238894
collapsed_equivalence,grouped_physical_interpolation,,blocks_3x3_shifted_g4,2030,hgb,ringdown_plus_all_shooting,wq,16,0.0112737455476405,0.0429476020862495,12.0,0.75,0.019517971651206
collapsed_equivalence,grouped_physical_interpolation,,blocks_3x3_shifted_g4,2030,random_forest,ringdown_plus_all_shooting,k,16,5.367838541666694e-05,0.0214713541666667,16.0,1.0,0.0001761805555555
collapsed_equivalence,grouped_physical_interpolation,,blocks_3x3_shifted_g4,2030,random_forest,ringdown_plus_all_shooting,wq,16,0.0099575913525135,0.0379336813429085,14.0,0.875,0.0169702380952382
collapsed_equivalence,grouped_physical_interpolation,,blocks_3x3_shifted_g4,2030,mlp,ringdown_plus_all_shooting,k,16,0.0001947435289434,0.0778974115773847,16.0,1.0,0.0003868106459028
collapsed_equivalence,grouped_physical_interpolation,,blocks_3x3_shifted_g4,2030,mlp,ringdown_plus_all_shooting,wq,16,0.0378337586798037,0.1441286044944906,16.0,1.0,0.0815104286028394
collapsed_equivalence,grouped_physical_interpolation,,blocks_3x3_shifted_g5,2026,hgb,ringdown,k,16,0.0001368823309032,0.054752932361287,16.0,1.0,0.0003401333423236
collapsed_equivalence,grouped_physical_interpolation,,blocks_3x3_shifted_g5,2026,hgb,ringdown,wq,16,0.0910617915395471,0.3469020630077986,15.0,0.9375,0.1363026240419535
collapsed_equivalence,grouped_physical_interpolation,,blocks_3x3_shifted_g5,2026,random_forest,ringdown,k,16,0.0001760069444444,0.0704027777777775,9.0,0.5625,0.000195275297619
collapsed_equivalence,grouped_physical_interpolation,,blocks_3x3_shifted_g5,2026,random_forest,ringdown,wq,16,0.1059290033005492,0.4035390601925683,7.0,0.4375,0.103395023148148
collapsed_equivalence,grouped_physical_interpolation,,blocks_3x3_shifted_g5,2026,mlp,ringdown,k,16,0.0002053560645826,0.0821424258330456,16.0,1.0,0.0005327123136146
collapsed_equivalence,grouped_physical_interpolation,,blocks_3x3_shifted_g5,2026,mlp,ringdown,wq,16,0.0134478812326671,0.0512300237434937,16.0,1.0,0.0409846920203106
collapsed_equivalence,grouped_physical_interpolation,,blocks_3x3_shifted_g5,2026,hgb,photon_geometry,k,16,0.000485087475022,0.1940349900088069,13.0,0.8125,0.0007849787684518
collapsed_equivalence,grouped_physical_interpolation,,blocks_3x3_shifted_g5,2026,hgb,photon_geometry,wq,16,0.0364721146455138,0.138941389125767,12.0,0.75,0.0522338173609862
collapsed_equivalence,grouped_physical_interpolation,,blocks_3x3_shifted_g5,2026,random_forest,photon_geometry,k,16,0.0004804153391458,0.192166135658323,8.0,0.5,0.0004027980960012
collapsed_equivalence,grouped_physical_interpolation,,blocks_3x3_shifted_g5,2026,random_forest,photon_geometry,wq,16,0.015330611359127,0.0584023289871507,13.0,0.8125,0.0258145502645494
collapsed_equivalence,grouped_physical_interpolation,,blocks_3x3_shifted_g5,2026,mlp,photon_geometry,k,16,8.839180676013193e-05,0.0353567227040527,11.0,0.6875,0.0001071526857072
collapsed_equivalence,grouped_physical_interpolation,,blocks_3x3_shifted_g5,2026,mlp,photon_geometry,wq,16,0.014723871273061,0.0560909381830896,16.0,1.0,0.0455334432109565
collapsed_equivalence,grouped_physical_interpolation,,blocks_3x3_shifted_g5,2026,hgb,all_shooting,k,16,0.0003142853627612,0.1257141451044899,15.0,0.9375,0.0005576770336414
collapsed_equivalence,grouped_physical_interpolation,,blocks_3x3_shifted_g5,2026,hgb,all_shooting,wq,16,0.0258843009426578,0.0986068607339347,15.0,0.9375,0.0492732824891715
collapsed_equivalence,grouped_physical_interpolation,,blocks_3x3_shifted_g5,2026,random_forest,all_shooting,k,16,0.0003712408544146,0.1484963417658729,7.0,0.4375,0.0002903472222222
collapsed_equivalence,grouped_physical_interpolation,,blocks_3x3_shifted_g5,2026,random_forest,all_shooting,wq,16,0.007231166294643,0.0275473001700686,15.0,0.9375,0.0142552083333336
collapsed_equivalence,grouped_physical_interpolation,,blocks_3x3_shifted_g5,2026,mlp,all_shooting,k,16,8.429633818670348e-05,0.0337185352746813,15.0,0.9375,0.0001542990934082
collapsed_equivalence,grouped_physical_interpolation,,blocks_3x3_shifted_g5,2026,mlp,all_shooting,wq,16,0.0100581365470454,0.038316710655411,16.0,1.0,0.0420044637797609
collapsed_equivalence,grouped_physical_interpolation,,blocks_3x3_shifted_g5,2026,hgb,ringdown_plus_photon_geometry,k,16,0.0001413191174303,0.056527646972132,14.0,0.875,0.0003493745694752
collapsed_equivalence,grouped_physical_interpolation,,blocks_3x3_shifted_g5,2026,hgb,ringdown_plus_photon_geometry,wq,16,0.0303843627463138,0.1157499533192907,14.0,0.875,0.0528158043456867
collapsed_equivalence,grouped_physical_interpolation,,blocks_3x3_shifted_g5,2026,random_forest,ringdown_plus_photon_geometry,k,16,0.0001575998263888,0.0630399305555553,8.0,0.5,0.0001617361111111
collapsed_equivalence,grouped_physical_interpolation,,blocks_3x3_shifted_g5,2026,random_forest,ringdown_plus_photon_geometry,wq,16,0.0159447389632936,0.0607418627173093,13.0,0.8125,0.0257228835978829
collapsed_equivalence,grouped_physical_interpolation,,blocks_3x3_shifted_g5,2026,mlp,ringdown_plus_photon_geometry,k,16,7.410150783177342e-05,0.0296406031327093,15.0,0.9375,0.0001666323640278
collapsed_equivalence,grouped_physical_interpolation,,blocks_3x3_shifted_g5,2026,mlp,ringdown_plus_photon_geometry,wq,16,0.0281955740673186,0.1074117107326425,16.0,1.0,0.0974193061104296
collapsed_equivalence,grouped_physical_interpolation,,blocks_3x3_shifted_g5,2026,hgb,ringdown_plus_all_shooting,k,16,0.0001153976982733,0.0461590793093263,16.0,1.0,0.0003124688524578
collapsed_equivalence,grouped_physical_interpolation,,blocks_3x3_shifted_g5,2026,hgb,ringdown_plus_all_shooting,wq,16,0.0260721266295265,0.0993223871601011,15.0,0.9375,0.049637151110136
collapsed_equivalence,grouped_physical_interpolation,,blocks_3x3_shifted_g5,2026,random_forest,ringdown_plus_all_shooting,k,16,0.0003094552951388,0.1237821180555553,2.0,0.125,0.0001642361111111
collapsed_equivalence,grouped_physical_interpolation,,blocks_3x3_shifted_g5,2026,random_forest,ringdown_plus_all_shooting,wq,16,0.0078220951140874,0.029798457577476,15.0,0.9375,0.0143223379629635
collapsed_equivalence,grouped_physical_interpolation,,blocks_3x3_shifted_g5,2026,mlp,ringdown_plus_all_shooting,k,16,9.606516353185632e-05,0.0384260654127425,14.0,0.875,0.0001779252119689
collapsed_equivalence,grouped_physical_interpolation,,blocks_3x3_shifted_g5,2026,mlp,ringdown_plus_all_shooting,wq,16,0.0030796823640746,0.011732123291713,16.0,1.0,0.025662545214327
collapsed_equivalence,grouped_physical_interpolation,,blocks_3x3_shifted_g5,2027,hgb,ringdown,k,16,0.0001081745940458,0.0432698376183436,15.0,0.9375,0.0002830585419245
collapsed_equivalence,grouped_physical_interpolation,,blocks_3x3_shifted_g5,2027,hgb,ringdown,wq,16,0.0917452393469677,0.3495056737027343,16.0,1.0,0.1418704483778128
collapsed_equivalence,grouped_physical_interpolation,,blocks_3x3_shifted_g5,2027,random_forest,ringdown,k,16,0.0001512695312499,0.0605078124999997,16.0,1.0,0.0003707291666666
collapsed_equivalence,grouped_physical_interpolation,,blocks_3x3_shifted_g5,2027,random_forest,ringdown,wq,16,0.0997546197340464,0.3800175989868437,5.0,0.3125,0.0872205687830685
collapsed_equivalence,grouped_physical_interpolation,,blocks_3x3_shifted_g5,2027,mlp,ringdown,k,16,0.0001275018573611,0.0510007429444486,11.0,0.6875,0.0001501891288189
collapsed_equivalence,grouped_physical_interpolation,,blocks_3x3_shifted_g5,2027,mlp,ringdown,wq,16,0.0599964178409855,0.2285577822513735,16.0,1.0,0.1918878711024428
collapsed_equivalence,grouped_physical_interpolation,,blocks_3x3_shifted_g5,2027,hgb,photon_geometry,k,16,0.0004908581156509,0.1963432462603946,13.0,0.8125,0.0006399166135449
collapsed_equivalence,grouped_physical_interpolation,,blocks_3x3_shifted_g5,2027,hgb,photon_geometry,wq,16,0.0443866541963796,0.1690920159862082,12.0,0.75,0.0634740521883467
collapsed_equivalence,grouped_physical_interpolation,,blocks_3x3_shifted_g5,2027,random_forest,photon_geometry,k,16,0.0004479726769179,0.1791890707671956,10.0,0.625,0.0005107837301587
collapsed_equivalence,grouped_physical_interpolation,,blocks_3x3_shifted_g5,2027,random_forest,photon_geometry,wq,16,0.0182297009341932,0.0694464797493075,13.0,0.8125,0.032984424603175
collapsed_equivalence,grouped_physical_interpolation,,blocks_3x3_shifted_g5,2027,mlp,photon_geometry,k,16,0.0001000942342078,0.0400376936831266,16.0,1.0,0.0004226240806904
collapsed_equivalence,grouped_physical_interpolation,,blocks_3x3_shifted_g5,2027,mlp,photon_geometry,wq,16,0.0092298994042071,0.0351615215398368,16.0,1.0,0.0586891304847445
collapsed_equivalence,grouped_physical_interpolation,,blocks_3x3_shifted_g5,2027,hgb,all_shooting,k,16,0.0002195730195614,0.0878292078245751,16.0,1.0,0.0006810760441167
collapsed_equivalence,grouped_physical_interpolation,,blocks_3x3_shifted_g5,2027,hgb,all_shooting,wq,16,0.025395842584233,0.0967460669875545,16.0,1.0,0.0783886448187174
collapsed_equivalence,grouped_physical_interpolation,,blocks_3x3_shifted_g5,2027,random_forest,all_shooting,k,16,0.0002378610538766,0.0951444215506714,16.0,1.0,0.0005763392857142
collapsed_equivalence,grouped_physical_interpolation,,blocks_3x3_shifted_g5,2027,random_forest,all_shooting,wq,16,0.0131299758184524,0.0500189554988664,16.0,1.0,0.0558085317460321
collapsed_equivalence,grouped_physical_interpolation,,blocks_3x3_shifted_g5,2027,mlp,all_shooting,k,16,0.0001482641883428,0.0593056753371453,16.0,1.0,0.0007921195514762
collapsed_equivalence,grouped_physical_interpolation,,blocks_3x3_shifted_g5,2027,mlp,all_shooting,wq,16,0.0072079921679337,0.0274590177826047,16.0,1.0,0.0531848855293654
collapsed_equivalence,grouped_physical_interpolation,,blocks_3x3_shifted_g5,2027,hgb,ringdown_plus_photon_geometry,k,16,0.000122452407753,0.0489809631012173,15.0,0.9375,0.0003198820220846
collapsed_equivalence,grouped_physical_interpolation,,blocks_3x3_shifted_g5,2027,hgb,ringdown_plus_photon_geometry,wq,16,0.0351781175281428,0.1340118762976872,15.0,0.9375,0.0669898051266847
collapsed_equivalence,grouped_physical_interpolation,,blocks_3x3_shifted_g5,2027,random_forest,ringdown_plus_photon_geometry,k,16,0.0001384157986111,0.0553663194444441,16.0,1.0,0.0003356944444444
collapsed_equivalence,grouped_physical_interpolation,,blocks_3x3_shifted_g5,2027,random_forest,ringdown_plus_photon_geometry,wq,16,0.0168855386078043,0.064325861363064,16.0,1.0,0.033123313492064
collapsed_equivalence,grouped_physical_interpolation,,blocks_3x3_shifted_g5,2027,mlp,ringdown_plus_photon_geometry,k,16,4.7720156044715646e-05,0.0190880624178862,16.0,1.0,0.0002785801894888
collapsed_equivalence,grouped_physical_interpolation,,blocks_3x3_shifted_g5,2027,mlp,ringdown_plus_photon_geometry,wq,16,0.0520749240851875,0.1983806631816667,16.0,1.0,0.1103756645018943
collapsed_equivalence,grouped_physical_interpolation,,blocks_3x3_shifted_g5,2027,hgb,ringdown_plus_all_shooting,k,16,9.675355084377656e-05,0.0387014203375106,16.0,1.0,0.000346621242945
collapsed_equivalence,grouped_physical_interpolation,,blocks_3x3_shifted_g5,2027,hgb,ringdown_plus_all_shooting,wq,16,0.0255531433053115,0.0973453078297582,16.0,1.0,0.0782757094329617
collapsed_equivalence,grouped_physical_interpolation,,blocks_3x3_shifted_g5,2027,random_forest,ringdown_plus_all_shooting,k,16,0.0002025303819444,0.0810121527777775,11.0,0.6875,0.0003302430555555
collapsed_equivalence,grouped_physical_interpolation,,blocks_3x3_shifted_g5,2027,random_forest,ringdown_plus_all_shooting,wq,16,0.0135351097470238,0.0515623228458051,16.0,1.0,0.0584613095238099
collapsed_equivalence,grouped_physical_interpolation,,blocks_3x3_shifted_g5,2027,mlp,ringdown_plus_all_shooting,k,16,5.748357377650353e-05,0.0229934295106014,16.0,1.0,0.0002346156693836
collapsed_equivalence,grouped_physical_interpolation,,blocks_3x3_shifted_g5,2027,mlp,ringdown_plus_all_shooting,wq,16,0.0036963200742022,0.0140812193302944,16.0,1.0,0.0602027547602232
collapsed_equivalence,grouped_physical_interpolation,,blocks_3x3_shifted_g5,2028,hgb,ringdown,k,16,0.0001916182427667,0.0766472971066839,11.0,0.6875,0.0003029086729796
collapsed_equivalence,grouped_physical_interpolation,,blocks_3x3_shifted_g5,2028,hgb,ringdown,wq,16,0.0842076667469072,0.3207911114167896,16.0,1.0,0.1377404562247332
collapsed_equivalence,grouped_physical_interpolation,,blocks_3x3_shifted_g5,2028,random_forest,ringdown,k,16,0.0001500716145833,0.0600286458333331,10.0,0.625,0.0001801388888888
collapsed_equivalence,grouped_physical_interpolation,,blocks_3x3_shifted_g5,2028,random_forest,ringdown,wq,16,0.0998578258173634,0.3804107650185275,6.0,0.375,0.084098148148148
collapsed_equivalence,grouped_physical_interpolation,,blocks_3x3_shifted_g5,2028,mlp,ringdown,k,16,5.443137632771721e-05,0.0217725505310868,13.0,0.8125,0.0001034033938151
collapsed_equivalence,grouped_physical_interpolation,,blocks_3x3_shifted_g5,2028,mlp,ringdown,wq,16,0.0092603729567631,0.0352776112638597,16.0,1.0,0.0623597544206785
collapsed_equivalence,grouped_physical_interpolation,,blocks_3x3_shifted_g5,2028,hgb,photon_geometry,k,16,0.0004994284642285,0.1997713856914335,15.0,0.9375,0.0008487820176548
collapsed_equivalence,grouped_physical_interpolation,,blocks_3x3_shifted_g5,2028,hgb,photon_geometry,wq,16,0.0345313547742767,0.131548018187721,12.0,0.75,0.0615759107778312
collapsed_equivalence,grouped_physical_interpolation,,blocks_3x3_shifted_g5,2028,random_forest,photon_geometry,k,16,0.0004290359416335,0.1716143766534391,13.0,0.8125,0.0005785267857142
collapsed_equivalence,grouped_physical_interpolation,,blocks_3x3_shifted_g5,2028,random_forest,photon_geometry,wq,16,0.0152810216187169,0.0582134156903501,16.0,1.0,0.0462847222222225
collapsed_equivalence,grouped_physical_interpolation,,blocks_3x3_shifted_g5,2028,mlp,photon_geometry,k,16,8.250721153835961e-05,0.0330028846153438,16.0,1.0,0.0001959149905524
collapsed_equivalence,grouped_physical_interpolation,,blocks_3x3_shifted_g5,2028,mlp,photon_geometry,wq,16,0.0302788997403884,0.1153481894871941,16.0,1.0,0.0642299840065196
collapsed_equivalence,grouped_physical_interpolation,,blocks_3x3_shifted_g5,2028,hgb,all_shooting,k,16,0.0002510340862441,0.1004136344976678,16.0,1.0,0.000568566891603
collapsed_equivalence,grouped_physical_interpolation,,blocks_3x3_shifted_g5,2028,hgb,all_shooting,wq,16,0.0278355441199599,0.1060401680760378,16.0,1.0,0.0587442105625321
collapsed_equivalence,grouped_physical_interpolation,,blocks_3x3_shifted_g5,2028,random_forest,all_shooting,k,16,0.0002713715277777,0.1085486111111109,11.0,0.6875,0.0003334887566137
collapsed_equivalence,grouped_physical_interpolation,,blocks_3x3_shifted_g5,2028,random_forest,all_shooting,wq,16,0.0093022486772487,0.0354371378180905,15.0,0.9375,0.0198933697089953
collapsed_equivalence,grouped_physical_interpolation,,blocks_3x3_shifted_g5,2028,mlp,all_shooting,k,16,6.821713621412451e-05,0.0272868544856498,16.0,1.0,0.0001573318441561
collapsed_equivalence,grouped_physical_interpolation,,blocks_3x3_shifted_g5,2028,mlp,all_shooting,wq,16,0.0095793547333034,0.0364927799363939,16.0,1.0,0.0454833562819978
collapsed_equivalence,grouped_physical_interpolation,,blocks_3x3_shifted_g5,2028,hgb,ringdown_plus_photon_geometry,k,16,0.0001945457195691,0.0778182878276747,12.0,0.75,0.0002871317582578
collapsed_equivalence,grouped_physical_interpolation,,blocks_3x3_shifted_g5,2028,hgb,ringdown_plus_photon_geometry,wq,16,0.0318477860252025,0.1213248991436288,14.0,0.875,0.0608951703373286
collapsed_equivalence,grouped_physical_interpolation,,blocks_3x3_shifted_g5,2028,random_forest,ringdown_plus_photon_geometry,k,16,0.0001444645957341,0.0577858382936505,10.0,0.625,0.0001589583333333
collapsed_equivalence,grouped_physical_interpolation,,blocks_3x3_shifted_g5,2028,random_forest,ringdown_plus_photon_geometry,wq,16,0.0157514953290343,0.0600056964915592,16.0,1.0,0.0466470238095242
collapsed_equivalence,grouped_physical_interpolation,,blocks_3x3_shifted_g5,2028,mlp,ringdown_plus_photon_geometry,k,16,4.927748368175845e-05,0.0197109934727033,15.0,0.9375,0.0001137930518104
collapsed_equivalence,grouped_physical_interpolation,,blocks_3x3_shifted_g5,2028,mlp,ringdown_plus_photon_geometry,wq,16,0.0049279335062357,0.0187730800237553,16.0,1.0,0.0486365223796813
collapsed_equivalence,grouped_physical_interpolation,,blocks_3x3_shifted_g5,2028,hgb,ringdown_plus_all_shooting,k,16,0.000149656431743,0.0598625726972155,16.0,1.0,0.000337996720633
collapsed_equivalence,grouped_physical_interpolation,,blocks_3x3_shifted_g5,2028,hgb,ringdown_plus_all_shooting,wq,16,0.027769801318413,0.1057897193082403,16.0,1.0,0.0596644239783109
collapsed_equivalence,grouped_physical_interpolation,,blocks_3x3_shifted_g5,2028,random_forest,ringdown_plus_all_shooting,k,16,0.0002478934151785,0.0991573660714284,8.0,0.5,0.0002249999999999
collapsed_equivalence,grouped_physical_interpolation,,blocks_3x3_shifted_g5,2028,random_forest,ringdown_plus_all_shooting,wq,16,0.0091616236772488,0.0349014235323764,15.0,0.9375,0.0202213789682546
collapsed_equivalence,grouped_physical_interpolation,,blocks_3x3_shifted_g5,2028,mlp,ringdown_plus_all_shooting,k,16,8.70092174602708e-05,0.0348036869841083,16.0,1.0,0.0009269648799915
collapsed_equivalence,grouped_physical_interpolation,,blocks_3x3_shifted_g5,2028,mlp,ringdown_plus_all_shooting,wq,16,0.0310781944597017,0.1183931217512446,16.0,1.0,0.1056701677859413
collapsed_equivalence,grouped_physical_interpolation,,blocks_3x3_shifted_g5,2029,hgb,ringdown,k,16,0.0002001644489761,0.0800657795904461,7.0,0.4375,0.0002021976462574
collapsed_equivalence,grouped_physical_interpolation,,blocks_3x3_shifted_g5,2029,hgb,ringdown,wq,16,0.1037569504548484,0.3952645731613275,13.0,0.8125,0.1374253960731509
collapsed_equivalence,grouped_physical_interpolation,,blocks_3x3_shifted_g5,2029,random_forest,ringdown,k,16,0.0001725497581845,0.0690199032738093,8.0,0.5,0.0001184697420634
collapsed_equivalence,grouped_physical_interpolation,,blocks_3x3_shifted_g5,2029,random_forest,ringdown,wq,16,0.1128673118524028,0.4299707118186775,10.0,0.625,0.1285888337742504
collapsed_equivalence,grouped_physical_interpolation,,blocks_3x3_shifted_g5,2029,mlp,ringdown,k,16,8.070308667371174e-05,0.0322812346694846,9.0,0.5625,8.40943955027389e-05
collapsed_equivalence,grouped_physical_interpolation,,blocks_3x3_shifted_g5,2029,mlp,ringdown,wq,16,0.0057289636942292,0.0218246235970639,16.0,1.0,0.0365130650605077
collapsed_equivalence,grouped_physical_interpolation,,blocks_3x3_shifted_g5,2029,hgb,photon_geometry,k,16,0.0003826668128721,0.1530667251488732,11.0,0.6875,0.0005085227042833
collapsed_equivalence,grouped_physical_interpolation,,blocks_3x3_shifted_g5,2029,hgb,photon_geometry,wq,16,0.0366761324691486,0.1397185998824711,12.0,0.75,0.0566249386972166
collapsed_equivalence,grouped_physical_interpolation,,blocks_3x3_shifted_g5,2029,random_forest,photon_geometry,k,16,0.0005228716621197,0.2091486648478835,4.0,0.25,0.0003897817460317
collapsed_equivalence,grouped_physical_interpolation,,blocks_3x3_shifted_g5,2029,random_forest,photon_geometry,wq,16,0.0111543588789684,0.0424927957294035,16.0,1.0,0.0484309854497351
collapsed_equivalence,grouped_physical_interpolation,,blocks_3x3_shifted_g5,2029,mlp,photon_geometry,k,16,0.0002090406194462,0.0836162477785089,16.0,1.0,0.0008354813224862
collapsed_equivalence,grouped_physical_interpolation,,blocks_3x3_shifted_g5,2029,mlp,photon_geometry,wq,16,0.0133514053354221,0.0508624965158938,15.0,0.9375,0.0408628933903076
collapsed_equivalence,grouped_physical_interpolation,,blocks_3x3_shifted_g5,2029,hgb,all_shooting,k,16,0.0002168256969669,0.0867302787867854,16.0,1.0,0.0005453065742103
collapsed_equivalence,grouped_physical_interpolation,,blocks_3x3_shifted_g5,2029,hgb,all_shooting,wq,16,0.0260565818491229,0.0992631689490399,15.0,0.9375,0.0538567985324988
collapsed_equivalence,grouped_physical_interpolation,,blocks_3x3_shifted_g5,2029,random_forest,all_shooting,k,16,0.0002793029203869,0.1117211681547618,7.0,0.4375,0.0002735912698412
collapsed_equivalence,grouped_physical_interpolation,,blocks_3x3_shifted_g5,2029,random_forest,all_shooting,wq,16,0.0075199322089948,0.0286473607961708,16.0,1.0,0.0258707837301588
collapsed_equivalence,grouped_physical_interpolation,,blocks_3x3_shifted_g5,2029,mlp,all_shooting,k,16,9.605713687779684e-05,0.0384228547511187,16.0,1.0,0.0002616038933848
collapsed_equivalence,grouped_physical_interpolation,,blocks_3x3_shifted_g5,2029,mlp,all_shooting,wq,16,0.0365106613501621,0.1390882337149034,16.0,1.0,0.0794584123720759
collapsed_equivalence,grouped_physical_interpolation,,blocks_3x3_shifted_g5,2029,hgb,ringdown_plus_photon_geometry,k,16,0.0002886268955941,0.115450758237642,5.0,0.3125,0.0001735090643292
collapsed_equivalence,grouped_physical_interpolation,,blocks_3x3_shifted_g5,2029,hgb,ringdown_plus_photon_geometry,wq,16,0.0426200622168142,0.1623621417783401,9.0,0.5625,0.0506925937551759
collapsed_equivalence,grouped_physical_interpolation,,blocks_3x3_shifted_g5,2029,random_forest,ringdown_plus_photon_geometry,k,16,0.0001755316840277,0.0702126736111108,6.0,0.375,0.0001006646825396
collapsed_equivalence,grouped_physical_interpolation,,blocks_3x3_shifted_g5,2029,random_forest,ringdown_plus_photon_geometry,wq,16,0.0105681723296959,0.0402597041131272,16.0,1.0,0.0421117228835976
collapsed_equivalence,grouped_physical_interpolation,,blocks_3x3_shifted_g5,2029,mlp,ringdown_plus_photon_geometry,k,16,4.409161477586165e-05,0.0176366459103446,16.0,1.0,9.779672943459891e-05
collapsed_equivalence,grouped_physical_interpolation,,blocks_3x3_shifted_g5,2029,mlp,ringdown_plus_photon_geometry,wq,16,0.0347852900879002,0.1325153908110486,15.0,0.9375,0.0759143462097836
collapsed_equivalence,grouped_physical_interpolation,,blocks_3x3_shifted_g5,2029,hgb,ringdown_plus_all_shooting,k,16,0.0002276498611962,0.0910599444784957,7.0,0.4375,0.0001564564064153
collapsed_equivalence,grouped_physical_interpolation,,blocks_3x3_shifted_g5,2029,hgb,ringdown_plus_all_shooting,wq,16,0.0254673302249193,0.0970184008568355,15.0,0.9375,0.0531475516312136
collapsed_equivalence,grouped_physical_interpolation,,blocks_3x3_shifted_g5,2029,random_forest,ringdown_plus_all_shooting,k,16,0.0002670034515542,0.1068013806216928,1.0,0.0625,0.0001154513888888
collapsed_equivalence,grouped_physical_interpolation,,blocks_3x3_shifted_g5,2029,random_forest,ringdown_plus_all_shooting,wq,16,0.0076824756117726,0.0292665737591337,16.0,1.0,0.0260895337301589
collapsed_equivalence,grouped_physical_interpolation,,blocks_3x3_shifted_g5,2029,mlp,ringdown_plus_all_shooting,k,16,6.150018675059446e-05,0.0246000747002377,15.0,0.9375,0.0001205485787387
collapsed_equivalence,grouped_physical_interpolation,,blocks_3x3_shifted_g5,2029,mlp,ringdown_plus_all_shooting,wq,16,0.0269432140729405,0.1026408155159639,15.0,0.9375,0.0621367499724876
collapsed_equivalence,grouped_physical_interpolation,,blocks_3x3_shifted_g5,2030,hgb,ringdown,k,16,0.0001250359976219,0.050014399048796,14.0,0.875,0.000237484472934
collapsed_equivalence,grouped_physical_interpolation,,blocks_3x3_shifted_g5,2030,hgb,ringdown,wq,16,0.0925022943108262,0.3523896926126713,7.0,0.4375,0.0931292654644084
collapsed_equivalence,grouped_physical_interpolation,,blocks_3x3_shifted_g5,2030,random_forest,ringdown,k,16,0.0001852432105654,0.0740972842261902,7.0,0.4375,0.0001239236111111
collapsed_equivalence,grouped_physical_interpolation,,blocks_3x3_shifted_g5,2030,random_forest,ringdown,wq,16,0.1059268629060944,0.4035309063089312,4.0,0.25,0.077505938602293
collapsed_equivalence,grouped_physical_interpolation,,blocks_3x3_shifted_g5,2030,mlp,ringdown,k,16,0.0001678914275187,0.0671565710074921,6.0,0.375,0.0001345688339011
collapsed_equivalence,grouped_physical_interpolation,,blocks_3x3_shifted_g5,2030,mlp,ringdown,wq,16,0.0274428364017784,0.1045441386734419,10.0,0.625,0.0279108418278942
collapsed_equivalence,grouped_physical_interpolation,,blocks_3x3_shifted_g5,2030,hgb,photon_geometry,k,16,0.0004719757937111,0.1887903174844676,15.0,0.9375,0.0007553013774875
collapsed_equivalence,grouped_physical_interpolation,,blocks_3x3_shifted_g5,2030,hgb,photon_geometry,wq,16,0.0270907562094171,0.1032028807977795,16.0,1.0,0.0782307966120007
collapsed_equivalence,grouped_physical_interpolation,,blocks_3x3_shifted_g5,2030,random_forest,photon_geometry,k,16,0.0004795035032242,0.1918014012896824,14.0,0.875,0.0007297354497354
collapsed_equivalence,grouped_physical_interpolation,,blocks_3x3_shifted_g5,2030,random_forest,photon_geometry,wq,16,0.0129212001901457,0.0492236197719837,16.0,1.0,0.048042261904762
collapsed_equivalence,grouped_physical_interpolation,,blocks_3x3_shifted_g5,2030,mlp,photon_geometry,k,16,0.0001066018440355,0.0426407376142109,16.0,1.0,0.0006069626684846
collapsed_equivalence,grouped_physical_interpolation,,blocks_3x3_shifted_g5,2030,mlp,photon_geometry,wq,16,0.0111985857792452,0.0426612791590296,16.0,1.0,0.0618089222769463
collapsed_equivalence,grouped_physical_interpolation,,blocks_3x3_shifted_g5,2030,hgb,all_shooting,k,16,0.0003944087570259,0.1577635028103856,9.0,0.5625,0.0003922085997749
collapsed_equivalence,grouped_physical_interpolation,,blocks_3x3_shifted_g5,2030,hgb,all_shooting,wq,16,0.0241254492635221,0.0919064733848463,11.0,0.6875,0.0341719782000341
collapsed_equivalence,grouped_physical_interpolation,,blocks_3x3_shifted_g5,2030,random_forest,all_shooting,k,16,0.000392326027199,0.1569304108796295,9.0,0.5625,0.0003941319444444
collapsed_equivalence,grouped_physical_interpolation,,blocks_3x3_shifted_g5,2030,random_forest,all_shooting,wq,16,0.0078611235119049,0.0299471371882093,16.0,1.0,0.0378867228835979
collapsed_equivalence,grouped_physical_interpolation,,blocks_3x3_shifted_g5,2030,mlp,all_shooting,k,16,0.0001028222147532,0.0411288859013108,16.0,1.0,0.0003280955911115
collapsed_equivalence,grouped_physical_interpolation,,blocks_3x3_shifted_g5,2030,mlp,all_shooting,wq,16,0.0090250173660566,0.0343810185373586,16.0,1.0,1.3097698633229429
collapsed_equivalence,grouped_physical_interpolation,,blocks_3x3_shifted_g5,2030,hgb,ringdown_plus_photon_geometry,k,16,0.0001324819019316,0.0529927607726629,15.0,0.9375,0.0002729660966548
collapsed_equivalence,grouped_physical_interpolation,,blocks_3x3_shifted_g5,2030,hgb,ringdown_plus_photon_geometry,wq,16,0.0259891294588116,0.0990062074621394,16.0,1.0,0.0733056857490067
collapsed_equivalence,grouped_physical_interpolation,,blocks_3x3_shifted_g5,2030,random_forest,ringdown_plus_photon_geometry,k,16,0.0001755236235119,0.0702094494047616,6.0,0.375,0.0001021180555555
collapsed_equivalence,grouped_physical_interpolation,,blocks_3x3_shifted_g5,2030,random_forest,ringdown_plus_photon_geometry,wq,16,0.0127627139136906,0.0486198625283455,16.0,1.0,0.0440930555555555
collapsed_equivalence,grouped_physical_interpolation,,blocks_3x3_shifted_g5,2030,mlp,ringdown_plus_photon_geometry,k,16,6.290259577923506e-05,0.025161038311694,16.0,1.0,0.0029568114498739
collapsed_equivalence,grouped_physical_interpolation,,blocks_3x3_shifted_g5,2030,mlp,ringdown_plus_photon_geometry,wq,16,0.0050406683579723,0.0192025461256088,16.0,1.0,2.2272273361520583
collapsed_equivalence,grouped_physical_interpolation,,blocks_3x3_shifted_g5,2030,hgb,ringdown_plus_all_shooting,k,16,0.0001058887910833,0.0423555164333304,16.0,1.0,0.000269993283236
collapsed_equivalence,grouped_physical_interpolation,,blocks_3x3_shifted_g5,2030,hgb,ringdown_plus_all_shooting,wq,16,0.0241537350303456,0.0920142286870311,11.0,0.6875,0.034329709188494
collapsed_equivalence,grouped_physical_interpolation,,blocks_3x3_shifted_g5,2030,random_forest,ringdown_plus_all_shooting,k,16,0.0002693777901785,0.1077511160714283,4.0,0.25,0.0001328298611111
collapsed_equivalence,grouped_physical_interpolation,,blocks_3x3_shifted_g5,2030,random_forest,ringdown_plus_all_shooting,wq,16,0.0077887855489419,0.0296715639959694,16.0,1.0,0.0379385168650794
collapsed_equivalence,grouped_physical_interpolation,,blocks_3x3_shifted_g5,2030,mlp,ringdown_plus_all_shooting,k,16,2.363868216729402e-05,0.0094554728669176,16.0,1.0,0.0003848032653883
collapsed_equivalence,grouped_physical_interpolation,,blocks_3x3_shifted_g5,2030,mlp,ringdown_plus_all_shooting,wq,16,0.0061519508162362,0.0234360031094715,16.0,1.0,0.4950027590032418
collapsed_equivalence,grouped_physical_interpolation,,blocks_3x3_shifted_g6,2026,hgb,ringdown,k,12,0.0002499999999999,0.0999999999999999,6.0,0.5,0.0002429048113246
collapsed_equivalence,grouped_physical_interpolation,,blocks_3x3_shifted_g6,2026,hgb,ringdown,wq,12,0.1052952655935321,0.4011248213086938,0.0,0.0,0.0676767724672778
collapsed_equivalence,grouped_physical_interpolation,,blocks_3x3_shifted_g6,2026,random_forest,ringdown,k,12,0.0001454867311507,0.0581946924603172,9.0,0.75,0.0002451388888888
collapsed_equivalence,grouped_physical_interpolation,,blocks_3x3_shifted_g6,2026,random_forest,ringdown,wq,12,0.067956068121693,0.2588802595112117,6.0,0.5,0.0637745039682538
collapsed_equivalence,grouped_physical_interpolation,,blocks_3x3_shifted_g6,2026,mlp,ringdown,k,12,4.3049747108338256e-05,0.0172198988433353,9.0,0.75,7.746845949587714e-05
collapsed_equivalence,grouped_physical_interpolation,,blocks_3x3_shifted_g6,2026,mlp,ringdown,wq,12,0.0148766510481118,0.0566729563737592,5.0,0.4166666666666667,0.0078364702851638
collapsed_equivalence,grouped_physical_interpolation,,blocks_3x3_shifted_g6,2026,hgb,photon_geometry,k,12,0.0005971496216085,0.2388598486434299,3.0,0.25,0.0004066881998203
collapsed_equivalence,grouped_physical_interpolation,,blocks_3x3_shifted_g6,2026,hgb,photon_geometry,wq,12,0.0130887698518054,0.0498619803878304,12.0,1.0,0.028262805084933
collapsed_equivalence,grouped_physical_interpolation,,blocks_3x3_shifted_g6,2026,random_forest,photon_geometry,k,12,0.0007000876768531,0.2800350707412594,2.0,0.1666666666666666,0.0003600832555244
collapsed_equivalence,grouped_physical_interpolation,,blocks_3x3_shifted_g6,2026,random_forest,photon_geometry,wq,12,0.0194689918154762,0.0741675878684809,7.0,0.5833333333333334,0.0196139880952384
collapsed_equivalence,grouped_physical_interpolation,,blocks_3x3_shifted_g6,2026,mlp,photon_geometry,k,12,0.0002000652676805,0.0800261070722006,5.0,0.4166666666666667,9.66538676928396e-05
collapsed_equivalence,grouped_physical_interpolation,,blocks_3x3_shifted_g6,2026,mlp,photon_geometry,wq,12,0.1073075123418785,0.4087905232071565,6.0,0.5,0.0542968268962453
collapsed_equivalence,grouped_physical_interpolation,,blocks_3x3_shifted_g6,2026,hgb,all_shooting,k,12,0.0005995445593251,0.2398178237300708,3.0,0.25,0.0003040989090994
collapsed_equivalence,grouped_physical_interpolation,,blocks_3x3_shifted_g6,2026,hgb,all_shooting,wq,12,0.0145145147697103,0.0552933895988964,10.0,0.8333333333333334,0.0207486656869544
collapsed_equivalence,grouped_physical_interpolation,,blocks_3x3_shifted_g6,2026,random_forest,all_shooting,k,12,0.0008637442129629,0.345497685185185,1.0,0.0833333333333333,0.0001815228174603
collapsed_equivalence,grouped_physical_interpolation,,blocks_3x3_shifted_g6,2026,random_forest,all_shooting,wq,12,0.0323626488095236,0.1232862811791376,4.0,0.3333333333333333,0.0176643435846561
collapsed_equivalence,grouped_physical_interpolation,,blocks_3x3_shifted_g6,2026,mlp,all_shooting,k,12,0.0046022461142145,1.8408984456858168,4.0,0.3333333333333333,0.0001522247148362
collapsed_equivalence,grouped_physical_interpolation,,blocks_3x3_shifted_g6,2026,mlp,all_shooting,wq,12,0.8011630162840212,3.05204958584389,3.0,0.25,0.0223665662034792
collapsed_equivalence,grouped_physical_interpolation,,blocks_3x3_shifted_g6,2026,hgb,ringdown_plus_photon_geometry,k,12,0.0002422134480992,0.0968853792396894,7.0,0.5833333333333334,0.0002847268873943
collapsed_equivalence,grouped_physical_interpolation,,blocks_3x3_shifted_g6,2026,hgb,ringdown_plus_photon_geometry,wq,12,0.0352576750106914,0.1343149524216817,3.0,0.25,0.0220352192105516
collapsed_equivalence,grouped_physical_interpolation,,blocks_3x3_shifted_g6,2026,random_forest,ringdown_plus_photon_geometry,k,12,0.0001568528852513,0.0627411541005291,9.0,0.75,0.0002447916666666
collapsed_equivalence,grouped_physical_interpolation,,blocks_3x3_shifted_g6,2026,random_forest,ringdown_plus_photon_geometry,wq,12,0.0189509224812609,0.0721939904048037,7.0,0.5833333333333334,0.019020337301587
collapsed_equivalence,grouped_physical_interpolation,,blocks_3x3_shifted_g6,2026,mlp,ringdown_plus_photon_geometry,k,12,0.000325023574644,0.1300094298576324,1.0,0.0833333333333333,6.904000408734139e-05
collapsed_equivalence,grouped_physical_interpolation,,blocks_3x3_shifted_g6,2026,mlp,ringdown_plus_photon_geometry,wq,12,0.6901181945830865,2.6290216936498534,2.0,0.1666666666666666,0.0067732251607751
collapsed_equivalence,grouped_physical_interpolation,,blocks_3x3_shifted_g6,2026,hgb,ringdown_plus_all_shooting,k,12,0.0002251314082144,0.0900525632857791,10.0,0.8333333333333334,0.0003716649214235
collapsed_equivalence,grouped_physical_interpolation,,blocks_3x3_shifted_g6,2026,hgb,ringdown_plus_all_shooting,wq,12,0.0152530600787601,0.0581068955381339,10.0,0.8333333333333334,0.0206400797401308
collapsed_equivalence,grouped_physical_interpolation,,blocks_3x3_shifted_g6,2026,random_forest,ringdown_plus_all_shooting,k,12,0.0001539085234788,0.0615634093915344,9.0,0.75,0.0002499999999999
collapsed_equivalence,grouped_physical_interpolation,,blocks_3x3_shifted_g6,2026,random_forest,ringdown_plus_all_shooting,wq,12,0.0323482831790123,0.1232315549676659,4.0,0.3333333333333333,0.0174187417328041
collapsed_equivalence,grouped_physical_interpolation,,blocks_3x3_shifted_g6,2026,mlp,ringdown_plus_all_shooting,k,12,0.0041882728209111,1.6753091283644657,5.0,0.4166666666666667,0.0001332438591814
collapsed_equivalence,grouped_physical_interpolation,,blocks_3x3_shifted_g6,2026,mlp,ringdown_plus_all_shooting,wq,12,1.4716270510514302,5.6061982897197336,0.0,0.0,0.0082299141866466
collapsed_equivalence,grouped_physical_interpolation,,blocks_3x3_shifted_g6,2027,hgb,ringdown,k,12,0.0002499999999999,0.0999999999999999,9.0,0.75,0.0002974619790564
collapsed_equivalence,grouped_physical_interpolation,,blocks_3x3_shifted_g6,2027,hgb,ringdown,wq,12,0.1103502361953964,0.4203818521729389,0.0,0.0,0.0824207740652172
collapsed_equivalence,grouped_physical_interpolation,,blocks_3x3_shifted_g6,2027,random_forest,ringdown,k,12,0.0001553298611111,0.0621319444444443,3.0,0.25,0.0001538343253968
collapsed_equivalence,grouped_physical_interpolation,,blocks_3x3_shifted_g6,2027,random_forest,ringdown,wq,12,0.0647764798280422,0.2467675422020655,6.0,0.5,0.0622977265211639
collapsed_equivalence,grouped_physical_interpolation,,blocks_3x3_shifted_g6,2027,mlp,ringdown,k,12,3.2355298907763495e-05,0.0129421195631053,10.0,0.8333333333333334,6.417189193492264e-05
collapsed_equivalence,grouped_physical_interpolation,,blocks_3x3_shifted_g6,2027,mlp,ringdown,wq,12,0.049355848384816,0.188022279561204,3.0,0.25,0.030431544557265
collapsed_equivalence,grouped_physical_interpolation,,blocks_3x3_shifted_g6,2027,hgb,photon_geometry,k,12,0.0006219015494904,0.2487606197961794,3.0,0.25,0.0004937900827155
collapsed_equivalence,grouped_physical_interpolation,,blocks_3x3_shifted_g6,2027,hgb,photon_geometry,wq,12,0.014664576749679,0.0558650542844915,12.0,1.0,0.0434935660501711
collapsed_equivalence,grouped_physical_interpolation,,blocks_3x3_shifted_g6,2027,random_forest,photon_geometry,k,12,0.0007282804232804,0.2913121693121691,3.0,0.25,0.0005789203042328
collapsed_equivalence,grouped_physical_interpolation,,blocks_3x3_shifted_g6,2027,random_forest,photon_geometry,wq,12,0.022441232638889,0.0854904100529106,12.0,1.0,0.0435515873015868
collapsed_equivalence,grouped_physical_interpolation,,blocks_3x3_shifted_g6,2027,mlp,photon_geometry,k,12,0.0005301326757781,0.2120530703112757,7.0,0.5833333333333334,0.0001510662218866
collapsed_equivalence,grouped_physical_interpolation,,blocks_3x3_shifted_g6,2027,mlp,photon_geometry,wq,12,0.8519627622287073,3.2455724275379323,4.0,0.3333333333333333,0.0260646606665682
collapsed_equivalence,grouped_physical_interpolation,,blocks_3x3_shifted_g6,2027,hgb,all_shooting,k,12,0.0006560870014497,0.2624348005799111,5.0,0.4166666666666667,0.000443751770527
collapsed_equivalence,grouped_physical_interpolation,,blocks_3x3_shifted_g6,2027,hgb,all_shooting,wq,12,0.0168044148099445,0.0640168183235983,10.0,0.8333333333333334,0.0190848568711803
collapsed_equivalence,grouped_physical_interpolation,,blocks_3x3_shifted_g6,2027,random_forest,all_shooting,k,12,0.0008752106757054,0.3500842702821868,2.0,0.1666666666666666,0.0002934374999999
collapsed_equivalence,grouped_physical_interpolation,,blocks_3x3_shifted_g6,2027,random_forest,all_shooting,wq,12,0.0331603229717813,0.1263250398925005,7.0,0.5833333333333334,0.0225520833333334
collapsed_equivalence,grouped_physical_interpolation,,blocks_3x3_shifted_g6,2027,mlp,all_shooting,k,12,0.0009563192098169,0.3825276839267885,6.0,0.5,0.0003725046366556
collapsed_equivalence,grouped_physical_interpolation,,blocks_3x3_shifted_g6,2027,mlp,all_shooting,wq,12,0.099481791786787,0.3789782544258555,5.0,0.4166666666666667,0.02402387561131
collapsed_equivalence,grouped_physical_interpolation,,blocks_3x3_shifted_g6,2027,hgb,ringdown_plus_photon_geometry,k,12,0.0002497952138606,0.0999180855442686,6.0,0.5,0.00024967862287
collapsed_equivalence,grouped_physical_interpolation,,blocks_3x3_shifted_g6,2027,hgb,ringdown_plus_photon_geometry,wq,12,0.0378844544025393,0.1443217310572928,8.0,0.6666666666666666,0.0440121096608483
collapsed_equivalence,grouped_physical_interpolation,,blocks_3x3_shifted_g6,2027,random_forest,ringdown_plus_photon_geometry,k,12,0.0001630419146825,0.0652167658730159,3.0,0.25,0.0001344791666666
collapsed_equivalence,grouped_physical_interpolation,,blocks_3x3_shifted_g6,2027,random_forest,ringdown_plus_photon_geometry,wq,12,0.0205478711970897,0.078277604560342,10.0,0.8333333333333334,0.0453930690836938
collapsed_equivalence,grouped_physical_interpolation,,blocks_3x3_shifted_g6,2027,mlp,ringdown_plus_photon_geometry,k,12,0.0014088654845336,0.5635461938134468,5.0,0.4166666666666667,0.000661598058428
collapsed_equivalence,grouped_physical_interpolation,,blocks_3x3_shifted_g6,2027,mlp,ringdown_plus_photon_geometry,wq,12,0.914872054821086,3.485226875508898,4.0,0.3333333333333333,0.0097768362987089
collapsed_equivalence,grouped_physical_interpolation,,blocks_3x3_shifted_g6,2027,hgb,ringdown_plus_all_shooting,k,12,0.00022998668473,0.0919946738920201,8.0,0.6666666666666666,0.0003384571502975
collapsed_equivalence,grouped_physical_interpolation,,blocks_3x3_shifted_g6,2027,hgb,ringdown_plus_all_shooting,wq,12,0.0184150882038277,0.0701527169669629,8.0,0.6666666666666666,0.0181956770186724
collapsed_equivalence,grouped_physical_interpolation,,blocks_3x3_shifted_g6,2027,random_forest,ringdown_plus_all_shooting,k,12,0.0001856316137566,0.0742526455026455,6.0,0.5,0.0001936954365079
collapsed_equivalence,grouped_physical_interpolation,,blocks_3x3_shifted_g6,2027,random_forest,ringdown_plus_all_shooting,wq,12,0.0332841724537037,0.126796847442681,7.0,0.5833333333333334,0.0209027777777779
collapsed_equivalence,grouped_physical_interpolation,,blocks_3x3_shifted_g6,2027,mlp,ringdown_plus_all_shooting,k,12,0.0010756566986062,0.4302626794424852,3.0,0.25,8.897379703526982e-05
collapsed_equivalence,grouped_physical_interpolation,,blocks_3x3_shifted_g6,2027,mlp,ringdown_plus_all_shooting,wq,12,0.1263823661824786,0.4814566330761091,6.0,0.5,0.0183073455570467
collapsed_equivalence,grouped_physical_interpolation,,blocks_3x3_shifted_g6,2028,hgb,ringdown,k,12,0.0002499999999999,0.0999999999999999,9.0,0.75,0.0002711233964598
collapsed_equivalence,grouped_physical_interpolation,,blocks_3x3_shifted_g6,2028,hgb,ringdown,wq,12,0.1226299283031641,0.4671616316311015,4.0,0.3333333333333333,0.1090994100996889
collapsed_equivalence,grouped_physical_interpolation,,blocks_3x3_shifted_g6,2028,random_forest,ringdown,k,12,0.0001384970238095,0.0553988095238095,6.0,0.5,0.000175
collapsed_equivalence,grouped_physical_interpolation,,blocks_3x3_shifted_g6,2028,random_forest,ringdown,wq,12,0.0741931061608147,0.2826404044221512,7.0,0.5833333333333334,0.0815072089947093
collapsed_equivalence,grouped_physical_interpolation,,blocks_3x3_shifted_g6,2028,mlp,ringdown,k,12,0.0001402021073394,0.0560808429357652,5.0,0.4166666666666667,0.0001048108051318
collapsed_equivalence,grouped_physical_interpolation,,blocks_3x3_shifted_g6,2028,mlp,ringdown,wq,12,0.0321425388181746,0.1224477669263794,8.0,0.6666666666666666,0.0353990774416725
collapsed_equivalence,grouped_physical_interpolation,,blocks_3x3_shifted_g6,2028,hgb,photon_geometry,k,12,0.0005062393658537,0.2024957463414897,9.0,0.75,0.0006771927995824
collapsed_equivalence,grouped_physical_interpolation,,blocks_3x3_shifted_g6,2028,hgb,photon_geometry,wq,12,0.0267671367337031,0.1019700446998215,10.0,0.8333333333333334,0.0494493635845121
collapsed_equivalence,grouped_physical_interpolation,,blocks_3x3_shifted_g6,2028,random_forest,photon_geometry,k,12,0.000705941220238,0.2823764880952382,3.0,0.25,0.0004362661939775
collapsed_equivalence,grouped_physical_interpolation,,blocks_3x3_shifted_g6,2028,random_forest,photon_geometry,wq,12,0.0175064394565696,0.0666911979297891,10.0,0.8333333333333334,0.0324851355820107
collapsed_equivalence,grouped_physical_interpolation,,blocks_3x3_shifted_g6,2028,mlp,photon_geometry,k,12,0.0007137096808068,0.2854838723227278,8.0,0.6666666666666666,0.0003022588928414
collapsed_equivalence,grouped_physical_interpolation,,blocks_3x3_shifted_g6,2028,mlp,photon_geometry,wq,12,1.952188912147131,7.43691014151288,2.0,0.1666666666666666,0.1329591683195778
collapsed_equivalence,grouped_physical_interpolation,,blocks_3x3_shifted_g6,2028,hgb,all_shooting,k,12,0.0010044712237946,0.4017884895178406,3.0,0.25,0.0005565859512006
collapsed_equivalence,grouped_physical_interpolation,,blocks_3x3_shifted_g6,2028,hgb,all_shooting,wq,12,0.0353564103729722,0.1346910871351322,8.0,0.6666666666666666,0.0459131596041726
collapsed_equivalence,grouped_physical_interpolation,,blocks_3x3_shifted_g6,2028,random_forest,all_shooting,k,12,0.0012034013873857,0.4813605549543048,2.0,0.1666666666666666,0.0005092658730158
collapsed_equivalence,grouped_physical_interpolation,,blocks_3x3_shifted_g6,2028,random_forest,all_shooting,wq,12,0.0315125881834214,0.1200479549844628,8.0,0.6666666666666666,0.0275132936507936
collapsed_equivalence,grouped_physical_interpolation,,blocks_3x3_shifted_g6,2028,mlp,all_shooting,k,12,0.0425744494377774,17.029779775111,2.0,0.1666666666666666,0.0022775995573654
collapsed_equivalence,grouped_physical_interpolation,,blocks_3x3_shifted_g6,2028,mlp,all_shooting,wq,12,15.129176830428152,57.634959354012,2.0,0.1666666666666666,0.6789860331032692
collapsed_equivalence,grouped_physical_interpolation,,blocks_3x3_shifted_g6,2028,hgb,ringdown_plus_photon_geometry,k,12,0.0002459843581197,0.0983937432478894,9.0,0.75,0.0002801084923805
collapsed_equivalence,grouped_physical_interpolation,,blocks_3x3_shifted_g6,2028,hgb,ringdown_plus_photon_geometry,wq,12,0.0534957835947581,0.2037934613133645,8.0,0.6666666666666666,0.0533706260339843
collapsed_equivalence,grouped_physical_interpolation,,blocks_3x3_shifted_g6,2028,random_forest,ringdown_plus_photon_geometry,k,12,0.000145587797619,0.0582351190476191,6.0,0.5,0.0001729166666666
collapsed_equivalence,grouped_physical_interpolation,,blocks_3x3_shifted_g6,2028,random_forest,ringdown_plus_photon_geometry,wq,12,0.0455963755235887,0.1737004781851001,8.0,0.6666666666666666,0.0470653273809521
collapsed_equivalence,grouped_physical_interpolation,,blocks_3x3_shifted_g6,2028,mlp,ringdown_plus_photon_geometry,k,12,0.0004992433168361,0.1996973267344713,6.0,0.5,0.0001157235862511
collapsed_equivalence,grouped_physical_interpolation,,blocks_3x3_shifted_g6,2028,mlp,ringdown_plus_photon_geometry,wq,12,0.5499492128936537,2.0950446205472524,3.0,0.25,0.049963080159744
collapsed_equivalence,grouped_physical_interpolation,,blocks_3x3_shifted_g6,2028,hgb,ringdown_plus_all_shooting,k,12,0.0002290651481127,0.0916260592450949,7.0,0.5833333333333334,0.0002218647074895
collapsed_equivalence,grouped_physical_interpolation,,blocks_3x3_shifted_g6,2028,hgb,ringdown_plus_all_shooting,wq,12,0.0427873766726515,0.1629995301815297,8.0,0.6666666666666666,0.0497693520361783
collapsed_equivalence,grouped_physical_interpolation,,blocks_3x3_shifted_g6,2028,random_forest,ringdown_plus_all_shooting,k,12,0.0001401504629629,0.0560601851851853,7.0,0.5833333333333334,0.0001756944444444
collapsed_equivalence,grouped_physical_interpolation,,blocks_3x3_shifted_g6,2028,random_forest,ringdown_plus_all_shooting,wq,12,0.0317899801587302,0.1211046863189722,7.0,0.5833333333333334,0.0269285714285715
collapsed_equivalence,grouped_physical_interpolation,,blocks_3x3_shifted_g6,2028,mlp,ringdown_plus_all_shooting,k,12,0.0123236220254904,4.9294488101961695,2.0,0.1666666666666666,0.0026703375237765
collapsed_equivalence,grouped_physical_interpolation,,blocks_3x3_shifted_g6,2028,mlp,ringdown_plus_all_shooting,wq,12,4.203077548496868,16.011723994273783,2.0,0.1666666666666666,0.272576857251956
collapsed_equivalence,grouped_physical_interpolation,,blocks_3x3_shifted_g6,2029,hgb,ringdown,k,12,0.0002499999999999,0.0999999999999999,9.0,0.75,0.0002915634524148
collapsed_equivalence,grouped_physical_interpolation,,blocks_3x3_shifted_g6,2029,hgb,ringdown,wq,12,0.1100776260329029,0.4193433372682015,8.0,0.6666666666666666,0.1262964783233283
collapsed_equivalence,grouped_physical_interpolation,,blocks_3x3_shifted_g6,2029,random_forest,ringdown,k,12,0.0001551731977513,0.0620692791005289,9.0,0.75,0.0002484325396825
collapsed_equivalence,grouped_physical_interpolation,,blocks_3x3_shifted_g6,2029,random_forest,ringdown,wq,12,0.0784989583333336,0.2990436507936519,12.0,1.0,0.1246355158730155
collapsed_equivalence,grouped_physical_interpolation,,blocks_3x3_shifted_g6,2029,mlp,ringdown,k,12,9.471842515332589e-05,0.0378873700613303,1.0,0.0833333333333333,5.6860396882429855e-05
collapsed_equivalence,grouped_physical_interpolation,,blocks_3x3_shifted_g6,2029,mlp,ringdown,wq,12,0.0173492502959905,0.0660923820799639,11.0,0.9166666666666666,0.0387970020603197
collapsed_equivalence,grouped_physical_interpolation,,blocks_3x3_shifted_g6,2029,hgb,photon_geometry,k,12,0.0006603479831238,0.2641391932495223,6.0,0.5,0.0005648477315406
collapsed_equivalence,grouped_physical_interpolation,,blocks_3x3_shifted_g6,2029,hgb,photon_geometry,wq,12,0.0224144023583014,0.0853881994601961,10.0,0.8333333333333334,0.062976820554315
collapsed_equivalence,grouped_physical_interpolation,,blocks_3x3_shifted_g6,2029,random_forest,photon_geometry,k,12,0.0007476388888888,0.2990555555555555,2.0,0.1666666666666666,0.0004761631944444
collapsed_equivalence,grouped_physical_interpolation,,blocks_3x3_shifted_g6,2029,random_forest,photon_geometry,wq,12,0.0219662188602294,0.0836808337532552,12.0,1.0,0.0675963624338628
collapsed_equivalence,grouped_physical_interpolation,,blocks_3x3_shifted_g6,2029,mlp,photon_geometry,k,12,0.0006749282818997,0.2699713127598895,4.0,0.3333333333333333,0.0001654323931468
collapsed_equivalence,grouped_physical_interpolation,,blocks_3x3_shifted_g6,2029,mlp,photon_geometry,wq,12,0.403359382686157,1.536607172137741,6.0,0.5,0.040142082877263
collapsed_equivalence,grouped_physical_interpolation,,blocks_3x3_shifted_g6,2029,hgb,all_shooting,k,12,0.0006552142447578,0.2620856979031539,3.0,0.25,0.0003379450523654
collapsed_equivalence,grouped_physical_interpolation,,blocks_3x3_shifted_g6,2029,hgb,all_shooting,wq,12,0.0153901191753077,0.0586290254297438,10.0,0.8333333333333334,0.0294474660712816
collapsed_equivalence,grouped_physical_interpolation,,blocks_3x3_shifted_g6,2029,random_forest,all_shooting,k,12,0.0008446631806657,0.3378652722663137,1.0,0.0833333333333333,0.0002567956349206
collapsed_equivalence,grouped_physical_interpolation,,blocks_3x3_shifted_g6,2029,random_forest,all_shooting,wq,12,0.0304550636574075,0.1160192901234575,9.0,0.75,0.0315099206349208
collapsed_equivalence,grouped_physical_interpolation,,blocks_3x3_shifted_g6,2029,mlp,all_shooting,k,12,0.0031199635376278,1.2479854150511278,1.0,0.0833333333333333,0.0001405330692297
collapsed_equivalence,grouped_physical_interpolation,,blocks_3x3_shifted_g6,2029,mlp,all_shooting,wq,12,1.1546593468746775,4.398702273808295,4.0,0.3333333333333333,0.0207564305250269
collapsed_equivalence,grouped_physical_interpolation,,blocks_3x3_shifted_g6,2029,hgb,ringdown_plus_photon_geometry,k,12,0.0002530335131258,0.101213405250341,6.0,0.5,0.0002390656729551
collapsed_equivalence,grouped_physical_interpolation,,blocks_3x3_shifted_g6,2029,hgb,ringdown_plus_photon_geometry,wq,12,0.0397089624263136,0.1512722378145283,10.0,0.8333333333333334,0.0693362985857882
collapsed_equivalence,grouped_physical_interpolation,,blocks_3x3_shifted_g6,2029,random_forest,ringdown_plus_photon_geometry,k,12,0.0001576273148148,0.0630509259259258,9.0,0.75,0.0002500347222222
collapsed_equivalence,grouped_physical_interpolation,,blocks_3x3_shifted_g6,2029,random_forest,ringdown_plus_photon_geometry,wq,12,0.0187507945693709,0.0714315983595082,12.0,1.0,0.0679328373015876
collapsed_equivalence,grouped_physical_interpolation,,blocks_3x3_shifted_g6,2029,mlp,ringdown_plus_photon_geometry,k,12,0.0011007803463458,0.4403121385383274,7.0,0.5833333333333334,8.95812048426045e-05
collapsed_equivalence,grouped_physical_interpolation,,blocks_3x3_shifted_g6,2029,mlp,ringdown_plus_photon_geometry,wq,12,1.2578017046230794,4.791625541421254,4.0,0.3333333333333333,0.0128064024604338
collapsed_equivalence,grouped_physical_interpolation,,blocks_3x3_shifted_g6,2029,hgb,ringdown_plus_all_shooting,k,12,0.0002195702066988,0.0878280826795357,8.0,0.6666666666666666,0.0003052969828513
collapsed_equivalence,grouped_physical_interpolation,,blocks_3x3_shifted_g6,2029,hgb,ringdown_plus_all_shooting,wq,12,0.0156437479509311,0.0595952302892615,10.0,0.8333333333333334,0.0308526366362393
collapsed_equivalence,grouped_physical_interpolation,,blocks_3x3_shifted_g6,2029,random_forest,ringdown_plus_all_shooting,k,12,0.0001638657407407,0.0655462962962962,9.0,0.75,0.000244300595238
collapsed_equivalence,grouped_physical_interpolation,,blocks_3x3_shifted_g6,2029,random_forest,ringdown_plus_all_shooting,wq,12,0.0304029899691359,0.1158209141681368,9.0,0.75,0.0317410714285716
collapsed_equivalence,grouped_physical_interpolation,,blocks_3x3_shifted_g6,2029,mlp,ringdown_plus_all_shooting,k,12,0.0072970845809753,2.918833832390135,4.0,0.3333333333333333,0.0002086429084907
collapsed_equivalence,grouped_physical_interpolation,,blocks_3x3_shifted_g6,2029,mlp,ringdown_plus_all_shooting,wq,12,1.4888366202180048,5.671758553211447,4.0,0.3333333333333333,0.0256174829741117
collapsed_equivalence,grouped_physical_interpolation,,blocks_3x3_shifted_g6,2030,hgb,ringdown,k,12,0.0002499999999999,0.0999999999999999,9.0,0.75,0.0003897067172012
collapsed_equivalence,grouped_physical_interpolation,,blocks_3x3_shifted_g6,2030,hgb,ringdown,wq,12,0.1161933487893671,0.4426413287213985,8.0,0.6666666666666666,0.120559992008969
collapsed_equivalence,grouped_physical_interpolation,,blocks_3x3_shifted_g6,2030,random_forest,ringdown,k,12,0.000165539021164,0.0662156084656083,10.0,0.8333333333333334,0.0002429166666666
collapsed_equivalence,grouped_physical_interpolation,,blocks_3x3_shifted_g6,2030,random_forest,ringdown,wq,12,0.0856076481581693,0.3261243739358831,12.0,1.0,0.1271260251322752
collapsed_equivalence,grouped_physical_interpolation,,blocks_3x3_shifted_g6,2030,mlp,ringdown,k,12,0.0001146787201335,0.0458714880534154,5.0,0.4166666666666667,9.86103178371102e-05
collapsed_equivalence,grouped_physical_interpolation,,blocks_3x3_shifted_g6,2030,mlp,ringdown,wq,12,0.0198919968590905,0.0757790356536783,12.0,1.0,0.0716830731168972
collapsed_equivalence,grouped_physical_interpolation,,blocks_3x3_shifted_g6,2030,hgb,photon_geometry,k,12,0.0006934356161777,0.2773742464711053,6.0,0.5,0.000733315839696
collapsed_equivalence,grouped_physical_interpolation,,blocks_3x3_shifted_g6,2030,hgb,photon_geometry,wq,12,0.0165082424543791,0.0628885426833492,12.0,1.0,0.0428970042127628
collapsed_equivalence,grouped_physical_interpolation,,blocks_3x3_shifted_g6,2030,random_forest,photon_geometry,k,12,0.0007083118386243,0.2833247354497353,3.0,0.25,0.0005811516203703
collapsed_equivalence,grouped_physical_interpolation,,blocks_3x3_shifted_g6,2030,random_forest,photon_geometry,wq,12,0.0209431175595238,0.0797833049886622,11.0,0.9166666666666666,0.0365319279100528
collapsed_equivalence,grouped_physical_interpolation,,blocks_3x3_shifted_g6,2030,mlp,photon_geometry,k,12,0.0014763701600784,0.5905480640313855,3.0,0.25,0.0001632922780299
collapsed_equivalence,grouped_physical_interpolation,,blocks_3x3_shifted_g6,2030,mlp,photon_geometry,wq,12,0.214342497809358,0.8165428487975543,6.0,0.5,0.0420226389180261
collapsed_equivalence,grouped_physical_interpolation,,blocks_3x3_shifted_g6,2030,hgb,all_shooting,k,12,0.0006541944486705,0.2616777794682302,4.0,0.3333333333333333,0.0005165028651669
collapsed_equivalence,grouped_physical_interpolation,,blocks_3x3_shifted_g6,2030,hgb,all_shooting,wq,12,0.0172617468019281,0.0657590354359169,10.0,0.8333333333333334,0.0439993179855481
collapsed_equivalence,grouped_physical_interpolation,,blocks_3x3_shifted_g6,2030,random_forest,all_shooting,k,12,0.0008462454530423,0.338498181216931,1.0,0.0833333333333333,0.0003621304563492
collapsed_equivalence,grouped_physical_interpolation,,blocks_3x3_shifted_g6,2030,random_forest,all_shooting,wq,12,0.0335786844135801,0.1279187977660197,9.0,0.75,0.0286810515873016
collapsed_equivalence,grouped_physical_interpolation,,blocks_3x3_shifted_g6,2030,mlp,all_shooting,k,12,0.0024837532590668,0.9935013036267386,6.0,0.5,0.0008791852473316
collapsed_equivalence,grouped_physical_interpolation,,blocks_3x3_shifted_g6,2030,mlp,all_shooting,wq,12,0.2603620631976994,0.9918554788483784,6.0,0.5,0.0574789942171735
collapsed_equivalence,grouped_physical_interpolation,,blocks_3x3_shifted_g6,2030,hgb,ringdown_plus_photon_geometry,k,12,0.0002552959946771,0.1021183978708706,8.0,0.6666666666666666,0.0003553481228246
collapsed_equivalence,grouped_physical_interpolation,,blocks_3x3_shifted_g6,2030,hgb,ringdown_plus_photon_geometry,wq,12,0.0318051366328044,0.1211624252678264,8.0,0.6666666666666666,0.0463492574627946
collapsed_equivalence,grouped_physical_interpolation,,blocks_3x3_shifted_g6,2030,random_forest,ringdown_plus_photon_geometry,k,12,0.0001648507771164,0.0659403108465607,9.0,0.75,0.0002457142857142
collapsed_equivalence,grouped_physical_interpolation,,blocks_3x3_shifted_g6,2030,random_forest,ringdown_plus_photon_geometry,wq,12,0.0182535342261905,0.0695372732426304,10.0,0.8333333333333334,0.0335172784391535
collapsed_equivalence,grouped_physical_interpolation,,blocks_3x3_shifted_g6,2030,mlp,ringdown_plus_photon_geometry,k,12,0.0001877617050499,0.0751046820199737,6.0,0.5,7.29889988208604e-05
collapsed_equivalence,grouped_physical_interpolation,,blocks_3x3_shifted_g6,2030,mlp,ringdown_plus_photon_geometry,wq,12,0.2297904552524735,0.8753922104856136,8.0,0.6666666666666666,0.0368546150809495
collapsed_equivalence,grouped_physical_interpolation,,blocks_3x3_shifted_g6,2030,hgb,ringdown_plus_all_shooting,k,12,0.0002379324559089,0.0951729823635765,10.0,0.8333333333333334,0.0003901406859977
collapsed_equivalence,grouped_physical_interpolation,,blocks_3x3_shifted_g6,2030,hgb,ringdown_plus_all_shooting,wq,12,0.01703737880886,0.0649043002242288,10.0,0.8333333333333334,0.0438136239015252
collapsed_equivalence,grouped_physical_interpolation,,blocks_3x3_shifted_g6,2030,random_forest,ringdown_plus_all_shooting,k,12,0.0001714591600529,0.0685836640211638,10.0,0.8333333333333334,0.0002404017857142
collapsed_equivalence,grouped_physical_interpolation,,blocks_3x3_shifted_g6,2030,random_forest,ringdown_plus_all_shooting,wq,12,0.0338470196759258,0.1289410273368602,9.0,0.75,0.028924107142857
collapsed_equivalence,grouped_physical_interpolation,,blocks_3x3_shifted_g6,2030,mlp,ringdown_plus_all_shooting,k,12,0.0017044121498067,0.6817648599226994,3.0,0.25,0.0001481596715608
collapsed_equivalence,grouped_physical_interpolation,,blocks_3x3_shifted_g6,2030,mlp,ringdown_plus_all_shooting,wq,12,0.134892855204629,0.5138775436366819,8.0,0.6666666666666666,0.0491969948777429
collapsed_equivalence,grouped_physical_interpolation,,blocks_3x3_shifted_g7,2026,hgb,ringdown,k,16,0.000247204526079,0.0988818104316375,12.0,0.75,0.0003340980184539
collapsed_equivalence,grouped_physical_interpolation,,blocks_3x3_shifted_g7,2026,hgb,ringdown,wq,16,0.0352077163780311,0.1341246338210708,16.0,1.0,0.1068223787937075
collapsed_equivalence,grouped_physical_interpolation,,blocks_3x3_shifted_g7,2026,random_forest,ringdown,k,16,0.0001204779989252,0.0481911995701058,9.0,0.5625,0.0001212549603174
collapsed_equivalence,grouped_physical_interpolation,,blocks_3x3_shifted_g7,2026,random_forest,ringdown,wq,16,0.0500753830467372,0.1907633639875706,12.0,0.75,0.0739016534391534
collapsed_equivalence,grouped_physical_interpolation,,blocks_3x3_shifted_g7,2026,mlp,ringdown,k,16,0.0003503736362913,0.1401494545165454,13.0,0.8125,0.0005312258490347
collapsed_equivalence,grouped_physical_interpolation,,blocks_3x3_shifted_g7,2026,mlp,ringdown,wq,16,0.0101427521340196,0.0386390557486461,16.0,1.0,0.0235056404822646
collapsed_equivalence,grouped_physical_interpolation,,blocks_3x3_shifted_g7,2026,hgb,photon_geometry,k,16,0.0008192088691236,0.3276835476494774,4.0,0.25,0.0004726329550246
collapsed_equivalence,grouped_physical_interpolation,,blocks_3x3_shifted_g7,2026,hgb,photon_geometry,wq,16,0.037592448610968,0.143209328041783,11.0,0.6875,0.042394198117142
collapsed_equivalence,grouped_physical_interpolation,,blocks_3x3_shifted_g7,2026,random_forest,photon_geometry,k,16,0.0007541334945436,0.3016533978174604,4.0,0.25,0.0004822197420634
collapsed_equivalence,grouped_physical_interpolation,,blocks_3x3_shifted_g7,2026,random_forest,photon_geometry,wq,16,0.0345215718694884,0.1315107499790034,4.0,0.25,0.0269458333333326
collapsed_equivalence,grouped_physical_interpolation,,blocks_3x3_shifted_g7,2026,mlp,photon_geometry,k,16,0.0002675622964442,0.1070249185776962,2.0,0.125,0.0001226232827052
collapsed_equivalence,grouped_physical_interpolation,,blocks_3x3_shifted_g7,2026,mlp,photon_geometry,wq,16,0.0094129859853971,0.0358589942300844,16.0,1.0,0.0409390069506647
collapsed_equivalence,grouped_physical_interpolation,,blocks_3x3_shifted_g7,2026,hgb,all_shooting,k,16,0.0006093251407589,0.2437300563035745,6.0,0.375,0.0004865315956098
collapsed_equivalence,grouped_physical_interpolation,,blocks_3x3_shifted_g7,2026,hgb,all_shooting,wq,16,0.0250825713586347,0.0955526527947991,6.0,0.375,0.0228726980421116
collapsed_equivalence,grouped_physical_interpolation,,blocks_3x3_shifted_g7,2026,random_forest,all_shooting,k,16,0.0004873223586309,0.1949289434523808,7.0,0.4375,0.0004215178571428
collapsed_equivalence,grouped_physical_interpolation,,blocks_3x3_shifted_g7,2026,random_forest,all_shooting,wq,16,0.0191952060598545,0.0731245945137316,8.0,0.5,0.0219793981481477
collapsed_equivalence,grouped_physical_interpolation,,blocks_3x3_shifted_g7,2026,mlp,all_shooting,k,16,0.0001261189132168,0.0504475652867505,6.0,0.375,6.0061603710824096e-05
collapsed_equivalence,grouped_physical_interpolation,,blocks_3x3_shifted_g7,2026,mlp,all_shooting,wq,16,0.0187147925286052,0.0712944477280201,16.0,1.0,0.1061475555631433
collapsed_equivalence,grouped_physical_interpolation,,blocks_3x3_shifted_g7,2026,hgb,ringdown_plus_photon_geometry,k,16,0.0002745327102422,0.1098130840969138,11.0,0.6875,0.0004109410556898
collapsed_equivalence,grouped_physical_interpolation,,blocks_3x3_shifted_g7,2026,hgb,ringdown_plus_photon_geometry,wq,16,0.0320632755641709,0.1221458116730322,14.0,0.875,0.0476489717477213
collapsed_equivalence,grouped_physical_interpolation,,blocks_3x3_shifted_g7,2026,random_forest,ringdown_plus_photon_geometry,k,16,0.0001133930121527,0.0453572048611111,15.0,0.9375,0.0001851240079365
collapsed_equivalence,grouped_physical_interpolation,,blocks_3x3_shifted_g7,2026,random_forest,ringdown_plus_photon_geometry,wq,16,0.0326582289599866,0.1244123007999492,7.0,0.4375,0.0275534722222217
collapsed_equivalence,grouped_physical_interpolation,,blocks_3x3_shifted_g7,2026,mlp,ringdown_plus_photon_geometry,k,16,0.0003233882528725,0.1293553011490259,8.0,0.5,0.000319066718381
collapsed_equivalence,grouped_physical_interpolation,,blocks_3x3_shifted_g7,2026,mlp,ringdown_plus_photon_geometry,wq,16,0.0159390984127271,0.060720374905627,16.0,1.0,0.0509923191700762
collapsed_equivalence,grouped_physical_interpolation,,blocks_3x3_shifted_g7,2026,hgb,ringdown_plus_all_shooting,k,16,0.0002625851233924,0.1050340493569994,10.0,0.625,0.0002985667542839
collapsed_equivalence,grouped_physical_interpolation,,blocks_3x3_shifted_g7,2026,hgb,ringdown_plus_all_shooting,wq,16,0.0251933002940357,0.0959744773106124,6.0,0.375,0.0229746283636553
collapsed_equivalence,grouped_physical_interpolation,,blocks_3x3_shifted_g7,2026,random_forest,ringdown_plus_all_shooting,k,16,8.61763702876985e-05,0.0344705481150794,15.0,0.9375,0.0001931944444444
collapsed_equivalence,grouped_physical_interpolation,,blocks_3x3_shifted_g7,2026,random_forest,ringdown_plus_all_shooting,wq,16,0.020619019717262,0.0785486465419505,7.0,0.4375,0.0219932870370366
collapsed_equivalence,grouped_physical_interpolation,,blocks_3x3_shifted_g7,2026,mlp,ringdown_plus_all_shooting,k,16,0.0001421235480785,0.0568494192314288,10.0,0.625,0.0001438133543213
collapsed_equivalence,grouped_physical_interpolation,,blocks_3x3_shifted_g7,2026,mlp,ringdown_plus_all_shooting,wq,16,0.0042191896579555,0.0160731034588784,15.0,0.9375,0.0079273782892245
collapsed_equivalence,grouped_physical_interpolation,,blocks_3x3_shifted_g7,2027,hgb,ringdown,k,16,0.0002505608112383,0.1002243244953462,15.0,0.9375,0.000419184444076
collapsed_equivalence,grouped_physical_interpolation,,blocks_3x3_shifted_g7,2027,hgb,ringdown,wq,16,0.0323786483768115,0.1233472319116628,16.0,1.0,0.1178132253131526
collapsed_equivalence,grouped_physical_interpolation,,blocks_3x3_shifted_g7,2027,random_forest,ringdown,k,16,0.0001402898685515,0.056115947420635,7.0,0.4375,0.0001198958333333
collapsed_equivalence,grouped_physical_interpolation,,blocks_3x3_shifted_g7,2027,random_forest,ringdown,wq,16,0.052508431506283,0.2000321200239353,15.0,0.9375,0.0956957506613758
collapsed_equivalence,grouped_physical_interpolation,,blocks_3x3_shifted_g7,2027,mlp,ringdown,k,16,8.635511176140757e-05,0.034542044704563,16.0,1.0,0.0002728984531494
collapsed_equivalence,grouped_physical_interpolation,,blocks_3x3_shifted_g7,2027,mlp,ringdown,wq,16,0.1316928218061771,0.5016869402140083,16.0,1.0,0.2492698062168607
collapsed_equivalence,grouped_physical_interpolation,,blocks_3x3_shifted_g7,2027,hgb,photon_geometry,k,16,0.0008102249187819,0.3240899675127757,6.0,0.375,0.0007159167309154
collapsed_equivalence,grouped_physical_interpolation,,blocks_3x3_shifted_g7,2027,hgb,photon_geometry,wq,16,0.0382459775469483,0.1456989620836127,14.0,0.875,0.0474576516784501
collapsed_equivalence,grouped_physical_interpolation,,blocks_3x3_shifted_g7,2027,random_forest,photon_geometry,k,16,0.0008110048259755,0.3244019303902116,4.0,0.25,0.0005761507936507
collapsed_equivalence,grouped_physical_interpolation,,blocks_3x3_shifted_g7,2027,random_forest,photon_geometry,wq,16,0.0344965970155422,0.1314156076782562,12.0,0.75,0.0392196759259261
collapsed_equivalence,grouped_physical_interpolation,,blocks_3x3_shifted_g7,2027,mlp,photon_geometry,k,16,0.0002605971260626,0.1042388504250611,7.0,0.4375,0.0002309650009573
collapsed_equivalence,grouped_physical_interpolation,,blocks_3x3_shifted_g7,2027,mlp,photon_geometry,wq,16,0.0079381024835314,0.0302403904134531,16.0,1.0,0.0206402006361098
collapsed_equivalence,grouped_physical_interpolation,,blocks_3x3_shifted_g7,2027,hgb,all_shooting,k,16,0.0005873220531206,0.2349288212482622,6.0,0.375,0.0005411356638333
collapsed_equivalence,grouped_physical_interpolation,,blocks_3x3_shifted_g7,2027,hgb,all_shooting,wq,16,0.0271182424792828,0.1033075903972681,14.0,0.875,0.0409074511312733
collapsed_equivalence,grouped_physical_interpolation,,blocks_3x3_shifted_g7,2027,random_forest,all_shooting,k,16,0.000511650686553,0.2046602746212122,6.0,0.375,0.0004505555555555
collapsed_equivalence,grouped_physical_interpolation,,blocks_3x3_shifted_g7,2027,random_forest,all_shooting,wq,16,0.0222274563905424,0.0846760243449236,14.0,0.875,0.0312668650793651
collapsed_equivalence,grouped_physical_interpolation,,blocks_3x3_shifted_g7,2027,mlp,all_shooting,k,16,0.0001112825478224,0.0445130191289862,12.0,0.75,0.0001873864290152
collapsed_equivalence,grouped_physical_interpolation,,blocks_3x3_shifted_g7,2027,mlp,all_shooting,wq,16,0.0075056212148412,0.0285928427232047,16.0,1.0,0.023436797005754
collapsed_equivalence,grouped_physical_interpolation,,blocks_3x3_shifted_g7,2027,hgb,ringdown_plus_photon_geometry,k,16,0.0002632512780749,0.1053005112299727,15.0,0.9375,0.0004454474292011
collapsed_equivalence,grouped_physical_interpolation,,blocks_3x3_shifted_g7,2027,hgb,ringdown_plus_photon_geometry,wq,16,0.0334595962247344,0.1274651284751788,14.0,0.875,0.0454387216304904
collapsed_equivalence,grouped_physical_interpolation,,blocks_3x3_shifted_g7,2027,random_forest,ringdown_plus_photon_geometry,k,16,0.0001285453869047,0.0514181547619047,11.0,0.6875,0.0001390798611111
collapsed_equivalence,grouped_physical_interpolation,,blocks_3x3_shifted_g7,2027,random_forest,ringdown_plus_photon_geometry,wq,16,0.033348220486111,0.1270408399470897,12.0,0.75,0.0372101521164023
collapsed_equivalence,grouped_physical_interpolation,,blocks_3x3_shifted_g7,2027,mlp,ringdown_plus_photon_geometry,k,16,0.0001029226985952,0.0411690794381022,4.0,0.25,6.718662381281662e-05
collapsed_equivalence,grouped_physical_interpolation,,blocks_3x3_shifted_g7,2027,mlp,ringdown_plus_photon_geometry,wq,16,0.0112903253701704,0.0430107633149349,15.0,0.9375,0.0250420036714009
collapsed_equivalence,grouped_physical_interpolation,,blocks_3x3_shifted_g7,2027,hgb,ringdown_plus_all_shooting,k,16,0.0002478617433265,0.0991446973306295,16.0,1.0,0.0004889986912404
collapsed_equivalence,grouped_physical_interpolation,,blocks_3x3_shifted_g7,2027,hgb,ringdown_plus_all_shooting,wq,16,0.0268111961708686,0.1021378901747376,14.0,0.875,0.0409507632992771
collapsed_equivalence,grouped_physical_interpolation,,blocks_3x3_shifted_g7,2027,random_forest,ringdown_plus_all_shooting,k,16,0.0001051016865079,0.0420406746031746,16.0,1.0,0.0002172569444444
collapsed_equivalence,grouped_physical_interpolation,,blocks_3x3_shifted_g7,2027,random_forest,ringdown_plus_all_shooting,wq,16,0.0216974382027117,0.0826569074389017,14.0,0.875,0.0315550595238094
collapsed_equivalence,grouped_physical_interpolation,,blocks_3x3_shifted_g7,2027,mlp,ringdown_plus_all_shooting,k,16,8.632797133167377e-05,0.0345311885326695,14.0,0.875,0.000164377115335
collapsed_equivalence,grouped_physical_interpolation,,blocks_3x3_shifted_g7,2027,mlp,ringdown_plus_all_shooting,wq,16,0.0093095634636428,0.0354650036710205,12.0,0.75,0.0133812564344917
collapsed_equivalence,grouped_physical_interpolation,,blocks_3x3_shifted_g7,2028,hgb,ringdown,k,16,0.0002142529518293,0.08570118073174,15.0,0.9375,0.0003675151009086
collapsed_equivalence,grouped_physical_interpolation,,blocks_3x3_shifted_g7,2028,hgb,ringdown,wq,16,0.0309360964048113,0.1178517958278525,16.0,1.0,0.165469282928104
collapsed_equivalence,grouped_physical_interpolation,,blocks_3x3_shifted_g7,2028,random_forest,ringdown,k,16,0.0001397589079034,0.0559035631613757,6.0,0.375,0.0001236243386243
collapsed_equivalence,grouped_physical_interpolation,,blocks_3x3_shifted_g7,2028,random_forest,ringdown,wq,16,0.0560802749875995,0.2136391428099029,15.0,0.9375,0.1086488425925926
collapsed_equivalence,grouped_physical_interpolation,,blocks_3x3_shifted_g7,2028,mlp,ringdown,k,16,7.951514657217187e-05,0.0318060586288687,13.0,0.8125,0.0001108365510515
collapsed_equivalence,grouped_physical_interpolation,,blocks_3x3_shifted_g7,2028,mlp,ringdown,wq,16,0.0100842624212431,0.038416237795212,16.0,1.0,0.0468664436775192
collapsed_equivalence,grouped_physical_interpolation,,blocks_3x3_shifted_g7,2028,hgb,photon_geometry,k,16,0.0007389306393292,0.2955722557317116,9.0,0.5625,0.0008043720936501
collapsed_equivalence,grouped_physical_interpolation,,blocks_3x3_shifted_g7,2028,hgb,photon_geometry,wq,16,0.0415904388715653,0.1584397671297725,14.0,0.875,0.0582401860659127
collapsed_equivalence,grouped_physical_interpolation,,blocks_3x3_shifted_g7,2028,random_forest,photon_geometry,k,16,0.0007288970527447,0.2915588210978837,8.0,0.5,0.0007760160383597
collapsed_equivalence,grouped_physical_interpolation,,blocks_3x3_shifted_g7,2028,random_forest,photon_geometry,wq,16,0.0311425357556215,0.1186382314499868,13.0,0.8125,0.0475791666666668
collapsed_equivalence,grouped_physical_interpolation,,blocks_3x3_shifted_g7,2028,mlp,photon_geometry,k,16,0.0001599358012418,0.0639743204967442,16.0,1.0,0.0022406205468274
collapsed_equivalence,grouped_physical_interpolation,,blocks_3x3_shifted_g7,2028,mlp,photon_geometry,wq,16,0.0053991421799385,0.0205681606854801,16.0,1.0,1.0531114783924165
collapsed_equivalence,grouped_physical_interpolation,,blocks_3x3_shifted_g7,2028,hgb,all_shooting,k,16,0.0005445988648098,0.2178395459239383,8.0,0.5,0.000543807043189
collapsed_equivalence,grouped_physical_interpolation,,blocks_3x3_shifted_g7,2028,hgb,all_shooting,wq,16,0.0203337636344767,0.0774619567027687,16.0,1.0,0.0355479577284288
collapsed_equivalence,grouped_physical_interpolation,,blocks_3x3_shifted_g7,2028,random_forest,all_shooting,k,16,0.0005724029637896,0.2289611855158729,8.0,0.5,0.0005723784722222
collapsed_equivalence,grouped_physical_interpolation,,blocks_3x3_shifted_g7,2028,random_forest,all_shooting,wq,16,0.0153854270006615,0.0586111504787107,16.0,1.0,0.0428938657407409
collapsed_equivalence,grouped_physical_interpolation,,blocks_3x3_shifted_g7,2028,mlp,all_shooting,k,16,0.0002027646817581,0.0811058727032524,16.0,1.0,0.0031306447714714
collapsed_equivalence,grouped_physical_interpolation,,blocks_3x3_shifted_g7,2028,mlp,all_shooting,wq,16,0.0046990869877482,0.0179012837628503,16.0,1.0,3.378397425424464
collapsed_equivalence,grouped_physical_interpolation,,blocks_3x3_shifted_g7,2028,hgb,ringdown_plus_photon_geometry,k,16,0.0002359832933766,0.0943933173506789,13.0,0.8125,0.0003537247538272
collapsed_equivalence,grouped_physical_interpolation,,blocks_3x3_shifted_g7,2028,hgb,ringdown_plus_photon_geometry,wq,16,0.0364565980588911,0.1388822783195853,14.0,0.875,0.0602005683664655
collapsed_equivalence,grouped_physical_interpolation,,blocks_3x3_shifted_g7,2028,random_forest,ringdown_plus_photon_geometry,k,16,0.0001196090133101,0.0478436053240741,16.0,1.0,0.000193492063492
collapsed_equivalence,grouped_physical_interpolation,,blocks_3x3_shifted_g7,2028,random_forest,ringdown_plus_photon_geometry,wq,16,0.030503151868386,0.1162024833081374,16.0,1.0,0.0505149140211641
collapsed_equivalence,grouped_physical_interpolation,,blocks_3x3_shifted_g7,2028,mlp,ringdown_plus_photon_geometry,k,16,6.901722850480769e-05,0.027606891401923,16.0,1.0,0.0004971103695798
collapsed_equivalence,grouped_physical_interpolation,,blocks_3x3_shifted_g7,2028,mlp,ringdown_plus_photon_geometry,wq,16,0.004118507693552,0.0156895531182936,16.0,1.0,0.8089515414141097
collapsed_equivalence,grouped_physical_interpolation,,blocks_3x3_shifted_g7,2028,hgb,ringdown_plus_all_shooting,k,16,0.0002312800302603,0.0925120121041278,13.0,0.8125,0.0003918858082976
collapsed_equivalence,grouped_physical_interpolation,,blocks_3x3_shifted_g7,2028,hgb,ringdown_plus_all_shooting,wq,16,0.0197620144977065,0.0752838647531676,16.0,1.0,0.035238518091855
collapsed_equivalence,grouped_physical_interpolation,,blocks_3x3_shifted_g7,2028,random_forest,ringdown_plus_all_shooting,k,16,8.790147569444455e-05,0.0351605902777778,16.0,1.0,0.000185679563492
collapsed_equivalence,grouped_physical_interpolation,,blocks_3x3_shifted_g7,2028,random_forest,ringdown_plus_all_shooting,wq,16,0.0162779131531086,0.0620110977261282,16.0,1.0,0.0423246527777776
collapsed_equivalence,grouped_physical_interpolation,,blocks_3x3_shifted_g7,2028,mlp,ringdown_plus_all_shooting,k,16,0.0001595041281633,0.0638016512653215,16.0,1.0,0.0015613693893705
collapsed_equivalence,grouped_physical_interpolation,,blocks_3x3_shifted_g7,2028,mlp,ringdown_plus_all_shooting,wq,16,0.0097192099077498,0.0370255615533329,16.0,1.0,1.6231298025699556
collapsed_equivalence,grouped_physical_interpolation,,blocks_3x3_shifted_g7,2029,hgb,ringdown,k,16,0.000224288525034,0.0897154100136359,15.0,0.9375,0.0003417541016319
collapsed_equivalence,grouped_physical_interpolation,,blocks_3x3_shifted_g7,2029,hgb,ringdown,wq,16,0.0366039947177601,0.1394437894009911,16.0,1.0,0.1383968249635392
collapsed_equivalence,grouped_physical_interpolation,,blocks_3x3_shifted_g7,2029,random_forest,ringdown,k,16,0.0001292528521825,0.051701140873016,16.0,1.0,0.0002270833333333
collapsed_equivalence,grouped_physical_interpolation,,blocks_3x3_shifted_g7,2029,random_forest,ringdown,wq,16,0.0649408228959985,0.2473936110323755,16.0,1.0,0.140225992063492
collapsed_equivalence,grouped_physical_interpolation,,blocks_3x3_shifted_g7,2029,mlp,ringdown,k,16,3.158646303987476e-05,0.0126345852159499,16.0,1.0,7.161963864456993e-05
collapsed_equivalence,grouped_physical_interpolation,,blocks_3x3_shifted_g7,2029,mlp,ringdown,wq,16,0.0028100799017149,0.0107050662922475,16.0,1.0,0.0715453396579866
collapsed_equivalence,grouped_physical_interpolation,,blocks_3x3_shifted_g7,2029,hgb,photon_geometry,k,16,0.000811033549564,0.3244134198256286,9.0,0.5625,0.00088784057657
collapsed_equivalence,grouped_physical_interpolation,,blocks_3x3_shifted_g7,2029,hgb,photon_geometry,wq,16,0.0403669232909746,0.1537787553941891,13.0,0.8125,0.0458178982983462
collapsed_equivalence,grouped_physical_interpolation,,blocks_3x3_shifted_g7,2029,random_forest,photon_geometry,k,16,0.0007704214719742,0.3081685887896824,10.0,0.625,0.000887021329365
collapsed_equivalence,grouped_physical_interpolation,,blocks_3x3_shifted_g7,2029,random_forest,photon_geometry,wq,16,0.0368620914627427,0.1404270150961628,16.0,1.0,0.0652615079365082
collapsed_equivalence,grouped_physical_interpolation,,blocks_3x3_shifted_g7,2029,mlp,photon_geometry,k,16,9.306091764003676e-05,0.0372243670560147,16.0,1.0,0.000857767195595
collapsed_equivalence,grouped_physical_interpolation,,blocks_3x3_shifted_g7,2029,mlp,photon_geometry,wq,16,0.0096156389256647,0.0366310054311036,16.0,1.0,0.2677888241884514
collapsed_equivalence,grouped_physical_interpolation,,blocks_3x3_shifted_g7,2029,hgb,all_shooting,k,16,0.0005755045619475,0.2302018247790225,8.0,0.5,0.0005396901689474
collapsed_equivalence,grouped_physical_interpolation,,blocks_3x3_shifted_g7,2029,hgb,all_shooting,wq,16,0.0217761009147893,0.0829565749134833,16.0,1.0,0.0526047190430958
collapsed_equivalence,grouped_physical_interpolation,,blocks_3x3_shifted_g7,2029,random_forest,all_shooting,k,16,0.0005432480778769,0.2172992311507934,6.0,0.375,0.0004794742063492
collapsed_equivalence,grouped_physical_interpolation,,blocks_3x3_shifted_g7,2029,random_forest,all_shooting,wq,16,0.0192013992228837,0.0731481875157476,11.0,0.6875,0.0285131944444443
collapsed_equivalence,grouped_physical_interpolation,,blocks_3x3_shifted_g7,2029,mlp,all_shooting,k,16,0.0002354362869875,0.0941745147950361,16.0,1.0,0.002178014520583
collapsed_equivalence,grouped_physical_interpolation,,blocks_3x3_shifted_g7,2029,mlp,all_shooting,wq,16,0.0058841134265862,0.0224156701965191,16.0,1.0,0.6615951800297368
collapsed_equivalence,grouped_physical_interpolation,,blocks_3x3_shifted_g7,2029,hgb,ringdown_plus_photon_geometry,k,16,0.0002416107933936,0.0966443173574527,12.0,0.75,0.0003292730561587
collapsed_equivalence,grouped_physical_interpolation,,blocks_3x3_shifted_g7,2029,hgb,ringdown_plus_photon_geometry,wq,16,0.0357491755715268,0.1361873355105784,14.0,0.875,0.0507979457046848
collapsed_equivalence,grouped_physical_interpolation,,blocks_3x3_shifted_g7,2029,random_forest,ringdown_plus_photon_geometry,k,16,0.0001097730654761,0.0439092261904762,16.0,1.0,0.0002192708333333
collapsed_equivalence,grouped_physical_interpolation,,blocks_3x3_shifted_g7,2029,random_forest,ringdown_plus_photon_geometry,wq,16,0.0356191533702603,0.1356920128390871,16.0,1.0,0.0580082341269845
collapsed_equivalence,grouped_physical_interpolation,,blocks_3x3_shifted_g7,2029,mlp,ringdown_plus_photon_geometry,k,16,0.0002053083215521,0.0821233286208544,16.0,1.0,0.0012309270606083
collapsed_equivalence,grouped_physical_interpolation,,blocks_3x3_shifted_g7,2029,mlp,ringdown_plus_photon_geometry,wq,16,0.0119117848919593,0.0453782281598452,16.0,1.0,0.8310249160325051
collapsed_equivalence,grouped_physical_interpolation,,blocks_3x3_shifted_g7,2029,hgb,ringdown_plus_all_shooting,k,16,0.0002385459209166,0.0954183683666762,10.0,0.625,0.0002845194296397
collapsed_equivalence,grouped_physical_interpolation,,blocks_3x3_shifted_g7,2029,hgb,ringdown_plus_all_shooting,wq,16,0.0212219260066031,0.0808454324061073,16.0,1.0,0.0532499267451753
collapsed_equivalence,grouped_physical_interpolation,,blocks_3x3_shifted_g7,2029,random_forest,ringdown_plus_all_shooting,k,16,9.005332341269841e-05,0.0360213293650793,16.0,1.0,0.0002239583333333
collapsed_equivalence,grouped_physical_interpolation,,blocks_3x3_shifted_g7,2029,random_forest,ringdown_plus_all_shooting,wq,16,0.0189096023478837,0.0720365803728906,12.0,0.75,0.028357986111111
collapsed_equivalence,grouped_physical_interpolation,,blocks_3x3_shifted_g7,2029,mlp,ringdown_plus_all_shooting,k,16,9.849733716799936e-05,0.0393989348671997,16.0,1.0,0.0034403648839886
collapsed_equivalence,grouped_physical_interpolation,,blocks_3x3_shifted_g7,2029,mlp,ringdown_plus_all_shooting,wq,16,0.0067267916905713,0.0256258731069383,16.0,1.0,0.5863072435871604
collapsed_equivalence,grouped_physical_interpolation,,blocks_3x3_shifted_g7,2030,hgb,ringdown,k,16,0.0002499999999999,0.0999999999999999,12.0,0.75,0.0003689028800825
collapsed_equivalence,grouped_physical_interpolation,,blocks_3x3_shifted_g7,2030,hgb,ringdown,wq,16,0.0302198878487862,0.1151233822810903,16.0,1.0,0.1180220946381379
collapsed_equivalence,grouped_physical_interpolation,,blocks_3x3_shifted_g7,2030,random_forest,ringdown,k,16,0.0001181447379298,0.0472578951719577,16.0,1.0,0.0001996527777777
collapsed_equivalence,grouped_physical_interpolation,,blocks_3x3_shifted_g7,2030,random_forest,ringdown,wq,16,0.057511800905258,0.2190925748771734,13.0,0.8125,0.0932233134920635
collapsed_equivalence,grouped_physical_interpolation,,blocks_3x3_shifted_g7,2030,mlp,ringdown,k,16,0.0002055058780061,0.0822023512024551,16.0,1.0,0.0005928375386323
collapsed_equivalence,grouped_physical_interpolation,,blocks_3x3_shifted_g7,2030,mlp,ringdown,wq,16,0.0035092540742324,0.0133685869494571,16.0,1.0,0.0183633482985066
collapsed_equivalence,grouped_physical_interpolation,,blocks_3x3_shifted_g7,2030,hgb,photon_geometry,k,16,0.0008301690887199,0.332067635487961,1.0,0.0625,0.0003541785047406
collapsed_equivalence,grouped_physical_interpolation,,blocks_3x3_shifted_g7,2030,hgb,photon_geometry,wq,16,0.0339471590200996,0.1293225105527606,7.0,0.4375,0.0282863255068761
collapsed_equivalence,grouped_physical_interpolation,,blocks_3x3_shifted_g7,2030,random_forest,photon_geometry,k,16,0.0007853680968915,0.3141472387566137,1.0,0.0625,0.0003828050595238
collapsed_equivalence,grouped_physical_interpolation,,blocks_3x3_shifted_g7,2030,random_forest,photon_geometry,wq,16,0.0335287682911706,0.1277286411092215,9.0,0.5625,0.0304313740079367
collapsed_equivalence,grouped_physical_interpolation,,blocks_3x3_shifted_g7,2030,mlp,photon_geometry,k,16,0.0001917486708493,0.0766994683397589,9.0,0.5625,0.0002485481034621
collapsed_equivalence,grouped_physical_interpolation,,blocks_3x3_shifted_g7,2030,mlp,photon_geometry,wq,16,0.0147061694048747,0.0560235024947607,16.0,1.0,0.0456723019799097
collapsed_equivalence,grouped_physical_interpolation,,blocks_3x3_shifted_g7,2030,hgb,all_shooting,k,16,0.0005791462388091,0.2316584955236581,5.0,0.3125,0.0003648026004717
collapsed_equivalence,grouped_physical_interpolation,,blocks_3x3_shifted_g7,2030,hgb,all_shooting,wq,16,0.0253170000378766,0.0964457144300062,11.0,0.6875,0.0292687891734615
collapsed_equivalence,grouped_physical_interpolation,,blocks_3x3_shifted_g7,2030,random_forest,all_shooting,k,16,0.0005235475570436,0.20941902281746,5.0,0.3125,0.0003727777777777
collapsed_equivalence,grouped_physical_interpolation,,blocks_3x3_shifted_g7,2030,random_forest,all_shooting,wq,16,0.0195527581431879,0.0744866976883349,7.0,0.4375,0.0189097222222224
collapsed_equivalence,grouped_physical_interpolation,,blocks_3x3_shifted_g7,2030,mlp,all_shooting,k,16,0.0012415749664906,0.4966299865962691,10.0,0.625,0.0013624522193724
collapsed_equivalence,grouped_physical_interpolation,,blocks_3x3_shifted_g7,2030,mlp,all_shooting,wq,16,0.0332877785916217,0.1268105851109398,16.0,1.0,0.0693431976496149
collapsed_equivalence,grouped_physical_interpolation,,blocks_3x3_shifted_g7,2030,hgb,ringdown_plus_photon_geometry,k,16,0.0002534055823393,0.1013622329357432,12.0,0.75,0.0003761590754046
collapsed_equivalence,grouped_physical_interpolation,,blocks_3x3_shifted_g7,2030,hgb,ringdown_plus_photon_geometry,wq,16,0.0292918039128413,0.1115878244298718,14.0,0.875,0.0393389837268848
collapsed_equivalence,grouped_physical_interpolation,,blocks_3x3_shifted_g7,2030,random_forest,ringdown_plus_photon_geometry,k,16,9.741123098544975e-05,0.0389644923941799,16.0,1.0,0.0001741352513227
collapsed_equivalence,grouped_physical_interpolation,,blocks_3x3_shifted_g7,2030,random_forest,ringdown_plus_photon_geometry,wq,16,0.0321105386078043,0.1223258613630642,9.0,0.5625,0.0302615823412703
collapsed_equivalence,grouped_physical_interpolation,,blocks_3x3_shifted_g7,2030,mlp,ringdown_plus_photon_geometry,k,16,0.0001737331475723,0.0694932590289574,5.0,0.3125,8.073252084376311e-05
collapsed_equivalence,grouped_physical_interpolation,,blocks_3x3_shifted_g7,2030,mlp,ringdown_plus_photon_geometry,wq,16,0.0037615051951457,0.0143295436005552,16.0,1.0,0.0124169533869612
collapsed_equivalence,grouped_physical_interpolation,,blocks_3x3_shifted_g7,2030,hgb,ringdown_plus_all_shooting,k,16,0.0002490104605111,0.0996041842044692,14.0,0.875,0.0004074636435356
collapsed_equivalence,grouped_physical_interpolation,,blocks_3x3_shifted_g7,2030,hgb,ringdown_plus_all_shooting,wq,16,0.0253170000378766,0.0964457144300062,11.0,0.6875,0.0292687891734615
collapsed_equivalence,grouped_physical_interpolation,,blocks_3x3_shifted_g7,2030,random_forest,ringdown_plus_all_shooting,k,16,8.231553819444447e-05,0.0329262152777777,16.0,1.0,0.0001854910714285
collapsed_equivalence,grouped_physical_interpolation,,blocks_3x3_shifted_g7,2030,random_forest,ringdown_plus_all_shooting,wq,16,0.0195119646990741,0.074331294091711,6.0,0.375,0.0179027777777781
collapsed_equivalence,grouped_physical_interpolation,,blocks_3x3_shifted_g7,2030,mlp,ringdown_plus_all_shooting,k,16,0.0003676847406532,0.1470738962612818,4.0,0.25,8.897907850612119e-05
collapsed_equivalence,grouped_physical_interpolation,,blocks_3x3_shifted_g7,2030,mlp,ringdown_plus_all_shooting,wq,16,0.010147315785326,0.0386564410869564,16.0,1.0,0.0314805125722255
collapsed_equivalence,grouped_physical_interpolation,,blocks_3x3_shifted_g8,2026,hgb,ringdown,k,16,0.0002290782062524,0.0916312825009908,13.0,0.8125,0.0003087424189311
collapsed_equivalence,grouped_physical_interpolation,,blocks_3x3_shifted_g8,2026,hgb,ringdown,wq,16,0.1006502976733464,0.3834297054222722,5.0,0.3125,0.0838996926320505
collapsed_equivalence,grouped_physical_interpolation,,blocks_3x3_shifted_g8,2026,random_forest,ringdown,k,16,0.0002720030381944,0.1088012152777774,0.0,0.0,7.385912698412754e-05
collapsed_equivalence,grouped_physical_interpolation,,blocks_3x3_shifted_g8,2026,random_forest,ringdown,wq,16,0.0816515552662033,0.3110535438712509,4.0,0.25,0.0673832010582009
collapsed_equivalence,grouped_physical_interpolation,,blocks_3x3_shifted_g8,2026,mlp,ringdown,k,16,0.0002215097455337,0.088603898213506,1.0,0.0625,6.004246752097306e-05
collapsed_equivalence,grouped_physical_interpolation,,blocks_3x3_shifted_g8,2026,mlp,ringdown,wq,16,0.0379664042974058,0.1446339211329746,12.0,0.75,0.0556790626217559
collapsed_equivalence,grouped_physical_interpolation,,blocks_3x3_shifted_g8,2026,hgb,photon_geometry,k,16,0.000725490838906,0.2901963355624134,6.0,0.375,0.0005597331243323
collapsed_equivalence,grouped_physical_interpolation,,blocks_3x3_shifted_g8,2026,hgb,photon_geometry,wq,16,0.0359496802305397,0.1369511627830084,14.0,0.875,0.0485021745031513
collapsed_equivalence,grouped_physical_interpolation,,blocks_3x3_shifted_g8,2026,random_forest,photon_geometry,k,16,0.0007193577422288,0.2877430968915343,7.0,0.4375,0.0006434970238095
collapsed_equivalence,grouped_physical_interpolation,,blocks_3x3_shifted_g8,2026,random_forest,photon_geometry,wq,16,0.0323378720238094,0.1231918934240361,12.0,0.75,0.0507870039682537
collapsed_equivalence,grouped_physical_interpolation,,blocks_3x3_shifted_g8,2026,mlp,photon_geometry,k,16,0.0013814133433983,0.5525653373593293,2.0,0.125,0.0010408656883759
collapsed_equivalence,grouped_physical_interpolation,,blocks_3x3_shifted_g8,2026,mlp,photon_geometry,wq,16,0.0044819530238443,0.0170741067575023,15.0,0.9375,0.0092816086480751
collapsed_equivalence,grouped_physical_interpolation,,blocks_3x3_shifted_g8,2026,hgb,all_shooting,k,16,0.0006037717853431,0.2415087141372747,6.0,0.375,0.000529058110678
collapsed_equivalence,grouped_physical_interpolation,,blocks_3x3_shifted_g8,2026,hgb,all_shooting,wq,16,0.0217002581149492,0.0826676499617114,8.0,0.5,0.0233361989367189
collapsed_equivalence,grouped_physical_interpolation,,blocks_3x3_shifted_g8,2026,random_forest,all_shooting,k,16,0.000607075996197,0.2428303984788359,4.0,0.25,0.0003519593253968
collapsed_equivalence,grouped_physical_interpolation,,blocks_3x3_shifted_g8,2026,random_forest,all_shooting,wq,16,0.0176185515873016,0.0671182917611493,8.0,0.5,0.0150357638888892
collapsed_equivalence,grouped_physical_interpolation,,blocks_3x3_shifted_g8,2026,mlp,all_shooting,k,16,0.0012301002305649,0.4920400922259897,0.0,0.0,0.0007652777299628
collapsed_equivalence,grouped_physical_interpolation,,blocks_3x3_shifted_g8,2026,mlp,all_shooting,wq,16,0.003991347285349,0.0152051325156154,16.0,1.0,0.0126289389076128
collapsed_equivalence,grouped_physical_interpolation,,blocks_3x3_shifted_g8,2026,hgb,ringdown_plus_photon_geometry,k,16,0.0002061226388377,0.0824490555350801,16.0,1.0,0.0003978297220733
collapsed_equivalence,grouped_physical_interpolation,,blocks_3x3_shifted_g8,2026,hgb,ringdown_plus_photon_geometry,wq,16,0.0253743814617406,0.0966643103304405,15.0,0.9375,0.0415739012912134
collapsed_equivalence,grouped_physical_interpolation,,blocks_3x3_shifted_g8,2026,random_forest,ringdown_plus_photon_geometry,k,16,0.0002720594618055,0.1088237847222218,0.0,0.0,6.958333333333382e-05
collapsed_equivalence,grouped_physical_interpolation,,blocks_3x3_shifted_g8,2026,random_forest,ringdown_plus_photon_geometry,wq,16,0.0316923518105157,0.1207327688019648,12.0,0.75,0.047898809523809
collapsed_equivalence,grouped_physical_interpolation,,blocks_3x3_shifted_g8,2026,mlp,ringdown_plus_photon_geometry,k,16,0.000171061879799,0.0684247519196186,11.0,0.6875,0.0002264600308911
collapsed_equivalence,grouped_physical_interpolation,,blocks_3x3_shifted_g8,2026,mlp,ringdown_plus_photon_geometry,wq,16,0.0096678358427531,0.0368298508295356,16.0,1.0,0.0495101319362305
collapsed_equivalence,grouped_physical_interpolation,,blocks_3x3_shifted_g8,2026,hgb,ringdown_plus_all_shooting,k,16,0.0002190964528373,0.0876385811349569,13.0,0.8125,0.0003602867223822
collapsed_equivalence,grouped_physical_interpolation,,blocks_3x3_shifted_g8,2026,hgb,ringdown_plus_all_shooting,wq,16,0.024284851490616,0.0925137199642515,8.0,0.5,0.0237633047845824
collapsed_equivalence,grouped_physical_interpolation,,blocks_3x3_shifted_g8,2026,random_forest,ringdown_plus_all_shooting,k,16,0.0002739800347222,0.1095920138888885,0.0,0.0,5.524305555555545e-05
collapsed_equivalence,grouped_physical_interpolation,,blocks_3x3_shifted_g8,2026,random_forest,ringdown_plus_all_shooting,wq,16,0.0182710813492064,0.0696041194255484,8.0,0.5,0.0166101851851856
collapsed_equivalence,grouped_physical_interpolation,,blocks_3x3_shifted_g8,2026,mlp,ringdown_plus_all_shooting,k,16,0.0001531000653988,0.0612400261595503,4.0,0.25,6.546312578486861e-05
collapsed_equivalence,grouped_physical_interpolation,,blocks_3x3_shifted_g8,2026,mlp,ringdown_plus_all_shooting,wq,16,0.0048168588333451,0.0183499384127432,16.0,1.0,0.0198762084917862
collapsed_equivalence,grouped_physical_interpolation,,blocks_3x3_shifted_g8,2027,hgb,ringdown,k,16,0.0002481034925414,0.099241397016591,13.0,0.8125,0.0003272345776047
collapsed_equivalence,grouped_physical_interpolation,,blocks_3x3_shifted_g8,2027,hgb,ringdown,wq,16,0.0811818276353294,0.3092641052774456,13.0,0.8125,0.1132636805653432
collapsed_equivalence,grouped_physical_interpolation,,blocks_3x3_shifted_g8,2027,random_forest,ringdown,k,16,0.0002855388144841,0.1142155257936503,0.0,0.0,6.0416666666667385e-05
collapsed_equivalence,grouped_physical_interpolation,,blocks_3x3_shifted_g8,2027,random_forest,ringdown,wq,16,0.0926287874090606,0.3528715710821356,6.0,0.375,0.0860470238095237
collapsed_equivalence,grouped_physical_interpolation,,blocks_3x3_shifted_g8,2027,mlp,ringdown,k,16,8.701864498708134e-05,0.0348074579948325,3.0,0.1875,3.7984971213742696e-05
collapsed_equivalence,grouped_physical_interpolation,,blocks_3x3_shifted_g8,2027,mlp,ringdown,wq,16,0.0241491669904848,0.0919968266304185,16.0,1.0,0.0484768123876793
collapsed_equivalence,grouped_physical_interpolation,,blocks_3x3_shifted_g8,2027,hgb,photon_geometry,k,16,0.0007818602083643,0.3127440833457394,4.0,0.25,0.0005750715380021
collapsed_equivalence,grouped_physical_interpolation,,blocks_3x3_shifted_g8,2027,hgb,photon_geometry,wq,16,0.026778745770007,0.1020142696000267,12.0,0.75,0.0402422035913445
collapsed_equivalence,grouped_physical_interpolation,,blocks_3x3_shifted_g8,2027,random_forest,photon_geometry,k,16,0.0007073584947315,0.2829433978926163,6.0,0.375,0.000608206845238
collapsed_equivalence,grouped_physical_interpolation,,blocks_3x3_shifted_g8,2027,random_forest,photon_geometry,wq,16,0.0287199565408547,0.1094093582508753,16.0,1.0,0.0667450892857151
collapsed_equivalence,grouped_physical_interpolation,,blocks_3x3_shifted_g8,2027,mlp,photon_geometry,k,16,0.0002610161488187,0.1044064595274904,5.0,0.3125,0.0001531247104258
collapsed_equivalence,grouped_physical_interpolation,,blocks_3x3_shifted_g8,2027,mlp,photon_geometry,wq,16,0.0067038573534211,0.0255385042035091,16.0,1.0,0.0245203981452687
collapsed_equivalence,grouped_physical_interpolation,,blocks_3x3_shifted_g8,2027,hgb,all_shooting,k,16,0.0006794814410211,0.2717925764084798,1.0,0.0625,0.0003115533205768
collapsed_equivalence,grouped_physical_interpolation,,blocks_3x3_shifted_g8,2027,hgb,all_shooting,wq,16,0.0230494851971637,0.0878075626558617,15.0,0.9375,0.0383380009562115
collapsed_equivalence,grouped_physical_interpolation,,blocks_3x3_shifted_g8,2027,random_forest,all_shooting,k,16,0.0006375298464556,0.2550119385822507,1.0,0.0625,0.0002859880050505
collapsed_equivalence,grouped_physical_interpolation,,blocks_3x3_shifted_g8,2027,random_forest,all_shooting,wq,16,0.0218958953373013,0.083412934618291,8.0,0.5,0.0241676587301582
collapsed_equivalence,grouped_physical_interpolation,,blocks_3x3_shifted_g8,2027,mlp,all_shooting,k,16,0.0002362602484204,0.094504099368187,3.0,0.1875,8.253668869089448e-05
collapsed_equivalence,grouped_physical_interpolation,,blocks_3x3_shifted_g8,2027,mlp,all_shooting,wq,16,0.0091296329267156,0.0347795540065356,16.0,1.0,0.0342382641791407
collapsed_equivalence,grouped_physical_interpolation,,blocks_3x3_shifted_g8,2027,hgb,ringdown_plus_photon_geometry,k,16,0.000238494884591,0.0953979538364152,12.0,0.75,0.0003708649811415
collapsed_equivalence,grouped_physical_interpolation,,blocks_3x3_shifted_g8,2027,hgb,ringdown_plus_photon_geometry,wq,16,0.0180967989707538,0.0689401865552528,12.0,0.75,0.0262455240452756
collapsed_equivalence,grouped_physical_interpolation,,blocks_3x3_shifted_g8,2027,random_forest,ringdown_plus_photon_geometry,k,16,0.0002892020089285,0.1156808035714281,0.0,0.0,7.121527777777766e-05
collapsed_equivalence,grouped_physical_interpolation,,blocks_3x3_shifted_g8,2027,random_forest,ringdown_plus_photon_geometry,wq,16,0.0274061290922616,0.104404301303854,16.0,1.0,0.059902182539683
collapsed_equivalence,grouped_physical_interpolation,,blocks_3x3_shifted_g8,2027,mlp,ringdown_plus_photon_geometry,k,16,0.0001334053476004,0.0533621390401735,2.0,0.125,4.085861542906292e-05
collapsed_equivalence,grouped_physical_interpolation,,blocks_3x3_shifted_g8,2027,mlp,ringdown_plus_photon_geometry,wq,16,0.0061269262277876,0.0233406713439529,16.0,1.0,0.0396569895179129
collapsed_equivalence,grouped_physical_interpolation,,blocks_3x3_shifted_g8,2027,hgb,ringdown_plus_all_shooting,k,16,0.0002401634533638,0.0960653813455241,13.0,0.8125,0.0003932805629463
collapsed_equivalence,grouped_physical_interpolation,,blocks_3x3_shifted_g8,2027,hgb,ringdown_plus_all_shooting,wq,16,0.0249172895994619,0.0949230079979501,13.0,0.8125,0.0372521642450427
collapsed_equivalence,grouped_physical_interpolation,,blocks_3x3_shifted_g8,2027,random_forest,ringdown_plus_all_shooting,k,16,0.000289183407738,0.1156733630952375,0.0,0.0,6.166666666666755e-05
collapsed_equivalence,grouped_physical_interpolation,,blocks_3x3_shifted_g8,2027,random_forest,ringdown_plus_all_shooting,wq,16,0.0212824900793648,0.0810761526832947,8.0,0.5,0.0237752976190471
collapsed_equivalence,grouped_physical_interpolation,,blocks_3x3_shifted_g8,2027,mlp,ringdown_plus_all_shooting,k,16,0.0002351553946839,0.0940621578735678,2.0,0.125,0.0001260525628354
collapsed_equivalence,grouped_physical_interpolation,,blocks_3x3_shifted_g8,2027,mlp,ringdown_plus_all_shooting,wq,16,0.0065313906608262,0.024881488231719,16.0,1.0,0.0336557642389726
collapsed_equivalence,grouped_physical_interpolation,,blocks_3x3_shifted_g8,2028,hgb,ringdown,k,16,0.0002946895796456,0.117875831858261,14.0,0.875,0.0004840677754592
collapsed_equivalence,grouped_physical_interpolation,,blocks_3x3_shifted_g8,2028,hgb,ringdown,wq,16,0.099239574285573,0.3780555210878974,3.0,0.1875,0.0755759615912374
collapsed_equivalence,grouped_physical_interpolation,,blocks_3x3_shifted_g8,2028,random_forest,ringdown,k,16,0.0002650564236111,0.106022569444444,0.0,0.0,5.576388888888818e-05
collapsed_equivalence,grouped_physical_interpolation,,blocks_3x3_shifted_g8,2028,random_forest,ringdown,wq,16,0.0790940527860445,0.3013106772801696,4.0,0.25,0.0587475198412698
collapsed_equivalence,grouped_physical_interpolation,,blocks_3x3_shifted_g8,2028,mlp,ringdown,k,16,0.0001944683511334,0.077787340453378,2.0,0.125,6.147758551734326e-05
collapsed_equivalence,grouped_physical_interpolation,,blocks_3x3_shifted_g8,2028,mlp,ringdown,wq,16,0.023114408602584,0.0880548899146057,5.0,0.3125,0.0129129550249487
collapsed_equivalence,grouped_physical_interpolation,,blocks_3x3_shifted_g8,2028,hgb,photon_geometry,k,16,0.0005671139088045,0.2268455635218219,16.0,1.0,0.0010520334811212
collapsed_equivalence,grouped_physical_interpolation,,blocks_3x3_shifted_g8,2028,hgb,photon_geometry,wq,16,0.0227045705526332,0.0864936021052694,16.0,1.0,0.0618825215620275
collapsed_equivalence,grouped_physical_interpolation,,blocks_3x3_shifted_g8,2028,random_forest,photon_geometry,k,16,0.0006288086970899,0.2515234788359788,12.0,0.75,0.0008086739417989
collapsed_equivalence,grouped_physical_interpolation,,blocks_3x3_shifted_g8,2028,random_forest,photon_geometry,wq,16,0.0215947813326717,0.0822658336482734,16.0,1.0,0.0372927248677252
collapsed_equivalence,grouped_physical_interpolation,,blocks_3x3_shifted_g8,2028,mlp,photon_geometry,k,16,0.0003364888433435,0.1345955373374048,7.0,0.4375,0.0002926123970579
collapsed_equivalence,grouped_physical_interpolation,,blocks_3x3_shifted_g8,2028,mlp,photon_geometry,wq,16,0.0946591546651911,0.3606063034864425,4.0,0.25,0.0813696784851307
collapsed_equivalence,grouped_physical_interpolation,,blocks_3x3_shifted_g8,2028,hgb,all_shooting,k,16,0.0007058236783082,0.2823294713233063,8.0,0.5,0.0006439446816323
collapsed_equivalence,grouped_physical_interpolation,,blocks_3x3_shifted_g8,2028,hgb,all_shooting,wq,16,0.0231916714937197,0.08834922473798,15.0,0.9375,0.0354143982315965
collapsed_equivalence,grouped_physical_interpolation,,blocks_3x3_shifted_g8,2028,random_forest,all_shooting,k,16,0.0005684234974371,0.2273693989748676,10.0,0.625,0.0006084126984126
collapsed_equivalence,grouped_physical_interpolation,,blocks_3x3_shifted_g8,2028,random_forest,all_shooting,wq,16,0.0160822482638887,0.0612657076719572,11.0,0.6875,0.0265137896825397
collapsed_equivalence,grouped_physical_interpolation,,blocks_3x3_shifted_g8,2028,mlp,all_shooting,k,16,0.0002497717162841,0.0999086865136481,10.0,0.625,0.0002745963360611
collapsed_equivalence,grouped_physical_interpolation,,blocks_3x3_shifted_g8,2028,mlp,all_shooting,wq,16,0.0057477600675667,0.0218962288288258,16.0,1.0,0.0288475674057314
collapsed_equivalence,grouped_physical_interpolation,,blocks_3x3_shifted_g8,2028,hgb,ringdown_plus_photon_geometry,k,16,0.0002954727238899,0.1181890895559799,16.0,1.0,0.0006207976524877
collapsed_equivalence,grouped_physical_interpolation,,blocks_3x3_shifted_g8,2028,hgb,ringdown_plus_photon_geometry,wq,16,0.0205673721926948,0.0783518940674088,16.0,1.0,0.0533282732527119
collapsed_equivalence,grouped_physical_interpolation,,blocks_3x3_shifted_g8,2028,random_forest,ringdown_plus_photon_geometry,k,16,0.0002649457465277,0.1059782986111106,0.0,0.0,6.965277777777786e-05
collapsed_equivalence,grouped_physical_interpolation,,blocks_3x3_shifted_g8,2028,random_forest,ringdown_plus_photon_geometry,wq,16,0.0212963293650792,0.0811288737717304,16.0,1.0,0.036989285714286
collapsed_equivalence,grouped_physical_interpolation,,blocks_3x3_shifted_g8,2028,mlp,ringdown_plus_photon_geometry,k,16,0.0001787658071159,0.0715063228463878,11.0,0.6875,0.0002261340656437
collapsed_equivalence,grouped_physical_interpolation,,blocks_3x3_shifted_g8,2028,mlp,ringdown_plus_photon_geometry,wq,16,0.0092004616994573,0.0350493779026947,13.0,0.8125,0.0155685293703545
collapsed_equivalence,grouped_physical_interpolation,,blocks_3x3_shifted_g8,2028,hgb,ringdown_plus_all_shooting,k,16,0.0003230475729904,0.1292190291961968,15.0,0.9375,0.0006275591568601
collapsed_equivalence,grouped_physical_interpolation,,blocks_3x3_shifted_g8,2028,hgb,ringdown_plus_all_shooting,wq,16,0.0235355402070595,0.0896592007887984,15.0,0.9375,0.0359516742845383
collapsed_equivalence,grouped_physical_interpolation,,blocks_3x3_shifted_g8,2028,random_forest,ringdown_plus_all_shooting,k,16,0.0002680707465277,0.1072282986111106,0.0,0.0,7.729166666666605e-05
collapsed_equivalence,grouped_physical_interpolation,,blocks_3x3_shifted_g8,2028,random_forest,ringdown_plus_all_shooting,wq,16,0.0153615451388887,0.0585201719576714,14.0,0.875,0.0268286044973545
collapsed_equivalence,grouped_physical_interpolation,,blocks_3x3_shifted_g8,2028,mlp,ringdown_plus_all_shooting,k,16,0.0001168871760215,0.0467548704086287,16.0,1.0,0.0004140520770172
collapsed_equivalence,grouped_physical_interpolation,,blocks_3x3_shifted_g8,2028,mlp,ringdown_plus_all_shooting,wq,16,0.0069348547495754,0.0264184942840968,16.0,1.0,0.1104715101044161
collapsed_equivalence,grouped_physical_interpolation,,blocks_3x3_shifted_g8,2029,hgb,ringdown,k,16,0.0002477570835534,0.0991028334213633,13.0,0.8125,0.0003430164340177
collapsed_equivalence,grouped_physical_interpolation,,blocks_3x3_shifted_g8,2029,hgb,ringdown,wq,16,0.0752443556262061,0.2866451642903091,6.0,0.375,0.0727328354825485
collapsed_equivalence,grouped_physical_interpolation,,blocks_3x3_shifted_g8,2029,random_forest,ringdown,k,16,0.0002628146701388,0.1051258680555551,0.0,0.0,8.138888888888931e-05
collapsed_equivalence,grouped_physical_interpolation,,blocks_3x3_shifted_g8,2029,random_forest,ringdown,wq,16,0.0827898405558558,0.3153898687842129,5.0,0.3125,0.0730565476190474
collapsed_equivalence,grouped_physical_interpolation,,blocks_3x3_shifted_g8,2029,mlp,ringdown,k,16,0.000149783923958,0.0599135695832127,0.0,0.0,6.078183990004078e-05
collapsed_equivalence,grouped_physical_interpolation,,blocks_3x3_shifted_g8,2029,mlp,ringdown,wq,16,0.0085414469975307,0.0325388457048791,10.0,0.625,0.0092435065333412
collapsed_equivalence,grouped_physical_interpolation,,blocks_3x3_shifted_g8,2029,hgb,photon_geometry,k,16,0.0007098334179248,0.2839333671699288,3.0,0.1875,0.0005298723622375
collapsed_equivalence,grouped_physical_interpolation,,blocks_3x3_shifted_g8,2029,hgb,photon_geometry,wq,16,0.0271606377612514,0.1034690962333389,16.0,1.0,0.0582632665804263
collapsed_equivalence,grouped_physical_interpolation,,blocks_3x3_shifted_g8,2029,random_forest,photon_geometry,k,16,0.000730539021164,0.2922156084656085,3.0,0.1875,0.0004576967592592
collapsed_equivalence,grouped_physical_interpolation,,blocks_3x3_shifted_g8,2029,random_forest,photon_geometry,wq,16,0.0273516712887804,0.104196843004878,16.0,1.0,0.0493621392496396
collapsed_equivalence,grouped_physical_interpolation,,blocks_3x3_shifted_g8,2029,mlp,photon_geometry,k,16,0.0002472934139953,0.0989173655981458,6.0,0.375,0.0001560558717949
collapsed_equivalence,grouped_physical_interpolation,,blocks_3x3_shifted_g8,2029,mlp,photon_geometry,wq,16,0.0167273505693274,0.0637232402641045,16.0,1.0,0.060772298667294
collapsed_equivalence,grouped_physical_interpolation,,blocks_3x3_shifted_g8,2029,hgb,all_shooting,k,16,0.0007029845589417,0.2811938235767144,2.0,0.125,0.0004046159318938
collapsed_equivalence,grouped_physical_interpolation,,blocks_3x3_shifted_g8,2029,hgb,all_shooting,wq,16,0.0260942660358741,0.0994067277557111,12.0,0.75,0.0335799272933442
collapsed_equivalence,grouped_physical_interpolation,,blocks_3x3_shifted_g8,2029,random_forest,all_shooting,k,16,0.000650939360119,0.2603757440476188,0.0,0.0,0.0003049007936507
collapsed_equivalence,grouped_physical_interpolation,,blocks_3x3_shifted_g8,2029,random_forest,all_shooting,wq,16,0.0190044766865076,0.0723980064247911,16.0,1.0,0.0354125992063495
collapsed_equivalence,grouped_physical_interpolation,,blocks_3x3_shifted_g8,2029,mlp,all_shooting,k,16,0.0003330674856005,0.1332269942402363,6.0,0.375,0.0002378648421357
collapsed_equivalence,grouped_physical_interpolation,,blocks_3x3_shifted_g8,2029,mlp,all_shooting,wq,16,0.0378081202992385,0.1440309344732898,16.0,1.0,0.0732664032971953
collapsed_equivalence,grouped_physical_interpolation,,blocks_3x3_shifted_g8,2029,hgb,ringdown_plus_photon_geometry,k,16,0.0002466656410793,0.0986662564317456,13.0,0.8125,0.0003474492702827
collapsed_equivalence,grouped_physical_interpolation,,blocks_3x3_shifted_g8,2029,hgb,ringdown_plus_photon_geometry,wq,16,0.0252102883044618,0.0960391935408069,16.0,1.0,0.0626371681211864
collapsed_equivalence,grouped_physical_interpolation,,blocks_3x3_shifted_g8,2029,random_forest,ringdown_plus_photon_geometry,k,16,0.0002653754340277,0.1061501736111106,0.0,0.0,8.21180555555562e-05
collapsed_equivalence,grouped_physical_interpolation,,blocks_3x3_shifted_g8,2029,random_forest,ringdown_plus_photon_geometry,wq,16,0.0252052778529339,0.0960201061064149,16.0,1.0,0.0481915043290047
collapsed_equivalence,grouped_physical_interpolation,,blocks_3x3_shifted_g8,2029,mlp,ringdown_plus_photon_geometry,k,16,0.0002025663849683,0.0810265539873405,2.0,0.125,7.04091781167811e-05
collapsed_equivalence,grouped_physical_interpolation,,blocks_3x3_shifted_g8,2029,mlp,ringdown_plus_photon_geometry,wq,16,0.017934410686662,0.0683215645206172,16.0,1.0,0.0386283246397425
collapsed_equivalence,grouped_physical_interpolation,,blocks_3x3_shifted_g8,2029,hgb,ringdown_plus_all_shooting,k,16,0.0002452691040935,0.0981076416374233,12.0,0.75,0.0002805879468528
collapsed_equivalence,grouped_physical_interpolation,,blocks_3x3_shifted_g8,2029,hgb,ringdown_plus_all_shooting,wq,16,0.0277698970140061,0.1057900838628805,12.0,0.75,0.0331206523198523
collapsed_equivalence,grouped_physical_interpolation,,blocks_3x3_shifted_g8,2029,random_forest,ringdown_plus_all_shooting,k,16,0.0002613172743055,0.1045269097222217,0.0,0.0,8.055555555555637e-05
collapsed_equivalence,grouped_physical_interpolation,,blocks_3x3_shifted_g8,2029,random_forest,ringdown_plus_all_shooting,wq,16,0.0186800905257934,0.0711622496220702,16.0,1.0,0.0356735119047623
collapsed_equivalence,grouped_physical_interpolation,,blocks_3x3_shifted_g8,2029,mlp,ringdown_plus_all_shooting,k,16,0.0002554161876554,0.1021664750621786,3.0,0.1875,0.0001424082578213
collapsed_equivalence,grouped_physical_interpolation,,blocks_3x3_shifted_g8,2029,mlp,ringdown_plus_all_shooting,wq,16,0.0121121893510566,0.0461416737183111,16.0,1.0,0.0388689708293353
collapsed_equivalence,grouped_physical_interpolation,,blocks_3x3_shifted_g8,2030,hgb,ringdown,k,16,0.0002459929663296,0.0983971865318664,13.0,0.8125,0.0003578903907761
collapsed_equivalence,grouped_physical_interpolation,,blocks_3x3_shifted_g8,2030,hgb,ringdown,wq,16,0.0838031278097837,0.3192500107039379,12.0,0.75,0.1038433626936007
collapsed_equivalence,grouped_physical_interpolation,,blocks_3x3_shifted_g8,2030,random_forest,ringdown,k,16,0.0002680164930555,0.1072065972222218,1.0,0.0625,0.0001024999999999
collapsed_equivalence,grouped_physical_interpolation,,blocks_3x3_shifted_g8,2030,random_forest,ringdown,wq,16,0.084201585234788,0.3207679437515734,16.0,1.0,0.1203931382275129
collapsed_equivalence,grouped_physical_interpolation,,blocks_3x3_shifted_g8,2030,mlp,ringdown,k,16,0.0002241607051045,0.0896642820418309,0.0,0.0,6.502101778950626e-05
collapsed_equivalence,grouped_physical_interpolation,,blocks_3x3_shifted_g8,2030,mlp,ringdown,wq,16,0.0184210913019778,0.0701755859122964,16.0,1.0,0.0680730486822648
collapsed_equivalence,grouped_physical_interpolation,,blocks_3x3_shifted_g8,2030,hgb,photon_geometry,k,16,0.0006970358385732,0.2788143354292841,4.0,0.25,0.000517925379033
collapsed_equivalence,grouped_physical_interpolation,,blocks_3x3_shifted_g8,2030,hgb,photon_geometry,wq,16,0.0280384853107035,0.1068132773741089,11.0,0.6875,0.0393592933469149
collapsed_equivalence,grouped_physical_interpolation,,blocks_3x3_shifted_g8,2030,random_forest,photon_geometry,k,16,0.0006899008312289,0.2759603324915826,4.0,0.25,0.0004527777777777
collapsed_equivalence,grouped_physical_interpolation,,blocks_3x3_shifted_g8,2030,random_forest,photon_geometry,wq,16,0.0248557415674601,0.0946885393046101,14.0,0.875,0.0345868055555563
collapsed_equivalence,grouped_physical_interpolation,,blocks_3x3_shifted_g8,2030,mlp,photon_geometry,k,16,0.0002920413108209,0.116816524328389,4.0,0.25,0.000144525780085
collapsed_equivalence,grouped_physical_interpolation,,blocks_3x3_shifted_g8,2030,mlp,photon_geometry,wq,16,0.0106535286979198,0.0405848712301708,16.0,1.0,0.0175070106525276
collapsed_equivalence,grouped_physical_interpolation,,blocks_3x3_shifted_g8,2030,hgb,all_shooting,k,16,0.0006385251239539,0.2554100495815914,0.0,0.0,0.0002568827607751
collapsed_equivalence,grouped_physical_interpolation,,blocks_3x3_shifted_g8,2030,hgb,all_shooting,wq,16,0.0210762329099893,0.0802904110856737,11.0,0.6875,0.0305478894996881
collapsed_equivalence,grouped_physical_interpolation,,blocks_3x3_shifted_g8,2030,random_forest,all_shooting,k,16,0.0005850267650462,0.2340107060185186,0.0,0.0,0.0002298958333333
collapsed_equivalence,grouped_physical_interpolation,,blocks_3x3_shifted_g8,2030,random_forest,all_shooting,wq,16,0.0169311135912697,0.0644994803476942,11.0,0.6875,0.0255049603174603
collapsed_equivalence,grouped_physical_interpolation,,blocks_3x3_shifted_g8,2030,mlp,all_shooting,k,16,0.0003180386178195,0.1272154471278187,2.0,0.125,0.0001207847518976
collapsed_equivalence,grouped_physical_interpolation,,blocks_3x3_shifted_g8,2030,mlp,all_shooting,wq,16,0.0357623457843001,0.1362375077497147,16.0,1.0,0.057253340515109
collapsed_equivalence,grouped_physical_interpolation,,blocks_3x3_shifted_g8,2030,hgb,ringdown_plus_photon_geometry,k,16,0.0002470316141141,0.0988126456456606,13.0,0.8125,0.0003493077293729
collapsed_equivalence,grouped_physical_interpolation,,blocks_3x3_shifted_g8,2030,hgb,ringdown_plus_photon_geometry,wq,16,0.0244502044068338,0.0931436358355573,12.0,0.75,0.0358550020052017
collapsed_equivalence,grouped_physical_interpolation,,blocks_3x3_shifted_g8,2030,random_forest,ringdown_plus_photon_geometry,k,16,0.0002711024305555,0.1084409722222217,0.0,0.0,7.972222222222191e-05
collapsed_equivalence,grouped_physical_interpolation,,blocks_3x3_shifted_g8,2030,random_forest,ringdown_plus_photon_geometry,wq,16,0.0245302403687167,0.0934485347379685,13.0,0.8125,0.0326462301587308
collapsed_equivalence,grouped_physical_interpolation,,blocks_3x3_shifted_g8,2030,mlp,ringdown_plus_photon_geometry,k,16,0.0001573953448043,0.0629581379217218,16.0,1.0,0.0002689033189119
collapsed_equivalence,grouped_physical_interpolation,,blocks_3x3_shifted_g8,2030,mlp,ringdown_plus_photon_geometry,wq,16,0.0131564036494865,0.0501196329504248,16.0,1.0,0.0612177770555841
collapsed_equivalence,grouped_physical_interpolation,,blocks_3x3_shifted_g8,2030,hgb,ringdown_plus_all_shooting,k,16,0.0002473475826343,0.0989390330537291,12.0,0.75,0.0002812391534723
collapsed_equivalence,grouped_physical_interpolation,,blocks_3x3_shifted_g8,2030,hgb,ringdown_plus_all_shooting,wq,16,0.0208319724189071,0.0793598949291699,11.0,0.6875,0.0313759996003373
collapsed_equivalence,grouped_physical_interpolation,,blocks_3x3_shifted_g8,2030,random_forest,ringdown_plus_all_shooting,k,16,0.0002752821180555,0.1101128472222217,1.0,0.0625,0.0001372222222222
collapsed_equivalence,grouped_physical_interpolation,,blocks_3x3_shifted_g8,2030,random_forest,ringdown_plus_all_shooting,wq,16,0.01734232390873,0.0660659958427811,9.0,0.5625,0.0251507936507937
collapsed_equivalence,grouped_physical_interpolation,,blocks_3x3_shifted_g8,2030,mlp,ringdown_plus_all_shooting,k,16,0.0001312465957688,0.0524986383075319,14.0,0.875,0.0002353619501691
collapsed_equivalence,grouped_physical_interpolation,,blocks_3x3_shifted_g8,2030,mlp,ringdown_plus_all_shooting,wq,16,0.0137730370984375,0.0524687127559524,14.0,0.875,0.0228375831522303
collapsed_equivalence,random_interpolation,,random_2026,2026,hgb,ringdown,k,23,0.0001116842799803,0.0446737119921325,23.0,1.0,0.0003105049714713
collapsed_equivalence,random_interpolation,,random_2026,2026,hgb,ringdown,wq,23,0.0503234454734574,0.1917083637084094,15.0,0.6521739130434783,0.0640262681079015
collapsed_equivalence,random_interpolation,,random_2026,2026,random_forest,ringdown,k,23,5.528370859213268e-05,0.022113483436853,23.0,1.0,0.0001881597222222
collapsed_equivalence,random_interpolation,,random_2026,2026,random_forest,ringdown,wq,23,0.0461785610047159,0.175918327637013,21.0,0.9130434782608696,0.0845396329365081
collapsed_equivalence,random_interpolation,,random_2026,2026,mlp,ringdown,k,23,2.780233919157367e-05,0.0111209356766294,20.0,0.8695652173913043,6.459972660494725e-05
collapsed_equivalence,random_interpolation,,random_2026,2026,mlp,ringdown,wq,23,0.0126972527566857,0.0483704866921363,19.0,0.8260869565217391,0.0274833334303165
collapsed_equivalence,random_interpolation,,random_2026,2026,hgb,photon_geometry,k,23,0.0003032563853133,0.1213025541253375,22.0,0.9565217391304348,0.0007558821583081
collapsed_equivalence,random_interpolation,,random_2026,2026,hgb,photon_geometry,wq,23,0.0252475198454337,0.0961810279826046,17.0,0.7391304347826086,0.0426716709844594
collapsed_equivalence,random_interpolation,,random_2026,2026,random_forest,photon_geometry,k,23,0.0002263701259489,0.0905480503795721,23.0,1.0,0.0006143973214285
collapsed_equivalence,random_interpolation,,random_2026,2026,random_forest,photon_geometry,wq,23,0.0199076671650946,0.0758387320575033,21.0,0.9130434782608696,0.0574578207671961
collapsed_equivalence,random_interpolation,,random_2026,2026,mlp,photon_geometry,k,23,4.774361092306122e-05,0.0190974443692244,23.0,1.0,0.0001466732267961
collapsed_equivalence,random_interpolation,,random_2026,2026,mlp,photon_geometry,wq,23,0.0100772355336598,0.0383894686996564,21.0,0.9130434782608696,0.0458944534186971
collapsed_equivalence,random_interpolation,,random_2026,2026,hgb,all_shooting,k,23,0.0001824090057001,0.0729636022800422,23.0,1.0,0.0005737298747887
collapsed_equivalence,random_interpolation,,random_2026,2026,hgb,all_shooting,wq,23,0.0163340216705848,0.0622248444593708,18.0,0.782608695652174,0.0261130703901918
collapsed_equivalence,random_interpolation,,random_2026,2026,random_forest,all_shooting,k,23,0.0001576801170347,0.0630720468138947,19.0,0.8260869565217391,0.0003577926587301
collapsed_equivalence,random_interpolation,,random_2026,2026,random_forest,all_shooting,wq,23,0.0102075892857143,0.0388860544217691,22.0,0.9565217391304348,0.0250234953703705
collapsed_equivalence,random_interpolation,,random_2026,2026,mlp,all_shooting,k,23,4.76799480033524e-05,0.0190719792013409,23.0,1.0,0.000143696219652
collapsed_equivalence,random_interpolation,,random_2026,2026,mlp,all_shooting,wq,23,0.0198549350934242,0.0756378479749494,22.0,0.9565217391304348,0.0734118583022058
collapsed_equivalence,random_interpolation,,random_2026,2026,hgb,ringdown_plus_photon_geometry,k,23,0.0001158083407866,0.046323336314668,23.0,1.0,0.000311648171891
collapsed_equivalence,random_interpolation,,random_2026,2026,hgb,ringdown_plus_photon_geometry,wq,23,0.0231996411599196,0.0883795853711224,18.0,0.782608695652174,0.0462792804412762
collapsed_equivalence,random_interpolation,,random_2026,2026,random_forest,ringdown_plus_photon_geometry,k,23,5.574706694271949e-05,0.0222988267770877,23.0,1.0,0.0001717013888888
collapsed_equivalence,random_interpolation,,random_2026,2026,random_forest,ringdown_plus_photon_geometry,wq,23,0.0194063158979372,0.0739288224683323,21.0,0.9130434782608696,0.0559593584656088
collapsed_equivalence,random_interpolation,,random_2026,2026,mlp,ringdown_plus_photon_geometry,k,23,3.2054788176614085e-05,0.0128219152706456,23.0,1.0,0.0001341511225376
collapsed_equivalence,random_interpolation,,random_2026,2026,mlp,ringdown_plus_photon_geometry,wq,23,0.0202328312099807,0.077077452228498,21.0,0.9130434782608696,0.0582709384176477
collapsed_equivalence,random_interpolation,,random_2026,2026,hgb,ringdown_plus_all_shooting,k,23,7.767655938379186e-05,0.0310706237535167,23.0,1.0,0.0003518226262362
collapsed_equivalence,random_interpolation,,random_2026,2026,hgb,ringdown_plus_all_shooting,wq,23,0.0163624297658468,0.0623330657746548,18.0,0.782608695652174,0.0262974097099816
collapsed_equivalence,random_interpolation,,random_2026,2026,random_forest,ringdown_plus_all_shooting,k,23,5.587215320911023e-05,0.022348861283644,22.0,0.9565217391304348,0.0001605902777777
collapsed_equivalence,random_interpolation,,random_2026,2026,random_forest,ringdown_plus_all_shooting,wq,23,0.0103074304117783,0.0392664015686793,21.0,0.9130434782608696,0.0230944444444446
collapsed_equivalence,random_interpolation,,random_2026,2026,mlp,ringdown_plus_all_shooting,k,23,2.707993606117286e-05,0.0108319744244691,21.0,0.9130434782608696,6.929321853117666e-05
collapsed_equivalence,random_interpolation,,random_2026,2026,mlp,ringdown_plus_all_shooting,wq,23,0.0114381035642946,0.0435737278639794,23.0,1.0,0.0518628757590413
collapsed_equivalence,random_interpolation,,random_2027,2027,hgb,ringdown,k,22,0.0001505281237192,0.0602112494877149,22.0,1.0,0.00032070030293
collapsed_equivalence,random_interpolation,,random_2027,2027,hgb,ringdown,wq,22,0.0616683868302301,0.2349271879246863,16.0,0.7272727272727273,0.0825448072872502
collapsed_equivalence,random_interpolation,,random_2027,2027,random_forest,ringdown,k,22,7.683734668109653e-05,0.0307349386724386,20.0,0.9090909090909092,0.0001885466269841
collapsed_equivalence,random_interpolation,,random_2027,2027,random_forest,ringdown,wq,22,0.0477481004238817,0.1818975254243112,15.0,0.6818181818181818,0.0561764054232803
collapsed_equivalence,random_interpolation,,random_2027,2027,mlp,ringdown,k,22,2.0597265079256267e-05,0.0082389060317025,22.0,1.0,5.426739616214366e-05
collapsed_equivalence,random_interpolation,,random_2027,2027,mlp,ringdown,wq,22,0.0200541606221745,0.0763968023701886,15.0,0.6818181818181818,0.0189327008671349
collapsed_equivalence,random_interpolation,,random_2027,2027,hgb,photon_geometry,k,22,0.0002960075321135,0.1184030128454371,21.0,0.9545454545454546,0.0006286081751155
collapsed_equivalence,random_interpolation,,random_2027,2027,hgb,photon_geometry,wq,22,0.021327274103325,0.0812467584888572,22.0,1.0,0.062426946264974
collapsed_equivalence,random_interpolation,,random_2027,2027,random_forest,photon_geometry,k,22,0.0002965969281322,0.1186387712529016,20.0,0.9090909090909092,0.0006113888888888
collapsed_equivalence,random_interpolation,,random_2027,2027,random_forest,photon_geometry,wq,22,0.0190869720268158,0.0727122743878698,20.0,0.9090909090909092,0.0433628472222226
collapsed_equivalence,random_interpolation,,random_2027,2027,mlp,photon_geometry,k,22,6.85772642422724e-05,0.0274309056969089,22.0,1.0,0.0002070611246556
collapsed_equivalence,random_interpolation,,random_2027,2027,mlp,photon_geometry,wq,22,0.0114256429288108,0.0435262587764224,21.0,0.9545454545454546,0.032376221572637
collapsed_equivalence,random_interpolation,,random_2027,2027,hgb,all_shooting,k,22,0.000221487472465,0.0885949889860336,22.0,1.0,0.0006405014952462
collapsed_equivalence,random_interpolation,,random_2027,2027,hgb,all_shooting,wq,22,0.0177934638374656,0.0677846241427264,20.0,0.9090909090909092,0.0385793391540882
collapsed_equivalence,random_interpolation,,random_2027,2027,random_forest,all_shooting,k,22,0.0001618822150072,0.064752886002886,18.0,0.8181818181818182,0.0002389930555555
collapsed_equivalence,random_interpolation,,random_2027,2027,random_forest,all_shooting,wq,22,0.0103689957611834,0.0395009362330797,18.0,0.8181818181818182,0.0222624007936503
collapsed_equivalence,random_interpolation,,random_2027,2027,mlp,all_shooting,k,22,6.543151372060901e-05,0.0261726054882436,22.0,1.0,0.0002058273846278
collapsed_equivalence,random_interpolation,,random_2027,2027,mlp,all_shooting,wq,22,0.0201536278867864,0.0767757252829958,18.0,0.8181818181818182,0.0428224125588618
collapsed_equivalence,random_interpolation,,random_2027,2027,hgb,ringdown_plus_photon_geometry,k,22,0.000131847052732,0.0527388210928175,22.0,1.0,0.0003105622407029
collapsed_equivalence,random_interpolation,,random_2027,2027,hgb,ringdown_plus_photon_geometry,wq,22,0.0201992654932209,0.076949582831318,22.0,1.0,0.0548634773421912
collapsed_equivalence,random_interpolation,,random_2027,2027,random_forest,ringdown_plus_photon_geometry,k,22,7.720643939393942e-05,0.0308825757575757,21.0,0.9545454545454546,0.0001859027777777
collapsed_equivalence,random_interpolation,,random_2027,2027,random_forest,ringdown_plus_photon_geometry,wq,22,0.0180893386994949,0.0689117664742665,19.0,0.8636363636363636,0.0364583333333338
collapsed_equivalence,random_interpolation,,random_2027,2027,mlp,ringdown_plus_photon_geometry,k,22,5.543440433268742e-05,0.0221737617330749,21.0,0.9545454545454546,0.0002455979303622
collapsed_equivalence,random_interpolation,,random_2027,2027,mlp,ringdown_plus_photon_geometry,wq,22,0.0141835666766923,0.054032634958828,17.0,0.7727272727272727,0.0167030908128915
collapsed_equivalence,random_interpolation,,random_2027,2027,hgb,ringdown_plus_all_shooting,k,22,0.000121741990545,0.0486967962180023,20.0,0.9090909090909092,0.0003520330240526
collapsed_equivalence,random_interpolation,,random_2027,2027,hgb,ringdown_plus_all_shooting,wq,22,0.018163504346676,0.0691943022730517,20.0,0.9090909090909092,0.037827649556236
collapsed_equivalence,random_interpolation,,random_2027,2027,random_forest,ringdown_plus_all_shooting,k,22,7.685696248196252e-05,0.030742784992785,19.0,0.8636363636363636,0.0001620138888888
collapsed_equivalence,random_interpolation,,random_2027,2027,random_forest,ringdown_plus_all_shooting,wq,22,0.0106665020743147,0.0406342936164372,18.0,0.8181818181818182,0.0217276785714282
collapsed_equivalence,random_interpolation,,random_2027,2027,mlp,ringdown_plus_all_shooting,k,22,4.980478120959306e-05,0.0199219124838372,20.0,0.9090909090909092,0.0001012739993657
collapsed_equivalence,random_interpolation,,random_2027,2027,mlp,ringdown_plus_all_shooting,wq,22,0.0082709361908515,0.031508328346101,17.0,0.7727272727272727,0.0092338386324627
collapsed_equivalence,random_interpolation,,random_2028,2028,hgb,ringdown,k,23,0.0001637447716357,0.0654979086542988,23.0,1.0,0.0003703844057332
collapsed_equivalence,random_interpolation,,random_2028,2028,hgb,ringdown,wq,23,0.0633551518909378,0.2413529595845253,23.0,1.0,0.1508173342912822
collapsed_equivalence,random_interpolation,,random_2028,2028,random_forest,ringdown,k,23,9.66568538647344e-05,0.0386627415458937,16.0,0.6956521739130435,0.0001778819444444
collapsed_equivalence,random_interpolation,,random_2028,2028,random_forest,ringdown,wq,23,0.063701195628211,0.2426712214408039,23.0,1.0,0.1696023148148145
collapsed_equivalence,random_interpolation,,random_2028,2028,mlp,ringdown,k,23,2.691189098054364e-05,0.0107647563922174,21.0,0.9130434782608696,6.094672422547222e-05
collapsed_equivalence,random_interpolation,,random_2028,2028,mlp,ringdown,wq,23,0.0236285432982776,0.0900134982791531,21.0,0.9130434782608696,0.0612820643492927
collapsed_equivalence,random_interpolation,,random_2028,2028,hgb,photon_geometry,k,23,0.0003929438462591,0.1571775385036669,20.0,0.8695652173913043,0.0006512541807028
collapsed_equivalence,random_interpolation,,random_2028,2028,hgb,photon_geometry,wq,23,0.0259618634980028,0.0989023371352488,22.0,0.9565217391304348,0.0493250648611272
collapsed_equivalence,random_interpolation,,random_2028,2028,random_forest,photon_geometry,k,23,0.0003796498074691,0.1518599229876405,20.0,0.8695652173913043,0.0006073563011063
collapsed_equivalence,random_interpolation,,random_2028,2028,random_forest,photon_geometry,wq,23,0.0197520358868185,0.075245850997404,22.0,0.9565217391304348,0.045497106481481
collapsed_equivalence,random_interpolation,,random_2028,2028,mlp,photon_geometry,k,23,5.3063503067254266e-05,0.0212254012269017,22.0,0.9565217391304348,0.0001544236405705
collapsed_equivalence,random_interpolation,,random_2028,2028,mlp,photon_geometry,wq,23,0.0436545572799938,0.1663030753523577,22.0,0.9565217391304348,0.1106541095240137
collapsed_equivalence,random_interpolation,,random_2028,2028,hgb,all_shooting,k,23,0.000289417889126,0.1157671556504227,17.0,0.7391304347826086,0.000430478475902
collapsed_equivalence,random_interpolation,,random_2028,2028,hgb,all_shooting,wq,23,0.0120792068895754,0.0460160262460016,22.0,0.9565217391304348,0.0266020611471403
collapsed_equivalence,random_interpolation,,random_2028,2028,random_forest,all_shooting,k,23,0.0002025658794204,0.0810263517681998,19.0,0.8260869565217391,0.0004094038600288
collapsed_equivalence,random_interpolation,,random_2028,2028,random_forest,all_shooting,wq,23,0.010838658126294,0.0412901261954059,22.0,0.9565217391304348,0.0208037367724869
collapsed_equivalence,random_interpolation,,random_2028,2028,mlp,all_shooting,k,23,6.23833522960311e-05,0.0249533409184124,21.0,0.9130434782608696,0.0001272881915047
collapsed_equivalence,random_interpolation,,random_2028,2028,mlp,all_shooting,wq,23,0.0398706690962803,0.151888263223925,22.0,0.9565217391304348,0.0892057542079289
collapsed_equivalence,random_interpolation,,random_2028,2028,hgb,ringdown_plus_photon_geometry,k,23,0.0001783891578697,0.0713556631479111,19.0,0.8260869565217391,0.0003819725978203
collapsed_equivalence,random_interpolation,,random_2028,2028,hgb,ringdown_plus_photon_geometry,wq,23,0.0200822635840208,0.0765038612724602,21.0,0.9130434782608696,0.0456844824627402
collapsed_equivalence,random_interpolation,,random_2028,2028,random_forest,ringdown_plus_photon_geometry,k,23,9.271685213940668e-05,0.0370867408557626,16.0,0.6956521739130435,0.0001489484126984
collapsed_equivalence,random_interpolation,,random_2028,2028,random_forest,ringdown_plus_photon_geometry,wq,23,0.0181433409535312,0.0691174893467855,22.0,0.9565217391304348,0.0453297453703701
collapsed_equivalence,random_interpolation,,random_2028,2028,mlp,ringdown_plus_photon_geometry,k,23,4.864558322233191e-05,0.0194582332889327,22.0,0.9565217391304348,0.0001485249475773
collapsed_equivalence,random_interpolation,,random_2028,2028,mlp,ringdown_plus_photon_geometry,wq,23,0.0095889411488607,0.0365292996147075,22.0,0.9565217391304348,0.0249720392225401
collapsed_equivalence,random_interpolation,,random_2028,2028,hgb,ringdown_plus_all_shooting,k,23,0.0001679780682517,0.0671912273007069,20.0,0.8695652173913043,0.0003285526165706
collapsed_equivalence,random_interpolation,,random_2028,2028,hgb,ringdown_plus_all_shooting,wq,23,0.0123519977295415,0.0470552294458725,22.0,0.9565217391304348,0.0267224216259485
collapsed_equivalence,random_interpolation,,random_2028,2028,random_forest,ringdown_plus_all_shooting,k,23,9.022483178053854e-05,0.0360899327122154,16.0,0.6956521739130435,0.000158115079365
collapsed_equivalence,random_interpolation,,random_2028,2028,random_forest,ringdown_plus_all_shooting,wq,23,0.0106672640614217,0.0406371964244637,22.0,0.9565217391304348,0.0211245039682541
collapsed_equivalence,random_interpolation,,random_2028,2028,mlp,ringdown_plus_all_shooting,k,23,3.928088798006583e-05,0.0157123551920263,20.0,0.8695652173913043,8.614496680073671e-05
collapsed_equivalence,random_interpolation,,random_2028,2028,mlp,ringdown_plus_all_shooting,wq,23,0.0362162226274228,0.1379665623901822,22.0,0.9565217391304348,0.0972625087047343
collapsed_equivalence,random_interpolation,,random_2029,2029,hgb,ringdown,k,23,0.0001504288165918,0.0601715266367445,23.0,1.0,0.0003844713101074
collapsed_equivalence,random_interpolation,,random_2029,2029,hgb,ringdown,wq,23,0.0476682754934959,0.1815934304514132,23.0,1.0,0.1233453910933746
collapsed_equivalence,random_interpolation,,random_2029,2029,random_forest,ringdown,k,23,0.0001007455572808,0.0402982229123534,21.0,0.9130434782608696,0.0002522511574074
collapsed_equivalence,random_interpolation,,random_2029,2029,random_forest,ringdown,wq,23,0.0340423666007904,0.1296852060982494,23.0,1.0,0.0903478505291006
collapsed_equivalence,random_interpolation,,random_2029,2029,mlp,ringdown,k,23,3.5987390247375504e-05,0.0143949560989502,22.0,0.9565217391304348,0.000110809143484
collapsed_equivalence,random_interpolation,,random_2029,2029,mlp,ringdown,wq,23,0.0040680069095748,0.0154971691793327,23.0,1.0,0.0501277113321657
collapsed_equivalence,random_interpolation,,random_2029,2029,hgb,photon_geometry,k,23,0.0003632419631946,0.1452967852778659,23.0,1.0,0.0010294037478098
collapsed_equivalence,random_interpolation,,random_2029,2029,hgb,photon_geometry,wq,23,0.0274455963825448,0.1045546528858853,19.0,0.8260869565217391,0.0440580509384727
collapsed_equivalence,random_interpolation,,random_2029,2029,random_forest,photon_geometry,k,23,0.0002850797670023,0.1140319068009285,20.0,0.8695652173913043,0.0005960458002645
collapsed_equivalence,random_interpolation,,random_2029,2029,random_forest,photon_geometry,wq,23,0.0171431721349974,0.0653073224190378,20.0,0.8695652173913043,0.0314004960317459
collapsed_equivalence,random_interpolation,,random_2029,2029,mlp,photon_geometry,k,23,8.569771879806778e-05,0.0342790875192271,23.0,1.0,0.0094086789732832
collapsed_equivalence,random_interpolation,,random_2029,2029,mlp,photon_geometry,wq,23,0.0193745500965782,0.0738078098917266,23.0,1.0,2.383000706913305
collapsed_equivalence,random_interpolation,,random_2029,2029,hgb,all_shooting,k,23,0.0002605179700921,0.1042071880368724,23.0,1.0,0.0007603977910804
collapsed_equivalence,random_interpolation,,random_2029,2029,hgb,all_shooting,wq,23,0.0152191592681919,0.057977749593112,23.0,1.0,0.0728846833897677
collapsed_equivalence,random_interpolation,,random_2029,2029,random_forest,all_shooting,k,23,0.0001782895171957,0.0713158068783069,23.0,1.0,0.0007657490079365
collapsed_equivalence,random_interpolation,,random_2029,2029,random_forest,all_shooting,wq,23,0.0085997419197149,0.0327609215989141,23.0,1.0,0.0970791666666669
collapsed_equivalence,random_interpolation,,random_2029,2029,mlp,all_shooting,k,23,0.0001060490617452,0.042419624698118,23.0,1.0,0.0040600345163974
collapsed_equivalence,random_interpolation,,random_2029,2029,mlp,all_shooting,wq,23,0.0192971477039789,0.0735129436342056,23.0,1.0,1.7914739674433218
collapsed_equivalence,random_interpolation,,random_2029,2029,hgb,ringdown_plus_photon_geometry,k,23,0.0001463282009158,0.0585312803663406,23.0,1.0,0.0004877560691624
collapsed_equivalence,random_interpolation,,random_2029,2029,hgb,ringdown_plus_photon_geometry,wq,23,0.0203986535649096,0.0777091564377511,22.0,0.9565217391304348,0.0582146209089178
collapsed_equivalence,random_interpolation,,random_2029,2029,random_forest,ringdown_plus_photon_geometry,k,23,9.851384575569376e-05,0.0394055383022775,20.0,0.8695652173913043,0.0002466236772486
collapsed_equivalence,random_interpolation,,random_2029,2029,random_forest,ringdown_plus_photon_geometry,wq,23,0.0172670757131356,0.0657793360500404,23.0,1.0,0.0498437334656083
collapsed_equivalence,random_interpolation,,random_2029,2029,mlp,ringdown_plus_photon_geometry,k,23,5.2128567491490336e-05,0.0208514269965961,23.0,1.0,0.0018383189730455
collapsed_equivalence,random_interpolation,,random_2029,2029,mlp,ringdown_plus_photon_geometry,wq,23,0.0094639042501487,0.0360529685719953,23.0,1.0,1.8489292667449733
collapsed_equivalence,random_interpolation,,random_2029,2029,hgb,ringdown_plus_all_shooting,k,23,0.0001404501461867,0.0561800584746906,23.0,1.0,0.0005957488198212
collapsed_equivalence,random_interpolation,,random_2029,2029,hgb,ringdown_plus_all_shooting,wq,23,0.0152283947816416,0.0580129325014918,23.0,1.0,0.0727402032699845
collapsed_equivalence,random_interpolation,,random_2029,2029,random_forest,ringdown_plus_all_shooting,k,23,9.62288647342997e-05,0.0384915458937198,20.0,0.8695652173913043,0.0002436226851851
collapsed_equivalence,random_interpolation,,random_2029,2029,random_forest,ringdown_plus_all_shooting,wq,23,0.0085420239533012,0.0325410436316238,23.0,1.0,0.0944854166666669
collapsed_equivalence,random_interpolation,,random_2029,2029,mlp,ringdown_plus_all_shooting,k,23,9.901558495996858e-05,0.0396062339839874,23.0,1.0,0.0092177286495191
collapsed_equivalence,random_interpolation,,random_2029,2029,mlp,ringdown_plus_all_shooting,wq,23,0.0277684944814301,0.1057847408816387,23.0,1.0,4.401914878659353
collapsed_equivalence,random_interpolation,,random_2030,2030,hgb,ringdown,k,22,0.0001695818205074,0.0678327282029645,17.0,0.7727272727272727,0.0002977559572332
collapsed_equivalence,random_interpolation,,random_2030,2030,hgb,ringdown,wq,22,0.0476872705283073,0.1816657924887897,22.0,1.0,0.1364538744035462
collapsed_equivalence,random_interpolation,,random_2030,2030,random_forest,ringdown,k,22,0.0001051476070226,0.0420590428090428,22.0,1.0,0.0003310416666666
collapsed_equivalence,random_interpolation,,random_2030,2030,random_forest,ringdown,wq,22,0.0403237907119535,0.1536144408074422,22.0,1.0,0.1358792658730156
collapsed_equivalence,random_interpolation,,random_2030,2030,mlp,ringdown,k,22,0.0002117652178103,0.0847060871241332,22.0,1.0,0.0007129314286242
collapsed_equivalence,random_interpolation,,random_2030,2030,mlp,ringdown,wq,22,0.0157702806875162,0.0600772597619665,22.0,1.0,0.1081756238068779
collapsed_equivalence,random_interpolation,,random_2030,2030,hgb,photon_geometry,k,22,0.0003839351759584,0.153574070383394,15.0,0.6818181818181818,0.0005682090644668
collapsed_equivalence,random_interpolation,,random_2030,2030,hgb,photon_geometry,wq,22,0.0270156465441953,0.1029167487397917,20.0,0.9090909090909092,0.0589421747841906
collapsed_equivalence,random_interpolation,,random_2030,2030,random_forest,photon_geometry,k,22,0.0003661623677248,0.1464649470899472,15.0,0.6818181818181818,0.0004990054563492
collapsed_equivalence,random_interpolation,,random_2030,2030,random_forest,photon_geometry,wq,22,0.0221946664061247,0.0845511101185706,21.0,0.9545454545454546,0.057168551587302
collapsed_equivalence,random_interpolation,,random_2030,2030,mlp,photon_geometry,k,22,0.0007164046255737,0.2865618502295117,20.0,0.9090909090909092,0.0013034800244809
collapsed_equivalence,random_interpolation,,random_2030,2030,mlp,photon_geometry,wq,22,0.0124521744984011,0.0474368552320042,22.0,1.0,0.0740410981274898
collapsed_equivalence,random_interpolation,,random_2030,2030,hgb,all_shooting,k,22,0.000277689710887,0.1110758843548359,15.0,0.6818181818181818,0.0004506691276163
collapsed_equivalence,random_interpolation,,random_2030,2030,hgb,all_shooting,wq,22,0.0169290244859515,0.0644915218512439,22.0,1.0,0.0628521129605773
collapsed_equivalence,random_interpolation,,random_2030,2030,random_forest,all_shooting,k,22,0.0001963901392168,0.0785560556867373,22.0,1.0,0.0004956894841269
collapsed_equivalence,random_interpolation,,random_2030,2030,random_forest,all_shooting,wq,22,0.0105350078162579,0.040133363109554,22.0,1.0,0.0377708333333335
collapsed_equivalence,random_interpolation,,random_2030,2030,mlp,all_shooting,k,22,4.4631135126327865e-05,0.0178524540505311,22.0,1.0,0.0001349043723201
collapsed_equivalence,random_interpolation,,random_2030,2030,mlp,all_shooting,wq,22,0.0118721811877017,0.0452273569055306,22.0,1.0,0.0723838610511309
collapsed_equivalence,random_interpolation,,random_2030,2030,hgb,ringdown_plus_photon_geometry,k,22,0.0001738592123042,0.0695436849217093,17.0,0.7727272727272727,0.0003580425090802
collapsed_equivalence,random_interpolation,,random_2030,2030,hgb,ringdown_plus_photon_geometry,wq,22,0.0204057176011241,0.0777360670519016,22.0,1.0,0.0660927704063615
collapsed_equivalence,random_interpolation,,random_2030,2030,random_forest,ringdown_plus_photon_geometry,k,22,0.0001052900658369,0.0421160263347763,22.0,1.0,0.0002942361111111
collapsed_equivalence,random_interpolation,,random_2030,2030,random_forest,ringdown_plus_photon_geometry,wq,22,0.02068303671637,0.0787925208242669,21.0,0.9545454545454546,0.0552583333333338
collapsed_equivalence,random_interpolation,,random_2030,2030,mlp,ringdown_plus_photon_geometry,k,22,5.758279638881608e-05,0.0230331185555264,16.0,0.7272727272727273,6.842898242676856e-05
collapsed_equivalence,random_interpolation,,random_2030,2030,mlp,ringdown_plus_photon_geometry,wq,22,0.026803254291813,0.102107635397383,21.0,0.9545454545454546,0.0887311426333167
collapsed_equivalence,random_interpolation,,random_2030,2030,hgb,ringdown_plus_all_shooting,k,22,0.000177546378364,0.071018551345612,17.0,0.7727272727272727,0.0002884273680225
collapsed_equivalence,random_interpolation,,random_2030,2030,hgb,ringdown_plus_all_shooting,wq,22,0.017522083449738,0.06675079409424,22.0,1.0,0.0639503539759412
collapsed_equivalence,random_interpolation,,random_2030,2030,random_forest,ringdown_plus_all_shooting,k,22,0.0001055449585137,0.0422179834054834,22.0,1.0,0.0002743749999999
collapsed_equivalence,random_interpolation,,random_2030,2030,random_forest,ringdown_plus_all_shooting,wq,22,0.010687690897066,0.0407150129412038,22.0,1.0,0.0383263888888892
collapsed_equivalence,random_interpolation,,random_2030,2030,mlp,ringdown_plus_all_shooting,k,22,8.255259026212419e-05,0.0330210361048496,18.0,0.8181818181818182,0.0001216977590654
collapsed_equivalence,random_interpolation,,random_2030,2030,mlp,ringdown_plus_all_shooting,wq,22,0.0151355265237383,0.0576591486618605,22.0,1.0,0.0892829671734155
collapsed_equivalence,directional_extrapolation,high_k_to_low_k,high_k_to_low_k,2026,nearest_physical,ringdown,k,23,0.000391304347826,0.1565217391304348,,,
collapsed_equivalence,directional_extrapolation,high_k_to_low_k,high_k_to_low_k,2026,nearest_physical,ringdown,wq,22,0.1078787878787879,0.410966810966811,,,
collapsed_equivalence,directional_extrapolation,high_k_to_low_k,high_k_to_low_k,2026,nearest_physical,ringdown_plus_photon_geometry,k,23,0.000391304347826,0.1565217391304348,,,
collapsed_equivalence,directional_extrapolation,high_k_to_low_k,high_k_to_low_k,2026,nearest_physical,ringdown_plus_photon_geometry,wq,22,0.0603030303030303,0.2297258297258297,,,
collapsed_equivalence,directional_extrapolation,high_k_to_low_k,high_k_to_low_k,2027,nearest_physical,ringdown,k,23,0.000391304347826,0.1565217391304348,,,
collapsed_equivalence,directional_extrapolation,high_k_to_low_k,high_k_to_low_k,2027,nearest_physical,ringdown,wq,22,0.126060606060606,0.4802308802308801,,,
collapsed_equivalence,directional_extrapolation,high_k_to_low_k,high_k_to_low_k,2027,nearest_physical,ringdown_plus_photon_geometry,k,23,0.000391304347826,0.1565217391304348,,,
collapsed_equivalence,directional_extrapolation,high_k_to_low_k,high_k_to_low_k,2027,nearest_physical,ringdown_plus_photon_geometry,wq,22,0.0693181818181818,0.264069264069264,,,
collapsed_equivalence,directional_extrapolation,high_k_to_low_k,high_k_to_low_k,2028,nearest_physical,ringdown,k,23,0.000391304347826,0.1565217391304348,,,
collapsed_equivalence,directional_extrapolation,high_k_to_low_k,high_k_to_low_k,2028,nearest_physical,ringdown,wq,22,0.1249242424242424,0.4759018759018758,,,
collapsed_equivalence,directional_extrapolation,high_k_to_low_k,high_k_to_low_k,2028,nearest_physical,ringdown_plus_photon_geometry,k,23,0.000391304347826,0.1565217391304348,,,
collapsed_equivalence,directional_extrapolation,high_k_to_low_k,high_k_to_low_k,2028,nearest_physical,ringdown_plus_photon_geometry,wq,22,0.0646212121212121,0.2461760461760461,,,
collapsed_equivalence,directional_extrapolation,high_k_to_low_k,high_k_to_low_k,2029,nearest_physical,ringdown,k,23,0.000391304347826,0.1565217391304348,,,
collapsed_equivalence,directional_extrapolation,high_k_to_low_k,high_k_to_low_k,2029,nearest_physical,ringdown,wq,22,0.1090151515151515,0.4152958152958153,,,
collapsed_equivalence,directional_extrapolation,high_k_to_low_k,high_k_to_low_k,2029,nearest_physical,ringdown_plus_photon_geometry,k,23,0.000391304347826,0.1565217391304348,,,
collapsed_equivalence,directional_extrapolation,high_k_to_low_k,high_k_to_low_k,2029,nearest_physical,ringdown_plus_photon_geometry,wq,22,0.0637121212121212,0.2427128427128428,,,
collapsed_equivalence,directional_extrapolation,high_k_to_low_k,high_k_to_low_k,2030,nearest_physical,ringdown,k,23,0.000391304347826,0.1565217391304348,,,
collapsed_equivalence,directional_extrapolation,high_k_to_low_k,high_k_to_low_k,2030,nearest_physical,ringdown,wq,22,0.1249242424242424,0.4759018759018757,,,
collapsed_equivalence,directional_extrapolation,high_k_to_low_k,high_k_to_low_k,2030,nearest_physical,ringdown_plus_photon_geometry,k,23,0.000391304347826,0.1565217391304348,,,
collapsed_equivalence,directional_extrapolation,high_k_to_low_k,high_k_to_low_k,2030,nearest_physical,ringdown_plus_photon_geometry,wq,22,0.0739393939393939,0.2816738816738816,,,
collapsed_equivalence,directional_extrapolation,high_wq_to_low_wq,high_wq_to_low_wq,2026,nearest_physical,ringdown,k,30,0.0001166666666666,0.0466666666666666,,,
collapsed_equivalence,directional_extrapolation,high_wq_to_low_wq,high_wq_to_low_wq,2026,nearest_physical,ringdown,wq,30,0.0615555555555555,0.2344973544973543,,,
collapsed_equivalence,directional_extrapolation,high_wq_to_low_wq,high_wq_to_low_wq,2026,nearest_physical,ringdown_plus_photon_geometry,k,30,0.00055,0.22,,,
collapsed_equivalence,directional_extrapolation,high_wq_to_low_wq,high_wq_to_low_wq,2026,nearest_physical,ringdown_plus_photon_geometry,wq,30,0.0517222222222221,0.1970370370370369,,,
collapsed_equivalence,directional_extrapolation,high_wq_to_low_wq,high_wq_to_low_wq,2027,nearest_physical,ringdown,k,30,0.0001083333333333,0.0433333333333333,,,
collapsed_equivalence,directional_extrapolation,high_wq_to_low_wq,high_wq_to_low_wq,2027,nearest_physical,ringdown,wq,30,0.0567222222222221,0.2160846560846559,,,
collapsed_equivalence,directional_extrapolation,high_wq_to_low_wq,high_wq_to_low_wq,2027,nearest_physical,ringdown_plus_photon_geometry,k,30,0.0005333333333333,0.2133333333333333,,,
collapsed_equivalence,directional_extrapolation,high_wq_to_low_wq,high_wq_to_low_wq,2027,nearest_physical,ringdown_plus_photon_geometry,wq,30,0.0497222222222221,0.1894179894179893,,,
collapsed_equivalence,directional_extrapolation,high_wq_to_low_wq,high_wq_to_low_wq,2028,nearest_physical,ringdown,k,30,0.000125,0.05,,,
collapsed_equivalence,directional_extrapolation,high_wq_to_low_wq,high_wq_to_low_wq,2028,nearest_physical,ringdown,wq,30,0.0567222222222221,0.2160846560846559,,,
collapsed_equivalence,directional_extrapolation,high_wq_to_low_wq,high_wq_to_low_wq,2028,nearest_physical,ringdown_plus_photon_geometry,k,30,0.000575,0.23,,,
collapsed_equivalence,directional_extrapolation,high_wq_to_low_wq,high_wq_to_low_wq,2028,nearest_physical,ringdown_plus_photon_geometry,wq,30,0.0507222222222221,0.193227513227513,,,
collapsed_equivalence,directional_extrapolation,high_wq_to_low_wq,high_wq_to_low_wq,2029,nearest_physical,ringdown,k,30,0.0001166666666666,0.0466666666666666,,,
collapsed_equivalence,directional_extrapolation,high_wq_to_low_wq,high_wq_to_low_wq,2029,nearest_physical,ringdown,wq,30,0.0567222222222221,0.2160846560846559,,,
collapsed_equivalence,directional_extrapolation,high_wq_to_low_wq,high_wq_to_low_wq,2029,nearest_physical,ringdown_plus_photon_geometry,k,30,0.0005583333333333,0.2233333333333333,,,
collapsed_equivalence,directional_extrapolation,high_wq_to_low_wq,high_wq_to_low_wq,2029,nearest_physical,ringdown_plus_photon_geometry,wq,30,0.0517222222222221,0.1970370370370369,,,
collapsed_equivalence,directional_extrapolation,high_wq_to_low_wq,high_wq_to_low_wq,2030,nearest_physical,ringdown,k,30,0.0001,0.04,,,
collapsed_equivalence,directional_extrapolation,high_wq_to_low_wq,high_wq_to_low_wq,2030,nearest_physical,ringdown,wq,30,0.0637222222222222,0.2427513227513226,,,
collapsed_equivalence,directional_extrapolation,high_wq_to_low_wq,high_wq_to_low_wq,2030,nearest_physical,ringdown_plus_photon_geometry,k,30,0.0004583333333333,0.1833333333333333,,,
collapsed_equivalence,directional_extrapolation,high_wq_to_low_wq,high_wq_to_low_wq,2030,nearest_physical,ringdown_plus_photon_geometry,wq,30,0.0507222222222221,0.193227513227513,,,
collapsed_equivalence,directional_extrapolation,low_k_to_high_k,low_k_to_high_k,2026,nearest_physical,ringdown,k,33,0.0005,0.2,,,
collapsed_equivalence,directional_extrapolation,low_k_to_high_k,low_k_to_high_k,2026,nearest_physical,ringdown,wq,33,0.0693181818181818,0.264069264069264,,,
collapsed_equivalence,directional_extrapolation,low_k_to_high_k,low_k_to_high_k,2026,nearest_physical,ringdown_plus_photon_geometry,k,33,0.0005151515151515,0.206060606060606,,,
collapsed_equivalence,directional_extrapolation,low_k_to_high_k,low_k_to_high_k,2026,nearest_physical,ringdown_plus_photon_geometry,wq,33,0.0233585858585858,0.088985088985089,,,
collapsed_equivalence,directional_extrapolation,low_k_to_high_k,low_k_to_high_k,2027,nearest_physical,ringdown,k,33,0.0005,0.2,,,
collapsed_equivalence,directional_extrapolation,low_k_to_high_k,low_k_to_high_k,2027,nearest_physical,ringdown,wq,33,0.0652272727272727,0.2484848484848484,,,
collapsed_equivalence,directional_extrapolation,low_k_to_high_k,low_k_to_high_k,2027,nearest_physical,ringdown_plus_photon_geometry,k,33,0.000560606060606,0.2242424242424242,,,
collapsed_equivalence,directional_extrapolation,low_k_to_high_k,low_k_to_high_k,2027,nearest_physical,ringdown_plus_photon_geometry,wq,33,0.024040404040404,0.0915824915824916,,,
collapsed_equivalence,directional_extrapolation,low_k_to_high_k,low_k_to_high_k,2028,nearest_physical,ringdown,k,33,0.0005,0.2,,,
collapsed_equivalence,directional_extrapolation,low_k_to_high_k,low_k_to_high_k,2028,nearest_physical,ringdown,wq,33,0.0671969696969696,0.2559884559884559,,,
collapsed_equivalence,directional_extrapolation,low_k_to_high_k,low_k_to_high_k,2028,nearest_physical,ringdown_plus_photon_geometry,k,33,0.000530303030303,0.2121212121212121,,,
collapsed_equivalence,directional_extrapolation,low_k_to_high_k,low_k_to_high_k,2028,nearest_physical,ringdown_plus_photon_geometry,wq,33,0.021540404040404,0.082058682058682,,,
collapsed_equivalence,directional_extrapolation,low_k_to_high_k,low_k_to_high_k,2029,nearest_physical,ringdown,k,33,0.0005,0.2,,,
collapsed_equivalence,directional_extrapolation,low_k_to_high_k,low_k_to_high_k,2029,nearest_physical,ringdown,wq,33,0.0684090909090909,0.2606060606060605,,,
collapsed_equivalence,directional_extrapolation,low_k_to_high_k,low_k_to_high_k,2029,nearest_physical,ringdown_plus_photon_geometry,k,33,0.0005227272727272,0.209090909090909,,,
collapsed_equivalence,directional_extrapolation,low_k_to_high_k,low_k_to_high_k,2029,nearest_physical,ringdown_plus_photon_geometry,wq,33,0.0219949494949494,0.0837902837902837,,,
collapsed_equivalence,directional_extrapolation,low_k_to_high_k,low_k_to_high_k,2030,nearest_physical,ringdown,k,33,0.0005,0.2,,,
collapsed_equivalence,directional_extrapolation,low_k_to_high_k,low_k_to_high_k,2030,nearest_physical,ringdown,wq,33,0.0692676767676767,0.2638768638768638,,,
collapsed_equivalence,directional_extrapolation,low_k_to_high_k,low_k_to_high_k,2030,nearest_physical,ringdown_plus_photon_geometry,k,33,0.000530303030303,0.2121212121212121,,,
collapsed_equivalence,directional_extrapolation,low_k_to_high_k,low_k_to_high_k,2030,nearest_physical,ringdown_plus_photon_geometry,wq,33,0.0228030303030303,0.0868686868686868,,,
collapsed_equivalence,directional_extrapolation,low_wq_to_high_wq,low_wq_to_high_wq,2026,nearest_physical,ringdown,k,30,0.00015,0.06,,,
collapsed_equivalence,directional_extrapolation,low_wq_to_high_wq,low_wq_to_high_wq,2026,nearest_physical,ringdown,wq,30,0.07,0.2666666666666667,,,
collapsed_equivalence,directional_extrapolation,low_wq_to_high_wq,low_wq_to_high_wq,2026,nearest_physical,ringdown_plus_photon_geometry,k,30,0.0002083333333333,0.0833333333333333,,,
collapsed_equivalence,directional_extrapolation,low_wq_to_high_wq,low_wq_to_high_wq,2026,nearest_physical,ringdown_plus_photon_geometry,wq,30,0.055,0.2095238095238096,,,
collapsed_equivalence,directional_extrapolation,low_wq_to_high_wq,low_wq_to_high_wq,2027,nearest_physical,ringdown,k,30,0.000125,0.05,,,
collapsed_equivalence,directional_extrapolation,low_wq_to_high_wq,low_wq_to_high_wq,2027,nearest_physical,ringdown,wq,30,0.055,0.2095238095238096,,,
collapsed_equivalence,directional_extrapolation,low_wq_to_high_wq,low_wq_to_high_wq,2027,nearest_physical,ringdown_plus_photon_geometry,k,30,0.0001749999999999,0.0699999999999999,,,
collapsed_equivalence,directional_extrapolation,low_wq_to_high_wq,low_wq_to_high_wq,2027,nearest_physical,ringdown_plus_photon_geometry,wq,30,0.05,0.1904761904761905,,,
collapsed_equivalence,directional_extrapolation,low_wq_to_high_wq,low_wq_to_high_wq,2028,nearest_physical,ringdown,k,30,0.0001416666666666,0.0566666666666666,,,
collapsed_equivalence,directional_extrapolation,low_wq_to_high_wq,low_wq_to_high_wq,2028,nearest_physical,ringdown,wq,30,0.0676666666666667,0.2577777777777779,,,
collapsed_equivalence,directional_extrapolation,low_wq_to_high_wq,low_wq_to_high_wq,2028,nearest_physical,ringdown_plus_photon_geometry,k,30,0.0002,0.08,,,
collapsed_equivalence,directional_extrapolation,low_wq_to_high_wq,low_wq_to_high_wq,2028,nearest_physical,ringdown_plus_photon_geometry,wq,30,0.0595,0.2266666666666667,,,
collapsed_equivalence,directional_extrapolation,low_wq_to_high_wq,low_wq_to_high_wq,2029,nearest_physical,ringdown,k,30,0.0001333333333333,0.0533333333333333,,,
collapsed_equivalence,directional_extrapolation,low_wq_to_high_wq,low_wq_to_high_wq,2029,nearest_physical,ringdown,wq,30,0.0576666666666666,0.2196825396825397,,,
collapsed_equivalence,directional_extrapolation,low_wq_to_high_wq,low_wq_to_high_wq,2029,nearest_physical,ringdown_plus_photon_geometry,k,30,0.0001916666666666,0.0766666666666666,,,
collapsed_equivalence,directional_extrapolation,low_wq_to_high_wq,low_wq_to_high_wq,2029,nearest_physical,ringdown_plus_photon_geometry,wq,30,0.05,0.1904761904761905,,,
collapsed_equivalence,directional_extrapolation,low_wq_to_high_wq,low_wq_to_high_wq,2030,nearest_physical,ringdown,k,30,0.0001583333333333,0.0633333333333333,,,
collapsed_equivalence,directional_extrapolation,low_wq_to_high_wq,low_wq_to_high_wq,2030,nearest_physical,ringdown,wq,30,0.0638333333333333,0.2431746031746033,,,
collapsed_equivalence,directional_extrapolation,low_wq_to_high_wq,low_wq_to_high_wq,2030,nearest_physical,ringdown_plus_photon_geometry,k,30,0.0002083333333333,0.0833333333333333,,,
collapsed_equivalence,directional_extrapolation,low_wq_to_high_wq,low_wq_to_high_wq,2030,nearest_physical,ringdown_plus_photon_geometry,wq,30,0.0516666666666666,0.1968253968253969,,,
collapsed_equivalence,grouped_physical_interpolation,,blocks_3x3_g0,2026,nearest_physical,ringdown,k,12,2.0833333333333333e-05,0.0083333333333333,,,
collapsed_equivalence,grouped_physical_interpolation,,blocks_3x3_g0,2026,nearest_physical,ringdown,wq,12,0.0672916666666666,0.2563492063492063,,,
collapsed_equivalence,grouped_physical_interpolation,,blocks_3x3_g0,2026,nearest_physical,ringdown_plus_photon_geometry,k,12,0.0002708333333333,0.1083333333333333,,,
collapsed_equivalence,grouped_physical_interpolation,,blocks_3x3_g0,2026,nearest_physical,ringdown_plus_photon_geometry,wq,12,0.0511805555555555,0.194973544973545,,,
collapsed_equivalence,grouped_physical_interpolation,,blocks_3x3_g0,2027,nearest_physical,ringdown,k,12,2.0833333333333333e-05,0.0083333333333333,,,
collapsed_equivalence,grouped_physical_interpolation,,blocks_3x3_g0,2027,nearest_physical,ringdown,wq,12,0.0672916666666666,0.2563492063492063,,,
collapsed_equivalence,grouped_physical_interpolation,,blocks_3x3_g0,2027,nearest_physical,ringdown_plus_photon_geometry,k,12,0.0002291666666666,0.0916666666666666,,,
collapsed_equivalence,grouped_physical_interpolation,,blocks_3x3_g0,2027,nearest_physical,ringdown_plus_photon_geometry,wq,12,0.0461805555555555,0.1759259259259259,,,
collapsed_equivalence,grouped_physical_interpolation,,blocks_3x3_g0,2028,nearest_physical,ringdown,k,12,4.1666666666666665e-05,0.0166666666666666,,,
collapsed_equivalence,grouped_physical_interpolation,,blocks_3x3_g0,2028,nearest_physical,ringdown,wq,12,0.0772916666666666,0.2944444444444444,,,
collapsed_equivalence,grouped_physical_interpolation,,blocks_3x3_g0,2028,nearest_physical,ringdown_plus_photon_geometry,k,12,0.0002083333333333,0.0833333333333333,,,
collapsed_equivalence,grouped_physical_interpolation,,blocks_3x3_g0,2028,nearest_physical,ringdown_plus_photon_geometry,wq,12,0.0464583333333333,0.176984126984127,,,
collapsed_equivalence,grouped_physical_interpolation,,blocks_3x3_g0,2029,nearest_physical,ringdown,k,12,2.0833333333333333e-05,0.0083333333333333,,,
collapsed_equivalence,grouped_physical_interpolation,,blocks_3x3_g0,2029,nearest_physical,ringdown,wq,12,0.0797916666666666,0.303968253968254,,,
collapsed_equivalence,grouped_physical_interpolation,,blocks_3x3_g0,2029,nearest_physical,ringdown_plus_photon_geometry,k,12,0.00025,0.1,,,
collapsed_equivalence,grouped_physical_interpolation,,blocks_3x3_g0,2029,nearest_physical,ringdown_plus_photon_geometry,wq,12,0.0536805555555555,0.2044973544973545,,,
collapsed_equivalence,grouped_physical_interpolation,,blocks_3x3_g0,2030,nearest_physical,ringdown,k,12,8.333333333333333e-05,0.0333333333333333,,,
collapsed_equivalence,grouped_physical_interpolation,,blocks_3x3_g0,2030,nearest_physical,ringdown,wq,12,0.091875,0.35,,,
collapsed_equivalence,grouped_physical_interpolation,,blocks_3x3_g0,2030,nearest_physical,ringdown_plus_photon_geometry,k,12,0.0003333333333333,0.1333333333333333,,,
collapsed_equivalence,grouped_physical_interpolation,,blocks_3x3_g0,2030,nearest_physical,ringdown_plus_photon_geometry,wq,12,0.060625,0.230952380952381,,,
collapsed_equivalence,grouped_physical_interpolation,,blocks_3x3_g1,2026,nearest_physical,ringdown,k,12,2.0833333333333333e-05,0.0083333333333333,,,
collapsed_equivalence,grouped_physical_interpolation,,blocks_3x3_g1,2026,nearest_physical,ringdown,wq,12,0.0509722222222222,0.1941798941798942,,,
collapsed_equivalence,grouped_physical_interpolation,,blocks_3x3_g1,2026,nearest_physical,ringdown_plus_photon_geometry,k,12,6.25e-05,0.025,,,
collapsed_equivalence,grouped_physical_interpolation,,blocks_3x3_g1,2026,nearest_physical,ringdown_plus_photon_geometry,wq,12,0.0508333333333333,0.1936507936507936,,,
collapsed_equivalence,grouped_physical_interpolation,,blocks_3x3_g1,2027,nearest_physical,ringdown,k,12,0.0,0.0,,,
collapsed_equivalence,grouped_physical_interpolation,,blocks_3x3_g1,2027,nearest_physical,ringdown,wq,12,0.0454166666666667,0.1730158730158731,,,
collapsed_equivalence,grouped_physical_interpolation,,blocks_3x3_g1,2027,nearest_physical,ringdown_plus_photon_geometry,k,12,6.25e-05,0.025,,,
collapsed_equivalence,grouped_physical_interpolation,,blocks_3x3_g1,2027,nearest_physical,ringdown_plus_photon_geometry,wq,12,0.04625,0.1761904761904762,,,
collapsed_equivalence,grouped_physical_interpolation,,blocks_3x3_g1,2028,nearest_physical,ringdown,k,12,2.0833333333333333e-05,0.0083333333333333,,,
collapsed_equivalence,grouped_physical_interpolation,,blocks_3x3_g1,2028,nearest_physical,ringdown,wq,12,0.0470833333333333,0.1793650793650794,,,
collapsed_equivalence,grouped_physical_interpolation,,blocks_3x3_g1,2028,nearest_physical,ringdown_plus_photon_geometry,k,12,6.25e-05,0.025,,,
collapsed_equivalence,grouped_physical_interpolation,,blocks_3x3_g1,2028,nearest_physical,ringdown_plus_photon_geometry,wq,12,0.0420833333333333,0.1603174603174603,,,
collapsed_equivalence,grouped_physical_interpolation,,blocks_3x3_g1,2029,nearest_physical,ringdown,k,12,4.1666666666666665e-05,0.0166666666666666,,,
collapsed_equivalence,grouped_physical_interpolation,,blocks_3x3_g1,2029,nearest_physical,ringdown,wq,12,0.0533333333333333,0.2031746031746032,,,
collapsed_equivalence,grouped_physical_interpolation,,blocks_3x3_g1,2029,nearest_physical,ringdown_plus_photon_geometry,k,12,6.25e-05,0.025,,,
collapsed_equivalence,grouped_physical_interpolation,,blocks_3x3_g1,2029,nearest_physical,ringdown_plus_photon_geometry,wq,12,0.0441666666666666,0.1682539682539683,,,
collapsed_equivalence,grouped_physical_interpolation,,blocks_3x3_g1,2030,nearest_physical,ringdown,k,12,4.1666666666666665e-05,0.0166666666666666,,,
collapsed_equivalence,grouped_physical_interpolation,,blocks_3x3_g1,2030,nearest_physical,ringdown,wq,12,0.0575,0.2190476190476191,,,
collapsed_equivalence,grouped_physical_interpolation,,blocks_3x3_g1,2030,nearest_physical,ringdown_plus_photon_geometry,k,12,8.333333333333333e-05,0.0333333333333333,,,
collapsed_equivalence,grouped_physical_interpolation,,blocks_3x3_g1,2030,nearest_physical,ringdown_plus_photon_geometry,wq,12,0.0504166666666666,0.1920634920634921,,,
collapsed_equivalence,grouped_physical_interpolation,,blocks_3x3_g2,2026,nearest_physical,ringdown,k,9,0.0,0.0,,,
collapsed_equivalence,grouped_physical_interpolation,,blocks_3x3_g2,2026,nearest_physical,ringdown,wq,9,0.05,0.1904761904761905,,,
collapsed_equivalence,grouped_physical_interpolation,,blocks_3x3_g2,2026,nearest_physical,ringdown_plus_photon_geometry,k,9,2.777777777777778e-05,0.0111111111111111,,,
collapsed_equivalence,grouped_physical_interpolation,,blocks_3x3_g2,2026,nearest_physical,ringdown_plus_photon_geometry,wq,9,0.05,0.1904761904761905,,,
collapsed_equivalence,grouped_physical_interpolation,,blocks_3x3_g2,2027,nearest_physical,ringdown,k,9,0.0,0.0,,,
collapsed_equivalence,grouped_physical_interpolation,,blocks_3x3_g2,2027,nearest_physical,ringdown,wq,9,0.05,0.1904761904761905,,,
collapsed_equivalence,grouped_physical_interpolation,,blocks_3x3_g2,2027,nearest_physical,ringdown_plus_photon_geometry,k,9,2.777777777777778e-05,0.0111111111111111,,,
collapsed_equivalence,grouped_physical_interpolation,,blocks_3x3_g2,2027,nearest_physical,ringdown_plus_photon_geometry,wq,9,0.05,0.1904761904761905,,,
collapsed_equivalence,grouped_physical_interpolation,,blocks_3x3_g2,2028,nearest_physical,ringdown,k,9,2.777777777777778e-05,0.0111111111111111,,,
collapsed_equivalence,grouped_physical_interpolation,,blocks_3x3_g2,2028,nearest_physical,ringdown,wq,9,0.0733333333333333,0.2793650793650795,,,
collapsed_equivalence,grouped_physical_interpolation,,blocks_3x3_g2,2028,nearest_physical,ringdown_plus_photon_geometry,k,9,0.0001111111111111,0.0444444444444444,,,
collapsed_equivalence,grouped_physical_interpolation,,blocks_3x3_g2,2028,nearest_physical,ringdown_plus_photon_geometry,wq,9,0.0611111111111111,0.2328042328042329,,,
collapsed_equivalence,grouped_physical_interpolation,,blocks_3x3_g2,2029,nearest_physical,ringdown,k,9,0.0,0.0,,,
collapsed_equivalence,grouped_physical_interpolation,,blocks_3x3_g2,2029,nearest_physical,ringdown,wq,9,0.05,0.1904761904761905,,,
collapsed_equivalence,grouped_physical_interpolation,,blocks_3x3_g2,2029,nearest_physical,ringdown_plus_photon_geometry,k,9,2.777777777777778e-05,0.0111111111111111,,,
collapsed_equivalence,grouped_physical_interpolation,,blocks_3x3_g2,2029,nearest_physical,ringdown_plus_photon_geometry,wq,9,0.05,0.1904761904761905,,,
collapsed_equivalence,grouped_physical_interpolation,,blocks_3x3_g2,2030,nearest_physical,ringdown,k,9,0.0,0.0,,,
collapsed_equivalence,grouped_physical_interpolation,,blocks_3x3_g2,2030,nearest_physical,ringdown,wq,9,0.0583333333333333,0.2222222222222223,,,
collapsed_equivalence,grouped_physical_interpolation,,blocks_3x3_g2,2030,nearest_physical,ringdown_plus_photon_geometry,k,9,5.555555555555556e-05,0.0222222222222222,,,
collapsed_equivalence,grouped_physical_interpolation,,blocks_3x3_g2,2030,nearest_physical,ringdown_plus_photon_geometry,wq,9,0.0611111111111111,0.2328042328042329,,,
collapsed_equivalence,grouped_physical_interpolation,,blocks_3x3_g3,2026,nearest_physical,ringdown,k,16,0.000203125,0.08125,,,
collapsed_equivalence,grouped_physical_interpolation,,blocks_3x3_g3,2026,nearest_physical,ringdown,wq,16,0.0639583333333333,0.2436507936507936,,,
collapsed_equivalence,grouped_physical_interpolation,,blocks_3x3_g3,2026,nearest_physical,ringdown_plus_photon_geometry,k,16,0.000484375,0.19375,,,
collapsed_equivalence,grouped_physical_interpolation,,blocks_3x3_g3,2026,nearest_physical,ringdown_plus_photon_geometry,wq,16,0.025,0.0952380952380952,,,
collapsed_equivalence,grouped_physical_interpolation,,blocks_3x3_g3,2027,nearest_physical,ringdown,k,16,0.000171875,0.0687499999999999,,,
collapsed_equivalence,grouped_physical_interpolation,,blocks_3x3_g3,2027,nearest_physical,ringdown,wq,16,0.061875,0.2357142857142857,,,
collapsed_equivalence,grouped_physical_interpolation,,blocks_3x3_g3,2027,nearest_physical,ringdown_plus_photon_geometry,k,16,0.000390625,0.15625,,,
collapsed_equivalence,grouped_physical_interpolation,,blocks_3x3_g3,2027,nearest_physical,ringdown_plus_photon_geometry,wq,16,0.0213541666666666,0.0813492063492064,,,
collapsed_equivalence,grouped_physical_interpolation,,blocks_3x3_g3,2028,nearest_physical,ringdown,k,16,0.000171875,0.0687499999999999,,,
collapsed_equivalence,grouped_physical_interpolation,,blocks_3x3_g3,2028,nearest_physical,ringdown,wq,16,0.0654166666666666,0.2492063492063491,,,
collapsed_equivalence,grouped_physical_interpolation,,blocks_3x3_g3,2028,nearest_physical,ringdown_plus_photon_geometry,k,16,0.000421875,0.1687499999999999,,,
collapsed_equivalence,grouped_physical_interpolation,,blocks_3x3_g3,2028,nearest_physical,ringdown_plus_photon_geometry,wq,16,0.0244791666666666,0.0932539682539683,,,
collapsed_equivalence,grouped_physical_interpolation,,blocks_3x3_g3,2029,nearest_physical,ringdown,k,16,0.000203125,0.08125,,,
collapsed_equivalence,grouped_physical_interpolation,,blocks_3x3_g3,2029,nearest_physical,ringdown,wq,16,0.0656249999999999,0.2499999999999999,,,
collapsed_equivalence,grouped_physical_interpolation,,blocks_3x3_g3,2029,nearest_physical,ringdown_plus_photon_geometry,k,16,0.0004062499999999,0.1624999999999999,,,
collapsed_equivalence,grouped_physical_interpolation,,blocks_3x3_g3,2029,nearest_physical,ringdown_plus_photon_geometry,wq,16,0.0228125,0.0869047619047619,,,
collapsed_equivalence,grouped_physical_interpolation,,blocks_3x3_g3,2030,nearest_physical,ringdown,k,16,0.000171875,0.0687499999999999,,,
collapsed_equivalence,grouped_physical_interpolation,,blocks_3x3_g3,2030,nearest_physical,ringdown,wq,16,0.0654166666666666,0.2492063492063491,,,
collapsed_equivalence,grouped_physical_interpolation,,blocks_3x3_g3,2030,nearest_physical,ringdown_plus_photon_geometry,k,16,0.0004374999999999,0.175,,,
collapsed_equivalence,grouped_physical_interpolation,,blocks_3x3_g3,2030,nearest_physical,ringdown_plus_photon_geometry,wq,16,0.0244791666666666,0.0932539682539683,,,
collapsed_equivalence,grouped_physical_interpolation,,blocks_3x3_g4,2026,nearest_physical,ringdown,k,16,0.000140625,0.05625,,,
collapsed_equivalence,grouped_physical_interpolation,,blocks_3x3_g4,2026,nearest_physical,ringdown,wq,16,0.0588541666666666,0.2242063492063492,,,
collapsed_equivalence,grouped_physical_interpolation,,blocks_3x3_g4,2026,nearest_physical,ringdown_plus_photon_geometry,k,16,0.00021875,0.0875,,,
collapsed_equivalence,grouped_physical_interpolation,,blocks_3x3_g4,2026,nearest_physical,ringdown_plus_photon_geometry,wq,16,0.0287499999999999,0.1095238095238095,,,
collapsed_equivalence,grouped_physical_interpolation,,blocks_3x3_g4,2027,nearest_physical,ringdown,k,16,0.000125,0.05,,,
collapsed_equivalence,grouped_physical_interpolation,,blocks_3x3_g4,2027,nearest_physical,ringdown,wq,16,0.0509375,0.194047619047619,,,
collapsed_equivalence,grouped_physical_interpolation,,blocks_3x3_g4,2027,nearest_physical,ringdown_plus_photon_geometry,k,16,0.000203125,0.08125,,,
collapsed_equivalence,grouped_physical_interpolation,,blocks_3x3_g4,2027,nearest_physical,ringdown_plus_photon_geometry,wq,16,0.033125,0.1261904761904762,,,
collapsed_equivalence,grouped_physical_interpolation,,blocks_3x3_g4,2028,nearest_physical,ringdown,k,16,0.00015625,0.0625,,,
collapsed_equivalence,grouped_physical_interpolation,,blocks_3x3_g4,2028,nearest_physical,ringdown,wq,16,0.0559375,0.2130952380952382,,,
collapsed_equivalence,grouped_physical_interpolation,,blocks_3x3_g4,2028,nearest_physical,ringdown_plus_photon_geometry,k,16,0.00028125,0.1125,,,
collapsed_equivalence,grouped_physical_interpolation,,blocks_3x3_g4,2028,nearest_physical,ringdown_plus_photon_geometry,wq,16,0.031875,0.1214285714285714,,,
collapsed_equivalence,grouped_physical_interpolation,,blocks_3x3_g4,2029,nearest_physical,ringdown,k,16,0.0001875,0.075,,,
collapsed_equivalence,grouped_physical_interpolation,,blocks_3x3_g4,2029,nearest_physical,ringdown,wq,16,0.0677083333333333,0.2579365079365079,,,
collapsed_equivalence,grouped_physical_interpolation,,blocks_3x3_g4,2029,nearest_physical,ringdown_plus_photon_geometry,k,16,0.000265625,0.10625,,,
collapsed_equivalence,grouped_physical_interpolation,,blocks_3x3_g4,2029,nearest_physical,ringdown_plus_photon_geometry,wq,16,0.031875,0.1214285714285714,,,
collapsed_equivalence,grouped_physical_interpolation,,blocks_3x3_g4,2030,nearest_physical,ringdown,k,16,0.00015625,0.0625,,,
collapsed_equivalence,grouped_physical_interpolation,,blocks_3x3_g4,2030,nearest_physical,ringdown,wq,16,0.0590625,0.2250000000000001,,,
collapsed_equivalence,grouped_physical_interpolation,,blocks_3x3_g4,2030,nearest_physical,ringdown_plus_photon_geometry,k,16,0.000265625,0.10625,,,
collapsed_equivalence,grouped_physical_interpolation,,blocks_3x3_g4,2030,nearest_physical,ringdown_plus_photon_geometry,wq,16,0.0321875,0.1226190476190476,,,
collapsed_equivalence,grouped_physical_interpolation,,blocks_3x3_g5,2026,nearest_physical,ringdown,k,12,0.0001875,0.075,,,
collapsed_equivalence,grouped_physical_interpolation,,blocks_3x3_g5,2026,nearest_physical,ringdown,wq,12,0.0591666666666666,0.2253968253968254,,,
collapsed_equivalence,grouped_physical_interpolation,,blocks_3x3_g5,2026,nearest_physical,ringdown_plus_photon_geometry,k,12,0.0002083333333333,0.0833333333333333,,,
collapsed_equivalence,grouped_physical_interpolation,,blocks_3x3_g5,2026,nearest_physical,ringdown_plus_photon_geometry,wq,12,0.0375,0.1428571428571429,,,
collapsed_equivalence,grouped_physical_interpolation,,blocks_3x3_g5,2027,nearest_physical,ringdown,k,12,0.0001458333333333,0.0583333333333333,,,
collapsed_equivalence,grouped_physical_interpolation,,blocks_3x3_g5,2027,nearest_physical,ringdown,wq,12,0.0583333333333333,0.2222222222222223,,,
collapsed_equivalence,grouped_physical_interpolation,,blocks_3x3_g5,2027,nearest_physical,ringdown_plus_photon_geometry,k,12,0.0001875,0.075,,,
collapsed_equivalence,grouped_physical_interpolation,,blocks_3x3_g5,2027,nearest_physical,ringdown_plus_photon_geometry,wq,12,0.0395833333333333,0.1507936507936508,,,
collapsed_equivalence,grouped_physical_interpolation,,blocks_3x3_g5,2028,nearest_physical,ringdown,k,12,0.0001666666666666,0.0666666666666666,,,
collapsed_equivalence,grouped_physical_interpolation,,blocks_3x3_g5,2028,nearest_physical,ringdown,wq,12,0.0604166666666666,0.2301587301587302,,,
collapsed_equivalence,grouped_physical_interpolation,,blocks_3x3_g5,2028,nearest_physical,ringdown_plus_photon_geometry,k,12,0.0001875,0.075,,,
collapsed_equivalence,grouped_physical_interpolation,,blocks_3x3_g5,2028,nearest_physical,ringdown_plus_photon_geometry,wq,12,0.04375,0.1666666666666667,,,
collapsed_equivalence,grouped_physical_interpolation,,blocks_3x3_g5,2029,nearest_physical,ringdown,k,12,0.0001875,0.075,,,
collapsed_equivalence,grouped_physical_interpolation,,blocks_3x3_g5,2029,nearest_physical,ringdown,wq,12,0.0670833333333333,0.2555555555555557,,,
collapsed_equivalence,grouped_physical_interpolation,,blocks_3x3_g5,2029,nearest_physical,ringdown_plus_photon_geometry,k,12,0.0002291666666666,0.0916666666666666,,,
collapsed_equivalence,grouped_physical_interpolation,,blocks_3x3_g5,2029,nearest_physical,ringdown_plus_photon_geometry,wq,12,0.0375,0.1428571428571429,,,
collapsed_equivalence,grouped_physical_interpolation,,blocks_3x3_g5,2030,nearest_physical,ringdown,k,12,0.0001875,0.075,,,
collapsed_equivalence,grouped_physical_interpolation,,blocks_3x3_g5,2030,nearest_physical,ringdown,wq,12,0.065,0.2476190476190476,,,
collapsed_equivalence,grouped_physical_interpolation,,blocks_3x3_g5,2030,nearest_physical,ringdown_plus_photon_geometry,k,12,0.0002083333333333,0.0833333333333333,,,
collapsed_equivalence,grouped_physical_interpolation,,blocks_3x3_g5,2030,nearest_physical,ringdown_plus_photon_geometry,wq,12,0.0395833333333333,0.1507936507936508,,,
collapsed_equivalence,grouped_physical_interpolation,,blocks_3x3_g6,2026,nearest_physical,ringdown,k,12,0.0001458333333333,0.0583333333333333,,,
collapsed_equivalence,grouped_physical_interpolation,,blocks_3x3_g6,2026,nearest_physical,ringdown,wq,12,0.0530555555555555,0.2021164021164021,,,
collapsed_equivalence,grouped_physical_interpolation,,blocks_3x3_g6,2026,nearest_physical,ringdown_plus_photon_geometry,k,12,0.0006041666666666,0.2416666666666666,,,
collapsed_equivalence,grouped_physical_interpolation,,blocks_3x3_g6,2026,nearest_physical,ringdown_plus_photon_geometry,wq,12,0.0200694444444444,0.0764550264550264,,,
collapsed_equivalence,grouped_physical_interpolation,,blocks_3x3_g6,2027,nearest_physical,ringdown,k,12,0.0001458333333333,0.0583333333333333,,,
collapsed_equivalence,grouped_physical_interpolation,,blocks_3x3_g6,2027,nearest_physical,ringdown,wq,12,0.0539583333333333,0.2055555555555555,,,
collapsed_equivalence,grouped_physical_interpolation,,blocks_3x3_g6,2027,nearest_physical,ringdown_plus_photon_geometry,k,12,0.0005208333333333,0.2083333333333333,,,
collapsed_equivalence,grouped_physical_interpolation,,blocks_3x3_g6,2027,nearest_physical,ringdown_plus_photon_geometry,wq,12,0.0139583333333333,0.0531746031746032,,,
collapsed_equivalence,grouped_physical_interpolation,,blocks_3x3_g6,2028,nearest_physical,ringdown,k,12,0.0001458333333333,0.0583333333333333,,,
collapsed_equivalence,grouped_physical_interpolation,,blocks_3x3_g6,2028,nearest_physical,ringdown,wq,12,0.0530555555555555,0.2021164021164021,,,
collapsed_equivalence,grouped_physical_interpolation,,blocks_3x3_g6,2028,nearest_physical,ringdown_plus_photon_geometry,k,12,0.0006041666666666,0.2416666666666666,,,
collapsed_equivalence,grouped_physical_interpolation,,blocks_3x3_g6,2028,nearest_physical,ringdown_plus_photon_geometry,wq,12,0.0200694444444444,0.0764550264550264,,,
collapsed_equivalence,grouped_physical_interpolation,,blocks_3x3_g6,2029,nearest_physical,ringdown,k,12,0.0001458333333333,0.0583333333333333,,,
collapsed_equivalence,grouped_physical_interpolation,,blocks_3x3_g6,2029,nearest_physical,ringdown,wq,12,0.0539583333333333,0.2055555555555555,,,
collapsed_equivalence,grouped_physical_interpolation,,blocks_3x3_g6,2029,nearest_physical,ringdown_plus_photon_geometry,k,12,0.0005208333333333,0.2083333333333333,,,
collapsed_equivalence,grouped_physical_interpolation,,blocks_3x3_g6,2029,nearest_physical,ringdown_plus_photon_geometry,wq,12,0.01625,0.0619047619047619,,,
collapsed_equivalence,grouped_physical_interpolation,,blocks_3x3_g6,2030,nearest_physical,ringdown,k,12,0.0001458333333333,0.0583333333333333,,,
collapsed_equivalence,grouped_physical_interpolation,,blocks_3x3_g6,2030,nearest_physical,ringdown,wq,12,0.0539583333333333,0.2055555555555555,,,
collapsed_equivalence,grouped_physical_interpolation,,blocks_3x3_g6,2030,nearest_physical,ringdown_plus_photon_geometry,k,12,0.0005416666666666,0.2166666666666666,,,
collapsed_equivalence,grouped_physical_interpolation,,blocks_3x3_g6,2030,nearest_physical,ringdown_plus_photon_geometry,wq,12,0.0159027777777777,0.0605820105820106,,,
collapsed_equivalence,grouped_physical_interpolation,,blocks_3x3_g7,2026,nearest_physical,ringdown,k,12,0.0001875,0.075,,,
collapsed_equivalence,grouped_physical_interpolation,,blocks_3x3_g7,2026,nearest_physical,ringdown,wq,12,0.0508333333333333,0.1936507936507937,,,
collapsed_equivalence,grouped_physical_interpolation,,blocks_3x3_g7,2026,nearest_physical,ringdown_plus_photon_geometry,k,12,0.0004166666666666,0.1666666666666666,,,
collapsed_equivalence,grouped_physical_interpolation,,blocks_3x3_g7,2026,nearest_physical,ringdown_plus_photon_geometry,wq,12,0.01875,0.0714285714285714,,,
collapsed_equivalence,grouped_physical_interpolation,,blocks_3x3_g7,2027,nearest_physical,ringdown,k,12,0.0001666666666666,0.0666666666666666,,,
collapsed_equivalence,grouped_physical_interpolation,,blocks_3x3_g7,2027,nearest_physical,ringdown,wq,12,0.0433333333333333,0.1650793650793652,,,
collapsed_equivalence,grouped_physical_interpolation,,blocks_3x3_g7,2027,nearest_physical,ringdown_plus_photon_geometry,k,12,0.0003333333333333,0.1333333333333333,,,
collapsed_equivalence,grouped_physical_interpolation,,blocks_3x3_g7,2027,nearest_physical,ringdown_plus_photon_geometry,wq,12,0.0270833333333333,0.1031746031746032,,,
collapsed_equivalence,grouped_physical_interpolation,,blocks_3x3_g7,2028,nearest_physical,ringdown,k,12,0.0001666666666666,0.0666666666666667,,,
collapsed_equivalence,grouped_physical_interpolation,,blocks_3x3_g7,2028,nearest_physical,ringdown,wq,12,0.0529166666666667,0.2015873015873017,,,
collapsed_equivalence,grouped_physical_interpolation,,blocks_3x3_g7,2028,nearest_physical,ringdown_plus_photon_geometry,k,12,0.0003958333333333,0.1583333333333333,,,
collapsed_equivalence,grouped_physical_interpolation,,blocks_3x3_g7,2028,nearest_physical,ringdown_plus_photon_geometry,wq,12,0.0229166666666666,0.0873015873015873,,,
collapsed_equivalence,grouped_physical_interpolation,,blocks_3x3_g7,2029,nearest_physical,ringdown,k,12,0.0001875,0.075,,,
collapsed_equivalence,grouped_physical_interpolation,,blocks_3x3_g7,2029,nearest_physical,ringdown,wq,12,0.0520833333333333,0.1984126984126985,,,
collapsed_equivalence,grouped_physical_interpolation,,blocks_3x3_g7,2029,nearest_physical,ringdown_plus_photon_geometry,k,12,0.0003958333333333,0.1583333333333333,,,
collapsed_equivalence,grouped_physical_interpolation,,blocks_3x3_g7,2029,nearest_physical,ringdown_plus_photon_geometry,wq,12,0.02125,0.0809523809523809,,,
collapsed_equivalence,grouped_physical_interpolation,,blocks_3x3_g7,2030,nearest_physical,ringdown,k,12,0.0001666666666666,0.0666666666666667,,,
collapsed_equivalence,grouped_physical_interpolation,,blocks_3x3_g7,2030,nearest_physical,ringdown,wq,12,0.0472222222222222,0.17989417989418,,,
collapsed_equivalence,grouped_physical_interpolation,,blocks_3x3_g7,2030,nearest_physical,ringdown_plus_photon_geometry,k,12,0.0002916666666666,0.1166666666666666,,,
collapsed_equivalence,grouped_physical_interpolation,,blocks_3x3_g7,2030,nearest_physical,ringdown_plus_photon_geometry,wq,12,0.0270833333333333,0.1031746031746032,,,
collapsed_equivalence,grouped_physical_interpolation,,blocks_3x3_g8,2026,nearest_physical,ringdown,k,9,0.0002499999999999,0.0999999999999999,,,
collapsed_equivalence,grouped_physical_interpolation,,blocks_3x3_g8,2026,nearest_physical,ringdown,wq,9,0.0555555555555555,0.2116402116402117,,,
collapsed_equivalence,grouped_physical_interpolation,,blocks_3x3_g8,2026,nearest_physical,ringdown_plus_photon_geometry,k,9,0.0003055555555555,0.1222222222222221,,,
collapsed_equivalence,grouped_physical_interpolation,,blocks_3x3_g8,2026,nearest_physical,ringdown_plus_photon_geometry,wq,9,0.0388888888888889,0.1481481481481482,,,
collapsed_equivalence,grouped_physical_interpolation,,blocks_3x3_g8,2027,nearest_physical,ringdown,k,9,0.0002222222222222,0.0888888888888888,,,
collapsed_equivalence,grouped_physical_interpolation,,blocks_3x3_g8,2027,nearest_physical,ringdown,wq,9,0.0527777777777778,0.2010582010582011,,,
collapsed_equivalence,grouped_physical_interpolation,,blocks_3x3_g8,2027,nearest_physical,ringdown_plus_photon_geometry,k,9,0.0003055555555555,0.1222222222222222,,,
collapsed_equivalence,grouped_physical_interpolation,,blocks_3x3_g8,2027,nearest_physical,ringdown_plus_photon_geometry,wq,9,0.0388888888888889,0.1481481481481482,,,
collapsed_equivalence,grouped_physical_interpolation,,blocks_3x3_g8,2028,nearest_physical,ringdown,k,9,0.0002777777777777,0.1111111111111111,,,
collapsed_equivalence,grouped_physical_interpolation,,blocks_3x3_g8,2028,nearest_physical,ringdown,wq,9,0.0638888888888889,0.2433862433862435,,,
collapsed_equivalence,grouped_physical_interpolation,,blocks_3x3_g8,2028,nearest_physical,ringdown_plus_photon_geometry,k,9,0.0003333333333333,0.1333333333333333,,,
collapsed_equivalence,grouped_physical_interpolation,,blocks_3x3_g8,2028,nearest_physical,ringdown_plus_photon_geometry,wq,9,0.0333333333333333,0.126984126984127,,,
collapsed_equivalence,grouped_physical_interpolation,,blocks_3x3_g8,2029,nearest_physical,ringdown,k,9,0.00025,0.1,,,
collapsed_equivalence,grouped_physical_interpolation,,blocks_3x3_g8,2029,nearest_physical,ringdown,wq,9,0.0583333333333333,0.2222222222222223,,,
collapsed_equivalence,grouped_physical_interpolation,,blocks_3x3_g8,2029,nearest_physical,ringdown_plus_photon_geometry,k,9,0.0002777777777777,0.1111111111111111,,,
collapsed_equivalence,grouped_physical_interpolation,,blocks_3x3_g8,2029,nearest_physical,ringdown_plus_photon_geometry,wq,9,0.0416666666666666,0.1587301587301588,,,
collapsed_equivalence,grouped_physical_interpolation,,blocks_3x3_g8,2030,nearest_physical,ringdown,k,9,0.0002222222222222,0.0888888888888888,,,
collapsed_equivalence,grouped_physical_interpolation,,blocks_3x3_g8,2030,nearest_physical,ringdown,wq,9,0.0527777777777778,0.2010582010582011,,,
collapsed_equivalence,grouped_physical_interpolation,,blocks_3x3_g8,2030,nearest_physical,ringdown_plus_photon_geometry,k,9,0.0003055555555555,0.1222222222222222,,,
collapsed_equivalence,grouped_physical_interpolation,,blocks_3x3_g8,2030,nearest_physical,ringdown_plus_photon_geometry,wq,9,0.0388888888888889,0.1481481481481482,,,
collapsed_equivalence,grouped_physical_interpolation,,blocks_3x3_shifted_g0,2026,nearest_physical,ringdown,k,6,4.1666666666666665e-05,0.0166666666666666,,,
collapsed_equivalence,grouped_physical_interpolation,,blocks_3x3_shifted_g0,2026,nearest_physical,ringdown,wq,6,0.0797222222222222,0.3037037037037036,,,
collapsed_equivalence,grouped_physical_interpolation,,blocks_3x3_shifted_g0,2026,nearest_physical,ringdown_plus_photon_geometry,k,6,0.000125,0.05,,,
collapsed_equivalence,grouped_physical_interpolation,,blocks_3x3_shifted_g0,2026,nearest_physical,ringdown_plus_photon_geometry,wq,6,0.0369444444444444,0.1407407407407406,,,
collapsed_equivalence,grouped_physical_interpolation,,blocks_3x3_shifted_g0,2027,nearest_physical,ringdown,k,6,0.0,0.0,,,
collapsed_equivalence,grouped_physical_interpolation,,blocks_3x3_shifted_g0,2027,nearest_physical,ringdown,wq,6,0.0647222222222222,0.2465608465608464,,,
collapsed_equivalence,grouped_physical_interpolation,,blocks_3x3_shifted_g0,2027,nearest_physical,ringdown_plus_photon_geometry,k,6,0.00025,0.1,,,
collapsed_equivalence,grouped_physical_interpolation,,blocks_3x3_shifted_g0,2027,nearest_physical,ringdown_plus_photon_geometry,wq,6,0.0419444444444444,0.1597883597883597,,,
collapsed_equivalence,grouped_physical_interpolation,,blocks_3x3_shifted_g0,2028,nearest_physical,ringdown,k,6,0.0,0.0,,,
collapsed_equivalence,grouped_physical_interpolation,,blocks_3x3_shifted_g0,2028,nearest_physical,ringdown,wq,6,0.0497222222222221,0.1894179894179893,,,
collapsed_equivalence,grouped_physical_interpolation,,blocks_3x3_shifted_g0,2028,nearest_physical,ringdown_plus_photon_geometry,k,6,0.00025,0.1,,,
collapsed_equivalence,grouped_physical_interpolation,,blocks_3x3_shifted_g0,2028,nearest_physical,ringdown_plus_photon_geometry,wq,6,0.0452777777777777,0.1724867724867723,,,
collapsed_equivalence,grouped_physical_interpolation,,blocks_3x3_shifted_g0,2029,nearest_physical,ringdown,k,6,0.0,0.0,,,
collapsed_equivalence,grouped_physical_interpolation,,blocks_3x3_shifted_g0,2029,nearest_physical,ringdown,wq,6,0.0647222222222222,0.2465608465608464,,,
collapsed_equivalence,grouped_physical_interpolation,,blocks_3x3_shifted_g0,2029,nearest_physical,ringdown_plus_photon_geometry,k,6,0.0002083333333333,0.0833333333333333,,,
collapsed_equivalence,grouped_physical_interpolation,,blocks_3x3_shifted_g0,2029,nearest_physical,ringdown_plus_photon_geometry,wq,6,0.0419444444444444,0.1597883597883597,,,
collapsed_equivalence,grouped_physical_interpolation,,blocks_3x3_shifted_g0,2030,nearest_physical,ringdown,k,6,0.0,0.0,,,
collapsed_equivalence,grouped_physical_interpolation,,blocks_3x3_shifted_g0,2030,nearest_physical,ringdown,wq,6,0.0797222222222222,0.3037037037037036,,,
collapsed_equivalence,grouped_physical_interpolation,,blocks_3x3_shifted_g0,2030,nearest_physical,ringdown_plus_photon_geometry,k,6,0.0002083333333333,0.0833333333333333,,,
collapsed_equivalence,grouped_physical_interpolation,,blocks_3x3_shifted_g0,2030,nearest_physical,ringdown_plus_photon_geometry,wq,6,0.0419444444444444,0.1597883597883597,,,
collapsed_equivalence,grouped_physical_interpolation,,blocks_3x3_shifted_g1,2026,nearest_physical,ringdown,k,8,0.0,0.0,,,
collapsed_equivalence,grouped_physical_interpolation,,blocks_3x3_shifted_g1,2026,nearest_physical,ringdown,wq,8,0.0408333333333333,0.1555555555555554,,,
collapsed_equivalence,grouped_physical_interpolation,,blocks_3x3_shifted_g1,2026,nearest_physical,ringdown_plus_photon_geometry,k,8,9.375e-05,0.0375,,,
collapsed_equivalence,grouped_physical_interpolation,,blocks_3x3_shifted_g1,2026,nearest_physical,ringdown_plus_photon_geometry,wq,8,0.0414583333333333,0.1579365079365078,,,
collapsed_equivalence,grouped_physical_interpolation,,blocks_3x3_shifted_g1,2027,nearest_physical,ringdown,k,8,0.0,0.0,,,
collapsed_equivalence,grouped_physical_interpolation,,blocks_3x3_shifted_g1,2027,nearest_physical,ringdown,wq,8,0.0510416666666666,0.1944444444444444,,,
collapsed_equivalence,grouped_physical_interpolation,,blocks_3x3_shifted_g1,2027,nearest_physical,ringdown_plus_photon_geometry,k,8,9.375e-05,0.0375,,,
collapsed_equivalence,grouped_physical_interpolation,,blocks_3x3_shifted_g1,2027,nearest_physical,ringdown_plus_photon_geometry,wq,8,0.0514583333333333,0.1960317460317459,,,
collapsed_equivalence,grouped_physical_interpolation,,blocks_3x3_shifted_g1,2028,nearest_physical,ringdown,k,8,0.0,0.0,,,
collapsed_equivalence,grouped_physical_interpolation,,blocks_3x3_shifted_g1,2028,nearest_physical,ringdown,wq,8,0.0408333333333333,0.1555555555555554,,,
collapsed_equivalence,grouped_physical_interpolation,,blocks_3x3_shifted_g1,2028,nearest_physical,ringdown_plus_photon_geometry,k,8,6.25e-05,0.025,,,
collapsed_equivalence,grouped_physical_interpolation,,blocks_3x3_shifted_g1,2028,nearest_physical,ringdown_plus_photon_geometry,wq,8,0.0452083333333333,0.1722222222222221,,,
collapsed_equivalence,grouped_physical_interpolation,,blocks_3x3_shifted_g1,2029,nearest_physical,ringdown,k,8,0.0,0.0,,,
collapsed_equivalence,grouped_physical_interpolation,,blocks_3x3_shifted_g1,2029,nearest_physical,ringdown,wq,8,0.0408333333333333,0.1555555555555554,,,
collapsed_equivalence,grouped_physical_interpolation,,blocks_3x3_shifted_g1,2029,nearest_physical,ringdown_plus_photon_geometry,k,8,6.25e-05,0.025,,,
collapsed_equivalence,grouped_physical_interpolation,,blocks_3x3_shifted_g1,2029,nearest_physical,ringdown_plus_photon_geometry,wq,8,0.0414583333333333,0.1579365079365078,,,
collapsed_equivalence,grouped_physical_interpolation,,blocks_3x3_shifted_g1,2030,nearest_physical,ringdown,k,8,0.0,0.0,,,
collapsed_equivalence,grouped_physical_interpolation,,blocks_3x3_shifted_g1,2030,nearest_physical,ringdown,wq,8,0.0472916666666666,0.18015873015873,,,
collapsed_equivalence,grouped_physical_interpolation,,blocks_3x3_shifted_g1,2030,nearest_physical,ringdown_plus_photon_geometry,k,8,6.25e-05,0.025,,,
collapsed_equivalence,grouped_physical_interpolation,,blocks_3x3_shifted_g1,2030,nearest_physical,ringdown_plus_photon_geometry,wq,8,0.0452083333333333,0.1722222222222221,,,
collapsed_equivalence,grouped_physical_interpolation,,blocks_3x3_shifted_g2,2026,nearest_physical,ringdown,k,8,0.0,0.0,,,
collapsed_equivalence,grouped_physical_interpolation,,blocks_3x3_shifted_g2,2026,nearest_physical,ringdown,wq,8,0.0775,0.2952380952380952,,,
collapsed_equivalence,grouped_physical_interpolation,,blocks_3x3_shifted_g2,2026,nearest_physical,ringdown_plus_photon_geometry,k,8,3.125e-05,0.0125,,,
collapsed_equivalence,grouped_physical_interpolation,,blocks_3x3_shifted_g2,2026,nearest_physical,ringdown_plus_photon_geometry,wq,8,0.0812499999999999,0.3095238095238095,,,
collapsed_equivalence,grouped_physical_interpolation,,blocks_3x3_shifted_g2,2027,nearest_physical,ringdown,k,8,0.0,0.0,,,
collapsed_equivalence,grouped_physical_interpolation,,blocks_3x3_shifted_g2,2027,nearest_physical,ringdown,wq,8,0.0625,0.2380952380952382,,,
collapsed_equivalence,grouped_physical_interpolation,,blocks_3x3_shifted_g2,2027,nearest_physical,ringdown_plus_photon_geometry,k,8,3.125e-05,0.0125,,,
collapsed_equivalence,grouped_physical_interpolation,,blocks_3x3_shifted_g2,2027,nearest_physical,ringdown_plus_photon_geometry,wq,8,0.0625,0.2380952380952382,,,
collapsed_equivalence,grouped_physical_interpolation,,blocks_3x3_shifted_g2,2028,nearest_physical,ringdown,k,8,0.0,0.0,,,
collapsed_equivalence,grouped_physical_interpolation,,blocks_3x3_shifted_g2,2028,nearest_physical,ringdown,wq,8,0.0625,0.2380952380952382,,,
collapsed_equivalence,grouped_physical_interpolation,,blocks_3x3_shifted_g2,2028,nearest_physical,ringdown_plus_photon_geometry,k,8,3.125e-05,0.0125,,,
collapsed_equivalence,grouped_physical_interpolation,,blocks_3x3_shifted_g2,2028,nearest_physical,ringdown_plus_photon_geometry,wq,8,0.0625,0.2380952380952382,,,
collapsed_equivalence,grouped_physical_interpolation,,blocks_3x3_shifted_g2,2029,nearest_physical,ringdown,k,8,0.0,0.0,,,
collapsed_equivalence,grouped_physical_interpolation,,blocks_3x3_shifted_g2,2029,nearest_physical,ringdown,wq,8,0.0775,0.2952380952380952,,,
collapsed_equivalence,grouped_physical_interpolation,,blocks_3x3_shifted_g2,2029,nearest_physical,ringdown_plus_photon_geometry,k,8,6.25e-05,0.025,,,
collapsed_equivalence,grouped_physical_interpolation,,blocks_3x3_shifted_g2,2029,nearest_physical,ringdown_plus_photon_geometry,wq,8,0.0812499999999999,0.3095238095238095,,,
collapsed_equivalence,grouped_physical_interpolation,,blocks_3x3_shifted_g2,2030,nearest_physical,ringdown,k,8,0.0,0.0,,,
collapsed_equivalence,grouped_physical_interpolation,,blocks_3x3_shifted_g2,2030,nearest_physical,ringdown,wq,8,0.0625,0.2380952380952382,,,
collapsed_equivalence,grouped_physical_interpolation,,blocks_3x3_shifted_g2,2030,nearest_physical,ringdown_plus_photon_geometry,k,8,3.125e-05,0.0125,,,
collapsed_equivalence,grouped_physical_interpolation,,blocks_3x3_shifted_g2,2030,nearest_physical,ringdown_plus_photon_geometry,wq,8,0.0625,0.2380952380952382,,,
collapsed_equivalence,grouped_physical_interpolation,,blocks_3x3_shifted_g3,2026,nearest_physical,ringdown,k,12,0.0001875,0.075,,,
collapsed_equivalence,grouped_physical_interpolation,,blocks_3x3_shifted_g3,2026,nearest_physical,ringdown,wq,12,0.0799999999999999,0.3047619047619046,,,
collapsed_equivalence,grouped_physical_interpolation,,blocks_3x3_shifted_g3,2026,nearest_physical,ringdown_plus_photon_geometry,k,12,0.0004375,0.175,,,
collapsed_equivalence,grouped_physical_interpolation,,blocks_3x3_shifted_g3,2026,nearest_physical,ringdown_plus_photon_geometry,wq,12,0.0241666666666666,0.092063492063492,,,
collapsed_equivalence,grouped_physical_interpolation,,blocks_3x3_shifted_g3,2027,nearest_physical,ringdown,k,12,0.0001666666666666,0.0666666666666666,,,
collapsed_equivalence,grouped_physical_interpolation,,blocks_3x3_shifted_g3,2027,nearest_physical,ringdown,wq,12,0.0699999999999999,0.2666666666666666,,,
collapsed_equivalence,grouped_physical_interpolation,,blocks_3x3_shifted_g3,2027,nearest_physical,ringdown_plus_photon_geometry,k,12,0.0004166666666666,0.1666666666666666,,,
collapsed_equivalence,grouped_physical_interpolation,,blocks_3x3_shifted_g3,2027,nearest_physical,ringdown_plus_photon_geometry,wq,12,0.0261111111111111,0.0994708994708994,,,
collapsed_equivalence,grouped_physical_interpolation,,blocks_3x3_shifted_g3,2028,nearest_physical,ringdown,k,12,8.333333333333333e-05,0.0333333333333333,,,
collapsed_equivalence,grouped_physical_interpolation,,blocks_3x3_shifted_g3,2028,nearest_physical,ringdown,wq,12,0.0497222222222221,0.1894179894179893,,,
collapsed_equivalence,grouped_physical_interpolation,,blocks_3x3_shifted_g3,2028,nearest_physical,ringdown_plus_photon_geometry,k,12,0.0004375,0.175,,,
collapsed_equivalence,grouped_physical_interpolation,,blocks_3x3_shifted_g3,2028,nearest_physical,ringdown_plus_photon_geometry,wq,12,0.0286111111111111,0.1089947089947089,,,
collapsed_equivalence,grouped_physical_interpolation,,blocks_3x3_shifted_g3,2029,nearest_physical,ringdown,k,12,8.333333333333333e-05,0.0333333333333333,,,
collapsed_equivalence,grouped_physical_interpolation,,blocks_3x3_shifted_g3,2029,nearest_physical,ringdown,wq,12,0.0474999999999999,0.1809523809523808,,,
collapsed_equivalence,grouped_physical_interpolation,,blocks_3x3_shifted_g3,2029,nearest_physical,ringdown_plus_photon_geometry,k,12,0.0004166666666666,0.1666666666666666,,,
collapsed_equivalence,grouped_physical_interpolation,,blocks_3x3_shifted_g3,2029,nearest_physical,ringdown_plus_photon_geometry,wq,12,0.0263888888888888,0.1005291005291005,,,
collapsed_equivalence,grouped_physical_interpolation,,blocks_3x3_shifted_g3,2030,nearest_physical,ringdown,k,12,0.0001041666666666,0.0416666666666666,,,
collapsed_equivalence,grouped_physical_interpolation,,blocks_3x3_shifted_g3,2030,nearest_physical,ringdown,wq,12,0.0549999999999999,0.2095238095238094,,,
collapsed_equivalence,grouped_physical_interpolation,,blocks_3x3_shifted_g3,2030,nearest_physical,ringdown_plus_photon_geometry,k,12,0.0004791666666666,0.1916666666666667,,,
collapsed_equivalence,grouped_physical_interpolation,,blocks_3x3_shifted_g3,2030,nearest_physical,ringdown_plus_photon_geometry,wq,12,0.0347222222222222,0.1322751322751322,,,
collapsed_equivalence,grouped_physical_interpolation,,blocks_3x3_shifted_g4,2026,nearest_physical,ringdown,k,16,0.00015625,0.0625,,,
collapsed_equivalence,grouped_physical_interpolation,,blocks_3x3_shifted_g4,2026,nearest_physical,ringdown,wq,16,0.0706249999999999,0.269047619047619,,,
collapsed_equivalence,grouped_physical_interpolation,,blocks_3x3_shifted_g4,2026,nearest_physical,ringdown_plus_photon_geometry,k,16,0.000265625,0.10625,,,
collapsed_equivalence,grouped_physical_interpolation,,blocks_3x3_shifted_g4,2026,nearest_physical,ringdown_plus_photon_geometry,wq,16,0.0311458333333333,0.1186507936507935,,,
collapsed_equivalence,grouped_physical_interpolation,,blocks_3x3_shifted_g4,2027,nearest_physical,ringdown,k,16,9.375e-05,0.0375,,,
collapsed_equivalence,grouped_physical_interpolation,,blocks_3x3_shifted_g4,2027,nearest_physical,ringdown,wq,16,0.0492708333333333,0.1876984126984126,,,
collapsed_equivalence,grouped_physical_interpolation,,blocks_3x3_shifted_g4,2027,nearest_physical,ringdown_plus_photon_geometry,k,16,0.000234375,0.09375,,,
collapsed_equivalence,grouped_physical_interpolation,,blocks_3x3_shifted_g4,2027,nearest_physical,ringdown_plus_photon_geometry,wq,16,0.0327083333333333,0.1246031746031745,,,
collapsed_equivalence,grouped_physical_interpolation,,blocks_3x3_shifted_g4,2028,nearest_physical,ringdown,k,16,0.000125,0.05,,,
collapsed_equivalence,grouped_physical_interpolation,,blocks_3x3_shifted_g4,2028,nearest_physical,ringdown,wq,16,0.0614583333333333,0.234126984126984,,,
collapsed_equivalence,grouped_physical_interpolation,,blocks_3x3_shifted_g4,2028,nearest_physical,ringdown_plus_photon_geometry,k,16,0.000265625,0.10625,,,
collapsed_equivalence,grouped_physical_interpolation,,blocks_3x3_shifted_g4,2028,nearest_physical,ringdown_plus_photon_geometry,wq,16,0.0327083333333333,0.1246031746031745,,,
collapsed_equivalence,grouped_physical_interpolation,,blocks_3x3_shifted_g4,2029,nearest_physical,ringdown,k,16,9.375e-05,0.0375,,,
collapsed_equivalence,grouped_physical_interpolation,,blocks_3x3_shifted_g4,2029,nearest_physical,ringdown,wq,16,0.0507291666666666,0.1932539682539681,,,
collapsed_equivalence,grouped_physical_interpolation,,blocks_3x3_shifted_g4,2029,nearest_physical,ringdown_plus_photon_geometry,k,16,0.00025,0.1,,,
collapsed_equivalence,grouped_physical_interpolation,,blocks_3x3_shifted_g4,2029,nearest_physical,ringdown_plus_photon_geometry,wq,16,0.0342708333333333,0.1305555555555555,,,
collapsed_equivalence,grouped_physical_interpolation,,blocks_3x3_shifted_g4,2030,nearest_physical,ringdown,k,16,0.000109375,0.04375,,,
collapsed_equivalence,grouped_physical_interpolation,,blocks_3x3_shifted_g4,2030,nearest_physical,ringdown,wq,16,0.0508333333333333,0.1936507936507935,,,
collapsed_equivalence,grouped_physical_interpolation,,blocks_3x3_shifted_g4,2030,nearest_physical,ringdown_plus_photon_geometry,k,16,0.000234375,0.09375,,,
collapsed_equivalence,grouped_physical_interpolation,,blocks_3x3_shifted_g4,2030,nearest_physical,ringdown_plus_photon_geometry,wq,16,0.0327083333333333,0.1246031746031745,,,
collapsed_equivalence,grouped_physical_interpolation,,blocks_3x3_shifted_g5,2026,nearest_physical,ringdown,k,16,0.00015625,0.0625,,,
collapsed_equivalence,grouped_physical_interpolation,,blocks_3x3_shifted_g5,2026,nearest_physical,ringdown,wq,16,0.079375,0.3023809523809523,,,
collapsed_equivalence,grouped_physical_interpolation,,blocks_3x3_shifted_g5,2026,nearest_physical,ringdown_plus_photon_geometry,k,16,0.000203125,0.08125,,,
collapsed_equivalence,grouped_physical_interpolation,,blocks_3x3_shifted_g5,2026,nearest_physical,ringdown_plus_photon_geometry,wq,16,0.0503125,0.1916666666666667,,,
collapsed_equivalence,grouped_physical_interpolation,,blocks_3x3_shifted_g5,2027,nearest_physical,ringdown,k,16,0.000140625,0.05625,,,
collapsed_equivalence,grouped_physical_interpolation,,blocks_3x3_shifted_g5,2027,nearest_physical,ringdown,wq,16,0.07,0.2666666666666668,,,
collapsed_equivalence,grouped_physical_interpolation,,blocks_3x3_shifted_g5,2027,nearest_physical,ringdown_plus_photon_geometry,k,16,0.000203125,0.08125,,,
collapsed_equivalence,grouped_physical_interpolation,,blocks_3x3_shifted_g5,2027,nearest_physical,ringdown_plus_photon_geometry,wq,16,0.0484375,0.1845238095238096,,,
collapsed_equivalence,grouped_physical_interpolation,,blocks_3x3_shifted_g5,2028,nearest_physical,ringdown,k,16,0.00015625,0.0625,,,
collapsed_equivalence,grouped_physical_interpolation,,blocks_3x3_shifted_g5,2028,nearest_physical,ringdown,wq,16,0.073125,0.2785714285714286,,,
collapsed_equivalence,grouped_physical_interpolation,,blocks_3x3_shifted_g5,2028,nearest_physical,ringdown_plus_photon_geometry,k,16,0.000203125,0.08125,,,
collapsed_equivalence,grouped_physical_interpolation,,blocks_3x3_shifted_g5,2028,nearest_physical,ringdown_plus_photon_geometry,wq,16,0.05,0.1904761904761905,,,
collapsed_equivalence,grouped_physical_interpolation,,blocks_3x3_shifted_g5,2029,nearest_physical,ringdown,k,16,0.000171875,0.0687499999999999,,,
collapsed_equivalence,grouped_physical_interpolation,,blocks_3x3_shifted_g5,2029,nearest_physical,ringdown,wq,16,0.0825,0.3142857142857143,,,
collapsed_equivalence,grouped_physical_interpolation,,blocks_3x3_shifted_g5,2029,nearest_physical,ringdown_plus_photon_geometry,k,16,0.00021875,0.0875,,,
collapsed_equivalence,grouped_physical_interpolation,,blocks_3x3_shifted_g5,2029,nearest_physical,ringdown_plus_photon_geometry,wq,16,0.040625,0.1547619047619048,,,
collapsed_equivalence,grouped_physical_interpolation,,blocks_3x3_shifted_g5,2030,nearest_physical,ringdown,k,16,0.00015625,0.0625,,,
collapsed_equivalence,grouped_physical_interpolation,,blocks_3x3_shifted_g5,2030,nearest_physical,ringdown,wq,16,0.079375,0.3023809523809523,,,
collapsed_equivalence,grouped_physical_interpolation,,blocks_3x3_shifted_g5,2030,nearest_physical,ringdown_plus_photon_geometry,k,16,0.000265625,0.10625,,,
collapsed_equivalence,grouped_physical_interpolation,,blocks_3x3_shifted_g5,2030,nearest_physical,ringdown_plus_photon_geometry,wq,16,0.04375,0.1666666666666667,,,
collapsed_equivalence,grouped_physical_interpolation,,blocks_3x3_shifted_g6,2026,nearest_physical,ringdown,k,12,0.000125,0.05,,,
collapsed_equivalence,grouped_physical_interpolation,,blocks_3x3_shifted_g6,2026,nearest_physical,ringdown,wq,12,0.0497222222222221,0.1894179894179893,,,
collapsed_equivalence,grouped_physical_interpolation,,blocks_3x3_shifted_g6,2026,nearest_physical,ringdown_plus_photon_geometry,k,12,0.0006875,0.275,,,
collapsed_equivalence,grouped_physical_interpolation,,blocks_3x3_shifted_g6,2026,nearest_physical,ringdown_plus_photon_geometry,wq,12,0.0190277777777778,0.0724867724867726,,,
collapsed_equivalence,grouped_physical_interpolation,,blocks_3x3_shifted_g6,2027,nearest_physical,ringdown,k,12,0.000125,0.05,,,
collapsed_equivalence,grouped_physical_interpolation,,blocks_3x3_shifted_g6,2027,nearest_physical,ringdown,wq,12,0.0497222222222221,0.1894179894179893,,,
collapsed_equivalence,grouped_physical_interpolation,,blocks_3x3_shifted_g6,2027,nearest_physical,ringdown_plus_photon_geometry,k,12,0.0006875,0.275,,,
collapsed_equivalence,grouped_physical_interpolation,,blocks_3x3_shifted_g6,2027,nearest_physical,ringdown_plus_photon_geometry,wq,12,0.0193055555555555,0.0735449735449736,,,
collapsed_equivalence,grouped_physical_interpolation,,blocks_3x3_shifted_g6,2028,nearest_physical,ringdown,k,12,0.0001666666666666,0.0666666666666666,,,
collapsed_equivalence,grouped_physical_interpolation,,blocks_3x3_shifted_g6,2028,nearest_physical,ringdown,wq,12,0.0522222222222221,0.1989417989417988,,,
collapsed_equivalence,grouped_physical_interpolation,,blocks_3x3_shifted_g6,2028,nearest_physical,ringdown_plus_photon_geometry,k,12,0.000375,0.15,,,
collapsed_equivalence,grouped_physical_interpolation,,blocks_3x3_shifted_g6,2028,nearest_physical,ringdown_plus_photon_geometry,wq,12,0.0497222222222221,0.1894179894179893,,,
collapsed_equivalence,grouped_physical_interpolation,,blocks_3x3_shifted_g6,2029,nearest_physical,ringdown,k,12,0.0001875,0.075,,,
collapsed_equivalence,grouped_physical_interpolation,,blocks_3x3_shifted_g6,2029,nearest_physical,ringdown,wq,12,0.0511805555555555,0.1949735449735448,,,
collapsed_equivalence,grouped_physical_interpolation,,blocks_3x3_shifted_g6,2029,nearest_physical,ringdown_plus_photon_geometry,k,12,0.0006875,0.275,,,
collapsed_equivalence,grouped_physical_interpolation,,blocks_3x3_shifted_g6,2029,nearest_physical,ringdown_plus_photon_geometry,wq,12,0.0193055555555555,0.0735449735449736,,,
collapsed_equivalence,grouped_physical_interpolation,,blocks_3x3_shifted_g6,2030,nearest_physical,ringdown,k,12,0.0001458333333333,0.0583333333333333,,,
collapsed_equivalence,grouped_physical_interpolation,,blocks_3x3_shifted_g6,2030,nearest_physical,ringdown,wq,12,0.0611805555555555,0.2330687830687829,,,
collapsed_equivalence,grouped_physical_interpolation,,blocks_3x3_shifted_g6,2030,nearest_physical,ringdown_plus_photon_geometry,k,12,0.0006875,0.275,,,
collapsed_equivalence,grouped_physical_interpolation,,blocks_3x3_shifted_g6,2030,nearest_physical,ringdown_plus_photon_geometry,wq,12,0.0190277777777778,0.0724867724867726,,,
collapsed_equivalence,grouped_physical_interpolation,,blocks_3x3_shifted_g7,2026,nearest_physical,ringdown,k,16,0.000171875,0.0687499999999999,,,
collapsed_equivalence,grouped_physical_interpolation,,blocks_3x3_shifted_g7,2026,nearest_physical,ringdown,wq,16,0.0482291666666666,0.1837301587301586,,,
collapsed_equivalence,grouped_physical_interpolation,,blocks_3x3_shifted_g7,2026,nearest_physical,ringdown_plus_photon_geometry,k,16,0.00034375,0.1374999999999999,,,
collapsed_equivalence,grouped_physical_interpolation,,blocks_3x3_shifted_g7,2026,nearest_physical,ringdown_plus_photon_geometry,wq,16,0.0256249999999999,0.0976190476190475,,,
collapsed_equivalence,grouped_physical_interpolation,,blocks_3x3_shifted_g7,2027,nearest_physical,ringdown,k,16,0.000140625,0.05625,,,
collapsed_equivalence,grouped_physical_interpolation,,blocks_3x3_shifted_g7,2027,nearest_physical,ringdown,wq,16,0.0426041666666666,0.1623015873015872,,,
collapsed_equivalence,grouped_physical_interpolation,,blocks_3x3_shifted_g7,2027,nearest_physical,ringdown_plus_photon_geometry,k,16,0.000359375,0.14375,,,
collapsed_equivalence,grouped_physical_interpolation,,blocks_3x3_shifted_g7,2027,nearest_physical,ringdown_plus_photon_geometry,wq,16,0.0287499999999999,0.1095238095238094,,,
collapsed_equivalence,grouped_physical_interpolation,,blocks_3x3_shifted_g7,2028,nearest_physical,ringdown,k,16,0.000140625,0.05625,,,
collapsed_equivalence,grouped_physical_interpolation,,blocks_3x3_shifted_g7,2028,nearest_physical,ringdown,wq,16,0.0457291666666666,0.1742063492063491,,,
collapsed_equivalence,grouped_physical_interpolation,,blocks_3x3_shifted_g7,2028,nearest_physical,ringdown_plus_photon_geometry,k,16,0.0003906249999999,0.1562499999999999,,,
collapsed_equivalence,grouped_physical_interpolation,,blocks_3x3_shifted_g7,2028,nearest_physical,ringdown_plus_photon_geometry,wq,16,0.0240625,0.0916666666666666,,,
collapsed_equivalence,grouped_physical_interpolation,,blocks_3x3_shifted_g7,2029,nearest_physical,ringdown,k,16,0.000140625,0.05625,,,
collapsed_equivalence,grouped_physical_interpolation,,blocks_3x3_shifted_g7,2029,nearest_physical,ringdown,wq,16,0.0474999999999999,0.1809523809523808,,,
collapsed_equivalence,grouped_physical_interpolation,,blocks_3x3_shifted_g7,2029,nearest_physical,ringdown_plus_photon_geometry,k,16,0.00046875,0.1875,,,
collapsed_equivalence,grouped_physical_interpolation,,blocks_3x3_shifted_g7,2029,nearest_physical,ringdown_plus_photon_geometry,wq,16,0.0225,0.0857142857142857,,,
collapsed_equivalence,grouped_physical_interpolation,,blocks_3x3_shifted_g7,2030,nearest_physical,ringdown,k,16,0.000125,0.05,,,
collapsed_equivalence,grouped_physical_interpolation,,blocks_3x3_shifted_g7,2030,nearest_physical,ringdown,wq,16,0.0441666666666666,0.1682539682539681,,,
collapsed_equivalence,grouped_physical_interpolation,,blocks_3x3_shifted_g7,2030,nearest_physical,ringdown_plus_photon_geometry,k,16,0.000359375,0.14375,,,
collapsed_equivalence,grouped_physical_interpolation,,blocks_3x3_shifted_g7,2030,nearest_physical,ringdown_plus_photon_geometry,wq,16,0.0256249999999999,0.0976190476190475,,,
collapsed_equivalence,grouped_physical_interpolation,,blocks_3x3_shifted_g8,2026,nearest_physical,ringdown,k,16,0.0002187499999999,0.0875,,,
collapsed_equivalence,grouped_physical_interpolation,,blocks_3x3_shifted_g8,2026,nearest_physical,ringdown,wq,16,0.059375,0.2261904761904763,,,
collapsed_equivalence,grouped_physical_interpolation,,blocks_3x3_shifted_g8,2026,nearest_physical,ringdown_plus_photon_geometry,k,16,0.0003906249999999,0.1562499999999999,,,
collapsed_equivalence,grouped_physical_interpolation,,blocks_3x3_shifted_g8,2026,nearest_physical,ringdown_plus_photon_geometry,wq,16,0.0421875,0.1607142857142858,,,
collapsed_equivalence,grouped_physical_interpolation,,blocks_3x3_shifted_g8,2027,nearest_physical,ringdown,k,16,0.0002812499999999,0.1124999999999999,,,
collapsed_equivalence,grouped_physical_interpolation,,blocks_3x3_shifted_g8,2027,nearest_physical,ringdown,wq,16,0.0721875,0.275,,,
collapsed_equivalence,grouped_physical_interpolation,,blocks_3x3_shifted_g8,2027,nearest_physical,ringdown_plus_photon_geometry,k,16,0.0003749999999999,0.1499999999999999,,,
collapsed_equivalence,grouped_physical_interpolation,,blocks_3x3_shifted_g8,2027,nearest_physical,ringdown_plus_photon_geometry,wq,16,0.046875,0.1785714285714286,,,
collapsed_equivalence,grouped_physical_interpolation,,blocks_3x3_shifted_g8,2028,nearest_physical,ringdown,k,16,0.0002187499999999,0.0875,,,
collapsed_equivalence,grouped_physical_interpolation,,blocks_3x3_shifted_g8,2028,nearest_physical,ringdown,wq,16,0.0609375,0.2321428571428573,,,
collapsed_equivalence,grouped_physical_interpolation,,blocks_3x3_shifted_g8,2028,nearest_physical,ringdown_plus_photon_geometry,k,16,0.00040625,0.1624999999999999,,,
collapsed_equivalence,grouped_physical_interpolation,,blocks_3x3_shifted_g8,2028,nearest_physical,ringdown_plus_photon_geometry,wq,16,0.0453125,0.1726190476190477,,,
collapsed_equivalence,grouped_physical_interpolation,,blocks_3x3_shifted_g8,2029,nearest_physical,ringdown,k,16,0.0002187499999999,0.0875,,,
collapsed_equivalence,grouped_physical_interpolation,,blocks_3x3_shifted_g8,2029,nearest_physical,ringdown,wq,16,0.059375,0.2261904761904763,,,
collapsed_equivalence,grouped_physical_interpolation,,blocks_3x3_shifted_g8,2029,nearest_physical,ringdown_plus_photon_geometry,k,16,0.00040625,0.1624999999999999,,,
collapsed_equivalence,grouped_physical_interpolation,,blocks_3x3_shifted_g8,2029,nearest_physical,ringdown_plus_photon_geometry,wq,16,0.04375,0.1666666666666667,,,
collapsed_equivalence,grouped_physical_interpolation,,blocks_3x3_shifted_g8,2030,nearest_physical,ringdown,k,16,0.000234375,0.09375,,,
collapsed_equivalence,grouped_physical_interpolation,,blocks_3x3_shifted_g8,2030,nearest_physical,ringdown,wq,16,0.06125,0.2333333333333334,,,
collapsed_equivalence,grouped_physical_interpolation,,blocks_3x3_shifted_g8,2030,nearest_physical,ringdown_plus_photon_geometry,k,16,0.000375,0.15,,,
collapsed_equivalence,grouped_physical_interpolation,,blocks_3x3_shifted_g8,2030,nearest_physical,ringdown_plus_photon_geometry,wq,16,0.046875,0.1785714285714286,,,
collapsed_equivalence,random_interpolation,,random_2026,2026,nearest_physical,ringdown,k,23,2.173913043478261e-05,0.008695652173913,,,
collapsed_equivalence,random_interpolation,,random_2026,2026,nearest_physical,ringdown,wq,23,0.0307246376811594,0.1170462387853692,,,
collapsed_equivalence,random_interpolation,,random_2026,2026,nearest_physical,ringdown_plus_photon_geometry,k,23,0.000141304347826,0.0565217391304347,,,
collapsed_equivalence,random_interpolation,,random_2026,2026,nearest_physical,ringdown_plus_photon_geometry,wq,23,0.0256159420289855,0.0975845410628019,,,
collapsed_equivalence,random_interpolation,,random_2027,2027,nearest_physical,ringdown,k,22,3.409090909090907e-05,0.0136363636363636,,,
collapsed_equivalence,random_interpolation,,random_2027,2027,nearest_physical,ringdown,wq,22,0.0307954545454545,0.1173160173160173,,,
collapsed_equivalence,random_interpolation,,random_2027,2027,nearest_physical,ringdown_plus_photon_geometry,k,22,0.0001590909090909,0.0636363636363636,,,
collapsed_equivalence,random_interpolation,,random_2027,2027,nearest_physical,ringdown_plus_photon_geometry,wq,22,0.0261742424242424,0.0997113997113997,,,
collapsed_equivalence,random_interpolation,,random_2028,2028,nearest_physical,ringdown,k,23,5.434782608695655e-05,0.0217391304347826,,,
collapsed_equivalence,random_interpolation,,random_2028,2028,nearest_physical,ringdown,wq,23,0.0389130434782608,0.1482401656314699,,,
collapsed_equivalence,random_interpolation,,random_2028,2028,nearest_physical,ringdown_plus_photon_geometry,k,23,0.0001739130434782,0.0695652173913043,,,
collapsed_equivalence,random_interpolation,,random_2028,2028,nearest_physical,ringdown_plus_photon_geometry,wq,23,0.0239492753623188,0.0912353347135956,,,
collapsed_equivalence,random_interpolation,,random_2029,2029,nearest_physical,ringdown,k,23,7.608695652173916e-05,0.0304347826086956,,,
collapsed_equivalence,random_interpolation,,random_2029,2029,nearest_physical,ringdown,wq,23,0.0312681159420289,0.1191166321601104,,,
collapsed_equivalence,random_interpolation,,random_2029,2029,nearest_physical,ringdown_plus_photon_geometry,k,23,0.0002065217391304,0.0826086956521739,,,
collapsed_equivalence,random_interpolation,,random_2029,2029,nearest_physical,ringdown_plus_photon_geometry,wq,23,0.0192028985507246,0.0731538992408557,,,
collapsed_equivalence,random_interpolation,,random_2030,2030,nearest_physical,ringdown,k,22,7.954545454545456e-05,0.0318181818181818,,,
collapsed_equivalence,random_interpolation,,random_2030,2030,nearest_physical,ringdown,wq,22,0.0354924242424242,0.1352092352092351,,,
collapsed_equivalence,random_interpolation,,random_2030,2030,nearest_physical,ringdown_plus_photon_geometry,k,22,0.0001931818181818,0.0772727272727272,,,
collapsed_equivalence,random_interpolation,,random_2030,2030,nearest_physical,ringdown_plus_photon_geometry,wq,22,0.02,0.0761904761904761,,,
