M,k,wq,initial_apocentre_phi,initial_apocentre_radius,next_pericentre_phi,next_pericentre_radius,next_apocentre_phi,next_apocentre_radius,orbital__radial_azimuthal_period,orbital__apsidal_advance,orbital__r_emit__mean,orbital__r_emit__amplitude,orbital__r_emit__reference,orbital__r_emit__cos1,orbital__r_emit__sin1,orbital__r_emit__cos2,orbital__r_emit__sin2,orbital__r_emit__cos3,orbital__r_emit__sin3,orbital__p_r_emit__mean,orbital__p_r_emit__amplitude,orbital__p_r_emit__reference,orbital__p_r_emit__cos1,orbital__p_r_emit__sin1,orbital__p_r_emit__cos2,orbital__p_r_emit__sin2,orbital__p_r_emit__cos3,orbital__p_r_emit__sin3,photon_geometry__impact_parameter__mean,photon_geometry__impact_parameter__amplitude,photon_geometry__impact_parameter__reference,photon_geometry__impact_parameter__cos1,photon_geometry__impact_parameter__sin1,photon_geometry__impact_parameter__cos2,photon_geometry__impact_parameter__sin2,photon_geometry__impact_parameter__cos3,photon_geometry__impact_parameter__sin3,photon_geometry__alpha_sky__mean,photon_geometry__alpha_sky__amplitude,photon_geometry__alpha_sky__reference,photon_geometry__alpha_sky__cos1,photon_geometry__alpha_sky__sin1,photon_geometry__alpha_sky__cos2,photon_geometry__alpha_sky__sin2,photon_geometry__alpha_sky__cos3,photon_geometry__alpha_sky__sin3,photon_geometry__beta_sky__mean,photon_geometry__beta_sky__amplitude,photon_geometry__beta_sky__reference,photon_geometry__beta_sky__cos1,photon_geometry__beta_sky__sin1,photon_geometry__beta_sky__cos2,photon_geometry__beta_sky__sin2,photon_geometry__beta_sky__cos3,photon_geometry__beta_sky__sin3,redshift__redshift__mean,redshift__redshift__amplitude,redshift__redshift__reference,redshift__redshift__cos1,redshift__redshift__sin1,redshift__redshift__cos2,redshift__redshift__sin2,redshift__redshift__cos3,redshift__redshift__sin3,timing__excess_time_delay__mean,timing__excess_time_delay__amplitude,timing__excess_time_delay__reference,timing__excess_time_delay__cos1,timing__excess_time_delay__sin1,timing__excess_time_delay__cos2,timing__excess_time_delay__sin2,timing__excess_time_delay__cos3,timing__excess_time_delay__sin3,timing__arrival_time_relative__mean,timing__arrival_time_relative__amplitude,timing__arrival_time_relative__cos1,timing__arrival_time_relative__sin1,timing__arrival_time_relative__cos2,timing__arrival_time_relative__sin2,timing__arrival_time_relative__cos3,timing__arrival_time_relative__sin3,delta_r,r_photon,Omega,lambda
1.0,0.0,-0.7125,3.141592653589793,12.0,8.28374830030291,8.0,13.425903947016023,12.0,10.28431129342623,4.0011259862466435,9.444122030369288,1.999847331227552,12.0,0.5817016121821427,1.6273922966119465,0.05515028476196622,0.6753047803622357,0.018679254413352997,0.41455079262179706,-0.02794359295122629,0.0486858212986637,0.0,0.03191728761285997,-0.020786094894052344,0.005958192156120456,-0.006353466116018834,0.002489576652799085,-0.0040478302266652435,9.621616729147956,2.1893155417647923,10.384586688878384,-0.45503672484680874,1.102444027149035,-0.6301783498884378,-0.08534541418310143,0.01728589822957699,0.1970160848321317,0.005439639454734961,0.12506612059589595,-0.1266022405785931,-0.10448514332956846,0.05248351428946404,-7.788311254481593e-05,-0.008104006111164647,-0.004918477585840873,-0.007227888170289523,0.006037716480151166,0.12247554228726709,0.0259803420539647,0.029601982197682286,0.11840638477856773,-0.005512467341407471,-0.0007073100117260171,-0.004487660634444191,0.004609390425826944,0.1805060427661616,0.2942907875421118,0.0293025998174556,-0.1491963660934047,0.25819642209804294,0.02471960088998325,-0.017234089392018398,-0.010479149627145672,-0.003846364146166465,5.525391563737023,1.4965280652038118,4.171339576778607,-1.0448324707093624,-0.845218132789661,0.18723980367404486,0.06408870655808462,-0.0238207621363742,-0.16659153898489448,112.71611569832936,92.65689907927882,-15.656326684150546,-58.15832439275465,-1.8349864887003478,-29.502469607647775,-0.7656215378374399,-19.69753774923438,0.0,3.0,0.19245008972987526,0.19245008972987526
1.0,0.0,-0.69,3.141592653589793,12.0,8.28374830030291,8.0,13.425903947016023,12.0,10.28431129342623,4.0011259862466435,9.444122030369288,1.999847331227552,12.0,0.5817016121821427,1.6273922966119465,0.05515028476196622,0.6753047803622357,0.018679254413352997,0.41455079262179706,-0.02794359295122629,0.0486858212986637,0.0,0.03191728761285997,-0.020786094894052344,0.005958192156120456,-0.006353466116018834,0.002489576652799085,-0.0040478302266652435,9.621616729147956,2.1893155417647923,10.384586688878384,-0.45503672484680874,1.102444027149035,-0.6301783498884378,-0.08534541418310143,0.01728589822957699,0.1970160848321317,0.005439639454734961,0.12506612059589595,-0.1266022405785931,-0.10448514332956846,0.05248351428946404,-7.788311254481593e-05,-0.008104006111164647,-0.004918477585840873,-0.007227888170289523,0.006037716480151166,0.12247554228726709,0.0259803420539647,0.029601982197682286,0.11840638477856773,-0.005512467341407471,-0.0007073100117260171,-0.004487660634444191,0.004609390425826944,0.1805060427661616,0.2942907875421118,0.0293025998174556,-0.1491963660934047,0.25819642209804294,0.02471960088998325,-0.017234089392018398,-0.010479149627145672,-0.003846364146166465,5.525391563737023,1.4965280652038118,4.171339576778607,-1.0448324707093624,-0.845218132789661,0.18723980367404486,0.06408870655808462,-0.0238207621363742,-0.16659153898489448,112.71611569832936,92.65689907927882,-15.656326684150546,-58.15832439275465,-1.8349864887003478,-29.502469607647775,-0.7656215378374399,-19.69753774923438,0.0,3.0,0.19245008972987526,0.19245008972987526
1.0,0.0,-0.6666666666666666,3.141592653589793,12.0,8.28374830030291,8.0,13.425903947016023,12.0,10.28431129342623,4.0011259862466435,9.444122030369288,1.999847331227552,12.0,0.5817016121821427,1.6273922966119465,0.05515028476196622,0.6753047803622357,0.018679254413352997,0.41455079262179706,-0.02794359295122629,0.0486858212986637,0.0,0.03191728761285997,-0.020786094894052344,0.005958192156120456,-0.006353466116018834,0.002489576652799085,-0.0040478302266652435,9.621616729147956,2.1893155417647923,10.384586688878384,-0.45503672484680874,1.102444027149035,-0.6301783498884378,-0.08534541418310143,0.01728589822957699,0.1970160848321317,0.005439639454734961,0.12506612059589595,-0.1266022405785931,-0.10448514332956846,0.05248351428946404,-7.788311254481593e-05,-0.008104006111164647,-0.004918477585840873,-0.007227888170289523,0.006037716480151166,0.12247554228726709,0.0259803420539647,0.029601982197682286,0.11840638477856773,-0.005512467341407471,-0.0007073100117260171,-0.004487660634444191,0.004609390425826944,0.1805060427661616,0.2942907875421118,0.0293025998174556,-0.1491963660934047,0.25819642209804294,0.02471960088998325,-0.017234089392018398,-0.010479149627145672,-0.003846364146166465,5.525391563737023,1.4965280652038118,4.171339576778607,-1.0448324707093624,-0.845218132789661,0.18723980367404486,0.06408870655808462,-0.0238207621363742,-0.16659153898489448,112.71611569832936,92.65689907927882,-15.656326684150546,-58.15832439275465,-1.8349864887003478,-29.502469607647775,-0.7656215378374399,-19.69753774923438,0.0,3.0,0.19245008972987526,0.19245008972987526
1.0,0.0,-0.64,3.141592653589793,12.0,8.28374830030291,8.0,13.425903947016023,12.0,10.28431129342623,4.0011259862466435,9.444122030369288,1.999847331227552,12.0,0.5817016121821427,1.6273922966119465,0.05515028476196622,0.6753047803622357,0.018679254413352997,0.41455079262179706,-0.02794359295122629,0.0486858212986637,0.0,0.03191728761285997,-0.020786094894052344,0.005958192156120456,-0.006353466116018834,0.002489576652799085,-0.0040478302266652435,9.621616729147956,2.1893155417647923,10.384586688878384,-0.45503672484680874,1.102444027149035,-0.6301783498884378,-0.08534541418310143,0.01728589822957699,0.1970160848321317,0.005439639454734961,0.12506612059589595,-0.1266022405785931,-0.10448514332956846,0.05248351428946404,-7.788311254481593e-05,-0.008104006111164647,-0.004918477585840873,-0.007227888170289523,0.006037716480151166,0.12247554228726709,0.0259803420539647,0.029601982197682286,0.11840638477856773,-0.005512467341407471,-0.0007073100117260171,-0.004487660634444191,0.004609390425826944,0.1805060427661616,0.2942907875421118,0.0293025998174556,-0.1491963660934047,0.25819642209804294,0.02471960088998325,-0.017234089392018398,-0.010479149627145672,-0.003846364146166465,5.525391563737023,1.4965280652038118,4.171339576778607,-1.0448324707093624,-0.845218132789661,0.18723980367404486,0.06408870655808462,-0.0238207621363742,-0.16659153898489448,112.71611569832936,92.65689907927882,-15.656326684150546,-58.15832439275465,-1.8349864887003478,-29.502469607647775,-0.7656215378374399,-19.69753774923438,0.0,3.0,0.19245008972987526,0.19245008972987526
1.0,0.0,-0.61,3.141592653589793,12.0,8.28374830030291,8.0,13.425903947016023,12.0,10.28431129342623,4.0011259862466435,9.444122030369288,1.999847331227552,12.0,0.5817016121821427,1.6273922966119465,0.05515028476196622,0.6753047803622357,0.018679254413352997,0.41455079262179706,-0.02794359295122629,0.0486858212986637,0.0,0.03191728761285997,-0.020786094894052344,0.005958192156120456,-0.006353466116018834,0.002489576652799085,-0.0040478302266652435,9.621616729147956,2.1893155417647923,10.384586688878384,-0.45503672484680874,1.102444027149035,-0.6301783498884378,-0.08534541418310143,0.01728589822957699,0.1970160848321317,0.005439639454734961,0.12506612059589595,-0.1266022405785931,-0.10448514332956846,0.05248351428946404,-7.788311254481593e-05,-0.008104006111164647,-0.004918477585840873,-0.007227888170289523,0.006037716480151166,0.12247554228726709,0.0259803420539647,0.029601982197682286,0.11840638477856773,-0.005512467341407471,-0.0007073100117260171,-0.004487660634444191,0.004609390425826944,0.1805060427661616,0.2942907875421118,0.0293025998174556,-0.1491963660934047,0.25819642209804294,0.02471960088998325,-0.017234089392018398,-0.010479149627145672,-0.003846364146166465,5.525391563737023,1.4965280652038118,4.171339576778607,-1.0448324707093624,-0.845218132789661,0.18723980367404486,0.06408870655808462,-0.0238207621363742,-0.16659153898489448,112.71611569832936,92.65689907927882,-15.656326684150546,-58.15832439275465,-1.8349864887003478,-29.502469607647775,-0.7656215378374399,-19.69753774923438,0.0,3.0,0.19245008972987526,0.19245008972987526
1.0,0.0,-0.58,3.141592653589793,12.0,8.28374830030291,8.0,13.425903947016023,12.0,10.28431129342623,4.0011259862466435,9.444122030369288,1.999847331227552,12.0,0.5817016121821427,1.6273922966119465,0.05515028476196622,0.6753047803622357,0.018679254413352997,0.41455079262179706,-0.02794359295122629,0.0486858212986637,0.0,0.03191728761285997,-0.020786094894052344,0.005958192156120456,-0.006353466116018834,0.002489576652799085,-0.0040478302266652435,9.621616729147956,2.1893155417647923,10.384586688878384,-0.45503672484680874,1.102444027149035,-0.6301783498884378,-0.08534541418310143,0.01728589822957699,0.1970160848321317,0.005439639454734961,0.12506612059589595,-0.1266022405785931,-0.10448514332956846,0.05248351428946404,-7.788311254481593e-05,-0.008104006111164647,-0.004918477585840873,-0.007227888170289523,0.006037716480151166,0.12247554228726709,0.0259803420539647,0.029601982197682286,0.11840638477856773,-0.005512467341407471,-0.0007073100117260171,-0.004487660634444191,0.004609390425826944,0.1805060427661616,0.2942907875421118,0.0293025998174556,-0.1491963660934047,0.25819642209804294,0.02471960088998325,-0.017234089392018398,-0.010479149627145672,-0.003846364146166465,5.525391563737023,1.4965280652038118,4.171339576778607,-1.0448324707093624,-0.845218132789661,0.18723980367404486,0.06408870655808462,-0.0238207621363742,-0.16659153898489448,112.71611569832936,92.65689907927882,-15.656326684150546,-58.15832439275465,-1.8349864887003478,-29.502469607647775,-0.7656215378374399,-19.69753774923438,0.0,3.0,0.19245008972987526,0.19245008972987526
1.0,0.0,-0.55,3.141592653589793,12.0,8.28374830030291,8.0,13.425903947016023,12.0,10.28431129342623,4.0011259862466435,9.444122030369288,1.999847331227552,12.0,0.5817016121821427,1.6273922966119465,0.05515028476196622,0.6753047803622357,0.018679254413352997,0.41455079262179706,-0.02794359295122629,0.0486858212986637,0.0,0.03191728761285997,-0.020786094894052344,0.005958192156120456,-0.006353466116018834,0.002489576652799085,-0.0040478302266652435,9.621616729147956,2.1893155417647923,10.384586688878384,-0.45503672484680874,1.102444027149035,-0.6301783498884378,-0.08534541418310143,0.01728589822957699,0.1970160848321317,0.005439639454734961,0.12506612059589595,-0.1266022405785931,-0.10448514332956846,0.05248351428946404,-7.788311254481593e-05,-0.008104006111164647,-0.004918477585840873,-0.007227888170289523,0.006037716480151166,0.12247554228726709,0.0259803420539647,0.029601982197682286,0.11840638477856773,-0.005512467341407471,-0.0007073100117260171,-0.004487660634444191,0.004609390425826944,0.1805060427661616,0.2942907875421118,0.0293025998174556,-0.1491963660934047,0.25819642209804294,0.02471960088998325,-0.017234089392018398,-0.010479149627145672,-0.003846364146166465,5.525391563737023,1.4965280652038118,4.171339576778607,-1.0448324707093624,-0.845218132789661,0.18723980367404486,0.06408870655808462,-0.0238207621363742,-0.16659153898489448,112.71611569832936,92.65689907927882,-15.656326684150546,-58.15832439275465,-1.8349864887003478,-29.502469607647775,-0.7656215378374399,-19.69753774923438,0.0,3.0,0.19245008972987526,0.19245008972987526
1.0,0.0,-0.525,3.141592653589793,12.0,8.28374830030291,8.0,13.425903947016023,12.0,10.28431129342623,4.0011259862466435,9.444122030369288,1.999847331227552,12.0,0.5817016121821427,1.6273922966119465,0.05515028476196622,0.6753047803622357,0.018679254413352997,0.41455079262179706,-0.02794359295122629,0.0486858212986637,0.0,0.03191728761285997,-0.020786094894052344,0.005958192156120456,-0.006353466116018834,0.002489576652799085,-0.0040478302266652435,9.621616729147956,2.1893155417647923,10.384586688878384,-0.45503672484680874,1.102444027149035,-0.6301783498884378,-0.08534541418310143,0.01728589822957699,0.1970160848321317,0.005439639454734961,0.12506612059589595,-0.1266022405785931,-0.10448514332956846,0.05248351428946404,-7.788311254481593e-05,-0.008104006111164647,-0.004918477585840873,-0.007227888170289523,0.006037716480151166,0.12247554228726709,0.0259803420539647,0.029601982197682286,0.11840638477856773,-0.005512467341407471,-0.0007073100117260171,-0.004487660634444191,0.004609390425826944,0.1805060427661616,0.2942907875421118,0.0293025998174556,-0.1491963660934047,0.25819642209804294,0.02471960088998325,-0.017234089392018398,-0.010479149627145672,-0.003846364146166465,5.525391563737023,1.4965280652038118,4.171339576778607,-1.0448324707093624,-0.845218132789661,0.18723980367404486,0.06408870655808462,-0.0238207621363742,-0.16659153898489448,112.71611569832936,92.65689907927882,-15.656326684150546,-58.15832439275465,-1.8349864887003478,-29.502469607647775,-0.7656215378374399,-19.69753774923438,0.0,3.0,0.19245008972987526,0.19245008972987526
1.0,0.0,-0.5,3.141592653589793,12.0,8.28374830030291,8.0,13.425903947016023,12.0,10.28431129342623,4.0011259862466435,9.444122030369288,1.999847331227552,12.0,0.5817016121821427,1.6273922966119465,0.05515028476196622,0.6753047803622357,0.018679254413352997,0.41455079262179706,-0.02794359295122629,0.0486858212986637,0.0,0.03191728761285997,-0.020786094894052344,0.005958192156120456,-0.006353466116018834,0.002489576652799085,-0.0040478302266652435,9.621616729147956,2.1893155417647923,10.384586688878384,-0.45503672484680874,1.102444027149035,-0.6301783498884378,-0.08534541418310143,0.01728589822957699,0.1970160848321317,0.005439639454734961,0.12506612059589595,-0.1266022405785931,-0.10448514332956846,0.05248351428946404,-7.788311254481593e-05,-0.008104006111164647,-0.004918477585840873,-0.007227888170289523,0.006037716480151166,0.12247554228726709,0.0259803420539647,0.029601982197682286,0.11840638477856773,-0.005512467341407471,-0.0007073100117260171,-0.004487660634444191,0.004609390425826944,0.1805060427661616,0.2942907875421118,0.0293025998174556,-0.1491963660934047,0.25819642209804294,0.02471960088998325,-0.017234089392018398,-0.010479149627145672,-0.003846364146166465,5.525391563737023,1.4965280652038118,4.171339576778607,-1.0448324707093624,-0.845218132789661,0.18723980367404486,0.06408870655808462,-0.0238207621363742,-0.16659153898489448,112.71611569832936,92.65689907927882,-15.656326684150546,-58.15832439275465,-1.8349864887003478,-29.502469607647775,-0.7656215378374399,-19.69753774923438,0.0,3.0,0.19245008972987526,0.19245008972987526
1.0,0.0,-0.475,3.141592653589793,12.0,8.28374830030291,8.0,13.425903947016023,12.0,10.28431129342623,4.0011259862466435,9.444122030369288,1.999847331227552,12.0,0.5817016121821427,1.6273922966119465,0.05515028476196622,0.6753047803622357,0.018679254413352997,0.41455079262179706,-0.02794359295122629,0.0486858212986637,0.0,0.03191728761285997,-0.020786094894052344,0.005958192156120456,-0.006353466116018834,0.002489576652799085,-0.0040478302266652435,9.621616729147956,2.1893155417647923,10.384586688878384,-0.45503672484680874,1.102444027149035,-0.6301783498884378,-0.08534541418310143,0.01728589822957699,0.1970160848321317,0.005439639454734961,0.12506612059589595,-0.1266022405785931,-0.10448514332956846,0.05248351428946404,-7.788311254481593e-05,-0.008104006111164647,-0.004918477585840873,-0.007227888170289523,0.006037716480151166,0.12247554228726709,0.0259803420539647,0.029601982197682286,0.11840638477856773,-0.005512467341407471,-0.0007073100117260171,-0.004487660634444191,0.004609390425826944,0.1805060427661616,0.2942907875421118,0.0293025998174556,-0.1491963660934047,0.25819642209804294,0.02471960088998325,-0.017234089392018398,-0.010479149627145672,-0.003846364146166465,5.525391563737023,1.4965280652038118,4.171339576778607,-1.0448324707093624,-0.845218132789661,0.18723980367404486,0.06408870655808462,-0.0238207621363742,-0.16659153898489448,112.71611569832936,92.65689907927882,-15.656326684150546,-58.15832439275465,-1.8349864887003478,-29.502469607647775,-0.7656215378374399,-19.69753774923438,0.0,3.0,0.19245008972987526,0.19245008972987526
1.0,0.0,-0.45,3.141592653589793,12.0,8.28374830030291,8.0,13.425903947016023,12.0,10.28431129342623,4.0011259862466435,9.444122030369288,1.999847331227552,12.0,0.5817016121821427,1.6273922966119465,0.05515028476196622,0.6753047803622357,0.018679254413352997,0.41455079262179706,-0.02794359295122629,0.0486858212986637,0.0,0.03191728761285997,-0.020786094894052344,0.005958192156120456,-0.006353466116018834,0.002489576652799085,-0.0040478302266652435,9.621616729147956,2.1893155417647923,10.384586688878384,-0.45503672484680874,1.102444027149035,-0.6301783498884378,-0.08534541418310143,0.01728589822957699,0.1970160848321317,0.005439639454734961,0.12506612059589595,-0.1266022405785931,-0.10448514332956846,0.05248351428946404,-7.788311254481593e-05,-0.008104006111164647,-0.004918477585840873,-0.007227888170289523,0.006037716480151166,0.12247554228726709,0.0259803420539647,0.029601982197682286,0.11840638477856773,-0.005512467341407471,-0.0007073100117260171,-0.004487660634444191,0.004609390425826944,0.1805060427661616,0.2942907875421118,0.0293025998174556,-0.1491963660934047,0.25819642209804294,0.02471960088998325,-0.017234089392018398,-0.010479149627145672,-0.003846364146166465,5.525391563737023,1.4965280652038118,4.171339576778607,-1.0448324707093624,-0.845218132789661,0.18723980367404486,0.06408870655808462,-0.0238207621363742,-0.16659153898489448,112.71611569832936,92.65689907927882,-15.656326684150546,-58.15832439275465,-1.8349864887003478,-29.502469607647775,-0.7656215378374399,-19.69753774923438,0.0,3.0,0.19245008972987526,0.19245008972987526
1.0,0.00025,-0.7125,3.141592653589793,12.0,8.486884305017533,7.999999999999989,13.832175956445273,12.000000000000009,10.69058330285548,4.407397995675893,9.495433115693107,1.999997824601654,12.0,0.5049499457808745,1.6537235748867265,0.04183817242316519,0.6847299041760663,0.014143228993441528,0.423817429832192,-0.029083013180567503,0.04340312660978665,0.0,0.0298037288207712,-0.015825119740565066,0.005594051342642544,-0.004919858765612337,0.0023601310536082425,-0.0031550520129280404,9.681493711789617,2.2959238971011624,10.396215296943044,-0.5257700911842011,1.1339232299141941,-0.65215628659596,-0.08217515987066805,0.01678325984461261,0.2079225569035295,0.0058072419033327076,0.1234925355742013,-0.1243100399629635,-0.10301505650505405,0.05183146300976711,0.00028939048255124033,-0.008336813699485981,-0.0047405187314912755,-0.00723342589955566,0.005999927665867873,0.12107128276413284,0.0255099542015994,0.02922051276676681,0.1169731163579958,-0.005604739057446675,-0.0010669439139499221,-0.004439218085986152,0.004467775402698555,0.15697325286043107,0.2830979434889691,0.0125747027945575,-0.14059813640226732,0.24904664126996695,0.024447369700315625,-0.017103875091170947,-0.009495541106203783,-0.004582322780617853,7.04394932921903,1.5041923227521323,5.679041173658192,-1.0392744619594014,-0.8611723022499921,0.19287326264887325,0.0574339799582646,-0.022518784848888355,-0.17225801665574034,112.71123124356781,92.65896186232806,-15.658575741722318,-58.496961176341294,-1.808545195331288,-29.52735939545339,-0.7660002076028115,-19.6992510366721,0.0011285369905749167,3.001128536990575,0.19219827866309308,0.19212090577827637
1.0,0.00025,-0.69,3.141592653589793,12.0,8.4400592230959,8.000000000000048,13.738525792601996,11.999999999999982,10.596933139012203,4.313747831832616,9.48308098017824,1.9998614337619482,12.0,0.5220862184396711,1.6485189237772757,0.04472064076637249,0.6829774620181832,0.015122906937350595,0.4219734942860639,-0.028858448341565722,0.04458784708400545,0.0,0.030292926854470673,-0.016917551371767356,0.005681111363284238,-0.005238532019798131,0.002391738995348041,-0.003354393809232464,9.668691978740526,2.2734325643127247,10.394200502581562,-0.5110397132742386,1.1273079318951404,-0.647289143418106,-0.08251496475201474,0.016911380803640227,0.20572643457373388,0.005737711719732453,0.1239430831437508,-0.124913500717159,-0.10341994281512487,0.052014442164632274,0.0002144722932406642,-0.008297996162649385,-0.004784008260144771,-0.007241000257245081,0.006013690048600542,0.12147989933246045,0.0256337917951406,0.02933018625835873,0.11738266572047018,-0.00559090481651477,-0.000994402739202031,-0.004454633538148375,0.004503223141120565,0.1631911326129694,0.28579268705200916,0.0171823918619073,-0.1425973179293697,0.2512578909947054,0.024546829749011723,-0.017163863683893502,-0.009721427019518088,-0.0044300645065231715,6.685758688967288,1.504309233307005,5.321200495429679,-1.0416494413220423,-0.8588054665502111,0.19175316551726956,0.05863558350416363,-0.022821376529570614,-0.1712449332846367,112.8112210595315,92.73454156213282,-15.674816965443648,-58.46829771814124,-1.8168417911754653,-29.546244505887874,-0.7669803223685517,-19.715119161394075,0.0011298842603712838,3.0011298842603713,0.19221627647472167,0.19214125749180566
1.0,0.00025,-0.6666666666666666,3.141592653589793,12.0,8.40285511640006,8.00000000000003,13.664117579210327,11.999999999999961,10.522524925620534,4.2393396184409475,9.47345419082896,1.999999912715631,12.0,0.5359481119062895,1.644002437943552,0.04709032428018723,0.6814201164644847,0.01592768091458543,0.4203921414191564,-0.0286672699243417,0.0455523836637138,0.0,0.030683056472448466,-0.017809941516317557,0.005750041277287988,-0.005497174342207975,0.0024165308395518313,-0.0035157863228841655,9.65849047456047,2.25484342673376,10.392484145007783,-0.4989685652583416,1.1216962515000748,-0.6433351589089636,-0.08294874928861302,0.017012955612160527,0.20386683412753442,0.005677902442148031,0.1242779236617054,-0.1253724001408054,-0.1037256609758751,0.052151816525797486,0.00015290200075765764,-0.008261895081319939,-0.004818241047019422,-0.0072440501808635985,0.006021965191597721,0.12178245799895815,0.0257279636197479,0.029411542597447136,0.11768779431173682,-0.005576982414846817,-0.0009345289561619318,-0.004465578799408214,0.004530904420794806,0.16794363955139974,0.2879250187501643,0.0206537710527245,-0.14419880109555924,0.25300504976416044,0.024616821639925724,-0.01720528756354513,-0.009903597271061217,-0.004302176127920416,6.405655156446415,1.5041312626616161,5.0417258709917405,-1.0434391499964215,-0.8566697605927063,0.19083122841953698,0.059681945880595076,-0.023065257611811024,-0.17037402434651022,112.86162105573933,92.77289601761525,-15.682364952602692,-58.43110047470052,-1.8227197621604616,-29.5541172700964,-0.7674153723904821,-19.723080806139716,0.0011250000000000003,3.001125,0.19223358337892915,0.19216141459528047
1.0,0.00025,-0.64,3.141592653589793,12.0,8.370909873157235,8.000000000000002,13.600227092724658,12.00000000000004,10.458634439134865,4.175449131955279,9.465333752831445,1.9998837836387438,12.0,0.5480263438014393,1.639852006762592,0.049182518308653105,0.6799594859489546,0.016638273666377504,0.41894788996277804,-0.028493605450775773,0.046393708145524404,0.0,0.03101901082213199,-0.01859351262789475,0.005808851031877032,-0.005723133956234092,0.0024375064143839693,-0.003656500252660998,9.649655776158244,2.2383353130736747,10.390899333694373,-0.48829777929211793,1.1166307626111411,-0.6398760864952757,-0.08343985368862243,0.017099254293057253,0.202182443820037,0.005622861600394348,0.12454374975902499,-0.1257468904341545,-0.10397249677998768,0.05226193520994764,9.828970375359553e-05,-0.008226732094803093,-0.0048471961917149935,-0.0072442267390089195,0.006027049796869273,0.1220214484708661,0.0258048136491994,0.029476040276763305,0.11793049133951898,-0.005562745018109561,-0.0008812099716288046,-0.004473861146024265,0.004554124224102058,0.1718402845941968,0.289739155550911,0.0234536190646474,-0.14557818860102936,0.2544890592757528,0.02466915012691724,-0.01723533649151655,-0.010061489870191337,-0.004187373855828512,6.169182615807549,1.5037021177157115,4.806135161216389,-1.0448488820356379,-0.8546070418037497,0.19001078092502302,0.06065607121652704,-0.023276557847654263,-0.16956978844420084,112.87860487620303,92.78580175461359,-15.68427569522156,-58.386088001834075,-1.8271453387984282,-29.554349268065778,-0.767495543489939,-19.725634887949145,0.0011127729949773639,3.0011127729949774,0.19225179967178974,0.19218327062771537
1.0,0.00025,-0.61,3.141592653589793,12.0,8.344861190482044,8.000000000000002,13.548129727374286,11.999999999999995,10.406537073784493,4.123351766604907,9.458822361440657,1.9999580768600227,12.0,0.5579944368092248,1.6362825020336642,0.0509282106286709,0.6786792926560626,0.017231691442903024,0.4177082247424606,-0.028345033681729154,0.047085204257105454,0.0,0.031293572504675904,-0.019244097236284445,0.005856350125152721,-0.005910041438227326,0.0024543187822164366,-0.0037727042524298687,9.642333753504948,2.224464593720657,10.389497755599042,-0.4793359224176483,1.112341035794077,-0.6370100137945516,-0.08392191231110432,0.017167921768519587,0.20074337066536735,0.005575024033182217,0.12474094482618965,-0.1260345789924453,-0.10415912103794604,0.052344411951795636,5.22212338181379e-05,-0.008194841939150823,-0.004870309344414797,-0.0072424181816046025,0.006029757172943843,0.1221974878535915,0.0258638508914731,0.0295238436698092,0.11811075578489452,-0.005549419248815373,-0.0008360581573000119,-0.0044796879131724044,0.004572490713797814,0.17484559463041616,0.29119730989075904,0.0255708085680563,-0.14670134513144967,0.25567966825491234,0.02470520074782472,-0.017254933406180117,-0.010190817408095408,-0.004090306600163502,5.979641087500122,1.5030661403166121,4.617652507819429,-1.045844066855402,-0.8527138732089601,0.18931472724484097,0.06151353789740964,-0.023449476563505264,-0.16886458076489871,112.86925057465895,92.7783472435729,-15.682016918031742,-58.337822516451666,-1.8302274424037606,-29.54872149839601,-0.7673156488018834,-19.72387870907634,0.0010920129054084323,3.0010920129054086,0.19227046752335217,0.19220636933895438
1.0,0.00025,-0.58,3.141592653589793,12.0,8.326357710641565,7.999999999999997,13.51112276769334,11.999999999999988,10.369530114103547,4.086344806923961,9.454264557071678,1.999999858534454,12.0,0.5651382206185127,1.6336489260274032,0.05218973775074307,0.6777184261679566,0.017661181416341265,0.41679214663270814,-0.028235293900536054,0.047579032775317,0.0,0.031488861346830065,-0.019712253971417574,0.005889676300233224,-0.006044243841026265,0.0024660382452290114,-0.0038560433390330095,9.637001201547571,2.214357714996069,10.38841085648228,-0.47277858046135685,1.1092187391470234,-0.6349483685648634,-0.08430790805587195,0.017214645626974757,0.19968103610539178,0.005539072134233671,0.12486692720809464,-0.126226316263792,-0.10428082022367546,0.05239758146069425,1.8324587908200613e-05,-0.008170178472336205,-0.004886305793134668,-0.007239878924799096,0.006030915966644751,0.1223089169220612,0.025903197745615,0.02955437684303668,0.11822596903302164,-0.005538929467117069,-0.000802717251378676,-0.004483208841087517,0.004585081305353248,0.17685255670831299,0.29221442791368846,0.0269531968973688,-0.1474949085598664,0.2565085928013186,0.02472614303775913,-0.017265195010796996,-0.010282650444898418,-0.004019466461910305,5.846895808161976,1.5023653571503601,4.485945467950401,-1.0464017903122151,-0.8512017580751442,0.18879831011800466,0.06216729342404481,-0.023571973076833765,-0.16832648885881002,112.8460844434626,92.7600606537352,-15.677830174938032,-58.29528427989237,-1.8320572689362777,-29.5405477928625,-0.7670214297378364,-19.719860427644505,0.0010652990539405638,3.0010652990539404,0.192287377905653,0.19222792300508224
1.0,0.00025,-0.55,3.141592653589793,12.0,8.313249079966864,7.999999999999984,13.48490550634393,12.000000000000016,10.343312852754137,4.0601275455745505,9.451074594333383,1.9999842488153625,12.0,0.5702286164565638,1.6317372114961044,0.053093921428837676,0.6770101810963456,0.017969623952966675,0.41612439653422534,-0.02815507494407614,0.0479298151116416,0.0,0.03162720628460499,-0.02004657229283868,0.005912942070610348,-0.006140009777584286,0.0024741768517573485,-0.003915471052223517,9.633095849299702,2.2070446254934857,10.38756705420274,-0.4679928295611236,1.106980604464211,-0.6334744370112357,-0.0846018717593412,0.017245682592727206,0.1989050402537624,0.0055123295651973055,0.12494685291189986,-0.1263539903657356,-0.10435966637094897,0.05243158467819064,-6.5816319589941675e-06,-0.00815153134744403,-0.0048973205527143415,-0.0072373344268594365,0.006031420185847757,0.1223788132683784,0.0259293980468479,0.029573754855532264,0.11829902523547166,-0.005530944892055152,-0.0007781427169918399,-0.004485322292838934,0.004593668742326201,0.1781872885610467,0.29292072601577257,0.0278505551283658,-0.1480526400155117,0.2570832002088111,0.024737814412080172,-0.017269812630943654,-0.010347421040924728,-0.00396834036424537,5.753605181171184,1.5016610525041898,4.39362309704326,-1.0466640243679854,-0.8500000232399931,0.1884148239626252,0.0626614926394896,-0.023657962792327736,-0.16791761330281785,112.81878121027613,92.7384353568163,-15.673237118635724,-58.259692843260396,-1.833126437932697,-29.531986231257896,-0.7667075001627849,-19.715166193847338,0.001033936463672334,3.0010339364636724,0.19230269627416507,0.1922479764537327
1.0,0.00025,-0.525,3.141592653589793,12.0,8.305330666655491,8.000000000000014,13.46906867972118,12.00000000000002,10.327476026131388,4.044290718951801,9.449166003759109,1.999956396319484,12.0,0.5733138710769159,1.630566093430028,0.05364406010387066,0.6765705208026529,0.01815769493257695,0.41571307925962014,-0.028105370731355547,0.048141773723401005,0.0,0.031710638136337,-0.0202493223434324,0.005926772243180668,-0.006198107284837679,0.0024789943937292037,-0.003951510088843447,9.630644125441181,2.2025493154713485,10.387009468790778,-0.465016071004506,1.105626120784887,-0.6325786020485864,-0.08478668008582566,0.017262920854113375,0.19842498813828255,0.005495493088899666,0.12499029211514046,-0.1264270353392601,-0.1044033887385548,0.0524501903821264,-2.218934392748807e-05,-0.008139715142990507,-0.0049037900661657715,-0.007235446024729763,0.00603166455243912,0.12241632191252799,0.0259443877767992,0.029584294086014325,0.11833867955364816,-0.005525891592642415,-0.0007627031136530383,-0.004486413035627508,0.004598667427453298,0.1789470256584953,0.2933390815278222,0.0283491445345827,-0.14838652586444098,0.25742306271738313,0.02474309822748084,-0.01727102180271741,-0.010386268472670034,-0.003937086421936922,5.69727823054419,1.5010975737797665,4.338032887840484,-1.046730888593424,-0.8491909535018531,0.18817165721394408,0.06297793149038566,-0.023709161286443695,-0.16765358929651802,112.79663488653541,92.72082892965035,-15.66964824869667,-58.23535408032872,-1.8336591763768422,-29.525369731272598,-0.7664646128240946,-19.711363035317802,0.0010050573722454588,3.0010050573722453,0.19231435402357888,0.19226358038594243
1.0,0.00025,-0.5,3.141592653589793,12.0,8.29944223060599,8.000000000000037,13.457291807622187,11.999999999999986,10.315699154032394,4.032513846852808,9.44775743511888,1.9999265998644216,12.0,0.575612136419117,1.6296887974050938,0.05405490935149296,0.676237315805578,0.01829845225033714,0.41540307630961354,-0.028067586256614027,0.04829913900866715,0.0,0.03177247329736211,-0.020400266804427816,0.005936881214916839,-0.006241403161896048,0.0024825030803637947,-0.003978363054645881,9.628742612635989,2.1991557102593684,10.386557243605893,-0.4627368690949731,1.1046241110754682,-0.6319097534332089,-0.08492688454296247,0.017274474502415385,0.19806110103168253,0.005482512495691003,0.12501958307793815,-0.1264789559469253,-0.10443342667582155,0.05246280667167206,-3.423470214870173e-05,-0.008130610042586724,-0.004908473955419508,-0.007233842114332947,0.006031882080106001,0.1224412694558427,0.0259550425261988,0.029591405748054304,0.1183653673801567,-0.00552202454964327,-0.0007507623848400189,-0.004487114582634873,0.004602256008679076,0.1794821305614707,0.2936444518496149,0.0286922115463799,-0.1486325211557136,0.2576708675240547,0.024745793697121293,-0.017270750293541526,-0.01041489937497439,-0.003913666739308774,5.655106703418463,1.5005682040600163,4.296529140492623,-1.0467059116865924,-0.8485243925013779,0.18798165792248495,0.06322612179395545,-0.02374652383038357,-0.16744426593629877,112.77665420185257,92.70489309977727,-15.66648773811279,-58.215486358772665,-1.8339881217663663,-29.51954956403142,-0.7662515132249929,-19.707929604938577,0.0009742785792574935,3.0009742785792577,0.19232508972987528,0.19227821472987527
1.0,0.00025,-0.475,3.141592653589793,12.0,8.295089880220285,8.000000000000028,13.448587106850772,12.000000000000009,10.306994453260979,4.023809146081392,9.44672352376052,1.999899562292664,12.0,0.577312160415135,1.629038063960416,0.05435939299996204,0.6759872611846386,0.018403016062218183,0.41517150485910903,-0.028039009341869967,0.048415030796515005,0.0,0.031817913774114255,-0.020511733431665118,0.005944199278787164,-0.006273424804758063,0.0024850335873162635,-0.003998222603031776,9.627265300981362,2.1966085522597885,10.3861902366484,-0.460995512722023,1.103892060485095,-0.6314140038400259,-0.08503144185529433,0.017281874071284183,0.19778723252830285,0.005472559851315156,0.1250391511884421,-0.1265158015134332,-0.10445388654360914,0.052471279778485945,-4.3522798048080616e-05,-0.008123672694490514,-0.0049118383151415404,-0.007232530439368423,0.006032126648328502,0.12245766277375769,0.025962603691125,0.029596159070703832,0.11838314801389013,-0.005519114770348673,-0.0007415371709648678,-0.0044875608971964385,0.004604810386014902,0.17985625594896953,0.29386572461456023,0.0289261156357536,-0.14881244162179566,0.2578502745346035,0.024746794505681097,-0.01726956149162907,-0.01043581614449542,-0.003896257673193911,5.623474291121785,1.5000793069721965,4.265495465885664,-1.0466206048079854,-0.8479750248568442,0.18783308718992528,0.06342007848194194,-0.02377344086222053,-0.1672783899945289,112.75948041253315,92.69115607068292,-15.663821903439972,-58.19958653019252,-1.8341875304797983,-29.514630691405422,-0.7660719933588256,-19.70497492658447,0.0009420812475705694,3.0009420812475707,0.19233497631995286,0.19229191671005377
1.0,0.00025,-0.45,3.141592653589793,12.0,8.291896599807732,8.000000000000021,13.442200546025687,11.999999999999975,10.300607892435893,4.017422585256307,9.445969927439606,1.9998770005650766,12.0,0.5785594229723974,1.6285603949888505,0.054583108516875735,0.6758014897682181,0.018480042411500655,0.41500015127591877,-0.028017496992264652,0.0484995416762101,0.0,0.03185094863213817,-0.02059327533611549,0.005949431725127823,-0.006296897257081346,0.0024868351316892786,-0.004012780475220817,9.626115755883273,2.1947085888632314,10.385892209498936,-0.4596678286495406,1.1033649410893291,-0.6310496755359227,-0.08510818216737971,0.017286286809477927,0.19758266443295802,0.005464968958137615,0.1250520710153874,-0.12654189771542,-0.10446767084573941,0.05247690262109148,-5.068049862832732e-05,-0.008118446080175264,-0.004914230661021737,-0.007231489227759304,0.0060324157821682045,0.12246826815507955,0.0259679589538029,0.029599296726573958,0.11839484385756312,-0.0055169634491284945,-0.0007344152828932198,-0.004487840618973198,0.004606608570476783,0.18011530976782233,0.2940245562323137,0.0290837102851713,-0.14894284678100234,0.25797898252995555,0.024746702032169585,-0.017267831098106146,-0.010450932627578607,-0.0038834262140856105,5.599703701673101,1.4996336681989604,4.242257173162727,-1.0464980908389099,-0.8475218124436091,0.1877167917264018,0.06357114473475212,-0.023792518999977898,-0.16714693358103638,112.74526062493484,92.67975262701958,-15.6616471666221,-58.18709975503162,-1.8343064380919445,-29.51060665979022,-0.7659255353318226,-19.702524971305337,0.0009088823109712959,3.0009088823109713,0.19234408095272354,0.192304725194206
1.0,0.0005,-0.7125,3.141592653589793,12.0,8.72490836859111,8.000000000000025,14.308224083592432,11.999999999999986,11.166631430002639,4.883446122823052,9.56045290089022,1.99999532758408,12.0,0.4238649890322632,1.6715586588435267,0.028876130867223824,0.6906935760817564,0.00965733660670675,0.43102109325768967,-0.03001093217537626,0.037732881130390146,0.0,0.027352649236377164,-0.010843875903006452,0.005168809034005665,-0.0034130927411992326,0.002201168412492596,-0.002203967133436553,9.75399364866892,2.3987564596384905,10.407876796982723,-0.5991524054277031,1.1582722473507983,-0.675044959937554,-0.08384280689787796,0.01624431449344039,0.2173036395458919,0.006150896626444629,0.12192643555477335,-0.1219669031551704,-0.10162862816361207,0.05123764281345324,0.0006744153326400648,-0.008512894269144007,-0.004560353612059784,-0.007204458480928848,0.005910618302722143,0.11971398353886664,0.0250291136140436,0.028828282521158904,0.11560647742583541,-0.005661447934238094,-0.0014429996566612364,-0.00437611638088719,0.004323283137678277,0.1328663666517057,0.2718111203906935,-0.0046183903677757,-0.13196116813061315,0.23986884686480517,0.024042653900418313,-0.016903763841358898,-0.008499820938802898,-0.005248970623739008,8.638208687793318,1.5099111049804605,7.265906124977263,-1.0334385467278662,-0.8746722891196446,0.1989652803438195,0.0518971377940282,-0.021124843842111746,-0.17739197837549325,112.79860831641481,92.8102563121425,-15.625793517650155,-58.958464975306995,-1.7726228846048502,-29.59616524419769,-0.763051873052336,-19.731799935687317,0.0022570739811498333,3.00225707398115,0.19194646759631093,0.19179172182667742
1.0,0.0005,-0.69,3.141592653589793,12.0,8.616565176806386,8.000000000000028,14.09153770002297,12.000000000000009,10.949945046433177,4.666759739253591,9.53002244414738,1.9999484412846522,12.0,0.4599183506571042,1.6647767463612837,0.034491172915346036,0.6886299325134388,0.011597071628058979,0.42819864712542866,-0.029653839796585108,0.04025483976604255,0.0,0.028464533839569966,-0.013028240285702425,0.005366226090170069,-0.004076097327613841,0.0022758021524865507,-0.0026235773066005707,9.723152174974476,2.355457711502627,10.403836219395538,-0.5686687076076322,1.1481070004835408,-0.6649286612597036,-0.08249700045493072,0.016525242811840653,0.21355333211916788,0.006022534789205653,0.1228273929674436,-0.1231966673480859,-0.10240617564304288,0.05158080000804121,0.0005175313580994779,-0.008459473074151765,-0.0046482883226927,-0.007233967592288999,0.005959841827552324,0.1205146036335831,0.0252814764018715,0.029052648546556623,0.11640070544030078,-0.005649098036324153,-0.0012916427365794532,-0.004413033856421972,0.004395418076278028,0.14555193491721724,0.2772314121183465,0.0048040185870295,-0.13596329613435248,0.24429668249311653,0.024297779231539647,-0.017055778989167596,-0.008954227222941626,-0.004976461497950294,7.888878964646725,1.5109615109803363,6.515820234961069,-1.038258478801821,-0.8710194558948655,0.19656535425691407,0.053810125344795526,-0.02176238623161683,-0.1756099231989505,112.96544129744376,92.90360073085796,-15.673810819171432,-58.8531261832886,-1.7931099875500736,-29.617060104896876,-0.7664065482534791,-19.751598382867268,0.0022597685207425677,3.0022597685207426,0.1919824632195681,0.19183242525373606
1.0,0.0005,-0.6666666666666666,3.141592653589793,12.0,8.533474476081718,8.000000000000005,13.925356298573636,12.000000000000007,10.783763644983843,4.5005783378042565,9.507355062497547,1.9999237580405769,12.0,0.4887281193878538,1.6578556928655301,0.03914338538660932,0.6863749368330694,0.01319421692842615,0.4255479122181968,-0.029324339415644662,0.042271257255790104,0.0,0.02932829772172742,-0.014817497709006602,0.005519080212475821,-0.004611189140421742,0.002332646502650364,-0.002960618693488184,9.699615044472981,2.3192185222571635,10.400395963694466,-0.543873541036738,1.1386564942541455,-0.6567916077378606,-0.08216128117970173,0.01673765705733383,0.21021303774656866,0.005908938801609398,0.12349549334898124,-0.1241273227501834,-0.10299702957639047,0.051841176042317,0.000390008674411274,-0.008401439311488445,-0.004717314887122181,-0.007248663370479163,0.0059892333233015,0.12110830646877035,0.0254724583747841,0.02921810114892125,0.11699464011766224,-0.005630144227259867,-0.0011678543909359447,-0.004438579294893477,0.0044515094418299175,0.15520094268266774,0.2815178859224056,0.0118641741704237,-0.13917450207128393,0.2477965971548729,0.024470825217152874,-0.017156255832711395,-0.00932136599751056,-0.00473823764860527,7.30975787836967,1.5110945419025228,5.937090932985569,-1.0419038645635479,-0.8673687726119513,0.1946132597329586,0.05562176559113169,-0.02227222819093819,-0.17400406849467043,113.04388210720775,92.94368420536559,-15.697697391505907,-58.74848849376442,-1.8072297853433732,-29.62204387886236,-0.7681073043590321,-19.759956502162964,0.0022500000000000007,3.00225,0.19201707702798304,0.19187273946068564
1.0,0.0005,-0.64,3.141592653589793,12.0,8.46413109269476,8.00000000000004,13.786669531799722,12.0,10.64507687820993,4.361891571030343,9.48895726041206,1.999965595673359,12.0,0.5135811106366494,1.650864406720847,0.04327431647054112,0.6839975320361307,0.014607347106392115,0.42298127654400564,-0.029009269960563626,0.0440104623399931,0.0,0.030055180899285074,-0.016390177245227688,0.005646831283228811,-0.005075824855760674,0.002379453660943468,-0.0032520768278907616,9.679956377356215,2.286761251669891,10.39722084032661,-0.5220946460747196,1.1296181846207138,-0.6497283989794407,-0.08238512312238554,0.016913370044179653,0.20708181098714273,0.005802438438810732,0.12402521881281356,-0.1248839287567917,-0.10347687268628922,0.05205186875277577,0.000277900522466464,-0.008339888991112392,-0.004775574208013813,-0.007254451469308344,0.006007449700671653,0.12157814155154614,0.0256277232639514,0.02934866144689459,0.11746880647169744,-0.005607136369062128,-0.0010584839423775708,-0.0044574602927697216,0.004498401606240831,0.16308198295695864,0.2851623932118469,0.0175340388587816,-0.14194220225180598,0.2507699964096552,0.024596071029739364,-0.01722662071942538,-0.00963965324918648,-0.004518781549385342,6.825308593286866,1.510544855717498,5.45386045432096,-1.0447789953193451,-0.863619760255359,0.1928949695166917,0.05739926803596485,-0.022710566792310823,-0.17247529138403017,113.06205921977825,92.94497309608194,-15.706788137087736,-58.638336040006095,-1.8175923744287874,-29.615257507606362,-0.7687901604993357,-19.75999629162764,0.0022255459899547278,3.0022255459899547,0.1920535096137042,0.19191645152555548
1.0,0.0005,-0.61,3.141592653589793,12.0,8.408900669305796,7.999999999999996,13.676208685021804,12.000000000000004,10.53461603143201,4.251430724252424,9.4746902963392,1.9999971933980163,12.0,0.5339219460441372,1.644470423113279,0.046735712969569874,0.681751746546726,0.015789455186860684,0.42068733205230036,-0.02873014961264379,0.0454310843963015,0.0,0.03063721174970365,-0.01769598523397378,0.005748049592192056,-0.005457786857674658,0.002416032714815078,-0.003490828013442851,9.664157715126857,2.2593260869079335,10.394413964872417,-0.5039047570574533,1.1216569648197596,-0.6439130328556485,-0.0829123120771755,0.017051188874542586,0.20434002267931783,0.005708701177879936,0.12441796759038845,-0.1254634126379105,-0.10384168002084024,0.052211059174380035,0.0001840319877134492,-0.008281069341854495,-0.004821996584083474,-0.007253966785790176,0.006017468941589456,0.1219249902343908,0.0257466405072594,0.02944507186954983,0.11782234164416858,-0.005583554247623761,-0.0009665030506458195,-0.004470450564646568,0.004535388527824516,0.16914138212912516,0.2880897489655818,0.0218065045973074,-0.1441958593795814,0.2531556481917286,0.02467988189896984,-0.017271264695672844,-0.009900164752659393,-0.004329967039255803,6.4398245018584515,1.5094494532131506,5.070181987537794,-1.0468091259698395,-0.8600402059195353,0.19145206707606763,0.059019750655297264,-0.023066585073292768,-0.17110689600894347,113.03324739350474,92.91508722487146,-15.705151920164024,-58.529593856434616,-1.8246348814349778,-29.59954829122476,-0.7687295770108872,-19.753386032002688,0.0021840258108168646,3.002184025810817,0.19209084531682905,0.19196264894803353
1.0,0.0005,-0.58,3.141592653589793,12.0,8.370362993770907,8.000000000000004,13.599133333952008,12.000000000000012,10.457540680362214,4.174355373182628,9.464965460604326,1.9998799167716603,12.0,0.5484069083669414,1.6395656236691236,0.049244269764122106,0.6799849526408683,0.016646046250085318,0.4189463098143014,-0.02851927006177298,0.04644571200468525,0.0,0.03104442881351004,-0.01863517474770232,0.0058179233879912745,-0.005730541490234492,0.0024409900216695087,-0.003660855943351006,9.652922551765108,2.239257425919853,10.392238004425714,-0.49065343900229375,1.1157118311818177,-0.6397497791438486,-0.0834701340863512,0.01714435735109068,0.20228214478928339,0.005637693019318384,0.12466889742078476,-0.1258487706602544,-0.10408073884767012,0.052314464663987224,0.00011535996853947837,-0.00823413178975563,-0.004854080431094682,-0.00725042262066283,0.0060220285924236505,0.12214505717292184,0.02582572072881,0.0295064875746366,0.11804911902098211,-0.005564044081914359,-0.0008989558595730042,-0.004478146964341799,0.004560688440737667,0.17317844170295435,0.29013033542835587,0.0245888614046234,-0.14578762563968187,0.2548164398703211,0.02472744119652218,-0.017294260790110785,-0.010084923821985796,-0.004190658353383113,6.171280727652022,1.5081327971809126,4.803563446739133,-1.0479473403542754,-0.8571115356729395,0.19039087296661428,0.06028296206240208,-0.023317118791952102,-0.17004919049738346,112.98150552883139,92.87078714277305,-15.698124003984827,-58.438262036137864,-1.8287263530764364,-29.580892219165268,-0.7682865078811926,-19.743749899431368,0.0021305981078811277,3.002130598107881,0.1921246660814308,0.1920057562802892
1.0,0.0005,-0.55,3.141592653589793,12.0,8.34340337163999,8.000000000000014,13.545214089690194,11.999999999999996,10.403621436100401,4.120436128920815,9.458289654425496,1.999964063908254,12.0,0.5586818847439321,1.635918506397663,0.05104547591164358,0.6786444872246267,0.017261683423699777,0.4176555690769564,-0.02836293779731203,0.0471609223059261,0.0,0.031329421858458266,-0.01930543508720662,0.005866098543235552,-0.005924336102894139,0.002458037159411538,-0.0037814385339166147,9.644832061820695,2.2247014069818714,10.390549143946654,-0.4810129604405764,1.11138098904318,-0.6367832822762314,-0.08395360562333475,0.01720609392602303,0.20076286060284418,0.005584626289673626,0.1248281591864152,-0.1261049871142764,-0.10423623969967546,0.052381002793421914,6.510922440407525e-05,-0.00819798896354761,-0.004876149684638451,-0.007246082511205013,0.006024125368842413,0.122283408688642,0.0258782995069178,0.029545396878145207,0.11819337412848106,-0.005548779044190675,-0.0008493699424351939,-0.004482692508860218,0.004577916773385626,0.1758589026541394,0.2915465116458506,0.0263917051662618,-0.14690580673334772,0.2559675002727102,0.02475353071001103,-0.017304625311139556,-0.010215070923053455,-0.004089467513313911,5.983229450092392,1.5067641838609305,4.617376335122586,-1.0484841309069068,-0.8547514209964076,0.18960822691159024,0.0612507468237137,-0.02349205573877136,-0.16923932809495895,112.9240820595516,92.82361627757088,-15.689570074853131,-58.363929437875186,-1.831075063176947,-29.562594008595045,-0.7677289307961809,-19.733549367657176,0.002067872927344668,3.0020678729273444,0.19215530281845492,0.19204586317759012
1.0,0.0005,-0.525,3.141592653589793,12.0,8.327253880614105,7.9999999999999805,13.512915107638419,12.000000000000016,10.371322454048626,4.088137146869039,9.454347648860654,1.99999954798764,12.0,0.5648908271517034,1.6336514328156249,0.052142566994810666,0.6777977430017579,0.017637229308725074,0.4168521808353059,-0.02826524738781784,0.0475907896433443,0.0,0.03149986944018713,-0.019711686176385395,0.005894482874283932,-0.0060415382339122,0.002468009748284401,-0.0038542801611966566,9.639809084672224,2.21574123302904,10.389433340061204,-0.47502948092704705,1.1087340506365866,-0.6349842674078128,-0.08427880795479456,0.01724035554754162,0.1998168004131197,0.005551127937041088,0.12491476473866395,-0.1262514315192198,-0.10432273184787244,0.052417581095450964,3.370609720206656e-05,-0.008174844185629181,-0.004889102579119569,-0.0072426254159133835,0.006025076002278722,0.12235779482169595,0.0259083517059542,0.029566535834631598,0.11827187489539574,-0.005538968996083026,-0.0008183020128587899,-0.004485009342246126,0.00458793421242731,0.17738297145866094,0.29238494803562937,0.0273921936100449,-0.14757489790139716,0.25664818707028064,0.024765262711911016,-0.017307499345246412,-0.010293046330361,-0.004027380015583353,5.869948118635796,1.5056533526838862,4.505538601689977,-1.0486234213757137,-0.8531501756066822,0.18911441566113643,0.06187528485680015,-0.02359580812643091,-0.16871412777446093,112.87854182699871,92.78669334966912,-15.68265540480061,-58.31388895970017,-1.8322297066471904,-29.54884762193848,-0.7672728690633234,-19.725588695839747,0.0020101147444909176,3.002010114744491,0.19217861831728256,0.19207707104200958
1.0,0.0005,-0.5,3.141592653589793,12.0,8.315310341661586,8.00000000000004,13.489028029733376,11.999999999999984,10.347435376143583,4.064250068963997,9.451463794667779,1.9999892165096913,12.0,0.5695068934899956,1.6319377506579318,0.052962407766666546,0.6771491154052441,0.01791836768126565,0.41624273950561524,-0.028190596510520728,0.0479087870223548,0.0,0.03162549317102787,-0.020013996668332288,0.005915102850892886,-0.006128691210609461,0.0024752138443036495,-0.003908409511742033,9.635941246303931,2.2089712787649587,10.38852848791062,-0.47045474285329486,1.1067638926297954,-0.6336430246474667,-0.08453520413779275,0.01726331225131026,0.19909673993735916,0.00552526192658653,0.12497319444895641,-0.1263554598247357,-0.1043822869539016,0.052442470201567545,9.514795641490283e-06,-0.008156898881247921,-0.004898475636544636,-0.007239591847484099,0.006025761105899249,0.12240734680728191,0.0259296995979683,0.029580790749839613,0.11832481153800342,-0.005531395081882778,-0.0007943187344233622,-0.004486485663746039,0.004595120378407616,0.17845563740839213,0.29299672452580083,0.0280800589831109,-0.14806767308275937,0.2571444082450858,0.024771283805529294,-0.017307192824476268,-0.010350467987212304,-0.003980756036408645,5.7852593470386005,1.5046027081241249,4.422169861626742,-1.0485765374001106,-0.851825281644228,0.18872993392927132,0.06236738829661433,-0.02367131177119205,-0.1682967346850059,112.83789437867871,92.75388627988012,-15.676476004502222,-58.27341435765927,-1.832935639603895,-29.536926479590512,-0.7668627215920162,-19.718528002673445,0.001948557158514987,3.001948557158515,0.19220008972987526,0.19210633972987526
1.0,0.0005,-0.475,3.141592653589793,12.0,8.306518411283697,8.000000000000016,13.47144416897761,11.999999999999972,10.329851515387817,4.046666208208231,9.44936088418016,1.9999614726470627,12.0,0.5729164232762429,1.6306584225245917,0.05357026352368242,0.6766586465085896,0.01812724933516635,0.4157853711789356,-0.02813392890133051,0.04814233322056205,0.0,0.03171742197997973,-0.020237155596943668,0.005929958989101384,-0.006193041039786654,0.0024803767092921145,-0.0039483590119657784,9.63295190200208,2.2038869471871023,10.387794219300975,-0.46696332967507254,1.1053182246510895,-0.6326499547551917,-0.08473147156355769,0.017278010870298142,0.19855323299286964,0.005505409498079599,0.12501225016579626,-0.1264292499556164,-0.10442292728856778,0.052459233742171735,-9.11372206155829e-06,-0.008143168025524639,-0.004905205476617819,-0.007237063022586786,0.006026384673781251,0.12243995296362589,0.025944842243404,0.029590314364519796,0.1183601404902736,-0.005525661881547822,-0.0007758149819045649,-0.004487417588105821,0.0046002325810340665,0.17920518972490432,0.29343988140830013,0.0285487666531878,-0.1484279676365367,0.2575036011921454,0.024773624071543644,-0.017304936904694104,-0.010392389801590797,-0.0039460481891351136,5.72180291999057,1.5036287721650012,4.359903088320124,-1.048407537079318,-0.8507303490345959,0.18843012796321226,0.06275315884255929,-0.02372558603686561,-0.1679654705638581,112.8031816973648,92.72591246069335,-15.671221141024546,-58.241223993891275,-1.8333600865156068,-29.52693897336534,-0.7665123196628708,-19.712515128932534,0.0018841624951411388,3.0018841624951413,0.19221986291003046,0.19213374369023226
1.0,0.0005,-0.45,3.141592653589793,12.0,8.300087234385607,8.00000000000003,13.458581815181423,11.999999999999991,10.31698916159163,4.033803854412044,9.447835594079825,1.999930255002373,12.0,0.575415239049736,1.629714991248597,0.05401701284996238,0.6762922938588548,0.018281137080046125,0.41544580816497284,-0.028091158728838033,0.0483122872740004,0.0,0.03178404345865257,-0.020400353348171033,0.005940542345893984,-0.006240149718079605,0.0024840344858941942,-0.003977597547426074,9.630634467445871,2.200092922701687,10.38719800377097,-0.46430345751344293,1.104273995989784,-0.6319207091383889,-0.0848781597153793,0.017286771137957825,0.19814641587622547,0.0054902577117446226,0.12503804988457465,-0.1264814948706121,-0.10445034908967489,0.0524703844747989,-2.3455318348029492e-05,-0.00813279295803074,-0.004909989495853708,-0.00723503164669494,0.006027034694397635,0.12246107248069174,0.02595556354467,0.029596599092313255,0.11838341302905525,-0.005521405743453409,-0.0007615443074151237,-0.0044879979326099525,0.004603829780230952,0.17972397735626794,0.29375789847876,0.0288644178836532,-0.1486890328677241,0.25776124580632537,0.024773619511056374,-0.01730153770961254,-0.010422669857000863,-0.003920441663599165,5.674154921340204,1.5027391815594626,4.313315918356494,-1.0481633006978623,-0.8498255333094613,0.18819596771804628,0.06305425241137082,-0.023763986888087323,-0.16770269659431938,112.77455582947862,92.70284625682578,-15.666913751994342,-58.2160505302332,-1.8336114410759923,-29.51881352560199,-0.7662240419252521,-19.707561558590413,0.0018177646219425918,3.0018177646219426,0.19223807217557184,0.1921593606585367
1.0,0.00075,-0.7125,3.141592653589793,12.0,9.008679530126102,8.000000000000007,14.875766406662425,11.999999999999998,11.734173753072632,5.450988445893046,9.642617943097832,1.9999520776255313,12.0,0.33789848082435614,1.6778899788430295,0.016354297550055186,0.6923059997082968,0.005216952137878385,0.4355499320205165,-0.03064073710312199,0.0317386169609041,0.0,0.024542697311058695,-0.0059123900204922685,0.004681232478567658,-0.0018523379459270389,0.0020111572113804387,-0.0012072404177927828,9.842300984298202,2.4959697731013244,10.419571344466124,-0.6752645730361871,1.1727368378698784,-0.6990447729267968,-0.09165797215499955,0.015564272744172004,0.22470115192845513,0.0064639783743118875,0.1203751671240117,-0.1195698047104236,-0.10034952325924924,0.050717677580652674,0.00108235502950849,-0.008617965283477039,-0.004377297284644589,-0.00713488477634665,0.00575650570571663,0.11842242217067254,0.0245371994326917,0.028425277549247112,0.11432893757190574,-0.005672326781419741,-0.001838580364386189,-0.004296046944037235,0.004175252799268178,0.10813260256412752,0.2604748529745963,-0.0223045564303436,-0.12333807419269265,0.23068090665749486,0.0234695875546023,-0.016595509402185713,-0.007502087520281785,-0.005812773462501151,10.314531812948053,1.5132823454326783,8.939226259266206,-1.0276351266979598,-0.8848235667652342,0.20551935807868366,0.047958039178851546,-0.019651644192400113,-0.18172873970167522,113.00525427104903,93.15284691597792,-15.546777945765145,-59.5760375263742,-1.7258004630977257,-29.721484607486754,-0.756134319475715,-19.804085396227226,0.0033856109717247495,3.003385610971725,0.19169465652952875,0.19146253787507853
1.0,0.00075,-0.69,3.141592653589793,12.0,8.817855120428108,8.000000000000002,14.49411758726642,12.000000000000002,11.352524933676627,5.06933962649704,9.5864228471008,1.9999575299101542,12.0,0.3949450541351975,1.6748994421743764,0.024505577719995137,0.6918802550153674,0.008101811931887427,0.4329657026902957,-0.0302919639917234,0.03569911107916545,0.0,0.026422254748128076,-0.009148083819194637,0.005012873876179652,-0.002874414722440528,0.002141018049651708,-0.0018607434773295318,9.78637381564448,2.434554886396746,10.413493922566046,-0.6279832703439784,1.163678790519048,-0.6831798241779851,-0.08585214455415745,0.01608652985367958,0.22030217960319753,0.006291382860073274,0.1217226317286349,-0.1214505326916625,-0.10145444862853742,0.05118953389356564,0.0008336355295487885,-0.008582347176943984,-0.004511048260428538,-0.007204132097392583,0.005870418185894084,0.11958814435435014,0.0249231480228569,0.02876943248270009,0.11547058449901805,-0.005682658331716208,-0.0016005284624325026,-0.004361854230678898,0.004285709794936094,0.12756524475658554,0.26861214420637225,-0.0078438457720817,-0.12931682520946702,0.23732126761070768,0.023956589260643705,-0.016892839563580835,-0.008181810874118884,-0.005470734239695505,9.13734419489494,1.5163066207482956,7.75820137277654,-1.034790399050331,-0.8814730697538814,0.20167911007871825,0.049822750462064413,-0.02064980583902414,-0.17957115670157747,113.19102858581368,93.18267019351205,-15.648642789381341,-59.32757384347175,-1.7631570317834706,-29.720482995630118,-0.763627135277819,-19.810906084843904,0.0033896527811138515,3.003389652781114,0.19174864996441454,0.19152359301566643
1.0,0.00075,-0.6666666666666666,3.141592653589793,12.0,8.67752197073225,8.000000000000016,14.213451287874719,12.00000000000002,11.071858634284926,4.788673327105339,9.546447528953374,1.999858868008384,12.0,0.4399305369772637,1.6684260924249177,0.03132950686052776,0.6900077121001279,0.010479687002013145,0.42990857973692165,-0.029898610410205126,0.03885104276831445,0.0,0.027848646245177546,-0.011821372772131552,0.005264964376445161,-0.0036990137255389073,0.0022375699019904385,-0.002384570601015523,9.745575351856301,2.3820934658304327,10.408322188429516,-0.5897848837233763,1.1528401635079555,-0.6705814983230777,-0.08321937414813034,0.016444085608354718,0.2159729436927213,0.006131638313912327,0.12272050315823875,-0.1228665367700916,-0.10230390093518174,0.0515546189704678,0.0006344690858803341,-0.008520079215706,-0.004615594472561711,-0.007240589945640856,0.0059370717525899265,0.12045683903430904,0.0252137295334151,0.029021711165127917,0.11633134778570392,-0.005670106483433611,-0.0014079782407988301,-0.004406230861117287,0.004371099581590266,0.1422679848541802,0.2750716742616088,0.0029292964558507,-0.13413290773974754,0.2425748885760807,0.024274763229743746,-0.017079618576376715,-0.008734219011027118,-0.005148155897093974,8.238737746568171,1.5173407196616324,6.858651037032473,-1.0402814568129577,-0.8771505388181924,0.19858762981333186,0.051999224646431155,-0.0214444386196861,-0.17743213776790404,113.26832643628622,93.17732672316356,-15.700405285328769,-59.116912577139445,-1.788239626725917,-29.70866425089788,-0.767582473161855,-19.80986795596336,0.003375000000000001,3.003375,0.19180057067703693,0.19158406432609085
1.0,0.00075,-0.64,3.141592653589793,12.0,8.56412541816833,8.00000000000003,13.98665818274687,11.999999999999996,10.845065529157077,4.561880221977491,9.5152259040304,1.9999989131105185,12.0,0.4783234395987228,1.660234905413293,0.03743368513953403,0.6873581095013499,0.01258707776221606,0.42660990542685784,-0.029484410957779573,0.0415476989069816,0.0,0.02902410969116956,-0.014180837712600007,0.005471975986437146,-0.00441287156512974,0.0023152707768910393,-0.0028354019206090907,9.712739748128831,2.3344643123364066,10.403551229440511,-0.5564424802360656,1.1412259786133427,-0.6597475138165206,-0.08226990017896468,0.016722706429472437,0.21168352662424067,0.005977966695259452,0.12351121388975064,-0.1240131927387396,-0.10300008148432105,0.05185448546591242,0.00046135259076647464,-0.008442518238741625,-0.004703575803276216,-0.007258129709069432,0.005977988422940562,0.12114709252539305,0.0254490374880574,0.029219875851819687,0.11702305475039088,-0.005644949718796927,-0.0012394126779791302,-0.004438294438875081,0.004442184963642302,0.15422732521800658,0.28056138357380267,0.0115422611636026,-0.13829192470781074,0.24704074812063848,0.024497740327875463,-0.017205095339611762,-0.009214289155813571,-0.004838138634220363,7.494140369739931,1.51702663622482,6.114955369767429,-1.0446435196645354,-0.8721938806348095,0.1958932898153548,0.054353624588500724,-0.02212392040297572,-0.1752890322259805,113.26861005263986,93.13752002137844,-15.723160854294244,-58.917548449077934,-1.8062205254863177,-29.686125587317335,-0.7694622994906406,-19.801277759339662,0.003338318984932092,3.003338318984932,0.19185521955561866,0.19164963242339558
1.0,0.00075,-0.61,3.141592653589793,12.0,8.476101486019274,8.000000000000005,13.81061031844875,12.0,10.669017664858957,4.385832357679371,9.491802603607555,1.9999960142064062,12.0,0.5094701661149349,1.651892574905923,0.04257555757501081,0.6845019994513205,0.014352836222308069,0.42347454979785704,-0.02909685954046966,0.04374281998135595,0.0,0.029947644948357943,-0.016143347226120534,0.005633229594991371,-0.004997155632223467,0.0023746649802858172,-0.0032024847378591616,9.687162330606489,2.2938575755859896,10.39933532561751,-0.5287490396139443,1.1303324661031957,-0.6508912827941119,-0.08234588636971253,0.016933978730484453,0.20779589087359257,0.005840541467541816,0.12409743243868095,-0.1248886917925646,-0.10353343756244111,0.05208385277600122,0.0003176875094575595,-0.008362371743382767,-0.004773528668556108,-0.007262389699072868,0.006000542144680567,0.12165855474079065,0.0256287006976684,0.029365680162906763,0.11754173122887365,-0.005614643729871132,-0.0010987438687897462,-0.004459894340783054,0.004498072171114451,0.16339211070092657,0.28496840553353575,0.0180091841438225,-0.14168107150681142,0.2506248876887301,0.02464276043443412,-0.01728211154339033,-0.009607404015113608,-0.004564517735741331,6.906060498651575,1.5156679996715852,5.529070384202086,-1.0477346551375366,-0.8671762224587596,0.19365223774679433,0.05661954761064565,-0.022672498320038356,-0.1733120080992757,113.20883783556457,93.068168984432,-15.725504173182296,-58.73447702689049,-1.8181726887264118,-29.655265044166008,-0.7698490982896269,-19.786281239102887,0.0032760387162252976,3.0032760387162254,0.19191122311030595,0.19171892855711264
1.0,0.00075,-0.58,3.141592653589793,12.0,8.415840341859548,7.999999999999975,13.690088030129301,11.999999999999991,10.548495376539508,4.265310069359922,9.476249487081457,1.9999845440330235,12.0,0.5315032631072076,1.645121979118501,0.04631480455719218,0.6820978154103641,0.01563396853138081,0.4210088733331272,-0.028794828750018188,0.04528597702837445,0.0,0.03058381321486473,-0.017555385536768903,0.005742911350047359,-0.005412513776749844,0.002414413437924518,-0.003462364094640254,9.669404927569417,2.264000865465502,10.396068136545647,-0.5086634128987041,1.121903990300817,-0.644583783136747,-0.08284157472831415,0.01707449462671712,0.20481610351640844,0.0057354609974680565,0.1244721141210982,-0.1254695884530342,-0.10388510404208405,0.05223429489704145,0.00021326947456847169,-0.008295763136007543,-0.004821798454289723,-0.007259472299586321,0.0060109527849330465,0.12198413186214496,0.0257479078607332,0.029458319762303137,0.11787603043607847,-0.005587736699135614,-0.000996059734624625,-0.004472457536423216,0.0045362082884995965,0.16948325997625685,0.28803861284971616,0.0222094328165642,-0.14407490116325872,0.253120143501177,0.024723202520356632,-0.017320958328125097,-0.009886039295392425,-0.0043596631917809355,6.498585027148481,1.5138270748250022,5.124240235948108,-1.0494714979553739,-0.8629405471136439,0.19201766519501584,0.05843989806965212,-0.0230563468611017,-0.17175745852731786,113.1226223970859,92.98942418584498,-15.71713542869995,-58.5875336975489,-1.824981943247683,-29.623606707725358,-0.7694121784181643,-19.769279080379686,0.003195897161821692,3.0031958971618216,0.19196195425720855,0.19178358955549615
1.0,0.00075,-0.55,3.141592653589793,12.0,8.37423527607356,8.000000000000005,13.606877898557308,12.00000000000003,10.465285244967514,4.182099937787928,9.465774926335195,1.9999063081184572,12.0,0.5470601011320366,1.6399297942532025,0.049005245288892774,0.6802056393440873,0.016555477874451538,0.4191429182848461,-0.028566955576246885,0.046379189038319196,0.0,0.031023882608760114,-0.018562856857552015,0.005817654216436254,-0.005706497912911051,0.002441151488367438,-0.003645765401531314,9.656833055354149,2.2422814914122084,10.393532959753523,-0.49409785004564444,1.1156390345176577,-0.6401052429627111,-0.08340359200192135,0.017166963987747332,0.20258849793410666,0.005656516843761892,0.12471006616950614,-0.1258552260746583,-0.10411492865547416,0.05233181020364001,0.00013720456047865967,-0.008243346395410661,-0.004854964170545987,-0.0072541177094704,0.006015799641625912,0.12218938274609935,0.0258270454595063,0.02951691027398754,0.11808949396627146,-0.00556594612604373,-0.0009210028022114441,-0.0044797659047366295,0.004562133499769398,0.17352073826085038,0.2901681800283149,0.0249259984308285,-0.14575599237640674,0.25484938352291325,0.02476665508297347,-0.017338418068329597,-0.010082121996139238,-0.00420965465214245,6.214277237145671,1.5118363964445862,4.842614816378685,-1.0502935937230393,-0.8594700847944403,0.1908200792666597,0.05985788415556171,-0.023323093598955152,-0.17055595834924173,113.03209562917527,92.91255109567332,-15.70530284835942,-58.47112140215374,-1.8288286895133599,-29.594325781981517,-0.768684401902971,-19.75271032601917,0.0031018093910170023,3.003101809391017,0.19200790936274476,0.19184374990144756
1.0,0.00075,-0.525,3.141592653589793,12.0,8.349526920693567,8.000000000000002,13.557461187797319,12.000000000000032,10.415868534207526,4.13268322702794,9.459669784616326,1.9999359403495776,12.0,0.5564320291247965,1.6366459600310381,0.05064591712461386,0.678985687540815,0.017117876554247333,0.4179675811666431,-0.02842313587605724,0.047032891207631794,0.0,0.031284964547788126,-0.019173254176811417,0.005861321330317479,-0.00588378050840829,0.0024566204354383586,-0.0037561538142627075,9.649114481768072,2.2288896413525805,10.391858303496722,-0.48507724645962513,1.1117655062010288,-0.6373954696842361,-0.08382289315280046,0.01721813902826724,0.20119113133584163,0.005606539281461875,0.1248395483574423,-0.1260754273199506,-0.10424319686850339,0.05238570175799004,8.980894719987038e-05,-0.008209381115868653,-0.0048744148812884126,-0.0072494209718190475,0.006017938702784725,0.12229998120312964,0.0258722334723506,0.02954870828588184,0.11820599399150743,-0.005551690683181706,-0.000874110923766397,-0.004483447635350986,0.004577190441200164,0.17581382166199677,0.2914284020391639,0.0264317270538949,-0.14676153185013316,0.25587182000034536,0.024786058231812104,-0.017343478864292675,-0.010199492121050065,-0.0041172094901807425,6.043406446513452,1.51019500189404,4.673862973696686,-1.0505103926586008,-0.8570949418468827,0.19006810704950775,0.06078133103078591,-0.02348072478191722,-0.169772870126849,112.96186489889732,92.8545324017368,-15.695339779422488,-58.393961015179265,-1.830696758497823,-29.572915326206534,-0.7680457900706118,-19.74022319066921,0.003015172116736376,3.0030151721167364,0.19204288261098618,0.19189056169807675
1.0,0.00075,-0.5,3.141592653589793,12.0,8.33135586891924,7.999999999999981,13.521119084248701,12.000000000000016,10.379526430658908,4.096341123479322,9.455242095420989,1.9999958917105793,12.0,0.5633857410031214,1.6341383186272354,0.05187282056782665,0.6780399103247852,0.01753900845998718,0.41706959780040986,-0.028312590902396434,0.047514776164446604,0.0,0.03147634240342322,-0.01962731060460173,0.005892856156193267,-0.006015339031709299,0.0024677081419311173,-0.003837975061915987,9.64321366815539,2.2187616424054424,10.390500422189326,-0.47819045801942994,1.1088625273605357,-0.6353782035954937,-0.08417076003580021,0.017252387955554126,0.2001228611840645,0.0055678860525902665,0.12492695814221524,-0.1262317515283811,-0.10433173270978122,0.052422510259540964,5.336747998290857e-05,-0.008182868265413226,-0.004888482567740102,-0.007245135502724754,0.00601934917183081,0.12237378151173015,0.0259043131289806,0.02957013754112281,0.11828472544806228,-0.005540575715951914,-0.00083798058632209,-0.004485773234459887,0.004587983431295684,0.17742654023178797,0.2923476119870305,0.0274661344093474,-0.1475018413083439,0.2566170543629605,0.02479605777808851,-0.01734340018858811,-0.010285858952274704,-0.004047618433806255,5.915851641674816,1.5086314323639698,4.548264281725508,-1.0504444776115605,-0.8551204801837,0.18948464250190356,0.06151272746366112,-0.023595135243176392,-0.16914883582110854,112.89984603304084,92.80389253723105,-15.686288496809926,-58.33211950976046,-1.831828597716745,-29.55460453854165,-0.7674549863128521,-19.729335885137786,0.0029228357377724806,3.0029228357377726,0.19207508972987528,0.19193446472987527
1.0,0.00075,-0.475,3.141592653589793,12.0,8.318035013113628,8.000000000000025,13.494477372637473,12.00000000000001,10.35288471904768,4.069699411868093,9.452034437985764,1.9999943375773572,12.0,0.5685143614350162,1.632253087427003,0.05278291048269959,0.6773188460225532,0.017851957297089095,0.41639232873863147,-0.028228339558784513,0.04786773383074115,0.0,0.03161581123551145,-0.019962371313052726,0.005915471028403095,-0.006112318376801156,0.0024756057585046992,-0.003898241681283085,9.638676891276743,2.2111505122760726,10.389398637029702,-0.4729402168801714,1.1067222211752883,-0.6338862143574516,-0.08444563310459849,0.0172743000141188,0.1993140378714332,0.005538187805462868,0.1249854186194474,-0.1263425856443036,-0.10439226839522255,0.05244737795002944,2.5344849594105595e-05,-0.008162490599582533,-0.004898579060441626,-0.007241485313159527,0.00602048903674348,0.1224224152504874,0.0259270576572745,0.029584448208841933,0.11833736492825937,-0.00553210754691725,-0.0008101439654930785,-0.00448723051030815,0.004595656982895514,0.17855283511095052,0.293013260723305,0.0281705499369473,-0.14804295169772258,0.2571564062035563,0.024800084719629318,-0.017340209183836722,-0.010348871955274947,-0.003995730551984355,5.820378346300243,1.507176410617582,4.454563485779502,-1.0501933193515507,-0.8534839890987658,0.18903092964836418,0.062088032852946,-0.02367720156566322,-0.16865273936351474,112.84722266816192,92.7611727363842,-15.67852337706971,-58.28324037966446,-1.8325040213309602,-29.539395801452354,-0.7669424611014249,-19.72015930715111,0.002826243742711709,3.0028262437427116,0.19210474950010806,0.19197557067041074
1.0,0.00075,-0.45,3.141592653589793,12.0,8.308320573880863,8.000000000000007,13.475048494171924,12.0,10.33345584058213,4.050270533402545,9.449719130692538,1.9999685656658386,12.0,0.5722690520184718,1.630855993829236,0.05345200248154481,0.6767771642884898,0.018082539607515137,0.4158877430815212,-0.028164573832034023,0.04812406058141455,0.0,0.031716572097225657,-0.020207332644906574,0.005931523964814367,-0.0061832249295186124,0.002481174639146061,-0.0039422823444452675,9.635172981975424,2.2054684702354543,10.388504071788526,-0.4689436260167629,1.105171090249044,-0.6327914535949394,-0.08465538748813926,0.017287348113514938,0.1987073233205876,0.005515505518012914,0.1250240575058189,-0.1264210319442793,-0.1044331789222154,0.05246396038327318,3.7926716759712905e-06,-0.008147046251195864,-0.004905754091679896,-0.007238515248008842,0.006021572716290473,0.12245395600041808,0.0259431558060665,0.029593889342992757,0.1183720931240561,-0.005525793846467644,-0.0007886972502859533,-0.00448813252336772,0.004601054048864487,0.1793320420946877,0.2934908155243674,0.0286447215388803,-0.1484349272678129,0.2575432136330713,0.024800351608655492,-0.017335206785092615,-0.010394361838773798,-0.003957408579937583,5.748745601687958,1.5058445890384604,4.384516243335085,-1.0498281210026466,-0.852129254418932,0.18867733265281894,0.06253806174092026,-0.023735167479007134,-0.16825881266583698,112.80400218459052,92.72618126526567,-15.672126111613697,-58.245177766553084,-1.832901462908881,-29.527090593836803,-0.7665170422353428,-19.712647787052127,0.0027266469329138877,3.002726646932914,0.19213206339842012,0.19201399612286743
1.0,0.001,-0.7125,3.141592653589793,12.0,9.354434010332604,8.000000000000002,15.5672753670754,12.000000000000005,12.425682713485607,6.1424974063060205,9.746709623756457,1.999994687458285,12.0,0.24653110780167814,1.6682929762007996,0.0043514996868330436,0.6882878129876578,0.000804223373878593,0.43650820920279665,-0.03085502887204584,0.025489850469085848,0.0,0.021353033862222023,-0.0011319051805100029,0.004130137537078624,-0.0002658366523823998,0.0017885956360416456,-0.00018413156848255498,9.950846270696477,2.587625380233426,10.431299095902371,-0.753975920550523,1.1732397902087115,-0.7244572348109095,-0.1074963196437755,0.014561928003184071,0.22943174343503694,0.006736135680648272,0.1188486007510605,-0.1171153994609871,-0.09921127239729723,0.05029393261527236,0.0015198717455119453,-0.008630965322235151,-0.00419017481404644,-0.007016053559075674,0.005518654247523819,0.11722346310126255,0.0240335251878442,0.028011412980282077,0.11317267196190044,-0.0056224666816547695,-0.002257146358962801,-0.004195760453406861,0.004022568502852889,0.08271329200506396,0.2491786514748155,-0.0405145547344747,-0.11480044329042155,0.2215007250496222,0.02268032795305209,-0.01612902474984205,-0.006516692401904252,-0.006229906321185797,12.079961173978218,1.513795174249423,10.70729343952162,-1.0223547648597482,-0.8903798563991975,0.21253378715833052,0.04629639320032405,-0.01811444968471372,-0.18489566788189798,113.36922580486298,93.74748870353903,-15.404431988143179,-60.39630763740871,-1.6661297662027301,-29.921663393247073,-0.7442618278478262,-19.92898055852217,0.004514147962299667,3.0045141479622997,0.19144284546274656,0.1911333539234796
1.0,0.001,-0.69,3.141592653589793,12.0,9.050112047245975,7.999999999999983,14.958631440902161,11.999999999999984,11.817038787312368,5.533853480132782,9.654167765634744,1.9999719302740253,12.0,0.32690813787852513,1.6771984842379242,0.014805784255003071,0.6922320060065766,0.004632892242064642,0.4359307549728311,-0.030725303695913916,0.03095377038115215,0.0,0.024156304487173062,-0.005316642030430873,0.004620507559711841,-0.0016446231617158547,0.001986675013285,-0.0010733513394523366,9.860114300294509,2.5103295325560993,10.423173695785843,-0.6889938630628181,1.1724657614810414,-0.7021560665961458,-0.09330864129229556,0.015531841659501243,0.22571342692700583,0.006540459886138954,0.1206332591593292,-0.1196737974702313,-0.10057844293249833,0.050849670149806,0.001165659013348969,-0.008658504628931358,-0.004371874646563382,-0.007148078469193979,0.005737925033881108,0.1187115766059678,0.0245585400302876,0.028480613098162803,0.11460542625780283,-0.005685783773391856,-0.0019227400242667174,-0.004299810418453189,0.004173703219835391,0.1092056680437861,0.2599877845299099,-0.0207733662568583,-0.12268665240257795,0.23034055063135156,0.023503511732503844,-0.016654063813232593,-0.007409802693288747,-0.005894629611262347,10.433940518270038,1.520130789028002,9.051642126041273,-1.0314299733639882,-0.8896697236544747,0.2070959813092664,0.04694594497558775,-0.01949056003490856,-0.18297999745268753,113.5037541585928,93.59612590666164,-15.592901033036105,-59.91064086403534,-1.7261885738070974,-29.863850156486883,-0.7582691053187655,-19.898202620441765,0.004519537041485135,3.0045195370414852,0.19151483670926095,0.19121476077759686
1.0,0.001,-0.6666666666666666,3.141592653589793,12.0,8.837387065414287,8.000000000000004,14.53318147723876,12.0,11.391588823648966,5.10840351646938,9.59147807109621,1.9998697008596986,12.0,0.3894397935977744,1.6750622351772897,0.023668575594431404,0.6921230282584264,0.0077835771604680805,0.43334004387465375,-0.03037085917046777,0.0353022192887159,0.0,0.026239756275040847,-0.00883713622862101,0.00498740933059388,-0.0027650686002561957,0.0021309657438249733,-0.0017905486504783009,9.79707210146611,2.4430321723813315,10.416262862887308,-0.6367244322334481,1.1636448371398689,-0.6847477705928371,-0.08640916544183588,0.016109732342036127,0.2210458839214082,0.006344581807969024,0.1219549215926244,-0.121589545006084,-0.10165187934978973,0.05129581092810146,0.0008874951056429717,-0.008614650754083214,-0.004512932803784887,-0.007218466245588864,0.00586249901377046,0.11983261231989345,0.024951675065205,0.02882243742763402,0.11570328945261094,-0.005694594863355473,-0.0016556652825568795,-0.004368020097833265,0.004289531825332589,0.12913402836088292,0.26858877335767994,-0.0061556141542105,-0.12908545409260772,0.23734399210367998,0.024020544039409876,-0.016966690268631533,-0.008144350710415893,-0.0055244188958909896,9.193686867873454,1.5227812927141215,7.807708392254213,-1.0386430561625626,-0.8858165535721428,0.2027557800019618,0.048924682583810365,-0.020584977691961995,-0.18059842967867487,113.54148877215007,93.48366527266946,-15.68805264981022,-59.544117523110465,-1.7654232959071137,-29.81693623603563,-0.7656967321672945,-19.874896643969375,0.004500000000000001,3.0045,0.19158406432609085,0.191295389191496
1.0,0.001,-0.64,3.141592653589793,12.0,8.671728517603924,7.999999999999968,14.201864381618053,12.000000000000032,11.06027172802826,4.777086420848674,9.544405187077682,1.999898379502497,12.0,0.4422091564923761,1.6677367364531055,0.031668666511077394,0.6899716967421913,0.010577715723311761,0.4297864462649171,-0.029912036812584412,0.039017279719792,0.0,0.027924119395555638,-0.011971029229225712,0.005284150056379093,-0.00373586005218315,0.002244816972117091,-0.0024074995129206686,9.748257494698711,2.381293093933723,10.409890521767377,-0.5913542200750357,1.151243419628952,-0.66994801764518,-0.08319566368408998,0.016520047384260456,0.21595213630129642,0.006148965741898507,0.1230025053528177,-0.1231345135046637,-0.10254418834215061,0.05167112574671571,0.0006491003659709953,-0.008533504982835676,-0.0046311543517372974,-0.00725477039109518,0.005937597658636354,0.12072999008937985,0.0252687216662151,0.029089718505207137,0.11659521471993607,-0.005675381457578768,-0.0014243001494789688,-0.004416178809271338,0.004385427480542907,0.14527226930750606,0.2759370584368013,0.0054766295077082,-0.13463142330214847,0.24330292108471194,0.02437119317239518,-0.017167544729901497,-0.008786164220339817,-0.005142683954270323,8.176061640403328,1.5231147242454304,6.789881312322251,-1.0444674645274248,-0.8802579334143575,0.1990065984718114,0.051559700524635675,-0.0215178503648353,-0.1779892391601355,113.50068819133536,93.36702155282553,-15.732558098286152,-59.22655919821195,-1.792909654522303,-29.768028656459467,-0.7694613966066427,-19.850235531451332,0.0044510919799094556,3.0044510919799094,0.19165692949753313,0.1913828133212357
1.0,0.001,-0.61,3.141592653589793,12.0,8.546725339157183,8.000000000000004,13.951858024724572,11.999999999999998,10.81026537113478,4.527080063955193,9.510243141874827,1.999979834547184,12.0,0.484624677176051,1.6584784510728507,0.03845052830472858,0.6869079950985545,0.012922046567330897,0.42605494152631257,-0.029442895655118758,0.04201100700640715,0.0,0.02922431664300019,-0.0145879496093617,0.00551183535762085,-0.004528660847234122,0.0023301641287082554,-0.0029080003841439467,9.71142810148296,2.328011792622403,10.404261846775528,-0.5538742287265176,1.1383014936202291,-0.6579491582806887,-0.08225471290723001,0.016814205197105355,0.21109978389222,0.005970398919631193,0.12377960301617941,-0.1243103655090864,-0.103235068744319,0.05196322788286858,0.00045333836579144874,-0.008438398099795429,-0.004724892619609994,-0.007267529774995333,0.005978635598039709,0.12139873655767225,0.025510021007681,0.02928568337963408,0.11726957120645838,-0.005642434179304275,-0.0012328857573734552,-0.004447960370074757,0.004460527995868984,0.15759642839973337,0.2818335958078939,0.0141783311925638,-0.13915827234802816,0.24808793907820206,0.024592873065461582,-0.017286414376922302,-0.00931277461538301,-0.004793057231002054,7.378470385668964,1.5217110599031471,5.9944647012581385,-1.0486286426613112,-0.8740989427426301,0.19591564144279675,0.05432635287672868,-0.022267653267890326,-0.17547280495753326,113.3968220141563,93.23874878989395,-15.742817165428722,-58.95339086913363,-1.81080177975781,-29.71621918960994,-0.7706583522761572,-19.822808469753454,0.004368051621633729,3.0043680516216336,0.19173160090378283,0.19147520816619173
1.0,0.001,-0.58,3.141592653589793,12.0,8.462871834851706,8.000000000000023,13.784151016113622,12.000000000000012,10.642558362523829,4.359373055344243,9.488142916761918,1.999960683832871,12.0,0.5144227712903786,1.650296070721961,0.043402270096337375,0.6840500550424943,0.014625050524373469,0.42297513244834106,-0.029061235343854675,0.04411274113909245,0.0,0.03010683972886616,-0.01647345444838778,0.005664619767996913,-0.005090329372743941,0.002386290521484846,-0.00326067376796724,9.686473967787222,2.2885731934359024,10.399901256685636,-0.5268105611186721,1.1277744440710273,-0.6494516948781957,-0.08243231804195238,0.017004439401227398,0.20727938060953333,0.005832331435702677,0.12427666480443825,-0.1250887540766049,-0.10369413347311543,0.052157211618556354,0.00031210236598093395,-0.008354962079631876,-0.004789456315113544,-0.007266978220990372,0.005997580010812259,0.12182632097909005,0.0256697559471466,0.029409879168902087,0.11770691183657518,-0.005609927372094694,-0.0010940642170040485,-0.004466122099887394,0.0045116368953346895,0.16576655980143784,0.28593936729887043,0.0198147479853012,-0.14235714830281582,0.2514198909478689,0.02471311614346414,-0.017344938769895266,-0.009686072546555452,-0.004526187366724969,6.828847967495438,1.5194447172503374,5.448023579492656,-1.0509768640143609,-0.8686814051859085,0.1936788573629611,0.05664257049109446,-0.022789811617224546,-0.17344896217996303,113.26969370356382,93.11634084885135,-15.734785436001955,-58.743393027693976,-1.8208115814315136,-29.66880221407216,-0.7703934922999085,-19.796525871184137,0.004261196215762255,3.0042611962157624,0.19179924243298632,0.19156142283070313
1.0,0.001,-0.55,3.141592653589793,12.0,8.405770143472127,7.999999999999976,13.66994763335446,11.999999999999977,10.528354979764666,4.24516967258508,9.47353844469247,1.99999957080409,12.0,0.5353619295726779,1.6437643738035395,0.04697352715330484,0.6816914911846058,0.015851048540877582,0.4205849905053599,-0.028766893235476595,0.045584669600039,0.0,0.03071053750491369,-0.017819019812015092,0.005767602158801644,-0.005486551200903472,0.002423513908862858,-0.0035084866313121275,9.669106834761251,2.2597802699213267,10.396518503268773,-0.50724822375805,1.1197482860749621,-0.6434407001496173,-0.08295493306540101,0.017128107634879344,0.2043808574833435,0.005727987716754335,0.12459260160669225,-0.1256047024455261,-0.1039958013030876,0.05228405026761328,0.00020972010066383837,-0.008287569499754274,-0.004833763095234742,-0.007261424732012498,0.006006409136618177,0.12209679203179596,0.0257756349193158,0.02948829714861771,0.1179874500010731,-0.00558242130962087,-0.0009930527361457215,-0.004476536901320587,0.004546317818725054,0.17117264531775636,0.28878576792218796,0.023453382848624,-0.1446033295972001,0.2537289129666174,0.024777088900038192,-0.017371076935666842,-0.009948598339170502,-0.00432880706971207,6.446761533619182,1.5168765910164836,5.069354295211909,-1.0520932662514482,-0.8641536700114866,0.19205044718223604,0.05848438405469953,-0.023151130560047924,-0.17186674653756745,113.14290252155989,93.00535400806288,-15.720411420955736,-58.581359700873946,-1.8263835016124612,-29.627215899807435,-0.7695724107840555,-19.77267317647531,0.004135745854689336,3.0041357458546893,0.19186051590703457,0.19164163662530498
1.0,0.001,-0.525,3.141592653589793,12.0,8.372159096695873,8.000000000000023,13.602725539801957,12.000000000000004,10.461132886212164,4.177947579032578,9.46513531218111,1.9998926172116613,12.0,0.5479370211263209,1.6395472389142693,0.04915422210745149,0.6801335724093508,0.01659965462058219,0.4190587480836739,-0.028578946692045068,0.04646810292167865,0.0,0.031065906752234536,-0.0186340964599144,0.005827285027760698,-0.005724856550008937,0.002444824227498172,-0.0036571450531480546,9.658563274919322,2.2419928321072713,10.39428435990768,-0.4951596583205135,1.1147180955951144,-0.639812338918949,-0.08342006358603242,0.017196203492124775,0.20254757844259708,0.005661722216027781,0.12476465312446415,-0.1258990209289444,-0.10416480872296273,0.05235456816588846,0.0001461251093975788,-0.008243313397922754,-0.004859726701556911,-0.007255827172162458,0.006010240136234392,0.12224290187973919,0.0258360327040394,0.029530812311630697,0.11814106075103875,-0.0055640474815807795,-0.000930134149967572,-0.004481725945275785,0.004566435753487997,0.17423951680637415,0.2904694588822868,0.0254677247129122,-0.14594647915525952,0.2550939868972347,0.024805447608246555,-0.01737891592604557,-0.010105615134474511,-0.0042065383646983,6.217658470353859,1.5147221113257743,4.843012325997293,-1.0523921401582463,-0.8610243665667914,0.19103275931371783,0.0596966526989552,-0.023363933889559086,-0.17082952311587765,113.04663331636307,92.9243874336589,-15.707692656042967,-58.475603200802674,-1.8290589741510708,-29.597585282593908,-0.7687828397941104,-19.75527525355169,0.004020229488981835,3.0040202294889817,0.19190714690468982,0.1917040523541439
1.0,0.001,-0.5,3.141592653589793,12.0,8.347582131865522,7.999999999999998,13.553571610141258,12.000000000000018,10.411978956551465,4.128793649371879,9.459093343756216,1.999945755163048,12.0,0.5572485357106202,1.6362896435642216,0.05078618821052129,0.6789094261704478,0.0171603820359797,0.41788346285990874,-0.028433535986315258,0.047117117926311194,0.0,0.031325016263146765,-0.019240235336425056,0.005870140265570014,-0.005901355640225539,0.002459985188160191,-0.003767065343077812,9.650560937002362,2.2285261825763785,10.39247304683799,-0.48594412640335344,1.110919150324038,-0.6371153319381727,-0.08383394723572238,0.017241676916141695,0.20113932140183746,0.005610383132546432,0.12488087765427791,-0.1261078303703803,-0.10428177266417787,0.052402932340540345,9.732549284920364e-05,-0.008208513730752378,-0.004878494680591109,-0.0072504711777638745,0.006012641794558901,0.1223405808967491,0.0258788829781566,0.02955944646804927,0.11824511748458898,-0.005549563153661055,-0.0008817494890167609,-0.004484976639719814,0.0045808450585989495,0.1763948156862707,0.29169712076497817,0.0268504300599456,-0.1469350457494174,0.2560888161417889,0.024820101903546755,-0.01737935524535304,-0.010221075856720172,-0.004114240052036368,6.046885746245427,1.512654228979045,4.674814962018701,-1.052309865884889,-0.8584096605491154,0.19024579438185507,0.06066236568316329,-0.02351800366989934,-0.17000045750754322,112.96251917089987,92.8549261030774,-15.695922143049687,-58.39161317068589,-1.8306665425947057,-29.57258802092093,-0.7680281258305266,-19.740356261898945,0.003897114317029974,3.00389711431703,0.19195008972987526,0.19176258972987525
1.0,0.001,-0.475,3.141592653589793,12.0,8.329640825489452,8.000000000000005,13.517688997389119,11.999999999999973,10.376096343799325,4.092911036619739,9.454744516006249,1.999997866571162,12.0,0.5641059354434235,1.633821769207006,0.05199734797414614,0.6779677681583203,0.01757714292862087,0.4169923137916369,-0.02832222908820542,0.04759123807369335,0.0,0.03151308058017945,-0.019687390651629926,0.005900735151586731,-0.006031260436581431,0.0024707204803249777,-0.003847872884754397,9.64444063271067,2.2183990301922525,10.391003490028163,-0.47892621554519454,1.1081037467457913,-0.6351227947480981,-0.08417405807480625,0.017270732584993908,0.2000695981340256,0.005570894173229495,0.1249586576544918,-0.1262558083176236,-0.1043619127334165,0.052435714197347064,5.985366130202779e-05,-0.008181638888393563,-0.004891959055070934,-0.007245796696527316,0.006014438195000958,0.1224050520645188,0.0259092498789968,0.029578560734952603,0.11831482408893447,-0.005538450620303753,-0.0008445246482124347,-0.004486999464678283,0.004591083562907621,0.177899183050898,0.29258586539594883,0.027791462540782,-0.1476574014919711,0.2568086937508588,0.02482617151713748,-0.017375371795506463,-0.010305263989333548,-0.004045299546110916,5.919201469892805,1.5107221716375108,4.5494777058549545,-1.0519780044643112,-0.8562358269787353,0.18963549584809103,0.06142478713799309,-0.023628291339526902,-0.16934015453756146,112.89160648451919,92.7969414549678,-15.685727571842797,-58.325639335542874,-1.8316191975098437,-29.5520025448909,-0.7673623608152835,-19.72790842725546,0.0037683249902822776,3.0037683249902822,0.19198963609018563,0.19181739765058922
1.0,0.001,-0.45,3.141592653589793,12.0,8.316596992662184,8.000000000000014,13.491601331734584,11.999999999999996,10.35000867814479,4.066823370965205,9.451620638575143,1.9999918413444338,12.0,0.5691208534930264,1.631983310212967,0.05288808210313692,0.6772560724344568,0.017884251139279158,0.41632593564749204,-0.02823773793714787,0.04793486413489775,0.0,0.03164853456410643,-0.020014216975761803,0.005922376532098642,-0.006126124338377838,0.0024782555175183255,-0.003906835778998716,9.639731418626202,2.21083515765082,10.389810413646106,-0.47358834876245254,1.1060561212030975,-0.6336619118899548,-0.0844399065687061,0.0172880145554143,0.19926537081448042,0.00554071217701683,0.1250100941858163,-0.1263605088362524,-0.10441616121165027,0.052457630884652065,3.106371699780176e-05,-0.008161205461448787,-0.004901524449522089,-0.0072419398506149415,0.006016029342714517,0.12244691945992675,0.0259307357174367,0.02959116752629599,0.11836088498173836,-0.005530127375903443,-0.0008158742780435457,-0.004488244338871166,0.004598281370197551,0.1789395005274434,0.29322330861061136,0.0284246201730467,-0.14818053292880118,0.2573248877318038,0.024826896593248392,-0.01736883586479398,-0.010366009102765902,-0.003994325025934187,5.823476122945818,1.5089498744295464,4.455858580858788,-1.0514925727135516,-0.8544329344550904,0.18916088749834054,0.06202260532837852,-0.023706062365831025,-0.16881526645248912,112.83360057126593,92.74975896279513,-15.67728391257164,-58.27448252237893,-1.8321764684305375,-29.535438257402785,-0.766804520658605,-19.717783935836945,0.0036355292438851835,3.003635529243885,0.19202605462126843,0.19186863158719814
1.0,0.00125,-0.7125,3.141592653589793,12.0,9.787801115169529,7.999999999999985,16.43400957674925,11.999999999999961,13.292416923159458,7.009231615979871,9.87966469263468,1.990726664123562,12.0,0.14947545787272676,1.6359812788465968,-0.007086372792094628,0.6766684163718525,-0.0036141250521333325,0.4325032213645872,-0.03048982192150823,0.02296376269934175,0.0,0.017766376104899558,0.0033469302222906287,0.0035136482869377464,0.0013036285186597653,0.0015318839162299458,0.0008357275217985154,10.086064287371842,2.6661269308408686,10.443060208843146,-0.8346378530660264,1.1534858215160622,-0.7517444367136662,-0.13421023831622034,0.012926005064179936,0.23040083245500717,0.006950172605539283,0.1173601784218882,-0.1145999727906596,-0.09826373021546646,0.050000078011297404,0.0019953604570783013,-0.008519083605838291,-0.003996953474647647,-0.00683476096830122,0.005168865431844493,0.1161772791702044,0.0235173285944182,0.027586188600343956,0.11218569134730118,-0.005489248892793186,-0.002702079055742623,-0.0040702904459382185,0.003863277211645278,0.056544702148836515,0.23782143246133192,-0.0592824691735868,-0.10644666283405334,0.21234259574630923,0.021609009813814518,-0.015437901990968275,-0.005564415484497597,-0.006442098206248413,13.9422363446455,1.5107897707243154,12.579586674123888,-1.0184036698314745,-0.8895441795550842,0.21999120369562686,0.04791958887024952,-0.016532372797159012,-0.18634286900330713,113.94613189868763,94.68595863271447,-15.171375446426948,-61.48722687104475,-1.5906984894547034,-30.224693098243407,-0.7258145025737787,-20.12593547083445,0.005642684952874582,3.005642684952875,0.19119103439596438,0.19080416997188068
1.0,0.00125,-0.69,3.141592653589793,12.0,9.321905638494922,8.000000000000014,15.502218623400047,11.999999999999995,12.360625969810254,6.077440662630668,9.735718940232376,1.9999528290170776,12.0,0.2555762545698564,1.6693719108763407,0.005428008013415277,0.6890164418696167,0.0011809790755453412,0.43662486591752914,-0.030893272312672044,0.02605632293515135,0.0,0.021657471915862824,-0.0015868866381539529,0.004188581434716688,-0.0004018524020492493,0.0018120837619266777,-0.0002717400290054902,9.946668441126315,2.5824061883993057,10.432875623197033,-0.7516084760801852,1.1723338556808758,-0.7220140628433978,-0.10584253429083448,0.014764515819768382,0.22942707746626984,0.0067642923712808965,0.11956487172227126,-0.1178650608236553,-0.0997962593074761,0.05057325502607561,0.0015171025582235316,-0.00867680678235153,-0.004230137941450772,-0.007061243070994326,0.005552371613744998,0.1178995673448815,0.0241873649503772,0.02818622876824358,0.11382269326739909,-0.005650622439290501,-0.0022600896803511004,-0.004225193592236517,0.004058798485490839,0.0904457047248809,0.2513813113710601,-0.0339976382031584,-0.11610952530997948,0.22336321368301357,0.022913606332251722,-0.016313447304676407,-0.006645661314239962,-0.006225524937085454,11.781650968156274,1.5221753555843662,10.399775520704978,-1.0284431496507414,-0.8949608991578499,0.21281467517175376,0.0455407509278845,-0.018292690628433323,-0.1856403528953776,113.92431310389452,94.17669228817144,-15.49754525959089,-60.62726315218386,-1.6811674454834182,-30.057073496103325,-0.749802839507986,-20.020421055647688,0.005649421301856418,3.0056494213018565,0.19128102345410736,0.19090592853952726
1.0,0.00125,-0.6666666666666666,3.141592653589793,12.0,9.016095383774351,8.000000000000009,14.8905981139589,11.999999999999988,11.749005460369107,5.4658201531895205,9.643351837227437,1.999977750335563,12.0,0.3371411900422034,1.6769477339413565,0.016179625339693714,0.6924799957819707,0.0051038258482796,0.4356751847533214,-0.030718103566478163,0.0316407607461558,0.0,0.024497396161187103,-0.00588411826845491,0.004686175880977473,-0.001814926842885277,0.0020125172678596877,-0.00118229234266393,9.854954799608484,2.502084107630362,10.424218030930794,-0.6846928925968989,1.1703126130860275,-0.6993451974642183,-0.0920828103461621,0.015703274574779786,0.2253052066394889,0.006545918903498596,0.12120107439661609,-0.1202958227064493,-0.10104780869152055,0.051069255551969124,0.0011505051475864116,-0.008681178257580704,-0.004409126075998403,-0.007180623194281943,0.005761840034566032,0.11924121698124744,0.0246861872846275,0.02862034953018737,0.11511706287308295,-0.005700772395275006,-0.001911749276735869,-0.00432332203507359,0.004206610985763811,0.11578756310389368,0.2620984663925542,-0.0153955674587689,-0.12404598030886592,0.23210810220563288,0.02369854455713111,-0.016807234396589515,-0.00755449091203927,-0.00585818094413706,10.175751515167601,1.5273142785645675,8.78565922903013,-1.0370817448254952,-0.893125259392452,0.20711857612780993,0.04653346203690263,-0.019697297456395594,-0.18342987816675238,113.87131810112464,93.87486609285592,-15.657504154493438,-60.03953871329354,-1.7383890712583425,-29.950530840484742,-0.7622651457320262,-19.957618052130407,0.005625000000000001,3.005625,0.1913675579751447,0.1910067140569012
1.0,0.00125,-0.64,3.141592653589793,12.0,8.787926541007502,8.000000000000027,14.434260428425219,12.000000000000002,11.292667774835426,5.00948246765584,9.576798960627174,1.999993194386275,12.0,0.4051931510330734,1.6731040637126926,0.02598723780162779,0.6917580751119725,0.008579117240544418,0.4324558313781048,-0.03028420752954378,0.036412371554525,0.0,0.026753559026016876,-0.009767216647255376,0.005083239328941217,-0.0030466726925863336,0.002167958915009594,-0.0019696069668551173,9.786797488444826,2.4270681225816966,10.416238738107452,-0.6268390731236122,1.1594227713051708,-0.6803473322791014,-0.08527949137397643,0.01629611554538433,0.21984618972390096,0.006314856709447597,0.12249996012920866,-0.1222477157869405,-0.10211156492687333,0.051503335313350114,0.0008416553322643926,-0.008611541759241706,-0.004558250005147057,-0.007243810251405955,0.005885039597350163,0.12032878263749,0.0250867398313455,0.028958228625633638,0.11618756950420363,-0.00569749205586868,-0.001613473860081867,-0.00439090248358433,0.0043280705919486705,0.1362125395569737,0.27129037763905417,-0.0006645740794453,-0.13096539261060536,0.23955819702997233,0.024213069318700334,-0.017110337457915244,-0.008356181874288836,-0.005429302501941911,8.871468825552876,1.5287728790210133,7.479122564070863,-1.044281147351517,-0.8877297090794725,0.20223564470253083,0.049064320767812676,-0.02089369539532523,-0.18055084453032594,113.76108027933692,93.63762680006016,-15.733979740242654,-59.56862379745768,-1.7775236450657854,-29.862216140105502,-0.7687274272113739,-19.907747060774103,0.005563864974886819,3.005563864974887,0.1914586394394476,0.1911159942190758
1.0,0.00125,-0.61,3.141592653589793,12.0,8.62106498073485,7.999999999999977,14.100537307879906,12.00000000000002,10.958944654290113,4.675759347110526,9.530103760839635,1.9999668993653374,12.0,0.4593707080147603,1.6641495318886954,0.03436341527798253,0.6889454796801961,0.01149721362684762,0.4284119908861559,-0.02976578366669758,0.0402429066513549,0.0,0.02846667890455909,-0.013031758088153378,0.0053838184124724575,-0.004052882061689525,0.002282480922857313,-0.002607748478049347,9.737043178078075,2.3617358359826155,10.409193537310571,-0.5792852336677926,1.1454903449130034,-0.6650916415779636,-0.08267407480240867,0.01668936194245737,0.21423929835796476,0.0060981080225730394,0.12346476503560685,-0.1237283815720331,-0.10294731415349764,0.0518496631672783,0.0005911483060667273,-0.008508757621923404,-0.004676072780913285,-0.007269215017435131,0.005951372282223808,0.12114614708114904,0.0253905907220443,0.029205097777677925,0.11700657360230053,-0.00566664364398423,-0.0013690400002094054,-0.004434584448431034,0.004422740048665237,0.1517529247116922,0.2786856488478609,0.0103134170523024,-0.13662889302432513,0.24554537930049,0.024529168854179165,-0.017283018308644947,-0.009016546065955892,-0.0050146038323207,7.857178056406575,1.5275671342040198,6.466516775087015,-1.0495002084342713,-0.8807830606639231,0.1982426620597884,0.05215496980747687,-0.021852514134127345,-0.17758145795842753,113.59807694667936,93.4281037160666,-15.756800794616542,-59.187344554049815,-1.8024796750770777,-29.78279501576149,-0.7711395562703538,-19.86323755658552,0.005460064527042162,3.005460064527042,0.19155197869725973,0.19123148777527088
1.0,0.00125,-0.58,3.141592653589793,12.0,8.511546036943246,8.000000000000009,13.881499420296706,11.999999999999977,10.739906766706913,4.456721459527326,9.500673693629784,1.9999124230289684,12.0,0.497160830799102,1.6550643238734912,0.04050759720445668,0.6858342563548142,0.013619376299261594,0.4248400566699012,-0.029317710337032055,0.0429204037041576,0.0,0.029613335936065705,-0.015389992508977149,0.00558302992612238,-0.004764171928799647,0.002356603913479961,-0.0030559015982002096,9.704156928338879,2.312958421776376,10.403737368694806,-0.5450968630037489,1.1333008219753855,-0.6543549513089968,-0.08225311493261618,0.016933486521283257,0.20966819572890544,0.005928255758559332,0.1240826418752436,-0.1247062517089519,-0.10350805876714043,0.052083363513927707,0.00041191087194011406,-0.008411609921901226,-0.00475704991800605,-0.0072728875766679005,0.005981794147105673,0.1216718166198601,0.0255912617411781,0.029361171951473055,0.11754198576039489,-0.00563053017967896,-0.0011930061270282284,-0.004459121107411948,0.00448696984896771,0.16202787525526313,0.2838327099293133,0.0174046410776862,-0.14063481142161754,0.24971587630635467,0.024696851936355933,-0.017365831657492697,-0.00948510586312123,-0.00468991928541147,7.162109359533891,1.5249820795116946,5.774962271443897,-1.0524662858110532,-0.8743262155578121,0.19537461664458886,0.054895756174351294,-0.02251767414869985,-0.1751212130574266,113.42299456518639,93.25193174314344,-15.750988080913995,-58.90615300166246,-1.816202086650961,-29.71659748134498,-0.7712251036997625,-19.82557360699401,0.005326495269702819,3.0053264952697027,0.1916365306087641,0.19133925610591007
1.0,0.00125,-0.55,3.141592653589793,12.0,8.438034657739061,8.000000000000059,13.734476661888351,11.99999999999996,10.592884008298558,4.309698701118972,9.481588580941684,1.9998766207027376,12.0,0.5235860157057515,1.6474152100678647,0.04495061943601922,0.6830998039179825,0.015148432761356771,0.4219802662756915,-0.028962506198748256,0.04477900353485395,0.0,0.030389336280535674,-0.017074115228493635,0.005715935877009497,-0.0052645552825275515,0.002405118657159201,-0.0033696395555634444,9.681661738815414,2.2771929038310073,10.39950577614109,-0.5204647963290437,1.1237019610045016,-0.6467900600903332,-0.08261086486746591,0.017089321828103948,0.20613879427919019,0.005799024612762672,0.12447579428476244,-0.1253534113729814,-0.10387892859151894,0.05223776824218749,0.00028267221173183484,-0.00833062244766243,-0.00481254543300175,-0.007267987673024771,0.005995918416701062,0.12200569566627875,0.0257240668902668,0.02945955970621751,0.11788731038607045,-0.005598178538868153,-0.0010655315169448044,-0.004472999703865846,0.0045304685372674755,0.16881447043682465,0.2873993132043038,0.0219738057643088,-0.14344795783310693,0.25260615336317604,0.024784729416568403,-0.017402483176699235,-0.009814525450409837,-0.004446826139475987,6.680695454611113,1.5218836316264936,5.297610759474722,-1.0538840553231634,-0.868799723055171,0.19329939624756795,0.05713179386580717,-0.02297622251095259,-0.17317090080821732,113.25658673345032,93.10214445084104,-15.734870368700918,-58.69473924532762,-1.823735534716637,-29.661300308012382,-0.7703913742477484,-19.793463141499693,0.0051696823183616705,3.005169682318362,0.1917131224513244,0.1914395233491624
1.0,0.00125,-0.525,3.141592653589793,12.0,8.395160065535096,8.000000000000005,13.648727477480389,11.999999999999995,10.507134823890595,4.223949516711009,9.470747218172633,1.9999921134169343,12.0,0.5394053430554936,1.6423527483397193,0.047667593467646076,0.6812405919574072,0.01608258037242222,0.42012513265717716,-0.028732587793895294,0.0458964517326106,0.0,0.03084267963143236,-0.01809428555417047,0.005792371521637151,-0.005564789726361601,0.0024326189518127403,-0.0035572685385578213,9.668158508886249,2.255049038534934,10.39671151010272,-0.5052770055588537,1.1175893419254554,-0.6422350116761385,-0.08307148114283146,0.017174476422614788,0.20388572644038336,0.005716671636361055,0.12469008946227511,-0.1257222105195376,-0.10408759307651284,0.05232419660209541,0.0002026606595293729,-0.008276628062446416,-0.004845037740783715,-0.007261838342564637,0.006001967378305682,0.1221865783315651,0.0257997490261669,0.029512848811800326,0.11807709983319492,-0.005576029900517509,-0.000986376085600669,-0.0044798422498542765,0.004555669766571065,0.17265999647033486,0.2895081342766148,0.0245001662688528,-0.14512979312430205,0.2543147136899168,0.024823392572586513,-0.01741376478116048,-0.01001142504858881,-0.004295329093552069,6.392709483772392,1.5192342613711105,5.0129930484449545,-1.0542690161681922,-0.8649375345576157,0.19200840014992826,0.05862185140913231,-0.023245458546056332,-0.1718837840995028,113.13287716028731,92.99630113296288,-15.719704957623286,-58.55884947820656,-1.8273149574750875,-29.62287033844883,-0.7694834614489479,-19.770753903548663,0.005025286861227294,3.0050252868612275,0.19177141119839347,0.19151754301021107
1.0,0.00125,-0.5,3.141592653589793,12.0,8.36399253684085,8.00000000000001,13.586392420091908,11.99999999999996,10.444799766502115,4.161614459322529,9.4630185665706,1.9998379165060998,12.0,0.5510951335391867,1.6383908471083939,0.04970255105182219,0.6797573828390383,0.016782495555601993,0.41868414226957906,-0.028553397668000913,0.0467158244827423,0.0,0.031171510120908207,-0.01885279820460794,0.005846954357381816,-0.005786750302484954,0.002452044215766231,-0.003695686170485479,9.657984133022884,2.2382642666523678,10.39444636225338,-0.49371585965029524,1.1129328754580363,-0.6388544529781335,-0.08352516889197394,0.017231153233424303,0.20214597409471308,0.005652751377334905,0.1248349565462671,-0.125983695659454,-0.10423241571757233,0.05238374205724088,0.0001413910199218045,-0.008233830706891297,-0.004868511899645458,-0.007255596934136595,0.006005634390190337,0.1223077524492324,0.0258534090036368,0.029548717885015445,0.11820599620494406,-0.005558354018642483,-0.000925627013932477,-0.004484095212280682,0.004573705146096964,0.17536044015408922,0.2910452575188869,0.0262329381225239,-0.1463673068130545,0.25555970400731104,0.02484340219031112,-0.017415040504393086,-0.010156122387490092,-0.004180606731744804,6.1783638315382845,1.516670947695971,4.801824483656318,-1.0541728397280965,-0.8616924874098334,0.191013400290875,0.059816534436372464,-0.02343992660889636,-0.17085148540827613,113.02592400544768,92.90700153151646,-15.705373782887891,-58.45190693789095,-1.8294490114366169,-29.59088130528255,-0.7685819534793907,-19.751592211480656,0.004871392896287467,3.0048713928962876,0.19182508972987528,0.19159071472987527
1.0,0.00125,-0.475,3.141592653589793,12.0,8.341337008817035,8.000000000000016,13.541081364044285,12.000000000000002,10.399488710454492,4.116303403274905,9.457491453638102,1.9999717645706534,12.0,0.5596911057634754,1.6353641737308064,0.05121359003837199,0.6786053200581024,0.017302809120446287,0.4175852616721046,-0.02841558510597133,0.047312851581465545,0.0,0.03140922908846277,-0.01941222383531959,0.005885751126880962,-0.00594987090570897,0.0024657206259313066,-0.0037972549427769606,9.650243495156536,2.2256322802596515,10.392608778490416,-0.4849213668981022,1.1094624930850117,-0.6363597084214362,-0.08391687987541156,0.017267299376380597,0.20081986402156285,0.005603527990236929,0.12493196838961065,-0.1261689177126447,-0.10433186321315051,0.05242424430563109,9.4413467792194e-05,-0.008200611339285098,-0.004885345447285767,-0.007249996550533559,0.006008230582918994,0.12238786587115964,0.0258914188546144,0.02957265207665237,0.11829252077472889,-0.005544689937752327,-0.0008789575618075366,-0.004486724249423344,0.004586512290961416,0.17724422441263013,0.29215769830141713,0.0274115015049176,-0.14727132482992028,0.2564604680624684,0.024851879462046197,-0.017410418115244967,-0.010261567311490255,-0.004094749886977748,6.0182731944576195,1.5142660035243196,4.644646802052392,-1.0537616462521138,-0.8589857425953425,0.19024383015938326,0.060763509569218964,-0.023578859316140885,-0.17002767352831816,112.93633635101885,92.83322324522211,-15.692832665226193,-58.36842456259373,-1.8307054755110848,-29.564760594899138,-0.7677719607723278,-19.73576347050621,0.004710406237852847,3.004710406237853,0.19187452268026323,0.19165922463076773
1.0,0.00125,-0.45,3.141592653589793,12.0,8.324916869693928,8.000000000000018,13.508241085798078,11.999999999999982,10.366648432208285,4.083463125028699,9.453540219937794,1.9999999899131096,12.0,0.5659706351006003,1.6330968469065745,0.05232525637878335,0.6777289894136204,0.017686272809920647,0.4167603652945981,-0.028310646643374848,0.047744700523326,0.0,0.031579930886752205,-0.019821010125061832,0.005913100002277376,-0.006068849408125176,0.002475277048656961,-0.0038712587759245367,9.644309897617914,2.216192910589068,10.391117029437542,-0.47823764038335914,1.1069289850940383,-0.6345320870880605,-0.08423175836580117,0.017288767215835697,0.19982054223541815,0.005565877486833295,0.12499616023278629,-0.1262999254460765,-0.10439929683478497,0.05245139652195732,5.835806579594409e-05,-0.00817527008497785,-0.00489730057008629,-0.007245305272655123,0.006010404063716569,0.1224399636117388,0.0259183032581662,0.02958843369041938,0.11834978944962829,-0.005534405945505031,-0.0008430755580279459,-0.0044883333265849125,0.004595511737575645,0.17854634918051332,0.2929553789975464,0.0282041127045558,-0.14792585283258108,0.25710626983598356,0.02485325272036972,-0.017402422462909337,-0.01033761218692644,-0.004031189052514968,5.898346866583212,1.5120550211245884,4.527343365486985,-1.053156676951011,-0.8567365315367914,0.18964663317077146,0.061507916000048096,-0.023676673182262062,-0.1693720423261748,112.86335187892976,92.77358067396904,-15.682386817511091,-58.30396586626003,-1.8314364221499941,-29.543856913688575,-0.7670864612916997,-19.72297028695462,0.004544411554856478,3.0045444115548565,0.1919200458441167,0.19172326705152884
1.0,0.0015,-0.7125,3.141592653589793,12.0,10.352280180943453,8.000000000000048,17.562967708297123,11.999999999999973,14.42137505470733,8.138189747527743,10.052106234272104,1.9472024228120324,12.0,0.04722598737149056,1.5699803987797314,-0.01798423980356439,0.6541320806465278,-0.008083466363526911,0.4212015474119668,-0.029305854026789216,0.02112948677488825,0.0,0.013777555518721656,0.007290024074864481,0.002827692390033728,0.00278727180202297,0.001239056554273346,0.0018048049922315286,10.257836505380716,2.7228890706266307,10.454854841899582,-0.9153470589880214,1.1032199580148332,-0.781624531136982,-0.1764877941186791,0.010112658995724303,0.2256980689943453,0.00707543818108229,0.1159285163400062,-0.1120193804796034,-0.09758574914124317,0.049890144078083336,0.0025187218538402657,-0.00822766813197752,-0.003794010442722326,-0.0065689266999136055,0.004662791957853699,0.115358179523804,0.0229877592073626,0.02714767847600865,0.11144348488982853,-0.005236441168045289,-0.0031752658882280896,-0.003911217934472264,0.0036938238478664313,0.029560637014749758,0.226414893716039,-0.0786462420961592,-0.0984149932212507,0.2032091584802512,0.020160439674514356,-0.014432079028343658,-0.004676569939665235,-0.00636939155173039,15.909716812284659,1.503670803764039,14.567004552605894,-1.0171803249612374,-0.879605929652065,0.22782769302327235,0.054413470213844496,-0.014932364884160996,-0.1852049568022437,114.82112383252446,96.11513910524484,-14.801047695406126,-62.95258439119705,-1.4946035664555348,-30.675901728892455,-0.6979125826942724,-20.42604623526282,0.006771221943449499,3.0067712219434495,0.19093922332918223,0.19047498602028176
1.0,0.0015,-0.69,3.141592653589793,12.0,9.645530625525504,8.000000000000009,16.149468597461226,12.000000000000002,13.007875943871433,6.724690636691847,9.834376056224766,1.9964502792470666,12.0,0.18081440725988576,1.6481983726114522,-0.0036040511902887557,0.6812930123761074,-0.0022688394222727983,0.43438421682528444,-0.03071714054829676,0.02351402239525525,0.0,0.018918202424627675,0.001968940715369759,0.0037163227498730692,0.000832964019816785,0.0016165414564826748,0.0005296296730985558,10.049114833746286,2.6468214497822333,10.442599789396096,-0.8155305643830191,1.1602809429576626,-0.7429726978930863,-0.12481222387384461,0.01363728462566652,0.23092130385983564,0.006954690229853524,0.118524556553154,-0.1160228087456127,-0.09913257550453888,0.05037687788871902,0.0018921656348937115,-0.008621435693689925,-0.004084871076323193,-0.006937243594419381,0.005300072345557336,0.11717865814651385,0.0238093120903455,0.02788616540566528,0.11314623128795724,-0.005566255076629828,-0.0026143743529586467,-0.004135610117259245,0.003940064374723985,0.07125606936761114,0.2427333188651753,-0.0475307914793553,-0.10963271771003394,0.2163964888922534,0.022154746661887652,-0.015838511976268555,-0.005899395394592534,-0.00643507418142453,13.183645526149716,1.5221242006389488,11.806615183343196,-1.0262223038726366,-0.8964811671567406,0.21882733051064443,0.04609932979110946,-0.01706578369186997,-0.18728570783986842,114.4804919924133,94.9695580291524,-15.349445362055375,-61.51093492595915,-1.626664875514412,-30.31394154583872,-0.7374443801981915,-20.187136174773414,0.006779305562227703,3.006779305562228,0.1910472101989538,0.19059709630145763
1.0,0.0015,-0.6666666666666666,3.141592653589793,12.0,9.217544826564758,8.000000000000032,15.293496999539709,12.000000000000004,12.151904345949916,5.86871903877033,9.703181057423729,1.9999339518023778,12.0,0.28293074221944603,1.673045685391372,0.008879722120387443,0.6907751981733995,0.0024366271139331865,0.4367016379083151,-0.030912632059090204,0.0278895873531737,0.0,0.022617611942978712,-0.002986503620068576,0.004361039599244442,-0.0008556433598227016,0.001881923504369427,-0.0005646060021638774,9.920267441827132,2.5593898611667454,10.432187736612544,-0.7336540073409633,1.1718770838270378,-0.7144440515964081,-0.10068197880441339,0.01518143858096791,0.22858780869110715,0.006733187525733337,0.12046172299601379,-0.118984815356437,-0.10050017443126748,0.05088057496292104,0.0014251517739097858,-0.008714576801355066,-0.004303892414800313,-0.007124969561013865,0.005630501354922805,0.1186895902010233,0.024417152398413,0.028415507671097698,0.11458087852467692,-0.005685050466112762,-0.0021771184556175173,-0.004271356067801041,0.004122067479751041,0.10221633733897359,0.2556352177728177,-0.0247958512552654,-0.11903124704768688,0.22687134326957503,0.02329722401124937,-0.016589159672097436,-0.006968043817081715,-0.006138987336450614,11.18613035869951,1.5308215352681733,9.794002846675768,-1.0357207305401879,-0.8987795634639376,0.21167577963341985,0.04499379324402854,-0.018785273675737117,-0.18583593173138152,114.26759706734553,94.36618591423752,-15.60466273783539,-60.61480784967531,-1.7066543538200567,-30.114072491628868,-0.7570449724083859,-20.061263710589795,0.006750000000000002,3.00675,0.1911510516241986,0.19071803892230638
1.0,0.0015,-0.64,3.141592653589793,12.0,8.913892840184507,7.999999999999981,14.686193026779236,12.000000000000018,11.544600373189443,5.261415066009857,9.612757178561342,1.9998641997786235,12.0,0.3672306015375771,1.6760232391456675,0.020397164284023456,0.6926237378417598,0.006590702898132651,0.43455337507131203,-0.030591873326605214,0.03374108626159875,0.0,0.02551082804817656,-0.00757697225644533,0.00486914803848495,-0.002347542159851196,0.002084571116509135,-0.0015232136497202319,9.82869123031196,2.4715743820787157,10.422595899330998,-0.6629003592142453,1.165470897202768,-0.6909663086601507,-0.08865767243744384,0.016039082100941272,0.223316661773787,0.006474935014846833,0.12200455624492235,-0.1213526175781833,-0.10170495477436238,0.05135291029070135,0.00103959225933772,-0.008675081711868867,-0.004484786489739471,-0.007224595858678992,0.00581887037699905,0.11994573051561545,0.0249030546332863,0.028825448271268067,0.11580277037581597,-0.005710175639019605,-0.0018072842199728678,-0.004362221777511615,0.004270040621538313,0.12704362616750933,0.2666222985962631,-0.0068831323433883,-0.1272992459588996,0.23580830671454886,0.024019547610285193,-0.017029371509231245,-0.00792540605698343,-0.005694476724588556,9.580770742576945,1.5339608752996838,8.183187782717226,-1.0441214957779883,-0.8945141776639087,0.20558100166190657,0.04692188192671033,-0.02025290983259938,-0.18294480075687017,114.05299878382395,93.95417898670264,-15.726220190835274,-59.947503308575726,-1.7599065546239905,-29.97015038056518,-0.7671882937216348,-19.9748372821929,0.006676637969864184,3.006676637969864,0.19126034938136208,0.1908491751169159
1.0,0.0015,-0.61,3.141592653589793,12.0,8.699449111845661,8.000000000000036,14.257305570101524,12.000000000000005,11.11571291651173,4.8325276093321445,9.5514853490728,1.9999672103699817,12.0,0.43369326985693263,1.6688181199605538,0.030316999178421702,0.6905876627468344,0.010078373924894381,0.43052735416058535,-0.03006282013629546,0.03843559364851105,0.0,0.027674194561225916,-0.011476962174411987,0.00524913659876281,-0.003570472965200465,0.002231568517643935,-0.0023021556448990232,9.764104364917399,2.394970194123828,10.414130406206947,-0.6049861614137894,1.1518165344775835,-0.6723243826661752,-0.08364293568042105,0.01655645770130633,0.21720061390844259,0.006223480161649032,0.12315322848088864,-0.1231426864526284,-0.10267098889144124,0.051743686999369286,0.0007312953054883389,-0.008573013517706314,-0.00462705041090044,-0.007267256207868107,0.005918334321618856,0.1209014612618331,0.0252703988559926,0.02912394095804615,0.11675352461512677,-0.005686957595600868,-0.0015073241228899606,-0.004419696184461703,0.004384689640949725,0.14586012968305814,0.27552490307014477,0.0064138999139913,-0.13409451842741293,0.24299780713436836,0.02445049980199885,-0.01727066489697692,-0.008719021394350763,-0.005228088378056822,8.342309936213852,1.5332238725115488,6.945383483297405,-1.0503597830406763,-0.887200649748006,0.2006336572695766,0.05012176595997945,-0.02142757365928592,-0.1796293266399764,113.81356635746185,93.637648633781,-15.7671259010259,-59.43744928823279,-1.793159986620757,-29.85541893272196,-0.7712726610948907,-19.907867626143286,0.006552077432450595,3.006552077432451,0.1913723564907366,0.19098776738435
1.0,0.0015,-0.58,3.141592653589793,12.0,8.561958668616596,8.000000000000021,13.982324683643384,12.000000000000037,10.84073203005359,4.5575467228740045,9.513871568827486,1.9999998740890605,12.0,0.4797127671769348,1.6594013531221403,0.03763171784594634,0.6874425025488455,0.012617010895090945,0.4265982562756636,-0.029563426120464687,0.0417019288487859,0.0,0.02910313230669735,-0.01430565709345164,0.005498124854130401,-0.004434241190256739,0.0023253369112848964,-0.0028481756888618977,9.722482821833788,2.337139283525593,10.407576476431288,-0.5635241870994394,1.1384590007879265,-0.6592951228900583,-0.08231544330835171,0.016860835027896884,0.2119784922757994,0.00602318096921746,0.12389014297603365,-0.1243220652655789,-0.10332712677037023,0.052012909348253804,0.0005127503530175632,-0.008465578840138006,-0.004724574566856974,-0.0072771441690443325,0.005963470781539841,0.12152082402794015,0.0255124219420898,0.029312204659542603,0.11738148996157029,-0.005649452653657226,-0.0012929237978741613,-0.004451433808540311,0.004462202221808239,0.15826672600085673,0.28171875551611947,0.014978943513441,-0.13890836805503692,0.24800830022058892,0.024674059149208765,-0.017383243698241718,-0.009283228637034936,-0.004850528307378661,7.498409555812999,1.5304353339743955,6.1051061861309535,-1.0539428824152026,-0.8798665342663494,0.19710510585553143,0.05320456662727105,-0.02224010254109153,-0.17677155145929935,113.58281793813941,93.39661938258222,-15.76564974267979,-59.07614744419398,-1.8111394838920414,-29.767119768714572,-0.7719012233747633,-19.856511556894645,0.006391794323643384,3.0063917943236436,0.19147381878454187,0.19111708938111704
1.0,0.0015,-0.55,3.141592653589793,12.0,8.4710569277661,8.00000000000003,13.800521201942408,11.999999999999993,10.658928548352614,4.375743241173028,9.489934062480462,1.9999868794174676,12.0,0.5117309889698912,1.6508749133879466,0.04293682024239148,0.6844282400429944,0.014447663865878735,0.4233271558390059,-0.029153539914490424,0.04397281283958085,0.0,0.030060229509340168,-0.016328343923862544,0.0056626493269137925,-0.005040572956043337,0.0023859601434055083,-0.0032292639780208882,9.69450645919082,2.294514306652107,10.402494780019763,-0.5337482679955836,1.12749292788866,-0.6501537556469236,-0.08237476586414105,0.01705038441859433,0.2078611094805443,0.005869612387429981,0.12435967407613885,-0.1251013479496954,-0.10376438452593885,0.05219301139764854,0.00035607792654812913,-0.008372467609480662,-0.004791310041209556,-0.007273789967761996,0.005984290380765193,0.12191615544173309,0.0256723403653147,0.029430700249858815,0.11778914634436946,-0.005613190451949121,-0.0011384512560205725,-0.004469148287766207,0.004514584365293149,0.16644605686689115,0.28600885482051674,0.0204872139317309,-0.14229002358950668,0.2514811711946528,0.024789469588302762,-0.017432513111433165,-0.009679930320204254,-0.00456360916541039,6.916092237972482,1.5268563434771565,5.527400434926122,-1.0556669248042163,-0.8734056753021818,0.1945669911955571,0.05580173291020973,-0.022798426961988826,-0.17446759313050847,113.3732358427805,93.20304741745166,-15.748652762659162,-58.811359115072904,-1.8208806649930465,-29.696616648019784,-0.7711396221035073,-19.8151066260884,0.0062036187820340045,3.006203618782034,0.19156572899561425,0.19123741007301984
1.0,0.0015,-0.525,3.141592653589793,12.0,8.41853984799487,7.999999999999996,13.695487042399934,11.999999999999991,10.553894388810141,4.270709081630555,9.4765085780844,1.9999769069904731,12.0,0.530836530995493,1.6450598784668635,0.04618614260015885,0.682305915779533,0.015566669582276824,0.42116616839949317,-0.02888396452004293,0.0453179671180596,0.0,0.0306152670634911,-0.017553896487534224,0.00575657850841694,-0.005403604361260634,0.002420002492903064,-0.0034565396089216455,9.677903318440075,2.2680564325174863,10.399139754893586,-0.5154295748120636,1.1203766795284025,-0.6446636313412359,-0.08277834320539419,0.017152880379779332,0.20520514658132602,0.00577138222782036,0.12461586807215505,-0.1255449942507768,-0.10401157636739,0.05229460385750207,0.00025942184931033736,-0.008309311686456258,-0.004830347670224428,-0.007267448646193431,0.005993107080241127,0.12213103272190685,0.0257633820609467,0.02949481871626099,0.1180141366780789,-0.005587628117943158,-0.0010428412159314724,-0.004477794471174719,0.0045448920737926795,0.17107519925892387,0.28854444429275455,0.0235290312365772,-0.14431152896812063,0.2535340268425201,0.024839853722683453,-0.017447978332055133,-0.009916931936657235,-0.004383543038719125,6.568564817800293,1.5237310215558533,5.183811599524248,-1.0561413883749722,-0.868833499893769,0.1929950570861672,0.0575575484034934,-0.02312532235288671,-0.17293534061974905,113.22062741194135,93.07031758413768,-15.73136722879817,-58.643734856212504,-1.8254632721459363,-29.64878376752411,-0.7701470764636524,-19.786668457076388,0.006030344233472752,3.006030344233473,0.19163567549209712,0.1913310336662782
1.0,0.0015,-0.5,3.141592653589793,12.0,8.380590579972427,8.000000000000023,13.619588506355074,12.000000000000005,10.47799585276528,4.194810545585694,9.467018811858352,1.9999424734443831,12.0,0.5449253897642112,1.6404410296348297,0.04862194931162109,0.6805834942562259,0.016405355869577552,0.41947143946693316,-0.02867214118933779,0.04631090870573785,0.0,0.031015819451896437,-0.018465027184789904,0.005823297653516731,-0.005671532540215004,0.0024438844767307186,-0.003623843541626152,9.665484358390811,2.2479752473210044,10.396420368833189,-0.5015057690705046,1.1149027949040786,-0.6405956117084097,-0.08324483661500083,0.017220789756306348,0.20314266956945676,0.005694988947496615,0.12478919844684355,-0.12585934670046,-0.1041836709558917,0.0523649451440126,0.00018556629122176477,-0.00825881451375134,-0.004858534142247716,-0.007260510795364492,0.005998322271609165,0.12227530382472795,0.0258278910627696,0.029537952153942712,0.11816737035543637,-0.00556694485293551,-0.0009696147555451314,-0.004483128272881661,0.004566563574256928,0.17432338974708456,0.29039202901067795,0.0256136507370858,-0.14579864541295384,0.2550297285465613,0.02486594436461923,-0.017450438118952975,-0.010091002336419096,-0.004246704028828104,6.310288080147855,1.5206814356495855,4.929295447881941,-1.0560335406395396,-0.8649686174551081,0.19178747083499909,0.05897547050508259,-0.02336091376661547,-0.1717018026585174,113.09007096240897,92.96013370916508,-15.71464016432336,-58.51301265672234,-1.828175531861699,-29.609488871945683,-0.769116277435485,-19.76304688314824,0.005845671475544961,3.005845671475545,0.19170008972987526,0.19141883972987528
1.0,0.0015,-0.475,3.141592653589793,12.0,8.353124744609461,8.000000000000004,13.564656835629135,11.999999999999986,10.423064182039342,4.139878874859756,9.460275590928084,1.999915731862563,12.0,0.5552698327966575,1.6368800020791372,0.05043165064924082,0.6792314075350934,0.01702895868368225,0.4181711067868133,-0.028508395068515206,0.047032580175876054,0.0,0.03130425587006564,-0.019136881240505617,0.0058705187360557605,-0.005868153537279851,0.0024606059526615645,-0.0037463902232227546,9.656085852494853,2.2328500386670456,10.394214502609977,-0.4909257121245721,1.1107981468499641,-0.63759696829088,-0.08367423376786945,0.017263990880462585,0.2015647850560249,0.005636088633896648,0.12490535195823205,-0.1260819135654043,-0.10430212278517519,0.0524129701232485,0.00012902503412037927,-0.008219406374674955,-0.004878738222036535,-0.0072540842450023076,0.006001864611019845,0.12237085917440829,0.0258735645299589,0.029566722370231932,0.11827045783011042,-0.005550824317032664,-0.0009134432428026099,-0.004486404660010893,0.004581943135202383,0.1765879499879886,0.29172876234989137,0.0270306638559847,-0.14688472964719326,0.25611173341302745,0.024877203481408452,-0.017445341425400846,-0.010217783353448027,-0.004144076221929736,6.117594427622767,1.5178078541435767,4.74007183386891,-1.0555442996596915,-0.8617336138726074,0.19085593621255623,0.06010428936442257,-0.023528909515830802,-0.17071525309669375,112.9814155181091,92.87002280896458,-15.699837576232405,-58.41159981582882,-1.8297627136411863,-29.57767136506398,-0.7681712018131472,-19.743725433705105,0.005652487485423418,3.0056524874854236,0.19175940927034082,0.19150105161094624
1.0,0.0015,-0.45,3.141592653589793,12.0,8.333280588608675,8.000000000000032,13.524968523627559,12.000000000000005,10.383375870037765,4.100190562858179,9.455477977917417,1.999992918272313,12.0,0.5628183884913461,1.6341965094341866,0.05176352994680074,0.6781958860760486,0.017488605726591326,0.417191011268275,-0.02838329551353607,0.047553572383389,0.0,0.03151076110401845,-0.019627715912474343,0.005903694333894007,-0.0060114016191128335,0.0024722391622815365,-0.003835552271976138,9.648908540217263,2.2215416540052533,10.392423919257295,-0.4828915154913901,1.107789577081864,-0.63540198236152,-0.08403098467572724,0.017289602778595644,0.20037282133177095,0.005591001242676868,0.12498225595784335,-0.1262392816729947,-0.1043825866755855,0.05244525784384172,8.567596781706608e-05,-0.008189239613410497,-0.004893082453377284,-0.007248611330079686,0.006004696364107282,0.12243308921480556,0.0259058584075783,0.029585687884662155,0.1183388073839103,-0.00553862916562779,-0.0008703012589178407,-0.004488399433133787,0.004592745144496048,0.17815258455641086,0.292687027957004,0.0279831980479885,-0.14767088998636838,0.2568873616949559,0.024879418224987328,-0.01743596407555794,-0.010309171632063097,-0.004067998687792719,5.973358215435129,1.5151600120706377,4.598971033566201,-1.054820455204945,-0.8590400033645065,0.19013457063575684,0.0609940269968799,-0.023647001586800262,-0.16992912458144754,112.89325700568891,92.79764773763024,-15.687434484754165,-58.33362887714184,-1.8306812880770564,-29.55234696434537,-0.7673628480439022,-19.72820712556022,0.0054532938658277755,3.005453293865828,0.191814037066965,0.19157790251585957
1.0,0.00175,-0.7125,3.141592653589793,12.0,11.129701544316076,8.000000000000005,19.11781043504236,11.999999999999972,15.976217781452569,9.693032474272982,10.28153714890273,1.848855739357396,12.0,-0.05737513020386423,1.4512556952772224,-0.028470987343494136,0.614418874967442,-0.012631252338754272,0.3982881467857515,-0.026930736172992947,0.01908491221003165,0.0,0.0094188048770974,0.010309732635270937,0.0020637312116908095,0.004062662107170503,0.0009074605311967377,0.002640290102115823,10.48253040434254,2.745271075491653,10.466683154751076,-0.991011269887813,1.0045048141510249,-0.8151912539076897,-0.24287449560715388,0.005138971794099764,0.21160408448017748,0.0070522648614779575,0.11457993797148269,-0.1093689753113898,-0.09731298893583586,0.05005848327057528,0.003099040635794433,-0.007657464720294042,-0.003574667903269163,-0.006177007429595069,0.003925546669403862,0.1148370750735865,0.022443863360519,0.026689456263353766,0.11107324852616984,-0.004801804873335428,-0.0036726527251600147,-0.0037023047061157397,0.003507477563523078,0.0016991278246052048,0.21498239205896444,-0.0986483247602945,-0.09090752922329855,0.19407297529004422,0.018186333178666084,-0.012984881647721026,-0.0039039659922864857,-0.0058958992769177175,17.991052535820845,1.4910821156414755,16.682156745303402,-1.0212999218995462,-0.8562174448482519,0.23583463170806376,0.06848845823377965,-0.01336424338529758,-0.17999117692236777,116.13307403462264,98.28923447466164,-14.207788730210817,-64.96107146117856,-1.3681465697831505,-31.354738836657233,-0.6548974672804447,-20.882999214318165,0.007899758934024417,3.0078997589340246,0.19068741226240005,0.19014580206868284
1.0,0.00175,-0.69,3.141592653589793,12.0,10.039404163127777,8.000000000000032,16.937215672665758,12.0,13.795623019075965,7.5124377118963785,9.95470631991487,1.9751222390286856,12.0,0.10273394557544502,1.609026020620219,-0.012289726913377243,0.6676679979547864,-0.005736228911297567,0.42822658491332927,-0.030091977874060934,0.02213272504607525,0.0,0.015934962389372868,0.005249803893213958,0.0032023316189775056,0.0020298828733867984,0.001399264947203535,0.0013100621082143692,10.171722360993847,2.7000080732736764,10.45234627943637,-0.8800572390727021,1.1319472947555584,-0.7653406245751675,-0.15219727178695502,0.011923559394106545,0.22940025219296542,0.007098881150250936,0.11752138427136324,-0.1141454007662309,-0.09862228664662018,0.05028426475121471,0.002295716568837331,-0.008469022981596195,-0.003934561421411486,-0.006766660359832381,0.0049616654101714616,0.11660465650091995,0.0234240448055307,0.027579886462038947,0.11260963401129008,-0.005417000575313808,-0.0029870019041640695,-0.004027495594750723,0.003816020537309115,0.051606448818748374,0.23405688949427622,-0.0613881103821042,-0.10331778595458208,0.2094438794568846,0.02118438715470499,-0.015188188405320097,-0.0051847334769726874,-0.006487132005994716,14.64324610646041,1.519678212554063,13.276609135815164,-1.0253650521955722,-0.8930443409964537,0.22511093795616757,0.04931683246320059,-0.015821995025807917,-0.18753982302522085,115.2106559938887,96.03930222273785,-15.128846246667425,-62.60792149945194,-1.5605714616211188,-30.654327568206106,-0.7199780741393058,-20.412022928868286,0.007909189822598988,3.007909189822599,0.19081339694380023,0.19028826406338803
1.0,0.00175,-0.6666666666666666,3.141592653589793,12.0,9.446859077386614,8.00000000000002,15.752125501183437,12.000000000000009,12.610532847593644,6.327347540414058,9.772353404700253,1.9999625902555866,12.0,0.22673290299033277,1.6620190209892798,0.0017822744615475022,0.6866168598528863,-0.00022369355628857343,0.43614363046490795,-0.030920672421530303,0.02432188777272095,0.0,0.020597013648814718,-0.0001748617327610171,0.004011737491189448,0.00010376596830638025,0.0017388923080719286,5.631250058206935e-05,9.994313226132133,2.6127191196396704,10.44017202416974,-0.7835085143642628,1.167087020417964,-0.7301350913184238,-0.11277280441407331,0.014484492823440618,0.23067820783715476,0.006903041155522677,0.11974016426553524,-0.1176559362394534,-0.10001968074472102,0.050736915757584086,0.001713345403462427,-0.008708214360765848,-0.004196840155503776,-0.007048815548840261,0.005462651076808021,0.11818645054117455,0.0241444500050761,0.02820793438786834,0.11410510822993479,-0.005642817929057629,-0.002452680711400257,-0.0042111179517470825,0.004035524129059714,0.0884074406560399,0.2491438714961228,-0.0343620537181282,-0.11406161310645452,0.22163744982271213,0.0228025907773765,-0.01629812884621557,-0.00638927946081688,-0.006354410898381679,12.226069678708965,1.5331654114423054,10.83435176170967,-1.034725411957851,-0.9024095010101905,0.2164250666198736,0.04451823974515861,-0.017853310040945827,-0.18770243865280808,114.74252665266806,94.9770722885654,-15.524082810066053,-61.284458367473086,-1.6696062296007996,-30.31348645432039,-0.7497098413579258,-20.189953571399766,0.007875000000000002,3.007875,0.19093454527325252,0.19042936378771158
1.0,0.00175,-0.64,3.141592653589793,12.0,9.051036300376213,8.000000000000048,14.960479947162643,11.999999999999968,11.81888729357285,5.5357019863932635,9.652685708893284,1.9999690883522554,12.0,0.3282788853964533,1.6761216047878738,0.014905792110556893,0.6924584591958902,0.004611418059207565,0.4360023112083821,-0.0308246753867094,0.03101179200061325,0.0,0.024194410720452007,-0.005409198628515871,0.004641794083094879,-0.0016411199203441326,0.001994535943440011,-0.0010701092655807309,9.874323184086983,2.515817035926176,10.428962026374675,-0.6995324288046508,1.1690384907615816,-0.7018299714056258,-0.09349043436674068,0.015733936213339614,0.22630485057238006,0.006628333834296742,0.1215174000428972,-0.1204490297589587,-0.10132755679619812,0.051221955180578475,0.001243555702520589,-0.00872227765033039,-0.00441066685126815,-0.00719635985627058,0.00573739351353422,0.11958347160580554,0.0247176272623965,0.02869141986070598,0.11544391742195764,-0.005712121005596508,-0.0020061023702904884,-0.004329851363915853,0.004211244308429647,0.11776078987741136,0.2619683463037453,-0.013180896310619,-0.12363922445899875,0.23205499150154313,0.023786265143995865,-0.016920009735635212,-0.007495090360469279,-0.005934228375073669,10.304387953977395,1.5386339412453864,8.902611622872953,-1.0440337480132573,-0.9005008835275207,0.20904295888101138,0.045196023323488425,-0.019597075226162906,-0.18513720149807053,114.3801698193609,94.32237419391411,-15.707814738246991,-60.36756988078867,-1.7398774346273995,-30.093556327513888,-0.7647563491513496,-20.052712201776625,0.007789410964841547,3.0077894109648415,0.19106205932327655,0.190582356014756
1.0,0.00175,-0.61,3.141592653589793,12.0,8.78224825697093,8.000000000000053,14.42290386035208,11.99999999999999,11.281311206762286,4.9981258995827,9.57449905826099,1.9999811138459824,12.0,0.40757734167608967,1.672385967574128,0.02631403076945768,0.6918048094760196,0.008665466775453245,0.4323805645130588,-0.03033104649040924,0.036596960115226,0.0,0.02684634126023884,-0.00992600357414358,0.0051077539014840285,-0.003082170268955639,0.0021773826199013484,-0.001991707979568781,9.792718296577098,2.4276475730321914,10.419072462474196,-0.6309799925204798,1.1571874633479997,-0.6796537927768417,-0.08520450682463526,0.01641193964018876,0.21996824535216067,0.006346299296531662,0.1228453300780597,-0.1225532252615331,-0.10240699316219211,0.051645884707616906,0.0008739726730472013,-0.00863067553007363,-0.004577803190004569,-0.007261444056894535,0.005879057086698185,0.12066542614676876,0.0251494341455563,0.029042231702151228,0.11651129493714711,-0.005703024042624675,-0.0016478619005051796,-0.00440321796370218,0.0043463548256570846,0.13991651347837236,0.27235170165012923,0.0024792243888844,-0.13155690233158437,0.24044583938938058,0.0243556101147196,-0.017247982996544318,-0.008420541056741336,-0.005432346163687964,8.833994898695162,1.5386679948200883,7.431226964196057,-1.051219321105004,-0.8933208214723986,0.20308894726305618,0.04824489022273041,-0.02099335429970921,-0.18160684630535084,114.04435207000023,93.8689562115118,-15.773417733411613,-59.70493193551916,-1.7827917959370785,-29.934565692069036,-0.7710349348179215,-19.957031335635854,0.007644090337859027,3.007644090337859,0.19119273428421352,0.19074404699342912
1.0,0.00175,-0.58,3.141592653589793,12.0,8.614213365827046,7.999999999999983,14.086834078064305,11.999999999999993,10.945241424474512,4.6620561172949255,9.52776825975402,1.999937417012644,12.0,0.4620738540306067,1.6632797859484505,0.0347755630456458,0.6888663234159649,0.01161799945512887,0.42824394461592363,-0.02979750346455467,0.0404699756618939,0.0,0.02857606276039914,-0.013221155703078566,0.005409889358584833,-0.0041007542247687104,0.002292473510109604,-0.002637636496091019,9.741482572473274,2.361097084402557,10.411418583760591,-0.5820942541305156,1.1432229318333835,-0.6642739257180433,-0.08263158024984599,0.01678557839337992,0.21420590612393445,0.006117049105592186,0.12369927133995001,-0.1239361783932604,-0.10315160095064138,0.05194601891860061,0.0006146794717372927,-0.008516730924890364,-0.0046920249051760066,-0.007279688048304027,0.005942476433680868,0.12137356274407199,0.0254332331939987,0.02926298422784019,0.11722567878328058,-0.005666595138959039,-0.001393857102468521,-0.004443038120376861,0.004437328506544391,0.1544826171049046,0.27959762195605936,0.0125374839014973,-0.1371783310392382,0.2462973694992142,0.024644364933588712,-0.017396757451419585,-0.00908053790676356,-0.005007663597450445,7.837789439483468,1.5358004587932963,6.438506309301033,-1.0554100733624818,-0.8852933208261166,0.1988704821110371,0.0515744780563457,-0.02195727199962175,-0.17839713114923128,113.74947614063545,93.550856811275,-15.778668286810804,-59.25373284275483,-1.8056089235783068,-29.820505664987415,-0.7724155654043119,-19.889435480881662,0.007457093377583947,3.007457093377584,0.19131110696031964,0.19089492265632402
1.0,0.00175,-0.55,3.141592653589793,12.0,8.504866586473582,8.000000000000014,13.868140519357361,12.000000000000014,10.726547865767568,4.443362558587982,9.49858399315359,1.9999477749320471,12.0,0.4997954650764194,1.654135716876351,0.04093242763380779,0.6856743567306469,0.013748771078074392,0.424623994298116,-0.02933972938466661,0.0431539159812536,0.0,0.02972316868693258,-0.015581916754244382,0.005607736924323286,-0.0048146706721523555,0.00236603295995687,-0.0030874022964645547,9.70765006077305,2.3117391256029314,10.405485516557562,-0.547099320143568,1.1311136841062703,-0.653532247837376,-0.08225016614253959,0.017011052949138634,0.2095465463392858,0.005939734978846709,0.1242442719883981,-0.1248485072141101,-0.1036522463518222,0.05214982914189151,0.00042995496828868206,-0.008413065430158887,-0.004770055653083624,-0.0072788143461199875,0.005971486161108232,0.12182823597464706,0.0256204543262871,0.029401721181997634,0.1176930323495989,-0.005627428297958256,-0.001211824409796013,-0.004464976382069839,0.004498663907558229,0.16406724445529644,0.2846144327417049,0.018993553504784,-0.14112968073095003,0.25035403462750644,0.024791197871120878,-0.017461037932810397,-0.009544841504701905,-0.0046790492250418465,7.15296524297414,1.5317935117038246,5.7587397898259525,-1.0574428994502192,-0.8779688366742714,0.19585329582754218,0.054495896551821583,-0.02261780307786032,-0.1757559571367709,113.49294120840734,93.30819380066534,-15.761730061189992,-58.93132279496683,-1.817814598978651,-29.73320436243355,-0.7718153903631371,-19.83763129013517,0.0072375552457063395,3.0072375552457062,0.19141833553990406,0.19103529679687725
1.0,0.00175,-0.525,3.141592653589793,12.0,8.442308846484675,8.00000000000004,13.743025039379544,12.00000000000001,10.601432385789751,4.318247078610165,9.48242255986901,1.9998442480092402,12.0,0.5222301176516143,1.647665926815257,0.04470998076529796,0.6833286875577129,0.015051936903133828,0.4221812703960611,-0.029032979504371188,0.0447353577047011,0.0,0.030383653243679615,-0.017013006876537288,0.005719903828707422,-0.005241325766739908,0.002406972793978283,-0.0033549743029456136,9.687800931984379,2.2810131207697815,10.401569095091585,-0.5256176496269789,1.1230774499612792,-0.6470983483452407,-0.08254188429087042,0.017131332781733392,0.20650539591335804,0.005825848453963475,0.124541999941338,-0.1253673702672268,-0.10393678584043026,0.05226580725260069,0.0003164151116008499,-0.008341350370580272,-0.0048156561308944305,-0.007272652076278882,0.005983645451148848,0.12207628792537506,0.0257269314276205,0.029476722983605624,0.11795219753841289,-0.00559883196491843,-0.0010995341188956252,-0.004475580473075717,0.004534102243082667,0.1694850627996467,0.28757840535108947,0.022554298962234,-0.14349174386332153,0.25275195334814343,0.024854790493829944,-0.017481508098494875,-0.009822146285231686,-0.004471140442109202,6.745229840641956,1.5282119511916932,5.355474507305601,-1.0580096405471868,-0.8727112847788647,0.1939927573627398,0.05650438539908605,-0.023003549313285545,-0.1739838700685173,113.30991598796977,93.14648232873866,-15.742669617063932,-58.73029543266407,-1.823502439768951,-29.67533928850002,-0.7707730830486342,-19.803028540789615,0.007035401605718211,3.007035401605718,0.19149993978580074,0.19114452432234538
1.0,0.00175,-0.5,3.141592653589793,12.0,8.397379850228946,7.999999999999991,13.65316704686811,11.999999999999988,10.511574393278316,4.22838908609873,9.471095149296161,1.9999956645217782,12.0,0.5387391590034629,1.6424392696401393,0.047544423110191164,0.6813874682528177,0.01602896951590798,0.42024515351951774,-0.028789731115208828,0.0459023841843783,0.0,0.03085793983991638,-0.018076950900228813,0.0057991694207483934,-0.005555712137705341,0.002435505241510016,-0.0035515436393867873,9.673062737844734,2.257658461969891,10.39839506697424,-0.5093139655642746,1.116827978370945,-0.6423388548478253,-0.08299337070107018,0.01721055805687624,0.2041292547589115,0.005737093951616712,0.1247436070513229,-0.1257347827943517,-0.10413554765562008,0.052346547460132224,0.00022985358186475679,-0.008283460357911927,-0.0048485613183210895,-0.00726521074620881,0.005990700645072075,0.12224324284762479,0.0258023290121024,0.029527149645390657,0.11812924887586396,-0.005575332115936379,-0.0010137143314009613,-0.004482075128816882,0.004559420217409197,0.1732836403002745,0.28973744212524694,0.0249925599956526,-0.14522908296895218,0.2544989005057084,0.02488771385871886,-0.01748552987988388,-0.010025719598922098,-0.004312517211213029,6.442660686562283,1.524685537057863,5.0572304762388285,-1.057892114352167,-0.8682376992020937,0.19256801658052503,0.05813941603616949,-0.023280974944257196,-0.17255128971445985,113.15497068605934,93.01433786501956,-15.723717940897172,-58.57494242780132,-1.826845621544416,-29.628415305765834,-0.7696309002694016,-19.77472349919785,0.006819950054802454,3.0068199500548025,0.19157508972987528,0.19124696472987526
1.0,0.00175,-0.475,3.141592653589793,12.0,8.365005235981627,8.000000000000028,13.588417818373461,11.999999999999964,10.446825164783668,4.163639857604082,9.463097272660864,1.9998381764964357,12.0,0.550842076888965,1.638368950455294,0.04965154371820389,0.6798459350432202,0.016755594345870043,0.41874978258382617,-0.028600646270133572,0.0467504298713281,0.0,0.031198160070718232,-0.01886137339939678,0.00585503777458603,-0.005786112151857633,0.0024553762238785524,-0.003695281141994881,9.661968083751436,2.240052078236992,10.39582066258076,-0.49693929240952633,1.1121103895276025,-0.6388345876539361,-0.08344625692548427,0.017260797271069772,0.20230431002352697,0.005668575470109253,0.12487880950820945,-0.12599479561088,-0.10427269444217827,0.05240189352596891,0.00016368913603818233,-0.00823802239154769,-0.004872137362649278,-0.007258059141482822,0.0059953386661424826,0.1223540345161386,0.025855686850644,0.029560771753172083,0.11824863814286675,-0.0055568525561995215,-0.0009479822337687215,-0.004486040489929822,0.0045773760633815545,0.17593035049700206,0.2912990604873803,0.026648946606929,-0.14649762401459798,0.2557624941261858,0.02490213843822961,-0.017480134920360352,-0.010173913576997646,-0.004193273121402922,6.217166080828671,1.5213476708452802,4.835753866813121,-1.0573260205820256,-0.8644793167273576,0.19147181753270393,0.05944721719211176,-0.023478445951003353,-0.17140284942688908,113.02684728283478,92.90734492254671,-15.706741202408425,-58.455168905324456,-1.8287907681250368,-29.590736291747806,-0.7685600234858782,-19.75179532966571,0.006594568732993987,3.006594568732994,0.19164429586041842,0.19134287859112473
1.0,0.00175,-0.45,3.141592653589793,12.0,8.341688537781252,7.999999999999974,13.541784421972721,11.999999999999998,10.400191768382928,4.117006461203342,9.457434016582404,1.99997053240301,12.0,0.5596641053093488,1.6352822023278881,0.05120290742947141,0.6786567330111987,0.017291250970241402,0.417617852603726,-0.02845568007404368,0.04736148240612395,0.0,0.0314410252665724,-0.019434338192673754,0.005894159489878076,-0.005953782468812751,0.0024691417896829377,-0.0037997172158492527,9.653527468763892,2.226881312122821,10.393731083199851,-0.48754998874067446,1.1086377912126706,-0.636271600958451,-0.08383762765463396,0.017290517852332002,0.20092219167661426,0.00561608323783125,0.12496838167407215,-0.1261785774159866,-0.10436603162669685,0.052439215403997014,0.00011301767558619067,-0.008203113532683437,-0.004888870099208928,-0.007251857837912196,0.005998905723829614,0.12242629703699424,0.0258934011449421,0.029582930158526415,0.1183279396489964,-0.005542796642520292,-0.0008975515502271593,-0.004488442604894511,0.004589981583761872,0.17775820313905652,0.29241825677033106,0.0277618751140913,-0.1474156474316915,0.25666816506980156,0.024905391329163005,-0.017469458173041977,-0.010280687987323827,-0.004104751947011798,6.048510553601994,1.518264830458179,4.670742023273292,-1.05648392915704,-0.8613433071218285,0.1906247008288771,0.060480971834451606,-0.023617049222038937,-0.1704864973061433,112.92331685834124,92.82196150709159,-15.692426568166908,-58.36347264455844,-1.829911029836653,-29.560908815502437,-0.7676336644690621,-19.73349473992888,0.006362176176799071,3.006362176176799,0.1917080282898133,0.19143253798019028
1.0,0.002,-0.7125,3.141592653589793,12.0,12.300839625311298,8.000000000000073,21.46008659703282,12.00000000000012,18.318493943443027,12.03530863626344,10.600000515157825,1.6528587783777313,12.0,-0.15414613208563221,1.2433818422252894,-0.03855919868237258,0.5437328861438202,-0.01709848787882507,0.35456953359455284,-0.022724357552271573,0.01675913301618065,0.0,0.004842394749790818,0.01170068364058129,0.0012095876377688235,0.004874977779325264,0.000534764341159235,0.0031756680953873265,10.790392753811652,2.694794770433575,10.478545308135793,-1.0475297634033531,0.8226528162366729,-0.8538043148730342,-0.35135742302648104,-0.003838597415920572,0.17969321574145522,0.006749511624341647,0.11335263497449295,-0.1066435166941516,-0.09770946468321363,0.05069065947894724,0.0037328373769312108,-0.0066051116513851146,-0.0033266321013278215,-0.005567206077068558,0.0028175966645018987,0.11479118933963209,0.0218845656197668,0.026190250534584687,0.11131102859062035,-0.004067882077703171,-0.004169193116705208,-0.003406663078948829,0.0032911697933523734,-0.027080429174064623,0.20336833444889202,-0.1193364771746715,-0.08423933489962922,0.184830311015179,0.015427642161215543,-0.010908511912469011,-0.0033404926754984202,-0.0048373844844376,20.19412380756095,1.4713710387689716,18.93973339739935,-1.036216630925678,-0.81176312591613,0.24330416625329543,0.09535041363928998,-0.011969571391621558,-0.1677686304391844,118.12984684051305,101.7010602563412,-13.215660734298742,-67.81174755149398,-1.18761851650778,-32.416837338999756,-0.5839185633527768,-21.600440951984183,0.009028295924599333,3.0090282959245993,0.19043560119561787,0.18981661811708392
1.0,0.002,-0.69,3.141592653589793,12.0,10.532697168290204,8.000000000000108,17.923801682990646,11.999999999999964,14.782209029400853,8.499023722221267,10.103290580732184,1.9279770663219074,12.0,0.022024745132702937,1.5448721802149847,-0.020663635118259003,0.6459402559407027,-0.009240456709891912,0.41661766789880333,-0.02887305603074587,0.0206377662426265,0.0,0.012713578700637202,0.008109504486135805,0.0026439839894420144,0.0031437973903551573,0.0011592997241183336,0.002038709842659852,10.320661182181063,2.736438187276011,10.46211517882782,-0.9436603616822018,1.0807481924258786,-0.7895523813722145,-0.1910518439067797,0.009268285258798832,0.22357435155639727,0.007175955988741876,0.11656710867406335,-0.1122310545442949,-0.09831705153182195,0.05033096864285166,0.002732923943624417,-0.0081833601267157,-0.00377679119078759,-0.00653465602517586,0.004508659860297357,0.11618471653876436,0.0230311973375213,0.027265795853644647,0.11226208103459265,-0.005179448362896208,-0.003378077901299662,-0.0038951433069953465,0.003684255512420694,0.03146708671017145,0.22532417486081066,-0.0755861721785248,-0.0972464629630047,0.2025008563840675,0.019943950712191218,-0.014309580154638695,-0.00452120296716054,-0.006334337131602433,16.163840368072563,1.514431952747728,14.814703318493857,-1.0268196270594365,-0.8829688079171112,0.23160679049710153,0.05622026087346207,-0.014578837092782269,-0.1858448207907539,116.16965526330033,97.48226650307528,-14.80471399912243,-63.98436804969872,-1.479486210158218,-31.10815818280755,-0.6954120846462587,-20.71545360703119,0.00903907408297027,3.0090390740829704,0.19057958368864664,0.18997943182531843
1.0,0.002,-0.6666666666666666,3.141592653589793,12.0,9.710934918173912,8.000000000000018,16.280277182758038,11.999999999999995,13.138684529168245,6.855499221988659,9.852631071198134,1.994154669335093,12.0,0.16853235650509377,1.6421134188294317,-0.005105378710283281,0.6794843979722995,-0.0028845916389261027,0.43363416050663384,-0.030700514503079285,0.02330949479437255,0.0,0.01843328503302221,0.002511655264058221,0.0036378831239775463,0.0010515964361664546,0.001583127759135848,0.000672386281956088,10.078748697955524,2.660767355591454,10.448170938035467,-0.8340505238313727,1.1542937657765944,-0.7465362634637014,-0.12909954862122125,0.013529652663774346,0.23128353587138462,0.007050825328526872,0.1190403587318801,-0.1163085637346592,-0.09962010319362585,0.050647553404131844,0.0020172631810556176,-0.00865324978835182,-0.00408741997635994,-0.0069485971272724096,0.005250751934280987,0.11775918932037574,0.0238679525403497,0.027997559832080902,0.11370308206167959,-0.005568043492992951,-0.002739290121308219,-0.004141271296866279,0.003946445928264535,0.07434747034659092,0.24262466598079274,-0.0441000881714477,-0.10916194186943592,0.21640925099555264,0.022197441223240105,-0.015917042719293378,-0.005823607997272918,-0.006489555581601223,13.2968536123184,1.5341845264586178,11.908443120103286,-1.0343216695900141,-0.903547580194291,0.22136018968287233,0.04538060176617954,-0.0169065369596956,-0.18888251107798273,115.3115608959202,95.7327880280974,-15.408384969914366,-62.066932207055395,-1.6264369233113172,-30.556514932517885,-0.7398093744478216,-20.349038405923377,0.009000000000000003,3.009,0.19071803892230638,0.19014068865311676
1.0,0.002,-0.64,3.141592653589793,12.0,9.201065908029328,8.000000000000059,15.260539162468879,11.999999999999975,12.118946508879086,5.8357612016994995,9.69705889238455,1.9999883464535229,12.0,0.28830051925494754,1.6729529888645363,0.009519763933052714,0.6911306817663513,0.002639701627974215,0.43671052524136983,-0.030970696813329333,0.0282332042624426,0.0,0.022802926595673487,-0.0032744113579715804,0.004401101324694174,-0.0009305650741998892,0.0018977431149447108,-0.0006124454415027715,9.92414274717995,2.5585410286978005,10.435337140248071,-0.7367162359172985,1.16970609180826,-0.712968452779823,-0.09996821851813317,0.015361666526066223,0.22873953990490437,0.006773974947483133,0.12103974666245465,-0.1195367556986721,-0.10098313332728809,0.051112958349604574,0.0014542663217741482,-0.008750901682636956,-0.004335767761873421,-0.007158189069161529,0.00563859989913097,0.11924510446247039,0.0245304173676514,0.028556181929424888,0.11511466305527113,-0.005701761141628385,-0.002210315493240306,-0.004293452170101178,0.004151562816869483,0.10835907397947928,0.25732307225005213,-0.0195597890450742,-0.11999252837784218,0.22829994778363186,0.023508216001794122,-0.016777002958648347,-0.007066714450194031,-0.006144048051016647,11.042751661500285,1.5427420986797822,9.637956492571206,-1.0440737007752845,-0.9055606483534372,0.21262135425180104,0.043961792692145917,-0.018927916917856943,-0.18708813717801984,114.74694452587289,94.74896703829113,-15.676968623746529,-60.83394071262167,-1.7172232115645862,-30.23448622319532,-0.7613237088439065,-20.1428023676517,0.008902183959818911,3.008902183959819,0.190863769265191,0.19031553691259612
1.0,0.002,-0.61,3.141592653589793,12.0,8.869881857539307,8.000000000000046,14.598171061488827,12.00000000000001,11.456578407899034,5.173393100719448,9.599267740798451,1.9999976198163614,12.0,0.38100812332279493,1.6747426505884082,0.022357204555736622,0.6925637472842862,0.007258328223834775,0.43394867656288566,-0.03056721907887052,0.0347173006320442,0.0,0.025982616617807375,-0.008381609247263994,0.004959640089013829,-0.002588804116589794,0.0021198816193557703,-0.0016769584354534323,9.823002819822346,2.459691476454232,10.424019715140306,-0.6572681651114763,1.1614988406324076,-0.687087154003155,-0.08740692824852837,0.016251602318346044,0.22252474152261273,0.006466316703506708,0.12254143607373436,-0.1219599416992577,-0.10215632477729615,0.051556907196071096,0.0010193902086692874,-0.008681190997711244,-0.004528304618902553,-0.007251545757632459,0.005833022230193011,0.12043887086196825,0.0250276850373851,0.028959989711621722,0.11628085189604792,-0.005714447742810295,-0.001790783225521671,-0.0043850636813716395,0.004307709758775586,0.13392048646148838,0.26916638651062125,-0.0014911789745709,-0.12901798433681813,0.2378901058088681,0.024243123829163285,-0.017213478568038006,-0.008121487406652871,-0.005626107867335808,9.33236414558204,1.5438852035539838,7.924214848146164,-1.0520925579365656,-0.8991093267125333,0.20560879988960507,0.046544529841548686,-0.020550409950299796,-0.1835033948398597,114.29160730841868,94.12378058791845,-15.775248100923207,-59.99115093926163,-1.7713188941956424,-30.02076577088289,-0.770400456578957,-20.01109988402871,0.008736103243267459,3.0087361032432676,0.19101311207769042,0.19050032660250824
1.0,0.002,-0.58,3.141592653589793,12.0,8.668422540037252,8.00000000000002,14.195252426484702,11.999999999999979,11.053659772894909,4.770474465715322,9.542397626913816,1.9999181789910505,12.0,0.44423933855557524,1.6666700656436233,0.03194006035406419,0.6900966366538063,0.01062236637792862,0.4297708955617674,-0.030019007663755284,0.0392203895876998,0.0,0.02803196531149708,-0.01213725013693175,0.0053183100411255,-0.003763946776836056,0.002257998443831065,-0.00242443780009503,9.761189188319864,2.3848115337868463,10.415263694552335,-0.6008085929481238,1.1475644475551365,-0.6692932350394248,-0.08321468338095903,0.016706693577398547,0.21634573004551028,0.0062097966206526795,0.12351013617215775,-0.1235485744635814,-0.10298176296083927,0.05188287411970646,0.0007177603706900058,-0.008564917094792382,-0.00465939484749173,-0.007280455100869658,0.00591866768552548,0.12123026788068925,0.0253536920845484,0.0292135179629602,0.1170748246858621,-0.005681850078189816,-0.0014958474712798615,-0.004433910480484805,0.004412342541810097,0.1506750388951122,0.2774694296325282,0.010080087974404,-0.1354452508007883,0.24458329662627024,0.024607372724816733,-0.017405929918575286,-0.008877138947105711,-0.005160952897656509,8.18029041003229,1.5410732265961622,6.775214770390164,-1.0568716110717586,-0.8905968862914868,0.20067089527400014,0.050011364766187755,-0.021669365102412786,-0.17999490223085848,113.92330253950811,93.71513053966328,-15.789932118775184,-59.43929035718476,-1.7995945899331764,-29.876901999637,-0.7727612868309155,-19.924448251614347,0.00852239243152451,3.0085223924315243,0.1911483951360974,0.19067275593153096
1.0,0.002,-0.55,3.141592653589793,12.0,8.53949489839288,8.000000000000032,13.937397143195945,12.000000000000009,10.795804489606152,4.512619182426565,9.507547875235058,1.9999538424219754,12.0,0.4877780489235923,1.6571894521204582,0.038937739380698895,0.6868355985954485,0.01305177941988614,0.4258690364046545,-0.02952079866438922,0.04232239808214495,0.0,0.029378106319808046,-0.014835055149040228,0.005551193554214481,-0.0045869187142945095,0.002345331889958563,-0.0029440996328431264,9.721102003474961,2.328861720193884,10.408477987409231,-0.5605186103466315,1.1345563316427827,-0.6569260275181771,-0.08224075739993887,0.016971063294771382,0.2111937858849909,0.006009375332136179,0.12412962021493976,-0.1245948841495656,-0.10354259475315597,0.052108273154119804,0.0005043217755871191,-0.008452374294415817,-0.004748780869769402,-0.0072830427822393575,0.005957465013789623,0.12174200486932235,0.0255684077437024,0.029372625004331382,0.1175990463201981,-0.005640861846838376,-0.0012856637843082623,-0.004460477452101028,0.0044827056546535285,0.1616778696148761,0.2832160878748863,0.0174927700281219,-0.1399670907899675,0.24922481346505196,0.024789798009749727,-0.017487923513126342,-0.009409289202966844,-0.004793035006245691,7.391327948712868,1.5366938795558482,5.991645539631847,-1.0592130691549153,-0.8824863887099699,0.19715837278669496,0.05321606076051409,-0.022434411750822,-0.17703508590875947,113.61579818365132,93.41772076050383,-15.77407199331232,-59.05473842872687,-1.814532862077782,-29.771104808862432,-0.7724168138612875,-19.86106612634842,0.008271491709378673,3.0082714917093787,0.19127094208419387,0.1908331835207347
1.0,0.002,-0.525,3.141592653589793,12.0,8.46647786386581,8.000000000000046,13.79136307414184,12.000000000000016,10.649770420552047,4.3665851133724605,9.488492427700272,1.9999739885638155,12.0,0.5135856328726783,1.6501680941055183,0.043239219026134965,0.6843080237977408,0.014538395871015342,0.42316983442555695,-0.029179532587392816,0.0441532497872751,0.0,0.03014782270125506,-0.016471697020809847,0.005682345470075747,-0.0050779802756091875,0.0023935278593573335,-0.0032525893838353617,9.697854675374852,2.2939171417122357,10.403999531509314,-0.5358415096106212,1.1256888978065056,-0.6495393205013489,-0.08236337772788094,0.017109745692671312,0.20778601658321638,0.005880064542827281,0.12446849635377219,-0.1251893366988264,-0.10386324958019859,0.05223782466113881,0.0003736470638904908,-0.008372729716917009,-0.004800962731523288,-0.0072774424462432215,0.0059735682383105036,0.12202236755578334,0.0256903967424286,0.029458562602825988,0.11789130951433523,-0.00560963091070177,-0.0011564594667435742,-0.004473198058310853,0.004523299816560161,0.16788952372978574,0.2866100342122674,0.0215759486213684,-0.14267049699752088,0.25196852072565223,0.024868161114176904,-0.017514304188244324,-0.009727079004265091,-0.004558080388582918,6.922709957505061,1.53267659852456,5.527988370412672,-1.0598741733297374,-0.876569878199672,0.19500152801048892,0.055463025438167855,-0.02288016403800639,-0.1750290392805792,113.40077577723955,93.22484242878063,-15.753601852652537,-58.81856843778202,-1.8214309378539715,-29.702551084588123,-0.7713608552308936,-19.819844104872836,0.00804045897796367,3.0080404589779635,0.19136420407950439,0.19095801497841253
1.0,0.002,-0.5,3.141592653589793,12.0,8.414364032603077,7.999999999999985,13.687135411616378,12.000000000000021,10.545542758026585,4.262357450846999,9.475248670854555,1.9999881006366014,12.0,0.5325362953546716,1.6443846230328791,0.046470012439726774,0.6821690063189843,0.015653342734234126,0.42100507901935036,-0.0289061313178597,0.0454902652416346,0.0,0.03069786698013001,-0.017688598638753127,0.00577456897095601,-0.0054392991465731354,0.002426905800161901,-0.003478792836592071,9.680720419350902,2.2673132321874023,10.400370457074446,-0.5171405594771631,1.1187074723897013,-0.6440842308924276,-0.08277120042464506,0.017200428402945722,0.20510557312636477,0.005779064443945308,0.1246981861248055,-0.125610003238169,-0.10408805528969244,0.052328554993817514,0.00027425521283339115,-0.00830776332867157,-0.004838593330242613,-0.007269694730862162,0.005982764607128982,0.12221157751887865,0.0257767227073784,0.029516310737972198,0.11809164090567223,-0.005583512180810175,-0.001057927382708606,-0.004480935074259626,0.004552274943962524,0.17224116737343315,0.289081503854504,0.0243696579418519,-0.14465864142223336,0.253967230790635,0.02490869580827347,-0.017520297210646435,-0.009960278178967524,-0.004378031252301875,6.575483857064581,1.52868309345682,5.185632210773932,-1.0597487108806851,-0.8714993727207486,0.19335504802290013,0.05730861871091215,-0.023200120122265237,-0.17339982431569897,113.22063404496261,93.06962958082302,-15.732603668192716,-58.63770861375025,-1.825458787897958,-29.64766529953462,-0.7701256189202658,-19.786625357073486,0.007794228634059948,3.0077942286340598,0.19145008972987526,0.19107508972987527
1.0,0.002,-0.475,3.141592653589793,12.0,8.376979708159004,8.000000000000004,13.612366762728215,11.999999999999982,10.470774109138421,4.187588801958835,9.465956848452082,1.9999230745304084,12.0,0.5464077983492298,1.6398307100863998,0.04887328309540825,0.6804488056492725,0.0164827187489381,0.4193212215302712,-0.02869232584070653,0.046466406877458746,0.0,0.031090940872776474,-0.018585711002439054,0.00583930805175071,-0.005703750638479634,0.0024500312090661065,-0.0036439301637140147,9.667890573168824,2.247238168296756,10.397427258597096,-0.5029621488666376,1.1133988973324083,-0.6400725802413162,-0.08323308846884576,0.017257708407876826,0.20303838694445603,0.005700987852764022,0.1248523422019424,-0.1259075635829949,-0.1042435812192825,0.05239101641755593,0.000198406559871079,-0.008256457760843538,-0.004865542850601218,-0.007261920593116321,0.0059886511102765745,0.12233739447727375,0.025837785762068,0.02955480036557216,0.11822706464436951,-0.005562773434502698,-0.0009825750820711607,-0.004485631529605234,0.004572811041235764,0.17527141658232548,0.2908685956960989,0.0262663467569315,-0.14611001612932967,0.2554127545710562,0.02492667912187876,-0.017514791699372634,-0.010129959467871551,-0.004242335086728091,6.316989069468221,1.5248854001284116,4.931693972455832,-1.0591068660688716,-0.8672227249985973,0.1920914776684472,0.05879238509876372,-0.023427472680156363,-0.17209041799551428,113.07263498982579,92.94519443838372,-15.713542419509219,-58.499135697214,-1.827789492911946,-29.603956834639902,-0.7689383640693788,-19.75997418740463,0.007536649980564555,3.0075366499805645,0.19152918245049602,0.1911847055713032
1.0,0.002,-0.45,3.141592653589793,12.0,8.350141110404179,7.999999999999993,13.558689567218572,11.999999999999975,10.417096913628779,4.1339116064491925,9.459408440952542,1.9999327372268638,12.0,0.556507777267667,1.6363538290922228,0.050643393398517096,0.6791115004955623,0.017094209604070425,0.41804086817970676,-0.02852779581369226,0.0471684333289652,0.0,0.03137072343616011,-0.019240880857411716,0.005884495436950108,-0.005895993471036653,0.0024659848647423034,-0.003763754568802811,9.658166806698743,2.2322118085546316,10.395038521359332,-0.49221307475870346,1.1094735203979824,-0.6371409462327319,-0.08365172987280155,0.017291508967336916,0.20146863673120935,0.0056411232627220234,0.1249545376984199,-0.1261178125737299,-0.10434963258879358,0.052433269761964586,0.00014038344366918863,-0.00821689132373285,-0.004884663506995098,-0.007255044609043748,0.005993031618177014,0.1224195878534721,0.0258809314494653,0.029580160561012023,0.11831718711857832,-0.005546907977281006,-0.0009248266029695776,-0.004488462788602395,0.0045872210485679715,0.17736320139511308,0.2921490667286325,0.0275401428097661,-0.14716012824774638,0.2564486817376135,0.024931170243683257,-0.017502902206775858,-0.010252161811567078,-0.004141446822861445,6.123804266465838,1.5213694597777376,4.7426567746014,-1.0581471207291147,-0.8636463995092635,0.19111702462281865,0.05996878444900943,-0.023586817715967486,-0.17104414451585737,112.95353235237896,92.8465233503728,-15.697362716892385,-58.39349826841033,-1.8291256106512208,-29.569542877870536,-0.7678988939619061,-19.73883342143975,0.007271058487770367,3.0072710584877704,0.19160201951266156,0.191287173444521
1.0,0.00225,-0.7125,3.141592653589793,12.0,14.406407853813663,8.0000000000001,25.67122305403739,11.999999999999968,22.529630400447598,16.24644509326801,11.076870357297857,1.2446966689960917,12.0,-0.20602928261707007,0.8652775101601623,-0.045413463187421205,0.4040855443825804,-0.019989921157176495,0.2654488046902126,-0.015391422325124669,0.01397249327634395,0.0,0.0006448818707128143,0.00997603546490881,0.00029169585476186786,0.004556331083037631,0.0001348648286523418,0.00298506853202947,11.24799212632669,2.47113787137381,10.49044146389809,-1.0399279747706014,0.4793149085417356,-0.8963224732945099,-0.5488870378418109,-0.02008286332988054,0.10581361805843491,0.005819082820014314,0.11230382707746611,-0.1038370582253245,-0.09940333373336901,0.05222483274177657,0.004341060623224764,-0.004567990567973027,-0.0030332139249831446,-0.004481575916838195,0.0010372539404848247,0.1155843794816956,0.0213086457099204,0.025572114086944164,0.11266394875387988,-0.0027808956868366117,-0.004558297036152925,-0.0029197309772500137,0.0030214241635761045,-0.05674785384333604,0.19110693360811695,-0.1407647617155211,-0.07895407049970252,0.17516461969838015,0.011345350020826216,-0.007907830055588178,-0.003202806962155897,-0.0028532540088983807,22.52244517384509,1.4426942847362767,21.356978608458903,-1.0754562923995807,-0.7309297752695699,0.24743401363752698,0.14694869683811101,-0.011396622631283356,-0.1414163382708754,121.32127698659352,107.49785425197125,-11.396408432272663,-72.109781137622,-0.8760162231962879,-34.22345604254461,-0.44772030280180425,-22.817815641421422,0.010156832915174246,3.0101568329151744,0.19018379012883568,0.18948743416548502
1.0,0.00225,-0.69,3.141592653589793,12.0,11.175229268127431,7.99999999999999,19.208865882665076,11.999999999999964,16.067273229075283,9.784087921895697,10.290116529053376,1.8430182602590781,12.0,-0.05926951613634933,1.4447278159433445,-0.02879203505148167,0.6123484190457634,-0.012780844385038261,0.3969888108436564,-0.02685111502630285,0.0190012004108274,0.0,0.009281927658353319,0.010326573696736376,0.0020368695838407043,0.004101491807031835,0.000895500006012578,0.0026665427433212627,10.505342207398213,2.749978067436953,10.471906573546775,-1.0030560702933484,0.9962288060871827,-0.8161971824075634,-0.2464407884220933,0.005101624017828888,0.21119052556956383,0.007149563273216932,0.1156771824955856,-0.1102778279531693,-0.09829806768690079,0.05057352013637947,0.0032078238712739556,-0.007704882040867192,-0.0036076301438005987,-0.006215892151213051,0.003897009443802383,0.1159783597710943,0.0226303711379656,0.026939669910759752,0.11217915667574754,-0.004816930572737676,-0.00378412895047707,-0.0037285956632944163,0.0035407518689297866,0.010812014719104394,0.2165947517229334,-0.0901430079840914,-0.09153050048645317,0.19554639489528286,0.01834828513613582,-0.013132794466901602,-0.0039382160211604966,-0.005912009916657516,17.748685958920383,1.5056112501360648,16.426417015965114,-1.0321732871207752,-0.8637641493370344,0.2381681028344421,0.06841741300438084,-0.013367624571938084,-0.18131802823491333,117.4395055029795,99.45040894949692,-14.325560424520116,-65.73906059263436,-1.3772914299498784,-31.723081756902694,-0.6602465785059708,-21.129487451165552,0.010168958343341554,3.0101689583433417,0.19034577043349307,0.18967059958724886
1.0,0.00225,-0.6666666666666666,3.141592653589793,12.0,10.019324218982854,8.000000000000007,16.897055784375887,12.000000000000007,13.755463130786094,7.4722778236065075,9.946298805459369,1.9766892428183223,12.0,0.10843162992472047,1.6109801906928538,-0.011785056428485135,0.6686626697761081,-0.005554684009436445,0.4286708295746143,-0.030199775243892373,0.022239843469827,0.0,0.0161261103716282,0.005022058466359816,0.00323884289718437,0.001972296442565343,0.0014143115586600105,0.001272908086024182,10.175725063029482,2.701691607395114,10.456184522829822,-0.8848926216985025,1.131280195632726,-0.7638014071228418,-0.15067006884093323,0.01220123916855355,0.2299928078656134,0.007169898873605687,0.11836709714869195,-0.1149420383147611,-0.09931959214209038,0.050624821733365466,0.0023393179666368964,-0.00853759925542468,-0.003974852051911627,-0.0068194282915010765,0.00498486057982765,0.1174222467616731,0.0235875246610945,0.027784116239199613,0.11339227932586607,-0.00545267602206499,-0.0030375988968509592,-0.004059967845166673,0.0038540630973601248,0.06002283242427213,0.23609858593184635,-0.0540162205778276,-0.10436285175689641,0.21118783649763523,0.02146023127979992,-0.015425341647190186,-0.005277991073637891,-0.00652635158748244,14.399786103766274,1.533758810505133,13.01815156569387,-1.0348244651083354,-0.9015927377619695,0.22646746550652005,0.04794175049071263,-0.01595122303226629,-0.18918237352300954,115.99463213609373,96.66688737492558,-15.247343092006334,-62.98605544248231,-1.576033103057465,-30.85350809464843,-0.7267037581516257,-20.54562058772938,0.010125,3.010125,0.19050153257136027,0.18985201351852196
1.0,0.00225,-0.64,3.141592653589793,12.0,9.366078454829347,8.000000000000021,15.59056425606888,11.999999999999993,12.448971602479087,6.165786295299501,9.746435827219058,1.9999691762171627,12.0,0.24726765953147803,1.6659786883515497,0.004244639686612809,0.6884812112170796,0.0006734742070765537,0.4365661517503311,-0.031016146971400555,0.02541450716410415,0.0,0.02133520571109908,-0.0011851026045163523,0.0041469880378408475,-0.00021966213617328898,0.001794088525930453,-0.00015281582230201448,9.978679809224595,2.5991419305197754,10.441721262027958,-0.7744129279603533,1.1669657043412422,-0.7244181612668471,-0.10832014530954275,0.014898188504686306,0.23053310883211695,0.006910501696566098,0.120573024551293,-0.1186155908269529,-0.1006761519363495,0.05102889170976678,0.0016725262095875987,-0.008758237779678747,-0.004259931854101368,-0.007108980971455436,0.00552008955274651,0.1189342947659934,0.0243413829686865,0.02841976208281711,0.11481934648363155,-0.005677207052854742,-0.0024203180683430706,-0.004252614600487147,0.004090843657560648,0.0988333267183096,0.252660216058216,-0.0260218096772124,-0.11636747743097305,0.2245447474971418,0.0231796222497875,-0.016594397264758358,-0.0066420304548507865,-0.006318808418035861,11.796301960316294,1.5462293851013644,10.389814458639547,-1.044310720169677,-0.9095413484948502,0.21631531050531813,0.04330849259575606,-0.018247329394459135,-0.18875018107121708,115.15844200241202,95.2420408000344,-15.63146207785839,-61.352650055744135,-1.6916886889047051,-30.39540495194981,-0.7567558343633518,-20.246819889629993,0.010014956954796273,3.0100149569547963,0.19066547920710547,0.19004871781043622
1.0,0.00225,-0.61,3.141592653589793,12.0,8.96282689638626,8.000000000000016,14.784061139182732,12.000000000000032,11.64246848559294,5.359283178413353,9.625927646883676,1.9999923886505853,12.0,0.3539713785619704,1.6757636323886687,0.01844912555424665,0.6928272642176323,0.0058566853143268245,0.4352058365078655,-0.030767774472847714,0.03281807967386435,0.0,0.025082544803720148,-0.006846830132901322,0.004804770094111367,-0.0020913103893044783,0.002059026682235007,-0.0013585354613116834,9.855088627196212,2.491692121007243,10.428972173257542,-0.6838500401530659,1.1646328010386862,-0.6946327475589046,-0.09030409238172085,0.016070478805479096,0.2248503167780709,0.0065832445468846515,0.12224194535971425,-0.1213627780043722,-0.10192009401678084,0.051477481231235675,0.001167775391455593,-0.008723934081335847,-0.004478523283947039,-0.0072373007888191674,0.005779649428064966,0.12022271832109493,0.0249051396781211,0.028877235200097197,0.11606327381314376,-0.005720783306712645,-0.0019362237778104022,-0.004365137184273104,0.004268723920565289,0.12787039998236358,0.26596929056937957,-0.005497894196511,-0.1264799090291335,0.23533124235809796,0.024111530510373867,-0.017165523276964554,-0.007822289874673476,-0.005807989276158967,9.837551040234475,1.5488600846957468,8.424520501613316,-1.052995318792201,-0.9045280884863033,0.20819340998723468,0.0450432160043843,-0.02009932779628115,-0.1853071336843595,114.55663230218155,94.40408554511282,-15.772125895353074,-60.29761502059969,-1.7586788440829682,-30.114614188130115,-0.7693394976832981,-20.07048897214289,0.00982811614867589,3.0098281161486757,0.1908334898711673,0.19025660621158738
1.0,0.00225,-0.58,3.141592653589793,12.0,8.724708355348268,7.999999999999981,14.30782405710675,12.000000000000005,11.166231403516957,4.88304609633737,9.557795870955331,1.9999956133828691,12.0,0.42620447318766325,1.6695402303464717,0.029126130821515155,0.6911236811770836,0.009630114458611973,0.43117239536354524,-0.03022694430194562,0.037945238040274054,0.0,0.0274706828167352,-0.01105476110666373,0.00522337530010466,-0.0034240747679293655,0.0022218972243239635,-0.0022087477737869764,9.781637953373735,2.408260553722154,10.41911181268774,-0.619668488267475,1.151453044458375,-0.674355100261791,-0.08407888290962294,0.01662302869764031,0.21839287317095032,0.006301353675412894,0.12332285306465815,-0.123159236566407,-0.10281791438755844,0.05182367013950603,0.0008220588583642116,-0.0086099758707666,-0.00462667750093301,-0.007279376582440572,0.005891890209984988,0.12109119153806816,0.0252737951435706,0.029163813520331025,0.11692921995201445,-0.005695101208305564,-0.001598937900581249,-0.004424025678685432,0.00438723742875746,0.14684346687268096,0.275334300688855,0.0076065785206493,-0.13370971783501198,0.24286629915375235,0.02456266047594549,-0.017410291040746796,-0.00867314591691823,-0.005310001191953238,8.52595436514299,1.5462491906633256,7.11528487596901,-1.0583316172698882,-0.895766835677841,0.20250648585041742,0.048521536714242294,-0.02137657192610154,-0.18156159216213705,114.10465342186112,93.8899638330307,-15.799319112774706,-59.633228052514205,-1.7930795963323174,-29.936466865211514,-0.7729309186017538,-19.96166055100494,0.009587691485465073,3.009587691485465,0.19098568331187515,0.19045058920673794
1.0,0.00225,-0.55,3.141592653589793,12.0,8.57497487667499,8.000000000000028,14.008357099760206,11.999999999999975,10.866764446170412,4.583579138990826,9.516835633010256,1.999980009002508,12.0,0.4756773379080784,1.6600275230218882,0.03695305268970462,0.6879092898743355,0.01235670960277113,0.4270604508503189,-0.029696460331364572,0.0414783546343998,0.0,0.02902499602281999,-0.014087991679150166,0.005493014579798414,-0.004357391391610162,0.0023238519152339304,-0.002799403971002621,9.73487216563172,2.345876140350864,10.411472194232177,-0.5740067668677974,1.1378125509954118,-0.6603356171718351,-0.08235040373675917,0.016930128218761237,0.21280144214261779,0.006078515317203923,0.12401575218859115,-0.1243404736834276,-0.10343551406477879,0.05206839752918288,0.0005791975284885303,-0.008490350381320202,-0.004727484151884448,-0.007286456439461587,0.005942184200238202,0.1216575328934868,0.0255161995765944,0.02934341431757359,0.11750726982795179,-0.005653459292906973,-0.001359982540431217,-0.004455644680318332,0.004466707973969425,0.15927776529114746,0.2818138620095205,0.0159848084276754,-0.13880242328441847,0.24809357909396917,0.024785148813414072,-0.01751303020937668,-0.009273305342015922,-0.004905450629695738,7.631193952194954,1.54155614705369,6.226134651803761,-1.0609785935616214,-0.8869553771690275,0.19848228334797818,0.051964086946386906,-0.022248315583121615,-0.17830402953806734,113.7419063450522,93.53177212046891,-15.785646432295684,-59.1817190909984,-1.8110307861023784,-29.810361382524047,-0.772941917989728,-19.88544154426128,0.009305428173051005,3.009305428173051,0.19112354862848374,0.1906310702445921
1.0,0.00225,-0.525,3.141592653589793,12.0,8.491058123423867,8.000000000000005,13.840523593257926,12.000000000000016,10.698930939668132,4.415745632488546,9.494721545922127,1.9999921005788401,12.0,0.5049026041856173,1.6525634798946167,0.041773968235637296,0.6852430125302951,0.014026058877913628,0.42413123598222363,-0.029323520724084725,0.04356434058841885,0.0,0.029907760318361107,-0.015930050000376127,0.005643901569638698,-0.004913595276395725,0.0023796657559881154,-0.003149402363575877,9.708067975903614,2.3067664614712524,10.406431064960344,-0.5461014296077007,1.128208166235188,-0.6519867132581426,-0.08224413748540567,0.017088025558256694,0.20904653498591183,0.005934024474107392,0.12439536889821604,-0.12501089166072,-0.10379099654850658,0.05221067453394957,0.00043112451408592635,-0.008403434803314484,-0.004786267047969225,-0.00728181338186867,0.0059628607075819925,0.1219692959974118,0.0256537776185754,0.02944033859209317,0.11783150058791353,-0.005620014045851219,-0.001213622026481285,-0.004470644965222576,0.0045124843077896815,0.16628851769367764,0.2856393479650262,0.0205939592170205,-0.14184784963509786,0.2511837570085041,0.02487992257226014,-0.01754631525550839,-0.009631741445106274,-0.004644320783500157,7.101010610355193,1.5371245005100818,5.701359859005365,-1.0617354050230345,-0.8804082346928069,0.1960213956824645,0.05443415378404481,-0.022755191529795625,-0.17607050407774497,113.49324067938993,93.3054465333882,-15.76415322748083,-58.90859228027358,-1.819247197762705,-29.73043382407619,-0.7719097411484079,-19.837125437301264,0.009045516350209127,3.0090455163502092,0.19122846837320803,0.1907715056344797
1.0,0.00225,-0.5,3.141592653589793,12.0,8.4315469114284,8.00000000000001,13.721501169266999,11.999999999999975,10.579908515677205,4.296723208497619,9.479480491427818,1.9999188028060946,12.0,0.5263166524694427,1.646276122461662,0.04539875717122503,0.6829278034125116,0.015278481455977396,0.42175100590514325,-0.02902130496205216,0.04507456695251155,0.0,0.03053559668272131,-0.01730000036821002,0.005749495662117931,-0.005322303892270996,0.0024180854622969624,-0.003405597700240782,9.68845857474664,2.2769388633263956,10.402346539532129,-0.5249856604658618,1.1205402996355331,-0.6458317901554428,-0.08257876432153145,0.017190369697882273,0.20607146452856898,0.005820898422347151,0.12465293950316794,-0.1254850073249994,-0.10404120353332184,0.05231097386602805,0.0003187735517270952,-0.00833171839418847,-0.0048286300726072765,-0.007273960651709359,0.005974509141548469,0.1221803160199766,0.0257510720035312,0.02950543581858928,0.11805455578948809,-0.005591481332331273,-0.0011022555742456702,-0.004479707389442494,0.004545127616128506,0.17119594624865841,0.2884242213097017,0.0237449365705428,-0.14408734324283645,0.25343473046514897,0.0249288750452504,-0.017554721161387545,-0.009894682191117261,-0.004443230826019002,6.708759809795354,1.532673943436457,5.314503314244391,-1.061603484722515,-0.8747532694604521,0.1941485755578876,0.05648333196414265,-0.02311835938177245,-0.17424728144117085,113.28707213825015,93.12602480172012,-15.74129380053227,-58.701323846672736,-1.8240145277739714,-29.66724365706576,-0.7706002243242085,-19.7987558316621,0.00876850721331744,3.0087685072133175,0.19132508972987528,0.19090321472987526
1.0,0.00225,-0.475,3.141592653589793,12.0,8.389049409001156,8.000000000000016,13.636506164412493,11.999999999999988,10.4949135108227,4.211728203643114,9.468854672842621,1.9999768929858979,12.0,0.5419669574648551,1.6412649671154838,0.04809688256840214,0.6810399210011687,0.016210334450157782,0.41988535508720687,-0.0287834207433759,0.046180517601503254,0.0,0.03098259749579025,-0.01830990490080663,0.0058233293907450105,-0.005621072955643673,0.0024445706839936513,-0.0035923398023388828,9.673853710327043,2.254408074605701,10.399034290852818,-0.508994322552967,1.1146633410754319,-0.6413109601979191,-0.08303486949506914,0.0172547138396817,0.20376696304108324,0.005733325123501479,0.12482595121667439,-0.1258202172145973,-0.10421478619518733,0.052380340730269606,0.00023317810273080174,-0.008274710826732489,-0.004858954665596815,-0.007265667944525549,0.005981800280277661,0.1223209416776363,0.0258198612094079,0.029548808349603023,0.11820574031082198,-0.0055685857113407684,-0.0010172223407561203,-0.0044851775668662665,0.004568248033380361,0.17461113881155008,0.29043737099492584,0.0258828612913326,-0.14572191432133305,0.2550625191637272,0.024950820251297783,-0.017549304768885454,-0.010085922539289851,-0.004291256545071317,6.417064312800124,1.5284209877462303,5.027893228471669,-1.0608868942266778,-0.8699637103902029,0.19271492013345698,0.058139886499490666,-0.023375993817260684,-0.1727779135566596,113.11878203210408,92.9835762865289,-15.720240080853916,-58.54350411471554,-1.8267587396825176,-29.617334477251255,-0.769306160576381,-19.76826305248959,0.008478731228135123,3.008478731228135,0.1914140690405736,0.1910265325514817
1.0,0.00225,-0.45,3.141592653589793,12.0,8.358638704564687,8.000000000000023,13.575684755539598,12.000000000000005,10.434092101949805,4.1509067947702185,9.461401357003039,1.9998794367649673,12.0,0.5533493960466028,1.6374112922250148,0.05008499242897876,0.6795601585725168,0.016897482662881273,0.41846003662579717,-0.02859963818473985,0.0469744279464281,0.0,0.0312998556868816,-0.01904734783308809,0.005874702146589343,-0.005838036157606813,0.002462768322373097,-0.0037276653039326965,9.6628266785404,2.2375330662086665,10.396346233830656,-0.4968807882095451,1.11029665641655,-0.6380100216193058,-0.08347333424138648,0.017292572587050147,0.20201213974299617,0.005666121105691285,0.1249407243491005,-0.1260569870446241,-0.10433339047094996,0.05242742148223403,0.00016777352908020748,-0.008230572461608585,-0.00488046267560986,-0.007258171455632477,0.005987073516571186,0.12241296244744654,0.0258684493002983,0.029577379143272162,0.11830655067442178,-0.0055509627687594975,-0.0009521265887306428,-0.004488459929131769,0.0045844635310615936,0.17696757576655617,0.29187945914035707,0.0273180000380404,-0.14690433553643173,0.2562289134865228,0.024956753155665593,-0.017536293601599917,-0.010223593662977261,-0.004178081296774812,6.199239740734609,1.5244738821416561,4.814715729377767,-1.0598100521430502,-0.8659492367762259,0.19161154298319094,0.059457499084930567,-0.023556308798781532,-0.17160204995003286,112.98390441234812,92.871334650358,-15.702242575681348,-58.42370685976257,-1.8283249932357606,-29.578249566595332,-0.7681585195543874,-19.744223464717752,0.008179940798741661,3.0081799407987417,0.19149601073550987,0.1911418089088517
1.0,0.0025,-0.7125,3.141592653589793,12.0,23.110349653769426,8.000000000000046,43.07910665395406,12.000000000000107,39.93751400036426,33.654328693184674,11.919696255577167,0.13823597690301792,12.0,-0.03415838024754378,0.07917172834118345,-0.009153194851610326,0.04278916784500227,-0.004125938637434262,0.02886629185245029,-0.00135252912694138,0.00184617008739835,0.0,-0.0002934871916795223,0.0010585886148577802,-7.736350175438302e-05,0.0005716812344858976,-3.47227498501216e-05,0.00038558649238796427,12.060766254689261,1.870176494083558,10.502371784956283,-0.7665990820182974,-0.26101707313568234,-0.9020879879294612,-1.0143324047194586,-0.039713719120918096,-0.11766028265076832,0.0029345754338837874,0.11744110453327794,-0.1009428062334486,-0.10461810493266606,0.05610478486529735,0.00426007299744421,0.0002220805626325719,-0.0028028871842757045,-0.0018033172003458719,-0.0022649240229972046,0.11823584607250665,0.0207147094857617,0.024460936502663778,0.11654253381470352,-0.0002609408344796373,-0.004307462077261818,-0.0018203025485033749,0.002704743855249097,-0.08700541675015477,0.1771237372149178,-0.162994791430834,-0.07613576212620324,0.16399794133192014,0.004463196784509674,-0.003554184087718748,-0.004224769081642972,0.0008418741403217932,24.958656958544005,1.4017162708226891,23.954305019508386,-1.1858210363566895,-0.5739266067385543,0.23226620361664635,0.26103395161846843,-0.016974904730988664,-0.07542905701363568,127.07709059879492,119.51630339761175,-7.322454120312958,-79.40586187186027,-0.040069315741320936,-37.91006028961983,-0.06671302644355324,-25.314947729670507,0.011285369905749165,3.011285369905749,0.1899319790620535,0.18915825021388608
1.0,0.0025,-0.69,3.141592653589793,12.0,12.061855808641841,8.00000000000001,20.982118963693917,11.999999999999996,17.840526310104124,11.557341002924538,10.531441672642773,1.698252777966049,12.0,-0.13578470487715297,1.2900730942343344,-0.03665826281730055,0.5597909729176979,-0.01626395049729431,0.3646186780321576,-0.023702781332075585,0.01718870380840055,0.0,0.005722464209167002,0.011543876243744066,0.0013758457116973867,0.004771325378904163,0.0006071249474941871,0.0031077244556990432,10.741201372355306,2.718067424469495,10.48172055003456,-1.0509330599437117,0.8606532614697737,-0.8459421715480965,-0.32759042839719754,-0.0015104113742831651,0.1879033130961314,0.006951311858069856,0.1148722700142322,-0.1082835981425975,-0.09870387087197419,0.051109130667883224,0.0037183843197347577,-0.006927548547537799,-0.003420757959079379,-0.005762345269072294,0.003054084743855457,0.11607871445700696,0.0222211305717948,0.026590505494120894,0.11248468309108767,-0.004268390937080586,-0.004192065029279303,-0.0035085734230272535,0.003378738632661652,-0.01037416064211961,0.20773537514218415,-0.10507829056257,-0.08632933510727726,0.18852517469564986,0.01626391056220178,-0.011562401820305705,-0.0034841351699050963,-0.0051261835277229975,19.400460391022886,1.4924234168159458,18.117932944764675,-1.0442821702665992,-0.8315192261959191,0.24441373567504804,0.08862634125399285,-0.012262322098940915,-0.17243398371704244,119.15044116993334,102.20221272574106,-13.599578339620779,-68.02825277011321,-1.2414039668549226,-32.580742235494434,-0.6077142131459227,-21.708472120073505,0.011298842603712837,3.011298842603713,0.19011195717833948,0.18936176734917923
1.0,0.0025,-0.6666666666666666,3.141592653589793,12.0,10.385726169188283,8.000000000000014,17.62985968478674,12.0,14.488267031196948,8.205081724017361,10.056393249438015,1.9442318596370232,12.0,0.04675774562574236,1.5653992128316054,-0.018270670450029055,0.6531303854927891,-0.008241835557030517,0.42054264794705315,-0.02935125868480545,0.02109862557557885,0.0,0.01367890425775042,0.007288533361941019,0.0028135778390539273,0.0028445307172232743,0.0012320825474348295,0.0018433140783206817,10.288108314035266,2.732803383332608,10.4642128233713,-0.9353331088635322,1.0949919008991198,-0.7821305324905504,-0.17889783639086557,0.010335714147585653,0.22620762000497985,0.007250504334225765,0.11772621957884895,-0.1135556592028234,-0.09914274768279915,0.05068559804537235,0.002682029753591401,-0.008344260275255793,-0.003858015026622682,-0.006654340323810203,0.004651540602682622,0.11717974043612805,0.0233030225592361,0.027566932002988587,0.11319616887913451,-0.005285711056646685,-0.003347761931596482,-0.003964536893031712,0.003757252005647312,0.04542026484732704,0.2295308962114214,-0.0641171001189068,-0.09970249923802875,0.20597118784091956,0.02056333145977136,-0.014798034393502817,-0.004761592141742287,-0.006442509518941004,15.536158633089611,1.531726123894579,14.165503791868446,-1.0366842205278575,-0.8957558992952406,0.23171887062918844,0.05269063631575688,-0.014995687771189667,-0.18833849152920415,116.81800956529912,97.82513678589994,-15.02640853712426,-64.07326980593099,-1.5167759624536237,-31.21868168347477,-0.7094530280761001,-20.78937670022183,0.011250000000000001,3.01125,0.19028502622041416,0.18956333838392714
1.0,0.0025,-0.64,3.141592653589793,12.0,9.548679921029938,8.00000000000003,15.955767188470102,12.0,12.814174534880308,6.530989227700722,9.80148179187335,1.9988584976136394,12.0,0.2051689952384116,1.6545421926011985,-0.0009155899973916314,0.6843144399922515,-0.001289834246909591,0.43543154282656504,-0.030944955126546728,0.0239787040558923,0.0,0.019790401988477205,0.0008437845887041803,0.0038793505646066676,0.0004870191165960656,0.0016834722601374937,0.0003056373728867138,10.038565274691369,2.6371342178503485,10.448114412862484,-0.8125544680814164,1.1601962974241762,-0.7362232320885723,-0.1188256349602163,0.014312924543642205,0.23157610447246096,0.007036186178662341,0.12011886494237706,-0.1176853221730836,-0.10041197454755904,0.050973344398556865,0.001899221715196605,-0.008740935965143734,-0.004182957336921475,-0.007047383159316776,0.005378968194982008,0.1186556422401163,0.0241504803612829,0.028282165466516112,0.1145631707889715,-0.005636159906796109,-0.0026364965928084507,-0.004206834847650443,0.0040288897181403605,0.08917823835486177,0.24798003583906825,-0.0325690377306803,-0.11277370912712797,0.2207907249574925,0.022793766555793984,-0.01636542079394916,-0.006223123347750343,-0.006452655341727427,12.565485183767674,1.54903293148665,11.158809316222346,-1.044831834221181,-0.9122624354128355,0.2201228186832676,0.04334348025270097,-0.01755741711154029,-0.19006635149689036,115.6207351705734,95.81136760109304,-15.56852132801712,-61.93087288329883,-1.6629621756469772,-30.57930434788067,-0.7508826051066593,-20.36683435908666,0.011127729949773638,3.0111277299497736,0.19046718914901994,0.18978189870827633
1.0,0.0025,-0.61,3.141592653589793,12.0,9.061628460769178,8.00000000000002,14.98166426794856,11.999999999999982,11.840071614358767,5.55688630717918,9.654630439508548,1.9999253021421595,12.0,0.3264538969815244,1.6753079460489089,0.01459226771720428,0.6925533705615818,0.00446015174332782,0.4361227588892338,-0.030928789008391258,0.030884856479613348,0.0,0.024145685021281168,-0.0053250867676914275,0.004643123088182885,-0.0015907453890847136,0.001994781794207911,-0.0010371531917390032,9.889121199020085,2.5233021001237437,10.4339298459022,-0.7107222125388235,1.166455647422022,-0.7023000041782874,-0.09395664684651382,0.01586271041065215,0.22692239716466242,0.006696747972786728,0.1219472930076867,-0.1207616748991593,-0.10169954139644856,0.05140842179696154,0.001319374563097089,-0.008758192704539631,-0.004428421956444302,-0.007218415765882683,0.0057182865266260105,0.12001799902999935,0.024781785903245,0.028793988290281593,0.11585976707536648,-0.005721526941345855,-0.0020843244167675066,-0.004343330339445423,0.0042293611584168,0.12176454804362928,0.2627886385945709,-0.0095415203952585,-0.12394504771164856,0.23276988248185415,0.023959168563058606,-0.017102341667697883,-0.007523430992744095,-0.005976479602005833,10.349690883489341,1.5535759986373199,8.93232328471737,-1.0539458945711442,-0.9095346515095732,0.21084287147837036,0.04376618975520425,-0.019640730679035802,-0.1870048169233685,114.84087269236952,94.71207824140996,-15.76348557970391,-60.62600525263352,-1.7448018120371431,-30.21678109419084,-0.7678177587243731,-20.135665932976877,0.010920129054084324,3.0109201290540843,0.19065386766464418,0.1900128858206665
1.0,0.0025,-0.58,3.141592653589793,12.0,8.783203842077938,8.000000000000057,14.424815030566085,11.999999999999982,11.283222376976292,5.000037069796706,9.574001752721962,1.9999835983020207,12.0,0.4079645546826079,1.6718556647731622,0.026334685378732788,0.6919369411050388,0.008641224098051365,0.43244118802435755,-0.03042025458943652,0.036663667030956,0.0,0.026892063844856023,-0.009974573355693555,0.005125075313350288,-0.003081415964355199,0.002184156178589519,-0.0019907501643934957,9.802866642195516,2.431420059860295,10.422962942050042,-0.6386749185014899,1.154855638946693,-0.679461761720526,-0.08523938599765322,0.016533289179850325,0.220341814608503,0.0063916433298251835,0.1231375444443833,-0.1227681475029405,-0.10266037871139853,0.051768616803857165,0.0009276446013507736,-0.008651731987971222,-0.004593865075287945,-0.007276378585547196,0.005861977681348883,0.1209566043787302,0.02519353884166,0.029113878871494872,0.11678917859265008,-0.00570622265813802,-0.001703172945428054,-0.004413356664392095,0.0043620054337335686,0.14298736168131376,0.27319235810267445,0.0051167753150596,-0.1319723653782805,0.2411465989478292,0.024509778713456793,-0.017409342076134163,-0.008468682569602497,-0.005454389273860014,8.874823678275362,1.5513236711814784,7.458771144378758,-1.0597946244767589,-0.9007920038555026,0.20437738253828616,0.04711178144139939,-0.021079090276929165,-0.18309368419444305,114.29391007713971,94.07592040406053,-15.806695396494211,-59.83598338450155,-1.786045865234746,-29.99937076795598,-0.7729162866666902,-20.001191651648107,0.010652990539405638,3.0106529905394055,0.19082297148765293,0.1902284224819449
1.0,0.0025,-0.55,3.141592653589793,12.0,8.611341410518651,8.000000000000007,14.081090167447497,11.999999999999984,10.939497513857704,4.656312206678118,9.52645763811735,1.999922327880168,12.0,0.46349192579983856,1.6626408775528638,0.03497866387836398,0.6888926258861912,0.011663577937156906,0.42819631412080666,-0.029866414921227248,0.04063171385691575,0.0,0.028663792625254036,-0.01334097066539901,0.0054331958498947215,-0.004126167244072277,0.0023015882248563963,-0.0026533663036205873,9.74897086914848,2.3627761016713045,10.414468138684857,-0.5875643824292878,1.1408735729868063,-0.6637615728407258,-0.08258315340632079,0.01688793580715346,0.21436805697183606,0.006147135639280037,0.12390270263865905,-0.12408527068618,-0.10333109250208287,0.0520302589326802,0.0006546021752459467,-0.008526947505313154,-0.004706163809495063,-0.007289035611221988,0.005925598859875658,0.12157489416598025,0.025463828772323,0.029314091820208183,0.11741778832189546,-0.00566518715049916,-0.00143479419738416,-0.004450470944675844,0.004450669098817666,0.15686676093814253,0.28040779772109065,0.0144696130009844,-0.13763585605725479,0.2469604044140005,0.024777123916955236,-0.01753621264932597,-0.009136923658977917,-0.005016175471567025,7.87257696606612,1.5463789681434577,6.462224350729073,-1.0627407070156394,-0.8913727041190718,0.19982508713324884,0.05074192715834712,-0.022059578891388126,-0.1795617925055441,113.87136973741816,93.65049879472674,-15.79641925823198,-59.31238307879484,-1.8073034956558214,-29.8510196487965,-0.7733886098514792,-19.910789460644136,0.010339364636723341,3.010339364636723,0.19097615517277355,0.19042895696844955
1.0,0.0025,-0.525,3.141592653589793,12.0,8.516061290071356,8.000000000000027,13.89052992655292,12.0,10.748937272963127,4.465751965783541,9.501113383207374,1.999883655919855,12.0,0.4961805574339577,1.654849077967937,0.04031433897706513,0.6861327119001511,0.013514937168372806,0.42506482928897915,-0.029464837887383393,0.042968668315081004,0.0,0.029663451349088463,-0.015388151779007016,0.00560457041656795,-0.004748199248997322,0.0023653846157799226,-0.003045431529322626,9.718444366518408,2.3195589698260664,10.408863696257828,-0.5563976787310256,1.1306322923121548,-0.6544407000429524,-0.08218552006379072,0.017066072984932668,0.2102864609406094,0.005987721964125352,0.1243226294789128,-0.1248320332530729,-0.10372005662191858,0.052184375924926724,0.0004888544646695209,-0.008433450157880955,-0.0047715686213936764,-0.00728575831087916,0.005951507621808848,0.1219170984350623,0.0256170736661914,0.029422051999534987,0.11777279966113963,-0.005629970065034236,-0.0012710266614340932,-0.004467918864695046,0.004501655200748298,0.16468197933335268,0.28466636401299755,0.019608309577809,-0.14102386517166934,0.2503976907373518,0.024890030573503485,-0.017577488466766517,-0.00953614541401352,-0.00472981831784596,7.28013727757918,1.5415551825426235,5.875595715778459,-1.0635937724509588,-0.8842252728225107,0.19705238671466577,0.05341847875486448,-0.022628657343915382,-0.1771079087722287,113.58734564529371,93.38834494909293,-15.774312572619293,-59.000406595085025,-1.816949602377999,-29.75900268220286,-0.7724190618450235,-19.854883178501595,0.010050573722454588,3.0100505737224545,0.19109273266691168,0.19058499629054684
1.0,0.0025,-0.5,3.141592653589793,12.0,8.448932373836898,8.000000000000018,13.756272094084025,11.999999999999979,10.614679440494232,4.331494133314646,9.483791749494012,1.9998836505337838,12.0,0.5200800836960879,1.6481127765665498,0.04433069703330233,0.6836635476984272,0.014904391307738239,0.4224827193399369,-0.02913521448869005,0.04465991542010855,0.0,0.030371124876163082,-0.016911186754279238,0.005723948898301598,-0.005204736979469719,0.0024090435582038816,-0.0033319649960266828,9.696278400429058,2.286534643298506,10.40432331474572,-0.5328493773382482,1.122325458127085,-0.647581584834253,-0.08241651051325269,0.01718034946229943,0.20702676509667403,0.005862593825759569,0.1246078710947299,-0.1253597943439402,-0.10399500227014188,0.05229381033479841,0.0003634110135225799,-0.008355320397219286,-0.004818671432044693,-0.00727800636750813,0.0059659291156680784,0.12214946671694125,0.0257253767546741,0.02949452528229471,0.11801800308327491,-0.005599235763654959,-0.0011467005946230562,-0.004478391340284073,0.004537978089396851,0.17014795192940194,0.28776560170007626,0.0231183878274117,-0.14351521144042242,0.2529014107495595,0.024948236091190762,-0.0175887824015719,-0.009828935862329474,-0.004508100302919707,6.842490774689617,1.5366579231531006,5.443846470323535,-1.0634565949637194,-0.8779990119655979,0.19494860951024945,0.05566381506608626,-0.02303570297400766,-0.17509353318717394,113.35429630181297,93.18353984734595,-15.749784687315916,-58.76580103539722,-1.8225123269920447,-29.68715529687958,-0.7710545013697525,-19.811118377525943,0.009742785792574935,3.009742785792575,0.19120008972987526,0.19073133972987527
1.0,0.0025,-0.475,3.141592653589793,12.0,8.401215609540305,8.000000000000004,13.660838565490822,11.999999999999996,10.519245911901029,4.236060604721443,9.471791105392029,1.999999311698926,12.0,0.5375195145313215,1.6426714024991285,0.04732235586503467,0.6816191812866771,0.015938443925258935,0.4204421136914183,-0.028873917771995574,0.04589276865365845,0.0,0.03087312919716044,-0.018033966109087127,0.005807101628842002,-0.005538083132128229,0.0024389944306290336,-0.0035405126221073205,9.679857890240061,2.261561559303931,10.400641759543248,-0.5150358544128518,1.1159033860795993,-0.6425497420913833,-0.08285174314476743,0.017251802775949503,0.20448998474811886,0.005765586611267133,0.1247996377449335,-0.1257327562374805,-0.10418631249304929,0.05236986842556758,0.00026800457256224476,-0.008292779906197697,-0.0048523727854968115,-0.007269300531360895,0.005974784487542267,0.1223046787793446,0.0258019131376243,0.02954279584950601,0.11818466816399507,-0.005574288125941374,-0.0010519245680024253,-0.004484678386739065,0.004563687003092458,0.17394950767675071,0.2900053894344431,0.0254984871815311,-0.14533332705437396,0.2547117923667615,0.024974556473445687,-0.0175836670406237,-0.010041804332005353,-0.004340031849814659,6.51739273400907,1.5319543788726264,5.12435271868641,-1.0626661643083357,-0.8727021424809991,0.19334214839581088,0.05748981636319162,-0.02332401347941011,-0.17346529019647466,113.16529185200122,93.0224954762878,-15.726833016874181,-58.58827813922605,-1.8256983578012143,-29.630870727325103,-0.7696633486052362,-19.776662987392392,0.009420812475705694,3.009420812475706,0.19129895563065122,0.1908683595316602
1.0,0.0025,-0.45,3.141592653589793,12.0,8.367181723323146,8.00000000000004,13.592770793056491,12.0,10.451178139466698,4.167992832287112,9.463412871685767,1.999856024261593,12.0,0.5501889534107335,1.6384544931662481,0.04952770904210206,0.680002676947825,0.016701071161093983,0.418875336418344,-0.028671202601046653,0.046779469100211205,0.0,0.03122842210408443,-0.018853743084290605,0.005864779593938245,-0.005779912076849663,0.002459492100401536,-0.003691450407136069,9.667507209938911,2.242845007195666,10.397654220707713,-0.5015531437018279,1.1111070898756963,-0.6388788306736806,-0.08330248409785954,0.017293705106753675,0.20255268383851865,0.005691076552105971,0.12492694194822575,-0.1259961007267624,-0.10431730619068887,0.052421671135375825,0.00019518819088044595,-0.00824415641615636,-0.004876267603539782,-0.007261238187652611,0.0059810308834323716,0.12240642160998405,0.0258559546765285,0.029574585956330512,0.11829603120760351,-0.005554960610754004,-0.00097945167999599,-0.0044884339715952695,0.004581709022997953,0.1765713226764155,0.29160943531600664,0.0270954456980658,-0.14664827243495002,0.25600886211818236,0.02498213823870265,-0.017569629758669006,-0.010194984109043993,-0.004214653332478667,6.27481736447636,1.5275780804679329,4.886919331269041,-1.0614727459463855,-0.86825177454745,0.19210825682296678,0.058947150255241935,-0.02352552413417868,-0.1721601971947072,113.01443397175834,92.896396805049,-15.707065784474066,-58.45409954006679,-1.8275091398611587,-29.58702930170657,-0.7684125241334193,-19.749665167473772,0.009088823109712957,3.009088823109713,0.19139000195835815,0.19099644437318244
