k,wq,observable_set,sigma_max,sigma_min,condition_number,cosine_similarity,sensitivity_angle_deg,numerical_rank,gram_determinant,derivative_scheme_k,derivative_scheme_wq,derivative_quality,missing_features,feature_count,rank_tolerance,parameter_k_scale,parameter_wq_scale
0.0,-0.7125,orbital,8.160143887880263,0.0,inf,,,1,0.0,one_sided_forward,analytic_k_zero,one_sided,,18,8.160143887880263e-10,0.0025,0.2625
0.0,-0.7125,photon_geometry,10.225188283834816,0.0,inf,,,1,0.0,one_sided_forward,analytic_k_zero,one_sided,,27,1.0225188283834817e-09,0.0025,0.2625
0.0,-0.7125,redshift,4.916503998197602,0.0,inf,,,1,0.0,one_sided_forward,analytic_k_zero,one_sided,,9,4.916503998197602e-10,0.0025,0.2625
0.0,-0.7125,timing,6.396799788593743,0.0,inf,,,1,0.0,one_sided_forward,analytic_k_zero,one_sided,,17,6.396799788593743e-10,0.0025,0.2625
0.0,-0.7125,all_shooting,15.369888835330867,0.0,inf,,,1,0.0,one_sided_forward,analytic_k_zero,one_sided,,71,1.5369888835330868e-09,0.0025,0.2625
0.0,-0.7125,ringdown_only,2.3575205487453537,0.0,inf,,,1,0.0,one_sided_forward,analytic_k_zero,one_sided,,4,2.3575205487453536e-10,0.0025,0.2625
0.0,-0.7125,ringdown_plus_photon_geometry,10.493444552558966,0.0,inf,,,1,0.0,one_sided_forward,analytic_k_zero,one_sided,,31,1.0493444552558967e-09,0.0025,0.2625
0.0,-0.7125,ringdown_plus_all_shooting,15.549642630883357,0.0,inf,,,1,0.0,one_sided_forward,analytic_k_zero,one_sided,,75,1.5549642630883358e-09,0.0025,0.2625
0.0,-0.69,orbital,6.471297724594281,0.0,inf,,,1,0.0,one_sided_forward,analytic_k_zero,one_sided,,18,6.471297724594281e-10,0.0025,0.2625
0.0,-0.69,photon_geometry,7.915618968847693,0.0,inf,,,1,0.0,one_sided_forward,analytic_k_zero,one_sided,,27,7.915618968847694e-10,0.0025,0.2625
0.0,-0.69,redshift,3.758869603337209,0.0,inf,,,1,0.0,one_sided_forward,analytic_k_zero,one_sided,,9,3.758869603337209e-10,0.0025,0.2625
0.0,-0.69,timing,5.244165165867706,0.0,inf,,,1,0.0,one_sided_forward,analytic_k_zero,one_sided,,17,5.244165165867707e-10,0.0025,0.2625
0.0,-0.69,all_shooting,12.089875387369105,0.0,inf,,,1,0.0,one_sided_forward,analytic_k_zero,one_sided,,71,1.2089875387369105e-09,0.0025,0.2625
0.0,-0.69,ringdown_only,2.270259125252929,0.0,inf,,,1,0.0,one_sided_forward,analytic_k_zero,one_sided,,4,2.2702591252529291e-10,0.0025,0.2625
0.0,-0.69,ringdown_plus_photon_geometry,8.234749550276293,0.0,inf,,,1,0.0,one_sided_forward,analytic_k_zero,one_sided,,31,8.234749550276293e-10,0.0025,0.2625
0.0,-0.69,ringdown_plus_all_shooting,12.301185446041671,0.0,inf,,,1,0.0,one_sided_forward,analytic_k_zero,one_sided,,75,1.2301185446041671e-09,0.0025,0.2625
0.0,-0.6666666666666666,orbital,5.055040959111168,0.0,inf,,,1,0.0,one_sided_forward,analytic_k_zero,one_sided,,18,5.055040959111168e-10,0.0025,0.2625
0.0,-0.6666666666666666,photon_geometry,6.064491048919462,0.0,inf,,,1,0.0,one_sided_forward,analytic_k_zero,one_sided,,27,6.064491048919462e-10,0.0025,0.2625
0.0,-0.6666666666666666,redshift,2.8398426893896382,0.0,inf,,,1,0.0,one_sided_forward,analytic_k_zero,one_sided,,9,2.8398426893896383e-10,0.0025,0.2625
0.0,-0.6666666666666666,timing,4.322185231776557,0.0,inf,,,1,0.0,one_sided_forward,analytic_k_zero,one_sided,,17,4.3221852317765574e-10,0.0025,0.2625
0.0,-0.6666666666666666,all_shooting,9.438086800776045,0.0,inf,,,1,0.0,one_sided_forward,analytic_k_zero,one_sided,,71,9.438086800776044e-10,0.0025,0.2625
0.0,-0.6666666666666666,ringdown_only,2.182106842630374,0.0,inf,,,1,0.0,one_sided_forward,analytic_k_zero,one_sided,,4,2.182106842630374e-10,0.0025,0.2625
0.0,-0.6666666666666666,ringdown_plus_photon_geometry,6.445125441376495,0.0,inf,,,1,0.0,one_sided_forward,analytic_k_zero,one_sided,,31,6.445125441376496e-10,0.0025,0.2625
0.0,-0.6666666666666666,ringdown_plus_all_shooting,9.687056969567037,0.0,inf,,,1,0.0,one_sided_forward,analytic_k_zero,one_sided,,75,9.687056969567036e-10,0.0025,0.2625
0.0,-0.64,orbital,3.7838035190714403,0.0,inf,,,1,0.0,one_sided_forward,analytic_k_zero,one_sided,,18,3.7838035190714405e-10,0.0025,0.2625
0.0,-0.64,photon_geometry,4.463920330966576,0.0,inf,,,1,0.0,one_sided_forward,analytic_k_zero,one_sided,,27,4.463920330966576e-10,0.0025,0.2625
0.0,-0.64,redshift,2.055199570631305,0.0,inf,,,1,0.0,one_sided_forward,analytic_k_zero,one_sided,,9,2.055199570631305e-10,0.0025,0.2625
0.0,-0.64,timing,3.508962720984852,0.0,inf,,,1,0.0,one_sided_forward,analytic_k_zero,one_sided,,17,3.5089627209848523e-10,0.0025,0.2625
0.0,-0.64,all_shooting,7.1260380608398854,0.0,inf,,,1,0.0,one_sided_forward,analytic_k_zero,one_sided,,71,7.126038060839885e-10,0.0025,0.2625
0.0,-0.64,ringdown_only,2.0840261626194483,0.0,inf,,,1,0.0,one_sided_forward,analytic_k_zero,one_sided,,4,2.0840261626194485e-10,0.0025,0.2625
0.0,-0.64,ringdown_plus_photon_geometry,4.926433777866001,0.0,inf,,,1,0.0,one_sided_forward,analytic_k_zero,one_sided,,31,4.926433777866002e-10,0.0025,0.2625
0.0,-0.64,ringdown_plus_all_shooting,7.424525809169298,0.0,inf,,,1,0.0,one_sided_forward,analytic_k_zero,one_sided,,75,7.424525809169298e-10,0.0025,0.2625
0.0,-0.61,orbital,2.7080772940134263,0.0,inf,,,1,0.0,one_sided_forward,analytic_k_zero,one_sided,,18,2.7080772940134265e-10,0.0025,0.2625
0.0,-0.61,photon_geometry,3.1514297789937586,0.0,inf,,,1,0.0,one_sided_forward,analytic_k_zero,one_sided,,27,3.1514297789937587e-10,0.0025,0.2625
0.0,-0.61,redshift,1.422448158797572,0.0,inf,,,1,0.0,one_sided_forward,analytic_k_zero,one_sided,,9,1.422448158797572e-10,0.0025,0.2625
0.0,-0.61,timing,2.8104589600888574,0.0,inf,,,1,0.0,one_sided_forward,analytic_k_zero,one_sided,,17,2.8104589600888577e-10,0.0025,0.2625
0.0,-0.61,all_shooting,5.21413757136212,0.0,inf,,,1,0.0,one_sided_forward,analytic_k_zero,one_sided,,71,5.214137571362121e-10,0.0025,0.2625
0.0,-0.61,ringdown_only,1.9768824110735352,0.0,inf,,,1,0.0,one_sided_forward,analytic_k_zero,one_sided,,4,1.9768824110735352e-10,0.0025,0.2625
0.0,-0.61,ringdown_plus_photon_geometry,3.7201577546040387,0.0,inf,,,1,0.0,one_sided_forward,analytic_k_zero,one_sided,,31,3.720157754604039e-10,0.0025,0.2625
0.0,-0.61,ringdown_plus_all_shooting,5.576315511186754,0.0,inf,,,1,0.0,one_sided_forward,analytic_k_zero,one_sided,,75,5.576315511186755e-10,0.0025,0.2625
0.0,-0.58,orbital,1.921593425481389,0.0,inf,,,1,0.0,one_sided_forward,analytic_k_zero,one_sided,,18,1.921593425481389e-10,0.0025,0.2625
0.0,-0.58,photon_geometry,2.215195105419489,0.0,inf,,,1,0.0,one_sided_forward,analytic_k_zero,one_sided,,27,2.2151951054194893e-10,0.0025,0.2625
0.0,-0.58,redshift,0.980313972580205,0.0,inf,,,1,0.0,one_sided_forward,analytic_k_zero,one_sided,,9,9.80313972580205e-11,0.0025,0.2625
0.0,-0.58,timing,2.2746962754560425,0.0,inf,,,1,0.0,one_sided_forward,analytic_k_zero,one_sided,,17,2.2746962754560426e-10,0.0025,0.2625
0.0,-0.58,all_shooting,3.8386025163250923,0.0,inf,,,1,0.0,one_sided_forward,analytic_k_zero,one_sided,,71,3.8386025163250927e-10,0.0025,0.2625
0.0,-0.58,ringdown_only,1.8730248659654496,0.0,inf,,,1,0.0,one_sided_forward,analytic_k_zero,one_sided,,4,1.8730248659654497e-10,0.0025,0.2625
0.0,-0.58,ringdown_plus_photon_geometry,2.900915631934054,0.0,inf,,,1,0.0,one_sided_forward,analytic_k_zero,one_sided,,31,2.900915631934054e-10,0.0025,0.2625
0.0,-0.58,ringdown_plus_all_shooting,4.271193208795666,0.0,inf,,,1,0.0,one_sided_forward,analytic_k_zero,one_sided,,75,4.2711932087956667e-10,0.0025,0.2625
0.0,-0.55,orbital,1.3525850182633525,0.0,inf,,,1,0.0,one_sided_forward,analytic_k_zero,one_sided,,18,1.3525850182633525e-10,0.0025,0.2625
0.0,-0.55,photon_geometry,1.5499776025657372,0.0,inf,,,1,0.0,one_sided_forward,analytic_k_zero,one_sided,,27,1.5499776025657373e-10,0.0025,0.2625
0.0,-0.55,redshift,0.6737891042225727,0.0,inf,,,1,0.0,one_sided_forward,analytic_k_zero,one_sided,,9,6.737891042225727e-11,0.0025,0.2625
0.0,-0.55,timing,1.8566514112646895,0.0,inf,,,1,0.0,one_sided_forward,analytic_k_zero,one_sided,,17,1.8566514112646896e-10,0.0025,0.2625
0.0,-0.55,all_shooting,2.851852559303535,0.0,inf,,,1,0.0,one_sided_forward,analytic_k_zero,one_sided,,71,2.8518525593035354e-10,0.0025,0.2625
0.0,-0.55,ringdown_only,1.772442240074731,0.0,inf,,,1,0.0,one_sided_forward,analytic_k_zero,one_sided,,4,1.7724422400747312e-10,0.0025,0.2625
0.0,-0.55,ringdown_plus_photon_geometry,2.354566215432592,0.0,inf,,,1,0.0,one_sided_forward,analytic_k_zero,one_sided,,31,2.354566215432592e-10,0.0025,0.2625
0.0,-0.55,ringdown_plus_all_shooting,3.3577692765297695,0.0,inf,,,1,0.0,one_sided_forward,analytic_k_zero,one_sided,,75,3.35776927652977e-10,0.0025,0.2625
0.0,-0.525,orbital,1.0038692139137115,0.0,inf,,,1,0.0,one_sided_forward,analytic_k_zero,one_sided,,18,1.0038692139137115e-10,0.0025,0.2625
0.0,-0.525,photon_geometry,1.1473786647457076,0.0,inf,,,1,0.0,one_sided_forward,analytic_k_zero,one_sided,,27,1.1473786647457076e-10,0.0025,0.2625
0.0,-0.525,redshift,0.493412362864774,0.0,inf,,,1,0.0,one_sided_forward,analytic_k_zero,one_sided,,9,4.934123628647741e-11,0.0025,0.2625
0.0,-0.525,timing,1.5759013165585478,0.0,inf,,,1,0.0,one_sided_forward,analytic_k_zero,one_sided,,17,1.5759013165585478e-10,0.0025,0.2625
0.0,-0.525,all_shooting,2.247476789271947,0.0,inf,,,1,0.0,one_sided_forward,analytic_k_zero,one_sided,,71,2.2474767892719473e-10,0.0025,0.2625
0.0,-0.525,ringdown_only,1.6911542041048884,0.0,inf,,,1,0.0,one_sided_forward,analytic_k_zero,one_sided,,4,1.6911542041048884e-10,0.0025,0.2625
0.0,-0.525,ringdown_plus_photon_geometry,2.0436438883463235,0.0,inf,,,1,0.0,one_sided_forward,analytic_k_zero,one_sided,,31,2.0436438883463235e-10,0.0025,0.2625
0.0,-0.525,ringdown_plus_all_shooting,2.812677454024506,0.0,inf,,,1,0.0,one_sided_forward,analytic_k_zero,one_sided,,75,2.812677454024506e-10,0.0025,0.2625
0.0,-0.5,orbital,0.7419868346096187,0.0,inf,,,1,0.0,one_sided_forward,analytic_k_zero,one_sided,,18,7.419868346096188e-11,0.0025,0.2625
0.0,-0.5,photon_geometry,0.8476617722198179,0.0,inf,,,1,0.0,one_sided_forward,analytic_k_zero,one_sided,,27,8.476617722198179e-11,0.0025,0.2625
0.0,-0.5,redshift,0.3634243900943276,0.0,inf,,,1,0.0,one_sided_forward,analytic_k_zero,one_sided,,9,3.634243900943276e-11,0.0025,0.2625
0.0,-0.5,timing,1.3428393366088358,0.0,inf,,,1,0.0,one_sided_forward,analytic_k_zero,one_sided,,17,1.342839336608836e-10,0.0025,0.2625
0.0,-0.5,all_shooting,1.7900753375420644,0.0,inf,,,1,0.0,one_sided_forward,analytic_k_zero,one_sided,,71,1.7900753375420646e-10,0.0025,0.2625
0.0,-0.5,ringdown_only,1.6122065416511338,0.0,inf,,,1,0.0,one_sided_forward,analytic_k_zero,one_sided,,4,1.6122065416511338e-10,0.0025,0.2625
0.0,-0.5,ringdown_plus_photon_geometry,1.8214665555605327,0.0,inf,,,1,0.0,one_sided_forward,analytic_k_zero,one_sided,,31,1.8214665555605327e-10,0.0025,0.2625
0.0,-0.5,ringdown_plus_all_shooting,2.4090619848852057,0.0,inf,,,1,0.0,one_sided_forward,analytic_k_zero,one_sided,,75,2.409061984885206e-10,0.0025,0.2625
0.0,-0.475,orbital,0.5469561720677742,0.0,inf,,,1,0.0,one_sided_forward,analytic_k_zero,one_sided,,18,5.4695617206777426e-11,0.0025,0.2625
0.0,-0.475,photon_geometry,0.626025905774348,0.0,inf,,,1,0.0,one_sided_forward,analytic_k_zero,one_sided,,27,6.260259057743481e-11,0.0025,0.2625
0.0,-0.475,redshift,0.27132174096231004,0.0,inf,,,1,0.0,one_sided_forward,analytic_k_zero,one_sided,,9,2.7132174096231005e-11,0.0025,0.2625
0.0,-0.475,timing,1.1477884824764248,0.0,inf,,,1,0.0,one_sided_forward,analytic_k_zero,one_sided,,17,1.1477884824764249e-10,0.0025,0.2625
0.0,-0.475,all_shooting,1.4429495405203812,0.0,inf,,,1,0.0,one_sided_forward,analytic_k_zero,one_sided,,71,1.4429495405203812e-10,0.0025,0.2625
0.0,-0.475,ringdown_only,1.5356401218551827,0.0,inf,,,1,0.0,one_sided_forward,analytic_k_zero,one_sided,,4,1.5356401218551828e-10,0.0025,0.2625
0.0,-0.475,ringdown_plus_photon_geometry,1.6583422501257068,0.0,inf,,,1,0.0,one_sided_forward,analytic_k_zero,one_sided,,31,1.6583422501257068e-10,0.0025,0.2625
0.0,-0.475,ringdown_plus_all_shooting,2.107200503117675,0.0,inf,,,1,0.0,one_sided_forward,analytic_k_zero,one_sided,,75,2.107200503117675e-10,0.0025,0.2625
0.0,-0.45,orbital,0.403054732870247,0.0,inf,,,1,0.0,one_sided_forward,analytic_k_zero,one_sided,,18,4.0305473287024705e-11,0.0025,0.2625
0.0,-0.45,photon_geometry,0.463446790657289,0.0,inf,,,1,0.0,one_sided_forward,analytic_k_zero,one_sided,,27,4.63446790657289e-11,0.0025,0.2625
0.0,-0.45,redshift,0.2074611882671709,0.0,inf,,,1,0.0,one_sided_forward,analytic_k_zero,one_sided,,9,2.074611882671709e-11,0.0025,0.2625
0.0,-0.45,timing,0.983316920363092,0.0,inf,,,1,0.0,one_sided_forward,analytic_k_zero,one_sided,,17,9.83316920363092e-11,0.0025,0.2625
0.0,-0.45,all_shooting,1.177789605986243,0.0,inf,,,1,0.0,one_sided_forward,analytic_k_zero,one_sided,,71,1.177789605986243e-10,0.0025,0.2625
0.0,-0.45,ringdown_only,1.4614935019123765,0.0,inf,,,1,0.0,one_sided_forward,analytic_k_zero,one_sided,,4,1.4614935019123765e-10,0.0025,0.2625
0.0,-0.45,ringdown_plus_photon_geometry,1.5332143307126513,0.0,inf,,,1,0.0,one_sided_forward,analytic_k_zero,one_sided,,31,1.5332143307126514e-10,0.0025,0.2625
0.0,-0.45,ringdown_plus_all_shooting,1.8770060234589903,0.0,inf,,,1,0.0,one_sided_forward,analytic_k_zero,one_sided,,75,1.8770060234589902e-10,0.0025,0.2625
0.00025,-0.7125,orbital,7.9394539715417025,0.04822352903980127,164.63859301937188,-0.9996825920115229,178.55636286596206,2,0.14658827998924323,central,one_sided_forward,one_sided,,18,7.939453971541703e-10,0.0025,0.2625
0.00025,-0.7125,photon_geometry,10.118841150950537,0.4502456696381589,22.47404435690091,-0.9856466100324267,170.28068380017197,2,20.75681170493021,central,one_sided_forward,one_sided,,27,1.0118841150950537e-09,0.0025,0.2625
0.00025,-0.7125,redshift,5.074153564918012,0.12928840827586544,39.24677883025044,-0.995173047635008,174.36817716003765,2,0.4303743607901428,central,one_sided_forward,one_sided,,9,5.074153564918012e-10,0.0025,0.2625
0.00025,-0.7125,timing,6.302174692677494,0.7649992498368791,8.238144931542493,-0.8735115919842945,150.8693094962435,2,23.243573257063925,central,one_sided_forward,one_sided,,17,6.302174692677494e-10,0.0025,0.2625
0.00025,-0.7125,all_shooting,15.192933155032282,0.9338543917877425,16.26906002545792,-0.9704849382485926,166.04488269160643,2,201.29898507113117,central,one_sided_forward,one_sided,,71,1.5192933155032284e-09,0.0025,0.2625
0.00025,-0.7125,ringdown_only,2.3597921911673247,0.09290228897749535,25.400797086269435,-0.7436598728375357,138.0441209339505,2,0.04806183502315244,central,one_sided_forward,one_sided,,4,2.359792191167325e-10,0.0025,0.2625
0.00025,-0.7125,ringdown_plus_photon_geometry,10.377144716514922,0.696982750500937,14.888667917615804,-0.9655648526505832,164.92029672843177,2,52.31181717560099,central,one_sided_forward,one_sided,,31,1.0377144716514921e-09,0.0025,0.2625
0.00025,-0.7125,ringdown_plus_all_shooting,15.366990669070212,1.0630849805359766,14.455091502960208,-0.961728503725587,164.09732201215627,2,266.8785196243631,central,one_sided_forward,one_sided,,75,1.5366990669070212e-09,0.0025,0.2625
0.00025,-0.69,orbital,6.44641577668105,0.03706180694771058,173.93689913112195,-0.9997676166653392,178.76476800976363,2,0.057080767622362104,central,central,central,,18,6.44641577668105e-10,0.0025,0.2625
0.00025,-0.69,photon_geometry,7.988253050852773,0.482622994230253,16.551745661421354,-0.978505682600551,168.09908240372508,2,14.863450711788262,central,central,central,,27,7.988253050852774e-10,0.0025,0.2625
0.00025,-0.69,redshift,3.9286291309567054,0.15195986999217795,25.853069834548617,-0.9912586925050306,172.41871722363848,2,0.35640180258960524,central,central,central,,9,3.9286291309567057e-10,0.0025,0.2625
0.00025,-0.69,timing,5.233055030444361,0.7689072037835576,6.805834312247427,-0.8321647706400692,146.32175872645254,2,16.190432974659412,central,central,central,,17,5.233055030444361e-10,0.0025,0.2625
0.00025,-0.69,all_shooting,12.168702314793707,0.979156558834273,12.427739164900308,-0.9581834495586158,163.37212077534394,2,141.96876642466813,central,central,central,,71,1.2168702314793707e-09,0.0025,0.2625
0.00025,-0.69,ringdown_only,2.272479298785752,0.0901233124242546,25.215221651952582,-0.7436698550723102,138.04497642374795,2,0.04194441701364194,central,central,central,,4,2.2724792987857518e-10,0.0025,0.2625
0.00025,-0.69,ringdown_plus_photon_geometry,8.285775747925936,0.75054406196633,11.039692628062712,-0.9479881113806461,161.43950620212658,2,38.67396828879276,central,central,central,,31,8.285775747925936e-10,0.0025,0.2625
0.00025,-0.69,ringdown_plus_all_shooting,12.367454800736743,1.120004338991501,11.04232757872431,-0.9452616184808615,160.95483057853465,2,191.86690675298257,central,central,central,,75,1.2367454800736743e-09,0.0025,0.2625
0.00025,-0.6666666666666666,orbital,5.100445700099062,0.036173363481114613,141.00004006433912,-0.9996554218480482,178.495840224721,2,0.03404035192725007,central,central,central,,18,5.100445700099062e-10,0.0025,0.2625
0.00025,-0.6666666666666666,photon_geometry,6.170436020925665,0.3574041310128907,17.264590656628734,-0.980047023316898,168.5352059858694,2,4.863521534111264,central,central,central,,27,6.170436020925665e-10,0.0025,0.2625
0.00025,-0.6666666666666666,redshift,2.9731145150209337,0.12242924410006104,24.284349191856617,-0.9902317645828022,171.98506788841425,2,0.13249320645809246,central,central,central,,9,2.973114515020934e-10,0.0025,0.2625
0.00025,-0.6666666666666666,timing,4.338074437662922,0.5884742752552565,7.371731645841679,-0.8360824912461722,146.7287233947112,2,6.517018669829875,central,central,central,,17,4.338074437662922e-10,0.0025,0.2625
0.00025,-0.6666666666666666,all_shooting,9.572934569267376,0.7722613703875969,12.39597749718173,-0.9569565926630306,163.12820905509332,2,54.653603753642045,central,central,central,,71,9.572934569267376e-10,0.0025,0.2625
0.00025,-0.6666666666666666,ringdown_only,2.1842998296719456,0.08104990782296868,26.950059393564644,-0.7696038348562902,140.31832688803905,2,0.03134220553911265,central,central,central,,4,2.1842998296719457e-10,0.0025,0.2625
0.00025,-0.6666666666666666,ringdown_plus_photon_geometry,6.5240459618453,0.6454281698183473,10.10808989586163,-0.9348485228108241,159.20368653435506,2,17.730862283483148,central,central,central,,31,6.5240459618453e-10,0.0025,0.2625
0.00025,-0.6666666666666666,ringdown_plus_all_shooting,9.806149811713576,0.9244590825775779,10.607446015211465,-0.9382659030783161,159.7623473590021,2,82.181191755257,central,central,central,,75,9.806149811713577e-10,0.0025,0.2625
0.00025,-0.64,orbital,3.8601294523200895,0.03367898869600007,114.61536114291172,-0.9994955350570024,178.18000001406926,2,0.01690136663696979,central,central,central,,18,3.8601294523200894e-10,0.0025,0.2625
0.00025,-0.64,photon_geometry,4.578346449348364,0.25561197110719824,17.91131467558811,-0.9814827301101767,168.9567079510689,2,1.3695556536610278,central,central,central,,27,4.578346449348364e-10,0.0025,0.2625
0.00025,-0.64,redshift,2.156144340258636,0.09804389495022679,21.991622643645787,-0.9883586029330493,171.24890497358925,2,0.04468860248146584,central,central,central,,9,2.1561443402586362e-10,0.0025,0.2625
0.00025,-0.64,timing,3.5381348353974533,0.43916433887625805,8.05651671183252,-0.843305247859332,147.4908093041638,2,2.4143648147326155,central,central,central,,17,3.5381348353974535e-10,0.0025,0.2625
0.00025,-0.64,all_shooting,7.275669817208365,0.6023209404510419,12.079390452140105,-0.9537189387047369,162.5003787845535,2,19.204450627854932,central,central,central,,71,7.275669817208364e-10,0.0025,0.2625
0.00025,-0.64,ringdown_only,2.0861958333287327,0.07193283914344101,29.001994890937883,-0.7971353809376167,142.8574155484945,2,0.02251980114475356,central,central,central,,4,2.0861958333287327e-10,0.0025,0.2625
0.00025,-0.64,ringdown_plus_photon_geometry,5.007329297545363,0.5573458390652368,8.984240926501759,-0.9117400743258471,155.74693544466453,2,7.788643613233604,central,central,central,,31,5.007329297545363e-10,0.0025,0.2625
0.00025,-0.64,ringdown_plus_all_shooting,7.554656882523564,0.7633535092127045,9.89666883213148,-0.9255514459076268,157.75165574687037,2,33.25683391153067,central,central,central,,75,7.554656882523564e-10,0.0025,0.2625
0.00025,-0.61,orbital,2.787926176230891,0.032396695626383136,86.05588077200278,-0.9991374485437112,177.6200854818574,2,0.008157629378280152,central,central,central,,18,2.787926176230891e-10,0.0025,0.2625
0.00025,-0.61,photon_geometry,3.2554022188000493,0.17672313143610635,18.420917467598343,-0.9826421807214939,169.3090716095907,2,0.3309756982672302,central,central,central,,27,3.255402218800049e-10,0.0025,0.2625
0.00025,-0.61,redshift,1.4953986483204715,0.0784360898541742,19.06518607825387,-0.9849161675256451,170.03583527778798,2,0.013757700102488652,central,central,central,,9,1.4953986483204716e-10,0.0025,0.2625
0.00025,-0.61,timing,2.842455309994122,0.3199553432124324,8.88391261560177,-0.8536769859598997,148.6138798088366,2,0.8271152439169206,central,central,central,,17,2.842455309994122e-10,0.0025,0.2625
0.00025,-0.61,all_shooting,5.348934148278555,0.4643845467795195,11.518329335834084,-0.9477419107369707,161.39524043012702,2,6.170069006899495,central,central,central,,71,5.348934148278555e-10,0.0025,0.2625
0.00025,-0.61,ringdown_only,1.979031729314041,0.06300333515329551,31.41153915897933,-0.8252511517207962,145.61396252359557,2,0.015546498678031576,central,central,central,,4,1.979031729314041e-10,0.0025,0.2625
0.00025,-0.61,ringdown_plus_photon_geometry,3.7844222433179864,0.4770314051559744,7.933276934001018,-0.8728815821971179,150.79524448385487,2,3.2590657032590364,central,central,central,,31,3.7844222433179867e-10,0.0025,0.2625
0.00025,-0.61,ringdown_plus_all_shooting,5.687978734073844,0.6278403113084624,9.059594663840086,-0.9042201225433156,154.7184506526945,2,12.753057606232916,central,central,central,,75,5.687978734073844e-10,0.0025,0.2625
0.00025,-0.58,orbital,1.9912832746987361,0.028509936268599437,69.84523767216962,-0.9987351076196864,177.11789229114058,2,0.0032229872315902887,central,central,central,,18,1.9912832746987363e-10,0.0025,0.2625
0.00025,-0.58,photon_geometry,2.3008770078395067,0.12485619789027859,18.42821619365245,-0.9828789169201443,169.38243729754777,2,0.08252908308124492,central,central,central,,27,2.3008770078395067e-10,0.0025,0.2625
0.00025,-0.58,redshift,1.0321620332139416,0.06477631428858323,15.934250729604406,-0.9789224882480884,168.21544776290366,2,0.004470213100356108,central,central,central,,9,1.0321620332139417e-10,0.0025,0.2625
0.00025,-0.58,timing,2.3040176928523657,0.2363530502176488,9.748203760140523,-0.8646030123486758,149.83740532487226,2,0.2965473464988492,central,central,central,,17,2.3040176928523657e-10,0.0025,0.2625
0.00025,-0.58,all_shooting,3.9468327506495746,0.36341702951574173,10.860340683288245,-0.9390406580244547,159.89106656942838,2,2.057349119668464,central,central,central,,71,3.946832750649575e-10,0.0025,0.2625
0.00025,-0.58,ringdown_only,1.8751553452058476,0.05528700754438524,33.91674515392147,-0.8500300763112926,148.21494079851806,2,0.010747827127887919,central,central,central,,4,1.8751553452058476e-10,0.0025,0.2625
0.00025,-0.58,ringdown_plus_photon_geometry,2.943859141913419,0.4032141487921267,7.300981750596004,-0.819872685008113,145.0720510644576,2,1.4089824322914732,central,central,central,,31,2.9438591419134193e-10,0.0025,0.2625
0.00025,-0.58,ringdown_plus_all_shooting,4.3541314797654636,0.5199653620336835,8.373887565770971,-0.8746491744920213,151.00348270216924,2,5.125684911923411,central,central,central,,75,4.3541314797654636e-10,0.0025,0.2625
0.00025,-0.55,orbital,1.4084087702853725,0.026122509560994163,53.91552320028213,-0.9979378876147655,176.31982514095156,2,0.0013535903053143172,central,central,central,,18,1.4084087702853725e-10,0.0025,0.2625
0.00025,-0.55,photon_geometry,1.6163908112447978,0.09110919749876752,17.741247378088953,-0.9817606238486525,169.04014158612705,2,0.02168788434046819,central,central,central,,27,1.6163908112447978e-10,0.0025,0.2625
0.00025,-0.55,redshift,0.7097386636402656,0.054982971592005596,12.908335855449836,-0.9683734972177281,165.5517744737656,2,0.001522836735061448,central,central,central,,9,7.097386636402656e-11,0.0025,0.2625
0.00025,-0.55,timing,1.8816060308172187,0.17625904998757538,10.675230752405929,-0.8759085974316311,151.15269088384034,2,0.10999178315397455,central,central,central,,17,1.8816060308172187e-10,0.0025,0.2625
0.00025,-0.55,all_shooting,2.9328951502557095,0.2858398740829385,10.260622873786703,-0.9278730116046716,158.10564715446168,2,0.7028112401314276,central,central,central,,71,2.9328951502557093e-10,0.0025,0.2625
0.00025,-0.55,ringdown_only,1.7745522621088796,0.04860051031885067,36.51303762998934,-0.8715154337689418,150.63522307221265,2,0.007438052637503382,central,central,central,,4,1.7745522621088796e-10,0.0025,0.2625
0.00025,-0.55,ringdown_plus_photon_geometry,2.3798639284049092,0.3296446016267051,7.219484003866399,-0.7587255980065396,139.35197786874534,2,0.6154548364593617,central,central,central,,31,2.3798639284049094e-10,0.0025,0.2625
0.00025,-0.55,ringdown_plus_all_shooting,3.4136430530897632,0.42663478838487306,8.001323722364312,-0.83830152867299,146.96119746544684,2,2.1210394467018534,central,central,central,,75,3.4136430530897636e-10,0.0025,0.2625
0.00025,-0.525,orbital,1.0485148798216797,0.024330261065763983,43.09509367727599,-0.996838245878042,175.44261025203966,2,0.00065079279185306,central,central,central,,18,1.0485148798216797e-10,0.0025,0.2625
0.00025,-0.525,photon_geometry,1.1994519469316332,0.0723590702203533,16.576386944704673,-0.9793210301260862,168.32778359292595,2,0.00753271719768252,central,central,central,,27,1.1994519469316333e-10,0.0025,0.2625
0.00025,-0.525,redshift,0.5192791738939321,0.04876772457120158,10.64800907690038,-0.9536268250251781,162.48283580934879,2,0.0006413082037008371,central,central,central,,9,5.192791738939321e-11,0.0025,0.2625
0.00025,-0.525,timing,1.5971858838077246,0.13885908356918378,11.502206717445016,-0.8854987795777558,152.31296390660987,2,0.049188039799366784,central,central,central,,17,1.5971858838077246e-10,0.0025,0.2625
0.00025,-0.525,all_shooting,2.309023780190089,0.23370740102329493,9.879977142700481,-0.9172938479669234,156.53361332599235,2,0.29120695482964737,central,central,central,,71,2.3090237801900888e-10,0.0025,0.2625
0.00025,-0.525,ringdown_only,1.6932438259862475,0.04373026381505897,38.7201831927472,-0.8869183152257102,152.48852217778688,2,0.005482809999540223,central,central,central,,4,1.6932438259862474e-10,0.0025,0.2625
0.00025,-0.525,ringdown_plus_photon_geometry,2.0591147942231336,0.2701000971242707,7.623524819673622,-0.7109710726940681,135.3139794918608,2,0.30932184969596194,central,central,central,,31,2.0591147942231336e-10,0.0025,0.2625
0.00025,-0.525,ringdown_plus_all_shooting,2.850950522679546,0.35676052783835377,7.991216236711299,-0.8060547300889942,143.7122395607087,2,1.034505862843383,central,central,central,,75,2.850950522679546e-10,0.0025,0.2625
0.00025,-0.5,orbital,0.7769408404320983,0.02267645630562856,34.2620041668174,-0.9950969403960802,174.3239158684793,2,0.00031040326231906664,central,central,central,,18,7.769408404320983e-11,0.0025,0.2625
0.00025,-0.5,photon_geometry,0.8877619035799813,0.05939629947082465,14.946417731226644,-0.974863028786726,167.12616130613546,2,0.002780428842920312,central,central,central,,27,8.877619035799813e-11,0.0025,0.2625
0.00025,-0.5,redshift,0.38152779772726614,0.04371482711446736,8.727651987007404,-0.9301519136042646,158.45850792157304,2,0.0002781697509704612,central,central,central,,9,3.8152779772726615e-11,0.0025,0.2625
0.00025,-0.5,timing,1.3608441138824403,0.11003858710355616,12.366971893248358,-0.8949638814843364,153.503790867753,2,0.022423673907661017,central,central,central,,17,1.3608441138824405e-10,0.0025,0.2625
0.00025,-0.5,all_shooting,1.8360159030360879,0.1905928968450075,9.633181159574686,-0.9063483016600404,155.00549326852473,2,0.12245211740918639,central,central,central,,71,1.836015903036088e-10,0.0025,0.2625
0.00025,-0.5,ringdown_only,1.6142713930218522,0.03943666033632761,40.933268163552995,-0.9001405098158147,154.17654277524667,2,0.00405278309579728,central,central,central,,4,1.6142713930218522e-10,0.0025,0.2625
0.00025,-0.5,ringdown_plus_photon_geometry,1.8309839096274405,0.21581107717489112,8.484198001308476,-0.675774487573532,132.51432252534767,2,0.15614084325744843,central,central,central,,31,1.8309839096274405e-10,0.0025,0.2625
0.00025,-0.5,ringdown_plus_all_shooting,2.4347599082389375,0.29436646933492006,8.271186299648658,-0.7761365730792219,140.9081921431497,2,0.513675629190229,central,central,central,,75,2.4347599082389375e-10,0.0025,0.2625
0.00025,-0.475,orbital,0.5736582229831463,0.020999430793091203,27.317798688709193,-0.9923804643670597,172.9225301385914,2,0.00014511806955031778,central,central,central,,18,5.736582229831463e-11,0.0025,0.2625
0.00025,-0.475,photon_geometry,0.656188341597259,0.04963707703331793,13.219721643899483,-0.9680169727550463,165.47012874491585,2,0.0010608877115073853,central,central,central,,27,6.56188341597259e-11,0.0025,0.2625
0.00025,-0.475,redshift,0.28336509607701715,0.038905457088514575,7.283428014541189,-0.89492747653041,153.4991159090669,2,0.00012153846662110632,central,central,central,,9,2.8336509607701718e-11,0.0025,0.2625
0.00025,-0.475,timing,1.1629909529321243,0.08713240135331998,13.347399301164918,-0.9051634294044072,154.8453032524892,2,0.010268618971145994,central,central,central,,17,1.1629909529321243e-10,0.0025,0.2625
0.00025,-0.475,all_shooting,1.4768075086721584,0.1534950113765598,9.62120850331219,-0.8972277231574404,153.7960231733481,2,0.05138499449852157,central,central,central,,71,1.4768075086721585e-10,0.0025,0.2625
0.00025,-0.475,ringdown_only,1.5376762790518779,0.03562255634398761,43.16580382955609,-0.9115688479961551,155.72306303711505,2,0.003000405781798446,central,central,central,,4,1.5376762790518779e-10,0.0025,0.2625
0.00025,-0.475,ringdown_plus_photon_geometry,1.6644678262896682,0.1682591453396482,9.89228741730365,-0.6616300403259672,131.4243077271757,2,0.07843468681803883,central,central,central,,31,1.6644678262896683e-10,0.0025,0.2625
0.00025,-0.475,ringdown_plus_all_shooting,2.124437826330701,0.23875167836593916,8.89810635414481,-0.7539077938334315,138.93002650951138,2,0.2572651253833992,central,central,central,,75,2.124437826330701e-10,0.0025,0.2625
0.00025,-0.45,orbital,0.4295511175771354,0.022716404693972975,18.909291473007706,-0.9872701453900612,170.84810266100257,2,9.521577369361497e-05,central,one_sided_backward,one_sided,,18,4.295511175771354e-11,0.0025,0.2625
0.00025,-0.45,photon_geometry,0.4926388107125946,0.05070848081613979,9.715116737549641,-0.9522486124123182,162.22235866137592,2,0.0006240486464205263,central,one_sided_backward,one_sided,,27,4.926388107125946e-11,0.0025,0.2625
0.00025,-0.45,redshift,0.2173506470758351,0.04040245220209347,5.379639978005418,-0.8335873172524729,146.46902529542373,2,7.711472696273555e-05,central,one_sided_backward,one_sided,,9,2.173506470758351e-11,0.0025,0.2625
0.00025,-0.45,timing,0.9979905319414701,0.08207051357122032,12.160159459407058,-0.8978251418661493,153.8736482518052,2,0.006708526573497337,central,one_sided_backward,one_sided,,17,9.979905319414702e-11,0.0025,0.2625
0.00025,-0.45,all_shooting,1.2083710205827232,0.14740541064609514,8.197602891822571,-0.8729341666657573,150.80141984832886,2,0.031726886337196426,central,one_sided_backward,one_sided,,71,1.2083710205827233e-10,0.0025,0.2625
0.00025,-0.45,ringdown_only,1.4635470401669564,0.03462785390467529,42.26502295510017,-0.9127570199963086,155.889175799608,2,0.002568411019810839,central,one_sided_backward,one_sided,,4,1.4635470401669565e-10,0.0025,0.2625
0.00025,-0.45,ringdown_plus_photon_geometry,1.538065087158398,0.1509607980865606,10.18850659676875,-0.6355800572416187,129.46301951621945,2,0.05391105051151038,central,one_sided_backward,one_sided,,31,1.538065087158398e-10,0.0025,0.2625
0.00025,-0.45,ringdown_plus_all_shooting,1.8908693040541646,0.22287032217210362,8.484168217758524,-0.7157911874039222,135.70807741343302,2,0.17759367939371307,central,one_sided_backward,one_sided,,75,1.8908693040541648e-10,0.0025,0.2625
0.0005,-0.7125,orbital,7.67253358853414,0.19857339459318457,38.638275808563314,-0.9980136328380724,176.38807013352957,2,2.3212382420130417,central,one_sided_forward,one_sided,,18,7.67253358853414e-10,0.0025,0.2625
0.0005,-0.7125,photon_geometry,10.228175100131988,0.7806266739298873,13.102518068772323,-0.9848014632198041,169.99792487570897,2,63.75042472797078,central,one_sided_forward,one_sided,,27,1.0228175100131988e-09,0.0025,0.2625
0.0005,-0.7125,redshift,5.554264928669875,0.1869854401247788,29.70426427300122,-0.996910144688987,175.49475315912656,2,1.0786207327228985,central,one_sided_forward,one_sided,,9,5.554264928669875e-10,0.0025,0.2625
0.0005,-0.7125,timing,6.313015085437298,1.4414876603071494,4.379513789311337,-0.8554287241174167,148.80713069424633,2,82.81242689661248,central,one_sided_forward,one_sided,,17,6.313015085437298e-10,0.0025,0.2625
0.0005,-0.7125,all_shooting,15.29774045997367,1.7111844900441922,8.939854556289601,-0.9658757784952795,164.98892471988583,2,685.2487425702903,central,one_sided_forward,one_sided,,71,1.5297740459973671e-09,0.0025,0.2625
0.0005,-0.7125,ringdown_only,2.3666361598249193,0.1852672580541533,12.774173832340928,-0.7436598728360593,138.04412093382396,2,0.19224734009370273,central,one_sided_forward,one_sided,,4,2.3666361598249195e-10,0.0025,0.2625
0.0005,-0.7125,ringdown_plus_photon_geometry,10.452221480750493,1.2693701864493971,8.234179116800272,-0.9604438062710939,163.83085853519057,2,176.03288038885825,central,one_sided_forward,one_sided,,31,1.0452221480750493e-09,0.0025,0.2625
0.0005,-0.7125,ringdown_plus_all_shooting,15.451037693892896,1.9620755315435285,7.874843473399747,-0.9554243551606629,162.82830990386475,2,919.0661008728118,central,one_sided_forward,one_sided,,75,1.5451037693892897e-09,0.0025,0.2625
0.0005,-0.69,orbital,6.514639826017446,0.07710029396049167,84.49565483311552,-0.9996260407420975,178.4330205180563,2,0.2522858469771028,central,central,central,,18,6.514639826017446e-10,0.0025,0.2625
0.0005,-0.69,photon_geometry,8.366172048636873,0.8603230129025432,9.724454563189264,-0.9750931260526503,167.18546663946648,2,51.80559465461715,central,central,central,,27,8.366172048636874e-10,0.0025,0.2625
0.0005,-0.69,redshift,4.413605784371733,0.2656601118680418,16.613731558481206,-0.9913676930085958,172.4662018898486,2,1.3748008204105644,central,central,central,,9,4.4136057843717335e-10,0.0025,0.2625
0.0005,-0.69,timing,5.335186502380776,1.4501178051541885,3.6791400556684395,-0.8074851228965304,143.8509438409783,2,59.85573683504883,central,central,central,,17,5.335186502380777e-10,0.0025,0.2625
0.0005,-0.69,all_shooting,12.653410210280235,1.7855601309528937,7.086521473531969,-0.95095863758464,161.98186084770006,2,510.4628438348645,central,central,central,,71,1.2653410210280235e-09,0.0025,0.2625
0.0005,-0.69,ringdown_only,2.279168619210472,0.17971760412641305,12.681944155049546,-0.7436698550721575,138.04497642373485,2,0.1677776680548727,central,central,central,,4,2.2791686192104722e-10,0.0025,0.2625
0.0005,-0.69,ringdown_plus_photon_geometry,8.609153526471955,1.3573407838803064,6.342661790402027,-0.9396689214422721,159.99603022463836,2,136.55220024267408,central,central,central,,31,8.609153526471955e-10,0.0025,0.2625
0.0005,-0.69,ringdown_plus_all_shooting,12.819243239202377,2.0471750577474817,6.261918437648153,-0.9362205902531693,159.4262429703899,2,688.7073842358651,central,central,central,,75,1.2819243239202377e-09,0.0025,0.2625
0.0005,-0.6666666666666666,orbital,5.296091637798318,0.07089940676568729,74.69867350655227,-0.9995286125096248,178.2406845429882,2,0.1409925563327446,central,central,central,,18,5.296091637798318e-10,0.0025,0.2625
0.0005,-0.6666666666666666,photon_geometry,6.553032845007354,0.640325238843698,10.233913092104332,-0.9772115781896097,167.74472776484257,2,17.60702292834893,central,central,central,,27,6.553032845007354e-10,0.0025,0.2625
0.0005,-0.6666666666666666,redshift,3.3481273136547705,0.21563233621638425,15.527018685615724,-0.9901740285983971,171.96137750147682,2,0.5212327603318946,central,central,central,,9,3.3481273136547705e-10,0.0025,0.2625
0.0005,-0.6666666666666666,timing,4.451914089657614,1.1137264988035982,3.997313608358971,-0.8177630458445106,144.86148893892135,2,24.583892932448382,central,central,central,,17,4.451914089657614e-10,0.0025,0.2625
0.0005,-0.6666666666666666,all_shooting,10.086847759634813,1.4063253904147293,7.172484994145042,-0.9511412418658166,162.01571585916722,2,201.225292675653,central,central,central,,71,1.0086847759634813e-09,0.0025,0.2625
0.0005,-0.6666666666666666,ringdown_only,2.190901705893713,0.161611357895501,13.556607248547254,-0.769603834856192,140.3183268880302,2,0.12536882215629325,central,central,central,,4,2.190901705893713e-10,0.0025,0.2625
0.0005,-0.6666666666666666,ringdown_plus_photon_geometry,6.841734639101753,1.170081844679859,5.847227414227326,-0.9267227011222154,157.92957405895643,2,64.08626084385808,central,central,central,,31,6.841734639101753e-10,0.0025,0.2625
0.0005,-0.6666666666666666,ringdown_plus_all_shooting,10.280923907668672,1.6884966539470956,6.0888032461512935,-0.9305775893964103,158.52503030890878,2,301.345491524655,central,central,central,,75,1.0280923907668672e-09,0.0025,0.2625
0.0005,-0.64,orbital,4.104735935026908,0.06493997284907656,63.20815600841874,-0.9993541443152111,177.94065670250808,2,0.07105500138723397,central,central,central,,18,4.104735935026908e-10,0.0025,0.2625
0.0005,-0.64,photon_geometry,4.937512002992937,0.4573728657246522,10.795375880399124,-0.9794097081080462,168.35292429182124,2,5.099846689508282,central,central,central,,27,4.937512002992937e-10,0.0025,0.2625
0.0005,-0.64,redshift,2.4378208265337937,0.17308431823860349,14.084585197216784,-0.988186465219884,171.18431553231648,2,0.17804058369822048,central,central,central,,9,2.437820826533794e-10,0.0025,0.2625
0.0005,-0.64,timing,3.6562275629238656,0.8337443997829319,4.385309890987905,-0.831253488509874,146.2277177066559,2,9.292494147055011,central,central,central,,17,3.6562275629238657e-10,0.0025,0.2625
0.0005,-0.64,all_shooting,7.763958123905219,1.0946696050302822,7.092512743779382,-0.949241073929508,161.66638075100462,2,72.23247360345484,central,central,central,,71,7.76395812390522e-10,0.0025,0.2625
0.0005,-0.64,ringdown_only,2.0927221439119794,0.143417022405043,14.591867191341107,-0.7971353809380058,142.85741554853143,2,0.09007920457892352,central,central,central,,4,2.0927221439119795e-10,0.0025,0.2625
0.0005,-0.64,ringdown_plus_photon_geometry,5.28775771813111,1.0138478417792673,5.215533830847123,-0.9042393528112477,154.7210307314224,2,28.740125327895484,central,central,central,,31,5.28775771813111e-10,0.0025,0.2625
0.0005,-0.64,ringdown_plus_all_shooting,7.995694394041646,1.395088837657692,5.731315582358291,-0.9192359565917912,156.81463837028056,2,124.42742129302854,central,central,central,,75,7.995694394041646e-10,0.0025,0.2625
0.0005,-0.61,orbital,3.023512554933052,0.05772649733732542,52.3765115569913,-0.9990794198375157,177.5413214135401,2,0.030463090872121137,central,central,central,,18,3.0235125549330524e-10,0.0025,0.2625
0.0005,-0.61,photon_geometry,3.5619833589092327,0.3144937211591808,11.326087356466926,-0.9813122131299691,168.90581945590583,2,1.2548959878195216,central,central,central,,27,3.561983358909233e-10,0.0025,0.2625
0.0005,-0.61,redshift,1.6981949768710145,0.1380714853792399,12.299389495279167,-0.984714035927858,169.96912492108527,2,0.054977260836676,central,central,central,,9,1.6981949768710146e-10,0.0025,0.2625
0.0005,-0.61,timing,2.9516225713678166,0.6096980441215903,4.841121928839882,-0.8465612497706401,147.83959872319636,2,3.2385547926883795,central,central,central,,17,2.9516225713678165e-10,0.0025,0.2625
0.0005,-0.61,all_shooting,5.762580271979643,0.8432071515807565,6.834121676004005,-0.9444648259852957,160.81541688680124,2,23.610356182381516,central,central,central,,71,5.762580271979643e-10,0.0025,0.2625
0.0005,-0.61,ringdown_only,1.9854917002248482,0.12559669658352485,15.808470718053067,-0.8252511517204056,145.61396252355593,2,0.06218599471227105,central,central,central,,4,1.9854917002248484e-10,0.0025,0.2625
0.0005,-0.61,ringdown_plus_photon_geometry,3.997128833784652,0.8760962605653833,4.562431109117084,-0.8664477958468187,150.04843803416898,2,12.263090865432586,central,central,central,,31,3.997128833784652e-10,0.0025,0.2625
0.0005,-0.61,ringdown_plus_all_shooting,6.045421934861135,1.1528899092455474,5.243711378146476,-0.8992729900926617,154.06266896911555,2,48.576800971380955,central,central,central,,75,6.045421934861136e-10,0.0025,0.2625
0.0005,-0.58,orbital,2.1912985907314275,0.0518543020644947,42.25876163574551,-0.9986133083996256,176.98228812753848,2,0.012911381251843775,central,central,central,,18,2.1912985907314275e-10,0.0025,0.2625
0.0005,-0.58,photon_geometry,2.5464377116199484,0.2209738436639187,11.52370646859386,-0.982045050311547,169.12619132117803,2,0.3166269333523482,central,central,central,,27,2.5464377116199484e-10,0.0025,0.2625
0.0005,-0.58,redshift,1.1763272790100832,0.11359255970134852,10.35567190406502,-0.9787250483612595,168.16018522850666,2,0.017854846011205183,central,central,central,,9,1.1763272790100833e-10,0.0025,0.2625
0.0005,-0.58,timing,2.3975905036266756,0.4520955991687067,5.3032821112066975,-0.8604614056463057,149.36842902571772,2,1.174926173552899,central,central,central,,17,2.397590503626676e-10,0.0025,0.2625
0.0005,-0.58,all_shooting,4.271969006961453,0.6613723879328892,6.459249108226965,-0.9366086320011752,159.48960422065616,2,7.982672370990661,central,central,central,,71,4.271969006961453e-10,0.0025,0.2625
0.0005,-0.58,ringdown_only,1.8815543710501903,0.110197961124687,17.07431200946854,-0.8500300763106302,148.21494079844604,2,0.042991308511714975,central,central,central,,4,1.8815543710501903e-10,0.0025,0.2625
0.0005,-0.58,ringdown_plus_photon_geometry,3.0853370883630027,0.7525024596436002,4.100102330328965,-0.8148657492178639,144.574089639342,2,5.390401161204277,central,central,central,,31,3.085337088363003e-10,0.0025,0.2625
0.0005,-0.58,ringdown_plus_all_shooting,4.616248380056628,0.9642478765535167,4.78740839601986,-0.8708831707858409,150.56143238230754,2,19.813249971742266,central,central,central,,75,4.616248380056628e-10,0.0025,0.2625
0.0005,-0.55,orbital,1.566046213513314,0.04701027302414171,33.312850846645475,-0.9978042118044439,176.20237258854752,2,0.005419942692138652,central,central,central,,18,1.566046213513314e-10,0.0025,0.2625
0.0005,-0.55,photon_geometry,1.8041005469581808,0.1606881371387884,11.227341228058147,-0.981209781613151,168.87536067211616,2,0.0840405930337846,central,central,central,,27,1.804100546958181e-10,0.0025,0.2625
0.0005,-0.55,redshift,0.810203343180582,0.09624110942697056,8.418474683060241,-0.9681710711045343,165.50536274739008,2,0.006080080134612635,central,central,central,,9,8.10203343180582e-11,0.0025,0.2625
0.0005,-0.55,timing,1.9586626276162227,0.33824895808202,5.79059471083804,-0.8735051726722665,150.86855396500582,2,0.438926911001769,central,central,central,,17,1.9586626276162228e-10,0.0025,0.2625
0.0005,-0.55,all_shooting,3.174653842913888,0.5228255944021881,6.072108704899703,-0.9260835179514285,157.83231151035457,2,2.7549037816910364,central,central,central,,71,3.174653842913888e-10,0.0025,0.2625
0.0005,-0.55,ringdown_only,1.7808861633781796,0.09685531540368661,18.387077218793443,-0.8715154337683834,150.63522307214737,2,0.02975221055005846,central,central,central,,4,1.7808861633781796e-10,0.0025,0.2625
0.0005,-0.55,ringdown_plus_photon_geometry,2.463399276406816,0.6270565723952808,3.9285120112798224,-0.755413638006596,139.06152568067841,2,2.386069379379785,central,central,central,,31,2.463399276406816e-10,0.0025,0.2625
0.0005,-0.55,ringdown_plus_all_shooting,3.5902036208829444,0.8019651265003443,4.476757781912607,-0.8356419845731267,146.68274530550937,2,8.289896873030399,central,central,central,,75,3.5902036208829445e-10,0.0025,0.2625
0.0005,-0.525,orbital,1.1734158253352875,0.04333648696654364,27.07685618913182,-0.9967135878949621,175.35358868826287,2,0.002585897388410571,central,central,central,,18,1.1734158253352876e-10,0.0025,0.2625
0.0005,-0.525,photon_geometry,1.3457767938060772,0.12743048524101597,10.560870040326213,-0.9788943425372278,168.20755430266107,2,0.029409845571398717,central,central,central,,27,1.3457767938060772e-10,0.0025,0.2625
0.0005,-0.525,redshift,0.5922659179630384,0.08545100259291051,6.931058735315249,-0.9533872634303159,162.43729097639502,2,0.00256134340335529,central,central,central,,9,5.922659179630384e-11,0.0025,0.2625
0.0005,-0.525,timing,1.6618555270714555,0.26702546830019386,6.223584355643461,-0.8839824469081056,152.12655981558152,2,0.1969209410076933,central,central,central,,17,1.6618555270714555e-10,0.0025,0.2625
0.0005,-0.525,all_shooting,2.492469103002062,0.42997838683977646,5.796731136467179,-0.9159440429553404,156.3401513813565,2,1.1485577032272376,central,central,central,,71,2.492469103002062e-10,0.0025,0.2625
0.0005,-0.525,ringdown_only,1.6995138505418312,0.08713785908816239,19.50373658850552,-0.8869183152260839,152.48852217783323,2,0.021931239998071294,central,central,central,,4,1.6995138505418313e-10,0.0025,0.2625
0.0005,-0.525,ringdown_plus_photon_geometry,2.109885550067677,0.5212264456081758,4.047924981254217,-0.709042693059129,135.1570794917133,2,1.2094019948886678,central,central,central,,31,2.109885550067677e-10,0.0025,0.2625
0.0005,-0.525,ringdown_plus_all_shooting,2.971925750520002,0.6788823982365089,4.377673892031949,-0.804253099036774,143.53818451401287,2,4.0706616641649465,central,central,central,,75,2.971925750520002e-10,0.0025,0.2625
0.0005,-0.5,orbital,0.8740670883456044,0.04018808050075179,21.74941120487836,-0.9949612904050016,174.2458680024803,2,0.0012339116446119097,central,central,central,,18,8.740670883456044e-11,0.0025,0.2625
0.0005,-0.5,photon_geometry,1.000143132680164,0.10448686790152871,9.57195055002248,-0.9745050145411539,167.03441692657424,2,0.01092063109120204,central,central,central,,27,1.0001431326801641e-10,0.0025,0.2625
0.0005,-0.5,redshift,0.4334804420428358,0.07692933382516474,5.63478741448607,-0.9298085419155991,158.40498982500603,2,0.0011120465278549561,central,central,central,,9,4.334804420428358e-11,0.0025,0.2625
0.0005,-0.5,timing,1.4149642256561963,0.211910752926042,6.677170488606713,-0.8940107969573683,153.3816511309204,2,0.08990770432794704,central,central,central,,17,1.4149642256561963e-10,0.0025,0.2625
0.0005,-0.5,all_shooting,1.973083796053796,0.35299550285146636,5.589543719722773,-0.9053698226849647,154.87313810127472,2,0.4850979116171835,central,central,central,,71,1.973083796053796e-10,0.0025,0.2625
0.0005,-0.5,ringdown_only,1.620464805205469,0.07857186705029921,20.623982425772052,-0.9001405098160818,154.17654277528183,2,0.01621113238313478,central,central,central,,4,1.6204648052054691e-10,0.0025,0.2625
0.0005,-0.5,ringdown_plus_photon_geometry,1.8617376969405428,0.42097061940598157,4.422488437714685,-0.6749930738058657,132.45361234799984,2,0.6142434836741929,central,central,central,,31,1.8617376969405428e-10,0.0025,0.2625
0.0005,-0.5,ringdown_plus_all_shooting,2.515717157790334,0.5664913030966257,4.440875162669941,-0.775078077923299,140.8121119235185,2,2.031000906571901,central,central,central,,75,2.515717157790334e-10,0.0025,0.2625
0.0005,-0.475,orbital,0.6476105184191115,0.03709894489961035,17.45630556803014,-0.9922336508331393,172.8545832963166,2,0.0005772326718752132,central,central,central,,18,6.476105184191116e-11,0.0025,0.2625
0.0005,-0.475,photon_geometry,0.7408237800649586,0.08734266200250891,8.481809039020114,-0.9676989374735632,165.39767420159012,2,0.004186804451198862,central,central,central,,27,7.408237800649587e-11,0.0025,0.2625
0.0005,-0.475,redshift,0.31887114055139776,0.06915156222543013,4.611192145043609,-0.8944480145156019,153.43761679888493,2,0.0004862217947234854,central,central,central,,9,3.1887114055139776e-11,0.0025,0.2625
0.0005,-0.475,timing,1.208357594823878,0.1679567295631155,7.194457750916115,-0.904593144158362,154.76854204572322,2,0.041189428970590906,central,central,central,,17,1.208357594823878e-10,0.0025,0.2625
0.0005,-0.475,all_shooting,1.5779786208051056,0.2863670443434809,5.510335955112245,-0.8965811812044595,153.71225536057926,2,0.20419650474762363,central,central,central,,71,1.5779786208051058e-10,0.0025,0.2625
0.0005,-0.475,ringdown_only,1.543781614634727,0.07096335306757949,21.75463176274323,-0.9115688479964213,155.72306303715214,2,0.012001623127168492,central,central,central,,4,1.543781614634727e-10,0.0025,0.2625
0.0005,-0.475,ringdown_plus_photon_geometry,1.6838721005218227,0.33063701239038423,5.092811867455629,-0.6616275752971809,131.42411937053754,2,0.3099710530682708,central,central,central,,31,1.6838721005218228e-10,0.0025,0.2625
0.0005,-0.475,ringdown_plus_all_shooting,2.1783485330982586,0.46380788190312844,4.696661307608463,-0.7534302607204947,138.88839780991344,2,1.0207772551217442,central,central,central,,75,2.1783485330982586e-10,0.0025,0.2625
0.0005,-0.45,orbital,0.5009546313423797,0.038918716021647884,12.871818049283334,-0.987049037072969,170.76879303163568,2,0.0003801139426136572,central,one_sided_backward,one_sided,,18,5.0095463134237977e-11,0.0025,0.2625
0.0005,-0.45,photon_geometry,0.5733612670739904,0.0865951096436501,6.621173752576156,-0.9519916031743614,162.17419251493257,2,0.0024651504815974374,central,one_sided_backward,one_sided,,27,5.733612670739904e-11,0.0025,0.2625
0.0005,-0.45,redshift,0.24770966130809108,0.07095366318242724,3.4911469006358526,-0.8327561384296179,146.38290985641493,2,0.0003089125376476212,central,one_sided_backward,one_sided,,9,2.477096613080911e-11,0.0025,0.2625
0.0005,-0.45,timing,1.0416840935301426,0.15749584340348405,6.614041812274894,-0.8973491108430487,153.81177826351242,2,0.026915983788153203,central,one_sided_backward,one_sided,,17,1.0416840935301426e-10,0.0025,0.2625
0.0005,-0.45,all_shooting,1.3001295222835418,0.27327729512214005,4.757546804985957,-0.8724841252263645,150.74860676365222,2,0.12623516174671742,central,one_sided_backward,one_sided,,71,1.300129522283542e-10,0.0025,0.2625
0.0005,-0.45,ringdown_only,1.4697040822378649,0.06896557436578646,21.310691540720047,-0.9127570199960583,155.88917579957288,2,0.010273644079290543,central,one_sided_backward,one_sided,,4,1.469704082237865e-10,0.0025,0.2625
0.0005,-0.45,ringdown_plus_photon_geometry,1.5532350985133814,0.2974708794743805,5.221469413267905,-0.6360796042369701,129.5001027638075,2,0.2134830045473231,central,one_sided_backward,one_sided,,31,1.5532350985133815e-10,0.0025,0.2625
0.0005,-0.45,ringdown_plus_all_shooting,1.9342077047296284,0.43433184260573743,4.45329472765688,-0.7156911756568944,135.6998721829145,2,0.7057478416574503,central,one_sided_backward,one_sided,,75,1.9342077047296286e-10,0.0025,0.2625
0.00075,-0.7125,orbital,7.85158507407697,0.5676186498219228,13.832500176906139,-0.9889321783790573,171.46762216507585,2,19.8622294285431,central,one_sided_forward,one_sided,,18,7.851585074076971e-10,0.0025,0.2625
0.00075,-0.7125,photon_geometry,11.007895040346337,1.1087980928707661,9.92777234297547,-0.9796824845476357,168.43059566325317,2,148.97503647947724,central,one_sided_forward,one_sided,,27,1.1007895040346337e-09,0.0025,0.2625
0.00075,-0.7125,redshift,6.341928438420172,0.16997127389177064,37.311766236796,-0.9985271991230861,176.88998155960655,2,1.161966836445827,central,one_sided_forward,one_sided,,9,6.341928438420173e-10,0.0025,0.2625
0.00075,-0.7125,timing,6.825778707054134,1.978159905394974,3.4505697382898113,-0.838620630929903,146.99474701940574,2,182.31701371675686,central,one_sided_forward,one_sided,,17,6.825778707054134e-10,0.0025,0.2625
0.00075,-0.7125,all_shooting,16.412851850825774,2.396743161240067,6.847981092114108,-0.9571122619402428,163.1589676279907,2,1547.4302858354106,central,one_sided_forward,one_sided,,71,1.6412851850825774e-09,0.0025,0.2625
0.00075,-0.7125,ringdown_only,2.3781382263626316,0.27655679595189137,8.599095235310443,-0.7436598728363636,138.04412093385002,2,0.43255651521043975,central,one_sided_forward,one_sided,,4,2.3781382263626317e-10,0.0025,0.2625
0.00075,-0.7125,ringdown_plus_photon_geometry,11.185377667087518,1.738544782204205,6.433758728323463,-0.951813269583964,162.14084485397657,2,378.1578050643791,central,one_sided_forward,one_sided,,31,1.1185377667087519e-09,0.0025,0.2625
0.00075,-0.7125,ringdown_plus_all_shooting,16.53614381675077,2.7228764964492336,6.073042181059157,-0.9454589205997699,160.9895042843719,2,2027.3296302849044,central,one_sided_forward,one_sided,,75,1.653614381675077e-09,0.0025,0.2625
0.00075,-0.69,orbital,6.780615494034553,0.13334869491249124,50.848757826120945,-0.9992101534266777,177.7226090575824,2,0.8175527327940021,central,central,central,,18,6.780615494034553e-10,0.0025,0.2625
0.00075,-0.69,photon_geometry,9.143857237533199,1.0980185283348018,8.32759830692502,-0.9715680970966398,166.3045916861506,2,100.8041033341173,central,central,central,,27,9.1438572375332e-10,0.0025,0.2625
0.00075,-0.69,redshift,5.146667257113505,0.3330752947629702,15.451963378959343,-0.991657168408804,172.5937772673457,2,2.9385766544513747,central,central,central,,9,5.146667257113504e-10,0.0025,0.2625
0.00075,-0.69,timing,5.7160454293226115,1.970197243443631,2.901255419143597,-0.7827281478091824,141.51104521600465,2,126.82671909157868,central,central,central,,17,5.716045429322612e-10,0.0025,0.2625
0.00075,-0.69,all_shooting,13.727640076312882,2.3486531655649014,5.844898803102369,-0.9429181578931252,160.54754376898703,2,1039.5120860431628,central,central,central,,71,1.3727640076312883e-09,0.0025,0.2625
0.00075,-0.69,ringdown_only,2.2904121239120494,0.26825307072573384,8.538251277853227,-0.7436698550719167,138.04497642371422,2,0.377499753123391,central,central,central,,4,2.2904121239120496e-10,0.0025,0.2625
0.00075,-0.69,ringdown_plus_photon_geometry,9.327640464618703,1.7688529161803346,5.273270818220903,-0.9304125702296385,158.499218706128,2,272.2243938205603,central,central,central,,31,9.327640464618704e-10,0.0025,0.2625
0.00075,-0.69,ringdown_plus_all_shooting,13.85558795895067,2.7027584938369746,5.126461720699494,-0.9261677881523466,157.84511143886178,2,1402.3757752953381,central,central,central,,75,1.385558795895067e-09,0.0025,0.2625
0.00075,-0.6666666666666666,orbital,5.637473029669446,0.11020497599308711,51.154432718383525,-0.999222488345749,177.74046419791455,2,0.385985831281876,central,central,central,,18,5.637473029669447e-10,0.0025,0.2625
0.00075,-0.6666666666666666,photon_geometry,7.194934340718049,0.8283042172037626,8.686342760643095,-0.9738314037162772,166.86350534012985,2,35.51676609096265,central,central,central,,27,7.19493434071805e-10,0.0025,0.2625
0.00075,-0.6666666666666666,redshift,3.9015783764583403,0.27457868300773813,14.209327299994321,-0.9901424184245736,171.9484364637189,2,1.1476628045860122,central,central,central,,9,3.90157837645834e-10,0.0025,0.2625
0.00075,-0.6666666666666666,timing,4.7242400077047,1.530536533203687,3.0866561530655003,-0.7970216200483997,142.84662190526797,2,52.281893399362566,central,central,central,,17,4.7242400077047e-10,0.0025,0.2625
0.00075,-0.6666666666666666,all_shooting,10.989362130707379,1.8544617308853928,5.9259039686198465,-0.9441587327651486,160.76211873850545,2,415.3179683039099,central,central,central,,71,1.098936213070738e-09,0.0025,0.2625
0.00075,-0.6666666666666666,ringdown_only,2.201979816850573,0.2411974421802681,9.129366368673345,-0.7696038348567884,140.31832688808376,2,0.282079849850974,central,central,central,,4,2.2019798168505733e-10,0.0025,0.2625
0.00075,-0.6666666666666666,ringdown_plus_photon_geometry,7.4164349495925554,1.5351065115734106,4.831218481374993,-0.9170184910664111,156.49402565872552,2,129.61862538298308,central,central,central,,31,7.416434949592556e-10,0.0025,0.2625
0.00075,-0.6666666666666666,ringdown_plus_all_shooting,11.140847008005053,2.234620239615744,4.985566142514124,-0.9214245685803804,157.13524073949267,2,619.7890177793942,central,central,central,,75,1.1140847008005055e-09,0.0025,0.2625
0.00075,-0.64,orbital,4.481803437852099,0.09418751128371704,47.58383969135518,-0.9991057889328434,177.57679577011135,2,0.17819366249891083,central,central,central,,18,4.481803437852099e-10,0.0025,0.2625
0.00075,-0.64,photon_geometry,5.492535126497505,0.5933471880544992,9.256865520011555,-0.9769057228210042,167.6624425367625,2,10.620952417182021,central,central,central,,27,5.492535126497505e-10,0.0025,0.2625
0.00075,-0.64,redshift,2.8489590639022384,0.22171603323916284,12.849585220700279,-0.9879598857723193,171.10000740793154,2,0.39899423243788357,central,central,central,,9,2.8489590639022387e-10,0.0025,0.2625
0.00075,-0.64,timing,3.885698333241271,1.1537561068336197,3.3678680530716516,-0.8174210831530272,144.8274613379744,2,20.098617615406827,central,central,central,,17,3.8856983332412714e-10,0.0025,0.2625
0.00075,-0.64,all_shooting,8.551581012443012,1.4427158313492896,5.927418848967095,-0.943918771744268,160.7204349268655,2,152.21393856728216,central,central,central,,71,8.551581012443013e-10,0.0025,0.2625
0.00075,-0.64,ringdown_only,2.1036556124260795,0.2140074474368185,9.829824324441525,-0.7971353809379345,142.85741554852467,2,0.20267821030258826,central,central,central,,4,2.1036556124260795e-10,0.0025,0.2625
0.00075,-0.64,ringdown_plus_photon_geometry,5.762393089038645,1.336411243603919,4.311841221493407,-0.8954949513857074,153.57207567406192,2,59.304275338724274,central,central,central,,31,5.762393089038645e-10,0.0025,0.2625
0.00075,-0.64,ringdown_plus_all_shooting,8.732848873343952,1.8491845394625104,4.722540496624673,-0.9118322509933948,155.75979587898286,2,260.77886846709396,central,central,central,,75,8.732848873343953e-10,0.0025,0.2625
0.00075,-0.61,orbital,3.375000078491163,0.07932395441644616,42.547047777933614,-0.9988869624688186,177.29645984115155,2,0.0716731162019988,central,central,central,,18,3.375000078491163e-10,0.0025,0.2625
0.00075,-0.61,photon_geometry,4.020647764985054,0.40618229569287095,9.898628787171981,-0.9797710864652399,168.45593539856353,2,2.667067671372229,central,central,central,,27,4.0206477649850543e-10,0.0025,0.2625
0.00075,-0.61,redshift,1.9931068030042942,0.17641817597820506,11.297627310524543,-0.9844483557812016,169.88210354196673,2,0.1236368119652685,central,central,central,,9,1.9931068030042943e-10,0.0025,0.2625
0.00075,-0.61,timing,3.146183972646654,0.8484963494516193,3.7079522789697603,-0.8385954983511722,146.9921035506035,2,7.126367011777983,central,central,central,,17,3.146183972646654e-10,0.0025,0.2625
0.00075,-0.61,all_shooting,6.412216423850748,1.1104092067525717,5.77464270366011,-0.9407049809267177,160.170287755413,2,50.69702236884325,central,central,central,,71,6.412216423850748e-10,0.0025,0.2625
0.00075,-0.61,ringdown_only,1.996297073471365,0.18737531749861389,10.654002352717201,-0.8252511517205469,145.61396252357025,2,0.13991848810252017,central,central,central,,4,1.996297073471365e-10,0.0025,0.2625
0.00075,-0.61,ringdown_plus_photon_geometry,4.357742498191802,1.1666123357931535,3.7353818097843705,-0.8593282957827224,149.2412474340045,2,25.844983341532163,central,central,central,,31,4.357742498191802e-10,0.0025,0.2625
0.00075,-0.61,ringdown_plus_all_shooting,6.634154410825901,1.5355242887103524,4.320449021615775,-0.8937011611664797,153.3420823512396,2,103.7730382236389,central,central,central,,75,6.634154410825901e-10,0.0025,0.2625
0.00075,-0.58,orbital,2.485493475217201,0.06877412852192161,36.139948678883734,-0.9984630576392975,176.82296455554265,2,0.029219679402915342,central,central,central,,18,2.4854934752172013e-10,0.0025,0.2625
0.00075,-0.58,photon_geometry,2.9090752132832907,0.2838339519684104,10.249215053761642,-0.9811250499010914,168.8502271507978,2,0.6817711007656739,central,central,central,,27,2.9090752132832907e-10,0.0025,0.2625
0.00075,-0.58,redshift,1.3860843752909522,0.14449382301204738,9.592689475559002,-0.9784794881091384,168.09180676198946,2,0.040112330914645326,central,central,central,,9,1.3860843752909522e-10,0.0025,0.2625
0.00075,-0.58,timing,2.5582403277036376,0.6323852988309008,4.045382352235403,-0.8559643210188062,148.86643264655555,2,2.617256048451428,central,central,central,,17,2.5582403277036375e-10,0.0025,0.2625
0.00075,-0.58,all_shooting,4.780300192089342,0.8723710100766028,5.47966419891645,-0.9339455606906343,159.05845525646137,2,17.39052889887813,central,central,central,,71,4.780300192089342e-10,0.0025,0.2625
0.00075,-0.58,ringdown_only,1.8922435229200802,0.16436319077605893,11.51257476802223,-0.8500300763106449,148.2149407984476,2,0.09673044415136754,central,central,central,,4,1.8922435229200804e-10,0.0025,0.2625
0.00075,-0.58,ringdown_plus_photon_geometry,3.3330624075148005,1.0205763591990338,3.2658628406115993,-0.8095698262436024,144.05392354798155,2,11.571186643571156,central,central,central,,31,3.3330624075148005e-10,0.0025,0.2625
0.00075,-0.58,ringdown_plus_all_shooting,5.053340819239395,1.2975548076422356,3.894510497342099,-0.8668193731568373,150.0911076902649,2,42.994074251653515,central,central,central,,75,5.053340819239395e-10,0.0025,0.2625
0.00075,-0.55,orbital,1.7969515403739067,0.06122060164434193,29.352072539456703,-0.9976760091181462,176.09303982780847,2,0.012102300083328266,central,central,central,,18,1.7969515403739067e-10,0.0025,0.2625
0.00075,-0.55,photon_geometry,2.0797705041150856,0.20565338249896545,10.112989530456899,-0.9806253708318337,168.7031327624208,2,0.1829374172146443,central,central,central,,27,2.0797705041150856e-10,0.0025,0.2625
0.00075,-0.55,redshift,0.957111306843302,0.12207185159089556,7.840556970094209,-0.9679353574491752,165.4515015376904,2,0.013650732542274087,central,central,central,,9,9.571113068433021e-11,0.0025,0.2625
0.00075,-0.55,timing,2.08828586873552,0.47526568645478107,4.393933600199452,-0.870963285522833,150.57077315960066,2,0.9850376246710767,central,central,central,,17,2.08828586873552e-10,0.0025,0.2625
0.00075,-0.55,all_shooting,3.555011823555571,0.6929583907697865,5.13019521937878,-0.9241979442716551,157.54772093830056,2,6.068710417818065,central,central,central,,71,3.5550118235555716e-10,0.0025,0.2625
0.00075,-0.55,ringdown_only,1.791454399528069,0.14442591262516674,12.403968006610341,-0.8715154337683548,150.63522307214404,2,0.06694247373769809,central,central,central,,4,1.791454399528069e-10,0.0025,0.2625
0.00075,-0.55,ringdown_plus_photon_geometry,2.6149366068296045,0.8717871962864262,2.999512516321088,-0.7520247210570168,138.76607117554343,2,5.1968873434384495,central,central,central,,31,2.6149366068296044e-10,0.0025,0.2625
0.00075,-0.55,ringdown_plus_all_shooting,3.8918282410807667,1.0964219300572364,3.549571688043126,-0.8328716080010645,146.39486158968955,2,18.208021493704095,central,central,central,,75,3.891828241080767e-10,0.0025,0.2625
0.00075,-0.525,orbital,1.3557964098452242,0.05609606749441709,24.16918815173913,-0.9965780526182487,175.25869148026985,2,0.005784339739319507,central,central,central,,18,1.3557964098452242e-10,0.0025,0.2625
0.00075,-0.525,photon_geometry,1.560282902907878,0.16281969518160935,9.582887998700254,-0.9784514221927471,168.0840161818741,2,0.06453875362330107,central,central,central,,27,1.560282902907878e-10,0.0025,0.2625
0.00075,-0.525,redshift,0.7000148709949474,0.10834912462827581,6.460733978207563,-0.9531225496658635,162.38709694165493,2,0.005752615488322137,central,central,central,,9,7.000148709949475e-11,0.0025,0.2625
0.00075,-0.525,timing,1.7694245771451118,0.3763286967189256,4.701806140674595,-0.8824059756134062,151.93397087651624,2,0.4434031595878915,central,central,central,,17,1.769424577145112e-10,0.0025,0.2625
0.00075,-0.525,all_shooting,2.7834870044918194,0.5733853280381958,4.8544789487644495,-0.9145458481479833,156.14131358419607,2,2.547249864553183,central,central,central,,71,2.7834870044918195e-10,0.0025,0.2625
0.00075,-0.525,ringdown_only,1.7099668252904845,0.1299077820428119,13.16292833578634,-0.8869183152261453,152.48852217784085,2,0.04934528999563102,central,central,central,,4,1.7099668252904845e-10,0.0025,0.2625
0.00075,-0.525,ringdown_plus_photon_geometry,2.2032442613387375,0.7399799257769692,2.9774378798524297,-0.7071116205960282,135.0003921312803,2,2.6580623985252068,central,central,central,,31,2.2032442613387376e-10,0.0025,0.2625
0.00075,-0.525,ringdown_plus_all_shooting,3.182482512436098,0.9429943117813798,3.3748692570840366,-0.802407648034084,143.3606347994224,2,9.006378569196107,central,central,central,,75,3.182482512436098e-10,0.0025,0.2625
0.00075,-0.5,orbital,1.0154101097144543,0.05177961930287986,19.610227409647635,-0.9948103121784051,174.16022321377918,2,0.002764398650151963,central,central,central,,18,1.0154101097144544e-10,0.0025,0.2625
0.00075,-0.5,photon_geometry,1.1648411887145638,0.1333187325299806,8.737265698596522,-0.9741391043565972,166.94130383017614,2,0.024116583886265013,central,central,central,,27,1.164841188714564e-10,0.0025,0.2625
0.00075,-0.5,redshift,0.5115254819207316,0.09775158480704545,5.2329124170257275,-0.9294415435571891,158.347928535852,2,0.002500242658581953,central,central,central,,9,5.115254819207316e-11,0.0025,0.2625
0.00075,-0.5,timing,1.5042339360482693,0.29934771040237124,5.0250390558402405,-0.8930323757090467,153.25680252471582,2,0.2027601697111733,central,central,central,,17,1.5042339360482694e-10,0.0025,0.2625
0.00075,-0.5,all_shooting,2.1925010051688356,0.4741830012320268,4.6237444182357,-0.9043658832714437,154.73801315748233,2,1.0808652750332595,central,central,central,,71,2.1925010051688358e-10,0.0025,0.2625
0.00075,-0.5,ringdown_only,1.6307825452751339,0.11711213024982099,13.924966967951013,-0.9001405098161667,154.17654277529297,2,0.03647504786203662,central,central,central,,4,1.630782545275134e-10,0.0025,0.2625
0.00075,-0.5,ringdown_plus_photon_geometry,1.9179187540339555,0.6077692763869298,3.1556691470743794,-0.6742327249656374,132.39459520177,2,1.3587448026336473,central,central,central,,31,1.9179187540339556e-10,0.0025,0.2625
0.00075,-0.5,ringdown_plus_all_shooting,2.6581745674032033,0.7994905293749607,3.3248355918379127,-0.7740027727424585,140.71470779436825,2,4.516412950643249,central,central,central,,75,2.6581745674032034e-10,0.0025,0.2625
0.00075,-0.475,orbital,0.7550332205998777,0.047648584132493316,15.845868966439925,-0.9920648145960052,172.77723022336534,2,0.0012942915666906073,central,central,central,,18,7.550332205998777e-11,0.0025,0.2625
0.00075,-0.475,photon_geometry,0.8652097722164602,0.11141324426663175,7.765771277119074,-0.9673771935834297,165.32473088771252,2,0.009292155596778408,central,central,central,,27,8.652097722164602e-11,0.0025,0.2625
0.00075,-0.475,redshift,0.37387998615971607,0.0884675863474256,4.226180475766941,-0.8939467090044589,153.37345677107737,2,0.0010940389728858635,central,central,central,,9,3.738799861597161e-11,0.0025,0.2625
0.00075,-0.475,timing,1.2827064643395205,0.2376598345212182,5.397237050693144,-0.9040132044095005,154.69070449178076,2,0.09293218485607564,central,central,central,,17,1.2827064643395207e-10,0.0025,0.2625
0.00075,-0.475,all_shooting,1.7413359581147798,0.38797721863607715,4.488242800019024,-0.895918467236947,153.62664879102962,2,0.4564335787693136,central,central,central,,71,1.74133595811478e-10,0.0025,0.2625
0.00075,-0.475,ringdown_only,1.5539460345314362,0.10574876862904703,14.694696256771342,-0.9115688479965807,155.72306303717437,2,0.0270036520360788,central,central,central,,4,1.5539460345314362e-10,0.0025,0.2625
0.00075,-0.475,ringdown_plus_photon_geometry,1.7186283166138927,0.4829582285998533,3.558544434777262,-0.6616457704248073,131.42550970107237,2,0.6889426417660759,central,central,central,,31,1.7186283166138927e-10,0.0025,0.2625
0.00075,-0.475,ringdown_plus_all_shooting,2.2732976557935336,0.6639473545924125,3.4239125136496367,-0.7529435695082056,138.8460063878653,2,2.2781373161368617,central,central,central,,75,2.2732976557935336e-10,0.0025,0.2625
0.00075,-0.45,orbital,0.6013870493632374,0.04863634068327036,12.364973205521174,-0.9867899894245699,170.6767257126912,2,0.0008555195273368397,central,one_sided_backward,one_sided,,18,6.013870493632375e-11,0.0025,0.2625
0.00075,-0.45,photon_geometry,0.6892571264724914,0.10736785263023921,6.419585654247948,-0.9517358313076081,162.1263829532243,2,0.005476600538221135,central,one_sided_backward,one_sided,,27,6.892571264724914e-11,0.0025,0.2625
0.00075,-0.45,redshift,0.29608817261962683,0.0891044864853619,3.322932259626099,-0.8318960302011733,146.29400163182564,2,0.0006960513219657375,central,one_sided_backward,one_sided,,9,2.960881726196268e-11,0.0025,0.2625
0.00075,-0.45,timing,1.1131526220089525,0.22141051160157937,5.027550923201119,-0.8968675267075255,153.74932445954963,2,0.060744351242418386,central,one_sided_backward,one_sided,,17,1.1131526220089525e-10,0.0025,0.2625
0.00075,-0.45,all_shooting,1.4490765159741346,0.36681270399321836,3.950453460851032,-0.872017408525202,150.69392846549746,2,0.2825344262240647,central,one_sided_backward,one_sided,,71,1.4490765159741345e-10,0.0025,0.2625
0.00075,-0.45,ringdown_only,1.4799531546700957,0.10273195390627436,14.405967164026727,-0.9127570199957817,155.88917579953412,2,0.023115699178434274,central,one_sided_backward,one_sided,,4,1.4799531546700957e-10,0.0025,0.2625
0.00075,-0.45,ringdown_plus_photon_geometry,1.5801902009146598,0.4363683827641531,3.6212298217048318,-0.6365969674060914,129.53852944070672,2,0.47547236554377875,central,one_sided_backward,one_sided,,31,1.5801902009146598e-10,0.0025,0.2625
0.00075,-0.45,ringdown_plus_all_shooting,2.011269957336406,0.6244859182126822,3.220681041283984,-0.7155816278550894,135.6908859706074,2,1.5775605324903634,central,one_sided_backward,one_sided,,75,2.011269957336406e-10,0.0025,0.2625
0.001,-0.7125,orbital,9.145181789311348,1.3641428101700368,6.703976827889028,-0.9564107042654624,163.02077489861878,2,155.63395805194287,central,one_sided_forward,one_sided,,18,9.145181789311348e-10,0.0025,0.2625
0.001,-0.7125,photon_geometry,12.958497160852342,1.8208403219038023,7.116767464432809,-0.9606015745813246,163.86335101892757,2,556.7407370748778,central,one_sided_forward,one_sided,,27,1.2958497160852344e-09,0.0025,0.2625
0.001,-0.7125,redshift,7.479042220321305,0.24258204851925494,30.830979728195576,-0.997868685700507,176.25856207104928,2,3.2916169358568457,central,one_sided_forward,one_sided,,9,7.479042220321305e-10,0.0025,0.2625
0.001,-0.7125,timing,8.386566158811025,2.4823094383410194,3.3785337272116838,-0.8386900616690204,147.00205078739918,2,433.39130286824536,central,one_sided_forward,one_sided,,17,8.386566158811025e-10,0.0025,0.2625
0.001,-0.7125,all_shooting,19.42616315162713,3.4422085331291785,5.643517225833949,-0.9387810498483748,159.84784701447487,2,4471.450397922426,central,one_sided_forward,one_sided,,71,1.942616315162713e-09,0.0025,0.2625
0.001,-0.7125,ringdown_only,2.3944366912772153,0.36623243683163376,6.538024627179591,-0.7436598728359115,138.04412093381129,2,0.7689893603754798,central,one_sided_forward,one_sided,,4,2.394436691277215e-10,0.0025,0.2625
0.001,-0.7125,ringdown_plus_photon_geometry,13.096339209608622,2.3646269724586557,5.5384377164536485,-0.9362542031320367,159.43172404892016,2,959.0143567595084,central,one_sided_forward,one_sided,,31,1.3096339209608624e-09,0.0025,0.2625
0.001,-0.7125,ringdown_plus_all_shooting,19.521741556558556,3.7408119766221897,5.2185840075784675,-0.9289105958831096,158.26562866470815,2,5332.966772333963,central,one_sided_forward,one_sided,,75,1.9521741556558557e-09,0.0025,0.2625
0.001,-0.69,orbital,7.447387787797655,0.2310096966169089,32.23842071074578,-0.9980331200845869,176.40583705430336,2,2.959840824847482,central,central,central,,18,7.447387787797655e-10,0.0025,0.2625
0.001,-0.69,photon_geometry,10.41062479034612,1.2242672414142308,8.503555790907326,-0.9697316749433292,165.8670311364391,2,162.4448870643808,central,central,central,,27,1.041062479034612e-09,0.0025,0.2625
0.001,-0.69,redshift,6.094052135570653,0.3641491589819249,16.735043828216394,-0.9922742464758738,172.87330691949518,2,4.924599915027183,central,central,central,,9,6.094052135570654e-10,0.0025,0.2625
0.001,-0.69,timing,6.598828763709783,2.3108821968736253,2.855545285967968,-0.7738030701738169,140.6966404678488,2,232.53553604498774,central,central,central,,17,6.598828763709783e-10,0.0025,0.2625
0.001,-0.69,all_shooting,15.627709663595256,2.7067274405711395,5.773654720217302,-0.9379223658478847,159.70552182594685,2,1789.285819047759,central,central,central,,71,1.5627709663595258e-09,0.0025,0.2625
0.001,-0.69,ringdown_only,2.306346854889129,0.3551995856793694,6.493101196832521,-0.7436698550717784,138.04497642370237,2,0.6711106722200042,central,central,central,,4,2.306346854889129e-10,0.0025,0.2625
0.001,-0.69,ringdown_plus_photon_geometry,10.547513914099138,2.018735147655083,5.224813134279101,-0.9242062420328514,157.54896582439773,2,453.3763929166328,central,central,central,,31,1.054751391409914e-09,0.0025,0.2625
0.001,-0.69,ringdown_plus_all_shooting,15.723381578389246,3.126076945352239,5.029748740435298,-0.9198955906071656,156.91082276594912,2,2415.96832065733,central,central,central,,75,1.5723381578389245e-09,0.0025,0.2625
0.001,-0.6666666666666666,orbital,6.065816218187435,0.1655067247300592,36.64996832050635,-0.9984758797076823,176.83624803360394,2,1.0078822216129417,central,central,central,,18,6.065816218187435e-10,0.0025,0.2625
0.001,-0.6666666666666666,photon_geometry,7.994542704671545,0.9429685340281048,8.478058828242164,-0.9702205129490289,165.98219787920422,2,56.83052334769841,central,central,central,,27,7.994542704671546e-10,0.0025,0.2625
0.001,-0.6666666666666666,redshift,4.577365394241442,0.3083643243355546,14.84401739437427,-0.9901889038011488,171.9674744973196,2,1.9923214860064922,central,central,central,,9,4.5773653942414416e-10,0.0025,0.2625
0.001,-0.6666666666666666,timing,5.1820195929013355,1.8304025323017756,2.8310819622746153,-0.777336403647365,141.01734183994452,2,89.96867349988372,central,central,central,,17,5.182019592901335e-10,0.0025,0.2625
0.001,-0.6666666666666666,all_shooting,12.175620563431039,2.151452643561577,5.659255666104351,-0.9367028256279127,159.50501286022134,2,686.1922252884755,central,central,central,,71,1.217562056343104e-09,0.0025,0.2625
0.001,-0.6666666666666666,ringdown_only,2.217641667880374,0.31932534893526765,6.944771767336033,-0.7696038348567565,140.3183268880809,2,0.5014752886240176,central,central,central,,4,2.2176416678803742e-10,0.0025,0.2625
0.001,-0.6666666666666666,ringdown_plus_photon_geometry,8.166242394222875,1.770392927395807,4.6126722875215975,-0.9065429239465934,155.03189734431623,2,209.01808540646917,central,central,central,,31,8.166242394222875e-10,0.0025,0.2625
0.001,-0.6666666666666666,ringdown_plus_all_shooting,12.293784800518877,2.5994697740608164,4.7293432388382355,-0.9117447558795798,155.74758845783023,2,1021.2704292683269,central,central,central,,75,1.2293784800518878e-09,0.0025,0.2625
0.001,-0.64,orbital,4.9072937070652065,0.12700445700117047,38.638751922068224,-0.9986210486989794,176.99072405725488,2,0.38843828466296637,central,central,central,,18,4.907293707065207e-10,0.0025,0.2625
0.001,-0.64,photon_geometry,6.132149643632337,0.6808834042646168,9.006166996029696,-0.9739164274569397,166.8849572575332,2,17.432954100016534,central,central,central,,27,6.132149643632337e-10,0.0025,0.2625
0.001,-0.64,redshift,3.341231734461439,0.25178750234831443,13.270045984408274,-0.9876848480174534,170.99872089658143,2,0.7077526999608243,central,central,central,,9,3.341231734461439e-10,0.0025,0.2625
0.001,-0.64,timing,4.21316621752848,1.3944967906095,3.0212806841147404,-0.8021003078396413,143.3311376430444,2,34.51852459250681,central,central,central,,17,4.21316621752848e-10,0.0025,0.2625
0.001,-0.64,all_shooting,9.501534935546125,1.6757011414491614,5.670184677041584,-0.9377219653665678,159.67244325223714,2,253.50157971758625,central,central,central,,71,9.501534935546125e-10,0.0025,0.2625
0.001,-0.64,ringdown_only,2.1190758369264566,0.28326685942126306,7.480846298984281,-0.7971353809380666,142.85741554853718,2,0.36031681831537477,central,central,central,,4,2.1190758369264566e-10,0.0025,0.2625
0.001,-0.64,ringdown_plus_photon_geometry,6.343635279597642,1.5478615628793375,4.0983221185473395,-0.8855037489428411,152.31357669393967,2,96.41412031208775,central,central,central,,31,6.343635279597642e-10,0.0025,0.2625
0.001,-0.64,ringdown_plus_all_shooting,9.644444547887577,2.1546582851744924,4.476090066925175,-0.9033632801582507,154.60373870999666,2,431.8284467407166,central,central,central,,75,9.644444547887578e-10,0.0025,0.2625
0.001,-0.61,orbital,3.777420855303816,0.09817510357482766,38.47636231343235,-0.9985973532027572,176.9649729300395,2,0.13752874621326722,central,central,central,,18,3.777420855303816e-10,0.0025,0.2625
0.001,-0.61,photon_geometry,4.549131912971703,0.4645701898057465,9.79213047413537,-0.9779801099236491,167.95393043657884,2,4.466421841218141,central,central,central,,27,4.549131912971703e-10,0.0025,0.2625
0.001,-0.61,redshift,2.3441154844738046,0.20006500297846497,11.716769297857285,-0.984113655691162,169.77351834647607,2,0.21993799275901926,central,central,central,,9,2.344115484473805e-10,0.0025,0.2625
0.001,-0.61,timing,3.4125014870937713,1.0318047530558088,3.3073132072586935,-0.8297107902705189,146.06904062614655,2,12.397689261272602,central,central,central,,17,3.4125014870937716e-10,0.0025,0.2625
0.001,-0.61,all_shooting,7.195512881526358,1.2877338706116717,5.587732873802954,-0.9364326799412108,159.4608507807876,2,85.85700758816336,central,central,central,,71,7.195512881526357e-10,0.0025,0.2625
0.001,-0.61,ringdown_only,2.011501478816514,0.24794532966376007,8.112681459030995,-0.8252511517205742,145.61396252357304,2,0.24874397884889202,central,central,central,,4,2.011501478816514e-10,0.0025,0.2625
0.001,-0.61,ringdown_plus_photon_geometry,4.8132670066091015,1.3603317359177793,3.538303841277157,-0.851491565042912,148.37427271097,2,42.87158776947481,central,central,central,,31,4.813267006609102e-10,0.0025,0.2625
0.001,-0.61,ringdown_plus_all_shooting,7.370486126100811,1.7936592487066252,4.109189708923551,-0.8874888707688283,152.55937609829803,2,174.77211768324878,central,central,central,,75,7.370486126100811e-10,0.0025,0.2625
0.001,-0.58,orbital,2.8278006940198934,0.08166090017989898,34.628576072395084,-0.9982516889744,176.61147829192214,2,0.05332439287432118,central,central,central,,18,2.8278006940198934e-10,0.0025,0.2625
0.001,-0.58,photon_geometry,3.3317570344443475,0.3229030847591505,10.318133185161313,-0.9801080776229781,168.55281871236238,2,1.1574201383910383,central,central,central,,27,3.3317570344443477e-10,0.0025,0.2625
0.001,-0.58,redshift,1.6357224641197206,0.1631405574730993,10.026461166098684,-0.978182200168051,168.0095385603041,2,0.07121034997733848,central,central,central,,9,1.6357224641197206e-10,0.0025,0.2625
0.001,-0.58,timing,2.776864282258068,0.7728869468612815,3.592846655691369,-0.8510732385626472,148.3285932917663,2,4.60618369855083,central,central,central,,17,2.776864282258068e-10,0.0025,0.2625
0.001,-0.58,all_shooting,5.403193343298122,1.0119439693977683,5.339419480422112,-0.931023362165618,158.59490444724875,2,29.89605953430117,central,central,central,,71,5.403193343298123e-10,0.0025,0.2625
0.001,-0.58,ringdown_only,1.9072548942624616,0.21742605674673474,8.771970217369564,-0.8500300763102858,148.21494079840858,2,0.17196523404723302,central,central,central,,4,1.9072548942624617e-10,0.0025,0.2625
0.001,-0.58,ringdown_plus_photon_geometry,3.66501140354666,1.2072522820147653,3.0358289299981087,-0.8039841719971412,143.51226493036927,2,19.577026583134685,central,central,central,,31,3.66501140354666e-10,0.0025,0.2625
0.001,-0.58,ringdown_plus_all_shooting,5.618915433223603,1.5268312213155062,3.6801156242943396,-0.862434746011238,149.59106509191977,2,73.60156615689226,central,central,central,,75,5.618915433223603e-10,0.0025,0.2625
0.001,-0.55,orbital,2.0682699300189467,0.07089477595239052,29.173798805823097,-0.9975156839856124,175.96046848145957,2,0.021500220035119443,central,central,central,,18,2.0682699300189467e-10,0.0025,0.2625
0.001,-0.55,photon_geometry,2.404181468096571,0.23315382064895937,10.31156796575232,-0.9800052871116147,168.52318142148195,2,0.3142096822377315,central,central,central,,27,2.4041814680965714e-10,0.0025,0.2625
0.001,-0.55,redshift,1.1324637945399467,0.13739325449117867,8.24249923137716,-0.9676647437424836,165.38990514309845,2,0.024209146275029316,central,central,central,,9,1.1324637945399467e-10,0.0025,0.2625
0.001,-0.55,timing,2.2645228445356524,0.5835812566302081,3.8803899522266345,-0.8682705050729806,150.25827882013368,2,1.7464497007809048,central,central,central,,17,2.2645228445356526e-10,0.0025,0.2625
0.001,-0.55,all_shooting,4.029546329153391,0.8061973321364736,4.998213425582592,-0.9222012475352954,157.25004087265754,2,10.553463685334128,central,central,central,,71,4.0295463291533907e-10,0.0025,0.2625
0.001,-0.55,ringdown_only,1.806270996188415,0.19098827519896452,9.45749677202283,-0.8715154337686766,150.63522307218165,2,0.11900884220011716,central,central,central,,4,1.806270996188415e-10,0.0025,0.2625
0.001,-0.55,ringdown_plus_photon_geometry,2.8319300505715312,1.05532594833401,2.68346481486801,-0.7485646693374617,138.46619762529807,2,8.931785346225611,central,central,central,,31,2.8319300505715314e-10,0.0025,0.2625
0.001,-0.55,ringdown_plus_all_shooting,4.298591170459766,1.3070589655091416,3.2887507632720507,-0.8299800887269299,146.09669268852414,2,31.567678537066417,central,central,central,,75,4.2985911704597664e-10,0.0025,0.2625
0.001,-0.525,orbital,1.5713057963475858,0.06436443107664314,24.412641734944017,-0.9964298006801067,175.15701464029956,2,0.010228531684555871,central,central,central,,18,1.5713057963475858e-10,0.0025,0.2625
0.001,-0.525,photon_geometry,1.8141894588997443,0.1843175413753432,9.842739032663957,-0.9779918577871275,167.95715610915497,2,0.11181462607958484,central,central,central,,27,1.8141894588997444e-10,0.0025,0.2625
0.001,-0.525,redshift,0.8293209540747011,0.12181303740956188,6.808146087732333,-0.9528319073664284,162.33214547823246,2,0.01020546557805812,central,central,central,,9,8.29320954074701e-11,0.0025,0.2625
0.001,-0.525,timing,1.9155127910675345,0.46365774305697477,4.131307671987167,-0.8807651790247896,151.73480469595555,2,0.7887968116655422,central,central,central,,17,1.9155127910675344e-10,0.0025,0.2625
0.001,-0.525,all_shooting,3.1521651934972064,0.6701007713471163,4.704016661793045,-0.9130929965728083,155.93634256952794,2,4.461677487680755,central,central,central,,71,3.1521651934972063e-10,0.0025,0.2625
0.001,-0.525,ringdown_only,1.7246040080004514,0.17174029254232226,10.041930070518857,-0.8869183152262664,152.48852217785586,2,0.08772495999220821,central,central,central,,4,1.7246040080004515e-10,0.0025,0.2625
0.001,-0.525,ringdown_plus_photon_geometry,2.342772020978749,0.9167493218183976,2.5555208661968747,-0.7051818484052215,134.84423717924017,2,4.612764175810698,central,central,central,,31,2.342772020978749e-10,0.0025,0.2625
0.001,-0.525,ringdown_plus_all_shooting,3.4766262812097564,1.1410538392865794,3.04685560094469,-0.8005115435122017,143.17897896360708,2,15.737229955275772,central,central,central,,75,3.4766262812097564e-10,0.0025,0.2625
0.001,-0.5,orbital,1.1829244464022133,0.05926063858537647,19.961385409270957,-0.9946299151304624,174.05950347158915,2,0.0049141303052410695,central,central,central,,18,1.1829244464022133e-10,0.0025,0.2625
0.001,-0.5,photon_geometry,1.360595073630972,0.15073458908766102,9.026429049006834,-0.973765325835721,166.8468572954773,2,0.04206139100343901,central,central,central,,27,1.360595073630972e-10,0.0025,0.2625
0.001,-0.5,redshift,0.606118822708252,0.10994415091725583,5.512970154859972,-0.929050253608366,158.2872476199365,2,0.004440785551262584,central,central,central,,9,6.06118822708252e-11,0.0025,0.2625
0.001,-0.5,timing,1.6252425310182983,0.3698298446547917,4.39456835219813,-0.8920272432389496,153.12910522687133,2,0.36127696170630086,central,central,central,,17,1.6252425310182983e-10,0.0025,0.2625
0.001,-0.5,all_shooting,2.4746188988232554,0.557385313490508,4.439691608174023,-0.9033405260364618,154.6006990394686,2,1.902513264245247,central,central,central,,71,2.4746188988232553e-10,0.0025,0.2625
0.001,-0.5,ringdown_only,1.6452149819183788,0.15477970555042353,10.629397284790718,-0.9001405098161935,154.1765427752965,2,0.06484452953248111,central,central,central,,4,1.6452149819183788e-10,0.0025,0.2625
0.001,-0.5,ringdown_plus_photon_geometry,2.0032631980086464,0.7691329691408592,2.6045733031654352,-0.6734953998225034,132.33741807627916,2,2.373989977902761,central,central,central,,31,2.0032631980086463e-10,0.0025,0.2625
0.001,-0.5,ringdown_plus_all_shooting,2.8630850990815384,0.9837936224149636,2.910249704662032,-0.7729193049331136,140.61676857100403,2,7.9337136056668145,central,central,central,,75,2.8630850990815384e-10,0.0025,0.2625
0.001,-0.475,orbital,0.8826258350894994,0.05425901482921069,16.26689754444882,-0.9918899023095782,172.6979529891122,2,0.0022934912047236633,central,central,central,,18,8.826258350894995e-11,0.0025,0.2625
0.001,-0.475,photon_geometry,1.0137267115871764,0.12590695370864471,8.05139574683852,-0.9670518474854367,165.25132972718274,2,0.01629075503843972,central,central,central,,27,1.0137267115871765e-10,0.0025,0.2625
0.001,-0.475,redshift,0.44185148053692974,0.09980774358551597,4.427026046915371,-0.8934230273019029,153.3065855959952,2,0.001944827575857495,central,central,central,,9,4.4185148053692974e-11,0.0025,0.2625
0.001,-0.475,timing,1.383245176961894,0.29424845327959076,4.70094289891663,-0.9034232032419318,154.61174532185922,2,0.16566345193077595,central,central,central,,17,1.383245176961894e-10,0.0025,0.2625
0.001,-0.475,all_shooting,1.9543725521858761,0.45938918998574896,4.254285026268259,-0.8952475137153355,153.54023986972345,2,0.8060764853887007,central,central,central,,71,1.9543725521858762e-10,0.0025,0.2625
0.001,-0.475,ringdown_only,1.5681505430927754,0.1397211769763099,11.2234278083605,-0.9115688479965033,155.72306303716357,2,0.04800649250860294,central,central,central,,4,1.5681505430927754e-10,0.0025,0.2625
0.001,-0.475,ringdown_plus_photon_geometry,1.770996857005562,0.6210335517117999,2.8516927179280973,-0.6616853622237511,131.42853510215372,2,1.2096666529504132,central,central,central,,31,1.7709968570055622e-10,0.0025,0.2625
0.001,-0.475,ringdown_plus_all_shooting,2.4122407864108495,0.8308567999884672,2.9033171377358085,-0.7524559691033417,138.80357172918534,2,4.016924507055742,central,central,central,,75,2.4122407864108494e-10,0.0025,0.2625
0.001,-0.45,orbital,0.717913557948095,0.05434123497106947,13.211211676184805,-0.98652000086545,170.5817192979696,2,0.00152196028014705,central,one_sided_backward,one_sided,,18,7.17913557948095e-11,0.0025,0.2625
0.001,-0.45,photon_geometry,0.8248077699192037,0.11886214970498805,6.939196135745058,-0.9514814757271124,162.07896049627064,2,0.009611532703142715,central,one_sided_backward,one_sided,,27,8.248077699192037e-11,0.0025,0.2625
0.001,-0.45,redshift,0.3559359036750192,0.09889895963876269,3.5989853176929967,-0.8310063156599227,146.202250138908,2,0.001239159019094606,central,one_sided_backward,one_sided,,9,3.5593590367501923e-11,0.0025,0.2625
0.001,-0.45,timing,1.2095523736520706,0.2720939313413922,4.445348588588928,-0.8963801707474619,153.68626236049607,2,0.1083146167285543,central,one_sided_backward,one_sided,,17,1.2095523736520706e-10,0.0025,0.2625
0.001,-0.45,all_shooting,1.6435807309231314,0.43006362228906947,3.821715313131949,-0.8715458971343644,150.63878268126206,2,0.49962883993664786,central,one_sided_backward,one_sided,,71,1.6435807309231316e-10,0.0025,0.2625
0.001,-0.45,ringdown_only,1.4942727528413215,0.1356632997378656,11.01456883128023,-0.9127570199957545,155.8891757995303,2,0.04109457631727845,central,one_sided_backward,one_sided,,4,1.4942727528413215e-10,0.0025,0.2625
0.001,-0.45,ringdown_plus_photon_geometry,1.6208781937009584,0.5643097907320476,2.872319814969511,-0.6371324241496984,129.57832241706777,2,0.8366348087984727,central,one_sided_backward,one_sided,,31,1.6208781937009585e-10,0.0025,0.2625
0.001,-0.45,ringdown_plus_all_shooting,2.1263471288313927,0.7849941507861385,2.7087426405686537,-0.7154730769569349,135.68198295828267,2,2.7861286847722404,central,one_sided_backward,one_sided,,75,2.1263471288313928e-10,0.0025,0.2625
0.00125,-0.7125,orbital,13.845567814543688,2.2710077621678386,6.096662479624071,-0.9473908371917524,161.33229412315842,2,988.6868991104485,central,one_sided_forward,one_sided,,18,1.384556781454369e-09,0.0025,0.2625
0.00125,-0.7125,photon_geometry,17.509184392968425,2.974653512523442,5.886125667831185,-0.9417858290545629,160.35365876355053,2,2712.7177282311873,central,one_sided_forward,one_sided,,27,1.7509184392968426e-09,0.0025,0.2625
0.00125,-0.7125,redshift,9.159396085643044,0.5475666911495766,16.727452991001982,-0.9922158199158347,172.84637468605774,2,25.15403862622399,central,one_sided_forward,one_sided,,9,9.159396085643044e-10,0.0025,0.2625
0.00125,-0.7125,timing,12.041012607039777,3.1123817956318782,3.8687453524946482,-0.8729738177594759,150.8060771432349,2,1404.4676980214454,central,one_sided_forward,one_sided,,17,1.2041012607039777e-09,0.0025,0.2625
0.00125,-0.7125,all_shooting,26.915006414359784,5.169818825073531,5.206179815010629,-0.9277841986030009,158.0920050163716,2,19361.527731427675,central,one_sided_forward,one_sided,,71,2.6915006414359785e-09,0.0025,0.2625
0.00125,-0.7125,ringdown_only,2.4157149467949703,0.4537582059554321,5.323793410431988,-0.7436598728356153,138.04412093378588,2,1.2015458755877757,central,one_sided_forward,one_sided,,4,2.4157149467949705e-10,0.0025,0.2625
0.00125,-0.7125,ringdown_plus_photon_geometry,17.615566941008666,3.339682348221174,5.27462348339545,-0.92850973547376,158.20368898864928,2,3461.0157249314902,central,one_sided_forward,one_sided,,31,1.7615566941008666e-09,0.0025,0.2625
0.00125,-0.7125,ringdown_plus_all_shooting,26.987669453118237,5.371393643365027,5.024332835195303,-0.9228047220384988,157.33961990383037,2,21013.806373674754,central,one_sided_forward,one_sided,,75,2.6987669453118236e-09,0.0025,0.2625
0.00125,-0.69,orbital,9.176565603991564,0.44853980473669375,20.458754177633093,-0.9943909320764017,173.92863716483296,2,16.941908303407928,central,central,central,,18,9.176565603991565e-10,0.0025,0.2625
0.00125,-0.69,photon_geometry,12.790330466344384,1.2962074507475945,9.867502658596425,-0.9724238371521509,166.51323945707733,2,274.86064301050925,central,central,central,,27,1.2790330466344385e-09,0.0025,0.2625
0.00125,-0.69,redshift,7.326618538295687,0.3699727380618128,19.803130837904064,-0.9933690445243778,173.39814531567222,2,7.347618659063257,central,central,central,,9,7.326618538295687e-10,0.0025,0.2625
0.00125,-0.69,timing,8.528931026572307,2.515632118217629,3.3903729264735296,-0.8042143190518521,143.53444586309763,2,460.34503812582483,central,central,central,,17,8.528931026572308e-10,0.0025,0.2625
0.00125,-0.69,all_shooting,19.336996152111823,2.9412785809101427,6.574350446644271,-0.942422454964837,160.46243863669002,2,3234.8216586460258,central,central,central,,71,1.933699615211182e-09,0.0025,0.2625
0.00125,-0.69,ringdown_only,2.327154361220772,0.4400296027524441,5.288631370853483,-0.7436698550720633,138.0449764237268,2,1.0486104253430908,central,central,central,,4,2.3271543612207723e-10,0.0025,0.2625
0.00125,-0.69,ringdown_plus_photon_geometry,12.891424819102207,2.166367189410413,5.950710886925254,-0.9292893690024878,158.3243102207616,2,779.9485937492342,central,central,central,,31,1.2891424819102208e-09,0.0025,0.2625
0.00125,-0.69,ringdown_plus_all_shooting,19.406596125876273,3.4005646820314532,5.706874575396409,-0.9256286121662383,157.7633360095278,2,4355.126914454764,central,central,central,,75,1.9406596125876273e-09,0.0025,0.2625
0.00125,-0.6666666666666666,orbital,6.705972587066942,0.2482821446901001,27.009483889536956,-0.9968266970196167,175.43429010913187,2,2.772135943694949,central,central,central,,18,6.705972587066942e-10,0.0025,0.2625
0.00125,-0.6666666666666666,photon_geometry,9.014365078264422,1.0110204583185378,8.916105509137289,-0.9674363199061785,165.33810893350028,2,83.05966463028032,central,central,central,,27,9.014365078264422e-10,0.0025,0.2625
0.00125,-0.6666666666666666,redshift,5.358947978183836,0.32587726324968613,16.44468203993056,-0.9904135692924706,172.06012519018364,2,3.0497708082870045,central,central,central,,9,5.358947978183836e-10,0.0025,0.2625
0.00125,-0.6666666666666666,timing,5.9359280021625676,2.0296627760628767,2.9245882972131128,-0.76736239409886,140.11762138261236,2,145.15266806400524,central,central,central,,17,5.935928002162567e-10,0.0025,0.2625
0.00125,-0.6666666666666666,all_shooting,13.783440612741785,2.3470639154556534,5.872631129461977,-0.9311667571283783,158.61742762054848,2,1046.562361596169,central,central,central,,71,1.3783440612741786e-09,0.0025,0.2625
0.00125,-0.6666666666666666,ringdown_only,2.2380276091764473,0.3955208128944807,5.658431961641222,-0.7696038348566443,140.3183268880708,2,0.7835551384752897,central,central,central,,4,2.2380276091764474e-10,0.0025,0.2625
0.00125,-0.6666666666666666,ringdown_plus_photon_geometry,9.152052921400342,1.9199145158386544,4.7669064668759775,-0.8981895907693622,153.92110807298718,2,308.7456375125642,central,central,central,,31,9.152052921400342e-10,0.0025,0.2625
0.00125,-0.6666666666666666,ringdown_plus_all_shooting,13.877493504018915,2.841183289933119,4.884406280013561,-0.9046311609722145,154.77365237108032,2,1554.6068212032333,central,central,central,,75,1.3877493504018916e-09,0.0025,0.2625
0.00125,-0.64,orbital,5.350038438295149,0.16906837973064656,31.644228488015504,-0.9976766964470895,176.09361784346882,2,0.8181606459376324,central,central,central,,18,5.350038438295149e-10,0.0025,0.2625
0.00125,-0.64,photon_geometry,6.804136084626288,0.7385019323369687,9.213430306261746,-0.9705103677329101,166.05092557134398,2,25.2492948636385,central,central,central,,27,6.804136084626288e-10,0.0025,0.2625
0.00125,-0.64,redshift,3.885879828018956,0.2708880307536706,14.344966875087012,-0.9873752063619333,170.88602690948645,2,1.1080474629588577,central,central,central,,9,3.8858798280189565e-10,0.0025,0.2625
0.00125,-0.64,timing,4.635908254072216,1.5691923215189674,2.9543276439083574,-0.7863506160238803,141.84576684803378,2,52.92026543303978,central,central,central,,17,4.6359082540722164e-10,0.0025,0.2625
0.00125,-0.64,all_shooting,10.54780312918604,1.8342436488841383,5.7504918365686,-0.9308781366910062,158.57211675149176,2,374.3157304190214,central,central,central,,71,1.0547803129186041e-09,0.0025,0.2625
0.00125,-0.64,ringdown_only,2.139084602679433,0.35077151486307784,6.098227797985294,-0.7971353809380194,142.8574155485327,2,0.5629950286179185,central,central,central,,4,2.1390846026794332e-10,0.0025,0.2625
0.00125,-0.64,ringdown_plus_photon_geometry,6.978483966289574,1.6855675861495196,4.1401389203449845,-0.8746228680079554,151.00037356002358,2,138.36126124192438,central,central,central,,31,6.978483966289575e-10,0.0025,0.2625
0.00125,-0.64,ringdown_plus_all_shooting,10.665216906447974,2.3606085120185574,4.517994767937248,-0.8941976436629758,153.40555492595013,2,633.8512081935036,central,central,central,,75,1.0665216906447975e-09,0.0025,0.2625
0.00125,-0.61,orbital,4.190115810754799,0.11750681033279053,35.65849331530649,-0.9981386148396911,176.50358364834307,2,0.24242540433983756,central,central,central,,18,4.190115810754799e-10,0.0025,0.2625
0.00125,-0.61,photon_geometry,5.095046054149642,0.5029058837141512,10.131211861195158,-0.9758978449866104,167.3950323862873,2,6.565528051300192,central,central,central,,27,5.095046054149642e-10,0.0025,0.2625
0.00125,-0.61,redshift,2.728030782225116,0.2151672399175038,12.678653048071151,-0.9837057764628114,169.642714627931,2,0.3445488706802774,central,central,central,,9,2.7280307822251165e-10,0.0025,0.2625
0.00125,-0.61,timing,3.733834380284403,1.1677810945875218,3.1973752594472775,-0.8198781175389006,145.07259471207388,2,19.012226551381783,central,central,central,,17,3.733834380284403e-10,0.0025,0.2625
0.00125,-0.61,all_shooting,8.037336769387837,1.4064797863494796,5.714505709498148,-0.9315997777645306,158.68558023258606,2,127.78836740765169,central,central,central,,71,8.037336769387837e-10,0.0025,0.2625
0.00125,-0.61,ringdown_only,2.0311711691873566,0.30693030999191256,6.617694971998291,-0.825251151720603,145.61396252357596,2,0.38866246695131146,central,central,central,,4,2.0311711691873566e-10,0.0025,0.2625
0.00125,-0.61,ringdown_plus_photon_geometry,5.312629467287547,1.48601456884441,3.5750857216823118,-0.8429463871073132,147.4525712808457,2,62.32541631703375,central,central,central,,31,5.312629467287547e-10,0.0025,0.2625
0.00125,-0.61,ringdown_plus_all_shooting,8.1813198531207,1.9654098118779624,4.162653408809124,-0.8806127073651242,151.71636248652962,2,258.55502556517587,central,central,central,,75,8.1813198531207e-10,0.0025,0.2625
0.00125,-0.58,orbital,3.188329728929641,0.09158249503006528,34.813746097253144,-0.9980085474256883,176.38344800094575,2,0.08526119189060742,central,central,central,,18,3.188329728929641e-10,0.0025,0.2625
0.00125,-0.58,photon_geometry,3.7768955654090846,0.3476069681828147,10.865419600629886,-0.9789820384158717,168.232165803283,2,1.7236413344543242,central,central,central,,27,3.776895565409085e-10,0.0025,0.2625
0.00125,-0.58,redshift,1.9084243464544934,0.17469098467914512,10.924572610084578,-0.9778296661339668,167.91269726734376,2,0.11114524368833623,central,central,central,,9,1.9084243464544935e-10,0.0025,0.2625
0.00125,-0.58,timing,3.0403812894449316,0.8781301021929223,3.462335799504308,-0.8457466657411987,147.7520233970146,2,7.128100797446966,central,central,central,,17,3.0403812894449315e-10,0.0025,0.2625
0.00125,-0.58,all_shooting,6.085131731782748,1.1038150319740394,5.512818321472056,-0.927849708936208,158.10206696165025,2,45.116206608380935,central,central,central,,71,6.085131731782748e-10,0.0025,0.2625
0.00125,-0.58,ringdown_only,1.9266255658336282,0.2690500156233766,7.160845396606741,-0.8500300763103418,148.21494079841463,2,0.26869567819873685,central,central,central,,4,1.9266255658336283e-10,0.0025,0.2625
0.00125,-0.58,ringdown_plus_photon_geometry,4.049588433687255,1.330743482386126,3.0431022111233865,-0.7981156630691827,142.9505363132492,2,29.040926682555995,central,central,central,,31,4.0495884336872553e-10,0.0025,0.2625
0.00125,-0.58,ringdown_plus_all_shooting,6.261895502833943,1.6793375215780408,3.7287891340329025,-0.8577590613895044,149.0658939175047,2,110.58280833754951,central,central,central,,75,6.261895502833944e-10,0.0025,0.2625
0.00125,-0.55,orbital,2.3585231649757192,0.0777682030176995,30.32760271494168,-0.9973295889965093,175.81183891248494,2,0.033642202458137656,central,central,central,,18,2.358523164975719e-10,0.0025,0.2625
0.00125,-0.55,photon_geometry,2.751394402896401,0.2501435138962448,10.999263422986981,-0.9793473910623546,168.33525148306333,2,0.47367906581437613,central,central,central,,27,2.751394402896401e-10,0.0025,0.2625
0.00125,-0.55,redshift,1.324337365866377,0.14666384510826014,9.029746662436237,-0.967357635773806,165.32030832119585,2,0.03772622921036766,central,central,central,,9,1.3243373658663772e-10,0.0025,0.2625
0.00125,-0.55,timing,2.4782950353089572,0.6656525828997867,3.7231058647932294,-0.8654130675683572,149.92990568404775,2,2.721455621933377,central,central,central,,17,2.478295035308957e-10,0.0025,0.2625
0.00125,-0.55,all_shooting,4.559207739906283,0.880605769110312,5.1773539304795975,-0.9200690928664468,156.93618492915746,2,16.119138064143666,central,central,central,,71,4.559207739906283e-10,0.0025,0.2625
0.00125,-0.55,ringdown_only,1.8253487956612042,0.2362401797700368,7.726665283772019,-0.8715154337686629,150.63522307218005,2,0.18595131593776631,central,central,central,,4,1.8253487956612044e-10,0.0025,0.2625
0.00125,-0.55,ringdown_plus_photon_geometry,3.101571929152255,1.1835126338524466,2.6206496157597763,-0.7450410839144679,138.16262784672014,2,13.4744023539255,central,central,central,,31,3.1015719291522554e-10,0.0025,0.2625
0.00125,-0.55,ringdown_plus_all_shooting,4.779716535934993,1.450468621060411,3.295291236594026,-0.8269335150466443,145.78501245144008,2,48.06411590411964,central,central,central,,75,4.779716535934993e-10,0.0025,0.2625
0.00125,-0.525,orbital,1.8042167930483846,0.06994001865289032,25.796630138213782,-0.9962640998007923,175.04583390644945,2,0.015923147904839834,central,central,central,,18,1.8042167930483847e-10,0.0025,0.2625
0.00125,-0.525,photon_geometry,2.0884195835049493,0.19749923071678313,10.574317560253053,-0.9775152970971243,167.82698013083578,2,0.17012429195447526,central,central,central,,27,2.0884195835049494e-10,0.0025,0.2625
0.00125,-0.525,redshift,0.9711951208621277,0.1298682730499382,7.478309351882075,-0.9525145789581348,162.27233682453968,2,0.01590812939070974,central,central,central,,9,9.711951208621277e-11,0.0025,0.2625
0.00125,-0.525,timing,2.0933583207277002,0.5304970867378862,3.9460316994389255,-0.8790555349524869,151.52864221359033,2,1.2332557601414313,central,central,central,,17,2.0933583207277002e-10,0.0025,0.2625
0.00125,-0.525,all_shooting,3.5700951364971245,0.7339446920006342,4.864256360742289,-0.9115866026506503,155.7255373694818,2,6.865722510628661,central,central,central,,71,3.570095136497125e-10,0.0025,0.2625
0.00125,-0.525,ringdown_only,1.7434212609664959,0.2123583119904236,8.209809376546167,-0.8869183152262604,152.48852217785512,2,0.1370702499878158,central,central,central,,4,1.7434212609664958e-10,0.0025,0.2625
0.00125,-0.525,ringdown_plus_photon_geometry,2.5266116131562613,1.0494521451814989,2.4075529548984753,-0.7032578310869305,134.68896816135234,2,7.030759707870619,central,central,central,,31,2.5266116131562614e-10,0.0025,0.2625
0.00125,-0.525,ringdown_plus_all_shooting,3.837799750890749,1.280687671714167,2.996671113226189,-0.7985699026871518,142.99375430516642,2,24.15744939458544,central,central,central,,75,3.8377997508907493e-10,0.0025,0.2625
0.00125,-0.5,orbital,1.3647218380581023,0.06391976193439954,21.350546321788684,-0.9944859952959305,173.98035393564524,2,0.0076095430761519145,central,central,central,,18,1.3647218380581024e-10,0.0025,0.2625
0.00125,-0.5,photon_geometry,1.5732435467444545,0.16136195187314245,9.749780096743548,-0.973383742404257,166.7511209480408,2,0.06444573707391915,central,central,central,,27,1.5732435467444546e-10,0.0025,0.2625
0.00125,-0.5,redshift,0.7103815455057165,0.11719525134204185,6.061521583604292,-0.9286339998624811,158.22287200068865,2,0.006931119249600236,central,central,central,,9,7.103815455057165e-11,0.0025,0.2625
0.00125,-0.5,timing,1.772795194589533,0.4242797288440685,4.178364117040038,-0.8909939442026105,152.9984123886017,2,0.565746266884358,central,central,central,,17,1.772795194589533e-10,0.0025,0.2625
0.00125,-0.5,all_shooting,2.7987938819718856,0.612886557007502,4.566577370594256,-0.9022886739485759,154.46055323695475,2,2.942402108856494,central,central,central,,71,2.798793881971886e-10,0.0025,0.2625
0.00125,-0.5,ringdown_only,1.6637436083714239,0.19131996149166774,8.696131837993718,-0.9001405098161848,154.17654277529536,2,0.10131957739452647,central,central,central,,4,1.663743608371424e-10,0.0025,0.2625
0.00125,-0.5,ringdown_plus_photon_geometry,2.1201538427963187,0.9004036549366744,2.3546704094014697,-0.6727831523620587,132.28223496482892,2,3.64425911938731,central,central,central,,31,2.1201538427963188e-10,0.0025,0.2625
0.00125,-0.5,ringdown_plus_all_shooting,3.1238827316416398,1.1202142324291693,2.78864760079645,-0.7718126476571757,140.51694323401384,2,12.24592561381729,central,central,central,,75,3.12388273164164e-10,0.0025,0.2625
0.00125,-0.475,orbital,1.0217503690869185,0.05850019390211682,17.465760383572793,-0.9917086089391516,172.61667709607465,2,0.0035727630785026766,central,central,central,,18,1.0217503690869185e-10,0.0025,0.2625
0.00125,-0.475,photon_geometry,1.1758259596439498,0.1347281012692352,8.72739947024286,-0.9667230230120349,165.17750498717712,2,0.025095882194604326,central,central,central,,27,1.17582595964395e-10,0.0025,0.2625
0.00125,-0.475,redshift,0.5174726910663806,0.10651871260385293,4.858044923908167,-0.8928764431363697,153.23695506011742,2,0.0030382722608465265,central,central,central,,9,5.1747269106638066e-11,0.0025,0.2625
0.00125,-0.475,timing,1.5058587785303077,0.338317046308424,4.451028391745604,-0.9028227269536828,154.53161900943607,2,0.25954714208786345,central,central,central,,17,1.5058587785303077e-10,0.0025,0.2625
0.00125,-0.475,all_shooting,2.202594738346681,0.5078229647244127,4.33732794959754,-0.8945681308932628,153.4530113500955,2,1.2511053120788138,central,central,central,,71,2.2025947383466812e-10,0.0025,0.2625
0.00125,-0.475,ringdown_only,1.5863643701916115,0.17264621205082342,9.18852693810982,-0.9115688479966749,155.72306303718747,2,0.07501014454456596,central,central,central,,4,1.5863643701916116e-10,0.0025,0.2625
0.00125,-0.475,ringdown_plus_photon_geometry,1.8433012486794693,0.7411595542188366,2.487050511845944,-0.6617470973594076,131.43325286415103,2,1.8664486988941498,central,central,central,,31,1.8433012486794693e-10,0.0025,0.2625
0.00125,-0.475,ringdown_plus_all_shooting,2.5943900881248374,0.9616685734090007,2.697800635127374,-0.7519674029043206,138.76108900067305,2,6.22474264362006,central,central,central,,75,2.5943900881248377e-10,0.0025,0.2625
0.00125,-0.45,orbital,0.8430356171156151,0.05787606777861121,14.566221401571601,-0.9862384494136466,170.4836452305927,2,0.0023806189147450307,central,one_sided_backward,one_sided,,18,8.430356171156152e-11,0.0025,0.2625
0.00125,-0.45,photon_geometry,0.9706165907793515,0.12543525770178257,7.737988573252303,-0.9512287245271754,162.03195708172953,2,0.014822951024456747,central,one_sided_backward,one_sided,,27,9.706165907793515e-11,0.0025,0.2625
0.00125,-0.45,redshift,0.4219580702976269,0.10435204725363927,4.043601265167427,-0.8300863041676906,146.10760454777855,2,0.001938833623285149,central,one_sided_backward,one_sided,,9,4.219580702976269e-11,0.0025,0.2625
0.00125,-0.45,timing,1.3266015543658602,0.31057071738277153,4.271495927064023,-0.8958868054952805,153.62256531929202,2,0.1697469634634305,central,one_sided_backward,one_sided,,17,1.3266015543658603e-10,0.0025,0.2625
0.00125,-0.45,all_shooting,1.8694834137450889,0.47136487379392383,3.9661067628947015,-0.8710693407796748,150.58314256037073,2,0.7765289727782123,central,one_sided_backward,one_sided,,71,1.869483413745089e-10,0.0025,0.2625
0.00125,-0.45,ringdown_only,1.512628222268845,0.1675213127176726,9.029467341974039,-0.9127570199959033,155.88917579955117,2,0.06421027549561019,central,one_sided_backward,one_sided,,4,1.512628222268845e-10,0.0025,0.2625
0.00125,-0.45,ringdown_plus_photon_geometry,1.6775663417864457,0.6780186340322403,2.474218638814986,-0.6376862469941483,129.6195043366901,2,1.293727076194262,central,one_sided_backward,one_sided,,31,1.6775663417864457e-10,0.0025,0.2625
0.00125,-0.45,ringdown_plus_all_shooting,2.280771410749183,0.9117797867044384,2.5014498500705584,-0.7153653367976256,135.6731478409654,2,4.324575077407848,central,one_sided_backward,one_sided,,75,2.2807714107491834e-10,0.0025,0.2625
0.0015,-0.7125,orbital,26.321793213918873,2.638086381281256,9.977608542573577,-0.9801096332443731,168.55326782173654,2,4821.797525980714,central,one_sided_forward,one_sided,,18,2.6321793213918875e-09,0.0025,0.2625
0.0015,-0.7125,photon_geometry,27.33718005523196,4.182224373252931,6.536516842583728,-0.9526272067918011,162.2935420336044,2,13071.399370568743,central,one_sided_forward,one_sided,,27,2.7337180055231963e-09,0.0025,0.2625
0.0015,-0.7125,redshift,11.793745460561711,0.9989727133395747,11.805873476899198,-0.9833418242025477,169.52736228803843,2,138.8068031753549,central,one_sided_forward,one_sided,,9,1.1793745460561712e-09,0.0025,0.2625
0.0015,-0.7125,timing,19.421280279385666,3.827497149933155,5.074146241944256,-0.9234725527767248,157.43914456311285,2,5525.67660238114,central,one_sided_forward,one_sided,,17,1.9421280279385666e-09,0.0025,0.2625
0.0015,-0.7125,all_shooting,44.1643861635714,6.785421668582738,6.508716527973118,-0.9530991103696713,162.38265914410377,2,89804.49599955158,central,one_sided_forward,one_sided,,71,4.4164386163571406e-09,0.0025,0.2625
0.0015,-0.7125,ringdown_only,2.442190312862936,0.5386069093387829,4.53427215752036,-0.7436598728358622,138.04412093380705,2,1.7302260608446403,central,one_sided_forward,one_sided,,4,2.442190312862936e-10,0.0025,0.2625
0.0015,-0.7125,ringdown_plus_photon_geometry,27.412164066089865,4.4317114325284965,6.185457804153542,-0.9473894877462432,161.33205256705315,2,14758.070910144652,central,one_sided_forward,one_sided,,31,2.7412164066089864e-09,0.0025,0.2625
0.0015,-0.7125,ringdown_plus_all_shooting,44.21254668125362,6.931093659050246,6.3788701835709976,-0.9512518842805654,162.03625908458338,2,93906.27154258845,central,one_sided_forward,one_sided,,75,4.421254668125362e-09,0.0025,0.2625
0.0015,-0.69,orbital,14.623396361967462,0.6729233578979238,21.731146928303975,-0.9935649713778341,173.49651656486276,2,96.83396386115413,central,central,central,,18,1.4623396361967462e-09,0.0025,0.2625
0.0015,-0.69,photon_geometry,17.747286148246292,1.3722759476816873,12.932738621724315,-0.9801022751011115,168.55114367212903,2,593.1257872215062,central,central,central,,27,1.7747286148246293e-09,0.0025,0.2625
0.0015,-0.69,redshift,9.05287722709054,0.3612086724554025,25.062734971315717,-0.99485906359305,174.1877407357226,2,10.692754584242595,central,central,central,,9,9.052877227090541e-10,0.0025,0.2625
0.0015,-0.69,timing,12.4651456353822,2.65424467448134,4.696306167711531,-0.8684215586369579,150.27572932484247,2,1094.653381866798,central,central,central,,17,1.2465145635382201e-09,0.0025,0.2625
0.0015,-0.69,all_shooting,27.676756111028087,3.1069202398726117,8.9080999749652,-0.9604623354384317,163.83467133436176,2,7394.189593286156,central,central,central,,71,2.767675611102809e-09,0.0025,0.2625
0.0015,-0.69,ringdown_only,2.353049440087648,0.5222245440318107,4.505819320403896,-0.7436698550718802,138.0449764237111,2,1.509999012494459,central,central,central,,4,2.353049440087648e-10,0.0025,0.2625
0.0015,-0.69,ringdown_plus_photon_geometry,17.81860368777606,2.2707332877684783,7.847070276266117,-0.9488679928061594,161.59854449721865,2,1637.1165173245367,central,central,central,,31,1.7818603687776062e-09,0.0025,0.2625
0.0015,-0.69,ringdown_plus_all_shooting,27.72352387677728,3.5876965035947452,7.727388269603988,-0.9485634726367204,161.54335291525697,2,9893.0056720393,central,central,central,,75,2.772352387677728e-09,0.0025,0.2625
0.0015,-0.6666666666666666,orbital,7.822885491207336,0.44388072419089647,17.623845922723614,-0.9911426935435274,172.36850640138752,2,12.057756750629515,central,central,central,,18,7.822885491207336e-10,0.0025,0.2625
0.0015,-0.6666666666666666,photon_geometry,10.557148923499025,1.0521699826640378,10.033691416256612,-0.9676241683603849,165.38069136802682,2,123.38578008638366,central,central,central,,27,1.0557148923499026e-09,0.0025,0.2625
0.0015,-0.6666666666666666,redshift,6.280082474168517,0.3328108562656989,18.86982457433668,-0.9909497654978805,172.28571587779481,2,4.368432841545649,central,central,central,,9,6.280082474168517e-10,0.0025,0.2625
0.0015,-0.6666666666666666,timing,7.243894427271222,2.1540369042281564,3.362938867506026,-0.7797997248784025,141.24224205739336,2,243.47282998718265,central,central,central,,17,7.243894427271223e-10,0.0025,0.2625
0.0015,-0.6666666666666666,all_shooting,16.259681200535493,2.4983735178699615,6.508106607853421,-0.9307076572435544,158.54539582202833,2,1650.208379816016,central,central,central,,71,1.6259681200535494e-09,0.0025,0.2625
0.0015,-0.6666666666666666,ringdown_only,2.2633003226571207,0.4693251657679353,4.822456769292961,-0.7696038348568509,140.31832688808936,2,1.1283193994034892,central,central,central,,4,2.2633003226571208e-10,0.0025,0.2625
0.0015,-0.6666666666666666,ringdown_plus_photon_geometry,10.669475410514698,2.0163194170420824,5.291560117080406,-0.8978363577179744,153.87510762395155,2,462.8121997509717,central,central,central,,31,1.06694754105147e-09,0.0025,0.2625
0.0015,-0.6666666666666666,ringdown_plus_all_shooting,16.335403832009,3.0193507720683304,5.4102371884465885,-0.9045636291030756,154.76457521716378,2,2432.690675303604,central,central,central,,75,1.6335403832009e-09,0.0025,0.2625
0.0015,-0.64,orbital,5.8455694973856644,0.2263461329177212,25.82579795834453,-0.9958694872118373,174.79058186750294,2,1.7506519603473527,central,central,central,,18,5.845569497385664e-10,0.0025,0.2625
0.0015,-0.64,photon_geometry,7.524975229131813,0.7799313226613224,9.648253648096475,-0.9669284498165761,165.22358331084163,2,34.444737065246045,central,central,central,,27,7.524975229131813e-10,0.0025,0.2625
0.0015,-0.64,redshift,4.472436670547075,0.283747571202893,15.762026267174882,-0.987058419103217,170.77214455538382,2,1.6104702440386909,central,central,central,,9,4.472436670547075e-10,0.0025,0.2625
0.0015,-0.64,timing,5.183160111048,1.6954454185410566,3.057108211426911,-0.7726364351728621,140.59123234577,2,77.22481481726592,central,central,central,,17,5.183160111048e-10,0.0025,0.2625
0.0015,-0.64,all_shooting,11.72524153661008,1.948604027541398,6.017252028060368,-0.9241466120389935,157.54002118498227,2,522.0243813236391,central,central,central,,71,1.172524153661008e-09,0.0025,0.2625
0.0015,-0.64,ringdown_only,2.16379635222248,0.41611861249230087,5.199950896843181,-0.7971353809379695,142.85741554852797,2,0.810712841210056,central,central,central,,4,2.16379635222248e-10,0.0025,0.2625
0.0015,-0.64,ringdown_plus_photon_geometry,7.676203320971543,1.77893704098118,4.3150505859036485,-0.86405502292286,149.7749757671703,2,186.47220017151616,central,central,central,,31,7.676203320971543e-10,0.0025,0.2625
0.0015,-0.64,ringdown_plus_all_shooting,11.825920686169495,2.506215478760576,4.718636839645522,-0.8854099024983005,152.30200631556275,2,878.4291513863102,central,central,central,,75,1.1825920686169495e-09,0.0025,0.2625
0.0015,-0.61,orbital,4.59393131831724,0.13969564035752968,32.88528766223322,-0.9974092631171722,175.87481822211586,2,0.4118458570318676,central,central,central,,18,4.59393131831724e-10,0.0025,0.2625
0.0015,-0.61,photon_geometry,5.631768749185738,0.529933643693438,10.627309317322128,-0.9734862304409536,166.77676753476442,2,8.907023777739795,central,central,central,,27,5.631768749185738e-10,0.0025,0.2625
0.0015,-0.61,redshift,3.132147270502558,0.22551954745736907,13.888584407942027,-0.9832233005425448,169.49006723644118,2,0.49894506415256135,central,central,central,,9,3.132147270502558e-10,0.0025,0.2625
0.0015,-0.61,timing,4.097440314193447,1.2691609097602101,3.228464005377852,-0.8091553441646265,144.0134881634374,2,27.04323529600795,central,central,central,,17,4.097440314193447e-10,0.0025,0.2625
0.0015,-0.61,all_shooting,8.897301880119823,1.490093999730724,5.970966852915091,-0.926197441853264,157.84961725514472,2,175.76968894415435,central,central,central,,71,8.897301880119823e-10,0.0025,0.2625
0.0015,-0.61,ringdown_only,2.0553766736660353,0.3639788295310937,5.646967644557608,-0.8252511517205303,145.61396252356857,2,0.5596739524100431,central,central,central,,4,2.0553766736660353e-10,0.0025,0.2625
0.0015,-0.61,ringdown_plus_photon_geometry,5.821769752764954,1.568980470181728,3.710543160610944,-0.8337750722818238,146.4885049671647,2,83.43439598655027,central,central,central,,31,5.821769752764955e-10,0.0025,0.2625
0.0015,-0.61,ringdown_plus_all_shooting,9.022177252807293,2.083202427019799,4.330917214662762,-0.8731153037423869,150.82270117475971,2,353.25283506688083,central,central,central,,75,9.022177252807293e-10,0.0025,0.2625
0.0015,-0.58,orbital,3.5492093702247356,0.10111978895673909,35.099058323224476,-0.9976641523198506,176.083082149425,2,0.1288058381425166,central,central,central,,18,3.549209370224736e-10,0.0025,0.2625
0.0015,-0.58,photon_geometry,4.222364855227115,0.3639867338870803,11.600326226551488,-0.9777335865057825,167.88643641028693,2,2.3620148667508984,central,central,central,,27,4.222364855227115e-10,0.0025,0.2625
0.0015,-0.58,redshift,2.194445785326947,0.1822593217863479,12.040238950847021,-0.9774186797070613,167.80075522481567,2,0.15996656217167343,central,central,central,,9,2.194445785326947e-10,0.0025,0.2625
0.0015,-0.58,timing,3.3354142304922862,0.9564824521666059,3.48716719573576,-0.8399414555010531,147.1339379833019,2,10.177791932583109,central,central,central,,17,3.3354142304922864e-10,0.0025,0.2625
0.0015,-0.58,all_shooting,6.789396539529784,1.1664972537146763,5.820327924398579,-0.9243725796684968,157.5739347417887,2,62.723428732211474,central,central,central,,71,6.789396539529785e-10,0.0025,0.2625
0.0015,-0.58,ringdown_only,1.9503904608608265,0.3189260708499114,6.115493962795823,-0.8500300763103733,148.2149407984181,2,0.38692177660614396,central,central,central,,4,1.9503904608608266e-10,0.0025,0.2625
0.0015,-0.58,ringdown_plus_photon_geometry,4.457935763563119,1.411877058929869,3.1574532183007546,-0.7919816100979935,142.37108356151847,2,39.61515647440671,central,central,central,,31,4.4579357635631194e-10,0.0025,0.2625
0.0015,-0.58,ringdown_plus_all_shooting,6.941693579252691,1.7819226285530831,3.8956200836224464,-0.8527398625516103,148.51093433737458,2,153.00603610060517,central,central,central,,75,6.941693579252691e-10,0.0025,0.2625
0.0015,-0.55,orbital,2.6553515761637523,0.08324097419889938,31.89957351795219,-0.9971024010117728,175.63723626692877,2,0.04885605216141931,central,central,central,,18,2.6553515761637525e-10,0.0025,0.2625
0.0015,-0.55,photon_geometry,3.1059593786726607,0.261008977421213,11.899818195373038,-0.978649538361691,168.139117418974,2,0.6572073826428586,central,central,central,,27,3.1059593786726606e-10,0.0025,0.2625
0.0015,-0.55,redshift,1.5258084965697234,0.15253973974541887,10.002695029611436,-0.9670125003939549,165.24247685080556,2,0.05417090112838585,central,central,central,,9,1.5258084965697235e-10,0.0025,0.2625
0.0015,-0.55,timing,2.719654923138187,0.7269626018864163,3.7411208170556174,-0.8623757858646854,149.58439175292168,2,3.9088746629918054,central,central,central,,17,2.7196549231381873e-10,0.0025,0.2625
0.0015,-0.55,all_shooting,5.116954616065217,0.9306252328978075,5.498405195969055,-0.917811179192832,156.60816021126521,2,22.676330483415338,central,central,central,,71,5.116954616065218e-10,0.0025,0.2625
0.0015,-0.55,ringdown_only,1.8486934935310726,0.2799084190896288,6.604636972134471,-0.8715154337688773,150.63522307220512,2,0.26776989494990566,central,central,central,,4,1.8486934935310726e-10,0.0025,0.2625
0.0015,-0.55,ringdown_plus_photon_geometry,3.4055795204959605,1.270099930690104,2.6813476941499808,-0.7414635963704433,137.85624120893004,2,18.70931278868715,central,central,central,,31,3.4055795204959606e-10,0.0025,0.2625
0.0015,-0.55,ringdown_plus_all_shooting,5.305778475927641,1.547261770826635,3.4291408060143524,-0.8237591115587904,145.46288518782427,2,67.39471137551382,central,central,central,,75,5.305778475927642e-10,0.0025,0.2625
0.0015,-0.525,orbital,2.0446068147976253,0.07437406805485738,27.490856265782703,-0.9960347388421333,174.89592390873545,2,0.023123985142269217,central,central,central,,18,2.0446068147976254e-10,0.0025,0.2625
0.0015,-0.525,photon_geometry,2.371652871967006,0.20585301383402763,11.521098612037761,-0.9770214631592844,167.69351681230555,2,0.23835085096542893,central,central,central,,27,2.371652871967006e-10,0.0025,0.2625
0.0015,-0.525,redshift,1.1204228380032761,0.1349058907732892,8.305218041858222,-0.9521698376756139,162.20758206494955,2,0.022846818578071665,central,central,central,,9,1.1204228380032762e-10,0.0025,0.2625
0.0015,-0.525,timing,2.295388335027295,0.5807425337941091,3.952505975463956,-0.8772721288593571,151.31503258703844,2,1.7769680150537623,central,central,central,,17,2.295388335027295e-10,0.0025,0.2625
0.0015,-0.525,all_shooting,4.016128559784446,0.776781284040217,5.170217978084698,-0.9100140024617696,155.50728663648457,2,9.73223795719187,central,central,central,,71,4.0161285597844457e-10,0.0025,0.2625
0.0015,-0.525,ringdown_only,1.7664040301273263,0.25151436913803205,7.023074014343559,-0.8869183152262975,152.48852217785975,2,0.19738115998234723,central,central,central,,4,1.7664040301273264e-10,0.0025,0.2625
0.0015,-0.525,ringdown_plus_photon_geometry,2.7462659164374386,1.1439313791311527,2.400726098206435,-0.7013445086342431,134.53497389541448,2,9.869272046389653,central,central,central,,31,2.7462659164374387e-10,0.0025,0.2625
0.0015,-0.525,ringdown_plus_all_shooting,4.245084088261844,1.376728561144327,3.0834575587894832,-0.7965742707518298,142.80420335864798,2,34.156175718414815,central,central,central,,75,4.2450840882618446e-10,0.0025,0.2625
0.0015,-0.5,orbital,1.5540789514931197,0.06764860297515776,22.972816631022166,-0.9942364983260095,173.84554428685516,2,0.011052583927945744,central,central,central,,18,1.5540789514931198e-10,0.0025,0.2625
0.0015,-0.5,photon_geometry,1.7944224572616991,0.16807252813927767,10.676476858697004,-0.9729944594133647,166.65414794308413,2,0.09095840939308411,central,central,central,,27,1.7944224572616992e-10,0.0025,0.2625
0.0015,-0.5,redshift,0.8202969753973561,0.12171251978866172,6.739626924343504,-0.9281921033778913,158.15472814104487,2,0.00996810783850345,central,central,central,,9,8.202969753973562e-11,0.0025,0.2625
0.0015,-0.5,timing,1.9410450773254269,0.4655112927867875,4.169705670737531,-0.8899309044126692,152.86456564825696,2,0.8164539309159403,central,central,central,,17,1.941045077325427e-10,0.0025,0.2625
0.0015,-0.5,all_shooting,3.1491451454576564,0.6502927993448917,4.842657259360893,-0.9012045084277861,154.31684896218997,2,4.193756842147426,central,central,central,,71,3.1491451454576566e-10,0.0025,0.2625
0.0015,-0.5,ringdown_only,1.6863369063187967,0.22650802118581911,7.444932402351376,-0.900140509816094,154.1765427752834,2,0.14590019144821892,central,central,central,,4,1.686336906318797e-10,0.0025,0.2625
0.0015,-0.5,ringdown_plus_photon_geometry,2.2673086133407114,1.0012742016978307,2.264423281351007,-0.67209812914133,132.22920667552955,2,5.15379724214141,central,central,central,,31,2.2673086133407116e-10,0.0025,0.2625
0.0015,-0.5,ringdown_plus_all_shooting,3.428282908857969,1.2173373460738188,2.81621435497312,-0.7706947293385163,140.41631599123357,2,17.417074063846197,central,central,central,,75,3.4282829088579693e-10,0.0025,0.2625
0.0015,-0.475,orbital,1.1670736744789862,0.06169267327226699,18.917540974896067,-0.9914273398280945,172.49231265913045,2,0.0051839848633497415,central,central,central,,18,1.1670736744789862e-10,0.0025,0.2625
0.0015,-0.475,photon_geometry,1.345281004358425,0.140293014719157,9.589080447458135,-0.9663908625628758,165.10329444123738,2,0.03562034449539683,central,central,central,,27,1.345281004358425e-10,0.0025,0.2625
0.0015,-0.475,redshift,0.5975463403438503,0.11067844276821676,5.398940619314949,-0.8923064005723016,153.16451440504875,2,0.004373904152730593,central,central,central,,9,5.975463403438503e-11,0.0025,0.2625
0.0015,-0.475,timing,1.6459527524023545,0.3719209708740657,4.425544352968691,-0.9022113297759454,154.4502764332033,2,0.3747451861295661,central,central,central,,17,1.6459527524023545e-10,0.0025,0.2625
0.0015,-0.475,all_shooting,2.47380790732208,0.5407416335029477,4.574842686509351,-0.8938711579056778,153.36379972130095,2,1.7894170209345481,central,central,central,,71,2.47380790732208e-10,0.0025,0.2625
0.0015,-0.475,ringdown_only,1.608541662973992,0.20431908411224498,7.872694173248749,-0.9115688479966209,155.72306303717994,2,0.10801460814421894,central,central,central,,4,1.608541662973992e-10,0.0025,0.2625
0.0015,-0.475,ringdown_plus_photon_geometry,1.9368074072729664,0.8410664346261683,2.30279955011381,-0.6618317340042003,131.43972130304874,2,2.6535878967964464,central,central,central,,31,1.9368074072729665e-10,0.0025,0.2625
0.0015,-0.475,ringdown_plus_all_shooting,2.8140497285421615,1.0594355910012065,2.656178207004334,-0.7514783766844874,138.71860222410479,2,8.88817614765507,central,central,central,,75,2.8140497285421616e-10,0.0025,0.2625
0.0015,-0.45,orbital,0.9727150780749916,0.06023700088725134,16.148132605334585,-0.9859446770877798,170.38237058128854,2,0.0034331910963130525,central,one_sided_backward,one_sided,,18,9.727150780749916e-11,0.0025,0.2625
0.0015,-0.45,photon_geometry,1.1216678568054166,0.12939088948835262,8.668831795196724,-0.9509777743361485,161.98540593442524,2,0.021063762343153523,central,one_sided_backward,one_sided,,27,1.1216678568054166e-10,0.0025,0.2625
0.0015,-0.45,redshift,0.49129750986681703,0.1076208323500666,4.565078146475727,-0.8291352763473829,146.01001218036313,2,0.0027956436905921785,central,one_sided_backward,one_sided,,9,4.91297509866817e-11,0.0025,0.2625
0.0015,-0.45,timing,1.4596298120577904,0.3392211884507322,4.302885143242708,-0.8953871905582103,153.55820658753987,2,0.24516100481656297,central,one_sided_backward,one_sided,,17,1.4596298120577905e-10,0.0025,0.2625
0.0015,-0.45,all_shooting,2.115339899887411,0.49856464004834256,4.2428598620277205,-0.8705874732706448,150.52697960253468,2,1.112252190062369,central,one_sided_backward,one_sided,,71,2.115339899887411e-10,0.0025,0.2625
0.0015,-0.45,ringdown_only,1.5349682286576154,0.19809983872040096,7.748457740160388,-0.9127570199958885,155.88917579954907,2,0.0924627967137286,central,one_sided_backward,one_sided,,4,1.5349682286576156e-10,0.0025,0.2625
0.0015,-0.45,ringdown_plus_photon_geometry,1.7520565014703755,0.774951487525367,2.2608595888565532,-0.6382587051032353,129.66209773384574,2,1.8435089373699534,central,one_sided_backward,one_sided,,31,1.7520565014703755e-10,0.0025,0.2625
0.0015,-0.45,ringdown_plus_all_shooting,2.4709084151012957,1.0065844254870846,2.45474532740324,-0.7152582106518054,135.66436445784112,2,6.18605404277429,central,one_sided_backward,one_sided,,75,2.4709084151012956e-10,0.0025,0.2625
0.00175,-0.7125,orbital,50.627406741335435,3.2434383619781335,15.609178005300029,-0.9917495454981797,172.63495145639428,2,26963.897203597247,central,one_sided_forward,one_sided,,18,5.062740674133543e-09,0.0025,0.2625
0.00175,-0.7125,photon_geometry,46.787774742707676,5.4204192830338185,8.631763024154928,-0.9724915070918457,166.52987413263787,2,64317.7056666149,central,one_sided_forward,one_sided,,27,4.678777474270767e-09,0.0025,0.2625
0.00175,-0.7125,redshift,16.11196317688426,1.537144418235782,10.481749785993662,-0.9781653325743807,168.00488747663505,2,613.3752755043873,central,one_sided_forward,one_sided,,9,1.611196317688426e-09,0.0025,0.2625
0.00175,-0.7125,timing,33.31726047081106,4.670735835355347,7.133193065344124,-0.9601154064595504,163.76342736996872,2,24216.37755606695,central,one_sided_forward,one_sided,,17,3.331726047081106e-09,0.0025,0.2625
0.00175,-0.7125,all_shooting,78.18828194403606,8.516887452471304,9.180382197177979,-0.9759315453026602,167.4038834703032,2,443450.50843575026,central,one_sided_forward,one_sided,,71,7.818828194403607e-09,0.0025,0.2625
0.00175,-0.7125,ringdown_only,2.4740987901937026,0.6202705722919696,3.9887412053930418,-0.7436598728356685,138.04412093379048,2,2.355029916151878,central,one_sided_forward,one_sided,,4,2.4740987901937026e-10,0.0025,0.2625
0.00175,-0.7125,ringdown_plus_photon_geometry,46.83559074471981,5.60447594141018,8.356818948701775,-0.9707074534773638,166.0978469091332,2,68900.44442581061,central,one_sided_forward,one_sided,,31,4.683559074471981e-09,0.0025,0.2625
0.00175,-0.7125,ringdown_plus_all_shooting,78.2174550396772,8.630204676640155,9.063221322130708,-0.9753199974357492,167.24420594934193,2,455669.0735414996,central,one_sided_forward,one_sided,,75,7.821745503967721e-09,0.0025,0.2625
0.00175,-0.69,orbital,27.067357054720652,0.7616840380749366,35.536200972689535,-0.996880699999112,175.47332662573652,2,425.0513628050463,central,central,central,,18,2.7067357054720653e-09,0.0025,0.2625
0.00175,-0.69,photon_geometry,27.734235556046407,1.4657043059478188,18.922121906513514,-0.9884848023033299,171.29655957365264,2,1652.4378231886194,central,central,central,,27,2.773423555604641e-09,0.0025,0.2625
0.00175,-0.69,redshift,11.670145738586667,0.351769391157607,33.175557714622094,-0.9963511180065329,175.10390669851324,2,16.852667542338786,central,central,central,,9,1.1670145738586668e-09,0.0025,0.2625
0.00175,-0.69,timing,19.913743587266175,2.7697981491150094,7.189601016098918,-0.9276842865269588,158.07666765040477,2,3042.3001790390085,central,central,central,,17,1.991374358726618e-09,0.0025,0.2625
0.00175,-0.69,all_shooting,45.10554699273585,3.2546475522041787,13.858811520832282,-0.9793382679009403,168.33266641450447,2,21551.020428379026,central,central,central,,71,4.510554699273586e-09,0.0025,0.2625
0.00175,-0.69,ringdown_only,2.3842647645784303,0.6012853748689361,3.965279822576984,-0.7436698550719928,138.04497642372075,2,2.055276433672759,central,central,central,,4,2.3842647645784305e-10,0.0025,0.2625
0.00175,-0.69,ringdown_plus_photon_geometry,27.781047064653567,2.3655438173679686,11.744042473736231,-0.9710484655374652,166.1794024452021,2,4318.761432608196,central,central,central,,31,2.778104706465357e-09,0.0025,0.2625
0.00175,-0.69,ringdown_plus_all_shooting,45.13469550104069,3.742809746827773,12.059040815337918,-0.9730263264932493,166.66206022864634,2,28537.540264973988,central,central,central,,75,4.513469550104069e-09,0.0025,0.2625
0.00175,-0.6666666666666666,orbital,10.451415104279983,0.6628165767435268,15.768186057790917,-0.9851809894488066,170.12391054954637,2,47.988471486892195,central,central,central,,18,1.0451415104279982e-09,0.0025,0.2625
0.00175,-0.6666666666666666,photon_geometry,13.260875083922217,1.0836235723117997,12.237529177804337,-0.9724480074847205,166.5191787136171,2,206.49106094755714,central,central,central,,27,1.3260875083922219e-09,0.0025,0.2625
0.00175,-0.6666666666666666,redshift,7.4270246274816385,0.33334811099291894,22.280086139859378,-0.9918641418414984,172.68634952612453,2,6.129509533495133,central,central,central,,9,7.427024627481639e-10,0.0025,0.2625
0.00175,-0.6666666666666666,timing,9.537865034524962,2.229759645720383,4.277530563812631,-0.8198986647172793,145.07465098895932,2,452.29152281775686,central,central,central,,17,9.537865034524964e-10,0.0025,0.2625
0.00175,-0.6666666666666666,all_shooting,20.764022839065138,2.6012151675392596,7.982431864222839,-0.9404879885557268,160.1336698429409,2,2917.2627806785963,central,central,central,,71,2.0764022839065137e-09,0.0025,0.2625
0.00175,-0.6666666666666666,ringdown_only,2.2936311655937747,0.5403053104422063,4.245065005406999,-0.7696038348568127,140.31832688808592,2,1.5357680714105761,central,central,central,,4,2.2936311655937746e-10,0.0025,0.2625
0.00175,-0.6666666666666666,ringdown_plus_photon_geometry,13.350765152358719,2.082016243139857,6.412421226947122,-0.9110868848568282,155.655985721928,2,772.6459629296983,central,central,central,,31,1.335076515235872e-09,0.0025,0.2625
0.00175,-0.6666666666666666,ringdown_plus_all_shooting,20.82254737125262,3.14406735507855,6.622805754341863,-0.9174546182359486,156.55675619652507,2,4285.992435385218,central,central,central,,75,2.0822547371252623e-09,0.0025,0.2625
0.00175,-0.64,orbital,6.50565665172775,0.30084639569422633,21.62451252479008,-0.9928388129360098,173.13896472140746,2,3.830644973983664,central,central,central,,18,6.505656651727751e-10,0.0025,0.2625
0.00175,-0.64,photon_geometry,8.384784250491244,0.8132538379141192,10.310168682384612,-0.9638540129564552,164.54800361972656,2,46.4981878210913,central,central,central,,27,8.384784250491244e-10,0.0025,0.2625
0.00175,-0.64,redshift,5.109878780179314,0.2927840420085881,17.452722986963302,-0.9868192282539981,170.68707222471213,2,2.238288170871281,central,central,central,,9,5.109878780179314e-10,0.0025,0.2625
0.00175,-0.64,timing,5.936890473527404,1.7867276163017316,3.3227731073054723,-0.765348189635075,139.93797845775126,2,112.52130853074452,central,central,central,,17,5.936890473527404e-10,0.0025,0.2625
0.00175,-0.64,all_shooting,13.185739286619718,2.0376439665286163,6.471071248567181,-0.9191000756427906,156.7948717179583,2,721.8809391965094,central,central,central,,71,1.318573928661972e-09,0.0025,0.2625
0.00175,-0.64,ringdown_only,2.193326367983854,0.47893552935690464,4.579585838889348,-0.797135380938063,142.85741554853686,2,1.1034702560906888,central,central,central,,4,2.193326367983854e-10,0.0025,0.2625
0.00175,-0.64,ringdown_plus_photon_geometry,8.520266607743247,1.8469178278735268,4.613235347645742,-0.855996755269717,148.87002706971901,2,247.62900687608115,central,central,central,,31,8.520266607743247e-10,0.0025,0.2625
0.00175,-0.64,ringdown_plus_all_shooting,13.274397540883937,2.6165135568892626,5.073315024847679,-0.8790954468550801,151.53343950150958,2,1206.3563595361236,central,central,central,,75,1.3274397540883938e-09,0.0025,0.2625
0.00175,-0.61,orbital,4.989574259502051,0.16686634334717868,29.901621617732978,-0.9962447490745348,175.0330119872362,2,0.6932094576840825,central,central,central,,18,4.989574259502051e-10,0.0025,0.2625
0.00175,-0.61,photon_geometry,6.1552405512469965,0.5504828346833429,11.181530401011882,-0.9707760801548077,166.11422173802515,2,11.480944637398135,central,central,central,,27,6.155240551246997e-10,0.0025,0.2625
0.00175,-0.61,redshift,3.550028240190557,0.23325849671049395,15.219288001313979,-0.9826665581660315,169.31660329695262,2,0.6857069644846382,central,central,central,,9,3.550028240190557e-10,0.0025,0.2625
0.00175,-0.61,timing,4.500953884635996,1.3473162639430005,3.3406810302012455,-0.7977685049110612,142.91753552892615,2,36.774623179368504,central,central,central,,17,4.5009538846359966e-10,0.0025,0.2625
0.00175,-0.61,all_shooting,9.768922881018998,1.5533241858899658,6.289043182200865,-0.9203113678168588,156.9716443069727,2,230.2595073829982,central,central,central,,71,9.768922881018999e-10,0.0025,0.2625
0.00175,-0.61,ringdown_only,2.0841829020381164,0.4187728410947299,4.976881730414454,-0.8252511517205334,145.61396252356892,2,0.7617784352247903,central,central,central,,4,2.0841829020381164e-10,0.0025,0.2625
0.00175,-0.61,ringdown_plus_photon_geometry,6.329647529756856,1.6262745173020292,3.892115053402957,-0.8241995896567355,145.50742570580252,2,105.9611754431508,central,central,central,,31,6.329647529756856e-10,0.0025,0.2625
0.00175,-0.61,ringdown_plus_all_shooting,9.882330273741882,2.1687341247922642,4.556727429503825,-0.865164676825992,149.901514513646,2,459.3369206202318,central,central,central,,75,9.882330273741882e-10,0.0025,0.2625
0.00175,-0.58,orbital,3.9000766669447366,0.11112945172021728,35.09489704640749,-0.9971903098868731,175.70395738868046,2,0.1878471594057603,central,central,central,,18,3.9000766669447366e-10,0.0025,0.2625
0.00175,-0.58,photon_geometry,4.655825916180447,0.3755311622114624,12.397974881133145,-0.9763482335688832,167.51383289006282,2,3.0569295461152133,central,central,central,,27,4.6558259161804476e-10,0.0025,0.2625
0.00175,-0.58,redshift,2.4883006525949694,0.18755734339678326,13.266879384887073,-0.9769466824031938,167.67343065759553,2,0.21780801257986257,central,central,central,,9,2.4883006525949694e-10,0.0025,0.2625
0.00175,-0.58,timing,3.6515718920536027,1.0160349050949393,3.5939433514957795,-0.8336154885136094,146.4719474395042,2,13.765023811362482,central,central,central,,17,3.6515718920536026e-10,0.0025,0.2625
0.00175,-0.58,all_shooting,7.494398481766691,1.2115279118215732,6.1859065801452395,-0.9205698377364233,157.0095309911634,2,82.44046075136612,central,central,central,,71,7.494398481766691e-10,0.0025,0.2625
0.00175,-0.58,ringdown_only,1.9785742177692398,0.36678032469322713,5.394439353921472,-0.8500300763103524,148.2149407984158,2,0.5266435292694399,central,central,central,,4,1.97857421776924e-10,0.0025,0.2625
0.00175,-0.58,ringdown_plus_photon_geometry,4.870030555602193,1.4662280671415424,3.321468647845809,-0.7856131004685858,141.77741816486812,2,50.987818306407924,central,central,central,,31,4.870030555602193e-10,0.0025,0.2625
0.00175,-0.58,ringdown_plus_all_shooting,7.632070904588006,1.8532635899337275,4.118178841931993,-0.8473713403047551,147.9269025981954,2,200.05950037611484,central,central,central,,75,7.632070904588006e-10,0.0025,0.2625
0.00175,-0.55,orbital,2.951260420521479,0.08744949613809778,33.74816952473839,-0.996872148518336,175.46712275925654,2,0.0666085055981856,central,central,central,,18,2.951260420521479e-10,0.0025,0.2625
0.00175,-0.55,photon_geometry,3.4587802056192887,0.2682367733193098,12.894504220351426,-0.9779096145357764,167.9345919939443,2,0.8607609618723614,central,central,central,,27,3.458780205619289e-10,0.0025,0.2625
0.00175,-0.55,redshift,1.732907276733439,0.15645999182365927,11.075721381134544,-0.9666279227530097,165.15622084785545,2,0.07351183389669372,central,central,central,,9,1.732907276733439e-10,0.0025,0.2625
0.00175,-0.55,timing,2.979964514052919,0.7731712245036793,3.8542103218673764,-0.8591419414357488,149.22037621253676,2,5.308521119634775,central,central,central,,17,2.9799645140529193e-10,0.0025,0.2625
0.00175,-0.55,all_shooting,5.685593024348875,0.965483572694911,5.888855269156919,-0.9154489098553454,156.26955883719165,2,30.13292681993825,central,central,central,,71,5.685593024348875e-10,0.0025,0.2625
0.00175,-0.55,ringdown_only,1.876297130248391,0.32175555190545485,5.831436688930002,-0.8715154337687986,150.6352230721959,2,0.3644645792376116,central,central,central,,4,1.876297130248391e-10,0.0025,0.2625
0.00175,-0.55,ringdown_plus_photon_geometry,3.727478918503018,1.328544295693772,2.805686592900925,-0.7378441082572097,137.54808905488994,2,24.52350095753396,central,central,central,,31,3.7274789185030184e-10,0.0025,0.2625
0.00175,-0.55,ringdown_plus_all_shooting,5.854762956735456,1.6136588376317182,3.628253271508234,-0.8204924341674799,145.13411872136612,2,89.25695656954801,central,central,central,,75,5.854762956735456e-10,0.0025,0.2625
0.00175,-0.525,orbital,2.287255111292428,0.07680276465305039,29.78089553969702,-0.9959004226309806,174.81013986347003,2,0.030859076182555966,central,central,central,,18,2.2872551112924283e-10,0.0025,0.2625
0.00175,-0.525,photon_geometry,2.6572399922658656,0.21134197761874454,12.573176527473676,-0.9765101742784531,167.55682131660402,2,0.31537923409195934,central,central,central,,27,2.6572399922658656e-10,0.0025,0.2625
0.00175,-0.525,redshift,1.2740405261858072,0.13820965626495718,9.218173032305254,-0.9517969995602037,162.13780542354763,2,0.031005822698132134,central,central,central,,9,1.2740405261858071e-10,0.0025,0.2625
0.00175,-0.525,timing,2.5148097090519146,0.6186160814357885,4.065218775456209,-0.8754096238891452,151.09349160442832,2,2.420207865787713,central,central,central,,17,2.5148097090519147e-10,0.0025,0.2625
0.00175,-0.525,all_shooting,4.476822197682985,0.8064256491003435,5.551438254323101,-0.9083817476889663,155.28267028996635,2,13.033719111267962,central,central,central,,71,4.476822197682985e-10,0.0025,0.2625
0.00175,-0.525,ringdown_only,1.7935220648705763,0.28899672027805173,6.206029131212905,-0.8869183152262513,152.488522177854,2,0.26865768997615097,central,central,central,,4,1.7935220648705764e-10,0.0025,0.2625
0.00175,-0.525,ringdown_plus_photon_geometry,2.990404117190234,1.209674966840964,2.4720724154518954,-0.6994473255187403,134.38267965121108,2,13.085705761317286,central,central,central,,31,2.990404117190234e-10,0.0025,0.2625
0.00175,-0.525,ringdown_plus_all_shooting,4.680795414686293,1.443140362042058,3.243478969753795,-0.7945111045413861,142.60910260239066,2,45.630630106735076,central,central,central,,75,4.680795414686293e-10,0.0025,0.2625
0.00175,-0.5,orbital,1.7466396513953415,0.06961470010215073,25.09009805159499,-0.994123058364345,173.78521309108956,2,0.014784564737391126,central,central,central,,18,1.7466396513953415e-10,0.0025,0.2625
0.00175,-0.5,photon_geometry,2.0192576413076506,0.17247065454223798,11.707833119014083,-0.972597628892235,166.55600175495343,2,0.12128689921618502,central,central,central,,27,2.0192576413076506e-10,0.0025,0.2625
0.00175,-0.5,redshift,0.9336106653204408,0.12467301309078525,7.488474387320677,-0.9277238783890972,158.08274412231216,2,0.01354804154953735,central,central,central,,9,9.336106653204408e-11,0.0025,0.2625
0.00175,-0.5,timing,2.124660536090288,0.49669816508090203,4.277568723742364,-0.8888364506514592,152.7273980152943,2,1.1136897274767548,central,central,central,,17,2.1246605360902882e-10,0.0025,0.2625
0.00175,-0.5,all_shooting,3.5147825569515505,0.6760999184372465,5.198614082184336,-0.9001138698014396,154.1730389525875,2,5.647011757251944,central,central,central,,71,3.514782556951551e-10,0.0025,0.2625
0.00175,-0.5,ringdown_only,1.7129461770351222,0.2601542969033407,6.584347048749922,-0.9001405098162131,154.17654277529908,2,0.1985863716932334,central,central,central,,4,1.7129461770351223e-10,0.0025,0.2625
0.00175,-0.5,ringdown_plus_photon_geometry,2.439658860457177,1.0756751632657813,2.2680256491655917,-0.6714425664931488,132.17850063873206,2,6.886847843696413,central,central,central,,31,2.439658860457177e-10,0.0025,0.2625
0.00175,-0.5,ringdown_plus_all_shooting,3.7629210628762757,1.2857283774344872,2.926684305113279,-0.7695698158769299,140.31527439754305,2,23.407157351571783,central,central,central,,75,3.7629210628762757e-10,0.0025,0.2625
0.00175,-0.475,orbital,1.3157558705327494,0.06336351553752013,20.765196807201086,-0.9913296636509445,172.44960116701475,2,0.006950709892476262,central,central,central,,18,1.3157558705327495e-10,0.0025,0.2625
0.00175,-0.475,photon_geometry,1.5184872364780486,0.14394488445478668,10.54908788339059,-0.9660555284252939,165.0287395681823,2,0.04777654746050335,central,central,central,,27,1.5184872364780486e-10,0.0025,0.2625
0.00175,-0.475,redshift,0.6802909455631092,0.11339761831203785,5.9991643183469945,-0.8917123307286127,153.0892125198599,2,0.005951099995672655,central,central,central,,9,6.802909455631093e-11,0.0025,0.2625
0.00175,-0.475,timing,1.799309001103927,0.39744986260286197,4.527134540493789,-0.9015885406131894,154.3676658420712,2,0.5114182330905895,central,central,central,,17,1.799309001103927e-10,0.0025,0.2625
0.00175,-0.475,all_shooting,2.75958459010325,0.5635414965248117,4.896861379544835,-0.8931817078335692,153.27582266729556,2,2.4184617560675803,central,central,central,,71,2.7595845901032504e-10,0.0025,0.2625
0.00175,-0.475,ringdown_only,1.6346183254243758,0.2345695709269568,6.968586415385412,-0.9115688479967657,155.72306303720012,2,0.14701988330717694,central,central,central,,4,1.634618325424376e-10,0.0025,0.2625
0.00175,-0.475,ringdown_plus_photon_geometry,2.0508027851876953,0.9207233606202689,2.22738215722703,-0.6619400372972267,131.44799942929853,2,3.5653824434422305,central,central,central,,31,2.0508027851876955e-10,0.0025,0.2625
0.00175,-0.475,ringdown_plus_all_shooting,3.0628920901401795,1.1307422897440067,2.708744616630196,-0.750988764950732,138.67610049731414,2,11.994735143880318,central,central,central,,75,3.0628920901401796e-10,0.0025,0.2625
0.00175,-0.45,orbital,1.1047109531120702,0.06191562728967784,17.842199158276802,-0.985648191531286,170.28122055402528,2,0.004678405641038567,central,one_sided_backward,one_sided,,18,1.1047109531120703e-10,0.0025,0.2625
0.00175,-0.45,photon_geometry,1.2752616626841984,0.13188418069716096,9.669557455207746,-0.9507288266859067,161.93934088713854,2,0.028286813000375267,central,one_sided_backward,one_sided,,27,1.2752616626841985e-10,0.0025,0.2625
0.00175,-0.45,redshift,0.5625174002624365,0.10973213376300749,5.1262777909461406,-0.8281524959111051,145.90941977661655,2,0.003810128039081462,central,one_sided_backward,one_sided,,9,5.6251740026243645e-11,0.0025,0.2625
0.00175,-0.45,timing,1.6045151432132327,0.36055249817750035,4.450156776956593,-0.8948810591988516,153.49315631570008,2,0.3346760684819196,central,one_sided_backward,one_sided,,17,1.6045151432132328e-10,0.0025,0.2625
0.00175,-0.45,all_shooting,2.37351043808816,0.5169987389404745,4.590940478795709,-0.8701027179955931,150.47057818609437,2,1.5057790812141043,central,one_sided_backward,one_sided,,71,2.37351043808816e-10,0.0025,0.2625
0.00175,-0.45,ringdown_only,1.56122148683916,0.22723005967976617,6.8706644228293525,-0.91275701999579,155.88917579953525,2,0.12585213997154468,central,one_sided_backward,one_sided,,4,1.56122148683916e-10,0.0025,0.2625
0.00175,-0.45,ringdown_plus_photon_geometry,1.8447761276196957,0.8541269316589036,2.159838379099851,-0.6388500574169982,129.70612452701198,2,2.482745319359731,central,one_sided_backward,one_sided,,31,1.8447761276196958e-10,0.0025,0.2625
0.00175,-0.45,ringdown_plus_all_shooting,2.6895503180901827,1.0752695537542358,2.5012800824684263,-0.7151539030441421,135.65581349353255,2,8.363615242873625,central,one_sided_backward,one_sided,,75,2.6895503180901826e-10,0.0025,0.2625
0.002,-0.7125,orbital,98.57529814631482,5.003276509931877,19.702148772036786,-0.9947834204983059,174.1450994773269,2,243245.72083327756,central,one_sided_forward,one_sided,,18,9.857529814631482e-09,0.0025,0.2625
0.002,-0.7125,photon_geometry,85.21864493155353,7.232238292025713,11.783163315500245,-0.9851790948558603,170.12327767866466,2,379852.24938093434,central,one_sided_forward,one_sided,,27,8.521864493155353e-09,0.0025,0.2625
0.002,-0.7125,redshift,23.350285867122125,2.1732839135726154,10.744240879571544,-0.9790060084833339,168.2389017435427,2,2575.2377764481944,central,one_sided_forward,one_sided,,9,2.3350285867122127e-09,0.0025,0.2625
0.002,-0.7125,timing,60.05117698198918,6.0095260055516135,9.992664467466115,-0.9794532815292787,168.36529722735688,2,130233.7318447464,central,one_sided_forward,one_sided,,17,6.0051176981989186e-09,0.0025,0.2625
0.002,-0.7125,all_shooting,145.3064034504264,11.615131692466893,12.510095218693584,-0.9869536672476301,170.73479246328162,2,2848510.228959525,central,one_sided_forward,one_sided,,71,1.4530640345042639e-08,0.0025,0.2625
0.002,-0.7125,ringdown_only,2.5116758340565712,0.6982751296127975,3.596971634159916,-0.7436598728358463,138.04412093380571,2,3.0759574415023585,central,one_sided_forward,one_sided,,4,2.5116758340565716e-10,0.0025,0.2625
0.002,-0.7125,ringdown_plus_photon_geometry,85.24742437948882,7.361756244143897,11.579767320780435,-0.9846621638312097,169.95207603876315,2,393845.05720401474,central,one_sided_forward,one_sided,,31,8.524742437948882e-09,0.0025,0.2625
0.002,-0.7125,ringdown_plus_all_shooting,145.32349141845935,11.693635599437608,12.427571406915444,-0.9867820494854972,170.67391803385757,2,2887824.248791137,central,one_sided_forward,one_sided,,75,1.4532349141845937e-08,0.0025,0.2625
0.002,-0.69,orbital,50.99998701852325,1.0192858876990654,50.03501729397093,-0.9979174693136693,176.30164383391653,2,2702.2912422869213,central,central,central,,18,5.099998701852325e-09,0.0025,0.2625
0.002,-0.69,photon_geometry,46.948379829307164,1.6209495484476684,28.963504678025377,-0.9937284469472951,173.5797429419649,2,5791.355364798191,central,central,central,,27,4.694837982930717e-09,0.0025,0.2625
0.002,-0.69,redshift,15.84797382007068,0.3587190007053383,44.17935428262592,-0.9974554711591652,175.91178759522194,2,32.31887630509841,central,central,central,,9,1.584797382007068e-09,0.0025,0.2625
0.002,-0.69,timing,33.60795350373857,2.8583687802699416,11.757738796938815,-0.9647851086532209,164.7495174783635,2,9228.277698672957,central,central,central,,17,3.360795350373857e-09,0.0025,0.2625
0.002,-0.69,all_shooting,78.64935021683915,3.4708702700449368,22.65983574656073,-0.9899653582612171,171.87632759265563,2,74519.00385378709,central,central,central,,71,7.864935021683915e-09,0.0025,0.2625
0.002,-0.69,ringdown_only,2.421031526908776,0.6767474427195611,3.577452050915296,-0.7436698550718993,138.04497642371274,2,2.684442688879615,central,central,central,,4,2.421031526908776e-10,0.0025,0.2625
0.002,-0.69,ringdown_plus_photon_geometry,46.97722269397282,2.497553753556906,18.809293944953108,-0.9853599427737845,170.18387033290767,2,13765.892170935149,central,central,central,,31,4.697722269397282e-09,0.0025,0.2625
0.002,-0.69,ringdown_plus_all_shooting,78.66666844619908,3.9549824644106746,19.89052268981958,-0.9870475622267776,170.76826628501547,2,96798.94871488419,central,central,central,,75,7.866666844619909e-09,0.0025,0.2625
0.002,-0.6666666666666666,orbital,16.226527366804792,0.7372067552600694,22.010822948957447,-0.9897206615446906,171.7777072053852,2,143.09675500990463,central,central,central,,18,1.6226527366804793e-09,0.0025,0.2625
0.002,-0.6666666666666666,photon_geometry,18.129408482215315,1.1255638956124543,16.106956302423452,-0.9800294980155326,168.5301552790866,2,416.39698529341985,central,central,central,,27,1.8129408482215315e-09,0.0025,0.2625
0.002,-0.6666666666666666,redshift,8.953551567789441,0.3304739129991851,27.09306609569367,-0.9931317899422003,173.2809434353873,2,8.755179290079928,central,central,central,,9,8.953551567789442e-10,0.0025,0.2625
0.002,-0.6666666666666666,timing,13.420397491889856,2.2825800404434458,5.879486043907851,-0.8732697677215688,150.8408599374053,2,938.3887424210357,central,central,central,,17,1.3420397491889858e-09,0.0025,0.2625
0.002,-0.6666666666666666,all_shooting,29.19299650674748,2.6734816824534935,10.919467561100564,-0.958787559628201,163.49351037503885,2,6091.325064504667,central,central,central,,71,2.919299650674748e-09,0.0025,0.2625
0.002,-0.6666666666666666,ringdown_only,2.3291838572035357,0.6080663810363387,3.8304762931209333,-0.7696038348569574,140.3183268880989,2,2.005901154494471,central,central,central,,4,2.329183857203536e-10,0.0025,0.2625
0.002,-0.6666666666666666,ringdown_plus_photon_geometry,18.19806763423559,2.1371763011782754,8.515005348039171,-0.9346994551981975,159.1796439876608,2,1512.6249130522556,central,central,central,,31,1.8198067634235589e-09,0.0025,0.2625
0.002,-0.6666666666666666,ringdown_plus_all_shooting,29.23597309718194,3.2297474475015173,9.05209263956488,-0.9420190125543806,160.393435389677,2,8916.044646438366,central,central,central,,75,2.923597309718194e-09,0.0025,0.2625
0.002,-0.64,orbital,7.4528868736631155,0.4770273749589639,15.623604147045539,-0.983279244262806,169.50765434102522,2,12.639667898589684,central,central,central,,18,7.452886873663116e-10,0.0025,0.2625
0.002,-0.64,photon_geometry,9.581076305548715,0.839863656779839,11.407894874608544,-0.9628446386794093,164.33240535421666,2,64.75095454222475,central,central,central,,27,9.581076305548714e-10,0.0025,0.2625
0.002,-0.64,redshift,5.823108859316028,0.29968761555878687,19.43059558353276,-0.9867461285062699,170.661226303717,2,3.0454215089719794,central,central,central,,9,5.823108859316028e-10,0.0025,0.2625
0.002,-0.64,timing,7.043517121056869,1.851430980369376,3.8043638654310667,-0.7700798110374774,140.3610563550167,2,170.0568782337236,central,central,central,,17,7.043517121056869e-10,0.0025,0.2625
0.002,-0.64,all_shooting,15.191235184429406,2.130536349893561,7.130239850255707,-0.9166750294497535,156.44473464129373,2,1047.5242153775282,central,central,central,,71,1.5191235184429406e-09,0.0025,0.2625
0.002,-0.64,ringdown_only,2.2277773736415494,0.5388904334014124,4.134008020109177,-0.7971353809380161,142.8574155485324,2,1.4412672732621485,central,central,central,,4,2.2277773736415495e-10,0.0025,0.2625
0.002,-0.64,ringdown_plus_photon_geometry,9.70299127865782,1.8994076199535679,5.108430216203415,-0.8541745597490076,148.66866299762137,2,339.66252515215746,central,central,central,,31,9.702991278657819e-10,0.0025,0.2625
0.002,-0.64,ringdown_plus_all_shooting,15.269883822121948,2.7197158953616554,5.614514313117779,-0.8770631847219962,151.29010128498513,2,1724.7197821718446,central,central,central,,75,1.5269883822121948e-09,0.0025,0.2625
0.002,-0.61,orbital,5.396460174218582,0.20123607970207844,26.81656382000591,-0.9943819215541202,173.9237579686246,2,1.1793145290965927,central,central,central,,18,5.396460174218582e-10,0.0025,0.2625
0.002,-0.61,photon_geometry,6.67705052073427,0.5689145385020673,11.736473703615868,-0.9677184407956478,165.4021073063131,2,14.42990224417865,central,central,central,,27,6.677050520734271e-10,0.0025,0.2625
0.002,-0.61,redshift,3.980950617150188,0.23960216973802714,16.614835422829533,-0.9820429695087712,169.12555935734306,2,0.9098191498828998,central,central,central,,9,3.980950617150188e-10,0.0025,0.2625
0.002,-0.61,timing,4.955992994959871,1.4103221478118062,3.5140857729912076,-0.7862391578805361,141.83543089788267,2,48.85376286447948,central,central,central,,17,4.955992994959872e-10,0.0025,0.2625
0.002,-0.61,all_shooting,10.674639627584535,1.6053867895592395,6.6492634030676605,-0.9141533786961541,156.0857802847946,2,293.6742135851221,central,central,central,,71,1.0674639627584536e-09,0.0025,0.2625
0.002,-0.61,ringdown_only,2.117638510934807,0.47103638766386013,4.4957004732424,-0.8252511517205834,145.61396252357397,2,0.994975915395577,central,central,central,,4,2.117638510934807e-10,0.0025,0.2625
0.002,-0.61,ringdown_plus_photon_geometry,6.843228121989404,1.6682818768025294,4.101961555265053,-0.814762786148405,144.56391347145924,2,130.33495282651438,central,central,central,,31,6.843228121989404e-10,0.0025,0.2625
0.002,-0.61,ringdown_plus_all_shooting,10.781180270015694,2.2355352937968336,4.822639257779257,-0.857118230430383,148.99454157519048,2,580.8923768366654,central,central,central,,75,1.0781180270015694e-09,0.0025,0.2625
0.002,-0.58,orbital,4.237673616355998,0.12143972022399718,34.895284743241774,-0.9965921957343524,175.2685052665993,2,0.2648356982828709,central,central,central,,18,4.2376736163559984e-10,0.0025,0.2625
0.002,-0.58,photon_geometry,5.071187915651995,0.3842692283219637,13.196965934006695,-0.9748106373653048,167.11269543005818,2,3.797437407578605,central,central,central,,27,5.071187915651995e-10,0.0025,0.2625
0.002,-0.58,redshift,2.7869820213776686,0.19152799297455922,14.551303849082077,-0.97641224858246,167.53080874249122,2,0.28492650416897886,central,central,central,,9,2.786982021377669e-10,0.0025,0.2625
0.002,-0.58,timing,3.9826321322620526,1.0630270717654706,3.7465011362765344,-0.8267328377445422,145.76456971106944,2,17.923756535284756,central,central,central,,17,3.982632132262053e-10,0.0025,0.2625
0.002,-0.58,all_shooting,8.190277216691777,1.245765278712272,6.574494695467784,-0.916462500974871,156.41428281770877,2,104.10453478792886,central,central,central,,71,8.190277216691778e-10,0.0025,0.2625
0.002,-0.58,ringdown_only,2.0111829028003236,0.4123811019803219,4.877000650956827,-0.8500300763103075,148.2149407984109,2,0.6878609361889078,central,central,central,,4,2.0111829028003236e-10,0.0025,0.2625
0.002,-0.58,ringdown_plus_photon_geometry,5.274297015867242,1.503767118236968,3.507389509920181,-0.7790587354385018,141.1744747150068,2,62.90574849673681,central,central,central,,31,5.274297015867242e-10,0.0025,0.2625
0.002,-0.58,ringdown_plus_all_shooting,8.319750840328346,1.905054543195044,4.367198235896677,-0.8417111714199599,147.32125866909647,2,251.20915880792606,central,central,central,,75,8.319750840328347e-10,0.0025,0.2625
0.002,-0.55,orbital,3.241790121720275,0.09123833468984942,35.53100933659342,-0.9966038581231663,175.27661300174967,2,0.08748316540073278,central,central,central,,18,3.2417901217202755e-10,0.0025,0.2625
0.002,-0.55,photon_geometry,3.804401772356222,0.2732276992973025,13.923924192680788,-0.9771255721567903,167.72153442017603,2,1.080493605488176,central,central,central,,27,3.804401772356222e-10,0.0025,0.2625
0.002,-0.55,redshift,1.9432895484969157,0.15920721160944265,12.2060397192564,-0.9662026795737433,165.06141092591608,2,0.09571951777865381,central,central,central,,9,1.9432895484969158e-10,0.0025,0.2625
0.002,-0.55,timing,3.252732194879116,0.8088376962135809,4.021489366910271,-0.8556932602176758,148.83640777411344,2,6.921805371801912,central,central,central,,17,3.252732194879116e-10,0.0025,0.2625
0.002,-0.55,all_shooting,6.254592548240338,0.9909249515538742,6.311873102430695,-0.9129478449268736,155.91595449653659,2,38.413119242406644,central,central,central,,71,6.254592548240339e-10,0.0025,0.2625
0.002,-0.55,ringdown_only,1.9081318182371583,0.3615856921484533,5.277122020231243,-0.8715154337687425,150.63522307218935,2,0.4760353688003139,central,central,central,,4,1.9081318182371584e-10,0.0025,0.2625
0.002,-0.55,ringdown_plus_photon_geometry,4.055442313026514,1.368658144103248,2.9630790789497414,-0.734196996074069,137.23940680769184,2,30.8082073256275,central,central,central,,31,4.055442313026514e-10,0.0025,0.2625
0.002,-0.55,ringdown_plus_all_shooting,6.412164240673239,1.6606387937424907,3.8612636684359853,-0.8170927975175493,144.7948216544095,2,113.38605202367239,central,central,central,,75,6.41216424067324e-10,0.0025,0.2625
0.002,-0.525,orbital,2.528927807758194,0.08006725554662532,31.5850442292921,-0.9955990176368329,174.62260610428868,2,0.04099989540851873,central,central,central,,18,2.5289278077581944e-10,0.0025,0.2625
0.002,-0.525,photon_geometry,2.9411588697518742,0.2150638181522859,13.675749342779968,-0.9759813665986978,167.41697980556864,2,0.4001028746048337,central,central,central,,27,2.9411588697518745e-10,0.0025,0.2625
0.002,-0.525,redshift,1.4303056074669438,0.14047136477986913,10.182186310415346,-0.9513954442149273,162.0629480909293,2,0.04036763314693739,central,central,central,,9,1.430305607466944e-10,0.0025,0.2625
0.002,-0.525,timing,2.7462923852517003,0.6476348385470139,4.2404951398431265,-0.8734622331233693,150.86350058549067,2,3.163398841947766,central,central,central,,17,2.7462923852517004e-10,0.0025,0.2625
0.002,-0.525,all_shooting,4.943708439622041,0.8278650335274486,5.971635761154693,-0.9066645022481352,155.04840493547164,2,16.75038444515455,central,central,central,,71,4.943708439622041e-10,0.0025,0.2625
0.002,-0.525,ringdown_only,1.8247246000552975,0.3246341906549938,5.620863891057397,-0.8869183152263208,152.48852217786262,2,0.3508998399687036,central,central,central,,4,1.8247246000552974e-10,0.0025,0.2625
0.002,-0.525,ringdown_plus_photon_geometry,3.2489130022711596,1.2554837595369182,2.5877778008610104,-0.6975722401095495,134.23254756221314,2,16.637894372462487,central,central,central,,31,3.24891300227116e-10,0.0025,0.2625
0.002,-0.525,ringdown_plus_all_shooting,5.1322864733810665,1.4900524919164806,3.4443662228167584,-0.7923882000181657,142.40925595011348,2,58.4823634920978,central,central,central,,75,5.132286473381067e-10,0.0025,0.2625
0.002,-0.5,orbital,1.9397736184663246,0.07155243622448317,27.109819327194206,-0.9939121481366641,173.67456727152285,2,0.019264198627566797,central,central,central,,18,1.9397736184663247e-10,0.0025,0.2625
0.002,-0.5,photon_geometry,2.2448230265180658,0.1754482790049939,12.79478510276051,-0.9721934564369815,166.4567574453838,2,0.15511808769773308,central,central,central,,27,2.244823026518066e-10,0.0025,0.2625
0.002,-0.5,redshift,1.0490183144923881,0.12670505924809952,8.279214111240176,-0.9272286363256371,158.00685034788665,2,0.01766664383371979,central,central,central,,9,1.0490183144923882e-10,0.0025,0.2625
0.002,-0.5,timing,2.3193678717357495,0.5205621554256634,4.455506124603321,-0.8877087924811248,152.5867319680946,2,1.4577547251543344,central,central,central,,17,2.3193678717357497e-10,0.0025,0.2625
0.002,-0.5,all_shooting,3.8887499256881144,0.6945673867673084,5.598808697003952,-0.8989912687976684,154.02578918296933,2,7.295394915603131,central,central,central,,71,3.8887499256881143e-10,0.0025,0.2625
0.002,-0.5,ringdown_only,1.743501990639112,0.29210851703725643,5.968679065994985,-0.9001405098161487,154.1765427752906,2,0.25937811813007866,central,central,central,,4,1.7435019906391122e-10,0.0025,0.2625
0.002,-0.5,ringdown_plus_photon_geometry,2.63046374085506,1.1295129942265363,2.3288477018861915,-0.6708187853790595,132.13029054122185,2,8.827690584651416,central,central,central,,31,2.6304637408550605e-10,0.0025,0.2625
0.002,-0.5,ringdown_plus_all_shooting,4.116972067370657,1.3343415652965742,3.0853959544126233,-0.7684353620156847,140.2135928882522,2,30.17795942166352,central,central,central,,75,4.1169720673706573e-10,0.0025,0.2625
0.002,-0.475,orbital,1.4659729829108827,0.06532614034471258,22.440832646399212,-0.991009000069009,172.31104073211398,2,0.00917119509918716,central,central,central,,18,1.465972982910883e-10,0.0025,0.2625
0.002,-0.475,photon_geometry,1.6932990920851718,0.14642699165573272,11.564118561325902,-0.9657172048334842,164.95388590807065,2,0.06147657030457022,central,central,central,,27,1.6932990920851718e-10,0.0025,0.2625
0.002,-0.475,redshift,0.7646947921452918,0.11526480083621578,6.634243815957972,-0.8910936607630252,153.0109991259475,2,0.007769081429155709,central,central,central,,9,7.646947921452919e-11,0.0025,0.2625
0.002,-0.475,timing,1.9625014096956386,0.41700259637370707,4.706209090211264,-0.9009538607884515,154.28373261795443,2,0.669726483323401,central,central,central,,17,1.9625014096956386e-10,0.0025,0.2625
0.002,-0.475,all_shooting,3.054360842333262,0.5798912510857117,5.267126959778546,-0.8924620573943598,153.18427719244124,2,3.13713927377311,central,central,central,,71,3.054360842333262e-10,0.0025,0.2625
0.002,-0.475,ringdown_only,1.6645095800377594,0.26326533915387745,6.322554975855978,-0.9115688479966946,155.72306303719023,2,0.19202597003405686,central,central,central,,4,1.6645095800377595e-10,0.0025,0.2625
0.002,-0.475,ringdown_plus_photon_geometry,2.182612819793063,0.9822447448849347,2.2220661715515164,-0.6620727786875502,131.4581469142549,2,4.596135581088391,central,central,central,,31,2.182612819793063e-10,0.0025,0.2625
0.002,-0.475,ringdown_plus_all_shooting,3.3326933463351383,1.1825607208068802,2.8182006113488938,-0.7504948819390096,138.63326429023482,2,15.532365734549437,central,central,central,,75,3.332693346335138e-10,0.0025,0.2625
0.002,-0.45,orbital,1.2373903425471828,0.06337107446270321,19.52610639851852,-0.9852603247669577,170.15044790452544,2,0.006148873885925642,central,one_sided_backward,one_sided,,18,1.2373903425471828e-10,0.0025,0.2625
0.002,-0.45,photon_geometry,1.429868929073633,0.13351261800407832,10.709616442619348,-0.9504820910477604,161.89379694142093,2,0.03644492677701652,central,one_sided_backward,one_sided,,27,1.4298689290736332e-10,0.0025,0.2625
0.002,-0.45,redshift,0.634860515548241,0.11118808855285311,5.7097889154417905,-0.827137205206025,145.80577308287184,2,0.0049827966462804955,central,one_sided_backward,one_sided,,9,6.34860515548241e-11,0.0025,0.2625
0.002,-0.45,timing,1.7580427679781252,0.37662702954208166,4.667861385614369,-0.8943681215631115,153.4273820079537,2,0.43841140336069,central,one_sided_backward,one_sided,,17,1.7580427679781254e-10,0.0025,0.2625
0.002,-0.45,all_shooting,2.6390624264661393,0.5299282916384302,4.9800368617925574,-0.8696140425776293,150.4138196941889,2,1.955840969578324,central,one_sided_backward,one_sided,,71,2.639062426466139e-10,0.0025,0.2625
0.002,-0.45,ringdown_only,1.5912943906956485,0.25478374528812137,6.245666845410952,-0.9127570199958284,155.88917579954065,2,0.16437830526890385,central,one_sided_backward,one_sided,,4,1.5912943906956485e-10,0.0025,0.2625
0.002,-0.45,ringdown_plus_photon_geometry,1.9543633811737657,0.9164863024322875,2.1324523628853247,-0.6394605548547798,129.75160618617807,2,3.2082085386049557,central,one_sided_backward,one_sided,,31,1.9543633811737658e-10,0.0025,0.2625
0.002,-0.45,ringdown_plus_all_shooting,2.928802333480011,1.124599471451367,2.604307051380885,-0.7150616382484205,135.6482508670859,2,10.848654389498416,central,one_sided_backward,one_sided,,75,2.928802333480011e-10,0.0025,0.2625
0.00225,-0.7125,orbital,216.51984843953215,15.27041602749684,14.179040574248491,-0.9900919486721204,171.92781713747397,2,10931938.180807529,central,one_sided_forward,one_sided,,18,2.1651984843953217e-08,0.0025,0.2625
0.00225,-0.7125,photon_geometry,170.74918949544642,16.433064925433417,10.390586921565575,-0.981468244475876,168.9523759115551,2,7873257.289642572,central,one_sided_forward,one_sided,,27,1.7074918949544643e-08,0.0025,0.2625
0.00225,-0.7125,redshift,35.96725839514039,3.22523041337417,11.151841507507113,-0.9808480205920056,168.7684409902873,2,13456.625400779692,central,one_sided_forward,one_sided,,9,3.596725839514039e-09,0.0025,0.2625
0.00225,-0.7125,timing,120.35983122663168,10.587898996348788,11.36767844764457,-0.9845529640933387,169.91627843901207,2,1623987.6399278988,central,one_sided_forward,one_sided,,17,1.203598312266317e-08,0.0025,0.2625
0.00225,-0.7125,all_shooting,302.7889286768946,27.583776872772653,10.977065616267039,-0.9835203482411496,169.5837864770319,2,69756943.79729605,central,one_sided_forward,one_sided,,71,3.027889286768946e-08,0.0025,0.2625
0.00225,-0.7125,ringdown_only,2.55513405335396,0.7721985709725433,3.3089080314353647,-0.7436598728357375,138.04412093379636,2,3.8930086369039043,central,one_sided_forward,one_sided,,4,2.5551340533539604e-10,0.0025,0.2625
0.00225,-0.7125,ringdown_plus_photon_geometry,170.76543702910342,16.480954253874792,10.36138043942178,-0.9813651670094385,168.9215981152722,2,7920719.900950087,central,one_sided_forward,one_sided,,31,1.7076543702910342e-08,0.0025,0.2625
0.00225,-0.7125,ringdown_plus_all_shooting,302.7983226592901,27.60979665358969,10.967060947908928,-0.9834905656550199,169.57435242562073,2,69892945.97406603,central,one_sided_forward,one_sided,,75,3.027983226592901e-08,0.0025,0.2625
0.00225,-0.69,orbital,98.93689347975806,1.7564998691967584,56.32616045966549,-0.9976562952528458,176.0764974603873,2,30200.40612383261,central,central,central,,18,9.893689347975807e-09,0.0025,0.2625
0.00225,-0.69,photon_geometry,85.02918603691145,2.113350547640532,40.234302885455044,-0.9955578799218059,174.5975137022056,2,32290.82380184015,central,central,central,,27,8.502918603691145e-09,0.0025,0.2625
0.00225,-0.69,redshift,22.74817591712137,0.41888287350405307,54.306770116494775,-0.9979023375450138,176.2882272512784,2,90.798435274697,central,central,central,,9,2.274817591712137e-09,0.0025,0.2625
0.00225,-0.69,timing,60.11057648165285,2.989182871310425,20.109367365436906,-0.9833976588694567,169.54497699298724,2,32285.44345595937,central,central,central,,17,6.0110576481652855e-09,0.0025,0.2625
0.00225,-0.69,all_shooting,145.4249951663169,4.179148518764968,34.79775713003213,-0.9940673668819733,173.7558069837726,2,369363.28739959165,central,central,central,,71,1.4542499516631691e-08,0.0025,0.2625
0.00225,-0.69,ringdown_only,2.4635570547255035,0.7481987286900472,3.292650682578304,-0.7436698550719727,138.04497642371905,2,3.3974977781121636,central,central,central,,4,2.4635570547255036e-10,0.0025,0.2625
0.00225,-0.69,ringdown_plus_photon_geometry,85.04582115839686,2.875055969958217,29.580579316385563,-0.9918392036996821,172.67513388456092,2,59785.87159862329,central,central,central,,31,8.504582115839686e-09,0.0025,0.2625
0.00225,-0.69,ringdown_plus_all_shooting,145.43471754642934,4.611545115793822,31.537090908714767,-0.9927944575198199,173.1177238574666,2,449810.00095024507,central,central,central,,75,1.4543471754642934e-08,0.0025,0.2625
0.00225,-0.6666666666666666,orbital,26.61780741845853,0.7629744971712019,34.88689008236382,-0.9947447760831892,174.12343398337953,2,412.44363000774536,central,central,central,,18,2.661780741845853e-09,0.0025,0.2625
0.00225,-0.6666666666666666,photon_geometry,26.53045833065172,1.184810164600924,22.39215962464999,-0.987058166241236,170.7720542101851,2,988.0684869175913,central,central,central,,27,2.653045833065172e-09,0.0025,0.2625
0.00225,-0.6666666666666666,redshift,11.095554533333026,0.33015210223672314,33.6074023402019,-0.9944875908867512,173.9812257548557,2,13.419185564743277,central,central,central,,9,1.1095554533333026e-09,0.0025,0.2625
0.00225,-0.6666666666666666,timing,19.751517940863096,2.330469646511937,8.475337994822462,-0.9201137453566604,156.94271639497197,2,2118.7897179820125,central,central,central,,17,1.9751517940863095e-09,0.0025,0.2625
0.00225,-0.6666666666666666,all_shooting,43.88155237843371,2.7462770477821783,15.97855992492502,-0.9754395534478585,167.27526749506274,2,14522.87704723701,central,central,central,,71,4.3881552378433716e-09,0.0025,0.2625
0.00225,-0.6666666666666666,ringdown_only,2.3700966088201487,0.6722661400132932,3.525533219289139,-0.7696038348569346,140.31832688809686,2,2.5387186486565914,central,central,central,,4,2.3700966088201486e-10,0.0025,0.2625
0.00225,-0.6666666666666666,ringdown_plus_photon_geometry,26.580552130078903,2.1937507877823945,12.116486648398421,-0.9582418334419189,163.38381477972098,2,3400.185219980374,central,central,central,,31,2.6580552130078903e-09,0.0025,0.2625
0.00225,-0.6666666666666666,ringdown_plus_all_shooting,43.911986093197726,3.307484514454235,13.276550774854831,-0.9651439459006512,164.8278767170923,2,21094.13880654318,central,central,central,,75,4.391198609319773e-09,0.0025,0.2625
0.00225,-0.64,orbital,9.304419100826586,0.6752687687896265,13.77883819135324,-0.9707339099684441,166.10415738149786,2,39.47588330135494,central,central,central,,18,9.304419100826586e-10,0.0025,0.2625
0.00225,-0.64,photon_geometry,11.440656352508626,0.865533786645164,13.218035539494036,-0.96502727833398,164.80235675834783,2,98.0550425408301,central,central,central,,27,1.1440656352508626e-09,0.0025,0.2625
0.00225,-0.64,redshift,6.655191142960993,0.30556240618062264,21.780137243149625,-0.9869300360504869,170.72638674129198,2,4.13543223943869,central,central,central,,9,6.655191142960993e-10,0.0025,0.2625
0.00225,-0.64,timing,8.711790683424125,1.8944794828315943,4.598514136665655,-0.7907707204580149,142.25759495432024,2,272.3922059444931,central,central,central,,17,8.711790683424125e-10,0.0025,0.2625
0.00225,-0.64,all_shooting,18.37449189735493,2.2165973238434478,8.28950378118054,-0.9200240923975113,156.9296043320254,2,1658.8391870236217,central,central,central,,71,1.8374491897354929e-09,0.0025,0.2625
0.00225,-0.64,ringdown_only,2.2672256770200114,0.5957033379573771,3.805964366078863,-0.7971353809381144,142.85741554854172,2,1.824103892721046,central,central,central,,4,2.2672256770200116e-10,0.0025,0.2625
0.00225,-0.64,ringdown_plus_photon_geometry,11.548019985286912,1.9432384487825183,5.942667505638333,-0.8624350958189382,149.59110468846936,2,503.5785734588335,central,central,central,,31,1.1548019985286912e-09,0.0025,0.2625
0.00225,-0.64,ringdown_plus_all_shooting,18.441958983167034,2.815063015743888,6.551170925846467,-0.8824857992857117,151.94369329203477,2,2695.1959518658578,central,central,central,,75,1.8441958983167034e-09,0.0025,0.2625
0.00225,-0.61,orbital,5.858162820584701,0.2432462141502352,24.08326411594857,-0.9915858360495192,172.56213819661937,2,2.030556395330654,central,central,central,,18,5.858162820584701e-10,0.0025,0.2625
0.00225,-0.61,photon_geometry,7.231088331602279,0.5875433035229705,12.307328307962877,-0.9644259739914723,164.67148488931693,2,18.050410997966974,central,central,central,,27,7.231088331602279e-10,0.0025,0.2625
0.00225,-0.61,redshift,4.4286453988056955,0.2450915552449548,18.069351244597232,-0.9813787643157843,168.92565328466227,2,1.1781443663022364,central,central,central,,9,4.4286453988056956e-10,0.0025,0.2625
0.00225,-0.61,timing,5.49046293708453,1.4631026116433943,3.752616455873523,-0.7755493007926478,140.8548606508503,2,64.53086691403749,central,central,central,,17,5.49046293708453e-10,0.0025,0.2625
0.00225,-0.61,all_shooting,11.672228219733993,1.651967550252098,7.065652238721491,-0.9081558725864278,155.25173794922802,2,371.8010100630459,central,central,central,,71,1.1672228219733994e-09,0.0025,0.2625
0.00225,-0.61,ringdown_only,2.155765585268771,0.5205437926821445,4.141372187267881,-0.8252511517206106,145.61396252357673,2,1.2592663929220014,central,central,central,,4,2.155765585268771e-10,0.0025,0.2625
0.00225,-0.61,ringdown_plus_photon_geometry,7.392955982975744,1.7018632511049736,4.344036442514226,-0.8061189917935221,143.71846115861456,2,158.30169386866686,central,central,central,,31,7.392955982975745e-10,0.0025,0.2625
0.00225,-0.61,ringdown_plus_all_shooting,11.774300879152555,2.29216890881911,5.136750975833841,-0.849572270663887,148.16517762103894,2,728.3891935044344,central,central,central,,75,1.1774300879152556e-09,0.0025,0.2625
0.00225,-0.58,orbital,4.560993940046449,0.13372131600905507,34.108204108143816,-0.9957496848383263,174.71552142569985,2,0.37198058618832547,central,central,central,,18,4.5609939400464494e-10,0.0025,0.2625
0.00225,-0.58,photon_geometry,5.468281011575939,0.3913041036899705,13.974504637212922,-0.9731277856176669,166.687282293428,2,4.578576281043711,central,central,central,,27,5.468281011575939e-10,0.0025,0.2625
0.00225,-0.58,redshift,3.089037060733604,0.1947072387325314,15.865034504325763,-0.9758157685359662,167.3735012838887,2,0.36175157712918254,central,central,central,,9,3.089037060733604e-10,0.0025,0.2625
0.00225,-0.58,timing,4.326489564597603,1.1018321381120455,3.9266322109744465,-0.8192727925041835,145.0120636118327,2,22.724911073731853,central,central,central,,17,4.326489564597603e-10,0.0025,0.2625
0.00225,-0.58,all_shooting,8.875034456145434,1.2736300567286498,6.968298533202945,-0.9120068753210416,155.7841769563582,2,127.76935273997003,central,central,central,,71,8.875034456145434e-10,0.0025,0.2625
0.00225,-0.58,ringdown_only,2.048196498577145,0.4555449392216897,4.496145873284294,-0.8500300763102889,148.2149407984089,2,0.8705739973641329,central,central,central,,4,2.0481964985771448e-10,0.0025,0.2625
0.00225,-0.58,ringdown_plus_photon_geometry,5.666989686049263,1.5307103284985153,3.7021960200713178,-0.7723809661343206,140.5681816340983,2,75.24729105293024,central,central,central,,31,5.666989686049263e-10,0.0025,0.2625
0.00225,-0.58,ringdown_plus_all_shooting,9.000487406090114,1.9447947604872482,4.627988304449738,-0.8357237987991084,146.69128045711506,2,306.39354303798603,central,central,central,,75,9.000487406090114e-10,0.0025,0.2625
0.00225,-0.55,orbital,3.5240947072787847,0.09542542367300749,36.93035431893637,-0.9962449888349368,175.03317065205331,2,0.1130897739767785,central,central,central,,18,3.524094707278785e-10,0.0025,0.2625
0.00225,-0.55,photon_geometry,4.139522632336777,0.2767947376795465,14.955207122214967,-0.9762954657662144,167.49985669393976,2,1.3128532427354282,central,central,central,,27,4.139522632336777e-10,0.0025,0.2625
0.00225,-0.55,redshift,2.155526039219591,0.16122185046055293,13.369937344485423,-0.96573583853853,164.95799912120117,2,0.12076868856772201,central,central,central,,9,2.1555260392195913e-10,0.0025,0.2625
0.00225,-0.55,timing,3.5334998164816693,0.8372611436493829,4.220307897103823,-0.852009966597615,148.430962075686,2,8.75249798194367,central,central,central,,17,3.533499816481669e-10,0.0025,0.2625
0.00225,-0.55,all_shooting,6.817517754960168,1.0104337163577597,6.747120216390641,-0.9102714109470589,155.54288549119153,2,47.45349608742224,central,central,central,,71,6.817517754960168e-10,0.0025,0.2625
0.00225,-0.55,ringdown_only,1.9441445032587523,0.39924877416904087,4.869506505824879,-0.8715154337688005,150.63522307219614,2,0.6024822636375783,central,central,central,,4,1.9441445032587525e-10,0.0025,0.2625
0.00225,-0.55,ringdown_plus_photon_geometry,4.381812771254677,1.3968096582325056,3.1370149436103794,-0.7305392401448796,136.93161952272754,2,37.46123512114009,central,central,central,,31,4.381812771254677e-10,0.0025,0.2625
0.00225,-0.55,ringdown_plus_all_shooting,6.968878818454995,1.6950958914662413,4.111200347743739,-0.8135208649132771,144.44136982346473,2,139.54502820855785,central,central,central,,75,6.968878818454995e-10,0.0025,0.2625
0.00225,-0.525,orbital,2.7675293208189764,0.0817192306341803,33.8663164024138,-0.9954188410833413,174.51355226958722,2,0.05114851153592743,central,central,central,,18,2.7675293208189767e-10,0.0025,0.2625
0.00225,-0.525,photon_geometry,3.2208810443177436,0.21764910647051353,14.798503410139656,-0.9754351195306387,167.2741141988783,2,0.49143167812248423,central,central,central,,27,3.220881044317744e-10,0.0025,0.2625
0.00225,-0.525,redshift,1.5881433587044065,0.14207740753247208,11.178014761716659,-0.9509646387797634,161.9829724976135,2,0.05091308973081729,central,central,central,,9,1.5881433587044065e-10,0.0025,0.2625
0.00225,-0.525,timing,2.9859412947494097,0.6704072291379839,4.45392168367391,-0.8714236936634754,150.62450572011034,2,4.007189747005113,central,central,central,,17,2.98594129474941e-10,0.0025,0.2625
0.00225,-0.525,all_shooting,5.411387796101387,0.843742327813556,6.4135549654410084,-0.9049251088199706,154.81319836561715,2,20.84668429109616,central,central,central,,71,5.411387796101387e-10,0.0025,0.2625
0.00225,-0.525,ringdown_only,1.8599366819964587,0.3582992901699405,5.1910141410391715,-0.8869183152263687,152.48852217786856,2,0.44410760996006493,central,central,central,,4,1.8599366819964588e-10,0.0025,0.2625
0.00225,-0.525,ringdown_plus_photon_geometry,3.51434437634629,1.2878556914531414,2.7288339832399298,-0.6957257202380698,134.08507597746365,2,20.484390019387135,central,central,central,,31,3.5143443763462904e-10,0.0025,0.2625
0.00225,-0.525,ringdown_plus_all_shooting,5.591100561201822,1.523927935448471,3.6688746437057986,-0.7902556393670147,142.20940780855764,2,72.597801259042,central,central,central,,75,5.591100561201822e-10,0.0025,0.2625
0.00225,-0.5,orbital,2.1320918254213597,0.07322024618372434,29.118883595003382,-0.9936741664044907,173.55198977543532,2,0.024371046571892787,central,central,central,,18,2.1320918254213597e-10,0.0025,0.2625
0.00225,-0.5,photon_geometry,2.469286371504101,0.1775155241757982,13.910255922511336,-0.9717822074365771,166.35650270681887,2,0.19213903151310682,central,central,central,,27,2.4692863715041013e-10,0.0025,0.2625
0.00225,-0.5,redshift,1.1657265377413226,0.12815674643105326,9.096099660804583,-0.9267056927764987,157.92698067909726,2,0.022319081245528744,central,central,central,,9,1.1657265377413227e-10,0.0025,0.2625
0.00225,-0.5,timing,2.521969365736465,0.5391692628317097,4.677509531035051,-0.8865460102280333,152.4423783934186,2,1.8489700032138574,central,central,central,,17,2.521969365736465e-10,0.0025,0.2625
0.00225,-0.5,all_shooting,4.266708489689638,0.7082639722979706,6.024178352382168,-0.8978219936729421,153.873238632209,2,9.132217482970837,central,central,central,,71,4.2667084896896377e-10,0.0025,0.2625
0.00225,-0.5,ringdown_only,1.7779118227053836,0.32226190648880343,5.516977920464065,-0.9001405098162076,154.17654277529837,2,0.3282754307581379,central,central,central,,4,1.7779118227053837e-10,0.0025,0.2625
0.00225,-0.5,ringdown_plus_photon_geometry,2.8334582951393346,1.1684280984360016,2.4250172508963606,-0.6702291839584834,132.08475579370088,2,10.960683424414759,central,central,central,,31,2.8334582951393347e-10,0.0025,0.2625
0.00225,-0.5,ringdown_plus_all_shooting,4.482790944060912,1.3696159052740968,3.2730278078683566,-0.7672625448314698,140.10870016174937,2,37.695937910552274,central,central,central,,75,4.4827909440609117e-10,0.0025,0.2625
0.00225,-0.475,orbital,1.616507555483049,0.066212701357865,24.413859007899156,-0.9908833196417113,172.2574059254682,2,0.011456134162004474,central,central,central,,18,1.616507555483049e-10,0.0025,0.2625
0.00225,-0.475,photon_geometry,1.8683849765348757,0.14816288397779215,12.610344280386203,-0.9653760993873666,164.87878326726505,2,0.0766322503211367,central,central,central,,27,1.8683849765348758e-10,0.0025,0.2625
0.00225,-0.475,redshift,0.8501547901654027,0.11660322961514058,7.29100551478218,-0.8904498018811309,152.9298233024259,2,0.009826914359925833,central,central,central,,9,8.501547901654028e-11,0.0025,0.2625
0.00225,-0.475,timing,2.132928297256709,0.4322051479023322,4.934990496084278,-0.9003067752242714,154.1984208141999,2,0.8498306351750471,central,central,central,,17,2.1329282972567091e-10,0.0025,0.2625
0.00225,-0.475,all_shooting,3.35447958655249,0.5918665849639712,5.667627927933604,-0.8917523240394672,153.09427578592943,2,3.941830541100926,central,central,central,,71,3.3544795865524904e-10,0.0025,0.2625
0.00225,-0.475,ringdown_only,1.698108714875104,0.2903133554901467,5.849226991325027,-0.9115688479967556,155.72306303719873,2,0.24303286832409987,central,central,central,,4,1.698108714875104e-10,0.0025,0.2625
0.00225,-0.475,ringdown_plus_photon_geometry,2.3285161409508714,1.0289228804783337,2.263061872886307,-0.6622307331741023,131.4702238966119,2,5.74016207828263,central,central,central,,31,2.3285161409508714e-10,0.0025,0.2625
0.00225,-0.475,ringdown_plus_all_shooting,3.616766197221725,1.220531309528479,2.963271952948892,-0.7500036214680244,138.5906915944044,2,19.48671885037652,central,central,central,,75,3.616766197221725e-10,0.0025,0.2625
0.00225,-0.45,orbital,1.3704517110817456,0.06479763856810959,21.149716893482886,-0.9847557513342599,169.98285642301326,2,0.007885801357930405,central,one_sided_backward,one_sided,,18,1.3704517110817456e-10,0.0025,0.2625
0.00225,-0.45,photon_geometry,1.584572869264463,0.13460160901171725,11.772317440325129,-0.9502377869904333,161.84881065972996,2,0.04549094245157053,central,one_sided_backward,one_sided,,27,1.584572869264463e-10,0.0025,0.2625
0.00225,-0.45,redshift,0.7078983563410106,0.11224986541541197,6.306451715743578,-0.8260886617932455,145.69902061974625,2,0.006314129223721633,central,one_sided_backward,one_sided,,9,7.078983563410107e-11,0.0025,0.2625
0.00225,-0.45,timing,1.9178565534230458,0.38896561270404456,4.9306583687188335,-0.8938480992209401,153.36085297348757,2,0.5564865324660355,central,one_sided_backward,one_sided,,17,1.917856553423046e-10,0.0025,0.2625
0.00225,-0.45,all_shooting,2.909223167380833,0.5393830572729544,5.393612439533158,-0.8690860274284782,150.3526030859149,2,2.4623437181238894,central,one_sided_backward,one_sided,,71,2.909223167380833e-10,0.0025,0.2625
0.00225,-0.45,ringdown_only,1.6250700362681951,0.28067432641514434,5.789877745585324,-0.9127570199958756,155.88917579954727,2,0.20804129260587995,central,one_sided_backward,one_sided,,4,1.6250700362681953e-10,0.0025,0.2625
0.00225,-0.45,ringdown_plus_photon_geometry,2.0781029577321894,0.9644208461598034,2.1547677717740354,-0.640090440419058,129.7985637441953,2,4.016680605610217,central,one_sided_backward,one_sided,,31,2.0781029577321894e-10,0.0025,0.2625
0.00225,-0.45,ringdown_plus_all_shooting,3.1823860488986897,1.1604151223414727,2.742454822957931,-0.7149398221108134,135.63826758295275,2,13.637428400198457,central,one_sided_backward,one_sided,,75,3.18238604889869e-10,0.0025,0.2625
0.0025,-0.7125,orbital,437.62479508001155,9.69469034913335,45.140667656201394,-0.9987425449541965,177.1263796964088,2,17999967.67349929,one_sided_backward,one_sided_forward,one_sided,,18,4.3762479508001157e-08,0.0025,0.2625
0.0025,-0.7125,photon_geometry,322.05220926729663,11.013569118833885,29.241402654527988,-0.9968634396622098,175.46081341761462,2,12580813.630639078,one_sided_backward,one_sided_forward,one_sided,,27,3.220522092672966e-08,0.0025,0.2625
0.0025,-0.7125,redshift,55.17903016574721,2.0944911882501347,26.34483757931067,-0.9954152461731927,174.5113983921807,2,13356.885440791424,one_sided_backward,one_sided_forward,one_sided,,9,5.517903016574721e-09,0.0025,0.2625
0.0025,-0.7125,timing,228.55395613810697,7.137267836610329,32.02261164499791,-0.9974138883714662,175.87850381006362,2,2660979.1727439463,one_sided_backward,one_sided_forward,one_sided,,17,2.28553956138107e-08,0.0025,0.2625
0.0025,-0.7125,all_shooting,592.0001114074008,17.922173529353728,33.03171406290632,-0.9976054345569604,176.03413719739706,2,112570587.57163265,one_sided_backward,one_sided_forward,one_sided,,71,5.9200011140740084e-08,0.0025,0.2625
0.0025,-0.7125,ringdown_only,2.604639758597857,0.8416906612429714,3.094533275148189,-0.7436598728358899,138.04412093380944,2,4.8061835023473645,one_sided_backward,one_sided_forward,one_sided,,4,2.604639758597857e-10,0.0025,0.2625
0.0025,-0.7125,ringdown_plus_photon_geometry,322.0598679227046,11.129162759767928,28.93837343155366,-0.996797768106643,175.41351497029996,2,12846896.009064266,one_sided_backward,one_sided_forward,one_sided,,31,3.220598679227046e-08,0.0025,0.2625
0.0025,-0.7125,ringdown_plus_all_shooting,592.0043328408609,17.991628594417595,32.904432732929294,-0.9975869485251986,176.01885227109506,2,113446401.6218152,one_sided_backward,one_sided_forward,one_sided,,75,5.920043328408609e-08,0.0025,0.2625
0.0025,-0.69,orbital,224.32775302717312,5.333219774220746,42.06234929816864,-0.9863992192817648,170.53952352255757,2,1431347.1378587754,one_sided_backward,central,one_sided,,18,2.2432775302717314e-08,0.0025,0.2625
0.0025,-0.69,photon_geometry,171.79445729287002,5.543248327382267,30.99165816625031,-0.9801646916873946,168.5691744590748,2,906874.0292356964,one_sided_backward,central,one_sided,,27,1.7179445729287004e-08,0.0025,0.2625
0.0025,-0.69,redshift,34.5152812892789,1.172654971619924,29.433449842112513,-0.987667245768887,170.9922770826887,2,1638.186461683417,one_sided_backward,central,one_sided,,9,3.4515281289278905e-09,0.0025,0.2625
0.0025,-0.69,timing,122.20900743120056,4.34309375927511,28.138698864193533,-0.977056698496087,167.70299224015963,2,281711.673648362,one_sided_backward,central,one_sided,,17,1.2220900743120057e-08,0.0025,0.2625
0.0025,-0.69,all_shooting,309.75551096974385,9.672348045112047,32.02485162083056,-0.9795320975166418,168.38771052960072,2,8976394.165040525,one_sided_backward,central,one_sided,,71,3.0975551096974385e-08,0.0025,0.2625
0.0025,-0.69,ringdown_only,2.5120014015789924,0.8152995523555319,3.0810778618992436,-0.7436698550718948,138.04497642371234,2,4.1944417013749575,one_sided_backward,central,one_sided,,4,2.5120014015789924e-10,0.0025,0.2625
0.0025,-0.69,ringdown_plus_photon_geometry,171.80212981788787,5.921673159671071,29.01243030228823,-0.9774771742386448,167.8166257839665,2,1035013.3546843582,one_sided_backward,central,one_sided,,31,1.718021298178879e-08,0.0025,0.2625
0.0025,-0.69,ringdown_plus_all_shooting,309.7596963097738,9.896277042970956,31.30062901076393,-0.9786098692472874,168.12806422858026,2,9397092.657664321,one_sided_backward,central,one_sided,,75,3.097596963097738e-08,0.0025,0.2625
0.0025,-0.6666666666666666,orbital,43.50102284529134,1.4784779579607352,29.422841653515285,-0.9864777822911577,170.56694872128313,2,4136.458254715351,one_sided_backward,central,one_sided,,18,4.350102284529134e-09,0.0025,0.2625
0.0025,-0.6666666666666666,photon_geometry,40.19776812751765,1.6383089268894115,24.536134466311836,-0.9817340705976443,169.03214226331679,2,4337.0604638635605,one_sided_backward,central,one_sided,,27,4.019776812751765e-09,0.0025,0.2625
0.0025,-0.6666666666666666,redshift,14.120467954812616,0.606610967963226,23.27763377280153,-0.9838989979882768,169.70447435233942,2,73.3700298740308,one_sided_backward,central,one_sided,,9,1.4120467954812617e-09,0.0025,0.2625
0.0025,-0.6666666666666666,timing,29.656047345873116,2.4645165337667363,12.033210952148567,-0.9329178242819325,158.89431717043252,2,5341.829287649252,one_sided_backward,central,one_sided,,17,2.9656047345873116e-09,0.0025,0.2625
0.0025,-0.6666666666666666,all_shooting,67.72575477115925,3.4062035999565077,19.88306123921189,-0.972510416735036,166.5345261208953,2,53216.81941184237,one_sided_backward,central,one_sided,,71,6.772575477115925e-09,0.0025,0.2625
0.0025,-0.6666666666666666,ringdown_only,2.4164644540990867,0.7326294394768548,3.2983447345831474,-0.7696038348569865,140.31832688810152,2,3.1342205538970456,one_sided_backward,central,one_sided,,4,2.416464454099087e-10,0.0025,0.2625
0.0025,-0.6666666666666666,ringdown_plus_photon_geometry,40.23089185792563,2.529032471718456,15.907621712183506,-0.9584724024845495,163.43007500083533,2,10352.092209274539,one_sided_backward,central,one_sided,,31,4.023089185792563e-09,0.0025,0.2625
0.0025,-0.6666666666666666,ringdown_plus_all_shooting,67.74539712208232,3.9137319034945275,17.30966729264036,-0.9643063487366426,164.64557872398416,2,70297.79953408835,one_sided_backward,central,one_sided,,75,6.774539712208233e-09,0.0025,0.2625
0.0025,-0.64,orbital,12.63425271628035,1.1621696284737117,10.871263890171551,-0.9221582061461226,157.24366461960224,2,215.59474078674398,one_sided_backward,central,one_sided,,18,1.263425271628035e-09,0.0025,0.2625
0.0025,-0.64,photon_geometry,14.337114580719975,1.1031679553724227,12.996311677563053,-0.948909641510056,161.60610538224986,2,250.15361785562004,one_sided_backward,central,one_sided,,27,1.4337114580719976e-09,0.0025,0.2625
0.0025,-0.64,redshift,7.659446849780116,0.42895789120404354,17.855941123453366,-0.9752726878084432,167.2319350766306,2,10.795037043450758,one_sided_backward,central,one_sided,,9,7.659446849780116e-10,0.0025,0.2625
0.0025,-0.64,timing,11.14117380251639,2.009722843176174,5.5436369449375595,-0.7878502102535788,141.98506172224765,2,501.342169805034,one_sided_backward,central,one_sided,,17,1.114117380251639e-09,0.0025,0.2625
0.0025,-0.64,all_shooting,23.407708101945996,2.615317555866671,8.950235526633433,-0.8990582622193056,154.03455479103712,2,3747.715754440458,one_sided_backward,central,one_sided,,71,2.3407708101945997e-09,0.0025,0.2625
0.0025,-0.64,ringdown_only,2.3117083306495965,0.6491562422075237,3.561096975342008,-0.7971353809380185,142.85741554853263,2,2.2519801144717353,one_sided_backward,central,one_sided,,4,2.3117083306495965e-10,0.0025,0.2625
0.0025,-0.64,ringdown_plus_photon_geometry,14.425476308393504,2.10733636309517,6.845360124287872,-0.8523407249419075,148.46717962173818,2,924.1193118503027,one_sided_backward,central,one_sided,,31,1.4425476308393504e-09,0.0025,0.2625
0.0025,-0.64,ringdown_plus_all_shooting,23.4614959459492,3.1755773829232266,7.388103993974191,-0.8637264250178883,149.7375962736271,2,5550.815602838512,one_sided_backward,central,one_sided,,75,2.34614959459492e-09,0.0025,0.2625
0.0025,-0.61,orbital,6.372704078393573,0.432695657646854,14.72791317816893,-0.9733319592266345,166.7381812593391,2,7.603482976210083,one_sided_backward,central,one_sided,,18,6.372704078393574e-10,0.0025,0.2625
0.0025,-0.61,photon_geometry,7.879609106848855,0.6760230595810552,11.65582888804415,-0.9525657231742811,162.28196304962574,2,28.37477114486227,one_sided_backward,central,one_sided,,27,7.879609106848855e-10,0.0025,0.2625
0.0025,-0.61,redshift,4.899638582917281,0.29183440794902354,16.78910522357984,-0.9738229872128206,166.86138368571767,2,2.0445657511879514,one_sided_backward,central,one_sided,,9,4.899638582917282e-10,0.0025,0.2625
0.0025,-0.61,timing,6.140920709339552,1.5509051601512693,3.959572040330687,-0.7532628410690121,138.87381129321176,2,90.70630201747974,one_sided_backward,central,one_sided,,17,6.140920709339552e-10,0.0025,0.2625
0.0025,-0.61,all_shooting,12.819514566731463,1.7921259635290294,7.153244151146303,-0.8922849319191438,153.16178971976578,2,527.8131715840427,one_sided_backward,central,one_sided,,71,1.2819514566731464e-09,0.0025,0.2625
0.0025,-0.61,ringdown_only,2.1985508161841056,0.5671263015766067,3.8766511270455126,-0.8252511517206051,145.6139625235762,2,1.5546498678054959,one_sided_backward,central,one_sided,,4,2.1985508161841057e-10,0.0025,0.2625
0.0025,-0.61,ringdown_plus_photon_geometry,8.03836411202833,1.756475786784286,4.576416123984706,-0.7948542478318582,142.6414911554559,2,199.35158070347063,one_sided_backward,central,one_sided,,31,8.038364112028329e-10,0.0025,0.2625
0.0025,-0.61,ringdown_plus_all_shooting,12.918088080226763,2.4145242762461616,5.350158707167937,-0.8344414605324718,146.55772396613116,2,972.8808061278515,one_sided_backward,central,one_sided,,75,1.2918088080226764e-09,0.0025,0.2625
0.0025,-0.58,orbital,4.881076197190125,0.1922767613550946,25.385679282249857,-0.991117474131514,172.35763343303105,2,0.8808151412092257,one_sided_backward,central,one_sided,,18,4.881076197190125e-10,0.0025,0.2625
0.0025,-0.58,photon_geometry,5.85570858312409,0.40941285192284643,14.30269850011351,-0.9702754876423484,165.99520756972026,2,5.7475380328005405,one_sided_backward,central,one_sided,,27,5.85570858312409e-10,0.0025,0.2625
0.0025,-0.58,redshift,3.3937445591571067,0.21206065196254067,16.00365050163381,-0.9715252069534314,166.2942161644599,2,0.5179388472876818,one_sided_backward,central,one_sided,,9,3.393744559157107e-10,0.0025,0.2625
0.0025,-0.58,timing,4.6858091002509115,1.148946304204449,4.07835342966306,-0.8080266161808985,143.90357214488543,2,28.98468920625158,one_sided_backward,central,one_sided,,17,4.685809100250911e-10,0.0025,0.2625
0.0025,-0.58,all_shooting,9.561243580522323,1.3193917804447426,7.2467054306639715,-0.905635995676987,154.90907765631658,2,159.1388857988892,one_sided_backward,central,one_sided,,71,9.561243580522322e-10,0.0025,0.2625
0.0025,-0.58,ringdown_only,2.0895630870907644,0.4961406925594522,4.211634156253719,-0.8500300763103187,148.21494079841213,2,1.0747827127949685,one_sided_backward,central,one_sided,,4,2.0895630870907645e-10,0.0025,0.2625
0.0025,-0.58,ringdown_plus_photon_geometry,6.055513905897809,1.5492329427870652,3.908717494093534,-0.7689852702908822,140.26285425682747,2,88.01069651563624,one_sided_backward,central,one_sided,,31,6.055513905897808e-10,0.0025,0.2625
0.0025,-0.58,ringdown_plus_all_shooting,9.685826571102217,1.9888103460763797,4.870160993586381,-0.8295390914384072,146.05142062465376,2,371.0736518025224,one_sided_backward,central,one_sided,,75,9.685826571102216e-10,0.0025,0.2625
0.0025,-0.55,orbital,3.7991965208358938,0.11313422586688414,33.581318930896295,-0.9947143560218188,174.1064351949045,2,0.18474450798287684,one_sided_backward,central,one_sided,,18,3.799196520835894e-10,0.0025,0.2625
0.0025,-0.55,photon_geometry,4.4658830135839205,0.2792228836665373,15.993972109095878,-0.9758671201203016,167.38696810254692,2,1.5549509730680922,one_sided_backward,central,one_sided,,27,4.4658830135839205e-10,0.0025,0.2625
0.0025,-0.55,redshift,2.368932117651383,0.16810771997442364,14.09175092025398,-0.9630985125363517,164.38635848138475,2,0.15859173414058397,one_sided_backward,central,one_sided,,9,2.368932117651383e-10,0.0025,0.2625
0.0025,-0.55,timing,3.8205900549582865,0.8651678948769758,4.416009976308197,-0.8471261564549611,147.9004566315183,2,10.92601196596205,one_sided_backward,central,one_sided,,17,3.820590054958287e-10,0.0025,0.2625
0.0025,-0.55,all_shooting,7.375155385861789,1.0302313036865114,7.158737420879197,-0.9076526728542191,155.1829574386222,2,57.731365960269905,one_sided_backward,central,one_sided,,71,7.375155385861789e-10,0.0025,0.2625
0.0025,-0.55,ringdown_only,1.984253450433421,0.4346427897459949,4.565251045791,-0.8715154337687713,150.6352230721927,2,0.7438052637501219,one_sided_backward,central,one_sided,,4,1.9842534504334212e-10,0.0025,0.2625
0.0025,-0.55,ringdown_plus_photon_geometry,4.706395835294888,1.4135384188392246,3.3295139152706623,-0.7299842596130643,136.88507449829717,2,44.25803579113193,one_sided_backward,central,one_sided,,31,4.706395835294888e-10,0.0025,0.2625
0.0025,-0.55,ringdown_plus_all_shooting,7.524391134815475,1.7216293634947155,4.370505809416378,-0.8110997047022132,144.2035151044875,2,167.81162719805803,one_sided_backward,central,one_sided,,75,7.524391134815475e-10,0.0025,0.2625
0.0025,-0.525,orbital,3.0030129707983977,0.08938040523412998,33.59811317628369,-0.9945493304507483,174.01505697114416,2,0.07204420523536716,one_sided_backward,central,one_sided,,18,3.003012970798398e-10,0.0025,0.2625
0.0025,-0.525,photon_geometry,3.496758654652812,0.21797956247520614,16.041681224360413,-0.9755000868981856,167.29102300912353,2,0.5809822578020654,one_sided_backward,central,one_sided,,27,3.4967586546528125e-10,0.0025,0.2625
0.0025,-0.525,redshift,1.7469724007451346,0.1456248437124695,11.996389875579627,-0.9490474530302834,161.6311450356964,2,0.06472067414981572,one_sided_backward,central,one_sided,,9,1.7469724007451347e-10,0.0025,0.2625
0.0025,-0.525,timing,3.2316188860694735,0.6906645920669149,4.678998928261808,-0.8688519037902582,150.3254961887287,2,4.981666599098523,one_sided_backward,central,one_sided,,17,3.2316188860694734e-10,0.0025,0.2625
0.0025,-0.525,all_shooting,5.8788017141160305,0.8567961903995935,6.861377046242781,-0.903577645632642,154.63239199066155,2,25.37071331547341,one_sided_backward,central,one_sided,,71,5.87880171411603e-10,0.0025,0.2625
0.0025,-0.525,ringdown_only,1.8990571657701498,0.3899092694419926,4.8705104356404005,-0.8869183152262559,152.48852217785458,2,0.5482809999511136,one_sided_backward,central,one_sided,,4,1.8990571657701499e-10,0.0025,0.2625
0.0025,-0.525,ringdown_plus_photon_geometry,3.7842903774845884,1.3085984390497813,2.891865269404182,-0.6961039080768784,134.11524981602798,2,24.523457640277016,one_sided_backward,central,one_sided,,31,3.7842903774845885e-10,0.0025,0.2625
0.0025,-0.525,ringdown_plus_all_shooting,6.054432984806128,1.5481272220099154,3.9108110100575124,-0.7892022689621214,142.11102466525597,2,87.8537385762327,one_sided_backward,central,one_sided,,75,6.054432984806128e-10,0.0025,0.2625
0.0025,-0.5,orbital,2.3235533587290123,0.07629685265810367,30.454118063574175,-0.9931914104632741,173.3102032068356,2,0.031428130414642104,one_sided_backward,central,one_sided,,18,2.3235533587290123e-10,0.0025,0.2625
0.0025,-0.5,photon_geometry,2.6925018271019723,0.17778304867412675,15.144873750237467,-0.9719686591137728,166.40186623859668,2,0.2291356753248008,one_sided_backward,central,one_sided,,27,2.6925018271019726e-10,0.0025,0.2625
0.0025,-0.5,redshift,1.2832843208697389,0.13029677065144554,9.848934201927603,-0.9251356382689576,157.6888169733765,2,0.02795844932956387,one_sided_backward,central,one_sided,,9,1.283284320869739e-10,0.0025,0.2625
0.0025,-0.5,timing,2.7303938877952754,0.5548390016467387,4.921056161682185,-0.8851142268669149,152.26558137326722,2,2.2950099320225914,one_sided_backward,central,one_sided,,17,2.7303938877952757e-10,0.0025,0.2625
0.0025,-0.5,all_shooting,4.647199607828807,0.7184170959936578,6.468665116329349,-0.8971070367103542,153.78036781987856,2,11.146434563705135,one_sided_backward,central,one_sided,,71,4.6471996078288075e-10,0.0025,0.2625
0.0025,-0.5,ringdown_only,1.816059266421878,0.35054732956245666,5.180639283969535,-0.9001405098161522,154.1765427752911,2,0.4052783095782136,one_sided_backward,central,one_sided,,4,1.8160592664218781e-10,0.0025,0.2625
0.0025,-0.5,ringdown_plus_photon_geometry,3.045280351166419,1.1951548743000622,2.5480215298037217,-0.6710795433996204,132.1504392489901,2,13.246554625645436,one_sided_backward,central,one_sided,,31,3.045280351166419e-10,0.0025,0.2625
0.0025,-0.5,ringdown_plus_all_shooting,4.856782202617432,1.3947073687978033,3.482294789052298,-0.766903395458227,140.07662501272338,2,45.88422997020285,one_sided_backward,central,one_sided,,75,4.856782202617433e-10,0.0025,0.2625
0.0025,-0.475,orbital,1.7669243420335299,0.06788653397583183,26.02761164184004,-0.9905308608148881,172.10892490378572,2,0.014388091113962819,one_sided_backward,central,one_sided,,18,1.76692434203353e-10,0.0025,0.2625
0.0025,-0.475,photon_geometry,2.043433244120348,0.1486296761747899,13.748487493959495,-0.9655818271725343,164.92403549297705,2,0.0922426927127699,one_sided_backward,central,one_sided,,27,2.0434332441203484e-10,0.0025,0.2625
0.0025,-0.475,redshift,0.9363202639553839,0.11807485276634529,7.929887203062954,-0.8890970101764747,152.7599960141037,2,0.012222602007491376,one_sided_backward,central,one_sided,,9,9.363202639553839e-11,0.0025,0.2625
0.0025,-0.475,timing,2.308737263963539,0.44460350784341507,5.1928003788414845,-0.899519834539925,154.09502323370137,2,1.0536461756111233,one_sided_backward,central,one_sided,,17,2.308737263963539e-10,0.0025,0.2625
0.0025,-0.475,all_shooting,3.6581910109174545,0.6004633912025181,6.092279836729726,-0.8914335898281213,153.05394758640395,2,4.825094525952165,one_sided_backward,central,one_sided,,71,3.6581910109174545e-10,0.0025,0.2625
0.0025,-0.475,ringdown_only,1.7352872852548085,0.3156593167864777,5.497342207163851,-0.9115688479967244,155.72306303719438,2,0.3000405781780999,one_sided_backward,central,one_sided,,4,1.7352872852548084e-10,0.0025,0.2625
0.0025,-0.475,ringdown_plus_photon_geometry,2.4856236361819746,1.0631312758594944,2.3380213644570453,-0.6632597143431218,131.5489535364851,2,6.983039995036958,one_sided_backward,central,one_sided,,31,2.485623636181975e-10,0.0025,0.2625
0.0025,-0.475,ringdown_plus_all_shooting,3.9110368222853933,1.2480270421351354,3.133775703765487,-0.7500577862329767,138.59538375996993,2,23.824939203693567,one_sided_backward,central,one_sided,,75,3.911036822285393e-10,0.0025,0.2625
0.0025,-0.45,orbital,1.503404196496691,0.06597267297982645,22.78828685562599,-0.9843489136706214,169.84972198311573,2,0.009837385202111986,one_sided_backward,one_sided_backward,one_sided,,18,1.503404196496691e-10,0.0025,0.2625
0.0025,-0.45,photon_geometry,1.739048589446003,0.13491603219328202,12.889858685990891,-0.9504965232370551,161.89645787210284,2,0.05504914189898523,one_sided_backward,one_sided_backward,one_sided,,27,1.739048589446003e-10,0.0025,0.2625
0.0025,-0.45,redshift,0.7813809733559604,0.11326906483354314,6.89844993868586,-0.8245775334571885,145.5456830525499,2,0.007833363746734245,one_sided_backward,one_sided_backward,one_sided,,9,7.813809733559604e-11,0.0025,0.2625
0.0025,-0.45,timing,2.082247660331027,0.3987854664362741,5.221473287226154,-0.8932426212651147,153.28358469462992,2,0.6895145103824866,one_sided_backward,one_sided_backward,one_sided,,17,2.082247660331027e-10,0.0025,0.2625
0.0025,-0.45,all_shooting,3.1823076051898718,0.5460389029523268,5.827986958408548,-0.8689154714490035,150.33285384257636,2,3.019475320556915,one_sided_backward,one_sided_backward,one_sided,,71,3.182307605189872e-10,0.0025,0.2625
0.0025,-0.45,ringdown_only,1.6624088880632704,0.30485576354622734,5.453099750273175,-0.912757019995895,155.88917579955,2,0.2568411019824519,one_sided_backward,one_sided_backward,one_sided,,4,1.6624088880632704e-10,0.0025,0.2625
0.0025,-0.45,ringdown_plus_photon_geometry,2.213250067223987,1.0002783711592682,2.212634133695154,-0.6412432321455775,129.88458677880791,2,4.9012034284599615,one_sided_backward,one_sided_backward,one_sided,,31,2.2132500672239872e-10,0.0025,0.2625
0.0025,-0.45,ringdown_plus_all_shooting,3.4459319316534898,1.186310940553378,2.904745976671232,-0.715176920759499,135.6577003352937,2,16.711308638380025,one_sided_backward,one_sided_backward,one_sided,,75,3.44593193165349e-10,0.0025,0.2625
