protocol,direction,fold,seed,model,feature_set,target,NMAE,n_scored,source
directional_extrapolation,high_k_to_low_k,high_k_to_low_k,2026,hgb,ringdown,wq,0.2924033368697865,22,archived 161-phase fold metrics
directional_extrapolation,high_k_to_low_k,high_k_to_low_k,2027,hgb,ringdown,wq,0.305489204340745,22,archived 161-phase fold metrics
directional_extrapolation,high_k_to_low_k,high_k_to_low_k,2028,hgb,ringdown,wq,0.2999175554450265,22,archived 161-phase fold metrics
directional_extrapolation,high_k_to_low_k,high_k_to_low_k,2029,hgb,ringdown,wq,0.3012878983044372,22,archived 161-phase fold metrics
directional_extrapolation,high_k_to_low_k,high_k_to_low_k,2030,hgb,ringdown,wq,0.2886405593907208,22,archived 161-phase fold metrics
directional_extrapolation,high_k_to_low_k,high_k_to_low_k,2026,hgb,ringdown_plus_photon_geometry,wq,0.1828904557750728,22,archived 161-phase fold metrics
directional_extrapolation,high_k_to_low_k,high_k_to_low_k,2027,hgb,ringdown_plus_photon_geometry,wq,0.2125819612682409,22,archived 161-phase fold metrics
directional_extrapolation,high_k_to_low_k,high_k_to_low_k,2028,hgb,ringdown_plus_photon_geometry,wq,0.17585437889233,22,archived 161-phase fold metrics
directional_extrapolation,high_k_to_low_k,high_k_to_low_k,2029,hgb,ringdown_plus_photon_geometry,wq,0.1922268655271546,22,archived 161-phase fold metrics
directional_extrapolation,high_k_to_low_k,high_k_to_low_k,2030,hgb,ringdown_plus_photon_geometry,wq,0.1951048821503487,22,archived 161-phase fold metrics
directional_extrapolation,high_k_to_low_k,high_k_to_low_k,2026,mlp,ringdown,wq,0.1689374652256578,22,archived 161-phase fold metrics
directional_extrapolation,high_k_to_low_k,high_k_to_low_k,2027,mlp,ringdown,wq,0.2033440131312735,22,archived 161-phase fold metrics
directional_extrapolation,high_k_to_low_k,high_k_to_low_k,2028,mlp,ringdown,wq,0.1811445441695386,22,archived 161-phase fold metrics
directional_extrapolation,high_k_to_low_k,high_k_to_low_k,2029,mlp,ringdown,wq,0.2070131997836115,22,archived 161-phase fold metrics
directional_extrapolation,high_k_to_low_k,high_k_to_low_k,2030,mlp,ringdown,wq,0.2052099152675484,22,archived 161-phase fold metrics
directional_extrapolation,high_k_to_low_k,high_k_to_low_k,2026,mlp,ringdown_plus_photon_geometry,wq,0.1617841690232448,22,archived 161-phase fold metrics
directional_extrapolation,high_k_to_low_k,high_k_to_low_k,2027,mlp,ringdown_plus_photon_geometry,wq,0.1198718058214172,22,archived 161-phase fold metrics
directional_extrapolation,high_k_to_low_k,high_k_to_low_k,2028,mlp,ringdown_plus_photon_geometry,wq,0.1642431024202409,22,archived 161-phase fold metrics
directional_extrapolation,high_k_to_low_k,high_k_to_low_k,2029,mlp,ringdown_plus_photon_geometry,wq,0.1386770018108344,22,archived 161-phase fold metrics
directional_extrapolation,high_k_to_low_k,high_k_to_low_k,2030,mlp,ringdown_plus_photon_geometry,wq,0.1435655894040395,22,archived 161-phase fold metrics
directional_extrapolation,high_k_to_low_k,high_k_to_low_k,2026,random_forest,ringdown,wq,0.3404681967062919,22,archived 161-phase fold metrics
directional_extrapolation,high_k_to_low_k,high_k_to_low_k,2027,random_forest,ringdown,wq,0.3804718099360957,22,archived 161-phase fold metrics
directional_extrapolation,high_k_to_low_k,high_k_to_low_k,2028,random_forest,ringdown,wq,0.3740685941043082,22,archived 161-phase fold metrics
directional_extrapolation,high_k_to_low_k,high_k_to_low_k,2029,random_forest,ringdown,wq,0.3344742464325796,22,archived 161-phase fold metrics
directional_extrapolation,high_k_to_low_k,high_k_to_low_k,2030,random_forest,ringdown,wq,0.3513155191369474,22,archived 161-phase fold metrics
directional_extrapolation,high_k_to_low_k,high_k_to_low_k,2026,random_forest,ringdown_plus_photon_geometry,wq,0.1810996787603925,22,archived 161-phase fold metrics
directional_extrapolation,high_k_to_low_k,high_k_to_low_k,2027,random_forest,ringdown_plus_photon_geometry,wq,0.1906115692068074,22,archived 161-phase fold metrics
directional_extrapolation,high_k_to_low_k,high_k_to_low_k,2028,random_forest,ringdown_plus_photon_geometry,wq,0.1677914175771317,22,archived 161-phase fold metrics
directional_extrapolation,high_k_to_low_k,high_k_to_low_k,2029,random_forest,ringdown_plus_photon_geometry,wq,0.1892234590806019,22,archived 161-phase fold metrics
directional_extrapolation,high_k_to_low_k,high_k_to_low_k,2030,random_forest,ringdown_plus_photon_geometry,wq,0.1862013989097321,22,archived 161-phase fold metrics
directional_extrapolation,high_wq_to_low_wq,high_wq_to_low_wq,2026,hgb,ringdown,wq,0.4662565322070387,30,archived 161-phase fold metrics
directional_extrapolation,high_wq_to_low_wq,high_wq_to_low_wq,2027,hgb,ringdown,wq,0.459158111993193,30,archived 161-phase fold metrics
directional_extrapolation,high_wq_to_low_wq,high_wq_to_low_wq,2028,hgb,ringdown,wq,0.4831504119848901,30,archived 161-phase fold metrics
directional_extrapolation,high_wq_to_low_wq,high_wq_to_low_wq,2029,hgb,ringdown,wq,0.4658545860193243,30,archived 161-phase fold metrics
directional_extrapolation,high_wq_to_low_wq,high_wq_to_low_wq,2030,hgb,ringdown,wq,0.4704031539447107,30,archived 161-phase fold metrics
directional_extrapolation,high_wq_to_low_wq,high_wq_to_low_wq,2026,hgb,ringdown_plus_photon_geometry,wq,0.2239419378424475,30,archived 161-phase fold metrics
directional_extrapolation,high_wq_to_low_wq,high_wq_to_low_wq,2027,hgb,ringdown_plus_photon_geometry,wq,0.2166957452248119,30,archived 161-phase fold metrics
directional_extrapolation,high_wq_to_low_wq,high_wq_to_low_wq,2028,hgb,ringdown_plus_photon_geometry,wq,0.2313083153776265,30,archived 161-phase fold metrics
directional_extrapolation,high_wq_to_low_wq,high_wq_to_low_wq,2029,hgb,ringdown_plus_photon_geometry,wq,0.2205188735047806,30,archived 161-phase fold metrics
directional_extrapolation,high_wq_to_low_wq,high_wq_to_low_wq,2030,hgb,ringdown_plus_photon_geometry,wq,0.2174770620834455,30,archived 161-phase fold metrics
directional_extrapolation,high_wq_to_low_wq,high_wq_to_low_wq,2026,mlp,ringdown,wq,0.1467009167715872,30,archived 161-phase fold metrics
directional_extrapolation,high_wq_to_low_wq,high_wq_to_low_wq,2027,mlp,ringdown,wq,0.1866566930507942,30,archived 161-phase fold metrics
directional_extrapolation,high_wq_to_low_wq,high_wq_to_low_wq,2028,mlp,ringdown,wq,0.6475340763963914,30,archived 161-phase fold metrics
directional_extrapolation,high_wq_to_low_wq,high_wq_to_low_wq,2029,mlp,ringdown,wq,0.0652545256472223,30,archived 161-phase fold metrics
directional_extrapolation,high_wq_to_low_wq,high_wq_to_low_wq,2030,mlp,ringdown,wq,0.509421842764997,30,archived 161-phase fold metrics
directional_extrapolation,high_wq_to_low_wq,high_wq_to_low_wq,2026,mlp,ringdown_plus_photon_geometry,wq,0.4347965660732642,30,archived 161-phase fold metrics
directional_extrapolation,high_wq_to_low_wq,high_wq_to_low_wq,2027,mlp,ringdown_plus_photon_geometry,wq,1.7154433923069805,30,archived 161-phase fold metrics
directional_extrapolation,high_wq_to_low_wq,high_wq_to_low_wq,2028,mlp,ringdown_plus_photon_geometry,wq,0.7418257450653918,30,archived 161-phase fold metrics
directional_extrapolation,high_wq_to_low_wq,high_wq_to_low_wq,2029,mlp,ringdown_plus_photon_geometry,wq,0.3770065802858374,30,archived 161-phase fold metrics
directional_extrapolation,high_wq_to_low_wq,high_wq_to_low_wq,2030,mlp,ringdown_plus_photon_geometry,wq,1.0176504905918409,30,archived 161-phase fold metrics
directional_extrapolation,high_wq_to_low_wq,high_wq_to_low_wq,2026,random_forest,ringdown,wq,0.3669129124874321,30,archived 161-phase fold metrics
directional_extrapolation,high_wq_to_low_wq,high_wq_to_low_wq,2027,random_forest,ringdown,wq,0.3541528320444989,30,archived 161-phase fold metrics
directional_extrapolation,high_wq_to_low_wq,high_wq_to_low_wq,2028,random_forest,ringdown,wq,0.3313967614442553,30,archived 161-phase fold metrics
directional_extrapolation,high_wq_to_low_wq,high_wq_to_low_wq,2029,random_forest,ringdown,wq,0.3518780169125413,30,archived 161-phase fold metrics
directional_extrapolation,high_wq_to_low_wq,high_wq_to_low_wq,2030,random_forest,ringdown,wq,0.3575357457797936,30,archived 161-phase fold metrics
directional_extrapolation,high_wq_to_low_wq,high_wq_to_low_wq,2026,random_forest,ringdown_plus_photon_geometry,wq,0.2194372469975632,30,archived 161-phase fold metrics
directional_extrapolation,high_wq_to_low_wq,high_wq_to_low_wq,2027,random_forest,ringdown_plus_photon_geometry,wq,0.2163393801965218,30,archived 161-phase fold metrics
directional_extrapolation,high_wq_to_low_wq,high_wq_to_low_wq,2028,random_forest,ringdown_plus_photon_geometry,wq,0.2251164273116644,30,archived 161-phase fold metrics
directional_extrapolation,high_wq_to_low_wq,high_wq_to_low_wq,2029,random_forest,ringdown_plus_photon_geometry,wq,0.2173146048542864,30,archived 161-phase fold metrics
directional_extrapolation,high_wq_to_low_wq,high_wq_to_low_wq,2030,random_forest,ringdown_plus_photon_geometry,wq,0.2159499370118406,30,archived 161-phase fold metrics
directional_extrapolation,low_k_to_high_k,low_k_to_high_k,2026,hgb,ringdown,wq,0.296706427026305,33,archived 161-phase fold metrics
directional_extrapolation,low_k_to_high_k,low_k_to_high_k,2027,hgb,ringdown,wq,0.2966870933791591,33,archived 161-phase fold metrics
directional_extrapolation,low_k_to_high_k,low_k_to_high_k,2028,hgb,ringdown,wq,0.3022047635596237,33,archived 161-phase fold metrics
directional_extrapolation,low_k_to_high_k,low_k_to_high_k,2029,hgb,ringdown,wq,0.3113282896875475,33,archived 161-phase fold metrics
directional_extrapolation,low_k_to_high_k,low_k_to_high_k,2030,hgb,ringdown,wq,0.3066353578004921,33,archived 161-phase fold metrics
directional_extrapolation,low_k_to_high_k,low_k_to_high_k,2026,hgb,ringdown_plus_photon_geometry,wq,0.0896829685372988,33,archived 161-phase fold metrics
directional_extrapolation,low_k_to_high_k,low_k_to_high_k,2027,hgb,ringdown_plus_photon_geometry,wq,0.0924510282287251,33,archived 161-phase fold metrics
directional_extrapolation,low_k_to_high_k,low_k_to_high_k,2028,hgb,ringdown_plus_photon_geometry,wq,0.1030941234148623,33,archived 161-phase fold metrics
directional_extrapolation,low_k_to_high_k,low_k_to_high_k,2029,hgb,ringdown_plus_photon_geometry,wq,0.1029498211231627,33,archived 161-phase fold metrics
directional_extrapolation,low_k_to_high_k,low_k_to_high_k,2030,hgb,ringdown_plus_photon_geometry,wq,0.098514972375927,33,archived 161-phase fold metrics
directional_extrapolation,low_k_to_high_k,low_k_to_high_k,2026,mlp,ringdown,wq,0.0844244344984917,33,archived 161-phase fold metrics
directional_extrapolation,low_k_to_high_k,low_k_to_high_k,2027,mlp,ringdown,wq,0.0522749589110859,33,archived 161-phase fold metrics
directional_extrapolation,low_k_to_high_k,low_k_to_high_k,2028,mlp,ringdown,wq,0.1080155003315193,33,archived 161-phase fold metrics
directional_extrapolation,low_k_to_high_k,low_k_to_high_k,2029,mlp,ringdown,wq,0.3364715732492573,33,archived 161-phase fold metrics
directional_extrapolation,low_k_to_high_k,low_k_to_high_k,2030,mlp,ringdown,wq,0.086181671670679,33,archived 161-phase fold metrics
directional_extrapolation,low_k_to_high_k,low_k_to_high_k,2026,mlp,ringdown_plus_photon_geometry,wq,0.2354815130258891,33,archived 161-phase fold metrics
directional_extrapolation,low_k_to_high_k,low_k_to_high_k,2027,mlp,ringdown_plus_photon_geometry,wq,0.5072588286459362,33,archived 161-phase fold metrics
directional_extrapolation,low_k_to_high_k,low_k_to_high_k,2028,mlp,ringdown_plus_photon_geometry,wq,0.1182690790910866,33,archived 161-phase fold metrics
directional_extrapolation,low_k_to_high_k,low_k_to_high_k,2029,mlp,ringdown_plus_photon_geometry,wq,0.2462862046249178,33,archived 161-phase fold metrics
directional_extrapolation,low_k_to_high_k,low_k_to_high_k,2030,mlp,ringdown_plus_photon_geometry,wq,1.0053046097901857,33,archived 161-phase fold metrics
directional_extrapolation,low_k_to_high_k,low_k_to_high_k,2026,random_forest,ringdown,wq,0.2823271891248082,33,archived 161-phase fold metrics
directional_extrapolation,low_k_to_high_k,low_k_to_high_k,2027,random_forest,ringdown,wq,0.2650914836192616,33,archived 161-phase fold metrics
directional_extrapolation,low_k_to_high_k,low_k_to_high_k,2028,random_forest,ringdown,wq,0.2980730274526574,33,archived 161-phase fold metrics
directional_extrapolation,low_k_to_high_k,low_k_to_high_k,2029,random_forest,ringdown,wq,0.3065989677576983,33,archived 161-phase fold metrics
directional_extrapolation,low_k_to_high_k,low_k_to_high_k,2030,random_forest,ringdown,wq,0.3044012097543848,33,archived 161-phase fold metrics
directional_extrapolation,low_k_to_high_k,low_k_to_high_k,2026,random_forest,ringdown_plus_photon_geometry,wq,0.0974310444645938,33,archived 161-phase fold metrics
directional_extrapolation,low_k_to_high_k,low_k_to_high_k,2027,random_forest,ringdown_plus_photon_geometry,wq,0.095724749383479,33,archived 161-phase fold metrics
directional_extrapolation,low_k_to_high_k,low_k_to_high_k,2028,random_forest,ringdown_plus_photon_geometry,wq,0.1045635510028244,33,archived 161-phase fold metrics
directional_extrapolation,low_k_to_high_k,low_k_to_high_k,2029,random_forest,ringdown_plus_photon_geometry,wq,0.1091158709104834,33,archived 161-phase fold metrics
directional_extrapolation,low_k_to_high_k,low_k_to_high_k,2030,random_forest,ringdown_plus_photon_geometry,wq,0.1035280570889036,33,archived 161-phase fold metrics
directional_extrapolation,low_wq_to_high_wq,low_wq_to_high_wq,2026,hgb,ringdown,wq,0.4421229634065701,30,archived 161-phase fold metrics
directional_extrapolation,low_wq_to_high_wq,low_wq_to_high_wq,2027,hgb,ringdown,wq,0.3890883157603134,30,archived 161-phase fold metrics
directional_extrapolation,low_wq_to_high_wq,low_wq_to_high_wq,2028,hgb,ringdown,wq,0.4541211452215082,30,archived 161-phase fold metrics
directional_extrapolation,low_wq_to_high_wq,low_wq_to_high_wq,2029,hgb,ringdown,wq,0.4350152064073955,30,archived 161-phase fold metrics
directional_extrapolation,low_wq_to_high_wq,low_wq_to_high_wq,2030,hgb,ringdown,wq,0.4260455761364558,30,archived 161-phase fold metrics
directional_extrapolation,low_wq_to_high_wq,low_wq_to_high_wq,2026,hgb,ringdown_plus_photon_geometry,wq,0.3283589912974508,30,archived 161-phase fold metrics
directional_extrapolation,low_wq_to_high_wq,low_wq_to_high_wq,2027,hgb,ringdown_plus_photon_geometry,wq,0.3005857771781623,30,archived 161-phase fold metrics
directional_extrapolation,low_wq_to_high_wq,low_wq_to_high_wq,2028,hgb,ringdown_plus_photon_geometry,wq,0.3418903865762199,30,archived 161-phase fold metrics
directional_extrapolation,low_wq_to_high_wq,low_wq_to_high_wq,2029,hgb,ringdown_plus_photon_geometry,wq,0.3035865833889316,30,archived 161-phase fold metrics
directional_extrapolation,low_wq_to_high_wq,low_wq_to_high_wq,2030,hgb,ringdown_plus_photon_geometry,wq,0.3047443304571198,30,archived 161-phase fold metrics
directional_extrapolation,low_wq_to_high_wq,low_wq_to_high_wq,2026,mlp,ringdown,wq,0.2695860939965335,30,archived 161-phase fold metrics
directional_extrapolation,low_wq_to_high_wq,low_wq_to_high_wq,2027,mlp,ringdown,wq,0.104311960335951,30,archived 161-phase fold metrics
directional_extrapolation,low_wq_to_high_wq,low_wq_to_high_wq,2028,mlp,ringdown,wq,0.4796840333506528,30,archived 161-phase fold metrics
directional_extrapolation,low_wq_to_high_wq,low_wq_to_high_wq,2029,mlp,ringdown,wq,0.0972009994735513,30,archived 161-phase fold metrics
directional_extrapolation,low_wq_to_high_wq,low_wq_to_high_wq,2030,mlp,ringdown,wq,0.6033300322751406,30,archived 161-phase fold metrics
directional_extrapolation,low_wq_to_high_wq,low_wq_to_high_wq,2026,mlp,ringdown_plus_photon_geometry,wq,0.1752784518658231,30,archived 161-phase fold metrics
directional_extrapolation,low_wq_to_high_wq,low_wq_to_high_wq,2027,mlp,ringdown_plus_photon_geometry,wq,0.1372207216368856,30,archived 161-phase fold metrics
directional_extrapolation,low_wq_to_high_wq,low_wq_to_high_wq,2028,mlp,ringdown_plus_photon_geometry,wq,0.1483614697972675,30,archived 161-phase fold metrics
directional_extrapolation,low_wq_to_high_wq,low_wq_to_high_wq,2029,mlp,ringdown_plus_photon_geometry,wq,0.1905876319833761,30,archived 161-phase fold metrics
directional_extrapolation,low_wq_to_high_wq,low_wq_to_high_wq,2030,mlp,ringdown_plus_photon_geometry,wq,0.1886156224106627,30,archived 161-phase fold metrics
directional_extrapolation,low_wq_to_high_wq,low_wq_to_high_wq,2026,random_forest,ringdown,wq,0.4066235817876026,30,archived 161-phase fold metrics
directional_extrapolation,low_wq_to_high_wq,low_wq_to_high_wq,2027,random_forest,ringdown,wq,0.339076592741474,30,archived 161-phase fold metrics
directional_extrapolation,low_wq_to_high_wq,low_wq_to_high_wq,2028,random_forest,ringdown,wq,0.3732554417306362,30,archived 161-phase fold metrics
directional_extrapolation,low_wq_to_high_wq,low_wq_to_high_wq,2029,random_forest,ringdown,wq,0.3637542565679468,30,archived 161-phase fold metrics
directional_extrapolation,low_wq_to_high_wq,low_wq_to_high_wq,2030,random_forest,ringdown,wq,0.3635989475593969,30,archived 161-phase fold metrics
directional_extrapolation,low_wq_to_high_wq,low_wq_to_high_wq,2026,random_forest,ringdown_plus_photon_geometry,wq,0.2852959467585119,30,archived 161-phase fold metrics
directional_extrapolation,low_wq_to_high_wq,low_wq_to_high_wq,2027,random_forest,ringdown_plus_photon_geometry,wq,0.2430798320824751,30,archived 161-phase fold metrics
directional_extrapolation,low_wq_to_high_wq,low_wq_to_high_wq,2028,random_forest,ringdown_plus_photon_geometry,wq,0.3016252298553876,30,archived 161-phase fold metrics
directional_extrapolation,low_wq_to_high_wq,low_wq_to_high_wq,2029,random_forest,ringdown_plus_photon_geometry,wq,0.2652080764816198,30,archived 161-phase fold metrics
directional_extrapolation,low_wq_to_high_wq,low_wq_to_high_wq,2030,random_forest,ringdown_plus_photon_geometry,wq,0.2701654886119157,30,archived 161-phase fold metrics
grouped_physical_interpolation,,blocks_3x3_g0,2026,mlp,ringdown,wq,0.1524739702987941,12,archived 161-phase fold metrics
grouped_physical_interpolation,,blocks_3x3_g0,2027,mlp,ringdown,wq,0.1781567373418253,12,archived 161-phase fold metrics
grouped_physical_interpolation,,blocks_3x3_g0,2028,mlp,ringdown,wq,0.2620102208489669,12,archived 161-phase fold metrics
grouped_physical_interpolation,,blocks_3x3_g0,2029,mlp,ringdown,wq,0.1149122255587775,12,archived 161-phase fold metrics
grouped_physical_interpolation,,blocks_3x3_g0,2030,mlp,ringdown,wq,0.26487188974769,12,archived 161-phase fold metrics
grouped_physical_interpolation,,blocks_3x3_g1,2026,mlp,ringdown,wq,0.064967525482624,12,archived 161-phase fold metrics
grouped_physical_interpolation,,blocks_3x3_g1,2027,mlp,ringdown,wq,0.035134179568081,12,archived 161-phase fold metrics
grouped_physical_interpolation,,blocks_3x3_g1,2028,mlp,ringdown,wq,0.0645148543928094,12,archived 161-phase fold metrics
grouped_physical_interpolation,,blocks_3x3_g1,2029,mlp,ringdown,wq,0.0448975642440433,12,archived 161-phase fold metrics
grouped_physical_interpolation,,blocks_3x3_g1,2030,mlp,ringdown,wq,0.0842051666959198,12,archived 161-phase fold metrics
grouped_physical_interpolation,,blocks_3x3_g2,2026,mlp,ringdown,wq,0.2735028114926964,9,archived 161-phase fold metrics
grouped_physical_interpolation,,blocks_3x3_g2,2027,mlp,ringdown,wq,0.2981604071731397,9,archived 161-phase fold metrics
grouped_physical_interpolation,,blocks_3x3_g2,2028,mlp,ringdown,wq,0.244686310882867,9,archived 161-phase fold metrics
grouped_physical_interpolation,,blocks_3x3_g2,2029,mlp,ringdown,wq,0.24978696510364,9,archived 161-phase fold metrics
grouped_physical_interpolation,,blocks_3x3_g2,2030,mlp,ringdown,wq,0.3195043580072756,9,archived 161-phase fold metrics
grouped_physical_interpolation,,blocks_3x3_g3,2026,mlp,ringdown,wq,0.0335776818932188,16,archived 161-phase fold metrics
grouped_physical_interpolation,,blocks_3x3_g3,2027,mlp,ringdown,wq,0.0726592735330018,16,archived 161-phase fold metrics
grouped_physical_interpolation,,blocks_3x3_g3,2028,mlp,ringdown,wq,0.0633361988193847,16,archived 161-phase fold metrics
grouped_physical_interpolation,,blocks_3x3_g3,2029,mlp,ringdown,wq,0.082447773727803,16,archived 161-phase fold metrics
grouped_physical_interpolation,,blocks_3x3_g3,2030,mlp,ringdown,wq,0.0521354417569773,16,archived 161-phase fold metrics
grouped_physical_interpolation,,blocks_3x3_g4,2026,mlp,ringdown,wq,0.0652352588872655,16,archived 161-phase fold metrics
grouped_physical_interpolation,,blocks_3x3_g4,2027,mlp,ringdown,wq,0.0232746384346804,16,archived 161-phase fold metrics
grouped_physical_interpolation,,blocks_3x3_g4,2028,mlp,ringdown,wq,0.0383975179425626,16,archived 161-phase fold metrics
grouped_physical_interpolation,,blocks_3x3_g4,2029,mlp,ringdown,wq,0.0512653909561532,16,archived 161-phase fold metrics
grouped_physical_interpolation,,blocks_3x3_g4,2030,mlp,ringdown,wq,0.0370113041609335,16,archived 161-phase fold metrics
grouped_physical_interpolation,,blocks_3x3_g5,2026,mlp,ringdown,wq,0.0548363097134615,12,archived 161-phase fold metrics
grouped_physical_interpolation,,blocks_3x3_g5,2027,mlp,ringdown,wq,0.0342653231505329,12,archived 161-phase fold metrics
grouped_physical_interpolation,,blocks_3x3_g5,2028,mlp,ringdown,wq,0.0434762170919543,12,archived 161-phase fold metrics
grouped_physical_interpolation,,blocks_3x3_g5,2029,mlp,ringdown,wq,0.0312763328697483,12,archived 161-phase fold metrics
grouped_physical_interpolation,,blocks_3x3_g5,2030,mlp,ringdown,wq,0.0371698114099009,12,archived 161-phase fold metrics
grouped_physical_interpolation,,blocks_3x3_g6,2026,mlp,ringdown,wq,0.0602928628869053,12,archived 161-phase fold metrics
grouped_physical_interpolation,,blocks_3x3_g6,2027,mlp,ringdown,wq,0.0499949486224146,12,archived 161-phase fold metrics
grouped_physical_interpolation,,blocks_3x3_g6,2028,mlp,ringdown,wq,0.0486868849760366,12,archived 161-phase fold metrics
grouped_physical_interpolation,,blocks_3x3_g6,2029,mlp,ringdown,wq,0.1422096886132115,12,archived 161-phase fold metrics
grouped_physical_interpolation,,blocks_3x3_g6,2030,mlp,ringdown,wq,0.0791100683295058,12,archived 161-phase fold metrics
grouped_physical_interpolation,,blocks_3x3_g7,2026,mlp,ringdown,wq,0.057006820016701,12,archived 161-phase fold metrics
grouped_physical_interpolation,,blocks_3x3_g7,2027,mlp,ringdown,wq,0.0167805087472209,12,archived 161-phase fold metrics
grouped_physical_interpolation,,blocks_3x3_g7,2028,mlp,ringdown,wq,0.0375624328738029,12,archived 161-phase fold metrics
grouped_physical_interpolation,,blocks_3x3_g7,2029,mlp,ringdown,wq,0.0127843011216678,12,archived 161-phase fold metrics
grouped_physical_interpolation,,blocks_3x3_g7,2030,mlp,ringdown,wq,0.0137196795194213,12,archived 161-phase fold metrics
grouped_physical_interpolation,,blocks_3x3_g8,2026,mlp,ringdown,wq,0.057308040152347,9,archived 161-phase fold metrics
grouped_physical_interpolation,,blocks_3x3_g8,2027,mlp,ringdown,wq,0.0523954176797659,9,archived 161-phase fold metrics
grouped_physical_interpolation,,blocks_3x3_g8,2028,mlp,ringdown,wq,0.1204242397927021,9,archived 161-phase fold metrics
grouped_physical_interpolation,,blocks_3x3_g8,2029,mlp,ringdown,wq,0.0401416721971021,9,archived 161-phase fold metrics
grouped_physical_interpolation,,blocks_3x3_g8,2030,mlp,ringdown,wq,0.0121527623188711,9,archived 161-phase fold metrics
grouped_physical_interpolation,,blocks_3x3_shifted_g0,2026,mlp,ringdown,wq,0.3287402262967641,6,archived 161-phase fold metrics
grouped_physical_interpolation,,blocks_3x3_shifted_g0,2027,mlp,ringdown,wq,0.2401720426322955,6,archived 161-phase fold metrics
grouped_physical_interpolation,,blocks_3x3_shifted_g0,2028,mlp,ringdown,wq,0.2933532837024249,6,archived 161-phase fold metrics
grouped_physical_interpolation,,blocks_3x3_shifted_g0,2029,mlp,ringdown,wq,0.1446293032887809,6,archived 161-phase fold metrics
grouped_physical_interpolation,,blocks_3x3_shifted_g0,2030,mlp,ringdown,wq,0.2649434477564107,6,archived 161-phase fold metrics
grouped_physical_interpolation,,blocks_3x3_shifted_g1,2026,mlp,ringdown,wq,0.0810726338509773,8,archived 161-phase fold metrics
grouped_physical_interpolation,,blocks_3x3_shifted_g1,2027,mlp,ringdown,wq,0.0859721748593803,8,archived 161-phase fold metrics
grouped_physical_interpolation,,blocks_3x3_shifted_g1,2028,mlp,ringdown,wq,0.0818662312874717,8,archived 161-phase fold metrics
grouped_physical_interpolation,,blocks_3x3_shifted_g1,2029,mlp,ringdown,wq,0.0625824230945143,8,archived 161-phase fold metrics
grouped_physical_interpolation,,blocks_3x3_shifted_g1,2030,mlp,ringdown,wq,0.0636977840801567,8,archived 161-phase fold metrics
grouped_physical_interpolation,,blocks_3x3_shifted_g2,2026,mlp,ringdown,wq,0.3194699167866,8,archived 161-phase fold metrics
grouped_physical_interpolation,,blocks_3x3_shifted_g2,2027,mlp,ringdown,wq,0.315399193524095,8,archived 161-phase fold metrics
grouped_physical_interpolation,,blocks_3x3_shifted_g2,2028,mlp,ringdown,wq,0.2881933415001956,8,archived 161-phase fold metrics
grouped_physical_interpolation,,blocks_3x3_shifted_g2,2029,mlp,ringdown,wq,0.2870867269898616,8,archived 161-phase fold metrics
grouped_physical_interpolation,,blocks_3x3_shifted_g2,2030,mlp,ringdown,wq,0.3563776485923833,8,archived 161-phase fold metrics
grouped_physical_interpolation,,blocks_3x3_shifted_g3,2026,mlp,ringdown,wq,0.1722886349319939,12,archived 161-phase fold metrics
grouped_physical_interpolation,,blocks_3x3_shifted_g3,2027,mlp,ringdown,wq,0.1245028520261128,12,archived 161-phase fold metrics
grouped_physical_interpolation,,blocks_3x3_shifted_g3,2028,mlp,ringdown,wq,0.0434803052200607,12,archived 161-phase fold metrics
grouped_physical_interpolation,,blocks_3x3_shifted_g3,2029,mlp,ringdown,wq,0.0848971320696774,12,archived 161-phase fold metrics
grouped_physical_interpolation,,blocks_3x3_shifted_g3,2030,mlp,ringdown,wq,0.0909151294677148,12,archived 161-phase fold metrics
grouped_physical_interpolation,,blocks_3x3_shifted_g4,2026,mlp,ringdown,wq,0.0424780502373846,16,archived 161-phase fold metrics
grouped_physical_interpolation,,blocks_3x3_shifted_g4,2027,mlp,ringdown,wq,0.0832380402917199,16,archived 161-phase fold metrics
grouped_physical_interpolation,,blocks_3x3_shifted_g4,2028,mlp,ringdown,wq,0.0263531254056923,16,archived 161-phase fold metrics
grouped_physical_interpolation,,blocks_3x3_shifted_g4,2029,mlp,ringdown,wq,0.0412637491417418,16,archived 161-phase fold metrics
grouped_physical_interpolation,,blocks_3x3_shifted_g4,2030,mlp,ringdown,wq,0.0436597825656176,16,archived 161-phase fold metrics
grouped_physical_interpolation,,blocks_3x3_shifted_g5,2026,mlp,ringdown,wq,0.4405927906591029,16,archived 161-phase fold metrics
grouped_physical_interpolation,,blocks_3x3_shifted_g5,2027,mlp,ringdown,wq,0.0731359222631272,16,archived 161-phase fold metrics
grouped_physical_interpolation,,blocks_3x3_shifted_g5,2028,mlp,ringdown,wq,0.0311799538457421,16,archived 161-phase fold metrics
grouped_physical_interpolation,,blocks_3x3_shifted_g5,2029,mlp,ringdown,wq,0.0335752588636166,16,archived 161-phase fold metrics
grouped_physical_interpolation,,blocks_3x3_shifted_g5,2030,mlp,ringdown,wq,0.1108458420072875,16,archived 161-phase fold metrics
grouped_physical_interpolation,,blocks_3x3_shifted_g6,2026,mlp,ringdown,wq,0.0769098868804962,12,archived 161-phase fold metrics
grouped_physical_interpolation,,blocks_3x3_shifted_g6,2027,mlp,ringdown,wq,0.8480392631885355,12,archived 161-phase fold metrics
grouped_physical_interpolation,,blocks_3x3_shifted_g6,2028,mlp,ringdown,wq,0.1553706270624057,12,archived 161-phase fold metrics
grouped_physical_interpolation,,blocks_3x3_shifted_g6,2029,mlp,ringdown,wq,0.0857085095357463,12,archived 161-phase fold metrics
grouped_physical_interpolation,,blocks_3x3_shifted_g6,2030,mlp,ringdown,wq,0.0950261553127869,12,archived 161-phase fold metrics
grouped_physical_interpolation,,blocks_3x3_shifted_g7,2026,mlp,ringdown,wq,0.0256018682410287,16,archived 161-phase fold metrics
grouped_physical_interpolation,,blocks_3x3_shifted_g7,2027,mlp,ringdown,wq,0.0416139697847111,16,archived 161-phase fold metrics
grouped_physical_interpolation,,blocks_3x3_shifted_g7,2028,mlp,ringdown,wq,0.2356847851898042,16,archived 161-phase fold metrics
grouped_physical_interpolation,,blocks_3x3_shifted_g7,2029,mlp,ringdown,wq,0.0066607949081078,16,archived 161-phase fold metrics
grouped_physical_interpolation,,blocks_3x3_shifted_g7,2030,mlp,ringdown,wq,0.0309756436486806,16,archived 161-phase fold metrics
grouped_physical_interpolation,,blocks_3x3_shifted_g8,2026,mlp,ringdown,wq,0.4589121251362485,16,archived 161-phase fold metrics
grouped_physical_interpolation,,blocks_3x3_shifted_g8,2027,mlp,ringdown,wq,0.0811966245366491,16,archived 161-phase fold metrics
grouped_physical_interpolation,,blocks_3x3_shifted_g8,2028,mlp,ringdown,wq,0.0944505902397652,16,archived 161-phase fold metrics
grouped_physical_interpolation,,blocks_3x3_shifted_g8,2029,mlp,ringdown,wq,0.0480814427105229,16,archived 161-phase fold metrics
grouped_physical_interpolation,,blocks_3x3_shifted_g8,2030,mlp,ringdown,wq,0.0371952677003874,16,archived 161-phase fold metrics
grouped_physical_interpolation,,blocks_3x3_g0,2026,mlp,ringdown_plus_photon_geometry,wq,0.0646405237775405,12,archived 161-phase fold metrics
grouped_physical_interpolation,,blocks_3x3_g0,2027,mlp,ringdown_plus_photon_geometry,wq,0.147980183798991,12,archived 161-phase fold metrics
grouped_physical_interpolation,,blocks_3x3_g0,2028,mlp,ringdown_plus_photon_geometry,wq,0.1217746284973044,12,archived 161-phase fold metrics
grouped_physical_interpolation,,blocks_3x3_g0,2029,mlp,ringdown_plus_photon_geometry,wq,0.3644577704337864,12,archived 161-phase fold metrics
grouped_physical_interpolation,,blocks_3x3_g0,2030,mlp,ringdown_plus_photon_geometry,wq,0.0870159335338433,12,archived 161-phase fold metrics
grouped_physical_interpolation,,blocks_3x3_g1,2026,mlp,ringdown_plus_photon_geometry,wq,0.1305543280507652,12,archived 161-phase fold metrics
grouped_physical_interpolation,,blocks_3x3_g1,2027,mlp,ringdown_plus_photon_geometry,wq,0.0797528674367997,12,archived 161-phase fold metrics
grouped_physical_interpolation,,blocks_3x3_g1,2028,mlp,ringdown_plus_photon_geometry,wq,0.0587250410037924,12,archived 161-phase fold metrics
grouped_physical_interpolation,,blocks_3x3_g1,2029,mlp,ringdown_plus_photon_geometry,wq,0.0825235787459606,12,archived 161-phase fold metrics
grouped_physical_interpolation,,blocks_3x3_g1,2030,mlp,ringdown_plus_photon_geometry,wq,0.0626440628634544,12,archived 161-phase fold metrics
grouped_physical_interpolation,,blocks_3x3_g2,2026,mlp,ringdown_plus_photon_geometry,wq,0.264134149161326,9,archived 161-phase fold metrics
grouped_physical_interpolation,,blocks_3x3_g2,2027,mlp,ringdown_plus_photon_geometry,wq,0.3812625639844055,9,archived 161-phase fold metrics
grouped_physical_interpolation,,blocks_3x3_g2,2028,mlp,ringdown_plus_photon_geometry,wq,0.1892563530328108,9,archived 161-phase fold metrics
grouped_physical_interpolation,,blocks_3x3_g2,2029,mlp,ringdown_plus_photon_geometry,wq,0.2321277474801938,9,archived 161-phase fold metrics
grouped_physical_interpolation,,blocks_3x3_g2,2030,mlp,ringdown_plus_photon_geometry,wq,0.2306156894521807,9,archived 161-phase fold metrics
grouped_physical_interpolation,,blocks_3x3_g3,2026,mlp,ringdown_plus_photon_geometry,wq,0.0545081818151864,16,archived 161-phase fold metrics
grouped_physical_interpolation,,blocks_3x3_g3,2027,mlp,ringdown_plus_photon_geometry,wq,0.2212784267895419,16,archived 161-phase fold metrics
grouped_physical_interpolation,,blocks_3x3_g3,2028,mlp,ringdown_plus_photon_geometry,wq,0.0368505933043246,16,archived 161-phase fold metrics
grouped_physical_interpolation,,blocks_3x3_g3,2029,mlp,ringdown_plus_photon_geometry,wq,0.0661049294415864,16,archived 161-phase fold metrics
grouped_physical_interpolation,,blocks_3x3_g3,2030,mlp,ringdown_plus_photon_geometry,wq,0.0357422046704603,16,archived 161-phase fold metrics
grouped_physical_interpolation,,blocks_3x3_g4,2026,mlp,ringdown_plus_photon_geometry,wq,0.0715735849889123,16,archived 161-phase fold metrics
grouped_physical_interpolation,,blocks_3x3_g4,2027,mlp,ringdown_plus_photon_geometry,wq,0.0454379584915042,16,archived 161-phase fold metrics
grouped_physical_interpolation,,blocks_3x3_g4,2028,mlp,ringdown_plus_photon_geometry,wq,0.0132152447940344,16,archived 161-phase fold metrics
grouped_physical_interpolation,,blocks_3x3_g4,2029,mlp,ringdown_plus_photon_geometry,wq,0.0863570528520879,16,archived 161-phase fold metrics
grouped_physical_interpolation,,blocks_3x3_g4,2030,mlp,ringdown_plus_photon_geometry,wq,0.0101199490825577,16,archived 161-phase fold metrics
grouped_physical_interpolation,,blocks_3x3_g5,2026,mlp,ringdown_plus_photon_geometry,wq,0.0493600251585159,12,archived 161-phase fold metrics
grouped_physical_interpolation,,blocks_3x3_g5,2027,mlp,ringdown_plus_photon_geometry,wq,0.0619052508875299,12,archived 161-phase fold metrics
grouped_physical_interpolation,,blocks_3x3_g5,2028,mlp,ringdown_plus_photon_geometry,wq,0.0222623240329109,12,archived 161-phase fold metrics
grouped_physical_interpolation,,blocks_3x3_g5,2029,mlp,ringdown_plus_photon_geometry,wq,0.0284246890188346,12,archived 161-phase fold metrics
grouped_physical_interpolation,,blocks_3x3_g5,2030,mlp,ringdown_plus_photon_geometry,wq,0.0095451992718571,12,archived 161-phase fold metrics
grouped_physical_interpolation,,blocks_3x3_g6,2026,mlp,ringdown_plus_photon_geometry,wq,0.5085787122846089,12,archived 161-phase fold metrics
grouped_physical_interpolation,,blocks_3x3_g6,2027,mlp,ringdown_plus_photon_geometry,wq,1.2886121108415898,12,archived 161-phase fold metrics
grouped_physical_interpolation,,blocks_3x3_g6,2028,mlp,ringdown_plus_photon_geometry,wq,1.0822355567552082,12,archived 161-phase fold metrics
grouped_physical_interpolation,,blocks_3x3_g6,2029,mlp,ringdown_plus_photon_geometry,wq,0.4209217262881996,12,archived 161-phase fold metrics
grouped_physical_interpolation,,blocks_3x3_g6,2030,mlp,ringdown_plus_photon_geometry,wq,2.839513163513471,12,archived 161-phase fold metrics
grouped_physical_interpolation,,blocks_3x3_g7,2026,mlp,ringdown_plus_photon_geometry,wq,0.0652370350981218,12,archived 161-phase fold metrics
grouped_physical_interpolation,,blocks_3x3_g7,2027,mlp,ringdown_plus_photon_geometry,wq,0.0237088645245145,12,archived 161-phase fold metrics
grouped_physical_interpolation,,blocks_3x3_g7,2028,mlp,ringdown_plus_photon_geometry,wq,0.0239348852349712,12,archived 161-phase fold metrics
grouped_physical_interpolation,,blocks_3x3_g7,2029,mlp,ringdown_plus_photon_geometry,wq,0.0438490888181782,12,archived 161-phase fold metrics
grouped_physical_interpolation,,blocks_3x3_g7,2030,mlp,ringdown_plus_photon_geometry,wq,0.0615895686959743,12,archived 161-phase fold metrics
grouped_physical_interpolation,,blocks_3x3_g8,2026,mlp,ringdown_plus_photon_geometry,wq,0.119220668207418,9,archived 161-phase fold metrics
grouped_physical_interpolation,,blocks_3x3_g8,2027,mlp,ringdown_plus_photon_geometry,wq,0.248175573997887,9,archived 161-phase fold metrics
grouped_physical_interpolation,,blocks_3x3_g8,2028,mlp,ringdown_plus_photon_geometry,wq,0.039817626574483,9,archived 161-phase fold metrics
grouped_physical_interpolation,,blocks_3x3_g8,2029,mlp,ringdown_plus_photon_geometry,wq,0.0267600514272968,9,archived 161-phase fold metrics
grouped_physical_interpolation,,blocks_3x3_g8,2030,mlp,ringdown_plus_photon_geometry,wq,0.0251582054921324,9,archived 161-phase fold metrics
grouped_physical_interpolation,,blocks_3x3_shifted_g0,2026,mlp,ringdown_plus_photon_geometry,wq,0.0743588645253512,6,archived 161-phase fold metrics
grouped_physical_interpolation,,blocks_3x3_shifted_g0,2027,mlp,ringdown_plus_photon_geometry,wq,0.1402862673334048,6,archived 161-phase fold metrics
grouped_physical_interpolation,,blocks_3x3_shifted_g0,2028,mlp,ringdown_plus_photon_geometry,wq,0.0827967265995008,6,archived 161-phase fold metrics
grouped_physical_interpolation,,blocks_3x3_shifted_g0,2029,mlp,ringdown_plus_photon_geometry,wq,0.0601974690385497,6,archived 161-phase fold metrics
grouped_physical_interpolation,,blocks_3x3_shifted_g0,2030,mlp,ringdown_plus_photon_geometry,wq,0.0892172791703656,6,archived 161-phase fold metrics
grouped_physical_interpolation,,blocks_3x3_shifted_g1,2026,mlp,ringdown_plus_photon_geometry,wq,0.0788878443688426,8,archived 161-phase fold metrics
grouped_physical_interpolation,,blocks_3x3_shifted_g1,2027,mlp,ringdown_plus_photon_geometry,wq,0.1689618829929676,8,archived 161-phase fold metrics
grouped_physical_interpolation,,blocks_3x3_shifted_g1,2028,mlp,ringdown_plus_photon_geometry,wq,0.0899347910248304,8,archived 161-phase fold metrics
grouped_physical_interpolation,,blocks_3x3_shifted_g1,2029,mlp,ringdown_plus_photon_geometry,wq,0.213743372288133,8,archived 161-phase fold metrics
grouped_physical_interpolation,,blocks_3x3_shifted_g1,2030,mlp,ringdown_plus_photon_geometry,wq,0.0877010104666952,8,archived 161-phase fold metrics
grouped_physical_interpolation,,blocks_3x3_shifted_g2,2026,mlp,ringdown_plus_photon_geometry,wq,0.3063806158989623,8,archived 161-phase fold metrics
grouped_physical_interpolation,,blocks_3x3_shifted_g2,2027,mlp,ringdown_plus_photon_geometry,wq,0.3151553616124128,8,archived 161-phase fold metrics
grouped_physical_interpolation,,blocks_3x3_shifted_g2,2028,mlp,ringdown_plus_photon_geometry,wq,0.1896937933470897,8,archived 161-phase fold metrics
grouped_physical_interpolation,,blocks_3x3_shifted_g2,2029,mlp,ringdown_plus_photon_geometry,wq,0.2525684414077956,8,archived 161-phase fold metrics
grouped_physical_interpolation,,blocks_3x3_shifted_g2,2030,mlp,ringdown_plus_photon_geometry,wq,0.3262632781529551,8,archived 161-phase fold metrics
grouped_physical_interpolation,,blocks_3x3_shifted_g3,2026,mlp,ringdown_plus_photon_geometry,wq,0.0784235865986618,12,archived 161-phase fold metrics
grouped_physical_interpolation,,blocks_3x3_shifted_g3,2027,mlp,ringdown_plus_photon_geometry,wq,0.0731422840530876,12,archived 161-phase fold metrics
grouped_physical_interpolation,,blocks_3x3_shifted_g3,2028,mlp,ringdown_plus_photon_geometry,wq,0.0773739873461668,12,archived 161-phase fold metrics
grouped_physical_interpolation,,blocks_3x3_shifted_g3,2029,mlp,ringdown_plus_photon_geometry,wq,0.0750773302743782,12,archived 161-phase fold metrics
grouped_physical_interpolation,,blocks_3x3_shifted_g3,2030,mlp,ringdown_plus_photon_geometry,wq,0.0292952568406788,12,archived 161-phase fold metrics
grouped_physical_interpolation,,blocks_3x3_shifted_g4,2026,mlp,ringdown_plus_photon_geometry,wq,0.0638797937919074,16,archived 161-phase fold metrics
grouped_physical_interpolation,,blocks_3x3_shifted_g4,2027,mlp,ringdown_plus_photon_geometry,wq,0.2543732185535812,16,archived 161-phase fold metrics
grouped_physical_interpolation,,blocks_3x3_shifted_g4,2028,mlp,ringdown_plus_photon_geometry,wq,0.013764734390333,16,archived 161-phase fold metrics
grouped_physical_interpolation,,blocks_3x3_shifted_g4,2029,mlp,ringdown_plus_photon_geometry,wq,0.0216628887903105,16,archived 161-phase fold metrics
grouped_physical_interpolation,,blocks_3x3_shifted_g4,2030,mlp,ringdown_plus_photon_geometry,wq,0.0272361141136096,16,archived 161-phase fold metrics
grouped_physical_interpolation,,blocks_3x3_shifted_g5,2026,mlp,ringdown_plus_photon_geometry,wq,0.07270610816369,16,archived 161-phase fold metrics
grouped_physical_interpolation,,blocks_3x3_shifted_g5,2027,mlp,ringdown_plus_photon_geometry,wq,0.2031423933688323,16,archived 161-phase fold metrics
grouped_physical_interpolation,,blocks_3x3_shifted_g5,2028,mlp,ringdown_plus_photon_geometry,wq,0.0318566913323985,16,archived 161-phase fold metrics
grouped_physical_interpolation,,blocks_3x3_shifted_g5,2029,mlp,ringdown_plus_photon_geometry,wq,0.0468916738993385,16,archived 161-phase fold metrics
grouped_physical_interpolation,,blocks_3x3_shifted_g5,2030,mlp,ringdown_plus_photon_geometry,wq,0.0447128763180777,16,archived 161-phase fold metrics
grouped_physical_interpolation,,blocks_3x3_shifted_g6,2026,mlp,ringdown_plus_photon_geometry,wq,0.5119328279549642,12,archived 161-phase fold metrics
grouped_physical_interpolation,,blocks_3x3_shifted_g6,2027,mlp,ringdown_plus_photon_geometry,wq,1.511597371013788,12,archived 161-phase fold metrics
grouped_physical_interpolation,,blocks_3x3_shifted_g6,2028,mlp,ringdown_plus_photon_geometry,wq,2.468679568416733,12,archived 161-phase fold metrics
grouped_physical_interpolation,,blocks_3x3_shifted_g6,2029,mlp,ringdown_plus_photon_geometry,wq,0.8401743230516874,12,archived 161-phase fold metrics
grouped_physical_interpolation,,blocks_3x3_shifted_g6,2030,mlp,ringdown_plus_photon_geometry,wq,0.7905643844155591,12,archived 161-phase fold metrics
grouped_physical_interpolation,,blocks_3x3_shifted_g7,2026,mlp,ringdown_plus_photon_geometry,wq,0.0694119212235938,16,archived 161-phase fold metrics
grouped_physical_interpolation,,blocks_3x3_shifted_g7,2027,mlp,ringdown_plus_photon_geometry,wq,0.0608997601920901,16,archived 161-phase fold metrics
grouped_physical_interpolation,,blocks_3x3_shifted_g7,2028,mlp,ringdown_plus_photon_geometry,wq,0.0233113332268588,16,archived 161-phase fold metrics
grouped_physical_interpolation,,blocks_3x3_shifted_g7,2029,mlp,ringdown_plus_photon_geometry,wq,0.0295120413712179,16,archived 161-phase fold metrics
grouped_physical_interpolation,,blocks_3x3_shifted_g7,2030,mlp,ringdown_plus_photon_geometry,wq,0.025033351401255,16,archived 161-phase fold metrics
grouped_physical_interpolation,,blocks_3x3_shifted_g8,2026,mlp,ringdown_plus_photon_geometry,wq,0.0411938669051416,16,archived 161-phase fold metrics
grouped_physical_interpolation,,blocks_3x3_shifted_g8,2027,mlp,ringdown_plus_photon_geometry,wq,0.0603752964904307,16,archived 161-phase fold metrics
grouped_physical_interpolation,,blocks_3x3_shifted_g8,2028,mlp,ringdown_plus_photon_geometry,wq,0.0266458493069052,16,archived 161-phase fold metrics
grouped_physical_interpolation,,blocks_3x3_shifted_g8,2029,mlp,ringdown_plus_photon_geometry,wq,0.0181043018652104,16,archived 161-phase fold metrics
grouped_physical_interpolation,,blocks_3x3_shifted_g8,2030,mlp,ringdown_plus_photon_geometry,wq,0.0464381052717562,16,archived 161-phase fold metrics
grouped_physical_interpolation,,blocks_3x3_g0,2026,random_forest,ringdown,wq,0.4513161596266754,12,archived 161-phase fold metrics
grouped_physical_interpolation,,blocks_3x3_g0,2027,random_forest,ringdown,wq,0.4575226809859742,12,archived 161-phase fold metrics
grouped_physical_interpolation,,blocks_3x3_g0,2028,random_forest,ringdown,wq,0.4696061503164679,12,archived 161-phase fold metrics
grouped_physical_interpolation,,blocks_3x3_g0,2029,random_forest,ringdown,wq,0.4864615638623573,12,archived 161-phase fold metrics
grouped_physical_interpolation,,blocks_3x3_g0,2030,random_forest,ringdown,wq,0.5097333369970173,12,archived 161-phase fold metrics
grouped_physical_interpolation,,blocks_3x3_g1,2026,random_forest,ringdown,wq,0.0891858290641354,12,archived 161-phase fold metrics
grouped_physical_interpolation,,blocks_3x3_g1,2027,random_forest,ringdown,wq,0.0771643486706316,12,archived 161-phase fold metrics
grouped_physical_interpolation,,blocks_3x3_g1,2028,random_forest,ringdown,wq,0.074701195788828,12,archived 161-phase fold metrics
grouped_physical_interpolation,,blocks_3x3_g1,2029,random_forest,ringdown,wq,0.06479346882786,12,archived 161-phase fold metrics
grouped_physical_interpolation,,blocks_3x3_g1,2030,random_forest,ringdown,wq,0.068087285840262,12,archived 161-phase fold metrics
grouped_physical_interpolation,,blocks_3x3_g2,2026,random_forest,ringdown,wq,0.4234395771776726,9,archived 161-phase fold metrics
grouped_physical_interpolation,,blocks_3x3_g2,2027,random_forest,ringdown,wq,0.405358987964808,9,archived 161-phase fold metrics
grouped_physical_interpolation,,blocks_3x3_g2,2028,random_forest,ringdown,wq,0.4367923980291701,9,archived 161-phase fold metrics
grouped_physical_interpolation,,blocks_3x3_g2,2029,random_forest,ringdown,wq,0.4060035973237029,9,archived 161-phase fold metrics
grouped_physical_interpolation,,blocks_3x3_g2,2030,random_forest,ringdown,wq,0.4214239802917049,9,archived 161-phase fold metrics
grouped_physical_interpolation,,blocks_3x3_g3,2026,random_forest,ringdown,wq,0.3562789976270947,16,archived 161-phase fold metrics
grouped_physical_interpolation,,blocks_3x3_g3,2027,random_forest,ringdown,wq,0.3232430702977583,16,archived 161-phase fold metrics
grouped_physical_interpolation,,blocks_3x3_g3,2028,random_forest,ringdown,wq,0.3397499473905726,16,archived 161-phase fold metrics
grouped_physical_interpolation,,blocks_3x3_g3,2029,random_forest,ringdown,wq,0.3526239036123715,16,archived 161-phase fold metrics
grouped_physical_interpolation,,blocks_3x3_g3,2030,random_forest,ringdown,wq,0.3336678937357774,16,archived 161-phase fold metrics
grouped_physical_interpolation,,blocks_3x3_g4,2026,random_forest,ringdown,wq,0.0877810433201062,16,archived 161-phase fold metrics
grouped_physical_interpolation,,blocks_3x3_g4,2027,random_forest,ringdown,wq,0.0698079451688083,16,archived 161-phase fold metrics
grouped_physical_interpolation,,blocks_3x3_g4,2028,random_forest,ringdown,wq,0.1359864595143614,16,archived 161-phase fold metrics
grouped_physical_interpolation,,blocks_3x3_g4,2029,random_forest,ringdown,wq,0.1739055098891403,16,archived 161-phase fold metrics
grouped_physical_interpolation,,blocks_3x3_g4,2030,random_forest,ringdown,wq,0.1497643061854368,16,archived 161-phase fold metrics
grouped_physical_interpolation,,blocks_3x3_g5,2026,random_forest,ringdown,wq,0.3832044137520324,12,archived 161-phase fold metrics
grouped_physical_interpolation,,blocks_3x3_g5,2027,random_forest,ringdown,wq,0.3412491786965471,12,archived 161-phase fold metrics
grouped_physical_interpolation,,blocks_3x3_g5,2028,random_forest,ringdown,wq,0.331987935039514,12,archived 161-phase fold metrics
grouped_physical_interpolation,,blocks_3x3_g5,2029,random_forest,ringdown,wq,0.3419785409696124,12,archived 161-phase fold metrics
grouped_physical_interpolation,,blocks_3x3_g5,2030,random_forest,ringdown,wq,0.3756060978752777,12,archived 161-phase fold metrics
grouped_physical_interpolation,,blocks_3x3_g6,2026,random_forest,ringdown,wq,0.2734098324514993,12,archived 161-phase fold metrics
grouped_physical_interpolation,,blocks_3x3_g6,2027,random_forest,ringdown,wq,0.2483635571512573,12,archived 161-phase fold metrics
grouped_physical_interpolation,,blocks_3x3_g6,2028,random_forest,ringdown,wq,0.2890293839758127,12,archived 161-phase fold metrics
grouped_physical_interpolation,,blocks_3x3_g6,2029,random_forest,ringdown,wq,0.2934483969513735,12,archived 161-phase fold metrics
grouped_physical_interpolation,,blocks_3x3_g6,2030,random_forest,ringdown,wq,0.2790820105820105,12,archived 161-phase fold metrics
grouped_physical_interpolation,,blocks_3x3_g7,2026,random_forest,ringdown,wq,0.3088096445368285,12,archived 161-phase fold metrics
grouped_physical_interpolation,,blocks_3x3_g7,2027,random_forest,ringdown,wq,0.2318719765684059,12,archived 161-phase fold metrics
grouped_physical_interpolation,,blocks_3x3_g7,2028,random_forest,ringdown,wq,0.3046545361971956,12,archived 161-phase fold metrics
grouped_physical_interpolation,,blocks_3x3_g7,2029,random_forest,ringdown,wq,0.2716996287198019,12,archived 161-phase fold metrics
grouped_physical_interpolation,,blocks_3x3_g7,2030,random_forest,ringdown,wq,0.2458185468631907,12,archived 161-phase fold metrics
grouped_physical_interpolation,,blocks_3x3_g8,2026,random_forest,ringdown,wq,0.2771312743204273,9,archived 161-phase fold metrics
grouped_physical_interpolation,,blocks_3x3_g8,2027,random_forest,ringdown,wq,0.2595085313960972,9,archived 161-phase fold metrics
grouped_physical_interpolation,,blocks_3x3_g8,2028,random_forest,ringdown,wq,0.3016304974664751,9,archived 161-phase fold metrics
grouped_physical_interpolation,,blocks_3x3_g8,2029,random_forest,ringdown,wq,0.2789903278183691,9,archived 161-phase fold metrics
grouped_physical_interpolation,,blocks_3x3_g8,2030,random_forest,ringdown,wq,0.2487905478315523,9,archived 161-phase fold metrics
grouped_physical_interpolation,,blocks_3x3_shifted_g0,2026,random_forest,ringdown,wq,0.5991585452319574,6,archived 161-phase fold metrics
grouped_physical_interpolation,,blocks_3x3_shifted_g0,2027,random_forest,ringdown,wq,0.5198972577246386,6,archived 161-phase fold metrics
grouped_physical_interpolation,,blocks_3x3_shifted_g0,2028,random_forest,ringdown,wq,0.4458931866193775,6,archived 161-phase fold metrics
grouped_physical_interpolation,,blocks_3x3_shifted_g0,2029,random_forest,ringdown,wq,0.5151631902048569,6,archived 161-phase fold metrics
grouped_physical_interpolation,,blocks_3x3_shifted_g0,2030,random_forest,ringdown,wq,0.5213400415721834,6,archived 161-phase fold metrics
grouped_physical_interpolation,,blocks_3x3_shifted_g1,2026,random_forest,ringdown,wq,0.1784704323087256,8,archived 161-phase fold metrics
grouped_physical_interpolation,,blocks_3x3_shifted_g1,2027,random_forest,ringdown,wq,0.1596851353195594,8,archived 161-phase fold metrics
grouped_physical_interpolation,,blocks_3x3_shifted_g1,2028,random_forest,ringdown,wq,0.1903570371611042,8,archived 161-phase fold metrics
grouped_physical_interpolation,,blocks_3x3_shifted_g1,2029,random_forest,ringdown,wq,0.163883219954648,8,archived 161-phase fold metrics
grouped_physical_interpolation,,blocks_3x3_shifted_g1,2030,random_forest,ringdown,wq,0.2630592009952125,8,archived 161-phase fold metrics
grouped_physical_interpolation,,blocks_3x3_shifted_g2,2026,random_forest,ringdown,wq,0.5527019388423161,8,archived 161-phase fold metrics
grouped_physical_interpolation,,blocks_3x3_shifted_g2,2027,random_forest,ringdown,wq,0.4529893969933642,8,archived 161-phase fold metrics
grouped_physical_interpolation,,blocks_3x3_shifted_g2,2028,random_forest,ringdown,wq,0.4583156169594666,8,archived 161-phase fold metrics
grouped_physical_interpolation,,blocks_3x3_shifted_g2,2029,random_forest,ringdown,wq,0.5058793782459462,8,archived 161-phase fold metrics
grouped_physical_interpolation,,blocks_3x3_shifted_g2,2030,random_forest,ringdown,wq,0.4915149706627869,8,archived 161-phase fold metrics
grouped_physical_interpolation,,blocks_3x3_shifted_g3,2026,random_forest,ringdown,wq,0.3917249050185559,12,archived 161-phase fold metrics
grouped_physical_interpolation,,blocks_3x3_shifted_g3,2027,random_forest,ringdown,wq,0.3762101122716207,12,archived 161-phase fold metrics
grouped_physical_interpolation,,blocks_3x3_shifted_g3,2028,random_forest,ringdown,wq,0.3120284549004784,12,archived 161-phase fold metrics
grouped_physical_interpolation,,blocks_3x3_shifted_g3,2029,random_forest,ringdown,wq,0.3158264750204236,12,archived 161-phase fold metrics
grouped_physical_interpolation,,blocks_3x3_shifted_g3,2030,random_forest,ringdown,wq,0.3686813227190211,12,archived 161-phase fold metrics
grouped_physical_interpolation,,blocks_3x3_shifted_g4,2026,random_forest,ringdown,wq,0.1293120197152935,16,archived 161-phase fold metrics
grouped_physical_interpolation,,blocks_3x3_shifted_g4,2027,random_forest,ringdown,wq,0.0903559182219895,16,archived 161-phase fold metrics
grouped_physical_interpolation,,blocks_3x3_shifted_g4,2028,random_forest,ringdown,wq,0.0951546523316116,16,archived 161-phase fold metrics
grouped_physical_interpolation,,blocks_3x3_shifted_g4,2029,random_forest,ringdown,wq,0.1709465014014865,16,archived 161-phase fold metrics
grouped_physical_interpolation,,blocks_3x3_shifted_g4,2030,random_forest,ringdown,wq,0.1549707170676913,16,archived 161-phase fold metrics
grouped_physical_interpolation,,blocks_3x3_shifted_g5,2026,random_forest,ringdown,wq,0.4078890180219526,16,archived 161-phase fold metrics
grouped_physical_interpolation,,blocks_3x3_shifted_g5,2027,random_forest,ringdown,wq,0.3885760640878436,16,archived 161-phase fold metrics
grouped_physical_interpolation,,blocks_3x3_shifted_g5,2028,random_forest,ringdown,wq,0.3686480963095534,16,archived 161-phase fold metrics
grouped_physical_interpolation,,blocks_3x3_shifted_g5,2029,random_forest,ringdown,wq,0.429224174199,16,archived 161-phase fold metrics
grouped_physical_interpolation,,blocks_3x3_shifted_g5,2030,random_forest,ringdown,wq,0.4239703601347935,16,archived 161-phase fold metrics
grouped_physical_interpolation,,blocks_3x3_shifted_g6,2026,random_forest,ringdown,wq,0.2578261290627363,12,archived 161-phase fold metrics
grouped_physical_interpolation,,blocks_3x3_shifted_g6,2027,random_forest,ringdown,wq,0.2376841773746545,12,archived 161-phase fold metrics
grouped_physical_interpolation,,blocks_3x3_shifted_g6,2028,random_forest,ringdown,wq,0.2970458448811632,12,archived 161-phase fold metrics
grouped_physical_interpolation,,blocks_3x3_shifted_g6,2029,random_forest,ringdown,wq,0.3063246409674983,12,archived 161-phase fold metrics
grouped_physical_interpolation,,blocks_3x3_shifted_g6,2030,random_forest,ringdown,wq,0.3125071963970774,12,archived 161-phase fold metrics
grouped_physical_interpolation,,blocks_3x3_shifted_g7,2026,random_forest,ringdown,wq,0.2066069775132279,16,archived 161-phase fold metrics
grouped_physical_interpolation,,blocks_3x3_shifted_g7,2027,random_forest,ringdown,wq,0.2096247480473665,16,archived 161-phase fold metrics
grouped_physical_interpolation,,blocks_3x3_shifted_g7,2028,random_forest,ringdown,wq,0.2221927988788107,16,archived 161-phase fold metrics
grouped_physical_interpolation,,blocks_3x3_shifted_g7,2029,random_forest,ringdown,wq,0.2390714010141095,16,archived 161-phase fold metrics
grouped_physical_interpolation,,blocks_3x3_shifted_g7,2030,random_forest,ringdown,wq,0.2198962184200277,16,archived 161-phase fold metrics
grouped_physical_interpolation,,blocks_3x3_shifted_g8,2026,random_forest,ringdown,wq,0.3097411745001012,16,archived 161-phase fold metrics
grouped_physical_interpolation,,blocks_3x3_shifted_g8,2027,random_forest,ringdown,wq,0.3550921326478121,16,archived 161-phase fold metrics
grouped_physical_interpolation,,blocks_3x3_shifted_g8,2028,random_forest,ringdown,wq,0.3048541666666653,16,archived 161-phase fold metrics
grouped_physical_interpolation,,blocks_3x3_shifted_g8,2029,random_forest,ringdown,wq,0.3150642575843452,16,archived 161-phase fold metrics
grouped_physical_interpolation,,blocks_3x3_shifted_g8,2030,random_forest,ringdown,wq,0.3284778006109832,16,archived 161-phase fold metrics
grouped_physical_interpolation,,blocks_3x3_g0,2026,random_forest,ringdown_plus_photon_geometry,wq,0.2387151308054095,12,archived 161-phase fold metrics
grouped_physical_interpolation,,blocks_3x3_g0,2027,random_forest,ringdown_plus_photon_geometry,wq,0.2265285021415972,12,archived 161-phase fold metrics
grouped_physical_interpolation,,blocks_3x3_g0,2028,random_forest,ringdown_plus_photon_geometry,wq,0.2461864816914432,12,archived 161-phase fold metrics
grouped_physical_interpolation,,blocks_3x3_g0,2029,random_forest,ringdown_plus_photon_geometry,wq,0.2450619488536166,12,archived 161-phase fold metrics
grouped_physical_interpolation,,blocks_3x3_g0,2030,random_forest,ringdown_plus_photon_geometry,wq,0.2631474237843297,12,archived 161-phase fold metrics
grouped_physical_interpolation,,blocks_3x3_g1,2026,random_forest,ringdown_plus_photon_geometry,wq,0.1812990966448309,12,archived 161-phase fold metrics
grouped_physical_interpolation,,blocks_3x3_g1,2027,random_forest,ringdown_plus_photon_geometry,wq,0.1569122522465775,12,archived 161-phase fold metrics
grouped_physical_interpolation,,blocks_3x3_g1,2028,random_forest,ringdown_plus_photon_geometry,wq,0.1546691022087848,12,archived 161-phase fold metrics
grouped_physical_interpolation,,blocks_3x3_g1,2029,random_forest,ringdown_plus_photon_geometry,wq,0.1622995323129249,12,archived 161-phase fold metrics
grouped_physical_interpolation,,blocks_3x3_g1,2030,random_forest,ringdown_plus_photon_geometry,wq,0.1299303193499625,12,archived 161-phase fold metrics
grouped_physical_interpolation,,blocks_3x3_g2,2026,random_forest,ringdown_plus_photon_geometry,wq,0.3170920653583799,9,archived 161-phase fold metrics
grouped_physical_interpolation,,blocks_3x3_g2,2027,random_forest,ringdown_plus_photon_geometry,wq,0.2979121114857448,9,archived 161-phase fold metrics
grouped_physical_interpolation,,blocks_3x3_g2,2028,random_forest,ringdown_plus_photon_geometry,wq,0.2984545601941993,9,archived 161-phase fold metrics
grouped_physical_interpolation,,blocks_3x3_g2,2029,random_forest,ringdown_plus_photon_geometry,wq,0.2935889392794163,9,archived 161-phase fold metrics
grouped_physical_interpolation,,blocks_3x3_g2,2030,random_forest,ringdown_plus_photon_geometry,wq,0.2884371524517025,9,archived 161-phase fold metrics
grouped_physical_interpolation,,blocks_3x3_g3,2026,random_forest,ringdown_plus_photon_geometry,wq,0.0900105780738216,16,archived 161-phase fold metrics
grouped_physical_interpolation,,blocks_3x3_g3,2027,random_forest,ringdown_plus_photon_geometry,wq,0.0960076819307971,16,archived 161-phase fold metrics
grouped_physical_interpolation,,blocks_3x3_g3,2028,random_forest,ringdown_plus_photon_geometry,wq,0.0779086553602922,16,archived 161-phase fold metrics
grouped_physical_interpolation,,blocks_3x3_g3,2029,random_forest,ringdown_plus_photon_geometry,wq,0.078284841637272,16,archived 161-phase fold metrics
grouped_physical_interpolation,,blocks_3x3_g3,2030,random_forest,ringdown_plus_photon_geometry,wq,0.0890933760078099,16,archived 161-phase fold metrics
grouped_physical_interpolation,,blocks_3x3_g4,2026,random_forest,ringdown_plus_photon_geometry,wq,0.0663459191546984,16,archived 161-phase fold metrics
grouped_physical_interpolation,,blocks_3x3_g4,2027,random_forest,ringdown_plus_photon_geometry,wq,0.0403562570861677,16,archived 161-phase fold metrics
grouped_physical_interpolation,,blocks_3x3_g4,2028,random_forest,ringdown_plus_photon_geometry,wq,0.0381006117724864,16,archived 161-phase fold metrics
grouped_physical_interpolation,,blocks_3x3_g4,2029,random_forest,ringdown_plus_photon_geometry,wq,0.0324374999999993,16,archived 161-phase fold metrics
grouped_physical_interpolation,,blocks_3x3_g4,2030,random_forest,ringdown_plus_photon_geometry,wq,0.04303265936004,16,archived 161-phase fold metrics
grouped_physical_interpolation,,blocks_3x3_g5,2026,random_forest,ringdown_plus_photon_geometry,wq,0.0548391124968511,12,archived 161-phase fold metrics
grouped_physical_interpolation,,blocks_3x3_g5,2027,random_forest,ringdown_plus_photon_geometry,wq,0.0702475959519612,12,archived 161-phase fold metrics
grouped_physical_interpolation,,blocks_3x3_g5,2028,random_forest,ringdown_plus_photon_geometry,wq,0.0692862706811125,12,archived 161-phase fold metrics
grouped_physical_interpolation,,blocks_3x3_g5,2029,random_forest,ringdown_plus_photon_geometry,wq,0.0584104518350558,12,archived 161-phase fold metrics
grouped_physical_interpolation,,blocks_3x3_g5,2030,random_forest,ringdown_plus_photon_geometry,wq,0.0655800107079874,12,archived 161-phase fold metrics
grouped_physical_interpolation,,blocks_3x3_g6,2026,random_forest,ringdown_plus_photon_geometry,wq,0.0907966873477782,12,archived 161-phase fold metrics
grouped_physical_interpolation,,blocks_3x3_g6,2027,random_forest,ringdown_plus_photon_geometry,wq,0.0739434051398341,12,archived 161-phase fold metrics
grouped_physical_interpolation,,blocks_3x3_g6,2028,random_forest,ringdown_plus_photon_geometry,wq,0.0982470570532741,12,archived 161-phase fold metrics
grouped_physical_interpolation,,blocks_3x3_g6,2029,random_forest,ringdown_plus_photon_geometry,wq,0.0879822688334591,12,archived 161-phase fold metrics
grouped_physical_interpolation,,blocks_3x3_g6,2030,random_forest,ringdown_plus_photon_geometry,wq,0.0899757513087551,12,archived 161-phase fold metrics
grouped_physical_interpolation,,blocks_3x3_g7,2026,random_forest,ringdown_plus_photon_geometry,wq,0.1032114512471642,12,archived 161-phase fold metrics
grouped_physical_interpolation,,blocks_3x3_g7,2027,random_forest,ringdown_plus_photon_geometry,wq,0.1281794637608118,12,archived 161-phase fold metrics
grouped_physical_interpolation,,blocks_3x3_g7,2028,random_forest,ringdown_plus_photon_geometry,wq,0.1051397847204709,12,archived 161-phase fold metrics
grouped_physical_interpolation,,blocks_3x3_g7,2029,random_forest,ringdown_plus_photon_geometry,wq,0.1098645663290991,12,archived 161-phase fold metrics
grouped_physical_interpolation,,blocks_3x3_g7,2030,random_forest,ringdown_plus_photon_geometry,wq,0.1272606292516993,12,archived 161-phase fold metrics
grouped_physical_interpolation,,blocks_3x3_g8,2026,random_forest,ringdown_plus_photon_geometry,wq,0.0687339380196529,9,archived 161-phase fold metrics
grouped_physical_interpolation,,blocks_3x3_g8,2027,random_forest,ringdown_plus_photon_geometry,wq,0.0669705495366872,9,archived 161-phase fold metrics
grouped_physical_interpolation,,blocks_3x3_g8,2028,random_forest,ringdown_plus_photon_geometry,wq,0.0687720248593272,9,archived 161-phase fold metrics
grouped_physical_interpolation,,blocks_3x3_g8,2029,random_forest,ringdown_plus_photon_geometry,wq,0.0634417779457465,9,archived 161-phase fold metrics
grouped_physical_interpolation,,blocks_3x3_g8,2030,random_forest,ringdown_plus_photon_geometry,wq,0.0669904257999497,9,archived 161-phase fold metrics
grouped_physical_interpolation,,blocks_3x3_shifted_g0,2026,random_forest,ringdown_plus_photon_geometry,wq,0.2209946565045769,6,archived 161-phase fold metrics
grouped_physical_interpolation,,blocks_3x3_shifted_g0,2027,random_forest,ringdown_plus_photon_geometry,wq,0.2073812883177956,6,archived 161-phase fold metrics
grouped_physical_interpolation,,blocks_3x3_shifted_g0,2028,random_forest,ringdown_plus_photon_geometry,wq,0.2543464768623494,6,archived 161-phase fold metrics
grouped_physical_interpolation,,blocks_3x3_shifted_g0,2029,random_forest,ringdown_plus_photon_geometry,wq,0.216237496850592,6,archived 161-phase fold metrics
grouped_physical_interpolation,,blocks_3x3_shifted_g0,2030,random_forest,ringdown_plus_photon_geometry,wq,0.2212497165532859,6,archived 161-phase fold metrics
grouped_physical_interpolation,,blocks_3x3_shifted_g1,2026,random_forest,ringdown_plus_photon_geometry,wq,0.1804386967750077,8,archived 161-phase fold metrics
grouped_physical_interpolation,,blocks_3x3_shifted_g1,2027,random_forest,ringdown_plus_photon_geometry,wq,0.2086884419592763,8,archived 161-phase fold metrics
grouped_physical_interpolation,,blocks_3x3_shifted_g1,2028,random_forest,ringdown_plus_photon_geometry,wq,0.2104326262912582,8,archived 161-phase fold metrics
grouped_physical_interpolation,,blocks_3x3_shifted_g1,2029,random_forest,ringdown_plus_photon_geometry,wq,0.2104093259217278,8,archived 161-phase fold metrics
grouped_physical_interpolation,,blocks_3x3_shifted_g1,2030,random_forest,ringdown_plus_photon_geometry,wq,0.1986273699294545,8,archived 161-phase fold metrics
grouped_physical_interpolation,,blocks_3x3_shifted_g2,2026,random_forest,ringdown_plus_photon_geometry,wq,0.4165065347828237,8,archived 161-phase fold metrics
grouped_physical_interpolation,,blocks_3x3_shifted_g2,2027,random_forest,ringdown_plus_photon_geometry,wq,0.4057518449180149,8,archived 161-phase fold metrics
grouped_physical_interpolation,,blocks_3x3_shifted_g2,2028,random_forest,ringdown_plus_photon_geometry,wq,0.3527904492443181,8,archived 161-phase fold metrics
grouped_physical_interpolation,,blocks_3x3_shifted_g2,2029,random_forest,ringdown_plus_photon_geometry,wq,0.4109947093984799,8,archived 161-phase fold metrics
grouped_physical_interpolation,,blocks_3x3_shifted_g2,2030,random_forest,ringdown_plus_photon_geometry,wq,0.3306909622013783,8,archived 161-phase fold metrics
grouped_physical_interpolation,,blocks_3x3_shifted_g3,2026,random_forest,ringdown_plus_photon_geometry,wq,0.123126553707902,12,archived 161-phase fold metrics
grouped_physical_interpolation,,blocks_3x3_shifted_g3,2027,random_forest,ringdown_plus_photon_geometry,wq,0.1153285567313334,12,archived 161-phase fold metrics
grouped_physical_interpolation,,blocks_3x3_shifted_g3,2028,random_forest,ringdown_plus_photon_geometry,wq,0.1261558064583841,12,archived 161-phase fold metrics
grouped_physical_interpolation,,blocks_3x3_shifted_g3,2029,random_forest,ringdown_plus_photon_geometry,wq,0.1207440747389479,12,archived 161-phase fold metrics
grouped_physical_interpolation,,blocks_3x3_shifted_g3,2030,random_forest,ringdown_plus_photon_geometry,wq,0.1365651412079973,12,archived 161-phase fold metrics
grouped_physical_interpolation,,blocks_3x3_shifted_g4,2026,random_forest,ringdown_plus_photon_geometry,wq,0.0420816704101681,16,archived 161-phase fold metrics
grouped_physical_interpolation,,blocks_3x3_shifted_g4,2027,random_forest,ringdown_plus_photon_geometry,wq,0.0393132498013462,16,archived 161-phase fold metrics
grouped_physical_interpolation,,blocks_3x3_shifted_g4,2028,random_forest,ringdown_plus_photon_geometry,wq,0.0563136309237508,16,archived 161-phase fold metrics
grouped_physical_interpolation,,blocks_3x3_shifted_g4,2029,random_forest,ringdown_plus_photon_geometry,wq,0.0556088174116461,16,archived 161-phase fold metrics
grouped_physical_interpolation,,blocks_3x3_shifted_g4,2030,random_forest,ringdown_plus_photon_geometry,wq,0.0473559731920971,16,archived 161-phase fold metrics
grouped_physical_interpolation,,blocks_3x3_shifted_g5,2026,random_forest,ringdown_plus_photon_geometry,wq,0.1073710081254722,16,archived 161-phase fold metrics
grouped_physical_interpolation,,blocks_3x3_shifted_g5,2027,random_forest,ringdown_plus_photon_geometry,wq,0.0964062867430921,16,archived 161-phase fold metrics
grouped_physical_interpolation,,blocks_3x3_shifted_g5,2028,random_forest,ringdown_plus_photon_geometry,wq,0.0689597387566141,16,archived 161-phase fold metrics
grouped_physical_interpolation,,blocks_3x3_shifted_g5,2029,random_forest,ringdown_plus_photon_geometry,wq,0.1311578889271759,16,archived 161-phase fold metrics
grouped_physical_interpolation,,blocks_3x3_shifted_g5,2030,random_forest,ringdown_plus_photon_geometry,wq,0.0682862929894183,16,archived 161-phase fold metrics
grouped_physical_interpolation,,blocks_3x3_shifted_g6,2026,random_forest,ringdown_plus_photon_geometry,wq,0.0716438520694471,12,archived 161-phase fold metrics
grouped_physical_interpolation,,blocks_3x3_shifted_g6,2027,random_forest,ringdown_plus_photon_geometry,wq,0.0898640873015869,12,archived 161-phase fold metrics
grouped_physical_interpolation,,blocks_3x3_shifted_g6,2028,random_forest,ringdown_plus_photon_geometry,wq,0.1491533171138812,12,archived 161-phase fold metrics
grouped_physical_interpolation,,blocks_3x3_shifted_g6,2029,random_forest,ringdown_plus_photon_geometry,wq,0.0791666323461963,12,archived 161-phase fold metrics
grouped_physical_interpolation,,blocks_3x3_shifted_g6,2030,random_forest,ringdown_plus_photon_geometry,wq,0.0716144521080038,12,archived 161-phase fold metrics
grouped_physical_interpolation,,blocks_3x3_shifted_g7,2026,random_forest,ringdown_plus_photon_geometry,wq,0.1306685130070548,16,archived 161-phase fold metrics
grouped_physical_interpolation,,blocks_3x3_shifted_g7,2027,random_forest,ringdown_plus_photon_geometry,wq,0.1213032104579715,16,archived 161-phase fold metrics
grouped_physical_interpolation,,blocks_3x3_shifted_g7,2028,random_forest,ringdown_plus_photon_geometry,wq,0.1192038375535396,16,archived 161-phase fold metrics
grouped_physical_interpolation,,blocks_3x3_shifted_g7,2029,random_forest,ringdown_plus_photon_geometry,wq,0.1366205081569666,16,archived 161-phase fold metrics
grouped_physical_interpolation,,blocks_3x3_shifted_g7,2030,random_forest,ringdown_plus_photon_geometry,wq,0.1127691759574193,16,archived 161-phase fold metrics
grouped_physical_interpolation,,blocks_3x3_shifted_g8,2026,random_forest,ringdown_plus_photon_geometry,wq,0.1136112567712269,16,archived 161-phase fold metrics
grouped_physical_interpolation,,blocks_3x3_shifted_g8,2027,random_forest,ringdown_plus_photon_geometry,wq,0.0960635274943304,16,archived 161-phase fold metrics
grouped_physical_interpolation,,blocks_3x3_shifted_g8,2028,random_forest,ringdown_plus_photon_geometry,wq,0.0860349820483742,16,archived 161-phase fold metrics
grouped_physical_interpolation,,blocks_3x3_shifted_g8,2029,random_forest,ringdown_plus_photon_geometry,wq,0.0992436145754589,16,archived 161-phase fold metrics
grouped_physical_interpolation,,blocks_3x3_shifted_g8,2030,random_forest,ringdown_plus_photon_geometry,wq,0.0901899092970516,16,archived 161-phase fold metrics
grouped_physical_interpolation,,blocks_3x3_g0,2026,hgb,ringdown,wq,0.4638508746168421,12,archived 161-phase fold metrics
grouped_physical_interpolation,,blocks_3x3_g0,2027,hgb,ringdown,wq,0.4637859286148112,12,archived 161-phase fold metrics
grouped_physical_interpolation,,blocks_3x3_g0,2028,hgb,ringdown,wq,0.5069003655981573,12,archived 161-phase fold metrics
grouped_physical_interpolation,,blocks_3x3_g0,2029,hgb,ringdown,wq,0.5134924270409816,12,archived 161-phase fold metrics
grouped_physical_interpolation,,blocks_3x3_g0,2030,hgb,ringdown,wq,0.5278126937994779,12,archived 161-phase fold metrics
grouped_physical_interpolation,,blocks_3x3_g1,2026,hgb,ringdown,wq,0.1080009104727017,12,archived 161-phase fold metrics
grouped_physical_interpolation,,blocks_3x3_g1,2027,hgb,ringdown,wq,0.0918246073825074,12,archived 161-phase fold metrics
grouped_physical_interpolation,,blocks_3x3_g1,2028,hgb,ringdown,wq,0.1035221618462621,12,archived 161-phase fold metrics
grouped_physical_interpolation,,blocks_3x3_g1,2029,hgb,ringdown,wq,0.0989326260418693,12,archived 161-phase fold metrics
grouped_physical_interpolation,,blocks_3x3_g1,2030,hgb,ringdown,wq,0.1007634929506825,12,archived 161-phase fold metrics
grouped_physical_interpolation,,blocks_3x3_g2,2026,hgb,ringdown,wq,0.5126931239756909,9,archived 161-phase fold metrics
grouped_physical_interpolation,,blocks_3x3_g2,2027,hgb,ringdown,wq,0.5292212299146469,9,archived 161-phase fold metrics
grouped_physical_interpolation,,blocks_3x3_g2,2028,hgb,ringdown,wq,0.4921305340828548,9,archived 161-phase fold metrics
grouped_physical_interpolation,,blocks_3x3_g2,2029,hgb,ringdown,wq,0.4594369225101057,9,archived 161-phase fold metrics
grouped_physical_interpolation,,blocks_3x3_g2,2030,hgb,ringdown,wq,0.5015156702421782,9,archived 161-phase fold metrics
grouped_physical_interpolation,,blocks_3x3_g3,2026,hgb,ringdown,wq,0.2527898355851906,16,archived 161-phase fold metrics
grouped_physical_interpolation,,blocks_3x3_g3,2027,hgb,ringdown,wq,0.2434304707893128,16,archived 161-phase fold metrics
grouped_physical_interpolation,,blocks_3x3_g3,2028,hgb,ringdown,wq,0.1997223346127333,16,archived 161-phase fold metrics
grouped_physical_interpolation,,blocks_3x3_g3,2029,hgb,ringdown,wq,0.2586691144495189,16,archived 161-phase fold metrics
grouped_physical_interpolation,,blocks_3x3_g3,2030,hgb,ringdown,wq,0.2348004408784325,16,archived 161-phase fold metrics
grouped_physical_interpolation,,blocks_3x3_g4,2026,hgb,ringdown,wq,0.088929575650956,16,archived 161-phase fold metrics
grouped_physical_interpolation,,blocks_3x3_g4,2027,hgb,ringdown,wq,0.0838049895612378,16,archived 161-phase fold metrics
grouped_physical_interpolation,,blocks_3x3_g4,2028,hgb,ringdown,wq,0.0776699448045299,16,archived 161-phase fold metrics
grouped_physical_interpolation,,blocks_3x3_g4,2029,hgb,ringdown,wq,0.1440948729204308,16,archived 161-phase fold metrics
grouped_physical_interpolation,,blocks_3x3_g4,2030,hgb,ringdown,wq,0.112434990197197,16,archived 161-phase fold metrics
grouped_physical_interpolation,,blocks_3x3_g5,2026,hgb,ringdown,wq,0.3365408040182132,12,archived 161-phase fold metrics
grouped_physical_interpolation,,blocks_3x3_g5,2027,hgb,ringdown,wq,0.3121576752570456,12,archived 161-phase fold metrics
grouped_physical_interpolation,,blocks_3x3_g5,2028,hgb,ringdown,wq,0.3062669839604638,12,archived 161-phase fold metrics
grouped_physical_interpolation,,blocks_3x3_g5,2029,hgb,ringdown,wq,0.3249812671801518,12,archived 161-phase fold metrics
grouped_physical_interpolation,,blocks_3x3_g5,2030,hgb,ringdown,wq,0.3304223417210774,12,archived 161-phase fold metrics
grouped_physical_interpolation,,blocks_3x3_g6,2026,hgb,ringdown,wq,0.3701239176486182,12,archived 161-phase fold metrics
grouped_physical_interpolation,,blocks_3x3_g6,2027,hgb,ringdown,wq,0.3298058498628967,12,archived 161-phase fold metrics
grouped_physical_interpolation,,blocks_3x3_g6,2028,hgb,ringdown,wq,0.3647002646486771,12,archived 161-phase fold metrics
grouped_physical_interpolation,,blocks_3x3_g6,2029,hgb,ringdown,wq,0.3847384008766828,12,archived 161-phase fold metrics
grouped_physical_interpolation,,blocks_3x3_g6,2030,hgb,ringdown,wq,0.3146197703858767,12,archived 161-phase fold metrics
grouped_physical_interpolation,,blocks_3x3_g7,2026,hgb,ringdown,wq,0.2906746562927659,12,archived 161-phase fold metrics
grouped_physical_interpolation,,blocks_3x3_g7,2027,hgb,ringdown,wq,0.2826503418196468,12,archived 161-phase fold metrics
grouped_physical_interpolation,,blocks_3x3_g7,2028,hgb,ringdown,wq,0.3225856886159934,12,archived 161-phase fold metrics
grouped_physical_interpolation,,blocks_3x3_g7,2029,hgb,ringdown,wq,0.2908454160810988,12,archived 161-phase fold metrics
grouped_physical_interpolation,,blocks_3x3_g7,2030,hgb,ringdown,wq,0.2835530836112054,12,archived 161-phase fold metrics
grouped_physical_interpolation,,blocks_3x3_g8,2026,hgb,ringdown,wq,0.2990560438654182,9,archived 161-phase fold metrics
grouped_physical_interpolation,,blocks_3x3_g8,2027,hgb,ringdown,wq,0.2539866988347972,9,archived 161-phase fold metrics
grouped_physical_interpolation,,blocks_3x3_g8,2028,hgb,ringdown,wq,0.3045023351687875,9,archived 161-phase fold metrics
grouped_physical_interpolation,,blocks_3x3_g8,2029,hgb,ringdown,wq,0.2611220317893579,9,archived 161-phase fold metrics
grouped_physical_interpolation,,blocks_3x3_g8,2030,hgb,ringdown,wq,0.2575292252790093,9,archived 161-phase fold metrics
grouped_physical_interpolation,,blocks_3x3_shifted_g0,2026,hgb,ringdown,wq,0.5925048184164524,6,archived 161-phase fold metrics
grouped_physical_interpolation,,blocks_3x3_shifted_g0,2027,hgb,ringdown,wq,0.5849796348729622,6,archived 161-phase fold metrics
grouped_physical_interpolation,,blocks_3x3_shifted_g0,2028,hgb,ringdown,wq,0.5118306037234954,6,archived 161-phase fold metrics
grouped_physical_interpolation,,blocks_3x3_shifted_g0,2029,hgb,ringdown,wq,0.572883546946541,6,archived 161-phase fold metrics
grouped_physical_interpolation,,blocks_3x3_shifted_g0,2030,hgb,ringdown,wq,0.5060048644661941,6,archived 161-phase fold metrics
grouped_physical_interpolation,,blocks_3x3_shifted_g1,2026,hgb,ringdown,wq,0.1567617579312673,8,archived 161-phase fold metrics
grouped_physical_interpolation,,blocks_3x3_shifted_g1,2027,hgb,ringdown,wq,0.1951538392730815,8,archived 161-phase fold metrics
grouped_physical_interpolation,,blocks_3x3_shifted_g1,2028,hgb,ringdown,wq,0.152751070429914,8,archived 161-phase fold metrics
grouped_physical_interpolation,,blocks_3x3_shifted_g1,2029,hgb,ringdown,wq,0.1701060968942054,8,archived 161-phase fold metrics
grouped_physical_interpolation,,blocks_3x3_shifted_g1,2030,hgb,ringdown,wq,0.2195684491679724,8,archived 161-phase fold metrics
grouped_physical_interpolation,,blocks_3x3_shifted_g2,2026,hgb,ringdown,wq,0.4859549063225964,8,archived 161-phase fold metrics
grouped_physical_interpolation,,blocks_3x3_shifted_g2,2027,hgb,ringdown,wq,0.4529356679884134,8,archived 161-phase fold metrics
grouped_physical_interpolation,,blocks_3x3_shifted_g2,2028,hgb,ringdown,wq,0.4139096614418044,8,archived 161-phase fold metrics
grouped_physical_interpolation,,blocks_3x3_shifted_g2,2029,hgb,ringdown,wq,0.4653990832943553,8,archived 161-phase fold metrics
grouped_physical_interpolation,,blocks_3x3_shifted_g2,2030,hgb,ringdown,wq,0.4310611875732593,8,archived 161-phase fold metrics
grouped_physical_interpolation,,blocks_3x3_shifted_g3,2026,hgb,ringdown,wq,0.3595546037242683,12,archived 161-phase fold metrics
grouped_physical_interpolation,,blocks_3x3_shifted_g3,2027,hgb,ringdown,wq,0.3389799753524171,12,archived 161-phase fold metrics
grouped_physical_interpolation,,blocks_3x3_shifted_g3,2028,hgb,ringdown,wq,0.2381472975727338,12,archived 161-phase fold metrics
grouped_physical_interpolation,,blocks_3x3_shifted_g3,2029,hgb,ringdown,wq,0.279104480305001,12,archived 161-phase fold metrics
grouped_physical_interpolation,,blocks_3x3_shifted_g3,2030,hgb,ringdown,wq,0.2869321872842198,12,archived 161-phase fold metrics
grouped_physical_interpolation,,blocks_3x3_shifted_g4,2026,hgb,ringdown,wq,0.1227053267291437,16,archived 161-phase fold metrics
grouped_physical_interpolation,,blocks_3x3_shifted_g4,2027,hgb,ringdown,wq,0.0882687378741015,16,archived 161-phase fold metrics
grouped_physical_interpolation,,blocks_3x3_shifted_g4,2028,hgb,ringdown,wq,0.0891844366395394,16,archived 161-phase fold metrics
grouped_physical_interpolation,,blocks_3x3_shifted_g4,2029,hgb,ringdown,wq,0.1175113674184582,16,archived 161-phase fold metrics
grouped_physical_interpolation,,blocks_3x3_shifted_g4,2030,hgb,ringdown,wq,0.1488756894955858,16,archived 161-phase fold metrics
grouped_physical_interpolation,,blocks_3x3_shifted_g5,2026,hgb,ringdown,wq,0.3960030586825601,16,archived 161-phase fold metrics
grouped_physical_interpolation,,blocks_3x3_shifted_g5,2027,hgb,ringdown,wq,0.3651305848153773,16,archived 161-phase fold metrics
grouped_physical_interpolation,,blocks_3x3_shifted_g5,2028,hgb,ringdown,wq,0.3847517044952532,16,archived 161-phase fold metrics
grouped_physical_interpolation,,blocks_3x3_shifted_g5,2029,hgb,ringdown,wq,0.3891835780215113,16,archived 161-phase fold metrics
grouped_physical_interpolation,,blocks_3x3_shifted_g5,2030,hgb,ringdown,wq,0.3892725256995962,16,archived 161-phase fold metrics
grouped_physical_interpolation,,blocks_3x3_shifted_g6,2026,hgb,ringdown,wq,0.3956398148082732,12,archived 161-phase fold metrics
grouped_physical_interpolation,,blocks_3x3_shifted_g6,2027,hgb,ringdown,wq,0.4208110083487872,12,archived 161-phase fold metrics
grouped_physical_interpolation,,blocks_3x3_shifted_g6,2028,hgb,ringdown,wq,0.4648192444749305,12,archived 161-phase fold metrics
grouped_physical_interpolation,,blocks_3x3_shifted_g6,2029,hgb,ringdown,wq,0.4235326079600134,12,archived 161-phase fold metrics
grouped_physical_interpolation,,blocks_3x3_shifted_g6,2030,hgb,ringdown,wq,0.4428328445690195,12,archived 161-phase fold metrics
grouped_physical_interpolation,,blocks_3x3_shifted_g7,2026,hgb,ringdown,wq,0.1370408079900679,16,archived 161-phase fold metrics
grouped_physical_interpolation,,blocks_3x3_shifted_g7,2027,hgb,ringdown,wq,0.1249962918243571,16,archived 161-phase fold metrics
grouped_physical_interpolation,,blocks_3x3_shifted_g7,2028,hgb,ringdown,wq,0.1169783486418861,16,archived 161-phase fold metrics
grouped_physical_interpolation,,blocks_3x3_shifted_g7,2029,hgb,ringdown,wq,0.1390856530868028,16,archived 161-phase fold metrics
grouped_physical_interpolation,,blocks_3x3_shifted_g7,2030,hgb,ringdown,wq,0.120058832298103,16,archived 161-phase fold metrics
grouped_physical_interpolation,,blocks_3x3_shifted_g8,2026,hgb,ringdown,wq,0.3708708865226812,16,archived 161-phase fold metrics
grouped_physical_interpolation,,blocks_3x3_shifted_g8,2027,hgb,ringdown,wq,0.3144629733849221,16,archived 161-phase fold metrics
grouped_physical_interpolation,,blocks_3x3_shifted_g8,2028,hgb,ringdown,wq,0.3763428162122257,16,archived 161-phase fold metrics
grouped_physical_interpolation,,blocks_3x3_shifted_g8,2029,hgb,ringdown,wq,0.3186449874931342,16,archived 161-phase fold metrics
grouped_physical_interpolation,,blocks_3x3_shifted_g8,2030,hgb,ringdown,wq,0.3537160611048204,16,archived 161-phase fold metrics
grouped_physical_interpolation,,blocks_3x3_g0,2026,hgb,ringdown_plus_photon_geometry,wq,0.2222665839608448,12,archived 161-phase fold metrics
grouped_physical_interpolation,,blocks_3x3_g0,2027,hgb,ringdown_plus_photon_geometry,wq,0.1999767736019322,12,archived 161-phase fold metrics
grouped_physical_interpolation,,blocks_3x3_g0,2028,hgb,ringdown_plus_photon_geometry,wq,0.2418304459342193,12,archived 161-phase fold metrics
grouped_physical_interpolation,,blocks_3x3_g0,2029,hgb,ringdown_plus_photon_geometry,wq,0.2285604627778136,12,archived 161-phase fold metrics
grouped_physical_interpolation,,blocks_3x3_g0,2030,hgb,ringdown_plus_photon_geometry,wq,0.2405759701588554,12,archived 161-phase fold metrics
grouped_physical_interpolation,,blocks_3x3_g1,2026,hgb,ringdown_plus_photon_geometry,wq,0.0820253733922655,12,archived 161-phase fold metrics
grouped_physical_interpolation,,blocks_3x3_g1,2027,hgb,ringdown_plus_photon_geometry,wq,0.1126612077082376,12,archived 161-phase fold metrics
grouped_physical_interpolation,,blocks_3x3_g1,2028,hgb,ringdown_plus_photon_geometry,wq,0.1364355258941587,12,archived 161-phase fold metrics
grouped_physical_interpolation,,blocks_3x3_g1,2029,hgb,ringdown_plus_photon_geometry,wq,0.081902687892386,12,archived 161-phase fold metrics
grouped_physical_interpolation,,blocks_3x3_g1,2030,hgb,ringdown_plus_photon_geometry,wq,0.1264306225335544,12,archived 161-phase fold metrics
grouped_physical_interpolation,,blocks_3x3_g2,2026,hgb,ringdown_plus_photon_geometry,wq,0.3685134017182603,9,archived 161-phase fold metrics
grouped_physical_interpolation,,blocks_3x3_g2,2027,hgb,ringdown_plus_photon_geometry,wq,0.352392464453121,9,archived 161-phase fold metrics
grouped_physical_interpolation,,blocks_3x3_g2,2028,hgb,ringdown_plus_photon_geometry,wq,0.3129394045529472,9,archived 161-phase fold metrics
grouped_physical_interpolation,,blocks_3x3_g2,2029,hgb,ringdown_plus_photon_geometry,wq,0.2976817492702492,9,archived 161-phase fold metrics
grouped_physical_interpolation,,blocks_3x3_g2,2030,hgb,ringdown_plus_photon_geometry,wq,0.3306770806708182,9,archived 161-phase fold metrics
grouped_physical_interpolation,,blocks_3x3_g3,2026,hgb,ringdown_plus_photon_geometry,wq,0.0698028892455066,16,archived 161-phase fold metrics
grouped_physical_interpolation,,blocks_3x3_g3,2027,hgb,ringdown_plus_photon_geometry,wq,0.0640046938117543,16,archived 161-phase fold metrics
grouped_physical_interpolation,,blocks_3x3_g3,2028,hgb,ringdown_plus_photon_geometry,wq,0.0660052127632335,16,archived 161-phase fold metrics
grouped_physical_interpolation,,blocks_3x3_g3,2029,hgb,ringdown_plus_photon_geometry,wq,0.0534070275480365,16,archived 161-phase fold metrics
grouped_physical_interpolation,,blocks_3x3_g3,2030,hgb,ringdown_plus_photon_geometry,wq,0.069001528799543,16,archived 161-phase fold metrics
grouped_physical_interpolation,,blocks_3x3_g4,2026,hgb,ringdown_plus_photon_geometry,wq,0.1047545358530331,16,archived 161-phase fold metrics
grouped_physical_interpolation,,blocks_3x3_g4,2027,hgb,ringdown_plus_photon_geometry,wq,0.0863463293001232,16,archived 161-phase fold metrics
grouped_physical_interpolation,,blocks_3x3_g4,2028,hgb,ringdown_plus_photon_geometry,wq,0.0403847125880455,16,archived 161-phase fold metrics
grouped_physical_interpolation,,blocks_3x3_g4,2029,hgb,ringdown_plus_photon_geometry,wq,0.0642795289184039,16,archived 161-phase fold metrics
grouped_physical_interpolation,,blocks_3x3_g4,2030,hgb,ringdown_plus_photon_geometry,wq,0.0671025745073534,16,archived 161-phase fold metrics
grouped_physical_interpolation,,blocks_3x3_g5,2026,hgb,ringdown_plus_photon_geometry,wq,0.0371491759509804,12,archived 161-phase fold metrics
grouped_physical_interpolation,,blocks_3x3_g5,2027,hgb,ringdown_plus_photon_geometry,wq,0.0493758721459597,12,archived 161-phase fold metrics
grouped_physical_interpolation,,blocks_3x3_g5,2028,hgb,ringdown_plus_photon_geometry,wq,0.0703476296800574,12,archived 161-phase fold metrics
grouped_physical_interpolation,,blocks_3x3_g5,2029,hgb,ringdown_plus_photon_geometry,wq,0.0451868774487412,12,archived 161-phase fold metrics
grouped_physical_interpolation,,blocks_3x3_g5,2030,hgb,ringdown_plus_photon_geometry,wq,0.0502826901817312,12,archived 161-phase fold metrics
grouped_physical_interpolation,,blocks_3x3_g6,2026,hgb,ringdown_plus_photon_geometry,wq,0.0784102038816564,12,archived 161-phase fold metrics
grouped_physical_interpolation,,blocks_3x3_g6,2027,hgb,ringdown_plus_photon_geometry,wq,0.0612614922849821,12,archived 161-phase fold metrics
grouped_physical_interpolation,,blocks_3x3_g6,2028,hgb,ringdown_plus_photon_geometry,wq,0.0788852589041142,12,archived 161-phase fold metrics
grouped_physical_interpolation,,blocks_3x3_g6,2029,hgb,ringdown_plus_photon_geometry,wq,0.0733467738155713,12,archived 161-phase fold metrics
grouped_physical_interpolation,,blocks_3x3_g6,2030,hgb,ringdown_plus_photon_geometry,wq,0.0598424923327328,12,archived 161-phase fold metrics
grouped_physical_interpolation,,blocks_3x3_g7,2026,hgb,ringdown_plus_photon_geometry,wq,0.0811763216470388,12,archived 161-phase fold metrics
grouped_physical_interpolation,,blocks_3x3_g7,2027,hgb,ringdown_plus_photon_geometry,wq,0.100772873542674,12,archived 161-phase fold metrics
grouped_physical_interpolation,,blocks_3x3_g7,2028,hgb,ringdown_plus_photon_geometry,wq,0.0839657588249817,12,archived 161-phase fold metrics
grouped_physical_interpolation,,blocks_3x3_g7,2029,hgb,ringdown_plus_photon_geometry,wq,0.0840083413347484,12,archived 161-phase fold metrics
grouped_physical_interpolation,,blocks_3x3_g7,2030,hgb,ringdown_plus_photon_geometry,wq,0.1006317729234083,12,archived 161-phase fold metrics
grouped_physical_interpolation,,blocks_3x3_g8,2026,hgb,ringdown_plus_photon_geometry,wq,0.0337580397968018,9,archived 161-phase fold metrics
grouped_physical_interpolation,,blocks_3x3_g8,2027,hgb,ringdown_plus_photon_geometry,wq,0.0378798785379556,9,archived 161-phase fold metrics
grouped_physical_interpolation,,blocks_3x3_g8,2028,hgb,ringdown_plus_photon_geometry,wq,0.0318438539092415,9,archived 161-phase fold metrics
grouped_physical_interpolation,,blocks_3x3_g8,2029,hgb,ringdown_plus_photon_geometry,wq,0.0362789885077201,9,archived 161-phase fold metrics
grouped_physical_interpolation,,blocks_3x3_g8,2030,hgb,ringdown_plus_photon_geometry,wq,0.0374905322956462,9,archived 161-phase fold metrics
grouped_physical_interpolation,,blocks_3x3_shifted_g0,2026,hgb,ringdown_plus_photon_geometry,wq,0.1842493878084173,6,archived 161-phase fold metrics
grouped_physical_interpolation,,blocks_3x3_shifted_g0,2027,hgb,ringdown_plus_photon_geometry,wq,0.1957541945827875,6,archived 161-phase fold metrics
grouped_physical_interpolation,,blocks_3x3_shifted_g0,2028,hgb,ringdown_plus_photon_geometry,wq,0.2305031576455326,6,archived 161-phase fold metrics
grouped_physical_interpolation,,blocks_3x3_shifted_g0,2029,hgb,ringdown_plus_photon_geometry,wq,0.21936405793601,6,archived 161-phase fold metrics
grouped_physical_interpolation,,blocks_3x3_shifted_g0,2030,hgb,ringdown_plus_photon_geometry,wq,0.2024895564921172,6,archived 161-phase fold metrics
grouped_physical_interpolation,,blocks_3x3_shifted_g1,2026,hgb,ringdown_plus_photon_geometry,wq,0.1174625688846855,8,archived 161-phase fold metrics
grouped_physical_interpolation,,blocks_3x3_shifted_g1,2027,hgb,ringdown_plus_photon_geometry,wq,0.147804220740033,8,archived 161-phase fold metrics
grouped_physical_interpolation,,blocks_3x3_shifted_g1,2028,hgb,ringdown_plus_photon_geometry,wq,0.0908231059141599,8,archived 161-phase fold metrics
grouped_physical_interpolation,,blocks_3x3_shifted_g1,2029,hgb,ringdown_plus_photon_geometry,wq,0.1318618327468697,8,archived 161-phase fold metrics
grouped_physical_interpolation,,blocks_3x3_shifted_g1,2030,hgb,ringdown_plus_photon_geometry,wq,0.1389093305061654,8,archived 161-phase fold metrics
grouped_physical_interpolation,,blocks_3x3_shifted_g2,2026,hgb,ringdown_plus_photon_geometry,wq,0.3805204214090598,8,archived 161-phase fold metrics
grouped_physical_interpolation,,blocks_3x3_shifted_g2,2027,hgb,ringdown_plus_photon_geometry,wq,0.3058445871685334,8,archived 161-phase fold metrics
grouped_physical_interpolation,,blocks_3x3_shifted_g2,2028,hgb,ringdown_plus_photon_geometry,wq,0.3451595299004517,8,archived 161-phase fold metrics
grouped_physical_interpolation,,blocks_3x3_shifted_g2,2029,hgb,ringdown_plus_photon_geometry,wq,0.3240107916506514,8,archived 161-phase fold metrics
grouped_physical_interpolation,,blocks_3x3_shifted_g2,2030,hgb,ringdown_plus_photon_geometry,wq,0.3464014856937376,8,archived 161-phase fold metrics
grouped_physical_interpolation,,blocks_3x3_shifted_g3,2026,hgb,ringdown_plus_photon_geometry,wq,0.1006673171069503,12,archived 161-phase fold metrics
grouped_physical_interpolation,,blocks_3x3_shifted_g3,2027,hgb,ringdown_plus_photon_geometry,wq,0.0927049826514926,12,archived 161-phase fold metrics
grouped_physical_interpolation,,blocks_3x3_shifted_g3,2028,hgb,ringdown_plus_photon_geometry,wq,0.0720369509954657,12,archived 161-phase fold metrics
grouped_physical_interpolation,,blocks_3x3_shifted_g3,2029,hgb,ringdown_plus_photon_geometry,wq,0.0786795788085674,12,archived 161-phase fold metrics
grouped_physical_interpolation,,blocks_3x3_shifted_g3,2030,hgb,ringdown_plus_photon_geometry,wq,0.0991143743720049,12,archived 161-phase fold metrics
grouped_physical_interpolation,,blocks_3x3_shifted_g4,2026,hgb,ringdown_plus_photon_geometry,wq,0.0514765448311905,16,archived 161-phase fold metrics
grouped_physical_interpolation,,blocks_3x3_shifted_g4,2027,hgb,ringdown_plus_photon_geometry,wq,0.0597997548561019,16,archived 161-phase fold metrics
grouped_physical_interpolation,,blocks_3x3_shifted_g4,2028,hgb,ringdown_plus_photon_geometry,wq,0.0545537738333654,16,archived 161-phase fold metrics
grouped_physical_interpolation,,blocks_3x3_shifted_g4,2029,hgb,ringdown_plus_photon_geometry,wq,0.0564596768510269,16,archived 161-phase fold metrics
grouped_physical_interpolation,,blocks_3x3_shifted_g4,2030,hgb,ringdown_plus_photon_geometry,wq,0.0588115699220115,16,archived 161-phase fold metrics
grouped_physical_interpolation,,blocks_3x3_shifted_g5,2026,hgb,ringdown_plus_photon_geometry,wq,0.0806395210118177,16,archived 161-phase fold metrics
grouped_physical_interpolation,,blocks_3x3_shifted_g5,2027,hgb,ringdown_plus_photon_geometry,wq,0.0866969974214742,16,archived 161-phase fold metrics
grouped_physical_interpolation,,blocks_3x3_shifted_g5,2028,hgb,ringdown_plus_photon_geometry,wq,0.0770514716687082,16,archived 161-phase fold metrics
grouped_physical_interpolation,,blocks_3x3_shifted_g5,2029,hgb,ringdown_plus_photon_geometry,wq,0.0938747158359075,16,archived 161-phase fold metrics
grouped_physical_interpolation,,blocks_3x3_shifted_g5,2030,hgb,ringdown_plus_photon_geometry,wq,0.0629264489424384,16,archived 161-phase fold metrics
grouped_physical_interpolation,,blocks_3x3_shifted_g6,2026,hgb,ringdown_plus_photon_geometry,wq,0.102572198660702,12,archived 161-phase fold metrics
grouped_physical_interpolation,,blocks_3x3_shifted_g6,2027,hgb,ringdown_plus_photon_geometry,wq,0.1072003017463891,12,archived 161-phase fold metrics
grouped_physical_interpolation,,blocks_3x3_shifted_g6,2028,hgb,ringdown_plus_photon_geometry,wq,0.1643967096065652,12,archived 161-phase fold metrics
grouped_physical_interpolation,,blocks_3x3_shifted_g6,2029,hgb,ringdown_plus_photon_geometry,wq,0.0967856237355745,12,archived 161-phase fold metrics
grouped_physical_interpolation,,blocks_3x3_shifted_g6,2030,hgb,ringdown_plus_photon_geometry,wq,0.0780216116002828,12,archived 161-phase fold metrics
grouped_physical_interpolation,,blocks_3x3_shifted_g7,2026,hgb,ringdown_plus_photon_geometry,wq,0.1186792958592625,16,archived 161-phase fold metrics
grouped_physical_interpolation,,blocks_3x3_shifted_g7,2027,hgb,ringdown_plus_photon_geometry,wq,0.1292787744388795,16,archived 161-phase fold metrics
grouped_physical_interpolation,,blocks_3x3_shifted_g7,2028,hgb,ringdown_plus_photon_geometry,wq,0.1327249456782244,16,archived 161-phase fold metrics
grouped_physical_interpolation,,blocks_3x3_shifted_g7,2029,hgb,ringdown_plus_photon_geometry,wq,0.1283524564978825,16,archived 161-phase fold metrics
grouped_physical_interpolation,,blocks_3x3_shifted_g7,2030,hgb,ringdown_plus_photon_geometry,wq,0.0970095320332386,16,archived 161-phase fold metrics
grouped_physical_interpolation,,blocks_3x3_shifted_g8,2026,hgb,ringdown_plus_photon_geometry,wq,0.0691746771603011,16,archived 161-phase fold metrics
grouped_physical_interpolation,,blocks_3x3_shifted_g8,2027,hgb,ringdown_plus_photon_geometry,wq,0.0325876310261326,16,archived 161-phase fold metrics
grouped_physical_interpolation,,blocks_3x3_shifted_g8,2028,hgb,ringdown_plus_photon_geometry,wq,0.0583795912311535,16,archived 161-phase fold metrics
grouped_physical_interpolation,,blocks_3x3_shifted_g8,2029,hgb,ringdown_plus_photon_geometry,wq,0.0436975309983752,16,archived 161-phase fold metrics
grouped_physical_interpolation,,blocks_3x3_shifted_g8,2030,hgb,ringdown_plus_photon_geometry,wq,0.0451932310761575,16,archived 161-phase fold metrics
directional_extrapolation,high_k_to_low_k,high_k_to_low_k,2026,hgb,ringdown_plus_redshift,wq,0.16539681483177582,22,reviewer retraining with archived 161-phase features
directional_extrapolation,high_k_to_low_k,high_k_to_low_k,2026,hgb,ringdown_plus_photon_geometry_plus_redshift,wq,0.150732782744794,22,reviewer retraining with archived 161-phase features
directional_extrapolation,high_k_to_low_k,high_k_to_low_k,2026,random_forest,ringdown_plus_redshift,wq,0.21784732529375334,22,reviewer retraining with archived 161-phase features
directional_extrapolation,high_k_to_low_k,high_k_to_low_k,2026,random_forest,ringdown_plus_photon_geometry_plus_redshift,wq,0.20753188059735644,22,reviewer retraining with archived 161-phase features
directional_extrapolation,high_k_to_low_k,high_k_to_low_k,2026,mlp,ringdown_plus_redshift,wq,0.15562860275008655,22,reviewer retraining with archived 161-phase features
directional_extrapolation,high_k_to_low_k,high_k_to_low_k,2026,mlp,ringdown_plus_photon_geometry_plus_redshift,wq,0.12097354832320764,22,reviewer retraining with archived 161-phase features
directional_extrapolation,high_k_to_low_k,high_k_to_low_k,2027,hgb,ringdown_plus_redshift,wq,0.16843544294011265,22,reviewer retraining with archived 161-phase features
directional_extrapolation,high_k_to_low_k,high_k_to_low_k,2027,hgb,ringdown_plus_photon_geometry_plus_redshift,wq,0.15912482828527075,22,reviewer retraining with archived 161-phase features
directional_extrapolation,high_k_to_low_k,high_k_to_low_k,2027,random_forest,ringdown_plus_redshift,wq,0.16740069344236014,22,reviewer retraining with archived 161-phase features
directional_extrapolation,high_k_to_low_k,high_k_to_low_k,2027,random_forest,ringdown_plus_photon_geometry_plus_redshift,wq,0.15996288279621665,22,reviewer retraining with archived 161-phase features
directional_extrapolation,high_k_to_low_k,high_k_to_low_k,2027,mlp,ringdown_plus_redshift,wq,0.14208554768679113,22,reviewer retraining with archived 161-phase features
directional_extrapolation,high_k_to_low_k,high_k_to_low_k,2027,mlp,ringdown_plus_photon_geometry_plus_redshift,wq,0.3023691067088345,22,reviewer retraining with archived 161-phase features
directional_extrapolation,high_k_to_low_k,high_k_to_low_k,2028,hgb,ringdown_plus_redshift,wq,0.16587850438414242,22,reviewer retraining with archived 161-phase features
directional_extrapolation,high_k_to_low_k,high_k_to_low_k,2028,hgb,ringdown_plus_photon_geometry_plus_redshift,wq,0.16531060649409599,22,reviewer retraining with archived 161-phase features
directional_extrapolation,high_k_to_low_k,high_k_to_low_k,2028,random_forest,ringdown_plus_redshift,wq,0.14046729196729185,22,reviewer retraining with archived 161-phase features
directional_extrapolation,high_k_to_low_k,high_k_to_low_k,2028,random_forest,ringdown_plus_photon_geometry_plus_redshift,wq,0.12743196992601782,22,reviewer retraining with archived 161-phase features
directional_extrapolation,high_k_to_low_k,high_k_to_low_k,2028,mlp,ringdown_plus_redshift,wq,0.15848054868696146,22,reviewer retraining with archived 161-phase features
directional_extrapolation,high_k_to_low_k,high_k_to_low_k,2028,mlp,ringdown_plus_photon_geometry_plus_redshift,wq,0.11556854128149742,22,reviewer retraining with archived 161-phase features
directional_extrapolation,high_k_to_low_k,high_k_to_low_k,2029,hgb,ringdown_plus_redshift,wq,0.15517178721434022,22,reviewer retraining with archived 161-phase features
directional_extrapolation,high_k_to_low_k,high_k_to_low_k,2029,hgb,ringdown_plus_photon_geometry_plus_redshift,wq,0.13795292772241982,22,reviewer retraining with archived 161-phase features
directional_extrapolation,high_k_to_low_k,high_k_to_low_k,2029,random_forest,ringdown_plus_redshift,wq,0.1776093417164842,22,reviewer retraining with archived 161-phase features
directional_extrapolation,high_k_to_low_k,high_k_to_low_k,2029,random_forest,ringdown_plus_photon_geometry_plus_redshift,wq,0.17943834604548914,22,reviewer retraining with archived 161-phase features
directional_extrapolation,high_k_to_low_k,high_k_to_low_k,2029,mlp,ringdown_plus_redshift,wq,0.1208497993950173,22,reviewer retraining with archived 161-phase features
directional_extrapolation,high_k_to_low_k,high_k_to_low_k,2029,mlp,ringdown_plus_photon_geometry_plus_redshift,wq,0.16019934665036603,22,reviewer retraining with archived 161-phase features
directional_extrapolation,high_k_to_low_k,high_k_to_low_k,2030,hgb,ringdown_plus_redshift,wq,0.1640067951299738,22,reviewer retraining with archived 161-phase features
directional_extrapolation,high_k_to_low_k,high_k_to_low_k,2030,hgb,ringdown_plus_photon_geometry_plus_redshift,wq,0.16559748075702704,22,reviewer retraining with archived 161-phase features
directional_extrapolation,high_k_to_low_k,high_k_to_low_k,2030,random_forest,ringdown_plus_redshift,wq,0.18538261011475266,22,reviewer retraining with archived 161-phase features
directional_extrapolation,high_k_to_low_k,high_k_to_low_k,2030,random_forest,ringdown_plus_photon_geometry_plus_redshift,wq,0.1729649814471244,22,reviewer retraining with archived 161-phase features
directional_extrapolation,high_k_to_low_k,high_k_to_low_k,2030,mlp,ringdown_plus_redshift,wq,0.14147401794268602,22,reviewer retraining with archived 161-phase features
directional_extrapolation,high_k_to_low_k,high_k_to_low_k,2030,mlp,ringdown_plus_photon_geometry_plus_redshift,wq,0.2276155764290941,22,reviewer retraining with archived 161-phase features
directional_extrapolation,high_wq_to_low_wq,high_wq_to_low_wq,2026,hgb,ringdown_plus_redshift,wq,0.2307386988097603,30,reviewer retraining with archived 161-phase features
directional_extrapolation,high_wq_to_low_wq,high_wq_to_low_wq,2026,hgb,ringdown_plus_photon_geometry_plus_redshift,wq,0.22583345106135097,30,reviewer retraining with archived 161-phase features
directional_extrapolation,high_wq_to_low_wq,high_wq_to_low_wq,2026,random_forest,ringdown_plus_redshift,wq,0.20831148904005922,30,reviewer retraining with archived 161-phase features
directional_extrapolation,high_wq_to_low_wq,high_wq_to_low_wq,2026,random_forest,ringdown_plus_photon_geometry_plus_redshift,wq,0.20628306878306743,30,reviewer retraining with archived 161-phase features
directional_extrapolation,high_wq_to_low_wq,high_wq_to_low_wq,2026,mlp,ringdown_plus_redshift,wq,0.39203020679234,30,reviewer retraining with archived 161-phase features
directional_extrapolation,high_wq_to_low_wq,high_wq_to_low_wq,2026,mlp,ringdown_plus_photon_geometry_plus_redshift,wq,0.7814413777813665,30,reviewer retraining with archived 161-phase features
directional_extrapolation,high_wq_to_low_wq,high_wq_to_low_wq,2027,hgb,ringdown_plus_redshift,wq,0.23363980087265043,30,reviewer retraining with archived 161-phase features
directional_extrapolation,high_wq_to_low_wq,high_wq_to_low_wq,2027,hgb,ringdown_plus_photon_geometry_plus_redshift,wq,0.22359172794332288,30,reviewer retraining with archived 161-phase features
directional_extrapolation,high_wq_to_low_wq,high_wq_to_low_wq,2027,random_forest,ringdown_plus_redshift,wq,0.20467823129251583,30,reviewer retraining with archived 161-phase features
directional_extrapolation,high_wq_to_low_wq,high_wq_to_low_wq,2027,random_forest,ringdown_plus_photon_geometry_plus_redshift,wq,0.20147213403879943,30,reviewer retraining with archived 161-phase features
directional_extrapolation,high_wq_to_low_wq,high_wq_to_low_wq,2027,mlp,ringdown_plus_redshift,wq,0.3437416962440695,30,reviewer retraining with archived 161-phase features
directional_extrapolation,high_wq_to_low_wq,high_wq_to_low_wq,2027,mlp,ringdown_plus_photon_geometry_plus_redshift,wq,1.4962860307672117,30,reviewer retraining with archived 161-phase features
directional_extrapolation,high_wq_to_low_wq,high_wq_to_low_wq,2028,hgb,ringdown_plus_redshift,wq,0.24624236500927227,30,reviewer retraining with archived 161-phase features
directional_extrapolation,high_wq_to_low_wq,high_wq_to_low_wq,2028,hgb,ringdown_plus_photon_geometry_plus_redshift,wq,0.2392031460767149,30,reviewer retraining with archived 161-phase features
directional_extrapolation,high_wq_to_low_wq,high_wq_to_low_wq,2028,random_forest,ringdown_plus_redshift,wq,0.22075774754346109,30,reviewer retraining with archived 161-phase features
directional_extrapolation,high_wq_to_low_wq,high_wq_to_low_wq,2028,random_forest,ringdown_plus_photon_geometry_plus_redshift,wq,0.21018557991097583,30,reviewer retraining with archived 161-phase features
directional_extrapolation,high_wq_to_low_wq,high_wq_to_low_wq,2028,mlp,ringdown_plus_redshift,wq,0.9155820262407143,30,reviewer retraining with archived 161-phase features
directional_extrapolation,high_wq_to_low_wq,high_wq_to_low_wq,2028,mlp,ringdown_plus_photon_geometry_plus_redshift,wq,0.7550268265403043,30,reviewer retraining with archived 161-phase features
directional_extrapolation,high_wq_to_low_wq,high_wq_to_low_wq,2029,hgb,ringdown_plus_redshift,wq,0.2369156926020555,30,reviewer retraining with archived 161-phase features
directional_extrapolation,high_wq_to_low_wq,high_wq_to_low_wq,2029,hgb,ringdown_plus_photon_geometry_plus_redshift,wq,0.23019436137946744,30,reviewer retraining with archived 161-phase features
directional_extrapolation,high_wq_to_low_wq,high_wq_to_low_wq,2029,random_forest,ringdown_plus_redshift,wq,0.20752238713667187,30,reviewer retraining with archived 161-phase features
directional_extrapolation,high_wq_to_low_wq,high_wq_to_low_wq,2029,random_forest,ringdown_plus_photon_geometry_plus_redshift,wq,0.20540417096131278,30,reviewer retraining with archived 161-phase features
directional_extrapolation,high_wq_to_low_wq,high_wq_to_low_wq,2029,mlp,ringdown_plus_redshift,wq,0.7221515739444043,30,reviewer retraining with archived 161-phase features
directional_extrapolation,high_wq_to_low_wq,high_wq_to_low_wq,2029,mlp,ringdown_plus_photon_geometry_plus_redshift,wq,0.513027172386092,30,reviewer retraining with archived 161-phase features
directional_extrapolation,high_wq_to_low_wq,high_wq_to_low_wq,2030,hgb,ringdown_plus_redshift,wq,0.23258963522977766,30,reviewer retraining with archived 161-phase features
directional_extrapolation,high_wq_to_low_wq,high_wq_to_low_wq,2030,hgb,ringdown_plus_photon_geometry_plus_redshift,wq,0.22534697262456302,30,reviewer retraining with archived 161-phase features
directional_extrapolation,high_wq_to_low_wq,high_wq_to_low_wq,2030,random_forest,ringdown_plus_redshift,wq,0.20797170991853411,30,reviewer retraining with archived 161-phase features
directional_extrapolation,high_wq_to_low_wq,high_wq_to_low_wq,2030,random_forest,ringdown_plus_photon_geometry_plus_redshift,wq,0.2068431846812785,30,reviewer retraining with archived 161-phase features
directional_extrapolation,high_wq_to_low_wq,high_wq_to_low_wq,2030,mlp,ringdown_plus_redshift,wq,0.18731059715442583,30,reviewer retraining with archived 161-phase features
directional_extrapolation,high_wq_to_low_wq,high_wq_to_low_wq,2030,mlp,ringdown_plus_photon_geometry_plus_redshift,wq,0.36573917841108367,30,reviewer retraining with archived 161-phase features
directional_extrapolation,low_k_to_high_k,low_k_to_high_k,2026,hgb,ringdown_plus_redshift,wq,0.10420993613805542,33,reviewer retraining with archived 161-phase features
directional_extrapolation,low_k_to_high_k,low_k_to_high_k,2026,hgb,ringdown_plus_photon_geometry_plus_redshift,wq,0.08673892882233765,33,reviewer retraining with archived 161-phase features
directional_extrapolation,low_k_to_high_k,low_k_to_high_k,2026,random_forest,ringdown_plus_redshift,wq,0.07412915319742563,33,reviewer retraining with archived 161-phase features
directional_extrapolation,low_k_to_high_k,low_k_to_high_k,2026,random_forest,ringdown_plus_photon_geometry_plus_redshift,wq,0.06986490230126001,33,reviewer retraining with archived 161-phase features
directional_extrapolation,low_k_to_high_k,low_k_to_high_k,2026,mlp,ringdown_plus_redshift,wq,0.13815715341293294,33,reviewer retraining with archived 161-phase features
directional_extrapolation,low_k_to_high_k,low_k_to_high_k,2026,mlp,ringdown_plus_photon_geometry_plus_redshift,wq,0.6681726481827768,33,reviewer retraining with archived 161-phase features
directional_extrapolation,low_k_to_high_k,low_k_to_high_k,2027,hgb,ringdown_plus_redshift,wq,0.10293794430661302,33,reviewer retraining with archived 161-phase features
directional_extrapolation,low_k_to_high_k,low_k_to_high_k,2027,hgb,ringdown_plus_photon_geometry_plus_redshift,wq,0.08594481066260816,33,reviewer retraining with archived 161-phase features
directional_extrapolation,low_k_to_high_k,low_k_to_high_k,2027,random_forest,ringdown_plus_redshift,wq,0.0762288512486928,33,reviewer retraining with archived 161-phase features
directional_extrapolation,low_k_to_high_k,low_k_to_high_k,2027,random_forest,ringdown_plus_photon_geometry_plus_redshift,wq,0.07294698496682621,33,reviewer retraining with archived 161-phase features
directional_extrapolation,low_k_to_high_k,low_k_to_high_k,2027,mlp,ringdown_plus_redshift,wq,0.04375361037947419,33,reviewer retraining with archived 161-phase features
directional_extrapolation,low_k_to_high_k,low_k_to_high_k,2027,mlp,ringdown_plus_photon_geometry_plus_redshift,wq,0.4378371564161214,33,reviewer retraining with archived 161-phase features
directional_extrapolation,low_k_to_high_k,low_k_to_high_k,2028,hgb,ringdown_plus_redshift,wq,0.11373003197783774,33,reviewer retraining with archived 161-phase features
directional_extrapolation,low_k_to_high_k,low_k_to_high_k,2028,hgb,ringdown_plus_photon_geometry_plus_redshift,wq,0.0932183081967335,33,reviewer retraining with archived 161-phase features
directional_extrapolation,low_k_to_high_k,low_k_to_high_k,2028,random_forest,ringdown_plus_redshift,wq,0.08284191308397681,33,reviewer retraining with archived 161-phase features
directional_extrapolation,low_k_to_high_k,low_k_to_high_k,2028,random_forest,ringdown_plus_photon_geometry_plus_redshift,wq,0.07447471517312788,33,reviewer retraining with archived 161-phase features
directional_extrapolation,low_k_to_high_k,low_k_to_high_k,2028,mlp,ringdown_plus_redshift,wq,0.11839824411775862,33,reviewer retraining with archived 161-phase features
directional_extrapolation,low_k_to_high_k,low_k_to_high_k,2028,mlp,ringdown_plus_photon_geometry_plus_redshift,wq,0.7672192028111661,33,reviewer retraining with archived 161-phase features
directional_extrapolation,low_k_to_high_k,low_k_to_high_k,2029,hgb,ringdown_plus_redshift,wq,0.10809157415290348,33,reviewer retraining with archived 161-phase features
directional_extrapolation,low_k_to_high_k,low_k_to_high_k,2029,hgb,ringdown_plus_photon_geometry_plus_redshift,wq,0.09223784617145103,33,reviewer retraining with archived 161-phase features
directional_extrapolation,low_k_to_high_k,low_k_to_high_k,2029,random_forest,ringdown_plus_redshift,wq,0.08426141192639536,33,reviewer retraining with archived 161-phase features
directional_extrapolation,low_k_to_high_k,low_k_to_high_k,2029,random_forest,ringdown_plus_photon_geometry_plus_redshift,wq,0.07116864627542858,33,reviewer retraining with archived 161-phase features
directional_extrapolation,low_k_to_high_k,low_k_to_high_k,2029,mlp,ringdown_plus_redshift,wq,0.15108415834094055,33,reviewer retraining with archived 161-phase features
directional_extrapolation,low_k_to_high_k,low_k_to_high_k,2029,mlp,ringdown_plus_photon_geometry_plus_redshift,wq,1.0988676468804486,33,reviewer retraining with archived 161-phase features
directional_extrapolation,low_k_to_high_k,low_k_to_high_k,2030,hgb,ringdown_plus_redshift,wq,0.09431975949363537,33,reviewer retraining with archived 161-phase features
directional_extrapolation,low_k_to_high_k,low_k_to_high_k,2030,hgb,ringdown_plus_photon_geometry_plus_redshift,wq,0.0802069012036454,33,reviewer retraining with archived 161-phase features
directional_extrapolation,low_k_to_high_k,low_k_to_high_k,2030,random_forest,ringdown_plus_redshift,wq,0.07968356021795195,33,reviewer retraining with archived 161-phase features
directional_extrapolation,low_k_to_high_k,low_k_to_high_k,2030,random_forest,ringdown_plus_photon_geometry_plus_redshift,wq,0.06944068678724805,33,reviewer retraining with archived 161-phase features
directional_extrapolation,low_k_to_high_k,low_k_to_high_k,2030,mlp,ringdown_plus_redshift,wq,0.05085725194146791,33,reviewer retraining with archived 161-phase features
directional_extrapolation,low_k_to_high_k,low_k_to_high_k,2030,mlp,ringdown_plus_photon_geometry_plus_redshift,wq,0.0715116423806595,33,reviewer retraining with archived 161-phase features
directional_extrapolation,low_wq_to_high_wq,low_wq_to_high_wq,2026,hgb,ringdown_plus_redshift,wq,0.2727359184425491,30,reviewer retraining with archived 161-phase features
directional_extrapolation,low_wq_to_high_wq,low_wq_to_high_wq,2026,hgb,ringdown_plus_photon_geometry_plus_redshift,wq,0.2724857322956454,30,reviewer retraining with archived 161-phase features
directional_extrapolation,low_wq_to_high_wq,low_wq_to_high_wq,2026,random_forest,ringdown_plus_redshift,wq,0.21433168418882412,30,reviewer retraining with archived 161-phase features
directional_extrapolation,low_wq_to_high_wq,low_wq_to_high_wq,2026,random_forest,ringdown_plus_photon_geometry_plus_redshift,wq,0.2181033886160844,30,reviewer retraining with archived 161-phase features
directional_extrapolation,low_wq_to_high_wq,low_wq_to_high_wq,2026,mlp,ringdown_plus_redshift,wq,0.6137206669327618,30,reviewer retraining with archived 161-phase features
directional_extrapolation,low_wq_to_high_wq,low_wq_to_high_wq,2026,mlp,ringdown_plus_photon_geometry_plus_redshift,wq,0.2057088303085865,30,reviewer retraining with archived 161-phase features
directional_extrapolation,low_wq_to_high_wq,low_wq_to_high_wq,2027,hgb,ringdown_plus_redshift,wq,0.24779104124570922,30,reviewer retraining with archived 161-phase features
directional_extrapolation,low_wq_to_high_wq,low_wq_to_high_wq,2027,hgb,ringdown_plus_photon_geometry_plus_redshift,wq,0.2475865944320846,30,reviewer retraining with archived 161-phase features
directional_extrapolation,low_wq_to_high_wq,low_wq_to_high_wq,2027,random_forest,ringdown_plus_redshift,wq,0.20006107401808124,30,reviewer retraining with archived 161-phase features
directional_extrapolation,low_wq_to_high_wq,low_wq_to_high_wq,2027,random_forest,ringdown_plus_photon_geometry_plus_redshift,wq,0.19979904188012323,30,reviewer retraining with archived 161-phase features
directional_extrapolation,low_wq_to_high_wq,low_wq_to_high_wq,2027,mlp,ringdown_plus_redshift,wq,0.15344411964684465,30,reviewer retraining with archived 161-phase features
directional_extrapolation,low_wq_to_high_wq,low_wq_to_high_wq,2027,mlp,ringdown_plus_photon_geometry_plus_redshift,wq,0.16233188803942977,30,reviewer retraining with archived 161-phase features
directional_extrapolation,low_wq_to_high_wq,low_wq_to_high_wq,2028,hgb,ringdown_plus_redshift,wq,0.2825077878847997,30,reviewer retraining with archived 161-phase features
directional_extrapolation,low_wq_to_high_wq,low_wq_to_high_wq,2028,hgb,ringdown_plus_photon_geometry_plus_redshift,wq,0.27572789587854063,30,reviewer retraining with archived 161-phase features
directional_extrapolation,low_wq_to_high_wq,low_wq_to_high_wq,2028,random_forest,ringdown_plus_redshift,wq,0.21888183491503307,30,reviewer retraining with archived 161-phase features
directional_extrapolation,low_wq_to_high_wq,low_wq_to_high_wq,2028,random_forest,ringdown_plus_photon_geometry_plus_redshift,wq,0.22007559546077812,30,reviewer retraining with archived 161-phase features
directional_extrapolation,low_wq_to_high_wq,low_wq_to_high_wq,2028,mlp,ringdown_plus_redshift,wq,0.20683527460638362,30,reviewer retraining with archived 161-phase features
directional_extrapolation,low_wq_to_high_wq,low_wq_to_high_wq,2028,mlp,ringdown_plus_photon_geometry_plus_redshift,wq,0.2362805135796037,30,reviewer retraining with archived 161-phase features
directional_extrapolation,low_wq_to_high_wq,low_wq_to_high_wq,2029,hgb,ringdown_plus_redshift,wq,0.24960366251130214,30,reviewer retraining with archived 161-phase features
directional_extrapolation,low_wq_to_high_wq,low_wq_to_high_wq,2029,hgb,ringdown_plus_photon_geometry_plus_redshift,wq,0.25281550207973613,30,reviewer retraining with archived 161-phase features
directional_extrapolation,low_wq_to_high_wq,low_wq_to_high_wq,2029,random_forest,ringdown_plus_redshift,wq,0.20428629377676696,30,reviewer retraining with archived 161-phase features
directional_extrapolation,low_wq_to_high_wq,low_wq_to_high_wq,2029,random_forest,ringdown_plus_photon_geometry_plus_redshift,wq,0.20466792642982837,30,reviewer retraining with archived 161-phase features
directional_extrapolation,low_wq_to_high_wq,low_wq_to_high_wq,2029,mlp,ringdown_plus_redshift,wq,0.1325850028518307,30,reviewer retraining with archived 161-phase features
directional_extrapolation,low_wq_to_high_wq,low_wq_to_high_wq,2029,mlp,ringdown_plus_photon_geometry_plus_redshift,wq,0.1945793780245143,30,reviewer retraining with archived 161-phase features
directional_extrapolation,low_wq_to_high_wq,low_wq_to_high_wq,2030,hgb,ringdown_plus_redshift,wq,0.26285372874685237,30,reviewer retraining with archived 161-phase features
directional_extrapolation,low_wq_to_high_wq,low_wq_to_high_wq,2030,hgb,ringdown_plus_photon_geometry_plus_redshift,wq,0.26989356486128696,30,reviewer retraining with archived 161-phase features
directional_extrapolation,low_wq_to_high_wq,low_wq_to_high_wq,2030,random_forest,ringdown_plus_redshift,wq,0.20780177626605906,30,reviewer retraining with archived 161-phase features
directional_extrapolation,low_wq_to_high_wq,low_wq_to_high_wq,2030,random_forest,ringdown_plus_photon_geometry_plus_redshift,wq,0.2077798878810755,30,reviewer retraining with archived 161-phase features
directional_extrapolation,low_wq_to_high_wq,low_wq_to_high_wq,2030,mlp,ringdown_plus_redshift,wq,0.428106746661377,30,reviewer retraining with archived 161-phase features
directional_extrapolation,low_wq_to_high_wq,low_wq_to_high_wq,2030,mlp,ringdown_plus_photon_geometry_plus_redshift,wq,0.17921577946881306,30,reviewer retraining with archived 161-phase features
grouped_physical_interpolation,,blocks_3x3_g0,2026,hgb,ringdown_plus_redshift,wq,0.11318177429943618,12,reviewer retraining with archived 161-phase features
grouped_physical_interpolation,,blocks_3x3_g0,2026,hgb,ringdown_plus_photon_geometry_plus_redshift,wq,0.14722845832783954,12,reviewer retraining with archived 161-phase features
grouped_physical_interpolation,,blocks_3x3_g0,2026,random_forest,ringdown_plus_redshift,wq,0.19244246031746082,12,reviewer retraining with archived 161-phase features
grouped_physical_interpolation,,blocks_3x3_g0,2026,random_forest,ringdown_plus_photon_geometry_plus_redshift,wq,0.19671245905769794,12,reviewer retraining with archived 161-phase features
grouped_physical_interpolation,,blocks_3x3_g0,2026,mlp,ringdown_plus_redshift,wq,0.14344301953741428,12,reviewer retraining with archived 161-phase features
grouped_physical_interpolation,,blocks_3x3_g0,2026,mlp,ringdown_plus_photon_geometry_plus_redshift,wq,0.08827669658847738,12,reviewer retraining with archived 161-phase features
grouped_physical_interpolation,,blocks_3x3_g0,2027,hgb,ringdown_plus_redshift,wq,0.13635852068887888,12,reviewer retraining with archived 161-phase features
grouped_physical_interpolation,,blocks_3x3_g0,2027,hgb,ringdown_plus_photon_geometry_plus_redshift,wq,0.15267960509366588,12,reviewer retraining with archived 161-phase features
grouped_physical_interpolation,,blocks_3x3_g0,2027,random_forest,ringdown_plus_redshift,wq,0.17570593978332108,12,reviewer retraining with archived 161-phase features
grouped_physical_interpolation,,blocks_3x3_g0,2027,random_forest,ringdown_plus_photon_geometry_plus_redshift,wq,0.18514270492147508,12,reviewer retraining with archived 161-phase features
grouped_physical_interpolation,,blocks_3x3_g0,2027,mlp,ringdown_plus_redshift,wq,0.20208464710363286,12,reviewer retraining with archived 161-phase features
grouped_physical_interpolation,,blocks_3x3_g0,2027,mlp,ringdown_plus_photon_geometry_plus_redshift,wq,0.41723315349842216,12,reviewer retraining with archived 161-phase features
grouped_physical_interpolation,,blocks_3x3_g0,2028,hgb,ringdown_plus_redshift,wq,0.1529661906706894,12,reviewer retraining with archived 161-phase features
grouped_physical_interpolation,,blocks_3x3_g0,2028,hgb,ringdown_plus_photon_geometry_plus_redshift,wq,0.18906783346802572,12,reviewer retraining with archived 161-phase features
grouped_physical_interpolation,,blocks_3x3_g0,2028,random_forest,ringdown_plus_redshift,wq,0.20337875829344124,12,reviewer retraining with archived 161-phase features
grouped_physical_interpolation,,blocks_3x3_g0,2028,random_forest,ringdown_plus_photon_geometry_plus_redshift,wq,0.20460957315024803,12,reviewer retraining with archived 161-phase features
grouped_physical_interpolation,,blocks_3x3_g0,2028,mlp,ringdown_plus_redshift,wq,0.07465667317282496,12,reviewer retraining with archived 161-phase features
grouped_physical_interpolation,,blocks_3x3_g0,2028,mlp,ringdown_plus_photon_geometry_plus_redshift,wq,0.08586230176134245,12,reviewer retraining with archived 161-phase features
grouped_physical_interpolation,,blocks_3x3_g0,2029,hgb,ringdown_plus_redshift,wq,0.12602452906870293,12,reviewer retraining with archived 161-phase features
grouped_physical_interpolation,,blocks_3x3_g0,2029,hgb,ringdown_plus_photon_geometry_plus_redshift,wq,0.15211457198332942,12,reviewer retraining with archived 161-phase features
grouped_physical_interpolation,,blocks_3x3_g0,2029,random_forest,ringdown_plus_redshift,wq,0.20676724825732812,12,reviewer retraining with archived 161-phase features
grouped_physical_interpolation,,blocks_3x3_g0,2029,random_forest,ringdown_plus_photon_geometry_plus_redshift,wq,0.20743881750231039,12,reviewer retraining with archived 161-phase features
grouped_physical_interpolation,,blocks_3x3_g0,2029,mlp,ringdown_plus_redshift,wq,0.14220140248894395,12,reviewer retraining with archived 161-phase features
grouped_physical_interpolation,,blocks_3x3_g0,2029,mlp,ringdown_plus_photon_geometry_plus_redshift,wq,0.20421357053706132,12,reviewer retraining with archived 161-phase features
grouped_physical_interpolation,,blocks_3x3_g0,2030,hgb,ringdown_plus_redshift,wq,0.10924188649516202,12,reviewer retraining with archived 161-phase features
grouped_physical_interpolation,,blocks_3x3_g0,2030,hgb,ringdown_plus_photon_geometry_plus_redshift,wq,0.1531960037997277,12,reviewer retraining with archived 161-phase features
grouped_physical_interpolation,,blocks_3x3_g0,2030,random_forest,ringdown_plus_redshift,wq,0.2117356894403855,12,reviewer retraining with archived 161-phase features
grouped_physical_interpolation,,blocks_3x3_g0,2030,random_forest,ringdown_plus_photon_geometry_plus_redshift,wq,0.2171053686906866,12,reviewer retraining with archived 161-phase features
grouped_physical_interpolation,,blocks_3x3_g0,2030,mlp,ringdown_plus_redshift,wq,0.08874337230812399,12,reviewer retraining with archived 161-phase features
grouped_physical_interpolation,,blocks_3x3_g0,2030,mlp,ringdown_plus_photon_geometry_plus_redshift,wq,0.13649112554465287,12,reviewer retraining with archived 161-phase features
grouped_physical_interpolation,,blocks_3x3_g1,2026,hgb,ringdown_plus_redshift,wq,0.10097135133900077,12,reviewer retraining with archived 161-phase features
grouped_physical_interpolation,,blocks_3x3_g1,2026,hgb,ringdown_plus_photon_geometry_plus_redshift,wq,0.05654755966999104,12,reviewer retraining with archived 161-phase features
grouped_physical_interpolation,,blocks_3x3_g1,2026,random_forest,ringdown_plus_redshift,wq,0.09459831966974863,12,reviewer retraining with archived 161-phase features
grouped_physical_interpolation,,blocks_3x3_g1,2026,random_forest,ringdown_plus_photon_geometry_plus_redshift,wq,0.06644305332136018,12,reviewer retraining with archived 161-phase features
grouped_physical_interpolation,,blocks_3x3_g1,2026,mlp,ringdown_plus_redshift,wq,0.08939664317159693,12,reviewer retraining with archived 161-phase features
grouped_physical_interpolation,,blocks_3x3_g1,2026,mlp,ringdown_plus_photon_geometry_plus_redshift,wq,0.11194077104648387,12,reviewer retraining with archived 161-phase features
grouped_physical_interpolation,,blocks_3x3_g1,2027,hgb,ringdown_plus_redshift,wq,0.12378348150303607,12,reviewer retraining with archived 161-phase features
grouped_physical_interpolation,,blocks_3x3_g1,2027,hgb,ringdown_plus_photon_geometry_plus_redshift,wq,0.07576644995227447,12,reviewer retraining with archived 161-phase features
grouped_physical_interpolation,,blocks_3x3_g1,2027,random_forest,ringdown_plus_redshift,wq,0.1119793087081453,12,reviewer retraining with archived 161-phase features
grouped_physical_interpolation,,blocks_3x3_g1,2027,random_forest,ringdown_plus_photon_geometry_plus_redshift,wq,0.0855048791168174,12,reviewer retraining with archived 161-phase features
grouped_physical_interpolation,,blocks_3x3_g1,2027,mlp,ringdown_plus_redshift,wq,0.07631596924271955,12,reviewer retraining with archived 161-phase features
grouped_physical_interpolation,,blocks_3x3_g1,2027,mlp,ringdown_plus_photon_geometry_plus_redshift,wq,0.11608333056218588,12,reviewer retraining with archived 161-phase features
grouped_physical_interpolation,,blocks_3x3_g1,2028,hgb,ringdown_plus_redshift,wq,0.10763936132864986,12,reviewer retraining with archived 161-phase features
grouped_physical_interpolation,,blocks_3x3_g1,2028,hgb,ringdown_plus_photon_geometry_plus_redshift,wq,0.08328867737759876,12,reviewer retraining with archived 161-phase features
grouped_physical_interpolation,,blocks_3x3_g1,2028,random_forest,ringdown_plus_redshift,wq,0.10365752193133182,12,reviewer retraining with archived 161-phase features
grouped_physical_interpolation,,blocks_3x3_g1,2028,random_forest,ringdown_plus_photon_geometry_plus_redshift,wq,0.08067148699820693,12,reviewer retraining with archived 161-phase features
grouped_physical_interpolation,,blocks_3x3_g1,2028,mlp,ringdown_plus_redshift,wq,0.10789251801255671,12,reviewer retraining with archived 161-phase features
grouped_physical_interpolation,,blocks_3x3_g1,2028,mlp,ringdown_plus_photon_geometry_plus_redshift,wq,0.05471577428868282,12,reviewer retraining with archived 161-phase features
grouped_physical_interpolation,,blocks_3x3_g1,2029,hgb,ringdown_plus_redshift,wq,0.12122997457165213,12,reviewer retraining with archived 161-phase features
grouped_physical_interpolation,,blocks_3x3_g1,2029,hgb,ringdown_plus_photon_geometry_plus_redshift,wq,0.07826980432750964,12,reviewer retraining with archived 161-phase features
grouped_physical_interpolation,,blocks_3x3_g1,2029,random_forest,ringdown_plus_redshift,wq,0.09764240851632865,12,reviewer retraining with archived 161-phase features
grouped_physical_interpolation,,blocks_3x3_g1,2029,random_forest,ringdown_plus_photon_geometry_plus_redshift,wq,0.09055801598568271,12,reviewer retraining with archived 161-phase features
grouped_physical_interpolation,,blocks_3x3_g1,2029,mlp,ringdown_plus_redshift,wq,0.07762639219088618,12,reviewer retraining with archived 161-phase features
grouped_physical_interpolation,,blocks_3x3_g1,2029,mlp,ringdown_plus_photon_geometry_plus_redshift,wq,0.09737117089673518,12,reviewer retraining with archived 161-phase features
grouped_physical_interpolation,,blocks_3x3_g1,2030,hgb,ringdown_plus_redshift,wq,0.15477801506562144,12,reviewer retraining with archived 161-phase features
grouped_physical_interpolation,,blocks_3x3_g1,2030,hgb,ringdown_plus_photon_geometry_plus_redshift,wq,0.10130495927251613,12,reviewer retraining with archived 161-phase features
grouped_physical_interpolation,,blocks_3x3_g1,2030,random_forest,ringdown_plus_redshift,wq,0.11559727471235455,12,reviewer retraining with archived 161-phase features
grouped_physical_interpolation,,blocks_3x3_g1,2030,random_forest,ringdown_plus_photon_geometry_plus_redshift,wq,0.07360297514067408,12,reviewer retraining with archived 161-phase features
grouped_physical_interpolation,,blocks_3x3_g1,2030,mlp,ringdown_plus_redshift,wq,0.08814532738999606,12,reviewer retraining with archived 161-phase features
grouped_physical_interpolation,,blocks_3x3_g1,2030,mlp,ringdown_plus_photon_geometry_plus_redshift,wq,0.1280838661293156,12,reviewer retraining with archived 161-phase features
grouped_physical_interpolation,,blocks_3x3_g2,2026,hgb,ringdown_plus_redshift,wq,0.2097492330151686,9,reviewer retraining with archived 161-phase features
grouped_physical_interpolation,,blocks_3x3_g2,2026,hgb,ringdown_plus_photon_geometry_plus_redshift,wq,0.20230752068469854,9,reviewer retraining with archived 161-phase features
grouped_physical_interpolation,,blocks_3x3_g2,2026,random_forest,ringdown_plus_redshift,wq,0.21335511323870976,9,reviewer retraining with archived 161-phase features
grouped_physical_interpolation,,blocks_3x3_g2,2026,random_forest,ringdown_plus_photon_geometry_plus_redshift,wq,0.16062531144144868,9,reviewer retraining with archived 161-phase features
grouped_physical_interpolation,,blocks_3x3_g2,2026,mlp,ringdown_plus_redshift,wq,0.28369212373995584,9,reviewer retraining with archived 161-phase features
grouped_physical_interpolation,,blocks_3x3_g2,2026,mlp,ringdown_plus_photon_geometry_plus_redshift,wq,0.24541565286988887,9,reviewer retraining with archived 161-phase features
grouped_physical_interpolation,,blocks_3x3_g2,2027,hgb,ringdown_plus_redshift,wq,0.22698849100607224,9,reviewer retraining with archived 161-phase features
grouped_physical_interpolation,,blocks_3x3_g2,2027,hgb,ringdown_plus_photon_geometry_plus_redshift,wq,0.19204075715929714,9,reviewer retraining with archived 161-phase features
grouped_physical_interpolation,,blocks_3x3_g2,2027,random_forest,ringdown_plus_redshift,wq,0.21591456706139078,9,reviewer retraining with archived 161-phase features
grouped_physical_interpolation,,blocks_3x3_g2,2027,random_forest,ringdown_plus_photon_geometry_plus_redshift,wq,0.07051712578035416,9,reviewer retraining with archived 161-phase features
grouped_physical_interpolation,,blocks_3x3_g2,2027,mlp,ringdown_plus_redshift,wq,0.3189400329948582,9,reviewer retraining with archived 161-phase features
grouped_physical_interpolation,,blocks_3x3_g2,2027,mlp,ringdown_plus_photon_geometry_plus_redshift,wq,0.2347034800066527,9,reviewer retraining with archived 161-phase features
grouped_physical_interpolation,,blocks_3x3_g2,2028,hgb,ringdown_plus_redshift,wq,0.21725072122620606,9,reviewer retraining with archived 161-phase features
grouped_physical_interpolation,,blocks_3x3_g2,2028,hgb,ringdown_plus_photon_geometry_plus_redshift,wq,0.18004749515798982,9,reviewer retraining with archived 161-phase features
grouped_physical_interpolation,,blocks_3x3_g2,2028,random_forest,ringdown_plus_redshift,wq,0.2173654572940281,9,reviewer retraining with archived 161-phase features
grouped_physical_interpolation,,blocks_3x3_g2,2028,random_forest,ringdown_plus_photon_geometry_plus_redshift,wq,0.1112395153347545,9,reviewer retraining with archived 161-phase features
grouped_physical_interpolation,,blocks_3x3_g2,2028,mlp,ringdown_plus_redshift,wq,0.19320958898548432,9,reviewer retraining with archived 161-phase features
grouped_physical_interpolation,,blocks_3x3_g2,2028,mlp,ringdown_plus_photon_geometry_plus_redshift,wq,0.31659405995348333,9,reviewer retraining with archived 161-phase features
grouped_physical_interpolation,,blocks_3x3_g2,2029,hgb,ringdown_plus_redshift,wq,0.20864323155674314,9,reviewer retraining with archived 161-phase features
grouped_physical_interpolation,,blocks_3x3_g2,2029,hgb,ringdown_plus_photon_geometry_plus_redshift,wq,0.15416383441714984,9,reviewer retraining with archived 161-phase features
grouped_physical_interpolation,,blocks_3x3_g2,2029,random_forest,ringdown_plus_redshift,wq,0.2136621315192728,9,reviewer retraining with archived 161-phase features
grouped_physical_interpolation,,blocks_3x3_g2,2029,random_forest,ringdown_plus_photon_geometry_plus_redshift,wq,0.0748198538674737,9,reviewer retraining with archived 161-phase features
grouped_physical_interpolation,,blocks_3x3_g2,2029,mlp,ringdown_plus_redshift,wq,0.3004622987087676,9,reviewer retraining with archived 161-phase features
grouped_physical_interpolation,,blocks_3x3_g2,2029,mlp,ringdown_plus_photon_geometry_plus_redshift,wq,0.3012769380600318,9,reviewer retraining with archived 161-phase features
grouped_physical_interpolation,,blocks_3x3_g2,2030,hgb,ringdown_plus_redshift,wq,0.21334470026721825,9,reviewer retraining with archived 161-phase features
grouped_physical_interpolation,,blocks_3x3_g2,2030,hgb,ringdown_plus_photon_geometry_plus_redshift,wq,0.18558970982432751,9,reviewer retraining with archived 161-phase features
grouped_physical_interpolation,,blocks_3x3_g2,2030,random_forest,ringdown_plus_redshift,wq,0.2148194339464166,9,reviewer retraining with archived 161-phase features
grouped_physical_interpolation,,blocks_3x3_g2,2030,random_forest,ringdown_plus_photon_geometry_plus_redshift,wq,0.1193654712913981,9,reviewer retraining with archived 161-phase features
grouped_physical_interpolation,,blocks_3x3_g2,2030,mlp,ringdown_plus_redshift,wq,0.31673300733613324,9,reviewer retraining with archived 161-phase features
grouped_physical_interpolation,,blocks_3x3_g2,2030,mlp,ringdown_plus_photon_geometry_plus_redshift,wq,0.28136728276026907,9,reviewer retraining with archived 161-phase features
grouped_physical_interpolation,,blocks_3x3_g3,2026,hgb,ringdown_plus_redshift,wq,0.09190246521812662,16,reviewer retraining with archived 161-phase features
grouped_physical_interpolation,,blocks_3x3_g3,2026,hgb,ringdown_plus_photon_geometry_plus_redshift,wq,0.07336028583070657,16,reviewer retraining with archived 161-phase features
grouped_physical_interpolation,,blocks_3x3_g3,2026,random_forest,ringdown_plus_redshift,wq,0.10429686843873322,16,reviewer retraining with archived 161-phase features
grouped_physical_interpolation,,blocks_3x3_g3,2026,random_forest,ringdown_plus_photon_geometry_plus_redshift,wq,0.09038260057109236,16,reviewer retraining with archived 161-phase features
grouped_physical_interpolation,,blocks_3x3_g3,2026,mlp,ringdown_plus_redshift,wq,0.06255208494598871,16,reviewer retraining with archived 161-phase features
grouped_physical_interpolation,,blocks_3x3_g3,2026,mlp,ringdown_plus_photon_geometry_plus_redshift,wq,0.06106654432595311,16,reviewer retraining with archived 161-phase features
grouped_physical_interpolation,,blocks_3x3_g3,2027,hgb,ringdown_plus_redshift,wq,0.09103445487832465,16,reviewer retraining with archived 161-phase features
grouped_physical_interpolation,,blocks_3x3_g3,2027,hgb,ringdown_plus_photon_geometry_plus_redshift,wq,0.06895985496079376,16,reviewer retraining with archived 161-phase features
grouped_physical_interpolation,,blocks_3x3_g3,2027,random_forest,ringdown_plus_redshift,wq,0.10209142140652472,16,reviewer retraining with archived 161-phase features
grouped_physical_interpolation,,blocks_3x3_g3,2027,random_forest,ringdown_plus_photon_geometry_plus_redshift,wq,0.08746679999160162,16,reviewer retraining with archived 161-phase features
grouped_physical_interpolation,,blocks_3x3_g3,2027,mlp,ringdown_plus_redshift,wq,0.08079407671075696,16,reviewer retraining with archived 161-phase features
grouped_physical_interpolation,,blocks_3x3_g3,2027,mlp,ringdown_plus_photon_geometry_plus_redshift,wq,0.018094877242259052,16,reviewer retraining with archived 161-phase features
grouped_physical_interpolation,,blocks_3x3_g3,2028,hgb,ringdown_plus_redshift,wq,0.09180472587469399,16,reviewer retraining with archived 161-phase features
grouped_physical_interpolation,,blocks_3x3_g3,2028,hgb,ringdown_plus_photon_geometry_plus_redshift,wq,0.07304353385576452,16,reviewer retraining with archived 161-phase features
grouped_physical_interpolation,,blocks_3x3_g3,2028,random_forest,ringdown_plus_redshift,wq,0.10467361504787072,16,reviewer retraining with archived 161-phase features
grouped_physical_interpolation,,blocks_3x3_g3,2028,random_forest,ringdown_plus_photon_geometry_plus_redshift,wq,0.0905461440749139,16,reviewer retraining with archived 161-phase features
grouped_physical_interpolation,,blocks_3x3_g3,2028,mlp,ringdown_plus_redshift,wq,0.049494964525348115,16,reviewer retraining with archived 161-phase features
grouped_physical_interpolation,,blocks_3x3_g3,2028,mlp,ringdown_plus_photon_geometry_plus_redshift,wq,0.04512331994777355,16,reviewer retraining with archived 161-phase features
grouped_physical_interpolation,,blocks_3x3_g3,2029,hgb,ringdown_plus_redshift,wq,0.0939899241870456,16,reviewer retraining with archived 161-phase features
grouped_physical_interpolation,,blocks_3x3_g3,2029,hgb,ringdown_plus_photon_geometry_plus_redshift,wq,0.0718413347170305,16,reviewer retraining with archived 161-phase features
grouped_physical_interpolation,,blocks_3x3_g3,2029,random_forest,ringdown_plus_redshift,wq,0.0991031686980342,16,reviewer retraining with archived 161-phase features
grouped_physical_interpolation,,blocks_3x3_g3,2029,random_forest,ringdown_plus_photon_geometry_plus_redshift,wq,0.08301537698412646,16,reviewer retraining with archived 161-phase features
grouped_physical_interpolation,,blocks_3x3_g3,2029,mlp,ringdown_plus_redshift,wq,0.03576715928249168,16,reviewer retraining with archived 161-phase features
grouped_physical_interpolation,,blocks_3x3_g3,2029,mlp,ringdown_plus_photon_geometry_plus_redshift,wq,0.04350780941267139,16,reviewer retraining with archived 161-phase features
grouped_physical_interpolation,,blocks_3x3_g3,2030,hgb,ringdown_plus_redshift,wq,0.089782388109406,16,reviewer retraining with archived 161-phase features
grouped_physical_interpolation,,blocks_3x3_g3,2030,hgb,ringdown_plus_photon_geometry_plus_redshift,wq,0.06844038966237713,16,reviewer retraining with archived 161-phase features
grouped_physical_interpolation,,blocks_3x3_g3,2030,random_forest,ringdown_plus_redshift,wq,0.11044084230914564,16,reviewer retraining with archived 161-phase features
grouped_physical_interpolation,,blocks_3x3_g3,2030,random_forest,ringdown_plus_photon_geometry_plus_redshift,wq,0.09255825223607873,16,reviewer retraining with archived 161-phase features
grouped_physical_interpolation,,blocks_3x3_g3,2030,mlp,ringdown_plus_redshift,wq,0.026384361058206993,16,reviewer retraining with archived 161-phase features
grouped_physical_interpolation,,blocks_3x3_g3,2030,mlp,ringdown_plus_photon_geometry_plus_redshift,wq,0.06460813940651135,16,reviewer retraining with archived 161-phase features
grouped_physical_interpolation,,blocks_3x3_g4,2026,hgb,ringdown_plus_redshift,wq,0.07691484528656398,16,reviewer retraining with archived 161-phase features
grouped_physical_interpolation,,blocks_3x3_g4,2026,hgb,ringdown_plus_photon_geometry_plus_redshift,wq,0.06271612734817596,16,reviewer retraining with archived 161-phase features
grouped_physical_interpolation,,blocks_3x3_g4,2026,random_forest,ringdown_plus_redshift,wq,0.05279165202081886,16,reviewer retraining with archived 161-phase features
grouped_physical_interpolation,,blocks_3x3_g4,2026,random_forest,ringdown_plus_photon_geometry_plus_redshift,wq,0.05556645484696082,16,reviewer retraining with archived 161-phase features
grouped_physical_interpolation,,blocks_3x3_g4,2026,mlp,ringdown_plus_redshift,wq,0.06514223927605704,16,reviewer retraining with archived 161-phase features
grouped_physical_interpolation,,blocks_3x3_g4,2026,mlp,ringdown_plus_photon_geometry_plus_redshift,wq,0.06470335028949338,16,reviewer retraining with archived 161-phase features
grouped_physical_interpolation,,blocks_3x3_g4,2027,hgb,ringdown_plus_redshift,wq,0.07297958112611291,16,reviewer retraining with archived 161-phase features
grouped_physical_interpolation,,blocks_3x3_g4,2027,hgb,ringdown_plus_photon_geometry_plus_redshift,wq,0.06328745920234799,16,reviewer retraining with archived 161-phase features
grouped_physical_interpolation,,blocks_3x3_g4,2027,random_forest,ringdown_plus_redshift,wq,0.046205902838343485,16,reviewer retraining with archived 161-phase features
grouped_physical_interpolation,,blocks_3x3_g4,2027,random_forest,ringdown_plus_photon_geometry_plus_redshift,wq,0.04485978487727048,16,reviewer retraining with archived 161-phase features
grouped_physical_interpolation,,blocks_3x3_g4,2027,mlp,ringdown_plus_redshift,wq,0.042737240113524054,16,reviewer retraining with archived 161-phase features
grouped_physical_interpolation,,blocks_3x3_g4,2027,mlp,ringdown_plus_photon_geometry_plus_redshift,wq,0.0624287018573386,16,reviewer retraining with archived 161-phase features
grouped_physical_interpolation,,blocks_3x3_g4,2028,hgb,ringdown_plus_redshift,wq,0.0696251330443063,16,reviewer retraining with archived 161-phase features
grouped_physical_interpolation,,blocks_3x3_g4,2028,hgb,ringdown_plus_photon_geometry_plus_redshift,wq,0.05661949768532208,16,reviewer retraining with archived 161-phase features
grouped_physical_interpolation,,blocks_3x3_g4,2028,random_forest,ringdown_plus_redshift,wq,0.03844627335847638,16,reviewer retraining with archived 161-phase features
grouped_physical_interpolation,,blocks_3x3_g4,2028,random_forest,ringdown_plus_photon_geometry_plus_redshift,wq,0.0385475840847874,16,reviewer retraining with archived 161-phase features
grouped_physical_interpolation,,blocks_3x3_g4,2028,mlp,ringdown_plus_redshift,wq,0.0721841629879123,16,reviewer retraining with archived 161-phase features
grouped_physical_interpolation,,blocks_3x3_g4,2028,mlp,ringdown_plus_photon_geometry_plus_redshift,wq,0.0767424780186507,16,reviewer retraining with archived 161-phase features
grouped_physical_interpolation,,blocks_3x3_g4,2029,hgb,ringdown_plus_redshift,wq,0.057455349491365805,16,reviewer retraining with archived 161-phase features
grouped_physical_interpolation,,blocks_3x3_g4,2029,hgb,ringdown_plus_photon_geometry_plus_redshift,wq,0.04882914012534217,16,reviewer retraining with archived 161-phase features
grouped_physical_interpolation,,blocks_3x3_g4,2029,random_forest,ringdown_plus_redshift,wq,0.04189224094196118,16,reviewer retraining with archived 161-phase features
grouped_physical_interpolation,,blocks_3x3_g4,2029,random_forest,ringdown_plus_photon_geometry_plus_redshift,wq,0.045187851361083796,16,reviewer retraining with archived 161-phase features
grouped_physical_interpolation,,blocks_3x3_g4,2029,mlp,ringdown_plus_redshift,wq,0.14381126064254757,16,reviewer retraining with archived 161-phase features
grouped_physical_interpolation,,blocks_3x3_g4,2029,mlp,ringdown_plus_photon_geometry_plus_redshift,wq,0.06809604807230293,16,reviewer retraining with archived 161-phase features
grouped_physical_interpolation,,blocks_3x3_g4,2030,hgb,ringdown_plus_redshift,wq,0.06920250717146315,16,reviewer retraining with archived 161-phase features
grouped_physical_interpolation,,blocks_3x3_g4,2030,hgb,ringdown_plus_photon_geometry_plus_redshift,wq,0.05050344801702873,16,reviewer retraining with archived 161-phase features
grouped_physical_interpolation,,blocks_3x3_g4,2030,random_forest,ringdown_plus_redshift,wq,0.03687353552532093,16,reviewer retraining with archived 161-phase features
grouped_physical_interpolation,,blocks_3x3_g4,2030,random_forest,ringdown_plus_photon_geometry_plus_redshift,wq,0.03430298559465282,16,reviewer retraining with archived 161-phase features
grouped_physical_interpolation,,blocks_3x3_g4,2030,mlp,ringdown_plus_redshift,wq,0.04834943898931502,16,reviewer retraining with archived 161-phase features
grouped_physical_interpolation,,blocks_3x3_g4,2030,mlp,ringdown_plus_photon_geometry_plus_redshift,wq,0.08632415126055101,16,reviewer retraining with archived 161-phase features
grouped_physical_interpolation,,blocks_3x3_g5,2026,hgb,ringdown_plus_redshift,wq,0.04261074670469444,12,reviewer retraining with archived 161-phase features
grouped_physical_interpolation,,blocks_3x3_g5,2026,hgb,ringdown_plus_photon_geometry_plus_redshift,wq,0.03718301720796965,12,reviewer retraining with archived 161-phase features
grouped_physical_interpolation,,blocks_3x3_g5,2026,random_forest,ringdown_plus_redshift,wq,0.05022738725119649,12,reviewer retraining with archived 161-phase features
grouped_physical_interpolation,,blocks_3x3_g5,2026,random_forest,ringdown_plus_photon_geometry_plus_redshift,wq,0.04902441840933958,12,reviewer retraining with archived 161-phase features
grouped_physical_interpolation,,blocks_3x3_g5,2026,mlp,ringdown_plus_redshift,wq,0.04093894933917222,12,reviewer retraining with archived 161-phase features
grouped_physical_interpolation,,blocks_3x3_g5,2026,mlp,ringdown_plus_photon_geometry_plus_redshift,wq,0.18482830510914328,12,reviewer retraining with archived 161-phase features
grouped_physical_interpolation,,blocks_3x3_g5,2027,hgb,ringdown_plus_redshift,wq,0.06569824638829722,12,reviewer retraining with archived 161-phase features
grouped_physical_interpolation,,blocks_3x3_g5,2027,hgb,ringdown_plus_photon_geometry_plus_redshift,wq,0.04900043587945404,12,reviewer retraining with archived 161-phase features
grouped_physical_interpolation,,blocks_3x3_g5,2027,random_forest,ringdown_plus_redshift,wq,0.048739449483497094,12,reviewer retraining with archived 161-phase features
grouped_physical_interpolation,,blocks_3x3_g5,2027,random_forest,ringdown_plus_photon_geometry_plus_redshift,wq,0.036882873519779015,12,reviewer retraining with archived 161-phase features
grouped_physical_interpolation,,blocks_3x3_g5,2027,mlp,ringdown_plus_redshift,wq,0.044404623404120463,12,reviewer retraining with archived 161-phase features
grouped_physical_interpolation,,blocks_3x3_g5,2027,mlp,ringdown_plus_photon_geometry_plus_redshift,wq,0.027671279258671896,12,reviewer retraining with archived 161-phase features
grouped_physical_interpolation,,blocks_3x3_g5,2028,hgb,ringdown_plus_redshift,wq,0.08255869829586693,12,reviewer retraining with archived 161-phase features
grouped_physical_interpolation,,blocks_3x3_g5,2028,hgb,ringdown_plus_photon_geometry_plus_redshift,wq,0.07405155515426945,12,reviewer retraining with archived 161-phase features
grouped_physical_interpolation,,blocks_3x3_g5,2028,random_forest,ringdown_plus_redshift,wq,0.0652438429075332,12,reviewer retraining with archived 161-phase features
grouped_physical_interpolation,,blocks_3x3_g5,2028,random_forest,ringdown_plus_photon_geometry_plus_redshift,wq,0.0499311854371377,12,reviewer retraining with archived 161-phase features
grouped_physical_interpolation,,blocks_3x3_g5,2028,mlp,ringdown_plus_redshift,wq,0.03770126289172909,12,reviewer retraining with archived 161-phase features
grouped_physical_interpolation,,blocks_3x3_g5,2028,mlp,ringdown_plus_photon_geometry_plus_redshift,wq,0.0542997519117918,12,reviewer retraining with archived 161-phase features
grouped_physical_interpolation,,blocks_3x3_g5,2029,hgb,ringdown_plus_redshift,wq,0.05306084238318063,12,reviewer retraining with archived 161-phase features
grouped_physical_interpolation,,blocks_3x3_g5,2029,hgb,ringdown_plus_photon_geometry_plus_redshift,wq,0.03804846762466613,12,reviewer retraining with archived 161-phase features
grouped_physical_interpolation,,blocks_3x3_g5,2029,random_forest,ringdown_plus_redshift,wq,0.042270644368859155,12,reviewer retraining with archived 161-phase features
grouped_physical_interpolation,,blocks_3x3_g5,2029,random_forest,ringdown_plus_photon_geometry_plus_redshift,wq,0.024877173091460116,12,reviewer retraining with archived 161-phase features
grouped_physical_interpolation,,blocks_3x3_g5,2029,mlp,ringdown_plus_redshift,wq,0.026329376209808013,12,reviewer retraining with archived 161-phase features
grouped_physical_interpolation,,blocks_3x3_g5,2029,mlp,ringdown_plus_photon_geometry_plus_redshift,wq,0.03157389192868219,12,reviewer retraining with archived 161-phase features
grouped_physical_interpolation,,blocks_3x3_g5,2030,hgb,ringdown_plus_redshift,wq,0.05367612072771084,12,reviewer retraining with archived 161-phase features
grouped_physical_interpolation,,blocks_3x3_g5,2030,hgb,ringdown_plus_photon_geometry_plus_redshift,wq,0.05540577211282927,12,reviewer retraining with archived 161-phase features
grouped_physical_interpolation,,blocks_3x3_g5,2030,random_forest,ringdown_plus_redshift,wq,0.06707204795498474,12,reviewer retraining with archived 161-phase features
grouped_physical_interpolation,,blocks_3x3_g5,2030,random_forest,ringdown_plus_photon_geometry_plus_redshift,wq,0.051711335768875766,12,reviewer retraining with archived 161-phase features
grouped_physical_interpolation,,blocks_3x3_g5,2030,mlp,ringdown_plus_redshift,wq,0.018856564752795027,12,reviewer retraining with archived 161-phase features
grouped_physical_interpolation,,blocks_3x3_g5,2030,mlp,ringdown_plus_photon_geometry_plus_redshift,wq,0.018691169866258104,12,reviewer retraining with archived 161-phase features
grouped_physical_interpolation,,blocks_3x3_g6,2026,hgb,ringdown_plus_redshift,wq,0.09069478022619358,12,reviewer retraining with archived 161-phase features
grouped_physical_interpolation,,blocks_3x3_g6,2026,hgb,ringdown_plus_photon_geometry_plus_redshift,wq,0.07858228863898066,12,reviewer retraining with archived 161-phase features
grouped_physical_interpolation,,blocks_3x3_g6,2026,random_forest,ringdown_plus_redshift,wq,0.09224037855883106,12,reviewer retraining with archived 161-phase features
grouped_physical_interpolation,,blocks_3x3_g6,2026,random_forest,ringdown_plus_photon_geometry_plus_redshift,wq,0.09394347337700545,12,reviewer retraining with archived 161-phase features
grouped_physical_interpolation,,blocks_3x3_g6,2026,mlp,ringdown_plus_redshift,wq,0.1011465004980731,12,reviewer retraining with archived 161-phase features
grouped_physical_interpolation,,blocks_3x3_g6,2026,mlp,ringdown_plus_photon_geometry_plus_redshift,wq,1.548004606742255,12,reviewer retraining with archived 161-phase features
grouped_physical_interpolation,,blocks_3x3_g6,2027,hgb,ringdown_plus_redshift,wq,0.0942267385900728,12,reviewer retraining with archived 161-phase features
grouped_physical_interpolation,,blocks_3x3_g6,2027,hgb,ringdown_plus_photon_geometry_plus_redshift,wq,0.0615310584245533,12,reviewer retraining with archived 161-phase features
grouped_physical_interpolation,,blocks_3x3_g6,2027,random_forest,ringdown_plus_redshift,wq,0.06927649701856117,12,reviewer retraining with archived 161-phase features
grouped_physical_interpolation,,blocks_3x3_g6,2027,random_forest,ringdown_plus_photon_geometry_plus_redshift,wq,0.08192872627446114,12,reviewer retraining with archived 161-phase features
grouped_physical_interpolation,,blocks_3x3_g6,2027,mlp,ringdown_plus_redshift,wq,0.29150594194534574,12,reviewer retraining with archived 161-phase features
grouped_physical_interpolation,,blocks_3x3_g6,2027,mlp,ringdown_plus_photon_geometry_plus_redshift,wq,0.656120777923263,12,reviewer retraining with archived 161-phase features
grouped_physical_interpolation,,blocks_3x3_g6,2028,hgb,ringdown_plus_redshift,wq,0.10160580564905165,12,reviewer retraining with archived 161-phase features
grouped_physical_interpolation,,blocks_3x3_g6,2028,hgb,ringdown_plus_photon_geometry_plus_redshift,wq,0.07168090435299777,12,reviewer retraining with archived 161-phase features
grouped_physical_interpolation,,blocks_3x3_g6,2028,random_forest,ringdown_plus_redshift,wq,0.08830634290753342,12,reviewer retraining with archived 161-phase features
grouped_physical_interpolation,,blocks_3x3_g6,2028,random_forest,ringdown_plus_photon_geometry_plus_redshift,wq,0.08691185857058896,12,reviewer retraining with archived 161-phase features
grouped_physical_interpolation,,blocks_3x3_g6,2028,mlp,ringdown_plus_redshift,wq,0.06732914804206871,12,reviewer retraining with archived 161-phase features
grouped_physical_interpolation,,blocks_3x3_g6,2028,mlp,ringdown_plus_photon_geometry_plus_redshift,wq,0.10911038905181764,12,reviewer retraining with archived 161-phase features
grouped_physical_interpolation,,blocks_3x3_g6,2029,hgb,ringdown_plus_redshift,wq,0.10370619942211767,12,reviewer retraining with archived 161-phase features
grouped_physical_interpolation,,blocks_3x3_g6,2029,hgb,ringdown_plus_photon_geometry_plus_redshift,wq,0.06641265569902188,12,reviewer retraining with archived 161-phase features
grouped_physical_interpolation,,blocks_3x3_g6,2029,random_forest,ringdown_plus_redshift,wq,0.08670600277147839,12,reviewer retraining with archived 161-phase features
grouped_physical_interpolation,,blocks_3x3_g6,2029,random_forest,ringdown_plus_photon_geometry_plus_redshift,wq,0.08581260148092129,12,reviewer retraining with archived 161-phase features
grouped_physical_interpolation,,blocks_3x3_g6,2029,mlp,ringdown_plus_redshift,wq,0.07701125088093519,12,reviewer retraining with archived 161-phase features
grouped_physical_interpolation,,blocks_3x3_g6,2029,mlp,ringdown_plus_photon_geometry_plus_redshift,wq,1.9815596323338667,12,reviewer retraining with archived 161-phase features
grouped_physical_interpolation,,blocks_3x3_g6,2030,hgb,ringdown_plus_redshift,wq,0.10113371378367642,12,reviewer retraining with archived 161-phase features
grouped_physical_interpolation,,blocks_3x3_g6,2030,hgb,ringdown_plus_photon_geometry_plus_redshift,wq,0.0588233864018579,12,reviewer retraining with archived 161-phase features
grouped_physical_interpolation,,blocks_3x3_g6,2030,random_forest,ringdown_plus_redshift,wq,0.0729947693583613,12,reviewer retraining with archived 161-phase features
grouped_physical_interpolation,,blocks_3x3_g6,2030,random_forest,ringdown_plus_photon_geometry_plus_redshift,wq,0.07771078199798404,12,reviewer retraining with archived 161-phase features
grouped_physical_interpolation,,blocks_3x3_g6,2030,mlp,ringdown_plus_redshift,wq,0.04785713395437863,12,reviewer retraining with archived 161-phase features
grouped_physical_interpolation,,blocks_3x3_g6,2030,mlp,ringdown_plus_photon_geometry_plus_redshift,wq,0.07124620947662899,12,reviewer retraining with archived 161-phase features
grouped_physical_interpolation,,blocks_3x3_g7,2026,hgb,ringdown_plus_redshift,wq,0.07585131292424825,12,reviewer retraining with archived 161-phase features
grouped_physical_interpolation,,blocks_3x3_g7,2026,hgb,ringdown_plus_photon_geometry_plus_redshift,wq,0.057452353626277805,12,reviewer retraining with archived 161-phase features
grouped_physical_interpolation,,blocks_3x3_g7,2026,random_forest,ringdown_plus_redshift,wq,0.07311000922211348,12,reviewer retraining with archived 161-phase features
grouped_physical_interpolation,,blocks_3x3_g7,2026,random_forest,ringdown_plus_photon_geometry_plus_redshift,wq,0.05791951728459836,12,reviewer retraining with archived 161-phase features
grouped_physical_interpolation,,blocks_3x3_g7,2026,mlp,ringdown_plus_redshift,wq,0.008502204441908271,12,reviewer retraining with archived 161-phase features
grouped_physical_interpolation,,blocks_3x3_g7,2026,mlp,ringdown_plus_photon_geometry_plus_redshift,wq,0.06296230534896938,12,reviewer retraining with archived 161-phase features
grouped_physical_interpolation,,blocks_3x3_g7,2027,hgb,ringdown_plus_redshift,wq,0.09058457101338427,12,reviewer retraining with archived 161-phase features
grouped_physical_interpolation,,blocks_3x3_g7,2027,hgb,ringdown_plus_photon_geometry_plus_redshift,wq,0.09093495929332512,12,reviewer retraining with archived 161-phase features
grouped_physical_interpolation,,blocks_3x3_g7,2027,random_forest,ringdown_plus_redshift,wq,0.08524333725259674,12,reviewer retraining with archived 161-phase features
grouped_physical_interpolation,,blocks_3x3_g7,2027,random_forest,ringdown_plus_photon_geometry_plus_redshift,wq,0.06833247511967783,12,reviewer retraining with archived 161-phase features
grouped_physical_interpolation,,blocks_3x3_g7,2027,mlp,ringdown_plus_redshift,wq,0.03512605142587727,12,reviewer retraining with archived 161-phase features
grouped_physical_interpolation,,blocks_3x3_g7,2027,mlp,ringdown_plus_photon_geometry_plus_redshift,wq,0.12589173821058036,12,reviewer retraining with archived 161-phase features
grouped_physical_interpolation,,blocks_3x3_g7,2028,hgb,ringdown_plus_redshift,wq,0.07968290325587997,12,reviewer retraining with archived 161-phase features
grouped_physical_interpolation,,blocks_3x3_g7,2028,hgb,ringdown_plus_photon_geometry_plus_redshift,wq,0.06326606131989268,12,reviewer retraining with archived 161-phase features
grouped_physical_interpolation,,blocks_3x3_g7,2028,random_forest,ringdown_plus_redshift,wq,0.06162805492567536,12,reviewer retraining with archived 161-phase features
grouped_physical_interpolation,,blocks_3x3_g7,2028,random_forest,ringdown_plus_photon_geometry_plus_redshift,wq,0.052466962711008876,12,reviewer retraining with archived 161-phase features
grouped_physical_interpolation,,blocks_3x3_g7,2028,mlp,ringdown_plus_redshift,wq,0.05070769742652837,12,reviewer retraining with archived 161-phase features
grouped_physical_interpolation,,blocks_3x3_g7,2028,mlp,ringdown_plus_photon_geometry_plus_redshift,wq,0.024493921353944282,12,reviewer retraining with archived 161-phase features
grouped_physical_interpolation,,blocks_3x3_g7,2029,hgb,ringdown_plus_redshift,wq,0.07293286176491916,12,reviewer retraining with archived 161-phase features
grouped_physical_interpolation,,blocks_3x3_g7,2029,hgb,ringdown_plus_photon_geometry_plus_redshift,wq,0.06246451592832157,12,reviewer retraining with archived 161-phase features
grouped_physical_interpolation,,blocks_3x3_g7,2029,random_forest,ringdown_plus_redshift,wq,0.07057308201058257,12,reviewer retraining with archived 161-phase features
grouped_physical_interpolation,,blocks_3x3_g7,2029,random_forest,ringdown_plus_photon_geometry_plus_redshift,wq,0.05626627718988986,12,reviewer retraining with archived 161-phase features
grouped_physical_interpolation,,blocks_3x3_g7,2029,mlp,ringdown_plus_redshift,wq,0.0550340731684635,12,reviewer retraining with archived 161-phase features
grouped_physical_interpolation,,blocks_3x3_g7,2029,mlp,ringdown_plus_photon_geometry_plus_redshift,wq,0.04775910229589625,12,reviewer retraining with archived 161-phase features
grouped_physical_interpolation,,blocks_3x3_g7,2030,hgb,ringdown_plus_redshift,wq,0.09116044475298785,12,reviewer retraining with archived 161-phase features
grouped_physical_interpolation,,blocks_3x3_g7,2030,hgb,ringdown_plus_photon_geometry_plus_redshift,wq,0.08309499465701378,12,reviewer retraining with archived 161-phase features
grouped_physical_interpolation,,blocks_3x3_g7,2030,random_forest,ringdown_plus_redshift,wq,0.08858999958007928,12,reviewer retraining with archived 161-phase features
grouped_physical_interpolation,,blocks_3x3_g7,2030,random_forest,ringdown_plus_photon_geometry_plus_redshift,wq,0.06872532237016431,12,reviewer retraining with archived 161-phase features
grouped_physical_interpolation,,blocks_3x3_g7,2030,mlp,ringdown_plus_redshift,wq,0.017246981537308224,12,reviewer retraining with archived 161-phase features
grouped_physical_interpolation,,blocks_3x3_g7,2030,mlp,ringdown_plus_photon_geometry_plus_redshift,wq,0.14498753881386062,12,reviewer retraining with archived 161-phase features
grouped_physical_interpolation,,blocks_3x3_g8,2026,hgb,ringdown_plus_redshift,wq,0.09812222646415335,9,reviewer retraining with archived 161-phase features
grouped_physical_interpolation,,blocks_3x3_g8,2026,hgb,ringdown_plus_photon_geometry_plus_redshift,wq,0.058903492859441936,9,reviewer retraining with archived 161-phase features
grouped_physical_interpolation,,blocks_3x3_g8,2026,random_forest,ringdown_plus_redshift,wq,0.09908541194255466,9,reviewer retraining with archived 161-phase features
grouped_physical_interpolation,,blocks_3x3_g8,2026,random_forest,ringdown_plus_photon_geometry_plus_redshift,wq,0.0691962711010328,9,reviewer retraining with archived 161-phase features
grouped_physical_interpolation,,blocks_3x3_g8,2026,mlp,ringdown_plus_redshift,wq,0.017564291880903023,9,reviewer retraining with archived 161-phase features
grouped_physical_interpolation,,blocks_3x3_g8,2026,mlp,ringdown_plus_photon_geometry_plus_redshift,wq,0.020061687937420317,9,reviewer retraining with archived 161-phase features
grouped_physical_interpolation,,blocks_3x3_g8,2027,hgb,ringdown_plus_redshift,wq,0.10598001630746606,9,reviewer retraining with archived 161-phase features
grouped_physical_interpolation,,blocks_3x3_g8,2027,hgb,ringdown_plus_photon_geometry_plus_redshift,wq,0.06737304901104282,9,reviewer retraining with archived 161-phase features
grouped_physical_interpolation,,blocks_3x3_g8,2027,random_forest,ringdown_plus_redshift,wq,0.10161008230452594,9,reviewer retraining with archived 161-phase features
grouped_physical_interpolation,,blocks_3x3_g8,2027,random_forest,ringdown_plus_photon_geometry_plus_redshift,wq,0.07004514151339528,9,reviewer retraining with archived 161-phase features
grouped_physical_interpolation,,blocks_3x3_g8,2027,mlp,ringdown_plus_redshift,wq,0.03437589283054608,9,reviewer retraining with archived 161-phase features
grouped_physical_interpolation,,blocks_3x3_g8,2027,mlp,ringdown_plus_photon_geometry_plus_redshift,wq,0.007695126789583561,9,reviewer retraining with archived 161-phase features
grouped_physical_interpolation,,blocks_3x3_g8,2028,hgb,ringdown_plus_redshift,wq,0.10132978286248447,9,reviewer retraining with archived 161-phase features
grouped_physical_interpolation,,blocks_3x3_g8,2028,hgb,ringdown_plus_photon_geometry_plus_redshift,wq,0.06132437820082968,9,reviewer retraining with archived 161-phase features
grouped_physical_interpolation,,blocks_3x3_g8,2028,random_forest,ringdown_plus_redshift,wq,0.09515558075081887,9,reviewer retraining with archived 161-phase features
grouped_physical_interpolation,,blocks_3x3_g8,2028,random_forest,ringdown_plus_photon_geometry_plus_redshift,wq,0.05762639623750758,9,reviewer retraining with archived 161-phase features
grouped_physical_interpolation,,blocks_3x3_g8,2028,mlp,ringdown_plus_redshift,wq,0.008372471708807587,9,reviewer retraining with archived 161-phase features
grouped_physical_interpolation,,blocks_3x3_g8,2028,mlp,ringdown_plus_photon_geometry_plus_redshift,wq,0.037299569242024155,9,reviewer retraining with archived 161-phase features
grouped_physical_interpolation,,blocks_3x3_g8,2029,hgb,ringdown_plus_redshift,wq,0.10621890426575575,9,reviewer retraining with archived 161-phase features
grouped_physical_interpolation,,blocks_3x3_g8,2029,hgb,ringdown_plus_photon_geometry_plus_redshift,wq,0.08436772973631784,9,reviewer retraining with archived 161-phase features
grouped_physical_interpolation,,blocks_3x3_g8,2029,random_forest,ringdown_plus_redshift,wq,0.10400972117241869,9,reviewer retraining with archived 161-phase features
grouped_physical_interpolation,,blocks_3x3_g8,2029,random_forest,ringdown_plus_photon_geometry_plus_redshift,wq,0.0669874863525659,9,reviewer retraining with archived 161-phase features
grouped_physical_interpolation,,blocks_3x3_g8,2029,mlp,ringdown_plus_redshift,wq,0.009985560653026035,9,reviewer retraining with archived 161-phase features
grouped_physical_interpolation,,blocks_3x3_g8,2029,mlp,ringdown_plus_photon_geometry_plus_redshift,wq,0.04425993959101342,9,reviewer retraining with archived 161-phase features
grouped_physical_interpolation,,blocks_3x3_g8,2030,hgb,ringdown_plus_redshift,wq,0.09378219202930481,9,reviewer retraining with archived 161-phase features
grouped_physical_interpolation,,blocks_3x3_g8,2030,hgb,ringdown_plus_photon_geometry_plus_redshift,wq,0.03962878273811129,9,reviewer retraining with archived 161-phase features
grouped_physical_interpolation,,blocks_3x3_g8,2030,random_forest,ringdown_plus_redshift,wq,0.10736079617031875,9,reviewer retraining with archived 161-phase features
grouped_physical_interpolation,,blocks_3x3_g8,2030,random_forest,ringdown_plus_photon_geometry_plus_redshift,wq,0.06487885277567806,9,reviewer retraining with archived 161-phase features
grouped_physical_interpolation,,blocks_3x3_g8,2030,mlp,ringdown_plus_redshift,wq,0.03973833490748728,9,reviewer retraining with archived 161-phase features
grouped_physical_interpolation,,blocks_3x3_g8,2030,mlp,ringdown_plus_photon_geometry_plus_redshift,wq,0.011541950458257464,9,reviewer retraining with archived 161-phase features
grouped_physical_interpolation,,blocks_3x3_shifted_g0,2026,hgb,ringdown_plus_redshift,wq,0.12403597091616628,6,reviewer retraining with archived 161-phase features
grouped_physical_interpolation,,blocks_3x3_shifted_g0,2026,hgb,ringdown_plus_photon_geometry_plus_redshift,wq,0.13128745128911073,6,reviewer retraining with archived 161-phase features
grouped_physical_interpolation,,blocks_3x3_shifted_g0,2026,random_forest,ringdown_plus_redshift,wq,0.17189388594944033,6,reviewer retraining with archived 161-phase features
grouped_physical_interpolation,,blocks_3x3_shifted_g0,2026,random_forest,ringdown_plus_photon_geometry_plus_redshift,wq,0.17495955110439146,6,reviewer retraining with archived 161-phase features
grouped_physical_interpolation,,blocks_3x3_shifted_g0,2026,mlp,ringdown_plus_redshift,wq,0.23080205491363523,6,reviewer retraining with archived 161-phase features
grouped_physical_interpolation,,blocks_3x3_shifted_g0,2026,mlp,ringdown_plus_photon_geometry_plus_redshift,wq,0.4257349442216201,6,reviewer retraining with archived 161-phase features
grouped_physical_interpolation,,blocks_3x3_shifted_g0,2027,hgb,ringdown_plus_redshift,wq,0.1298864875573682,6,reviewer retraining with archived 161-phase features
grouped_physical_interpolation,,blocks_3x3_shifted_g0,2027,hgb,ringdown_plus_photon_geometry_plus_redshift,wq,0.13509750122634645,6,reviewer retraining with archived 161-phase features
grouped_physical_interpolation,,blocks_3x3_shifted_g0,2027,random_forest,ringdown_plus_redshift,wq,0.16742951625094396,6,reviewer retraining with archived 161-phase features
grouped_physical_interpolation,,blocks_3x3_shifted_g0,2027,random_forest,ringdown_plus_photon_geometry_plus_redshift,wq,0.17352027168892112,6,reviewer retraining with archived 161-phase features
grouped_physical_interpolation,,blocks_3x3_shifted_g0,2027,mlp,ringdown_plus_redshift,wq,0.08887844904778287,6,reviewer retraining with archived 161-phase features
grouped_physical_interpolation,,blocks_3x3_shifted_g0,2027,mlp,ringdown_plus_photon_geometry_plus_redshift,wq,0.46900467615084035,6,reviewer retraining with archived 161-phase features
grouped_physical_interpolation,,blocks_3x3_shifted_g0,2028,hgb,ringdown_plus_redshift,wq,0.15309785753909824,6,reviewer retraining with archived 161-phase features
grouped_physical_interpolation,,blocks_3x3_shifted_g0,2028,hgb,ringdown_plus_photon_geometry_plus_redshift,wq,0.1770454145049799,6,reviewer retraining with archived 161-phase features
grouped_physical_interpolation,,blocks_3x3_shifted_g0,2028,random_forest,ringdown_plus_redshift,wq,0.20032571526552914,6,reviewer retraining with archived 161-phase features
grouped_physical_interpolation,,blocks_3x3_shifted_g0,2028,random_forest,ringdown_plus_photon_geometry_plus_redshift,wq,0.2078813932980588,6,reviewer retraining with archived 161-phase features
grouped_physical_interpolation,,blocks_3x3_shifted_g0,2028,mlp,ringdown_plus_redshift,wq,0.06361625542027789,6,reviewer retraining with archived 161-phase features
grouped_physical_interpolation,,blocks_3x3_shifted_g0,2028,mlp,ringdown_plus_photon_geometry_plus_redshift,wq,0.22317689247483496,6,reviewer retraining with archived 161-phase features
grouped_physical_interpolation,,blocks_3x3_shifted_g0,2029,hgb,ringdown_plus_redshift,wq,0.13302500583494814,6,reviewer retraining with archived 161-phase features
grouped_physical_interpolation,,blocks_3x3_shifted_g0,2029,hgb,ringdown_plus_photon_geometry_plus_redshift,wq,0.13482728046682618,6,reviewer retraining with archived 161-phase features
grouped_physical_interpolation,,blocks_3x3_shifted_g0,2029,random_forest,ringdown_plus_redshift,wq,0.17472842494072618,6,reviewer retraining with archived 161-phase features
grouped_physical_interpolation,,blocks_3x3_shifted_g0,2029,random_forest,ringdown_plus_photon_geometry_plus_redshift,wq,0.17305069496934472,6,reviewer retraining with archived 161-phase features
grouped_physical_interpolation,,blocks_3x3_shifted_g0,2029,mlp,ringdown_plus_redshift,wq,0.1679825450455907,6,reviewer retraining with archived 161-phase features
grouped_physical_interpolation,,blocks_3x3_shifted_g0,2029,mlp,ringdown_plus_photon_geometry_plus_redshift,wq,0.5129520784573859,6,reviewer retraining with archived 161-phase features
grouped_physical_interpolation,,blocks_3x3_shifted_g0,2030,hgb,ringdown_plus_redshift,wq,0.11367298155145,6,reviewer retraining with archived 161-phase features
grouped_physical_interpolation,,blocks_3x3_shifted_g0,2030,hgb,ringdown_plus_photon_geometry_plus_redshift,wq,0.12460756046242662,6,reviewer retraining with archived 161-phase features
grouped_physical_interpolation,,blocks_3x3_shifted_g0,2030,random_forest,ringdown_plus_redshift,wq,0.1685100256151834,6,reviewer retraining with archived 161-phase features
grouped_physical_interpolation,,blocks_3x3_shifted_g0,2030,random_forest,ringdown_plus_photon_geometry_plus_redshift,wq,0.173167863441672,6,reviewer retraining with archived 161-phase features
grouped_physical_interpolation,,blocks_3x3_shifted_g0,2030,mlp,ringdown_plus_redshift,wq,0.10880306871350176,6,reviewer retraining with archived 161-phase features
grouped_physical_interpolation,,blocks_3x3_shifted_g0,2030,mlp,ringdown_plus_photon_geometry_plus_redshift,wq,0.3330527543619049,6,reviewer retraining with archived 161-phase features
grouped_physical_interpolation,,blocks_3x3_shifted_g1,2026,hgb,ringdown_plus_redshift,wq,0.09380520522244029,8,reviewer retraining with archived 161-phase features
grouped_physical_interpolation,,blocks_3x3_shifted_g1,2026,hgb,ringdown_plus_photon_geometry_plus_redshift,wq,0.04803910401075016,8,reviewer retraining with archived 161-phase features
grouped_physical_interpolation,,blocks_3x3_shifted_g1,2026,random_forest,ringdown_plus_redshift,wq,0.09734271236553069,8,reviewer retraining with archived 161-phase features
grouped_physical_interpolation,,blocks_3x3_shifted_g1,2026,random_forest,ringdown_plus_photon_geometry_plus_redshift,wq,0.07748444090631716,8,reviewer retraining with archived 161-phase features
grouped_physical_interpolation,,blocks_3x3_shifted_g1,2026,mlp,ringdown_plus_redshift,wq,0.14930903226812856,8,reviewer retraining with archived 161-phase features
grouped_physical_interpolation,,blocks_3x3_shifted_g1,2026,mlp,ringdown_plus_photon_geometry_plus_redshift,wq,0.0890127176224485,8,reviewer retraining with archived 161-phase features
grouped_physical_interpolation,,blocks_3x3_shifted_g1,2027,hgb,ringdown_plus_redshift,wq,0.09300412072428413,8,reviewer retraining with archived 161-phase features
grouped_physical_interpolation,,blocks_3x3_shifted_g1,2027,hgb,ringdown_plus_photon_geometry_plus_redshift,wq,0.04981754807864066,8,reviewer retraining with archived 161-phase features
grouped_physical_interpolation,,blocks_3x3_shifted_g1,2027,random_forest,ringdown_plus_redshift,wq,0.12148166785815671,8,reviewer retraining with archived 161-phase features
grouped_physical_interpolation,,blocks_3x3_shifted_g1,2027,random_forest,ringdown_plus_photon_geometry_plus_redshift,wq,0.10163425726793893,8,reviewer retraining with archived 161-phase features
grouped_physical_interpolation,,blocks_3x3_shifted_g1,2027,mlp,ringdown_plus_redshift,wq,0.09910972138354435,8,reviewer retraining with archived 161-phase features
grouped_physical_interpolation,,blocks_3x3_shifted_g1,2027,mlp,ringdown_plus_photon_geometry_plus_redshift,wq,0.10760991247659146,8,reviewer retraining with archived 161-phase features
grouped_physical_interpolation,,blocks_3x3_shifted_g1,2028,hgb,ringdown_plus_redshift,wq,0.08169821351206223,8,reviewer retraining with archived 161-phase features
grouped_physical_interpolation,,blocks_3x3_shifted_g1,2028,hgb,ringdown_plus_photon_geometry_plus_redshift,wq,0.042610570988620526,8,reviewer retraining with archived 161-phase features
grouped_physical_interpolation,,blocks_3x3_shifted_g1,2028,random_forest,ringdown_plus_redshift,wq,0.10968395043742325,8,reviewer retraining with archived 161-phase features
grouped_physical_interpolation,,blocks_3x3_shifted_g1,2028,random_forest,ringdown_plus_photon_geometry_plus_redshift,wq,0.0989493116745111,8,reviewer retraining with archived 161-phase features
grouped_physical_interpolation,,blocks_3x3_shifted_g1,2028,mlp,ringdown_plus_redshift,wq,0.11691861793280771,8,reviewer retraining with archived 161-phase features
grouped_physical_interpolation,,blocks_3x3_shifted_g1,2028,mlp,ringdown_plus_photon_geometry_plus_redshift,wq,0.08812719395022452,8,reviewer retraining with archived 161-phase features
grouped_physical_interpolation,,blocks_3x3_shifted_g1,2029,hgb,ringdown_plus_redshift,wq,0.08855619011869513,8,reviewer retraining with archived 161-phase features
grouped_physical_interpolation,,blocks_3x3_shifted_g1,2029,hgb,ringdown_plus_photon_geometry_plus_redshift,wq,0.04190000551887922,8,reviewer retraining with archived 161-phase features
grouped_physical_interpolation,,blocks_3x3_shifted_g1,2029,random_forest,ringdown_plus_redshift,wq,0.10371638508096953,8,reviewer retraining with archived 161-phase features
grouped_physical_interpolation,,blocks_3x3_shifted_g1,2029,random_forest,ringdown_plus_photon_geometry_plus_redshift,wq,0.09281602996136869,8,reviewer retraining with archived 161-phase features
grouped_physical_interpolation,,blocks_3x3_shifted_g1,2029,mlp,ringdown_plus_redshift,wq,0.08933452651525792,8,reviewer retraining with archived 161-phase features
grouped_physical_interpolation,,blocks_3x3_shifted_g1,2029,mlp,ringdown_plus_photon_geometry_plus_redshift,wq,0.1025774896211405,8,reviewer retraining with archived 161-phase features
grouped_physical_interpolation,,blocks_3x3_shifted_g1,2030,hgb,ringdown_plus_redshift,wq,0.09023110234483311,8,reviewer retraining with archived 161-phase features
grouped_physical_interpolation,,blocks_3x3_shifted_g1,2030,hgb,ringdown_plus_photon_geometry_plus_redshift,wq,0.04346333429994216,8,reviewer retraining with archived 161-phase features
grouped_physical_interpolation,,blocks_3x3_shifted_g1,2030,random_forest,ringdown_plus_redshift,wq,0.12596341676401235,8,reviewer retraining with archived 161-phase features
grouped_physical_interpolation,,blocks_3x3_shifted_g1,2030,random_forest,ringdown_plus_photon_geometry_plus_redshift,wq,0.1084903492120761,8,reviewer retraining with archived 161-phase features
grouped_physical_interpolation,,blocks_3x3_shifted_g1,2030,mlp,ringdown_plus_redshift,wq,0.14278609679884363,8,reviewer retraining with archived 161-phase features
grouped_physical_interpolation,,blocks_3x3_shifted_g1,2030,mlp,ringdown_plus_photon_geometry_plus_redshift,wq,0.2111048600726557,8,reviewer retraining with archived 161-phase features
grouped_physical_interpolation,,blocks_3x3_shifted_g2,2026,hgb,ringdown_plus_redshift,wq,0.23942319072973003,8,reviewer retraining with archived 161-phase features
grouped_physical_interpolation,,blocks_3x3_shifted_g2,2026,hgb,ringdown_plus_photon_geometry_plus_redshift,wq,0.20185614050896503,8,reviewer retraining with archived 161-phase features
grouped_physical_interpolation,,blocks_3x3_shifted_g2,2026,random_forest,ringdown_plus_redshift,wq,0.26445251742672166,8,reviewer retraining with archived 161-phase features
grouped_physical_interpolation,,blocks_3x3_shifted_g2,2026,random_forest,ringdown_plus_photon_geometry_plus_redshift,wq,0.25278717876039264,8,reviewer retraining with archived 161-phase features
grouped_physical_interpolation,,blocks_3x3_shifted_g2,2026,mlp,ringdown_plus_redshift,wq,0.30716964008825376,8,reviewer retraining with archived 161-phase features
grouped_physical_interpolation,,blocks_3x3_shifted_g2,2026,mlp,ringdown_plus_photon_geometry_plus_redshift,wq,0.30277558142600824,8,reviewer retraining with archived 161-phase features
grouped_physical_interpolation,,blocks_3x3_shifted_g2,2027,hgb,ringdown_plus_redshift,wq,0.22251515203026678,8,reviewer retraining with archived 161-phase features
grouped_physical_interpolation,,blocks_3x3_shifted_g2,2027,hgb,ringdown_plus_photon_geometry_plus_redshift,wq,0.17725500517345522,8,reviewer retraining with archived 161-phase features
grouped_physical_interpolation,,blocks_3x3_shifted_g2,2027,random_forest,ringdown_plus_redshift,wq,0.23872373393801877,8,reviewer retraining with archived 161-phase features
grouped_physical_interpolation,,blocks_3x3_shifted_g2,2027,random_forest,ringdown_plus_photon_geometry_plus_redshift,wq,0.17034161627614058,8,reviewer retraining with archived 161-phase features
grouped_physical_interpolation,,blocks_3x3_shifted_g2,2027,mlp,ringdown_plus_redshift,wq,0.3009677519040656,8,reviewer retraining with archived 161-phase features
grouped_physical_interpolation,,blocks_3x3_shifted_g2,2027,mlp,ringdown_plus_photon_geometry_plus_redshift,wq,0.31200596121686713,8,reviewer retraining with archived 161-phase features
grouped_physical_interpolation,,blocks_3x3_shifted_g2,2028,hgb,ringdown_plus_redshift,wq,0.2050958404070071,8,reviewer retraining with archived 161-phase features
grouped_physical_interpolation,,blocks_3x3_shifted_g2,2028,hgb,ringdown_plus_photon_geometry_plus_redshift,wq,0.18153700368758344,8,reviewer retraining with archived 161-phase features
grouped_physical_interpolation,,blocks_3x3_shifted_g2,2028,random_forest,ringdown_plus_redshift,wq,0.21958764559954883,8,reviewer retraining with archived 161-phase features
grouped_physical_interpolation,,blocks_3x3_shifted_g2,2028,random_forest,ringdown_plus_photon_geometry_plus_redshift,wq,0.11139128001628074,8,reviewer retraining with archived 161-phase features
grouped_physical_interpolation,,blocks_3x3_shifted_g2,2028,mlp,ringdown_plus_redshift,wq,0.27073838456905963,8,reviewer retraining with archived 161-phase features
grouped_physical_interpolation,,blocks_3x3_shifted_g2,2028,mlp,ringdown_plus_photon_geometry_plus_redshift,wq,0.29246391929631266,8,reviewer retraining with archived 161-phase features
grouped_physical_interpolation,,blocks_3x3_shifted_g2,2029,hgb,ringdown_plus_redshift,wq,0.2250314644478909,8,reviewer retraining with archived 161-phase features
grouped_physical_interpolation,,blocks_3x3_shifted_g2,2029,hgb,ringdown_plus_photon_geometry_plus_redshift,wq,0.17669016967801204,8,reviewer retraining with archived 161-phase features
grouped_physical_interpolation,,blocks_3x3_shifted_g2,2029,random_forest,ringdown_plus_redshift,wq,0.18750855548772166,8,reviewer retraining with archived 161-phase features
grouped_physical_interpolation,,blocks_3x3_shifted_g2,2029,random_forest,ringdown_plus_photon_geometry_plus_redshift,wq,0.18074403187200822,8,reviewer retraining with archived 161-phase features
grouped_physical_interpolation,,blocks_3x3_shifted_g2,2029,mlp,ringdown_plus_redshift,wq,0.2770929608223696,8,reviewer retraining with archived 161-phase features
grouped_physical_interpolation,,blocks_3x3_shifted_g2,2029,mlp,ringdown_plus_photon_geometry_plus_redshift,wq,0.280230665842973,8,reviewer retraining with archived 161-phase features
grouped_physical_interpolation,,blocks_3x3_shifted_g2,2030,hgb,ringdown_plus_redshift,wq,0.20636720494636204,8,reviewer retraining with archived 161-phase features
grouped_physical_interpolation,,blocks_3x3_shifted_g2,2030,hgb,ringdown_plus_photon_geometry_plus_redshift,wq,0.16446923718458134,8,reviewer retraining with archived 161-phase features
grouped_physical_interpolation,,blocks_3x3_shifted_g2,2030,random_forest,ringdown_plus_redshift,wq,0.2102906273620543,8,reviewer retraining with archived 161-phase features
grouped_physical_interpolation,,blocks_3x3_shifted_g2,2030,random_forest,ringdown_plus_photon_geometry_plus_redshift,wq,0.13336044973544972,8,reviewer retraining with archived 161-phase features
grouped_physical_interpolation,,blocks_3x3_shifted_g2,2030,mlp,ringdown_plus_redshift,wq,0.26373015415707307,8,reviewer retraining with archived 161-phase features
grouped_physical_interpolation,,blocks_3x3_shifted_g2,2030,mlp,ringdown_plus_photon_geometry_plus_redshift,wq,0.2687965998194334,8,reviewer retraining with archived 161-phase features
grouped_physical_interpolation,,blocks_3x3_shifted_g3,2026,hgb,ringdown_plus_redshift,wq,0.08143081765195373,12,reviewer retraining with archived 161-phase features
grouped_physical_interpolation,,blocks_3x3_shifted_g3,2026,hgb,ringdown_plus_photon_geometry_plus_redshift,wq,0.10654869266712802,12,reviewer retraining with archived 161-phase features
grouped_physical_interpolation,,blocks_3x3_shifted_g3,2026,random_forest,ringdown_plus_redshift,wq,0.09861313723020017,12,reviewer retraining with archived 161-phase features
grouped_physical_interpolation,,blocks_3x3_shifted_g3,2026,random_forest,ringdown_plus_photon_geometry_plus_redshift,wq,0.11843706958091822,12,reviewer retraining with archived 161-phase features
grouped_physical_interpolation,,blocks_3x3_shifted_g3,2026,mlp,ringdown_plus_redshift,wq,0.02869390104874266,12,reviewer retraining with archived 161-phase features
grouped_physical_interpolation,,blocks_3x3_shifted_g3,2026,mlp,ringdown_plus_photon_geometry_plus_redshift,wq,0.027228097790325347,12,reviewer retraining with archived 161-phase features
grouped_physical_interpolation,,blocks_3x3_shifted_g3,2027,hgb,ringdown_plus_redshift,wq,0.0854243345559929,12,reviewer retraining with archived 161-phase features
grouped_physical_interpolation,,blocks_3x3_shifted_g3,2027,hgb,ringdown_plus_photon_geometry_plus_redshift,wq,0.09888636796369125,12,reviewer retraining with archived 161-phase features
grouped_physical_interpolation,,blocks_3x3_shifted_g3,2027,random_forest,ringdown_plus_redshift,wq,0.10024733525097257,12,reviewer retraining with archived 161-phase features
grouped_physical_interpolation,,blocks_3x3_shifted_g3,2027,random_forest,ringdown_plus_photon_geometry_plus_redshift,wq,0.11904571890484508,12,reviewer retraining with archived 161-phase features
grouped_physical_interpolation,,blocks_3x3_shifted_g3,2027,mlp,ringdown_plus_redshift,wq,0.04179636805984406,12,reviewer retraining with archived 161-phase features
grouped_physical_interpolation,,blocks_3x3_shifted_g3,2027,mlp,ringdown_plus_photon_geometry_plus_redshift,wq,0.025318325845235797,12,reviewer retraining with archived 161-phase features
grouped_physical_interpolation,,blocks_3x3_shifted_g3,2028,hgb,ringdown_plus_redshift,wq,0.1074098770953641,12,reviewer retraining with archived 161-phase features
grouped_physical_interpolation,,blocks_3x3_shifted_g3,2028,hgb,ringdown_plus_photon_geometry_plus_redshift,wq,0.09786924107939149,12,reviewer retraining with archived 161-phase features
grouped_physical_interpolation,,blocks_3x3_shifted_g3,2028,random_forest,ringdown_plus_redshift,wq,0.09731616906021572,12,reviewer retraining with archived 161-phase features
grouped_physical_interpolation,,blocks_3x3_shifted_g3,2028,random_forest,ringdown_plus_photon_geometry_plus_redshift,wq,0.1216170503695292,12,reviewer retraining with archived 161-phase features
grouped_physical_interpolation,,blocks_3x3_shifted_g3,2028,mlp,ringdown_plus_redshift,wq,0.04744854058923826,12,reviewer retraining with archived 161-phase features
grouped_physical_interpolation,,blocks_3x3_shifted_g3,2028,mlp,ringdown_plus_photon_geometry_plus_redshift,wq,0.025203934450521784,12,reviewer retraining with archived 161-phase features
grouped_physical_interpolation,,blocks_3x3_shifted_g3,2029,hgb,ringdown_plus_redshift,wq,0.09418037856533718,12,reviewer retraining with archived 161-phase features
grouped_physical_interpolation,,blocks_3x3_shifted_g3,2029,hgb,ringdown_plus_photon_geometry_plus_redshift,wq,0.09613770040177821,12,reviewer retraining with archived 161-phase features
grouped_physical_interpolation,,blocks_3x3_shifted_g3,2029,random_forest,ringdown_plus_redshift,wq,0.11303258587385483,12,reviewer retraining with archived 161-phase features
grouped_physical_interpolation,,blocks_3x3_shifted_g3,2029,random_forest,ringdown_plus_photon_geometry_plus_redshift,wq,0.12308308662971273,12,reviewer retraining with archived 161-phase features
grouped_physical_interpolation,,blocks_3x3_shifted_g3,2029,mlp,ringdown_plus_redshift,wq,0.0644114215629919,12,reviewer retraining with archived 161-phase features
grouped_physical_interpolation,,blocks_3x3_shifted_g3,2029,mlp,ringdown_plus_photon_geometry_plus_redshift,wq,0.11270627974791979,12,reviewer retraining with archived 161-phase features
grouped_physical_interpolation,,blocks_3x3_shifted_g3,2030,hgb,ringdown_plus_redshift,wq,0.11323044870430968,12,reviewer retraining with archived 161-phase features
grouped_physical_interpolation,,blocks_3x3_shifted_g3,2030,hgb,ringdown_plus_photon_geometry_plus_redshift,wq,0.10619625755751061,12,reviewer retraining with archived 161-phase features
grouped_physical_interpolation,,blocks_3x3_shifted_g3,2030,random_forest,ringdown_plus_redshift,wq,0.10056913475266636,12,reviewer retraining with archived 161-phase features
grouped_physical_interpolation,,blocks_3x3_shifted_g3,2030,random_forest,ringdown_plus_photon_geometry_plus_redshift,wq,0.12726509091290675,12,reviewer retraining with archived 161-phase features
grouped_physical_interpolation,,blocks_3x3_shifted_g3,2030,mlp,ringdown_plus_redshift,wq,0.2621367388951877,12,reviewer retraining with archived 161-phase features
grouped_physical_interpolation,,blocks_3x3_shifted_g3,2030,mlp,ringdown_plus_photon_geometry_plus_redshift,wq,0.04594796657157432,12,reviewer retraining with archived 161-phase features
grouped_physical_interpolation,,blocks_3x3_shifted_g4,2026,hgb,ringdown_plus_redshift,wq,0.05350978810344076,16,reviewer retraining with archived 161-phase features
grouped_physical_interpolation,,blocks_3x3_shifted_g4,2026,hgb,ringdown_plus_photon_geometry_plus_redshift,wq,0.047055182182806854,16,reviewer retraining with archived 161-phase features
grouped_physical_interpolation,,blocks_3x3_shifted_g4,2026,random_forest,ringdown_plus_redshift,wq,0.0429755838985753,16,reviewer retraining with archived 161-phase features
grouped_physical_interpolation,,blocks_3x3_shifted_g4,2026,random_forest,ringdown_plus_photon_geometry_plus_redshift,wq,0.03855710818979732,16,reviewer retraining with archived 161-phase features
grouped_physical_interpolation,,blocks_3x3_shifted_g4,2026,mlp,ringdown_plus_redshift,wq,0.06266262873309413,16,reviewer retraining with archived 161-phase features
grouped_physical_interpolation,,blocks_3x3_shifted_g4,2026,mlp,ringdown_plus_photon_geometry_plus_redshift,wq,0.03125108851860168,16,reviewer retraining with archived 161-phase features
grouped_physical_interpolation,,blocks_3x3_shifted_g4,2027,hgb,ringdown_plus_redshift,wq,0.06442647743343598,16,reviewer retraining with archived 161-phase features
grouped_physical_interpolation,,blocks_3x3_shifted_g4,2027,hgb,ringdown_plus_photon_geometry_plus_redshift,wq,0.05456979189575151,16,reviewer retraining with archived 161-phase features
grouped_physical_interpolation,,blocks_3x3_shifted_g4,2027,random_forest,ringdown_plus_redshift,wq,0.03852036635010391,16,reviewer retraining with archived 161-phase features
grouped_physical_interpolation,,blocks_3x3_shifted_g4,2027,random_forest,ringdown_plus_photon_geometry_plus_redshift,wq,0.040119921758686596,16,reviewer retraining with archived 161-phase features
grouped_physical_interpolation,,blocks_3x3_shifted_g4,2027,mlp,ringdown_plus_redshift,wq,0.07204912781088868,16,reviewer retraining with archived 161-phase features
grouped_physical_interpolation,,blocks_3x3_shifted_g4,2027,mlp,ringdown_plus_photon_geometry_plus_redshift,wq,0.06077006459363479,16,reviewer retraining with archived 161-phase features
grouped_physical_interpolation,,blocks_3x3_shifted_g4,2028,hgb,ringdown_plus_redshift,wq,0.05676181447921802,16,reviewer retraining with archived 161-phase features
grouped_physical_interpolation,,blocks_3x3_shifted_g4,2028,hgb,ringdown_plus_photon_geometry_plus_redshift,wq,0.05181690142297508,16,reviewer retraining with archived 161-phase features
grouped_physical_interpolation,,blocks_3x3_shifted_g4,2028,random_forest,ringdown_plus_redshift,wq,0.042478827609780306,16,reviewer retraining with archived 161-phase features
grouped_physical_interpolation,,blocks_3x3_shifted_g4,2028,random_forest,ringdown_plus_photon_geometry_plus_redshift,wq,0.044960204354178364,16,reviewer retraining with archived 161-phase features
grouped_physical_interpolation,,blocks_3x3_shifted_g4,2028,mlp,ringdown_plus_redshift,wq,0.045186905775704014,16,reviewer retraining with archived 161-phase features
grouped_physical_interpolation,,blocks_3x3_shifted_g4,2028,mlp,ringdown_plus_photon_geometry_plus_redshift,wq,0.03160502368624801,16,reviewer retraining with archived 161-phase features
grouped_physical_interpolation,,blocks_3x3_shifted_g4,2029,hgb,ringdown_plus_redshift,wq,0.0695761919198945,16,reviewer retraining with archived 161-phase features
grouped_physical_interpolation,,blocks_3x3_shifted_g4,2029,hgb,ringdown_plus_photon_geometry_plus_redshift,wq,0.0531324807211699,16,reviewer retraining with archived 161-phase features
grouped_physical_interpolation,,blocks_3x3_shifted_g4,2029,random_forest,ringdown_plus_redshift,wq,0.04783698835794603,16,reviewer retraining with archived 161-phase features
grouped_physical_interpolation,,blocks_3x3_shifted_g4,2029,random_forest,ringdown_plus_photon_geometry_plus_redshift,wq,0.05036726315644993,16,reviewer retraining with archived 161-phase features
grouped_physical_interpolation,,blocks_3x3_shifted_g4,2029,mlp,ringdown_plus_redshift,wq,0.06284287681784385,16,reviewer retraining with archived 161-phase features
grouped_physical_interpolation,,blocks_3x3_shifted_g4,2029,mlp,ringdown_plus_photon_geometry_plus_redshift,wq,0.04701728329443446,16,reviewer retraining with archived 161-phase features
grouped_physical_interpolation,,blocks_3x3_shifted_g4,2030,hgb,ringdown_plus_redshift,wq,0.0604653052122418,16,reviewer retraining with archived 161-phase features
grouped_physical_interpolation,,blocks_3x3_shifted_g4,2030,hgb,ringdown_plus_photon_geometry_plus_redshift,wq,0.051379098514814765,16,reviewer retraining with archived 161-phase features
grouped_physical_interpolation,,blocks_3x3_shifted_g4,2030,random_forest,ringdown_plus_redshift,wq,0.05224718432762964,16,reviewer retraining with archived 161-phase features
grouped_physical_interpolation,,blocks_3x3_shifted_g4,2030,random_forest,ringdown_plus_photon_geometry_plus_redshift,wq,0.05039234865954983,16,reviewer retraining with archived 161-phase features
grouped_physical_interpolation,,blocks_3x3_shifted_g4,2030,mlp,ringdown_plus_redshift,wq,0.03939192198011085,16,reviewer retraining with archived 161-phase features
grouped_physical_interpolation,,blocks_3x3_shifted_g4,2030,mlp,ringdown_plus_photon_geometry_plus_redshift,wq,0.05252607290700404,16,reviewer retraining with archived 161-phase features
grouped_physical_interpolation,,blocks_3x3_shifted_g5,2026,hgb,ringdown_plus_redshift,wq,0.0664357953168402,16,reviewer retraining with archived 161-phase features
grouped_physical_interpolation,,blocks_3x3_shifted_g5,2026,hgb,ringdown_plus_photon_geometry_plus_redshift,wq,0.04729826739110618,16,reviewer retraining with archived 161-phase features
grouped_physical_interpolation,,blocks_3x3_shifted_g5,2026,random_forest,ringdown_plus_redshift,wq,0.07651845159360095,16,reviewer retraining with archived 161-phase features
grouped_physical_interpolation,,blocks_3x3_shifted_g5,2026,random_forest,ringdown_plus_photon_geometry_plus_redshift,wq,0.03666099773242703,16,reviewer retraining with archived 161-phase features
grouped_physical_interpolation,,blocks_3x3_shifted_g5,2026,mlp,ringdown_plus_redshift,wq,0.10160697873677793,16,reviewer retraining with archived 161-phase features
grouped_physical_interpolation,,blocks_3x3_shifted_g5,2026,mlp,ringdown_plus_photon_geometry_plus_redshift,wq,0.02664359495385465,16,reviewer retraining with archived 161-phase features
grouped_physical_interpolation,,blocks_3x3_shifted_g5,2027,hgb,ringdown_plus_redshift,wq,0.0809218732273383,16,reviewer retraining with archived 161-phase features
grouped_physical_interpolation,,blocks_3x3_shifted_g5,2027,hgb,ringdown_plus_photon_geometry_plus_redshift,wq,0.05342176876638143,16,reviewer retraining with archived 161-phase features
grouped_physical_interpolation,,blocks_3x3_shifted_g5,2027,random_forest,ringdown_plus_redshift,wq,0.06608255886529671,16,reviewer retraining with archived 161-phase features
grouped_physical_interpolation,,blocks_3x3_shifted_g5,2027,random_forest,ringdown_plus_photon_geometry_plus_redshift,wq,0.04679841033635636,16,reviewer retraining with archived 161-phase features
grouped_physical_interpolation,,blocks_3x3_shifted_g5,2027,mlp,ringdown_plus_redshift,wq,0.06785101770894823,16,reviewer retraining with archived 161-phase features
grouped_physical_interpolation,,blocks_3x3_shifted_g5,2027,mlp,ringdown_plus_photon_geometry_plus_redshift,wq,0.036614065918356566,16,reviewer retraining with archived 161-phase features
grouped_physical_interpolation,,blocks_3x3_shifted_g5,2028,hgb,ringdown_plus_redshift,wq,0.08223349740291941,16,reviewer retraining with archived 161-phase features
grouped_physical_interpolation,,blocks_3x3_shifted_g5,2028,hgb,ringdown_plus_photon_geometry_plus_redshift,wq,0.07238299617264926,16,reviewer retraining with archived 161-phase features
grouped_physical_interpolation,,blocks_3x3_shifted_g5,2028,random_forest,ringdown_plus_redshift,wq,0.058229206034265624,16,reviewer retraining with archived 161-phase features
grouped_physical_interpolation,,blocks_3x3_shifted_g5,2028,random_forest,ringdown_plus_photon_geometry_plus_redshift,wq,0.03497167501259792,16,reviewer retraining with archived 161-phase features
grouped_physical_interpolation,,blocks_3x3_shifted_g5,2028,mlp,ringdown_plus_redshift,wq,0.06823653997599621,16,reviewer retraining with archived 161-phase features
grouped_physical_interpolation,,blocks_3x3_shifted_g5,2028,mlp,ringdown_plus_photon_geometry_plus_redshift,wq,0.06197855979726653,16,reviewer retraining with archived 161-phase features
grouped_physical_interpolation,,blocks_3x3_shifted_g5,2029,hgb,ringdown_plus_redshift,wq,0.08072639279758143,16,reviewer retraining with archived 161-phase features
grouped_physical_interpolation,,blocks_3x3_shifted_g5,2029,hgb,ringdown_plus_photon_geometry_plus_redshift,wq,0.08167092560294892,16,reviewer retraining with archived 161-phase features
grouped_physical_interpolation,,blocks_3x3_shifted_g5,2029,random_forest,ringdown_plus_redshift,wq,0.06338010204081627,16,reviewer retraining with archived 161-phase features
grouped_physical_interpolation,,blocks_3x3_shifted_g5,2029,random_forest,ringdown_plus_photon_geometry_plus_redshift,wq,0.03188740079365158,16,reviewer retraining with archived 161-phase features
grouped_physical_interpolation,,blocks_3x3_shifted_g5,2029,mlp,ringdown_plus_redshift,wq,0.13456467330798172,16,reviewer retraining with archived 161-phase features
grouped_physical_interpolation,,blocks_3x3_shifted_g5,2029,mlp,ringdown_plus_photon_geometry_plus_redshift,wq,0.06057881360506612,16,reviewer retraining with archived 161-phase features
grouped_physical_interpolation,,blocks_3x3_shifted_g5,2030,hgb,ringdown_plus_redshift,wq,0.05090575016591276,16,reviewer retraining with archived 161-phase features
grouped_physical_interpolation,,blocks_3x3_shifted_g5,2030,hgb,ringdown_plus_photon_geometry_plus_redshift,wq,0.054792974751932386,16,reviewer retraining with archived 161-phase features
grouped_physical_interpolation,,blocks_3x3_shifted_g5,2030,random_forest,ringdown_plus_redshift,wq,0.05583276643990959,16,reviewer retraining with archived 161-phase features
grouped_physical_interpolation,,blocks_3x3_shifted_g5,2030,random_forest,ringdown_plus_photon_geometry_plus_redshift,wq,0.03229143046107424,16,reviewer retraining with archived 161-phase features
grouped_physical_interpolation,,blocks_3x3_shifted_g5,2030,mlp,ringdown_plus_redshift,wq,0.04818309927362563,16,reviewer retraining with archived 161-phase features
grouped_physical_interpolation,,blocks_3x3_shifted_g5,2030,mlp,ringdown_plus_photon_geometry_plus_redshift,wq,0.032941643790494204,16,reviewer retraining with archived 161-phase features
grouped_physical_interpolation,,blocks_3x3_shifted_g6,2026,hgb,ringdown_plus_redshift,wq,0.1674206865643807,12,reviewer retraining with archived 161-phase features
grouped_physical_interpolation,,blocks_3x3_shifted_g6,2026,hgb,ringdown_plus_photon_geometry_plus_redshift,wq,0.107940234644114,12,reviewer retraining with archived 161-phase features
grouped_physical_interpolation,,blocks_3x3_shifted_g6,2026,random_forest,ringdown_plus_redshift,wq,0.10601684408331138,12,reviewer retraining with archived 161-phase features
grouped_physical_interpolation,,blocks_3x3_shifted_g6,2026,random_forest,ringdown_plus_photon_geometry_plus_redshift,wq,0.06039572310405674,12,reviewer retraining with archived 161-phase features
grouped_physical_interpolation,,blocks_3x3_shifted_g6,2026,mlp,ringdown_plus_redshift,wq,0.38930125058801246,12,reviewer retraining with archived 161-phase features
grouped_physical_interpolation,,blocks_3x3_shifted_g6,2026,mlp,ringdown_plus_photon_geometry_plus_redshift,wq,2.659713769434045,12,reviewer retraining with archived 161-phase features
grouped_physical_interpolation,,blocks_3x3_shifted_g6,2027,hgb,ringdown_plus_redshift,wq,0.1625710773976996,12,reviewer retraining with archived 161-phase features
grouped_physical_interpolation,,blocks_3x3_shifted_g6,2027,hgb,ringdown_plus_photon_geometry_plus_redshift,wq,0.10290435256940128,12,reviewer retraining with archived 161-phase features
grouped_physical_interpolation,,blocks_3x3_shifted_g6,2027,random_forest,ringdown_plus_redshift,wq,0.13789214852607595,12,reviewer retraining with archived 161-phase features
grouped_physical_interpolation,,blocks_3x3_shifted_g6,2027,random_forest,ringdown_plus_photon_geometry_plus_redshift,wq,0.06368321505556991,12,reviewer retraining with archived 161-phase features
grouped_physical_interpolation,,blocks_3x3_shifted_g6,2027,mlp,ringdown_plus_redshift,wq,0.13982552700002646,12,reviewer retraining with archived 161-phase features
grouped_physical_interpolation,,blocks_3x3_shifted_g6,2027,mlp,ringdown_plus_photon_geometry_plus_redshift,wq,1.140569527174806,12,reviewer retraining with archived 161-phase features
grouped_physical_interpolation,,blocks_3x3_shifted_g6,2028,hgb,ringdown_plus_redshift,wq,0.23585440506662475,12,reviewer retraining with archived 161-phase features
grouped_physical_interpolation,,blocks_3x3_shifted_g6,2028,hgb,ringdown_plus_photon_geometry_plus_redshift,wq,0.18338719041924112,12,reviewer retraining with archived 161-phase features
grouped_physical_interpolation,,blocks_3x3_shifted_g6,2028,random_forest,ringdown_plus_redshift,wq,0.17841574284034414,12,reviewer retraining with archived 161-phase features
grouped_physical_interpolation,,blocks_3x3_shifted_g6,2028,random_forest,ringdown_plus_photon_geometry_plus_redshift,wq,0.13219651255563789,12,reviewer retraining with archived 161-phase features
grouped_physical_interpolation,,blocks_3x3_shifted_g6,2028,mlp,ringdown_plus_redshift,wq,0.38837819535504425,12,reviewer retraining with archived 161-phase features
grouped_physical_interpolation,,blocks_3x3_shifted_g6,2028,mlp,ringdown_plus_photon_geometry_plus_redshift,wq,0.7953012995745107,12,reviewer retraining with archived 161-phase features
grouped_physical_interpolation,,blocks_3x3_shifted_g6,2029,hgb,ringdown_plus_redshift,wq,0.17533391902703377,12,reviewer retraining with archived 161-phase features
grouped_physical_interpolation,,blocks_3x3_shifted_g6,2029,hgb,ringdown_plus_photon_geometry_plus_redshift,wq,0.08763388797465467,12,reviewer retraining with archived 161-phase features
grouped_physical_interpolation,,blocks_3x3_shifted_g6,2029,random_forest,ringdown_plus_redshift,wq,0.07949097169732029,12,reviewer retraining with archived 161-phase features
grouped_physical_interpolation,,blocks_3x3_shifted_g6,2029,random_forest,ringdown_plus_photon_geometry_plus_redshift,wq,0.06331549718652991,12,reviewer retraining with archived 161-phase features
grouped_physical_interpolation,,blocks_3x3_shifted_g6,2029,mlp,ringdown_plus_redshift,wq,0.1469782448572267,12,reviewer retraining with archived 161-phase features
grouped_physical_interpolation,,blocks_3x3_shifted_g6,2029,mlp,ringdown_plus_photon_geometry_plus_redshift,wq,1.2312031670021535,12,reviewer retraining with archived 161-phase features
grouped_physical_interpolation,,blocks_3x3_shifted_g6,2030,hgb,ringdown_plus_redshift,wq,0.1799333772190059,12,reviewer retraining with archived 161-phase features
grouped_physical_interpolation,,blocks_3x3_shifted_g6,2030,hgb,ringdown_plus_photon_geometry_plus_redshift,wq,0.07813498637066803,12,reviewer retraining with archived 161-phase features
grouped_physical_interpolation,,blocks_3x3_shifted_g6,2030,random_forest,ringdown_plus_redshift,wq,0.06930832965902413,12,reviewer retraining with archived 161-phase features
grouped_physical_interpolation,,blocks_3x3_shifted_g6,2030,random_forest,ringdown_plus_photon_geometry_plus_redshift,wq,0.06427217183169588,12,reviewer retraining with archived 161-phase features
grouped_physical_interpolation,,blocks_3x3_shifted_g6,2030,mlp,ringdown_plus_redshift,wq,0.0538127629789728,12,reviewer retraining with archived 161-phase features
grouped_physical_interpolation,,blocks_3x3_shifted_g6,2030,mlp,ringdown_plus_photon_geometry_plus_redshift,wq,0.7190486360700086,12,reviewer retraining with archived 161-phase features
grouped_physical_interpolation,,blocks_3x3_shifted_g7,2026,hgb,ringdown_plus_redshift,wq,0.12085173497344157,16,reviewer retraining with archived 161-phase features
grouped_physical_interpolation,,blocks_3x3_shifted_g7,2026,hgb,ringdown_plus_photon_geometry_plus_redshift,wq,0.10097059376703693,16,reviewer retraining with archived 161-phase features
grouped_physical_interpolation,,blocks_3x3_shifted_g7,2026,random_forest,ringdown_plus_redshift,wq,0.1054976983719544,16,reviewer retraining with archived 161-phase features
grouped_physical_interpolation,,blocks_3x3_shifted_g7,2026,random_forest,ringdown_plus_photon_geometry_plus_redshift,wq,0.09935825230765746,16,reviewer retraining with archived 161-phase features
grouped_physical_interpolation,,blocks_3x3_shifted_g7,2026,mlp,ringdown_plus_redshift,wq,0.047311568151884864,16,reviewer retraining with archived 161-phase features
grouped_physical_interpolation,,blocks_3x3_shifted_g7,2026,mlp,ringdown_plus_photon_geometry_plus_redshift,wq,0.06395695346576659,16,reviewer retraining with archived 161-phase features
grouped_physical_interpolation,,blocks_3x3_shifted_g7,2027,hgb,ringdown_plus_redshift,wq,0.1217619907259235,16,reviewer retraining with archived 161-phase features
grouped_physical_interpolation,,blocks_3x3_shifted_g7,2027,hgb,ringdown_plus_photon_geometry_plus_redshift,wq,0.11436301413144834,16,reviewer retraining with archived 161-phase features
grouped_physical_interpolation,,blocks_3x3_shifted_g7,2027,random_forest,ringdown_plus_redshift,wq,0.09948047510249963,16,reviewer retraining with archived 161-phase features
grouped_physical_interpolation,,blocks_3x3_shifted_g7,2027,random_forest,ringdown_plus_photon_geometry_plus_redshift,wq,0.09673769297281315,16,reviewer retraining with archived 161-phase features
grouped_physical_interpolation,,blocks_3x3_shifted_g7,2027,mlp,ringdown_plus_redshift,wq,0.02633064933952539,16,reviewer retraining with archived 161-phase features
grouped_physical_interpolation,,blocks_3x3_shifted_g7,2027,mlp,ringdown_plus_photon_geometry_plus_redshift,wq,0.07002436809049896,16,reviewer retraining with archived 161-phase features
grouped_physical_interpolation,,blocks_3x3_shifted_g7,2028,hgb,ringdown_plus_redshift,wq,0.12199409236194056,16,reviewer retraining with archived 161-phase features
grouped_physical_interpolation,,blocks_3x3_shifted_g7,2028,hgb,ringdown_plus_photon_geometry_plus_redshift,wq,0.11200487519292371,16,reviewer retraining with archived 161-phase features
grouped_physical_interpolation,,blocks_3x3_shifted_g7,2028,random_forest,ringdown_plus_redshift,wq,0.09933199745947846,16,reviewer retraining with archived 161-phase features
grouped_physical_interpolation,,blocks_3x3_shifted_g7,2028,random_forest,ringdown_plus_photon_geometry_plus_redshift,wq,0.08969018749475141,16,reviewer retraining with archived 161-phase features
grouped_physical_interpolation,,blocks_3x3_shifted_g7,2028,mlp,ringdown_plus_redshift,wq,0.024754737205485735,16,reviewer retraining with archived 161-phase features
grouped_physical_interpolation,,blocks_3x3_shifted_g7,2028,mlp,ringdown_plus_photon_geometry_plus_redshift,wq,0.01681620442554308,16,reviewer retraining with archived 161-phase features
grouped_physical_interpolation,,blocks_3x3_shifted_g7,2029,hgb,ringdown_plus_redshift,wq,0.09876197597206254,16,reviewer retraining with archived 161-phase features
grouped_physical_interpolation,,blocks_3x3_shifted_g7,2029,hgb,ringdown_plus_photon_geometry_plus_redshift,wq,0.09624123580572902,16,reviewer retraining with archived 161-phase features
grouped_physical_interpolation,,blocks_3x3_shifted_g7,2029,random_forest,ringdown_plus_redshift,wq,0.09850810471495071,16,reviewer retraining with archived 161-phase features
grouped_physical_interpolation,,blocks_3x3_shifted_g7,2029,random_forest,ringdown_plus_photon_geometry_plus_redshift,wq,0.09272688096001651,16,reviewer retraining with archived 161-phase features
grouped_physical_interpolation,,blocks_3x3_shifted_g7,2029,mlp,ringdown_plus_redshift,wq,0.03424836237074627,16,reviewer retraining with archived 161-phase features
grouped_physical_interpolation,,blocks_3x3_shifted_g7,2029,mlp,ringdown_plus_photon_geometry_plus_redshift,wq,0.0693367558112075,16,reviewer retraining with archived 161-phase features
grouped_physical_interpolation,,blocks_3x3_shifted_g7,2030,hgb,ringdown_plus_redshift,wq,0.121358933353784,16,reviewer retraining with archived 161-phase features
grouped_physical_interpolation,,blocks_3x3_shifted_g7,2030,hgb,ringdown_plus_photon_geometry_plus_redshift,wq,0.10563968674968174,16,reviewer retraining with archived 161-phase features
grouped_physical_interpolation,,blocks_3x3_shifted_g7,2030,random_forest,ringdown_plus_redshift,wq,0.10320125110229328,16,reviewer retraining with archived 161-phase features
grouped_physical_interpolation,,blocks_3x3_shifted_g7,2030,random_forest,ringdown_plus_photon_geometry_plus_redshift,wq,0.09545378243890212,16,reviewer retraining with archived 161-phase features
grouped_physical_interpolation,,blocks_3x3_shifted_g7,2030,mlp,ringdown_plus_redshift,wq,0.015069028787795098,16,reviewer retraining with archived 161-phase features
grouped_physical_interpolation,,blocks_3x3_shifted_g7,2030,mlp,ringdown_plus_photon_geometry_plus_redshift,wq,0.04355597379769138,16,reviewer retraining with archived 161-phase features
grouped_physical_interpolation,,blocks_3x3_shifted_g8,2026,hgb,ringdown_plus_redshift,wq,0.12775932779644864,16,reviewer retraining with archived 161-phase features
grouped_physical_interpolation,,blocks_3x3_shifted_g8,2026,hgb,ringdown_plus_photon_geometry_plus_redshift,wq,0.09940705453572987,16,reviewer retraining with archived 161-phase features
grouped_physical_interpolation,,blocks_3x3_shifted_g8,2026,random_forest,ringdown_plus_redshift,wq,0.08477076247165555,16,reviewer retraining with archived 161-phase features
grouped_physical_interpolation,,blocks_3x3_shifted_g8,2026,random_forest,ringdown_plus_photon_geometry_plus_redshift,wq,0.06681441326530606,16,reviewer retraining with archived 161-phase features
grouped_physical_interpolation,,blocks_3x3_shifted_g8,2026,mlp,ringdown_plus_redshift,wq,0.02888384045482285,16,reviewer retraining with archived 161-phase features
grouped_physical_interpolation,,blocks_3x3_shifted_g8,2026,mlp,ringdown_plus_photon_geometry_plus_redshift,wq,0.02661610741980911,16,reviewer retraining with archived 161-phase features
grouped_physical_interpolation,,blocks_3x3_shifted_g8,2027,hgb,ringdown_plus_redshift,wq,0.12400857436140468,16,reviewer retraining with archived 161-phase features
grouped_physical_interpolation,,blocks_3x3_shifted_g8,2027,hgb,ringdown_plus_photon_geometry_plus_redshift,wq,0.0869973109568159,16,reviewer retraining with archived 161-phase features
grouped_physical_interpolation,,blocks_3x3_shifted_g8,2027,random_forest,ringdown_plus_redshift,wq,0.0969595025510208,16,reviewer retraining with archived 161-phase features
grouped_physical_interpolation,,blocks_3x3_shifted_g8,2027,random_forest,ringdown_plus_photon_geometry_plus_redshift,wq,0.07659747811161423,16,reviewer retraining with archived 161-phase features
grouped_physical_interpolation,,blocks_3x3_shifted_g8,2027,mlp,ringdown_plus_redshift,wq,0.25983041753972036,16,reviewer retraining with archived 161-phase features
grouped_physical_interpolation,,blocks_3x3_shifted_g8,2027,mlp,ringdown_plus_photon_geometry_plus_redshift,wq,0.20069173770508794,16,reviewer retraining with archived 161-phase features
grouped_physical_interpolation,,blocks_3x3_shifted_g8,2028,hgb,ringdown_plus_redshift,wq,0.11843382534253867,16,reviewer retraining with archived 161-phase features
grouped_physical_interpolation,,blocks_3x3_shifted_g8,2028,hgb,ringdown_plus_photon_geometry_plus_redshift,wq,0.09148607376967584,16,reviewer retraining with archived 161-phase features
grouped_physical_interpolation,,blocks_3x3_shifted_g8,2028,random_forest,ringdown_plus_redshift,wq,0.09232579837490483,16,reviewer retraining with archived 161-phase features
grouped_physical_interpolation,,blocks_3x3_shifted_g8,2028,random_forest,ringdown_plus_photon_geometry_plus_redshift,wq,0.06069007464096695,16,reviewer retraining with archived 161-phase features
grouped_physical_interpolation,,blocks_3x3_shifted_g8,2028,mlp,ringdown_plus_redshift,wq,0.009672778003461403,16,reviewer retraining with archived 161-phase features
grouped_physical_interpolation,,blocks_3x3_shifted_g8,2028,mlp,ringdown_plus_photon_geometry_plus_redshift,wq,0.04207418615227455,16,reviewer retraining with archived 161-phase features
grouped_physical_interpolation,,blocks_3x3_shifted_g8,2029,hgb,ringdown_plus_redshift,wq,0.13332329899158998,16,reviewer retraining with archived 161-phase features
grouped_physical_interpolation,,blocks_3x3_shifted_g8,2029,hgb,ringdown_plus_photon_geometry_plus_redshift,wq,0.10468585963734309,16,reviewer retraining with archived 161-phase features
grouped_physical_interpolation,,blocks_3x3_shifted_g8,2029,random_forest,ringdown_plus_redshift,wq,0.08957774313429107,16,reviewer retraining with archived 161-phase features
grouped_physical_interpolation,,blocks_3x3_shifted_g8,2029,random_forest,ringdown_plus_photon_geometry_plus_redshift,wq,0.07180673658352199,16,reviewer retraining with archived 161-phase features
grouped_physical_interpolation,,blocks_3x3_shifted_g8,2029,mlp,ringdown_plus_redshift,wq,0.026187525736763185,16,reviewer retraining with archived 161-phase features
grouped_physical_interpolation,,blocks_3x3_shifted_g8,2029,mlp,ringdown_plus_photon_geometry_plus_redshift,wq,0.05971919954095345,16,reviewer retraining with archived 161-phase features
grouped_physical_interpolation,,blocks_3x3_shifted_g8,2030,hgb,ringdown_plus_redshift,wq,0.10575627845096275,16,reviewer retraining with archived 161-phase features
grouped_physical_interpolation,,blocks_3x3_shifted_g8,2030,hgb,ringdown_plus_photon_geometry_plus_redshift,wq,0.07286732596921684,16,reviewer retraining with archived 161-phase features
grouped_physical_interpolation,,blocks_3x3_shifted_g8,2030,random_forest,ringdown_plus_redshift,wq,0.08069834183673533,16,reviewer retraining with archived 161-phase features
grouped_physical_interpolation,,blocks_3x3_shifted_g8,2030,random_forest,ringdown_plus_photon_geometry_plus_redshift,wq,0.06778173422146574,16,reviewer retraining with archived 161-phase features
grouped_physical_interpolation,,blocks_3x3_shifted_g8,2030,mlp,ringdown_plus_redshift,wq,0.030949478757293657,16,reviewer retraining with archived 161-phase features
grouped_physical_interpolation,,blocks_3x3_shifted_g8,2030,mlp,ringdown_plus_photon_geometry_plus_redshift,wq,0.03111158137343334,16,reviewer retraining with archived 161-phase features
