scheme,k,wq,feature_set,n_features,sigma_max,sigma_min,condition_number,numerical_rank,rank_tolerance,exact_k_zero,derivative_quality,rd_obs_sigma_min,rd_obs_condition_number,sigma_min_gain_vs_rd_obs,conditioning_improvement_vs_rd_obs
q95_q05,0.00025,-0.7125,rd_obs,2,1.787294217020122,0.009997807284888346,178.76862056759302,2,1.7872942170201222e-10,False,one_sided,0.009997807284888346,178.76862056759302,1.0,1.0
q95_q05,0.00025,-0.7125,rd_obs_redshift,11,5.369861455344276,0.35051165121465183,15.32006550063523,2,5.369861455344277e-10,False,one_sided,0.009997807284888346,178.76862056759302,35.05885252903895,11.668920120490384
q95_q05,0.00025,-0.7125,rd_obs_sky,20,8.501386123679033,0.5408996083964552,15.717123827991196,2,8.501386123679034e-10,False,one_sided,0.009997807284888346,178.76862056759302,54.10182382831316,11.374130694905991
q95_q05,0.00025,-0.7125,rd_obs_redshift_sky,29,9.900515360086654,0.5564925047288379,17.79092310490485,2,9.900515360086655e-10,False,one_sided,0.009997807284888346,178.76862056759302,55.66145544433274,10.048304942552846
q95_q05,0.00025,-0.69,rd_obs,2,1.6684636282439005,0.009457988309253275,176.40787593399222,2,1.6684636282439005e-10,False,central,0.009457988309253275,176.40787593399222,1.0,1.0
q95_q05,0.00025,-0.69,rd_obs_redshift,11,4.253776440795977,0.38270742706925254,11.114956595880848,2,4.253776440795977e-10,False,central,0.009457988309253275,176.40787593399222,40.46393530586506,15.871215907344899
q95_q05,0.00025,-0.69,rd_obs_sky,20,6.669575711692059,0.5883856750477356,11.335380847181497,2,6.669575711692059e-10,False,central,0.009457988309253275,176.40787593399222,62.210446429933235,15.562589233854936
q95_q05,0.00025,-0.69,rd_obs_redshift_sky,29,7.740618030621649,0.6078560942346685,12.73429369885253,2,7.740618030621649e-10,False,central,0.009457988309253275,176.40787593399222,64.26906804695129,13.852976859634397
q95_q05,0.00025,-0.6666666666666666,rd_obs,2,1.5523294745739287,0.007661804199591915,202.60625749958595,2,1.5523294745739287e-10,False,central,0.007661804199591915,202.60625749958595,1.0,1.0
q95_q05,0.00025,-0.6666666666666666,rd_obs_redshift,11,3.3389457472407065,0.34003769952254803,9.819339890632627,2,3.338945747240707e-10,False,central,0.007661804199591915,202.60625749958595,44.38089132330727,20.63338877727072
q95_q05,0.00025,-0.6666666666666666,rd_obs_sky,20,5.153211051196386,0.47984557472091377,10.739311400742999,2,5.153211051196385e-10,False,central,0.007661804199591915,202.60625749958595,62.62827425770961,18.865851816678735
q95_q05,0.00025,-0.6666666666666666,rd_obs_redshift_sky,29,5.9492257679680405,0.4969381397474972,11.971763268142277,2,5.94922576796804e-10,False,central,0.007661804199591915,202.60625749958595,64.85915416292747,16.923677236312862
q95_q05,0.00025,-0.64,rd_obs,2,1.4283951676342574,0.00589137516742603,242.45530577173037,2,1.4283951676342574e-10,False,central,0.00589137516742603,242.45530577173037,1.0,1.0
q95_q05,0.00025,-0.64,rd_obs_redshift,11,2.5713508731984143,0.2950816352985027,8.714032205349724,2,2.5713508731984145e-10,False,central,0.00589137516742603,242.45530577173037,50.08705555369091,27.823549426737493
q95_q05,0.00025,-0.64,rd_obs_sky,20,3.8681604878208224,0.3887666069086105,9.949827014669838,2,3.8681604878208227e-10,False,central,0.00589137516742603,242.45530577173037,65.98911049802732,24.367791059508757
q95_q05,0.00025,-0.64,rd_obs_redshift_sky,29,4.428104463049635,0.40529855646397145,10.925537218002075,2,4.4281044630496356e-10,False,central,0.00589137516742603,242.45530577173037,68.79523794459831,22.191614099509472
q95_q05,0.00025,-0.61,rd_obs,2,1.2995077017555259,0.004194420875858629,309.8181465848983,2,1.2995077017555259e-10,False,central,0.004194420875858629,309.8181465848983,1.0,1.0
q95_q05,0.00025,-0.61,rd_obs_redshift,11,1.967447280851098,0.24547585370164804,8.014830180577917,2,1.9674472808510983e-10,False,central,0.004194420875858629,309.8181465848983,58.52437343961038,38.655609614246195
q95_q05,0.00025,-0.61,rd_obs_sky,20,2.837031491210132,0.3125216402161227,9.077872141104205,2,2.8370314912101326e-10,False,central,0.004194420875858629,309.8181465848983,74.50888918059451,34.128939223769784
q95_q05,0.00025,-0.61,rd_obs_redshift_sky,29,3.206268613659904,0.329588186031113,9.728105404109458,2,3.206268613659904e-10,False,central,0.004194420875858629,309.8181465848983,78.5777574034327,31.847737428299382
q95_q05,0.00025,-0.58,rd_obs,2,1.181048597636487,0.0027679160198554017,426.69235235619107,2,1.181048597636487e-10,False,central,0.0027679160198554017,426.69235235619107,1.0,1.0
q95_q05,0.00025,-0.58,rd_obs_redshift,11,1.5574441516134805,0.19699136946706233,7.906154243340548,2,1.5574441516134806e-10,False,central,0.0027679160198554017,426.69235235619107,71.16956152352965,53.9696468375379
q95_q05,0.00025,-0.58,rd_obs_sky,20,2.120598818249129,0.25343128992971536,8.367549322095307,2,2.1205988182491291e-10,False,central,0.0027679160198554017,426.69235235619107,91.56032484791747,50.99370627305051
q95_q05,0.00025,-0.58,rd_obs_redshift_sky,29,2.3573479712020404,0.27135169622834865,8.687426701096713,2,2.3573479712020404e-10,False,central,0.0027679160198554017,426.69235235619107,98.03465650035304,49.11608086458155
q95_q05,0.00025,-0.55,rd_obs,2,1.0722967854569478,0.0015720684407105976,682.0929405416053,2,1.072296785456948e-10,False,central,0.0015720684407105976,682.0929405416053,1.0,1.0
q95_q05,0.00025,-0.55,rd_obs_redshift,11,1.278125849362277,0.15155618932758885,8.43334643760148,2,1.278125849362277e-10,False,central,0.0015720684407105976,682.0929405416053,96.40559240479585,80.88046015759299
q95_q05,0.00025,-0.55,rd_obs_sky,20,1.6268765697067356,0.20361969791607196,7.989779900259464,2,1.6268765697067357e-10,False,central,0.0015720684407105976,682.0929405416053,129.52343081452162,85.3706796753506
q95_q05,0.00025,-0.55,rd_obs_redshift_sky,29,1.7736127344389305,0.22189709440932226,7.992951593891705,2,1.7736127344389306e-10,False,central,0.0015720684407105976,682.0929405416053,141.14976718763057,85.33680362369111
q95_q05,0.00025,-0.525,rd_obs,2,0.9885927936484715,0.0007340047235992587,1346.8479995616613,2,9.885927936484715e-11,False,central,0.0007340047235992587,1346.8479995616613,1.0,1.0
q95_q05,0.00025,-0.525,rd_obs_redshift,11,1.111462772051772,0.11830430321614861,9.394947959087059,2,1.111462772051772e-10,False,central,0.0007340047235992587,1346.8479995616613,161.17648757903456,143.358750407867
q95_q05,0.00025,-0.525,rd_obs_sky,20,1.3366965272061724,0.16691789528613862,8.008107967781067,2,1.3366965272061726e-10,False,central,0.0007340047235992587,1346.8479995616613,227.4071132235248,168.18554457312766
q95_q05,0.00025,-0.525,rd_obs_redshift_sky,29,1.432672493046601,0.184656082161614,7.75859899265437,2,1.432672493046601e-10,False,central,0.0007340047235992587,1346.8479995616613,251.5734248359277,173.59422762238648
q95_q05,0.00025,-0.5,rd_obs,2,0.9107814219186907,2.667680873277123e-05,34141.31844038143,2,9.107814219186908e-11,False,central,2.667680873277123e-05,34141.31844038143,1.0,1.0
q95_q05,0.00025,-0.5,rd_obs_redshift,11,0.984269197209951,0.09061673794526133,10.861891737975787,2,9.84269197209951e-11,False,central,2.667680873277123e-05,34141.31844038143,3396.8357629652623,3143.2202846411337
q95_q05,0.00025,-0.5,rd_obs_sky,20,1.124788552759343,0.134477449638491,8.36414250703784,2,1.1247885527593431e-10,False,central,2.667680873277123e-05,34141.31844038143,5040.987135514889,4081.8671384010854
q95_q05,0.00025,-0.5,rd_obs_redshift_sky,29,1.1865775793853395,0.15080307532685255,7.8683911240771165,2,1.1865775793853396e-10,False,central,2.667680873277123e-05,34141.31844038143,5652.965346698233,4339.046941363869
q95_q05,0.00025,-0.475,rd_obs,2,0.8385032200325012,0.0005732601093662875,1462.6924258857425,2,8.385032200325013e-11,False,central,0.0005732601093662875,1462.6924258857425,1.0,1.0
q95_q05,0.00025,-0.475,rd_obs_redshift,11,0.883327200614629,0.06804739195894471,12.98105886479191,2,8.83327200614629e-11,False,central,0.0005732601093662875,1462.6924258857425,118.70247178748919,112.67897643180358
q95_q05,0.00025,-0.475,rd_obs_sky,20,0.9680662805529449,0.1057404582682207,9.155117127423004,2,9.68066280552945e-11,False,central,0.0005732601093662875,1462.6924258857425,184.45458970642815,159.76774578933905
q95_q05,0.00025,-0.475,rd_obs_redshift_sky,29,1.0078598008876372,0.11983906741619808,8.410110514189544,2,1.0078598008876372e-10,False,central,0.0005732601093662875,1462.6924258857425,209.04832807689098,173.92071405219787
q95_q05,0.00025,-0.45,rd_obs,2,0.7716446615615232,0.0008943399617510474,862.8091045497996,2,7.716446615615233e-11,False,one_sided,0.0008943399617510474,862.8091045497996,1.0,1.0
q95_q05,0.00025,-0.45,rd_obs_redshift,11,0.8004202594636411,0.06031047776932998,13.271661725596266,2,8.004202594636412e-11,False,one_sided,0.0008943399617510474,862.8091045497996,67.43574071234255,65.01138458688642
q95_q05,0.00025,-0.45,rd_obs_sky,20,0.8505841372493137,0.09701799618982239,8.767282057496708,2,8.505841372493138e-11,False,one_sided,0.0008943399617510474,862.8091045497996,108.47999680106967,98.41238127066195
q95_q05,0.00025,-0.45,rd_obs_redshift_sky,29,0.8772110137687049,0.1108168099882485,7.915865958077373,2,8.77211013768705e-11,False,one_sided,0.0008943399617510474,862.8091045497996,123.90904435409315,108.99743744010554
q95_q05,0.0005,-0.7125,rd_obs,2,1.803373125637014,0.019817333295261853,90.99978785077931,2,1.803373125637014e-10,False,one_sided,0.019817333295261853,90.99978785077931,1.0,1.0
q95_q05,0.0005,-0.7125,rd_obs_redshift,11,5.808221337675953,0.6339832034101369,9.161475109173347,2,5.808221337675953e-10,False,one_sided,0.019817333295261853,90.99978785077931,31.991347875332785,9.93287508467513
q95_q05,0.0005,-0.7125,rd_obs_sky,20,8.79249886034323,0.943631006392064,9.317729918563192,2,8.79249886034323e-10,False,one_sided,0.019817333295261853,90.99978785077931,47.616447295543935,9.766304523324456
q95_q05,0.0005,-0.7125,rd_obs_redshift_sky,29,10.399440802598571,0.9669173342541499,10.755253250910407,2,1.0399440802598571e-09,False,one_sided,0.019817333295261853,90.99978785077931,48.791495800564206,8.46096188791058
q95_q05,0.0005,-0.69,rd_obs,2,1.68466993908827,0.01873400732589061,89.9257649355158,2,1.6846699390882701e-10,False,central,0.01873400732589061,89.9257649355158,1.0,1.0
q95_q05,0.0005,-0.69,rd_obs_redshift,11,4.680498124968347,0.6941846899378342,6.742439285700029,2,4.680498124968347e-10,False,central,0.01873400732589061,89.9257649355158,37.05478907219509,13.337274705051989
q95_q05,0.0005,-0.69,rd_obs_sky,20,7.09276422065202,1.0455875537606865,6.783520131950048,2,7.09276422065202e-10,False,central,0.01873400732589061,89.9257649355158,55.812274201242175,13.25650446763913
q95_q05,0.0005,-0.69,rd_obs_redshift_sky,29,8.35384566549951,1.0790326845067773,7.741976480831096,2,8.35384566549951e-10,False,central,0.01873400732589061,89.9257649355158,57.59753723462795,11.615349795774932
q95_q05,0.0005,-0.6666666666666666,rd_obs,2,1.5676667067411272,0.015173690218929456,103.31479581581507,2,1.5676667067411272e-10,False,central,0.015173690218929456,103.31479581581507,1.0,1.0
q95_q05,0.0005,-0.6666666666666666,rd_obs_redshift,11,3.6508583292937598,0.6208835773221472,5.880101298603847,2,3.65085832929376e-10,False,central,0.015173690218929456,103.31479581581507,40.91842975333604,17.57024081206659
q95_q05,0.0005,-0.6666666666666666,rd_obs_sky,20,5.499480380703277,0.8607271929375818,6.389341972494284,2,5.499480380703277e-10,False,central,0.015173690218929456,103.31479581581507,56.72497464485,16.169864793679658
q95_q05,0.0005,-0.6666666666666666,rd_obs_redshift_sky,29,6.438324083098055,0.888578962312632,7.245640912251123,2,6.438324083098055e-10,False,central,0.015173690218929456,103.31479581581507,58.56050502494861,14.258889871443623
q95_q05,0.0005,-0.64,rd_obs,2,1.4427851434611683,0.01166523214881916,123.68250584770553,2,1.4427851434611682e-10,False,central,0.01166523214881916,123.68250584770553,1.0,1.0
q95_q05,0.0005,-0.64,rd_obs_redshift,11,2.785444396513161,0.5440525023087501,5.11980807861889,2,2.785444396513161e-10,False,central,0.01166523214881916,123.68250584770553,46.6388062721772,24.157644964119417
q95_q05,0.0005,-0.64,rd_obs_sky,20,4.147460331558479,0.7005968955742259,5.9198953888585555,2,4.1474603315584793e-10,False,central,0.01166523214881916,123.68250584770553,60.05854719703503,20.89268436744342
q95_q05,0.0005,-0.64,rd_obs_redshift_sky,29,4.810007582275913,0.7273368091120231,6.613177721815375,2,4.810007582275914e-10,False,central,0.01166523214881916,123.68250584770553,62.35082164101205,18.70243187926206
q95_q05,0.0005,-0.61,rd_obs,2,1.3128836705713025,0.008303374251227473,158.11447621757156,2,1.3128836705713025e-10,False,central,0.008303374251227473,158.11447621757156,1.0,1.0
q95_q05,0.0005,-0.61,rd_obs_redshift,11,2.1013863636254397,0.45917071312351826,4.576481695295232,2,2.1013863636254398e-10,False,central,0.008303374251227473,158.11447621757156,55.29929149654309,34.549351826342544
q95_q05,0.0005,-0.61,rd_obs_sky,20,3.0469122317269774,0.5663371890633565,5.38003205610804,2,3.0469122317269773e-10,False,central,0.008303374251227473,158.11447621757156,68.20566819322107,29.389132735382415
q95_q05,0.0005,-0.61,rd_obs_redshift_sky,29,3.486314743759439,0.5940971145812679,5.868257323916927,2,3.486314743759439e-10,False,central,0.008303374251227473,158.11447621757156,71.5488783964475,26.944025711543574
q95_q05,0.0005,-0.58,rd_obs,2,1.1934639634143236,0.005478243891995148,217.85520815497506,2,1.1934639634143236e-10,False,central,0.005478243891995148,217.85520815497506,1.0,1.0
q95_q05,0.0005,-0.58,rd_obs_redshift,11,1.6373123035047041,0.37449138959339395,4.372095992066533,2,1.6373123035047041e-10,False,central,0.005478243891995148,217.85520815497506,68.35975122257767,49.82855100855247
q95_q05,0.0005,-0.58,rd_obs_sky,20,2.2686182048052537,0.46392280102893885,4.890076969214842,2,2.2686182048052537e-10,False,central,0.005478243891995148,217.85520815497506,84.68458326706235,44.550466081918174
q95_q05,0.0005,-0.58,rd_obs_redshift_sky,29,2.5524499618651575,0.49345846190496284,5.172573091586266,2,2.5524499618651574e-10,False,central,0.005478243891995148,217.85520815497506,90.07603013549802,42.11737645802231
q95_q05,0.0005,-0.55,rd_obs,2,1.0838022467114108,0.0031107592568060125,348.40441102607537,2,1.0838022467114109e-10,False,central,0.0031107592568060125,348.40441102607537,1.0,1.0
q95_q05,0.0005,-0.55,rd_obs_redshift,11,1.3247166799226195,0.2923260391745461,4.531641052789141,2,1.3247166799226195e-10,False,central,0.0031107592568060125,348.40441102607537,93.97256908742379,76.88261425993547
q95_q05,0.0005,-0.55,rd_obs_sky,20,1.724421661527958,0.3782860706910799,4.558512182004645,2,1.724421661527958e-10,False,central,0.0031107592568060125,348.40441102607537,121.60570441554741,76.429413175959
q95_q05,0.0005,-0.55,rd_obs_redshift_sky,29,1.9012987047901067,0.40924987676727775,4.645813750290488,2,1.9012987047901066e-10,False,central,0.0031107592568060125,348.40441102607537,131.55948210131731,74.99319381976747
q95_q05,0.0005,-0.525,rd_obs,2,0.9993806676223993,0.0014521629317174375,688.2014722965392,2,9.993806676223993e-11,False,central,0.0014521629317174375,688.2014722965392,1.0,1.0
q95_q05,0.0005,-0.525,rd_obs_redshift,11,1.1418523437406065,0.23025604034071293,4.959054894069196,2,1.1418523437406066e-10,False,central,0.0014521629317174375,688.2014722965392,158.5607477725621,138.77674012433235
q95_q05,0.0005,-0.525,rd_obs_sky,20,1.4028047783250015,0.3144080726630347,4.461732698029197,2,1.4028047783250015e-10,False,central,0.0014521629317174375,688.2014722965392,216.5101902795384,154.24533894657708
q95_q05,0.0005,-0.525,rd_obs_redshift_sky,29,1.518371877241444,0.3454581249213316,4.395241471270102,2,1.518371877241444e-10,False,central,0.0014521629317174375,688.2014722965392,237.89212448273057,156.57876291781264
q95_q05,0.0005,-0.5,rd_obs,2,0.9208907993657646,5.276791043604694e-05,17451.7200274939,2,9.208907993657646e-11,False,central,5.276791043604694e-05,17451.7200274939,1.0,1.0
q95_q05,0.0005,-0.5,rd_obs_redshift,11,1.0051751966718145,0.17744325057087837,5.664769966949545,2,1.0051751966718146e-10,False,central,5.276791043604694e-05,17451.7200274939,3362.7113354419075,3080.746460900261
q95_q05,0.0005,-0.5,rd_obs_sky,20,1.168863282072383,0.2565515439446872,4.5560563156244,2,1.168863282072383e-10,False,central,5.276791043604694e-05,17451.7200274939,4861.885601015407,3830.444318180507
q95_q05,0.0005,-0.5,rd_obs_redshift_sky,29,1.2425802112784732,0.28614314853405376,4.342512541867115,2,1.242580211278473e-10,False,central,5.276791043604694e-05,17451.7200274939,5422.67348033139,4018.8070521934114
q95_q05,0.0005,-0.475,rd_obs,2,0.8479687327140177,0.0011337221033415482,747.9511338931321,2,8.479687327140178e-11,False,central,0.0011337221033415482,747.9511338931321,1.0,1.0
q95_q05,0.0005,-0.475,rd_obs_redshift,11,0.8986769394082595,0.13376381572380627,6.7183859442514375,2,8.986769394082596e-11,False,central,0.0011337221033415482,747.9511338931321,117.98642306571332,111.32899182922259
q95_q05,0.0005,-0.475,rd_obs_sky,20,0.9975613213958906,0.2038905318076003,4.892631906699971,2,9.975613213958906e-11,False,central,0.0011337221033415482,747.9511338931321,179.84171888917976,152.87296247831105
q95_q05,0.0005,-0.475,rd_obs_redshift_sky,29,1.0441031101051177,0.23023765376125302,4.534892938006611,2,1.0441031101051177e-10,False,central,0.0011337221033415482,747.9511338931321,203.08120753987893,164.9324789179933
q95_q05,0.0005,-0.45,rd_obs,2,0.781172438358962,0.001766863814213471,442.1237404234831,2,7.81172438358962e-11,False,one_sided,0.001766863814213471,442.1237404234831,1.0,1.0
q95_q05,0.0005,-0.45,rd_obs_redshift,11,0.8139774613833988,0.11861151395906828,6.862550137116492,2,8.139774613833989e-11,False,one_sided,0.001766863814213471,442.1237404234831,67.13110144930374,64.42557527299243
q95_q05,0.0005,-0.45,rd_obs_sky,20,0.8749954003436947,0.18756445530463486,4.665038473961185,2,8.749954003436947e-11,False,one_sided,0.001766863814213471,442.1237404234831,106.15671326549307,94.77386797371176
q95_q05,0.0005,-0.45,rd_obs_redshift_sky,29,0.9064019696805131,0.21360557928114624,4.2433440771109865,2,9.064019696805131e-11,False,one_sided,0.001766863814213471,442.1237404234831,120.89532739467751,104.19229088876905
q95_q05,0.00075,-0.7125,rd_obs,2,1.829863499092794,0.029295665745713212,62.46191893968325,2,1.829863499092794e-10,False,one_sided,0.029295665745713212,62.46191893968325,1.0,1.0
q95_q05,0.00075,-0.7125,rd_obs_redshift,11,6.55054554468219,0.8297941192712104,7.894181692243598,2,6.55054554468219e-10,False,one_sided,0.029295665745713212,62.46191893968325,28.324808402506875,7.9123994575720245
q95_q05,0.00075,-0.7125,rd_obs_sky,20,9.70722330134198,1.2337957665844785,7.867771607139262,2,9.70722330134198e-10,False,one_sided,0.029295665745713212,62.46191893968325,42.11530051215914,7.938959346888634
q95_q05,0.00075,-0.7125,rd_obs_redshift_sky,29,11.593690167873898,1.2600520065027865,9.200961633362757,2,1.1593690167873898e-09,False,one_sided,0.029295665745713212,62.46191893968325,43.01155049487714,6.788629431210305
q95_q05,0.00075,-0.69,rd_obs,2,1.7113457424005487,0.027662983170314036,61.86410669681657,2,1.7113457424005487e-10,False,central,0.027662983170314036,61.86410669681657,1.0,1.0
q95_q05,0.00075,-0.69,rd_obs_redshift,11,5.357283154886619,0.9100053277121718,5.88708987930353,2,5.357283154886619e-10,False,central,0.027662983170314036,61.86410669681657,32.8961385729622,10.508435910636273
q95_q05,0.00075,-0.69,rd_obs_sky,20,7.928212964217456,1.327696334846677,5.971405325249323,2,7.928212964217457e-10,False,central,0.027662983170314036,61.86410669681657,47.995414184810954,10.360058198567113
q95_q05,0.00075,-0.69,rd_obs_redshift_sky,29,9.45169435856398,1.3725651617562618,6.886153475198286,2,9.45169435856398e-10,False,central,0.027662983170314036,61.86410669681657,49.61739496082989,8.983840821967041
q95_q05,0.00075,-0.6666666666666666,rd_obs,2,1.592905142810987,0.02239991101968628,71.11211921382429,2,1.5929051428109872e-10,False,central,0.02239991101968628,71.11211921382429,1.0,1.0
q95_q05,0.00075,-0.6666666666666666,rd_obs_redshift,11,4.142903750222737,0.8196977169709819,5.054184810385899,2,4.142903750222737e-10,False,central,0.02239991101968628,71.11211921382429,36.593793441884046,14.069948346110182
q95_q05,0.00075,-0.6666666666666666,rd_obs_sky,20,6.102791308914913,1.1123300778379734,5.486493110729198,2,6.102791308914914e-10,False,central,0.02239991101968628,71.11211921382429,49.65779001802267,12.961306572090624
q95_q05,0.00075,-0.6666666666666666,rd_obs_redshift_sky,29,7.2433473487745745,1.1458474715425397,6.321388778755676,2,7.243347348774575e-10,False,central,0.02239991101968628,71.11211921382429,51.15410818085419,11.249445604866317
q95_q05,0.00075,-0.64,rd_obs,2,1.4664576318365963,0.017215386868991142,85.18296120768699,2,1.4664576318365963e-10,False,central,0.017215386868991142,85.18296120768699,1.0,1.0
q95_q05,0.00075,-0.64,rd_obs_redshift,11,3.1289634384548926,0.7253329604500253,4.313830487606078,2,3.1289634384548926e-10,False,central,0.017215386868991142,85.18296120768699,42.132829541955644,19.746478553671338
q95_q05,0.00075,-0.64,rd_obs_sky,20,4.605268361433683,0.9129897571049677,5.044162133906841,2,4.605268361433683e-10,False,central,0.017215386868991142,85.18296120768699,53.03335696448806,16.88743520655044
q95_q05,0.00075,-0.64,rd_obs_redshift_sky,29,5.414491980985378,0.9439540838576415,5.735969655280333,2,5.414491980985379e-10,False,central,0.017215386868991142,85.18296120768699,54.83199948052978,14.850664547932281
q95_q05,0.00075,-0.61,rd_obs,2,1.334880812815215,0.012249817767163426,108.97148334675354,2,1.334880812815215e-10,False,central,0.012249817767163426,108.97148334675354,1.0,1.0
q95_q05,0.00075,-0.61,rd_obs_redshift,11,2.3235206354156928,0.6220183279069607,3.73545365332585,2,2.3235206354156927e-10,False,central,0.012249817767163426,108.97148334675354,50.77776173734832,29.172222027097327
q95_q05,0.00075,-0.61,rd_obs_sky,20,3.3858622528835682,0.7429108336156928,4.557562091812316,2,3.385862252883568e-10,False,central,0.012249817767163426,108.97148334675354,60.646684525146334,23.910038119397512
q95_q05,0.00075,-0.61,rd_obs_redshift_sky,29,3.92674311849326,0.7747685361244072,5.068279021933242,2,3.92674311849326e-10,False,central,0.012249817767163426,108.97148334675354,63.24735198928702,21.5006874868518
q95_q05,0.00075,-0.58,rd_obs,2,1.2138749068184995,0.008079193289718917,150.24704364521168,2,1.2138749068184996e-10,False,central,0.008079193289718917,150.24704364521168,1.0,1.0
q95_q05,0.00075,-0.58,rd_obs_redshift,11,1.7741052068219378,0.5178963585595899,3.4255989205180066,2,1.774105206821938e-10,False,central,0.008079193289718917,150.24704364521168,64.10248399659318,43.86008027539075
q95_q05,0.00075,-0.58,rd_obs_sky,20,2.5106535192945305,0.615121076783936,4.081559897802703,2,2.5106535192945307e-10,False,central,0.008079193289718917,150.24704364521168,76.1364476285895,36.81118185380466
q95_q05,0.00075,-0.58,rd_obs_redshift_sky,29,2.8640127505260375,0.649071920659247,4.4124736556422395,2,2.864012750526038e-10,False,central,0.008079193289718917,150.24704364521168,80.33870429677873,34.050524801001465
q95_q05,0.00075,-0.55,rd_obs,2,1.1027115759651611,0.004586123803505434,240.4452263417521,2,1.1027115759651612e-10,False,central,0.004586123803505434,240.4452263417521,1.0,1.0
q95_q05,0.00075,-0.55,rd_obs_redshift,11,1.4058618446925684,0.41292846423406165,3.4046135504373436,2,1.4058618446925684e-10,False,central,0.004586123803505434,240.4452263417521,90.0386648782654,70.62335351125692
q95_q05,0.00075,-0.55,rd_obs_sky,20,1.8879103190382736,0.510028727377267,3.701576436187272,2,1.8879103190382736e-10,False,central,0.004586123803505434,240.4452263417521,111.21128631272954,64.95752025842737
q95_q05,0.00075,-0.55,rd_obs_redshift_sky,29,2.111115921498184,0.5463403994911287,3.8641036311144394,2,2.1111159214981838e-10,False,central,0.004586123803505434,240.4452263417521,119.12901240771777,62.2253565886911
q95_q05,0.00075,-0.525,rd_obs,2,1.017106291764068,0.0021402830342873336,475.22046171932664,2,1.0171062917640681e-10,False,central,0.0021402830342873336,475.22046171932664,1.0,1.0
q95_q05,0.00075,-0.525,rd_obs_redshift,11,1.1947306771415602,0.329982955735967,3.620582991860688,2,1.1947306771415602e-10,False,central,0.0021402830342873336,475.22046171932664,154.1772515361941,131.2552323169097
q95_q05,0.00075,-0.525,rd_obs_sky,20,1.5158754747349288,0.43122900415061566,3.515244707903455,2,1.515875474734929e-10,False,central,0.0021402830342873336,475.22046171932664,201.4822326030376,135.18844382323394
q95_q05,0.00075,-0.525,rd_obs_redshift_sky,29,1.6630405186447794,0.4689280271972844,3.54647285338122,2,1.6630405186447796e-10,False,central,0.0021402830342873336,475.22046171932664,219.09626889764462,133.99805422625744
q95_q05,0.00075,-0.5,rd_obs,2,0.9374975418410394,7.774977717917916e-05,12057.880753542464,2,9.374975418410395e-11,False,central,7.774977717917916e-05,12057.880753542464,1.0,1.0
q95_q05,0.00075,-0.5,rd_obs_redshift,11,1.0412078376207725,0.2569077205274973,4.052847596338897,2,1.0412078376207725e-10,False,central,7.774977717917916e-05,12057.880753542464,3304.288833335658,2975.162639827572
q95_q05,0.00075,-0.5,rd_obs_sky,20,1.245194498336567,0.3580180216768213,3.4780218395279263,2,1.245194498336567e-10,False,central,7.774977717917916e-05,12057.880753542464,4604.746594343887,3466.878964503307
q95_q05,0.00075,-0.5,rd_obs_redshift_sky,29,1.3391714220092445,0.3956258788215428,3.3849439424899503,2,1.3391714220092445e-10,False,central,7.774977717917916e-05,12057.880753542464,5088.450323269719,3562.2098795150914
q95_q05,0.00075,-0.475,rd_obs,2,0.8635140987746229,0.0016699684982647398,517.0840645628335,2,8.63514098774623e-11,False,central,0.0016699684982647398,517.0840645628335,1.0,1.0
q95_q05,0.00075,-0.475,rd_obs_redshift,11,0.9248039352432802,0.19496109053033706,4.743530787233545,2,9.248039352432803e-11,False,central,0.0016699684982647398,517.0840645628335,116.74537018687518,109.00826573203291
q95_q05,0.00075,-0.475,rd_obs_sky,20,1.0487268382651485,0.28899211023439714,3.628911659264822,2,1.0487268382651485e-10,False,central,0.0016699684982647398,517.0840645628335,173.0524321474855,142.4901218641374
q95_q05,0.00075,-0.475,rd_obs_redshift_sky,29,1.107219083504767,0.32407264630497457,3.4165767957558444,2,1.107219083504767e-10,False,central,0.0016699684982647398,517.0840645628335,194.05913742787223,151.34565838097598
q95_q05,0.00075,-0.45,rd_obs,2,0.7967990818459778,0.002598318720507716,306.65948544229474,2,7.967990818459779e-11,False,one_sided,0.002598318720507716,306.65948544229474,1.0,1.0
q95_q05,0.00075,-0.45,rd_obs_redshift,11,0.8369992728313727,0.17301896094810248,4.837615878888747,2,8.369992728313726e-11,False,one_sided,0.002598318720507716,306.65948544229474,66.58881359800782,63.390623215983354
q95_q05,0.00075,-0.45,rd_obs_sky,20,0.917625956842738,0.2667545642019614,3.439963471995171,2,9.17625956842738e-11,False,one_sided,0.002598318720507716,306.65948544229474,102.66429676103674,89.14614586428527
q95_q05,0.00075,-0.45,rd_obs_redshift_sky,29,0.9579460937762839,0.3018981468805809,3.1730770913118915,2,9.57946093776284e-11,False,one_sided,0.002598318720507716,306.65948544229474,116.18980554532952,96.64419634869571
q95_q05,0.001,-0.7125,rd_obs,2,1.8663300286655349,0.03829767054851616,48.732207519024826,2,1.866330028665535e-10,False,one_sided,0.03829767054851616,48.732207519024826,1.0,1.0
q95_q05,0.001,-0.7125,rd_obs_redshift,11,7.650661302330517,0.9731159787520235,7.862024125985619,2,7.650661302330518e-10,False,one_sided,0.03829767054851616,48.732207519024826,25.409273326931544,6.198430167360436
q95_q05,0.001,-0.7125,rd_obs_sky,20,11.4906831660973,1.664347685551564,6.904016069388346,2,1.14906831660973e-09,False,one_sided,0.03829767054851616,48.732207519024826,43.45819632667055,7.058530430584905
q95_q05,0.001,-0.7125,rd_obs_redshift_sky,29,13.708891633277473,1.6932399749296159,8.096248515422229,2,1.3708891633277474e-09,False,one_sided,0.03829767054851616,48.732207519024826,44.21261007988958,6.019109643953831
q95_q05,0.001,-0.69,rd_obs,2,1.7480198975517316,0.03611013698948123,48.408010694086386,2,1.7480198975517316e-10,False,central,0.03611013698948123,48.408010694086386,1.0,1.0
q95_q05,0.001,-0.69,rd_obs_redshift,11,6.263356253663276,1.0475313766027365,5.9791586138221975,2,6.263356253663277e-10,False,central,0.03611013698948123,48.408010694086386,29.009343744884692,8.096124190815102
q95_q05,0.001,-0.69,rd_obs_sky,20,9.200389958178775,1.4741748264682728,6.241044001694453,2,9.200389958178775e-10,False,central,0.03611013698948123,48.408010694086386,40.82440415270913,7.756396314613955
q95_q05,0.001,-0.69,rd_obs_redshift_sky,29,11.034029550748825,1.5299133033578358,7.2121926951883255,2,1.1034029550748826e-09,False,central,0.03611013698948123,48.408010694086386,42.367972843844235,6.711968570443521
q95_q05,0.001,-0.6666666666666666,rd_obs,2,1.6275900346046148,0.029230074489062743,55.68203513178263,2,1.6275900346046148e-10,False,central,0.029230074489062743,55.68203513178263,1.0,1.0
q95_q05,0.001,-0.6666666666666666,rd_obs_redshift,11,4.774461175733553,0.9496245091265552,5.027735836478149,2,4.774461175733553e-10,False,central,0.029230074489062743,55.68203513178263,32.48792641571556,11.074972302201747
q95_q05,0.001,-0.6666666666666666,rd_obs_sky,20,6.884082025447072,1.262409575297786,5.453128810293765,2,6.884082025447073e-10,False,central,0.029230074489062743,55.68203513178263,43.188722484102875,10.21102509566118
q95_q05,0.001,-0.6666666666666666,rd_obs_redshift_sky,29,8.26692077170593,1.2998641206472492,6.359834570700769,2,8.266920771705931e-10,False,central,0.029230074489062743,55.68203513178263,44.47009264836564,8.755264702686631
q95_q05,0.001,-0.64,rd_obs,2,1.4989766907895055,0.022455884394806027,66.75206660469867,2,1.4989766907895055e-10,False,central,0.022455884394806027,66.75206660469867,1.0,1.0
q95_q05,0.001,-0.64,rd_obs_redshift,11,3.571885636533607,0.84634203222463,4.220380768688543,2,3.571885636533607e-10,False,central,0.022455884394806027,66.75206660469867,37.68909820449495,15.816598137291168
q95_q05,0.001,-0.64,rd_obs_sky,20,5.163175117109693,1.0473641902966586,4.929684597720741,2,5.163175117109693e-10,False,central,0.022455884394806027,66.75206660469867,46.64096821494639,13.540839232506222
q95_q05,0.001,-0.64,rd_obs_redshift_sky,29,6.149505164022378,1.0798896816015953,5.6945679441088695,2,6.149505164022379e-10,False,central,0.022455884394806027,66.75206660469867,48.0893855087431,11.722059910401956
q95_q05,0.001,-0.61,rd_obs,2,1.3650845602545805,0.015971705757539006,85.46892742562764,2,1.3650845602545805e-10,False,central,0.015971705757539006,85.46892742562764,1.0,1.0
q95_q05,0.001,-0.61,rd_obs_redshift,11,2.618955516776081,0.7346334889897986,3.564982479055551,2,2.6189555167760813e-10,False,central,0.015971705757539006,85.46892742562764,45.99593181479912,23.974571523916833
q95_q05,0.001,-0.61,rd_obs_sky,20,3.800700356817417,0.8566536330906611,4.436682703492582,2,3.800700356817417e-10,False,central,0.015971705757539006,85.46892742562764,53.63570091355466,19.26415142519568
q95_q05,0.001,-0.61,rd_obs_redshift_sky,29,4.463499702437956,0.8895237297018485,5.017853434819594,2,4.4634997024379565e-10,False,central,0.015971705757539006,85.46892742562764,55.69372133480315,17.032966095132767
q95_q05,0.001,-0.58,rd_obs,2,1.241888298039005,0.01052926688843646,117.94632154332433,2,1.241888298039005e-10,False,central,0.01052926688843646,117.94632154332433,1.0,1.0
q95_q05,0.001,-0.58,rd_obs_redshift,11,1.9637738857615086,0.6230508462292852,3.151867777158643,2,1.9637738857615085e-10,False,central,0.01052926688843646,117.94632154332433,59.17324091324319,37.421088028524785
q95_q05,0.001,-0.58,rd_obs_sky,20,2.815995174179486,0.714673812422058,3.9402523574159884,2,2.815995174179486e-10,False,central,0.01052926688843646,117.94632154332433,67.87498312982578,29.93369734842906
q95_q05,0.001,-0.58,rd_obs_redshift_sky,29,3.2528878496721516,0.7493403350532866,4.341001941982523,2,3.2528878496721515e-10,False,central,0.01052926688843646,117.94632154332433,71.16737974191093,27.17029918891457
q95_q05,0.001,-0.55,rd_obs,2,1.1286530786338007,0.0059742855181374645,188.9185033435878,2,1.1286530786338007e-10,False,central,0.0059742855181374645,188.9185033435878,1.0,1.0
q95_q05,0.001,-0.55,rd_obs_redshift,11,1.5221954812785514,0.5080999243214251,2.995858508169364,2,1.5221954812785515e-10,False,central,0.0059742855181374645,188.9185033435878,85.04781413256421,63.059888452151064
q95_q05,0.001,-0.55,rd_obs_sky,20,2.102705729926697,0.6005041927675393,3.5015671085258746,2,2.102705729926697e-10,False,central,0.0059742855181374645,188.9185033435878,100.51481318468215,53.952558237023375
q95_q05,0.001,-0.55,rd_obs_redshift_sky,29,2.3825983103838824,0.637615178518436,3.736733990429922,2,2.3825983103838824e-10,False,central,0.0059742855181374645,188.9185033435878,106.72659962144193,50.557118549895
q95_q05,0.001,-0.525,rd_obs,2,1.0414155598951338,0.0027870979003916862,373.6558948104327,2,1.0414155598951339e-10,False,central,0.0027870979003916862,373.6558948104327,1.0,1.0
q95_q05,0.001,-0.525,rd_obs_redshift,11,1.271366839115763,0.41327007834274704,3.076358308382903,2,1.2713668391157632e-10,False,central,0.0027870979003916862,373.6558948104327,148.27971356322573,121.46045985353572
q95_q05,0.001,-0.525,rd_obs_sky,20,1.6697949606465983,0.5155825432675263,3.2386568987852105,2,1.6697949606465982e-10,False,central,0.0027870979003916862,373.6558948104327,184.98903220983684,115.3737201833845
q95_q05,0.001,-0.525,rd_obs_redshift_sky,29,1.8570952191526213,0.5548419391806022,3.347070738551602,2,1.8570952191526214e-10,False,central,0.0027870979003916862,373.6558948104327,199.07515236641927,111.63668891328155
q95_q05,0.001,-0.5,rd_obs,2,0.9602646138259548,0.00010120852646459617,9487.981372417922,2,9.602646138259548e-11,False,central,0.00010120852646459617,9487.981372417922,1.0,1.0
q95_q05,0.001,-0.5,rd_obs_redshift,11,1.093250266663886,0.32615906673127515,3.3518929202867227,2,1.093250266663886e-10,False,central,0.00010120852646459617,9487.981372417922,3222.6441597820226,2830.633793518176
q95_q05,0.001,-0.5,rd_obs_sky,20,1.3522133282954518,0.43558345614097377,3.104372558763611,2,1.3522133282954518e-10,False,central,0.00010120852646459617,9487.981372417922,4303.821736732285,3056.3281928367296
q95_q05,0.001,-0.5,rd_obs_redshift_sky,29,1.4733943033596617,0.4762255798180888,3.093899962119794,2,1.4733943033596618e-10,False,central,0.00010120852646459617,9487.981372417922,4705.389915786172,3066.6736121348945
q95_q05,0.001,-0.475,rd_obs,2,0.8848189918993491,0.002173011438392968,407.1856117580814,2,8.848189918993492e-11,False,central,0.002173011438392968,407.1856117580814,1.0,1.0
q95_q05,0.001,-0.475,rd_obs_redshift,11,0.9621257846701369,0.24983526854647184,3.851040688801597,2,9.621257846701369e-11,False,central,0.002173011438392968,407.1856117580814,114.97190678905739,105.73391575480684
q95_q05,0.001,-0.475,rd_obs_sky,20,1.1217146742990327,0.35783658455246575,3.1347121080476548,2,1.1217146742990328e-10,False,central,0.002173011438392968,407.1856117580814,164.6731251525766,129.89569623083588
q95_q05,0.001,-0.475,rd_obs_redshift_sky,29,1.1972386197329916,0.3976239878756347,3.010981872923254,2,1.1972386197329917e-10,False,central,0.002173011438392968,407.1856117580814,182.98292445698956,135.23349822188055
q95_q05,0.001,-0.45,rd_obs,2,0.8181753991549219,0.003373910570471062,242.50061821902088,2,8.181753991549219e-11,False,one_sided,0.003373910570471062,242.50061821902088,1.0,1.0
q95_q05,0.001,-0.45,rd_obs_redshift,11,0.8698405755742861,0.2219709708096321,3.9187132101173865,2,8.698405755742862e-11,False,one_sided,0.003373910570471062,242.50061821902088,65.79041328254316,61.88271639601732
q95_q05,0.001,-0.45,rd_obs_sky,20,0.9793524284503662,0.33134490425236984,2.9556888181519745,2,9.793524284503662e-11,False,one_sided,0.003373910570471062,242.50061821902088,98.20796886329676,82.04538202050743
q95_q05,0.001,-0.45,rd_obs_redshift_sky,29,1.033076414467769,0.37167878376197616,2.779487179793812,2,1.0330764144677691e-10,False,one_sided,0.003373910570471062,242.50061821902088,110.16260686188927,87.24653237544707
q95_q05,0.00125,-0.7125,rd_obs,2,1.9122112210885855,0.0467234554061466,40.92615163982561,2,1.9122112210885857e-10,False,one_sided,0.0467234554061466,40.92615163982561,1.0,1.0
q95_q05,0.00125,-0.7125,rd_obs_redshift,11,9.302841395479165,1.1446583511480086,8.127177324263695,2,9.302841395479165e-10,False,one_sided,0.0467234554061466,40.92615163982561,24.49858087759121,5.035715354412233
q95_q05,0.00125,-0.7125,rd_obs_sky,20,14.898955854451264,2.4577085664936575,6.062132857235867,2,1.4898955854451264e-09,False,one_sided,0.0467234554061466,40.92615163982561,52.60117311808106,6.7511142701162425
q95_q05,0.00125,-0.7125,rd_obs_redshift_sky,29,17.489222348453833,2.5180715899271364,6.945482574210651,2,1.7489222348453833e-09,False,one_sided,0.0467234554061466,40.92615163982561,53.89309433642352,5.892484964513332
q95_q05,0.00125,-0.69,rd_obs,2,1.7940885395944537,0.0439786251959499,40.79455716500377,2,1.7940885395944538e-10,False,central,0.0439786251959499,40.79455716500377,1.0,1.0
q95_q05,0.00125,-0.69,rd_obs_redshift,11,7.466815986913539,1.1329456551655346,6.590621494393359,2,7.466815986913539e-10,False,central,0.0439786251959499,40.79455716500377,25.761279487878813,6.189789111650199
q95_q05,0.00125,-0.69,rd_obs_sky,20,11.236165564278807,1.5496765306553846,7.250652211611439,2,1.1236165564278808e-09,False,central,0.0439786251959499,40.79455716500377,35.23703898770574,5.626329325198358
q95_q05,0.00125,-0.69,rd_obs_redshift_sky,29,13.411726312769057,1.6108166505021162,8.32604151973995,2,1.3411726312769056e-09,False,central,0.0439786251959499,40.79455716500377,36.62726252412411,4.899634126047203
q95_q05,0.00125,-0.6666666666666666,rd_obs,2,1.6711398283033092,0.03558542584502361,46.96135534758557,2,1.6711398283033092e-10,False,central,0.03558542584502361,46.96135534758557,1.0,1.0
q95_q05,0.00125,-0.6666666666666666,rd_obs_redshift,11,5.527182828735486,1.0338007784816388,5.346468046632114,2,5.527182828735486e-10,False,central,0.03558542584502361,46.96135534758557,29.05124089237811,8.78362218533557
q95_q05,0.00125,-0.6666666666666666,rd_obs_sky,20,7.862075734630272,1.3475191498129824,5.834481636659058,2,7.862075734630273e-10,False,central,0.03558542584502361,46.96135534758557,37.86716381255345,8.04893361091742
q95_q05,0.00125,-0.6666666666666666,rd_obs_redshift_sky,29,9.514442182150056,1.3885071488047849,6.852281740385713,2,9.514442182150056e-10,False,central,0.03558542584502361,46.96135534758557,39.01898363818396,6.853389444103932
q95_q05,0.00125,-0.64,rd_obs,2,1.5397861652567786,0.027325910602351372,56.348942498709675,2,1.5397861652567785e-10,False,central,0.027325910602351372,56.348942498709675,1.0,1.0
q95_q05,0.00125,-0.64,rd_obs_redshift,11,4.085157903052312,0.9255352020561685,4.413833092438545,2,4.085157903052312e-10,False,central,0.027325910602351372,56.348942498709675,33.870241893294015,12.766441620831234
q95_q05,0.00125,-0.64,rd_obs_sky,20,5.775493314479749,1.1320644968611742,5.101735219586169,2,5.77549331447975e-10,False,central,0.027325910602351372,56.348942498709675,41.42824417949171,11.045054294934667
q95_q05,0.00125,-0.64,rd_obs_redshift_sky,29,6.960841224720462,1.1653432360877338,5.973211161450814,2,6.960841224720462e-10,False,central,0.027325910602351372,56.348942498709675,42.646089751441146,9.433609657459902
q95_q05,0.00125,-0.61,rd_obs,2,1.402967374977055,0.019425548768466194,72.2227923493474,2,1.4029673749770552e-10,False,central,0.019425548768466194,72.2227923493474,1.0,1.0
q95_q05,0.00125,-0.61,rd_obs_redshift,11,2.966802309992937,0.8094613953224322,3.6651560249036614,2,2.9668023099929373e-10,False,central,0.019425548768466194,72.2227923493474,41.66993710038421,19.7052436127179
q95_q05,0.00125,-0.61,rd_obs_sky,20,4.248961176007252,0.9293935490628814,4.571756690469317,2,4.248961176007252e-10,False,central,0.019425548768466194,72.2227923493474,47.843876131395625,15.797601937108626
q95_q05,0.00125,-0.61,rd_obs_redshift_sky,29,5.047738528045868,0.9624074431548022,5.244908031362705,2,5.047738528045869e-10,False,central,0.019425548768466194,72.2227923493474,49.543385086607884,13.770077934156426
q95_q05,0.00125,-0.58,rd_obs,2,1.2770050722731932,0.01279964897899857,99.76875728142855,2,1.277005072273193e-10,False,central,0.01279964897899857,99.76875728142855,1.0,1.0
q95_q05,0.00125,-0.58,rd_obs_redshift,11,2.1953473721655086,0.695669553322712,3.155733008121337,2,2.1953473721655087e-10,False,central,0.01279964897899857,99.76875728142855,54.350674339909936,31.615081828745275
q95_q05,0.00125,-0.58,rd_obs_sky,20,3.155080859154284,0.7786272280780552,4.052107022948851,2,3.155080859154284e-10,False,central,0.01279964897899857,99.76875728142855,60.831920418724955,24.62145168338213
q95_q05,0.00125,-0.58,rd_obs_redshift_sky,29,3.684079411434307,0.8129913312089336,4.531511308928732,2,3.6840794114343073e-10,False,central,0.01279964897899857,99.76875728142855,63.51668960163477,22.016662980592734
q95_q05,0.00125,-0.55,rd_obs,2,1.1611559462260874,0.007258817995647268,159.96487953305507,2,1.1611559462260875e-10,False,central,0.007258817995647268,159.96487953305507,1.0,1.0
q95_q05,0.00125,-0.55,rd_obs_redshift,11,1.670100635819621,0.578341966505621,2.8877389719969235,2,1.670100635819621e-10,False,central,0.007258817995647268,159.96487953305507,79.67439972353932,55.39450798159796
q95_q05,0.00125,-0.55,rd_obs_sky,20,2.3505776766161124,0.6600374364926902,3.561279325467692,2,2.3505776766161123e-10,False,central,0.007258817995647268,159.96487953305507,90.9290516566857,44.91781321085993
q95_q05,0.00125,-0.55,rd_obs_redshift_sky,29,2.6928162496274783,0.6964088017909024,3.866717713363996,2,2.6928162496274784e-10,False,central,0.007258817995647268,159.96487953305507,95.93969737338809,41.369681313996836
q95_q05,0.00125,-0.525,rd_obs,2,1.0718607233131718,0.0033849163623134804,316.6579639151231,2,1.0718607233131719e-10,False,central,0.0033849163623134804,316.6579639151231,1.0,1.0
q95_q05,0.00125,-0.525,rd_obs_redshift,11,1.3710448300712934,0.4787678695423608,2.8636943230585468,2,1.3710448300712935e-10,False,central,0.0033849163623134804,316.6579639151231,141.44156555027507,110.57673347514235
q95_q05,0.00125,-0.525,rd_obs_sky,20,1.8538753031003234,0.5731944525580607,3.234286889600591,2,1.8538753031003236e-10,False,central,0.0033849163623134804,316.6579639151231,169.33784803069724,97.90657870620373
q95_q05,0.00125,-0.525,rd_obs_redshift_sky,29,2.085965589100399,0.6117506126754703,3.409829995882636,2,2.0859655891003991e-10,False,central,0.0033849163623134804,316.6579639151231,180.72842788273758,92.86620280116225
q95_q05,0.00125,-0.5,rd_obs,2,0.9887665687439332,0.00012286389130909025,8047.657926253374,2,9.887665687439332e-11,False,central,0.00012286389130909025,8047.657926253374,1.0,1.0
q95_q05,0.00125,-0.5,rd_obs_redshift,11,1.161395447679784,0.38366212192770194,3.0271308562971453,2,1.1613954476797841e-10,False,central,0.00012286389130909025,8047.657926253374,3122.6596996062763,2658.510090342593
q95_q05,0.00125,-0.5,rd_obs_sky,20,1.4847160343852535,0.4912936897026714,3.022053947576238,2,1.4847160343852536e-10,False,central,0.00012286389130909025,8047.657926253374,3998.6824808170663,2662.97626245481
q95_q05,0.00125,-0.5,rd_obs_redshift_sky,29,1.637409577214383,0.5319941126376867,3.0778716123302985,2,1.6374095772143831e-10,False,central,0.00012286389130909025,8047.657926253374,4329.946796975056,2614.682787291567
q95_q05,0.00125,-0.475,rd_obs,2,0.9114797050297051,0.0026368137705494103,345.67466053538845,2,9.114797050297051e-11,False,central,0.0026368137705494103,345.67466053538845,1.0,1.0
q95_q05,0.00125,-0.475,rd_obs_redshift,11,1.0107325148701247,0.29723090516726525,3.4004960362427314,2,1.0107325148701248e-10,False,central,0.0026368137705494103,345.67466053538845,112.72351065783981,101.65418716891979
q95_q05,0.00125,-0.475,rd_obs_sky,20,1.2145917610006576,0.4102853315101638,2.960358725304731,2,1.2145917610006577e-10,False,central,0.0026368137705494103,345.67466053538845,155.5989035299509,116.76782870285615
q95_q05,0.00125,-0.475,rd_obs_redshift_sky,29,1.3110043528855733,0.4516182104305603,2.9029040959967007,2,1.3110043528855732e-10,False,central,0.0026368137705494103,345.67466053538845,171.27421567449582,119.07891170503943
q95_q05,0.00125,-0.45,rd_obs,2,0.8448652773104992,0.004084158003927005,206.86400391418337,2,8.448652773104992e-11,False,one_sided,0.004084158003927005,206.86400391418337,1.0,1.0
q95_q05,0.00125,-0.45,rd_obs_redshift,11,0.9125895545921066,0.26444713055042995,3.450933850908532,2,9.125895545921066e-11,False,one_sided,0.004084158003927005,206.86400391418337,64.74948576821916,59.94435502138704
q95_q05,0.00125,-0.45,rd_obs_sky,20,1.059162565581279,0.38075230945291677,2.781762682157161,2,1.0591625655812791e-10,False,one_sided,0.004084158003927005,206.86400391418337,93.22663547463524,74.36436085689648
q95_q05,0.00125,-0.45,rd_obs_redshift_sky,29,1.1299796931377764,0.42294387031157277,2.6717013118202826,2,1.1299796931377763e-10,False,one_sided,0.004084158003927005,206.86400391418337,103.55717626617366,77.42781837137433
q95_q05,0.0015,-0.7125,rd_obs,2,1.9668574742371363,0.05451037518629537,36.08225897391421,2,1.9668574742371363e-10,False,one_sided,0.05451037518629537,36.08225897391421,1.0,1.0
q95_q05,0.0015,-0.7125,rd_obs_redshift,11,11.913924037385144,1.4213698346660946,8.38200146563821,2,1.1913924037385144e-09,False,one_sided,0.05451037518629537,36.08225897391421,26.075216503434483,4.30473069252403
q95_q05,0.0015,-0.7125,rd_obs_sky,20,21.532053980604335,3.492676140433035,6.1649157021282575,2,2.1532053980604336e-09,False,one_sided,0.05451037518629537,36.08225897391421,64.07360302504651,5.852838987150767
q95_q05,0.0015,-0.7125,rd_obs_redshift_sky,29,24.545564488268585,3.665211817668131,6.6969020371338,2,2.4545564488268585e-09,False,one_sided,0.05451037518629537,36.08225897391421,67.23879270949531,5.387903059331149
q95_q05,0.0015,-0.69,rd_obs,2,1.848858522341487,0.05121098007080769,36.10277561150232,2,1.848858522341487e-10,False,central,0.05121098007080769,36.10277561150232,1.0,1.0
q95_q05,0.0015,-0.69,rd_obs_redshift,11,9.170568681389877,1.1860135976699153,7.732262681816384,2,9.170568681389877e-10,False,central,0.05121098007080769,36.10277561150232,23.15936145002604,4.6691087844705015
q95_q05,0.0015,-0.69,rd_obs_sky,20,14.854872059530484,1.6185107170496524,9.178111644888643,2,1.4854872059530484e-09,False,central,0.05121098007080769,36.10277561150232,31.604759659194034,3.9335733763500484
q95_q05,0.0015,-0.69,rd_obs_redshift_sky,29,17.39447919070876,1.6745006193060135,10.387860709133566,2,1.7394479190708763e-09,False,central,0.05121098007080769,36.10277561150232,32.698077970598064,3.4754774464542844
q95_q05,0.0015,-0.6666666666666666,rd_obs,2,1.7228887756854387,0.041419891945817786,41.59568494140895,2,1.7228887756854388e-10,False,central,0.041419891945817786,41.59568494140895,1.0,1.0
q95_q05,0.0015,-0.6666666666666666,rd_obs_redshift,11,6.429050186632554,1.0897586829195147,5.899517285247801,2,6.429050186632554e-10,False,central,0.041419891945817786,41.59568494140895,26.310032009379707,7.050692951679652
q95_q05,0.0015,-0.6666666666666666,rd_obs_sky,20,9.201868292264763,1.395123629504649,6.5957368204938,2,9.201868292264763e-10,False,central,0.041419891945817786,41.59568494140895,33.682454587994556,6.30645007122871
q95_q05,0.0015,-0.6666666666666666,rd_obs_redshift_sky,29,11.140057196521848,1.4387753877581082,7.7427354480119535,2,1.114005719652185e-09,False,central,0.041419891945817786,41.59568494140895,34.736338511944936,5.372220866992062
q95_q05,0.0015,-0.64,rd_obs,2,1.5882512340054917,0.031790481151124636,49.9599621174436,2,1.5882512340054918e-10,False,central,0.031790481151124636,49.9599621174436,1.0,1.0
q95_q05,0.0015,-0.64,rd_obs_redshift,11,4.65277271984624,0.9790102607653978,4.7525270227593595,2,4.65277271984624e-10,False,central,0.031790481151124636,49.9599621174436,30.795704415778047,10.512294170699192
q95_q05,0.0015,-0.64,rd_obs_sky,20,6.441688978329851,1.1871310065704164,5.426266303109785,2,6.441688978329851e-10,False,central,0.031790481151124636,49.9599621174436,37.34234159360686,9.207060495503441
q95_q05,0.0015,-0.64,rd_obs_redshift_sky,29,7.841996309165038,1.2210377813796842,6.422402671524341,2,7.841996309165039e-10,False,central,0.031790481151124636,49.9599621174436,38.40891163537763,7.779014283697308
q95_q05,0.0015,-0.61,rd_obs,2,1.4479289499317056,0.022586808142334804,64.1050714561935,2,1.4479289499317056e-10,False,central,0.022586808142334804,64.1050714561935,1.0,1.0
q95_q05,0.0015,-0.61,rd_obs_redshift,11,3.3495141180773285,0.8596331608045402,3.896445915304711,2,3.3495141180773286e-10,False,central,0.022586808142334804,64.1050714561935,38.059081008144595,16.452190752705555
q95_q05,0.0015,-0.61,rd_obs_sky,20,4.705761759706146,0.9775097588248292,4.8140304659090605,2,4.705761759706146e-10,False,central,0.022586808142334804,64.1050714561935,43.277905964617794,13.316299493773183
q95_q05,0.0015,-0.61,rd_obs_redshift_sky,29,5.651522764386755,1.0105518797817832,5.592511257914967,2,5.651522764386755e-10,False,central,0.022586808142334804,64.1050714561935,44.740800621921,11.46266292543746
q95_q05,0.0015,-0.58,rd_obs,2,1.318658955561037,0.014874399419647044,88.65292092528249,2,1.3186589555610372e-10,False,central,0.014874399419647044,88.65292092528249,1.0,1.0
q95_q05,0.0015,-0.58,rd_obs_redshift,11,2.456178949255058,0.7450358536293613,3.2967258384815294,2,2.4561789492550583e-10,False,central,0.014874399419647044,88.65292092528249,50.088466270797525,26.891202140762783
q95_q05,0.0015,-0.58,rd_obs_sky,20,3.5066777851715463,0.8203712898058494,4.274500861678671,2,3.5066777851715465e-10,False,central,0.014874399419647044,88.65292092528249,55.1532378996258,20.73994690703301
q95_q05,0.0015,-0.58,rd_obs_redshift_sky,29,4.133829934510803,0.8544348891596311,4.838086537613862,2,4.1338299345108034e-10,False,central,0.014874399419647044,88.65292092528249,57.443320234566215,18.323963458703652
q95_q05,0.0015,-0.55,rd_obs,2,1.1996873956726688,0.00843081593631759,142.29789912797787,2,1.199687395672669e-10,False,central,0.00843081593631759,142.29789912797787,1.0,1.0
q95_q05,0.0015,-0.55,rd_obs_redshift,11,1.842800182907307,0.6283059384375093,2.932966362676819,2,1.842800182907307e-10,False,central,0.00843081593631759,142.29789912797787,74.52492655318727,48.51671704755161
q95_q05,0.0015,-0.55,rd_obs_sky,20,2.6160816324319027,0.6991557418563612,3.7417723631730775,2,2.6160816324319027e-10,False,central,0.00843081593631759,142.29789912797787,82.92859755656559,38.029544642664256
q95_q05,0.0015,-0.55,rd_obs_redshift_sky,29,3.023957465031435,0.7346720690245196,4.116064285724888,2,3.023957465031435e-10,False,central,0.00843081593631759,142.29789912797787,87.14127725879513,34.571350020330776
q95_q05,0.0015,-0.525,rd_obs,2,1.1079361633623257,0.003929640375217935,281.9433987775231,2,1.1079361633623258e-10,False,central,0.003929640375217935,281.9433987775231,1.0,1.0
q95_q05,0.0015,-0.525,rd_obs_redshift,11,1.4907167603546023,0.5280610379888767,2.823000852386317,2,1.4907167603546024e-10,False,central,0.003929640375217935,281.9433987775231,134.37897302742132,99.87364989252232
q95_q05,0.0015,-0.525,rd_obs_sky,20,2.0571023921908544,0.6118962358782919,3.361848417384314,2,2.0571023921908545e-10,False,central,0.003929640375217935,281.9433987775231,155.71303667816082,83.8655893345986
q95_q05,0.0015,-0.525,rd_obs_redshift_sky,29,2.3362542169161364,0.6492691465528236,3.5982831300702536,2,2.3362542169161363e-10,False,central,0.003929640375217935,281.9433987775231,165.22355344458606,78.3549789124066
q95_q05,0.0015,-0.5,rd_obs,2,1.022523954697987,0.00014256922703223413,7172.122455758281,2,1.022523954697987e-10,False,central,0.00014256922703223413,7172.122455758281,1.0,1.0
q95_q05,0.0015,-0.5,rd_obs_redshift,11,1.2445037495166542,0.4294959150161159,2.897591585870978,2,1.2445037495166542e-10,False,central,0.00014256922703223413,7172.122455758281,3012.5429165650817,2475.2012984612647
q95_q05,0.0015,-0.5,rd_obs_sky,20,1.6356734956963606,0.5300885760080144,3.085660717335721,2,1.6356734956963607e-10,False,central,0.00014256922703223413,7172.122455758281,3718.113558181558,2324.339294811054
q95_q05,0.0015,-0.5,rd_obs_redshift_sky,29,1.8219528901808955,0.5697459207564229,3.197834023562609,2,1.8219528901808955e-10,False,central,0.00014256922703223413,7172.122455758281,3996.2755821605633,2242.806350458439
q95_q05,0.0015,-0.475,rd_obs,2,0.9430421728211138,0.0030582754074946067,308.3575045301988,2,9.430421728211138e-11,False,central,0.0030582754074946067,308.3575045301988,1.0,1.0
q95_q05,0.0015,-0.475,rd_obs_redshift,11,1.0701428457654376,0.33681378976618365,3.1772536584928175,2,1.0701428457654377e-10,False,central,0.0030582754074946067,308.3575045301988,110.13193544989052,97.05158532305326
q95_q05,0.0015,-0.475,rd_obs_sky,20,1.323589173128066,0.44868569261310537,2.9499250698626045,2,1.323589173128066e-10,False,central,0.0030582754074946067,308.3575045301988,146.71199706656787,104.53062272004111
q95_q05,0.0015,-0.475,rd_obs_redshift_sky,29,1.4431181721623152,0.4898249051491872,2.946191908561246,2,1.4431181721623153e-10,False,central,0.0030582754074946067,308.3575045301988,160.16376548325988,104.66307494571296
q95_q05,0.0015,-0.45,rd_obs,2,0.8763835663138025,0.0047247302443581985,185.488593208108,2,8.763835663138026e-11,False,one_sided,0.0047247302443581985,185.488593208108,1.0,1.0
q95_q05,0.0015,-0.45,rd_obs_redshift,11,0.964860643318442,0.3001164842404521,3.2149538395411814,2,9.64860643318442e-11,False,one_sided,0.0047247302443581985,185.488593208108,63.52034269021417,57.69556966160976
q95_q05,0.0015,-0.45,rd_obs_sky,20,1.1540678742945658,0.41687281012285826,2.76839325153983,2,1.1540678742945658e-10,False,one_sided,0.0047247302443581985,185.488593208108,88.23208703198371,67.00225594934388
q95_q05,0.0015,-0.45,rd_obs_redshift_sky,29,1.2441707267335977,0.458966543219268,2.710809197565418,2,1.2441707267335977e-10,False,one_sided,0.0047247302443581985,185.488593208108,97.14132225163966,68.42554369916392
q95_q05,0.00175,-0.7125,rd_obs,2,2.0295691143176344,0.06163040278833102,32.9312972574294,2,2.0295691143176346e-10,False,one_sided,0.06163040278833102,32.9312972574294,1.0,1.0
q95_q05,0.00175,-0.7125,rd_obs_redshift,11,16.21005712306334,1.8207601542058747,8.902906341408467,2,1.6210057123063341e-09,False,one_sided,0.06163040278833102,32.9312972574294,29.543213606103738,3.6989378518183496
q95_q05,0.00175,-0.7125,rd_obs_sky,20,34.288552718468864,4.645747911382147,7.38063135850773,2,3.4288552718468866e-09,False,one_sided,0.06163040278833102,32.9312972574294,75.38078125722981,4.461853689450178
q95_q05,0.00175,-0.7125,rd_obs_redshift_sky,29,37.868569656161455,5.021695306921486,7.540993099275971,2,3.786856965616145e-09,False,one_sided,0.06163040278833102,32.9312972574294,81.48081271135686,4.36697087822441
q95_q05,0.00175,-0.69,rd_obs,2,1.9115899453853131,0.05778549248924195,33.08079351822082,2,1.9115899453853133e-10,False,central,0.05778549248924195,33.08079351822082,1.0,1.0
q95_q05,0.00175,-0.69,rd_obs_redshift,11,11.767859409123213,1.221082910353857,9.637232090745592,2,1.1767859409123214e-09,False,central,0.05778549248924195,33.08079351822082,21.131305761237364,3.43260317970214
q95_q05,0.00175,-0.69,rd_obs_sky,20,21.58860153048396,1.7025905712752754,12.679854977884467,2,2.158860153048396e-09,False,central,0.05778549248924195,33.08079351822082,29.463979589552693,2.60892522634672
q95_q05,0.00175,-0.69,rd_obs_redshift_sky,29,24.5401665500725,1.7500856134830085,14.022266317150523,2,2.45401665500725e-09,False,central,0.05778549248924195,33.08079351822082,30.28589942032294,2.3591616911283424
q95_q05,0.00175,-0.6666666666666666,rd_obs,2,1.7821283138048916,0.046716900666335215,38.14740037087083,2,1.7821283138048916e-10,False,central,0.046716900666335215,38.14740037087083,1.0,1.0
q95_q05,0.00175,-0.6666666666666666,rd_obs_redshift,11,7.561530323292045,1.128378813134309,6.70123387223862,2,7.561530323292045e-10,False,central,0.046716900666335215,38.14740037087083,24.15354608375022,5.692593498177265
q95_q05,0.00175,-0.6666666666666666,rd_obs_sky,20,11.260207689232091,1.4266125588042327,7.892968290332622,2,1.126020768923209e-09,False,central,0.046716900666335215,38.14740037087083,30.537397354192795,4.833086738431992
q95_q05,0.00175,-0.6666666666666666,rd_obs_redshift_sky,29,13.48835468147197,1.4709195643253832,9.170015144681427,2,1.348835468147197e-09,False,central,0.046716900666335215,38.14740037087083,31.485812272331376,4.160014980236556
q95_q05,0.00175,-0.64,rd_obs,2,1.643698412531508,0.03583776822364766,45.86497692250011,2,1.643698412531508e-10,False,central,0.03583776822364766,45.86497692250011,1.0,1.0
q95_q05,0.00175,-0.64,rd_obs_redshift,11,5.278705757444277,1.0172895294341167,5.188990552552566,2,5.278705757444276e-10,False,central,0.03583776822364766,45.86497692250011,28.385962069001135,8.83890160484841
q95_q05,0.00175,-0.64,rd_obs_sky,20,7.213099612080472,1.22451244488112,5.890589060351074,2,7.213099612080472e-10,False,central,0.03583776822364766,45.86497692250011,34.16821151472043,7.78614438260723
q95_q05,0.00175,-0.64,rd_obs_redshift_sky,29,8.839655216787333,1.2590933377515998,7.020651250980778,2,8.839655216787334e-10,False,central,0.03583776822364766,45.86497692250011,35.13314026404086,6.532866436869773
q95_q05,0.00175,-0.61,rd_obs,2,1.4993345735568009,0.025447806181084512,58.918028646071036,2,1.4993345735568008e-10,False,central,0.025447806181084512,58.918028646071036,1.0,1.0
q95_q05,0.00175,-0.61,rd_obs_redshift,11,3.7557571402116885,0.8944551919962638,4.198932684184561,2,3.7557571402116885e-10,False,central,0.025447806181084512,58.918028646071036,35.1486169625544,14.031667825490041
q95_q05,0.00175,-0.61,rd_obs_sky,20,5.162231553841628,1.011092853431938,5.105595926545756,2,5.162231553841628e-10,False,central,0.025447806181084512,58.918028646071036,39.732024294632076,11.539892598968882
q95_q05,0.00175,-0.61,rd_obs_redshift_sky,29,6.264002572951514,1.0441863685348864,5.9989315717084395,2,6.264002572951515e-10,False,central,0.025447806181084512,58.918028646071036,41.03247097626182,9.821420354906921
q95_q05,0.00175,-0.58,rd_obs,2,1.3662531217279419,0.0167489486197503,81.57247077090327,2,1.3662531217279418e-10,False,central,0.0167489486197503,81.57247077090327,1.0,1.0
q95_q05,0.00175,-0.58,rd_obs_redshift,11,2.7361835781312114,0.7791312093882651,3.51183927066601,2,2.7361835781312116e-10,False,central,0.0167489486197503,81.57247077090327,46.51821598339112,23.227848567065337
q95_q05,0.00175,-0.58,rd_obs_sky,20,3.85784141098438,0.8485622167791026,4.5463271103769305,2,3.85784141098438e-10,False,central,0.0167489486197503,81.57247077090327,50.66361095516653,17.9424992505962
q95_q05,0.00175,-0.58,rd_obs_redshift_sky,29,4.588123950102424,0.8825727739478897,5.1985786164454275,2,4.588123950102424e-10,False,central,0.0167489486197503,81.57247077090327,52.69421943937204,15.691302717410695
q95_q05,0.00175,-0.55,rd_obs,2,1.243687563159176,0.00948796779772499,131.0805000262949,2,1.243687563159176e-10,False,central,0.00948796779772499,131.0805000262949,1.0,1.0
q95_q05,0.00175,-0.55,rd_obs_redshift,11,2.033205533861545,0.6636048463968777,3.0638798750507608,2,2.033205533861545e-10,False,central,0.00948796779772499,131.0805000262949,69.94172625206377,42.78251934538499
q95_q05,0.00175,-0.55,rd_obs_sky,20,2.8885711268742136,0.7253705080971877,3.9822009505895055,2,2.888571126874214e-10,False,central,0.00948796779772499,131.0805000262949,76.45161994237753,32.91659603639299
q95_q05,0.00175,-0.55,rd_obs_redshift_sky,29,3.364424681151521,0.7603285162901098,4.424961854078082,2,3.364424681151521e-10,False,central,0.00948796779772499,131.0805000262949,80.13607681851747,29.622967236540138
q95_q05,0.00175,-0.525,rd_obs,2,1.149111807521432,0.0044203030787798026,259.96222137750726,2,1.149111807521432e-10,False,central,0.0044203030787798026,259.96222137750726,1.0,1.0
q95_q05,0.00175,-0.525,rd_obs_redshift,11,1.626116063142536,0.5643626545962103,2.881331799507514,2,1.626116063142536e-10,False,central,0.0044203030787798026,259.96222137750726,127.67510384197436,90.22293837243625
q95_q05,0.00175,-0.525,rd_obs_sky,20,2.2709403131947057,0.6381210903555143,3.55879212819859,2,2.270940313194706e-10,False,central,0.0044203030787798026,259.96222137750726,144.3613885705918,73.0478802955812
q95_q05,0.00175,-0.525,rd_obs_redshift_sky,29,2.598402537843565,0.6745026722156713,3.8523235635347186,2,2.598402537843565e-10,False,central,0.0044203030787798026,259.96222137750726,152.59195131974155,67.48192800787939
q95_q05,0.00175,-0.5,rd_obs,2,1.061035277549448,0.0001602936255039569,6619.322971912293,2,1.061035277549448e-10,False,central,0.0001602936255039569,6619.322971912293,1.0,1.0
q95_q05,0.00175,-0.5,rd_obs_redshift,11,1.3404151241483258,0.46503270363074056,2.882410449164201,2,1.3404151241483258e-10,False,central,0.0001602936255039569,6619.322971912293,2901.130361040222,2296.453988304014
q95_q05,0.00175,-0.5,rd_obs_sky,20,1.798649081297128,0.5569870114251686,3.229247800042779,2,1.798649081297128e-10,False,central,0.0001602936255039569,6619.322971912293,3474.792024162054,2049.8033541509585
q95_q05,0.00175,-0.5,rd_obs_redshift_sky,29,2.0193927533139657,0.5954814783044,3.391193222439215,2,2.0193927533139658e-10,False,central,0.0001602936255039569,6619.322971912293,3714.9417291687646,1951.9156054313978
q95_q05,0.00175,-0.475,rd_obs,2,0.9790324920752034,0.003436824783846454,284.8654073599532,2,9.790324920752035e-11,False,central,0.003436824783846454,284.8654073599532,1.0,1.0
q95_q05,0.00175,-0.475,rd_obs_redshift,11,1.1392966730885856,0.3690180394600764,3.0873739255553243,2,1.1392966730885856e-10,False,central,0.003436824783846454,284.8654073599532,107.37179305576228,92.26786720002328
q95_q05,0.00175,-0.475,rd_obs_sky,20,1.4444259986653294,0.476324663161575,3.032440077904097,2,1.4444259986653296e-10,False,central,0.003436824783846454,284.8654073599532,138.59439835291167,93.93933599401606
q95_q05,0.00175,-0.475,rd_obs_redshift_sky,29,1.588081845683301,0.5166260661460498,3.073948354039015,2,1.588081845683301e-10,False,central,0.003436824783846454,284.8654073599532,150.32074622316006,92.67085017406173
q95_q05,0.00175,-0.45,rd_obs,2,0.9122300738082334,0.005295581385868845,172.262497228822,2,9.122300738082335e-11,False,one_sided,0.005295581385868845,172.262497228822,1.0,1.0
q95_q05,0.00175,-0.45,rd_obs_redshift,11,1.0257763656533079,0.3293046692470098,3.114976681013527,2,1.0257763656533079e-10,False,one_sided,0.005295581385868845,172.262497228822,62.184799977912306,55.301376180053005
q95_q05,0.00175,-0.45,rd_obs_sky,20,1.2602872967622054,0.4427240735412457,2.8466653884019992,2,1.2602872967622055e-10,False,one_sided,0.005295581385868845,172.262497228822,83.6025435701255,60.51378498177585
q95_q05,0.00175,-0.45,rd_obs_redshift_sky,29,1.3706153800556913,0.4839515703108485,2.8321333458538565,2,1.3706153800556913e-10,False,one_sided,0.005295581385868845,172.262497228822,91.38780712581696,60.824289040277094
q95_q05,0.002,-0.7125,rd_obs,2,2.0996303285451816,0.06808445429725606,30.838615807629395,2,2.0996303285451817e-10,False,one_sided,0.06808445429725606,30.838615807629395,1.0,1.0
q95_q05,0.002,-0.7125,rd_obs_redshift,11,23.426754305053333,2.357812287998091,9.935801261322588,2,2.3426754305053335e-09,False,one_sided,0.06808445429725606,30.838615807629395,34.630699655811384,3.103787505057681
q95_q05,0.002,-0.7125,rd_obs_sky,20,59.32497717026545,6.102934023014644,9.72073054477507,2,5.932497717026545e-09,False,one_sided,0.06808445429725606,30.838615807629395,89.63770196892956,3.172458660959929
q95_q05,0.002,-0.7125,rd_obs_redshift_sky,29,63.717095014614834,6.840287704887688,9.314972960725928,2,6.371709501461483e-09,False,one_sided,0.06808445429725606,30.838615807629395,100.46768789572813,3.3106500617502705
q95_q05,0.002,-0.69,rd_obs,2,1.9815331323382628,0.06370949537062633,31.102634243307183,2,1.9815331323382628e-10,False,central,0.06370949537062633,31.102634243307183,1.0,1.0
q95_q05,0.002,-0.69,rd_obs_redshift,11,15.926493270720238,1.2507190232685579,12.73386985759507,2,1.5926493270720238e-09,False,central,0.06370949537062633,31.102634243307183,19.631595196172437,2.4425123384432994
q95_q05,0.002,-0.69,rd_obs_sky,20,34.21773022093582,1.7978047668292068,19.033062350416238,2,3.4217730220935822e-09,False,central,0.06370949537062633,31.102634243307183,28.21878836695505,1.6341371488559744
q95_q05,0.002,-0.69,rd_obs_redshift_sky,29,37.70880758432439,1.8487691970296691,20.396709142985163,2,3.770880758432439e-09,False,central,0.06370949537062633,31.102634243307183,29.018738671128386,1.5248849226250796
q95_q05,0.002,-0.6666666666666666,rd_obs,2,1.8481427015379934,0.05148366293305803,35.89765366813649,2,1.8481427015379935e-10,False,central,0.05148366293305803,35.89765366813649,1.0,1.0
q95_q05,0.002,-0.6666666666666666,rd_obs_redshift,11,9.075043035333268,1.1563626610560946,7.847921193724052,2,9.075043035333268e-10,False,central,0.05148366293305803,35.89765366813649,22.46076901248582,4.574160823230958
q95_q05,0.002,-0.6666666666666666,rd_obs_sky,20,14.650830856422,1.4592496400769006,10.039975651904166,2,1.4650830856422e-09,False,central,0.05148366293305803,35.89765366813649,28.34393586125174,3.5754721836728955
q95_q05,0.002,-0.6666666666666666,rd_obs_redshift_sky,29,17.169611971374938,1.5019912557029904,11.431232975679935,2,1.7169611971374937e-09,False,central,0.05148366293305803,35.89765366813649,29.174133504369422,3.140313362916242
q95_q05,0.002,-0.64,rd_obs,2,1.7054496496487512,0.03947445447692726,43.20388140247975,2,1.7054496496487512e-10,False,central,0.03947445447692726,43.20388140247975,1.0,1.0
q95_q05,0.002,-0.64,rd_obs_redshift,11,5.98447129879761,1.0462454149361393,5.719949844810445,2,5.98447129879761e-10,False,central,0.03947445447692726,43.20388140247975,26.50436665433002,7.553192348649255
q95_q05,0.002,-0.64,rd_obs_sky,20,8.200785738926623,1.2506282599848584,6.557332823285083,2,8.200785738926623e-10,False,central,0.03947445447692726,43.20388140247975,31.681964362948907,6.588636350600171
q95_q05,0.002,-0.64,rd_obs_redshift_sky,29,10.05790383630249,1.2860550744469217,7.820741145652702,2,1.005790383630249e-09,False,central,0.03947445447692726,43.20388140247975,32.57942615010977,5.524269451942595
q95_q05,0.002,-0.61,rd_obs,2,1.5565474775682435,0.028014216392117305,55.56277055124868,2,1.5565474775682436e-10,False,central,0.028014216392117305,55.56277055124868,1.0,1.0
q95_q05,0.002,-0.61,rd_obs_redshift,11,4.181235316767708,0.9199310234957536,4.545161767540943,2,4.1812353167677085e-10,False,central,0.028014216392117305,55.56277055124868,32.83800662561476,12.224596921510598
q95_q05,0.002,-0.61,rd_obs_sky,20,5.623601096390704,1.0361043717537177,5.427639579275355,2,5.623601096390705e-10,False,central,0.028014216392117305,55.56277055124868,36.98494925759404,10.237004454644882
q95_q05,0.002,-0.61,rd_obs_redshift_sky,29,6.889151959524797,1.069281934290903,6.442783459250489,2,6.889151959524798e-10,False,central,0.028014216392117305,55.56277055124868,38.16926089682735,8.624031973552079
q95_q05,0.002,-0.58,rd_obs,2,1.4191907907935617,0.018427646825666465,77.01421696539566,2,1.4191907907935617e-10,False,central,0.018427646825666465,77.01421696539566,1.0,1.0
q95_q05,0.002,-0.58,rd_obs_redshift,11,3.0286735608881745,0.8034490027334398,3.769590292083538,2,3.0286735608881744e-10,False,central,0.018427646825666465,77.01421696539566,43.60019542019749,20.430394551665763
q95_q05,0.002,-0.58,rd_obs_sky,20,4.201633356441577,0.868389211872692,4.838421872354567,2,4.201633356441577e-10,False,central,0.018427646825666465,77.01421696539566,47.12425954806009,15.9172182577617
q95_q05,0.002,-0.58,rd_obs_redshift_sky,29,5.039551704994204,0.9026034885402507,5.5833505730678,2,5.039551704994204e-10,False,central,0.018427646825666465,77.01421696539566,48.98094135834442,13.793548507752007
q95_q05,0.002,-0.55,rd_obs,2,1.2925983612384435,0.01043308725248779,123.89413890219512,2,1.2925983612384435e-10,False,central,0.01043308725248779,123.89413890219512,1.0,1.0
q95_q05,0.002,-0.55,rd_obs_redshift,11,2.2356401916247886,0.688878444940368,3.245333350237594,2,2.2356401916247888e-10,False,central,0.01043308725248779,123.89413890219512,66.02824535720274,38.176090259918816
q95_q05,0.002,-0.55,rd_obs_sky,20,3.1613059870152846,0.7434017378017523,4.2524866788222795,2,3.161305987015285e-10,False,central,0.01043308725248779,123.89413890219512,71.25424333286264,29.134515463434077
q95_q05,0.002,-0.55,rd_obs_redshift_sky,29,3.707116037441554,0.778147529569189,4.7640272526392895,2,3.707116037441554e-10,False,central,0.01043308725248779,123.89413890219512,74.58458946402831,26.006177616544342
q95_q05,0.002,-0.525,rd_obs,2,1.1948605640665002,0.004858352861861231,245.93943627403593,2,1.1948605640665002e-10,False,central,0.004858352861861231,245.93943627403593,1.0,1.0
q95_q05,0.002,-0.525,rd_obs_redshift,11,1.773102509664892,0.5910407739304097,2.999966479256236,2,1.773102509664892e-10,False,central,0.004858352861861231,245.93943627403593,121.65455880534427,81.98072810967216
q95_q05,0.002,-0.525,rd_obs_sky,20,2.489593267127514,0.6562353925357448,3.793750375924607,2,2.489593267127514e-10,False,central,0.004858352861861231,245.93943627403593,135.07363734060718,64.82752208336743
q95_q05,0.002,-0.525,rd_obs_redshift_sky,29,2.8662530799871995,0.6919675878835957,4.142178232298023,2,2.8662530799871997e-10,False,central,0.004858352861861231,245.93943627403593,142.42843357789857,59.37442149552125
q95_q05,0.002,-0.5,rd_obs,2,1.103803059641948,0.00017609475846510226,6268.233474199035,2,1.103803059641948e-10,False,central,0.00017609475846510226,6268.233474199035,1.0,1.0
q95_q05,0.002,-0.5,rd_obs_redshift,11,1.446575600673558,0.4922335352248689,2.938799364843587,2,1.446575600673558e-10,False,central,0.00017609475846510226,6268.233474199035,2795.276472254668,2132.923243820237
q95_q05,0.002,-0.5,rd_obs_sky,20,1.9688065166628843,0.5758373823171541,3.419032138449331,2,1.9688065166628844e-10,False,central,0.00017609475846510226,6268.233474199035,3270.042716412091,1833.335640138771
q95_q05,0.002,-0.5,rd_obs_redshift_sky,29,2.2244162742039815,0.6133951631406438,3.6264000889976873,2,2.2244162742039816e-10,False,central,0.00017609475846510226,6268.233474199035,3483.324367443929,1728.5002537961918
q95_q05,0.002,-0.475,rd_obs,2,1.0189816398888758,0.003773810469436971,270.0139946458153,2,1.0189816398888758e-10,False,central,0.003773810469436971,270.0139946458153,1.0,1.0
q95_q05,0.002,-0.475,rd_obs_redshift,11,1.2167690427669713,0.3947847769176082,3.0821072997475576,2,1.2167690427669715e-10,False,central,0.003773810469436971,270.0139946458153,104.61171278071834,87.60694174013052
q95_q05,0.002,-0.475,rd_obs_sky,20,1.573378558383589,0.4962164436813319,3.1707505432730203,2,1.573378558383589e-10,False,central,0.003773810469436971,270.0139946458153,131.48949786960665,85.15775396417412
q95_q05,0.002,-0.475,rd_obs_redshift_sky,29,1.7415289803429108,0.5356041047570551,3.251522840985044,2,1.7415289803429108e-10,False,central,0.003773810469436971,270.0139946458153,141.92660418289736,83.04231827693849
q95_q05,0.002,-0.45,rd_obs,2,0.9519160660580219,0.005799777367694868,164.12975976634127,2,9.51916066058022e-11,False,one_sided,0.005799777367694868,164.12975976634127,1.0,1.0
q95_q05,0.002,-0.45,rd_obs_redshift,11,1.0941344680294902,0.35278643021639,3.1014074644491756,2,1.0941344680294903e-10,False,one_sided,0.005799777367694868,164.12975976634127,60.82758144845921,52.92105653569499
q95_q05,0.002,-0.45,rd_obs_sky,20,1.3743960599314096,0.46118593722292295,2.9801343644766627,2,1.3743960599314095e-10,False,one_sided,0.005799777367694868,164.12975976634127,79.51786904644965,55.07461734704833
q95_q05,0.002,-0.45,rd_obs_redshift_sky,29,1.5052040425915383,0.5014264189802575,3.001844309784567,2,1.5052040425915384e-10,False,one_sided,0.005799777367694868,164.12975976634127,86.45614946760453,54.6763065730482
q95_q05,0.00225,-0.7125,rd_obs,2,2.176336581933048,0.0738953752022792,29.45159390524242,2,2.176336581933048e-10,False,one_sided,0.0738953752022792,29.45159390524242,1.0,1.0
q95_q05,0.00225,-0.7125,rd_obs_redshift,11,36.023735220346765,3.328391488517884,10.82316648886395,2,3.6023735220346767e-09,False,one_sided,0.0738953752022792,29.45159390524242,45.04194585123676,2.7211624191076997
q95_q05,0.00225,-0.7125,rd_obs_sky,20,115.62989715253664,10.580728731918239,10.928349084663989,2,1.1562989715253665e-08,False,one_sided,0.0738953752022792,29.45159390524242,143.18526298776936,2.6949719190954964
q95_q05,0.00225,-0.7125,rd_obs_redshift_sky,29,120.98132670173912,12.238844437848547,9.885028551192722,2,1.2098132670173913e-08,False,one_sided,0.0738953752022792,29.45159390524242,165.62395690320625,2.9794141466277106
q95_q05,0.00225,-0.69,rd_obs,2,2.0579575616525974,0.06901152290897909,29.82049192519466,2,2.0579575616525973e-10,False,central,0.06901152290897909,29.82049192519466,1.0,1.0
q95_q05,0.00225,-0.69,rd_obs_redshift,11,22.80832685091159,1.2942753168688275,17.622469156014333,2,2.280832685091159e-09,False,central,0.06901152290897909,29.82049192519466,18.754481314314386,1.6921857919675967
q95_q05,0.00225,-0.69,rd_obs_sky,20,59.1004315208062,2.00366390413085,29.49618017221446,2,5.91004315208062e-09,False,central,0.06901152290897909,29.82049192519466,29.03375870683986,1.0109950424457232
q95_q05,0.00225,-0.69,rd_obs_redshift_sky,29,63.32508547796018,2.1128640782760963,29.971206443922153,2,6.332508547796018e-09,False,central,0.06901152290897909,29.82049192519466,30.616105676479595,0.9949713562912628
q95_q05,0.00225,-0.6666666666666666,rd_obs,2,1.9202365825402763,0.055744589681753616,34.44704846699787,2,1.9202365825402764e-10,False,central,0.055744589681753616,34.44704846699787,1.0,1.0
q95_q05,0.00225,-0.6666666666666666,rd_obs_redshift,11,11.203674170781866,1.1783173935475932,9.508197224391852,2,1.1203674170781867e-09,False,central,0.055744589681753616,34.44704846699787,21.13778934017845,3.6228790436350167
q95_q05,0.00225,-0.6666666666666666,rd_obs_sky,20,20.27769201180307,1.4978046033560586,13.53827593156532,2,2.027769201180307e-09,False,central,0.055744589681753616,34.44704846699787,26.86905782080448,2.54441914473633
q95_q05,0.00225,-0.6666666666666666,rd_obs_redshift_sky,29,23.114457695199544,1.5396065162839616,15.01322412624575,2,2.3114457695199543e-09,False,central,0.055744589681753616,34.44704846699787,27.618940691349415,2.294447093930902
q95_q05,0.00225,-0.64,rd_obs,2,1.7728483714237482,0.04272046476063103,41.4988081556995,2,1.7728483714237482e-10,False,central,0.04272046476063103,41.4988081556995,1.0,1.0
q95_q05,0.00225,-0.64,rd_obs_redshift,11,6.81071189036536,1.0695594728778444,6.367772959870946,2,6.810711890365359e-10,False,central,0.04272046476063103,41.4988081556995,25.03623214004673,6.517004990162298
q95_q05,0.00225,-0.64,rd_obs_sky,20,9.595696973414618,1.2706290622055472,7.551926253566473,2,9.59569697341462e-10,False,central,0.04272046476063103,41.4988081556995,29.742866078940537,5.49512889325439
q95_q05,0.00225,-0.64,rd_obs_redshift_sky,29,11.677683112802182,1.3071163948601348,8.933927505401481,2,1.1677683112802182e-09,False,central,0.04272046476063103,41.4988081556995,30.596961015852656,4.645080020025816
q95_q05,0.00225,-0.61,rd_obs,2,1.6189532186710895,0.03030114738810922,53.42877607685574,2,1.6189532186710897e-10,False,central,0.03030114738810922,53.42877607685574,1.0,1.0
q95_q05,0.00225,-0.61,rd_obs_redshift,11,4.627253213197573,0.939907082400186,4.923096442024063,2,4.627253213197573e-10,False,central,0.03030114738810922,53.42877607685574,31.01886111312816,10.852677112067552
q95_q05,0.00225,-0.61,rd_obs_sky,20,6.109605529196533,1.0561445224481112,5.784819595555589,2,6.109605529196533e-10,False,central,0.03030114738810922,53.42877607685574,34.85493499373438,9.236031512184834
q95_q05,0.00225,-0.61,rd_obs_redshift_sky,29,7.545122799417815,1.0894094066081212,6.925883651867458,2,7.545122799417815e-10,False,central,0.03030114738810922,53.42877607685574,35.95274438471024,7.714362348903955
q95_q05,0.00225,-0.58,rd_obs,2,1.4768980047916447,0.01992107099433457,74.1374801189989,2,1.4768980047916448e-10,False,central,0.01992107099433457,74.1374801189989,1.0,1.0
q95_q05,0.00225,-0.58,rd_obs_redshift,11,3.3296914304813536,0.8214867100608348,4.053250514831548,2,3.3296914304813536e-10,False,central,0.01992107099433457,74.1374801189989,41.23707557161262,18.2908704625379
q95_q05,0.00225,-0.58,rd_obs_sky,20,4.535363170211698,0.882964365555925,5.13651892096028,2,4.5353631702116986e-10,False,central,0.01992107099433457,74.1374801189989,44.32313733569017,14.433409330289935
q95_q05,0.00225,-0.58,rd_obs_redshift_sky,29,5.485183149837107,0.9175902357249701,5.977813337892999,2,5.485183149837108e-10,False,central,0.01992107099433457,74.1374801189989,46.061290378711426,12.40210691241325
q95_q05,0.00225,-0.55,rd_obs,2,1.3458847074408367,0.0112725223321971,119.39516886976205,2,1.3458847074408368e-10,False,central,0.0112725223321971,119.39516886976205,1.0,1.0
q95_q05,0.00225,-0.55,rd_obs_redshift,11,2.4460980876030423,0.7074050127948881,3.457846697945704,2,2.4460980876030424e-10,False,central,0.0112725223321971,119.39516886976205,62.75481138541329,34.52876292656188
q95_q05,0.00225,-0.55,rd_obs_sky,20,3.430143541219541,0.7561220946002875,4.536494258950117,2,3.430143541219541e-10,False,central,0.0112725223321971,119.39516886976205,67.07656656759211,26.318818465207038
q95_q05,0.00225,-0.55,rd_obs_redshift_sky,29,4.047749035469422,0.7909602214959961,5.117512771772065,2,4.047749035469422e-10,False,central,0.0112725223321971,119.39516886976205,70.16710175297847,23.33070266640849
q95_q05,0.00225,-0.525,rd_obs,2,1.2446783166785942,0.0052468866319830805,237.2222622633955,2,1.2446783166785943e-10,False,central,0.0052468866319830805,237.2222622633955,1.0,1.0
q95_q05,0.00225,-0.525,rd_obs_redshift,11,1.9283387477890706,0.6108572935901562,3.1567745331413772,2,1.9283387477890707e-10,False,central,0.0052468866319830805,237.2222622633955,116.42281155201563,75.14704004765595
q95_q05,0.00225,-0.525,rd_obs_sky,20,2.70929807959012,0.6690087438647595,4.049719984134925,2,2.7092980795901197e-10,False,central,0.0052468866319830805,237.2222622633955,127.50585076237965,58.5774481180751
q95_q05,0.00225,-0.525,rd_obs_redshift_sky,29,3.135929273161898,0.7044158535214372,4.451815298427924,2,3.1359292731618983e-10,False,central,0.0052468866319830805,237.2222622633955,134.25406396768298,53.2866362059464
q95_q05,0.00225,-0.5,rd_obs,2,1.1503526593529936,0.00019009011975567032,6051.617310944847,2,1.1503526593529936e-10,False,central,0.00019009011975567032,6051.617310944847,1.0,1.0
q95_q05,0.00225,-0.5,rd_obs_redshift,11,1.5605908070396746,0.5130400787932107,3.0418496946876865,2,1.5605908070396747e-10,False,central,0.00019009011975567032,6051.617310944847,2698.9307989949166,1989.4531020100849
q95_q05,0.00225,-0.5,rd_obs_sky,20,2.1428167881723885,0.5892629813435876,3.6364354388706364,2,2.1428167881723887e-10,False,central,0.00019009011975567032,6051.617310944847,3099.9137782699518,1664.161900485793
q95_q05,0.00225,-0.5,rd_obs_redshift_sky,29,2.433544536677491,0.6261774104138783,3.886349932472037,2,2.433544536677491e-10,False,central,0.00019009011975567032,6051.617310944847,3294.1081378596987,1557.1467871127918
q95_q05,0.00225,-0.475,rd_obs,2,1.0624431693078407,0.004071863938987853,260.92305274127926,2,1.0624431693078408e-10,False,central,0.004071863938987853,260.92305274127926,1.0,1.0
q95_q05,0.00225,-0.475,rd_obs_redshift,11,1.3010504169027306,0.4152461452680298,3.133202876724934,2,1.3010504169027307e-10,False,central,0.004071863938987853,260.92305274127926,101.97937639616904,83.27678194079033
q95_q05,0.00225,-0.475,rd_obs_sky,20,1.7076263492764145,0.5106645421673497,3.343929739137457,2,1.7076263492764146e-10,False,central,0.004071863938987853,260.92305274127926,125.412968070413,78.02886815695551
q95_q05,0.00225,-0.475,rd_obs_redshift_sky,29,1.9003720810857514,0.5492826751298411,3.4597342445518344,2,1.9003720810857515e-10,False,central,0.004071863938987853,260.92305274127926,134.89710937305455,75.41707954943764
q95_q05,0.00225,-0.45,rd_obs,2,0.9949822923567457,0.0062423361303938305,159.3926170544059,2,9.949822923567457e-11,False,one_sided,0.0062423361303938305,159.3926170544059,1.0,1.0
q95_q05,0.00225,-0.45,rd_obs_redshift,11,1.168640155381817,0.37152258516684955,3.145542699260086,2,1.1686401553818172e-10,False,one_sided,0.0062423361303938305,159.3926170544059,59.51659401324326,50.672533261716396
q95_q05,0.00225,-0.45,rd_obs_sky,20,1.4937709788606321,0.47448442821386333,3.1481981073304013,2,1.493770978860632e-10,False,one_sided,0.0062423361303938305,159.3926170544059,76.01071430671709,50.629792541730204
q95_q05,0.00225,-0.45,rd_obs_redshift_sky,29,1.6450352284201668,0.5138739362492949,3.2012427803345784,2,1.645035228420167e-10,False,one_sided,0.0062423361303938305,159.3926170544059,82.32077310724286,49.79085561194048
q95_q05,0.0025,-0.7125,rd_obs,2,2.259014705378194,0.07910095981457933,28.55862571925238,2,2.2590147053781942e-10,False,one_sided,0.07910095981457933,28.55862571925238,1.0,1.0
q95_q05,0.0025,-0.7125,rd_obs_redshift,11,55.21646141409242,2.3160433236468316,23.84085861017005,2,5.521646141409242e-09,False,one_sided,0.07910095981457933,28.55862571925238,29.279585596380524,1.1978857886884084
q95_q05,0.0025,-0.7125,rd_obs_sky,20,216.2677408112767,6.899462848515295,31.345591035078282,2,2.162677408112767e-08,False,one_sided,0.07910095981457933,28.55862571925238,87.22350354140248,0.9110890806714392
q95_q05,0.0025,-0.7125,rd_obs_redshift_sky,29,223.17264953808925,7.900573696308807,28.247651134797565,2,2.2317264953808927e-08,False,one_sided,0.07910095981457933,28.55862571925238,99.87961858906077,1.011008865231691
q95_q05,0.0025,-0.69,rd_obs,2,2.1401721867818093,0.07373383126657813,29.025647386261625,2,2.1401721867818094e-10,False,one_sided,0.07373383126657813,29.025647386261625,1.0,1.0
q95_q05,0.0025,-0.69,rd_obs_redshift,11,34.55625991772976,1.7693039099454968,19.530991664848727,2,3.455625991772976e-09,False,one_sided,0.07373383126657813,29.025647386261625,23.995822264392245,1.4861328028981284
q95_q05,0.0025,-0.69,rd_obs_sky,20,116.74994797825609,3.5879330336029085,32.53961177224616,2,1.1674994797825609e-08,False,one_sided,0.07373383126657813,29.025647386261625,48.66060764740482,0.8920096401094225
q95_q05,0.0025,-0.69,rd_obs_redshift_sky,29,121.73083723762907,4.207926326051531,28.92893739226991,2,1.2173083723762908e-08,False,one_sided,0.07373383126657813,29.025647386261625,57.06913982047327,1.0033430192295123
q95_q05,0.0025,-0.6666666666666666,rd_obs,2,1.9977540660300201,0.05953507836392377,33.55591562033772,2,1.9977540660300203e-10,False,one_sided,0.05953507836392377,33.55591562033772,1.0,1.0
q95_q05,0.0025,-0.6666666666666666,rd_obs_redshift,11,14.211961142744569,1.3305331038179633,10.681403643369235,2,1.421196114274457e-09,False,one_sided,0.05953507836392377,33.55591562033772,22.348725161403685,3.141526782500018
q95_q05,0.0025,-0.6666666666666666,rd_obs_sky,20,29.321536590259456,1.7102773518772085,17.144316714523523,2,2.932153659025946e-09,False,one_sided,0.05953507836392377,33.55591562033772,28.727220974207675,1.9572617666303018
q95_q05,0.0025,-0.6666666666666666,rd_obs_redshift_sky,29,32.542619869677615,1.8469003170919556,17.62012793463468,2,3.2542619869677617e-09,False,one_sided,0.05953507836392377,33.55591562033772,31.022052340341155,1.9044081714287189
q95_q05,0.0025,-0.64,rd_obs,2,1.8452772219420759,0.04560405189873553,40.463010305302284,2,1.845277221942076e-10,False,one_sided,0.04560405189873553,40.463010305302284,1.0,1.0
q95_q05,0.0025,-0.64,rd_obs_redshift,11,7.807819584854307,1.138513066576757,6.857909508522899,2,7.807819584854307e-10,False,one_sided,0.04560405189873553,40.463010305302284,24.965173469779444,5.900196007983994
q95_q05,0.0025,-0.64,rd_obs_sky,20,11.63014531324739,1.3829020490218726,8.409955948415433,2,1.163014531324739e-09,False,one_sided,0.04560405189873553,40.463010305302284,30.324104798683834,4.8113225031727005
q95_q05,0.0025,-0.64,rd_obs_redshift_sky,29,13.925466075041072,1.4509388665108878,9.59755534602779,2,1.3925466075041073e-09,False,one_sided,0.04560405189873553,40.463010305302284,31.816007703278622,4.215970509828735
q95_q05,0.0025,-0.61,rd_obs,2,1.6859759986382996,0.03232953634550346,52.149711663674786,2,1.6859759986382997e-10,False,one_sided,0.03232953634550346,52.149711663674786,1.0,1.0
q95_q05,0.0025,-0.61,rd_obs_redshift,11,5.098597848435501,0.9692707628459937,5.260241042930964,2,5.098597848435502e-10,False,one_sided,0.03232953634550346,52.149711663674786,29.98096701689334,9.91393953966364
q95_q05,0.0025,-0.61,rd_obs_sky,20,6.657638226689464,1.0995646157447985,6.054794899142751,2,6.657638226689465e-10,False,one_sided,0.03232953634550346,52.149711663674786,34.01114708215514,8.61296089006388
q95_q05,0.0025,-0.61,rd_obs_redshift_sky,29,8.265567455579648,1.1424575719963725,7.234901022307629,2,8.265567455579648e-10,False,one_sided,0.03232953634550346,52.149711663674786,35.33788916076648,7.208075342410313
q95_q05,0.0025,-0.58,rd_obs,2,1.5388386175287765,0.021243574840653638,72.43783727887055,2,1.5388386175287766e-10,False,one_sided,0.021243574840653638,72.43783727887055,1.0,1.0
q95_q05,0.0025,-0.58,rd_obs_redshift,11,3.6369945705516944,0.8385809006689815,4.337082525550327,2,3.6369945705516947e-10,False,one_sided,0.021243574840653638,72.43783727887055,39.47456616690505,16.701973469983486
q95_q05,0.0025,-0.58,rd_obs_sky,20,4.864682670580565,0.8959755636798579,5.429481414203804,2,4.864682670580565e-10,False,one_sided,0.021243574840653638,72.43783727887055,42.176308385029316,13.341575696229372
q95_q05,0.0025,-0.58,rd_obs_redshift_sky,29,5.929161265547562,0.935643220575098,6.336989501086934,2,5.929161265547562e-10,False,one_sided,0.021243574840653638,72.43783727887055,44.043586241641684,11.430954283014964
q95_q05,0.0025,-0.55,rd_obs,2,1.4030482710006367,0.012014725155997432,116.77739214036637,2,1.4030482710006367e-10,False,one_sided,0.012014725155997432,116.77739214036637,1.0,1.0
q95_q05,0.0025,-0.55,rd_obs_redshift,11,2.6621819011730707,0.7222021275242915,3.6862005797449378,2,2.6621819011730707e-10,False,one_sided,0.012014725155997432,116.77739214036637,60.109750173002276,31.679608750006395
q95_q05,0.0025,-0.55,rd_obs_sky,20,3.695726235139879,0.7633113512745381,4.84170218216845,2,3.695726235139879e-10,False,one_sided,0.012014725155997432,116.77739214036637,63.53132022279455,24.119077908270963
q95_q05,0.0025,-0.55,rd_obs_redshift_sky,29,4.386373301750455,0.800540733087454,5.479263103619328,2,4.3863733017504547e-10,False,one_sided,0.012014725155997432,116.77739214036637,66.62996636987948,21.31260900087624
q95_q05,0.0025,-0.525,rd_obs,2,1.2980967026992216,0.005589967054077575,232.21902564744653,2,1.2980967026992216e-10,False,one_sided,0.005589967054077575,232.21902564744653,1.0,1.0
q95_q05,0.0025,-0.525,rd_obs_redshift,11,2.0895418664252774,0.6261152049084748,3.3373121272956876,2,2.0895418664252775e-10,False,one_sided,0.005589967054077575,232.21902564744653,112.00695797513833,69.5826511845087
q95_q05,0.0025,-0.525,rd_obs_sky,20,2.9294462867243167,0.6763721232323227,4.3311162392748415,2,2.929446286724317e-10,False,one_sided,0.005589967054077575,232.21902564744653,120.99751513543289,53.61643807701798
q95_q05,0.0025,-0.525,rd_obs_redshift_sky,29,3.4064952480275252,0.7127721130389003,4.779220715445712,2,3.4064952480275254e-10,False,one_sided,0.005589967054077575,232.21902564744653,127.50917959685863,48.58930764527155
q95_q05,0.0025,-0.5,rd_obs,2,1.2002441416277412,0.00020243166203004882,5929.132476566722,2,1.2002441416277412e-10,False,one_sided,0.00020243166203004882,5929.132476566722,1.0,1.0
q95_q05,0.0025,-0.5,rd_obs_redshift,11,1.6805825798500844,0.5291730618871312,3.175865706120431,2,1.6805825798500844e-10,False,one_sided,0.00020243166203004882,5929.132476566722,2614.082483838823,1866.9342551671125
q95_q05,0.0025,-0.5,rd_obs_sky,20,2.319479467983648,0.5977274653448961,3.880496718760079,2,2.3194794679836482e-10,False,one_sided,0.00020243166203004882,5929.132476566722,2952.7370340721195,1527.9313207256716
q95_q05,0.0025,-0.5,rd_obs_redshift_sky,29,2.6453884548849635,0.6348062260398556,4.167237727625683,2,2.6453884548849634e-10,False,one_sided,0.00020243166203004882,5929.132476566722,3135.903838726698,1422.7967934876833
q95_q05,0.0025,-0.475,rd_obs,2,1.109004228036197,0.004334342786424002,255.8644488178951,2,1.109004228036197e-10,False,one_sided,0.004334342786424002,255.8644488178951,1.0,1.0
q95_q05,0.0025,-0.475,rd_obs_redshift,11,1.3908022368500823,0.43152706734540675,3.2229779823680076,2,1.3908022368500823e-10,False,one_sided,0.004334342786424002,255.8644488178951,99.5599768197921,79.3875881925525
q95_q05,0.0025,-0.475,rd_obs_sky,20,1.8457376236509921,0.5204874449565707,3.546171269904502,2,1.8457376236509922e-10,False,one_sided,0.004334342786424002,255.8644488178951,120.08451352459659,72.15231001089958
q95_q05,0.0025,-0.475,rd_obs_redshift_sky,29,2.063012973065996,0.5588106443411769,3.6917925489737837,2,2.0630129730659958e-10,False,one_sided,0.004334342786424002,255.8644488178951,128.92626907393657,69.30629102900659
q95_q05,0.0025,-0.45,rd_obs,2,1.0410093599352985,0.006629264668425648,157.0324028385071,2,1.0410093599352986e-10,False,one_sided,0.006629264668425648,157.0324028385071,1.0,1.0
q95_q05,0.0025,-0.45,rd_obs_redshift,11,1.248105574421639,0.38647511729928663,3.2294590739592297,2,1.248105574421639e-10,False,one_sided,0.006629264668425648,157.0324028385071,58.298338749396876,48.6249861794934
q95_q05,0.0025,-0.45,rd_obs_sky,20,1.6168429028454963,0.48372406156594033,3.3424901329310686,2,1.6168429028454963e-10,False,one_sided,0.006629264668425648,157.0324028385071,72.96798148214795,46.9806630964692
q95_q05,0.0025,-0.45,rd_obs_redshift_sky,29,1.7884173363214635,0.5226083408590644,3.4220987238390808,2,1.7884173363214635e-10,False,one_sided,0.006629264668425648,157.0324028385071,78.83353086627874,45.88774769838911
iqr,0.00025,-0.7125,rd_obs,2,3.9653313471981586,0.02217830425820727,178.7932612445225,2,3.9653313471981586e-10,False,one_sided,0.02217830425820727,178.7932612445225,1.0,1.0
iqr,0.00025,-0.7125,rd_obs_redshift,11,16.48324873798242,1.106309928629823,14.899304716895298,2,1.6483248737982423e-09,False,one_sided,0.02217830425820727,178.7932612445225,49.882530050530065,12.000107699104719
iqr,0.00025,-0.7125,rd_obs_sky,20,25.06769775690379,2.0479333472374446,12.240485165554245,2,2.506769775690379e-09,False,one_sided,0.02217830425820727,178.7932612445225,92.3394919374681,14.60671360867801
iqr,0.00025,-0.7125,rd_obs_redshift_sky,29,29.749878025202666,2.173781350067649,13.685772961607586,2,2.9749878025202667e-09,False,one_sided,0.02217830425820727,178.7932612445225,98.01386637859036,13.064169758338643
iqr,0.00025,-0.69,rd_obs,2,3.7015605484983856,0.020981554809975086,176.41974496277956,2,3.701560548498386e-10,False,central,0.020981554809975086,176.41974496277956,1.0,1.0
iqr,0.00025,-0.69,rd_obs_redshift,11,12.355871417580367,1.313238732076947,9.408701644094059,2,1.2355871417580367e-09,False,central,0.020981554809975086,176.41974496277956,62.590153302299825,18.75070032362224
iqr,0.00025,-0.69,rd_obs_sky,20,19.062615056874396,2.5208823017348148,7.5618822202670595,2,1.9062615056874396e-09,False,central,0.020981554809975086,176.41974496277956,120.14754504925119,23.33013657498477
iqr,0.00025,-0.69,rd_obs_redshift_sky,29,22.430458640487675,2.7023747516786845,8.300276868170904,2,2.2430458640487676e-09,False,central,0.020981554809975086,176.41974496277956,128.7976404109917,21.254681953959494
iqr,0.00025,-0.6666666666666666,rd_obs,2,3.4437994040478332,0.01699746342895651,202.60666648536812,2,3.4437994040478336e-10,False,central,0.01699746342895651,202.60666648536812,1.0,1.0
iqr,0.00025,-0.6666666666666666,rd_obs_redshift,11,9.191016085597353,1.1766406656690576,7.8112344352565675,2,9.191016085597353e-10,False,central,0.01699746342895651,202.60666648536812,69.22448579383664,25.937855042589476
iqr,0.00025,-0.6666666666666666,rd_obs_sky,20,14.725780911305394,1.8954337499022982,7.769082360206179,2,1.4725780911305395e-09,False,central,0.01699746342895651,202.60666648536812,111.51274175847193,26.078583942311468
iqr,0.00025,-0.6666666666666666,rd_obs_redshift_sky,29,17.029655811379122,2.105072964704203,8.089817358787878,2,1.7029655811379122e-09,False,central,0.01699746342895651,202.60666648536812,123.84630056729796,25.04465274055647
iqr,0.00025,-0.64,rd_obs,2,3.168753769091184,0.013070240169956972,242.44036283088556,2,3.168753769091184e-10,False,central,0.013070240169956972,242.44036283088556,1.0,1.0
iqr,0.00025,-0.64,rd_obs_redshift,11,6.733442723971648,1.0220278025075251,6.588316587328915,2,6.733442723971648e-10,False,central,0.013070240169956972,242.44036283088556,78.19502849356513,36.7985295814659
iqr,0.00025,-0.64,rd_obs_sky,20,11.306589496000148,1.3468109174942768,8.395083043309377,2,1.130658949600015e-09,False,central,0.013070240169956972,242.44036283088556,103.04408335127866,28.87885224960378
iqr,0.00025,-0.64,rd_obs_redshift_sky,29,12.78770836375974,1.5716236660757315,8.136622424177432,2,1.2787708363759742e-09,False,central,0.013070240169956972,242.44036283088556,120.24443664686731,29.796191858490342
iqr,0.00025,-0.61,rd_obs,2,2.8827459686900685,0.009305752541717723,309.7810688352938,2,2.8827459686900686e-10,False,central,0.009305752541717723,309.7810688352938,1.0,1.0
iqr,0.00025,-0.61,rd_obs_redshift,11,4.957666234209716,0.840233126044863,5.900346083171456,2,4.957666234209717e-10,False,central,0.009305752541717723,309.7810688352938,90.29179771094222,52.502186222402976
iqr,0.00025,-0.61,rd_obs_sky,20,8.54106383181748,0.9292259438750275,9.191589933660069,2,8.54106383181748e-10,False,central,0.009305752541717723,309.7810688352938,99.8550025599009,33.70266418227165
iqr,0.00025,-0.61,rd_obs_redshift_sky,29,9.4592927259521,1.1441803343870116,8.267309305765917,2,9.4592927259521e-10,False,central,0.009305752541717723,309.7810688352938,122.95408987694944,37.47060347908375
iqr,0.00025,-0.58,rd_obs,2,2.619906078204513,0.006141040537096945,426.62250189981995,2,2.619906078204513e-10,False,central,0.006141040537096945,426.62250189981995,1.0,1.0
iqr,0.00025,-0.58,rd_obs_redshift,11,3.859484467367267,0.656744356808145,5.8766922431200115,2,3.859484467367267e-10,False,central,0.006141040537096945,426.62250189981995,106.94349806695917,72.59568550646453
iqr,0.00025,-0.58,rd_obs_sky,20,6.491744157309476,0.6775856509806242,9.580698983094479,2,6.491744157309476e-10,False,central,0.006141040537096945,426.62250189981995,110.3372705142473,44.52937125491702
iqr,0.00025,-0.58,rd_obs_redshift_sky,29,7.0934987397516664,0.8643657099716501,8.206594336076014,2,7.093498739751666e-10,False,central,0.006141040537096945,426.62250189981995,140.75232116612304,51.985328435743014
iqr,0.00025,-0.55,rd_obs,2,2.378627201006497,0.003487924547527866,681.9606240313872,2,2.378627201006497e-10,False,central,0.003487924547527866,681.9606240313872,1.0,1.0
iqr,0.00025,-0.55,rd_obs_redshift,11,3.174803206955999,0.48653302361793027,6.525360156126095,2,3.174803206955999e-10,False,central,0.003487924547527866,681.9606240313872,139.4906962545305,104.50926963642819
iqr,0.00025,-0.55,rd_obs_sky,20,4.956950799964733,0.5266875396866292,9.411558896787344,2,4.956950799964733e-10,False,central,0.003487924547527866,681.9606240313872,151.00313453165987,72.45990079966198
iqr,0.00025,-0.55,rd_obs_redshift_sky,29,5.389653453960078,0.6772052147847208,7.958670926173263,2,5.389653453960078e-10,False,central,0.003487924547527866,681.9606240313872,194.15707122010514,85.68775243472614
iqr,0.00025,-0.525,rd_obs,2,2.192934133898706,0.0016285373245858872,1346.5667017833543,2,2.1929341338987062e-10,False,central,0.0016285373245858872,1346.5667017833543,1.0,1.0
iqr,0.00025,-0.525,rd_obs_redshift,11,2.7902367525267024,0.36697770270556224,7.603286880798306,2,2.7902367525267025e-10,False,central,0.0016285373245858872,1346.5667017833543,225.34190476652367,177.10323481072857
iqr,0.00025,-0.525,rd_obs_sky,20,3.9865660498892406,0.4411867522072076,9.036005795606735,2,3.9865660498892407e-10,False,central,0.0016285373245858872,1346.5667017833543,270.9098192265227,149.02233710806703
iqr,0.00025,-0.525,rd_obs_redshift_sky,29,4.345533054553276,0.5610954410075395,7.74473064110119,2,4.345533054553276e-10,False,central,0.0016285373245858872,1346.5667017833543,344.53950335477737,173.8687585385012
iqr,0.00025,-0.5,rd_obs,2,2.0203244227687014,5.9188036582094365e-05,34133.999697159954,2,2.0203244227687015e-10,False,central,5.9188036582094365e-05,34133.999697159954,1.0,1.0
iqr,0.00025,-0.5,rd_obs_redshift,11,2.5036437194432715,0.2723645595296183,9.192252192308494,2,2.5036437194432714e-10,False,central,5.9188036582094365e-05,34133.999697159954,4601.682624694707,3713.3445626873863
iqr,0.00025,-0.5,rd_obs_sky,20,3.241879017880971,0.3729139982977599,8.693369068147542,2,3.241879017880971e-10,False,central,5.9188036582094365e-05,34133.999697159954,6300.496178489122,3926.4408803517554
iqr,0.00025,-0.5,rd_obs_redshift_sky,29,3.5627673226954517,0.46501287239536593,7.661653115843845,2,3.5627673226954516e-10,False,central,5.9188036582094365e-05,34133.999697159954,7856.534854816288,4455.1742530045985
iqr,0.00025,-0.475,rd_obs,2,1.859998159724746,0.001271894096358752,1462.3844587765998,2,1.859998159724746e-10,False,central,0.001271894096358752,1462.3844587765998,1.0,1.0
iqr,0.00025,-0.475,rd_obs_redshift,11,2.2752576995377645,0.19907520641231946,11.429136458235332,2,2.2752576995377646e-10,False,central,0.001271894096358752,1462.3844587765998,156.51869678634634,127.95231416830885
iqr,0.00025,-0.475,rd_obs_sky,20,2.6778431017888993,0.31081075275532705,8.6156707194005,2,2.6778431017888996e-10,False,central,0.001271894096358752,1462.3844587765998,244.36842158882024,169.7354165919605
iqr,0.00025,-0.475,rd_obs_redshift_sky,29,2.9801107094986437,0.378445407130496,7.874611907949614,2,2.9801107094986437e-10,False,central,0.001271894096358752,1462.3844587765998,297.5447470146534,185.7087658250544
iqr,0.00025,-0.45,rd_obs,2,1.711701558742065,0.001984261726995478,862.6390034412864,2,1.711701558742065e-10,False,one_sided,0.001984261726995478,862.6390034412864,1.0,1.0
iqr,0.00025,-0.45,rd_obs_redshift,11,2.082889822178209,0.1733982472928844,12.012173448674085,2,2.0828898221782088e-10,False,one_sided,0.001984261726995478,862.6390034412864,87.38678216378234,71.81373188850392
iqr,0.00025,-0.45,rd_obs_sky,20,2.261478031127082,0.2996043307505115,7.548215426199146,2,2.261478031127082e-10,False,one_sided,0.001984261726995478,862.6390034412864,150.99032888376337,114.28383461965691
iqr,0.00025,-0.45,rd_obs_redshift_sky,29,2.5524011533532773,0.35758186844266515,7.137949036592526,2,2.5524011533532773e-10,False,one_sided,0.001984261726995478,862.6390034412864,180.20902362719414,120.85250245119263
iqr,0.0005,-0.7125,rd_obs,2,4.001039370307859,0.04396073967967472,91.01392286530934,2,4.001039370307859e-10,False,one_sided,0.04396073967967472,91.01392286530934,1.0,1.0
iqr,0.0005,-0.7125,rd_obs_redshift,11,20.32083976588693,1.729301954137296,11.750891576378557,2,2.032083976588693e-09,False,one_sided,0.04396073967967472,91.01392286530934,39.337417130331865,7.745278073049707
iqr,0.0005,-0.7125,rd_obs_sky,20,32.641289042031914,2.7040272083915626,12.071361168532007,2,3.2641289042031918e-09,False,one_sided,0.04396073967967472,91.01392286530934,61.5100480131769,7.5396570108901395
iqr,0.0005,-0.7125,rd_obs_redshift_sky,29,38.26947480550604,2.8512413138807435,13.422039944215928,2,3.826947480550605e-09,False,one_sided,0.04396073967967472,91.01392286530934,64.85881117234743,6.780930711246373
iqr,0.0005,-0.69,rd_obs,2,3.737549344374753,0.04155904758683507,89.93346963896067,2,3.7375493443747535e-10,False,central,0.04155904758683507,89.93346963896067,1.0,1.0
iqr,0.0005,-0.69,rd_obs_redshift,11,15.137198207535622,2.223772080801396,6.806991749838196,2,1.5137198207535622e-09,False,central,0.04155904758683507,89.93346963896067,53.5087354000344,13.211925758702208
iqr,0.0005,-0.69,rd_obs_sky,20,23.085825848344943,3.9546568960984323,5.837630534047303,2,2.3085825848344945e-09,False,central,0.04155904758683507,89.93346963896067,95.15754392194432,15.405817328526384
iqr,0.0005,-0.69,rd_obs_redshift_sky,29,27.402392974777147,4.220480435608415,6.492718872378063,2,2.7402392974777148e-09,False,central,0.04155904758683507,89.93346963896067,101.55382956719548,13.851434415490269
iqr,0.0005,-0.6666666666666666,rd_obs,2,3.4778527048933188,0.03366206644919715,103.31667279375436,2,3.477852704893319e-10,False,central,0.03366206644919715,103.31667279375436,1.0,1.0
iqr,0.0005,-0.6666666666666666,rd_obs_redshift,11,10.846324319028465,2.055212230231092,5.2774716690980785,2,1.0846324319028466e-09,False,central,0.03366206644919715,103.31667279375436,61.054250288906715,19.576926087300286
iqr,0.0005,-0.6666666666666666,rd_obs_sky,20,16.145148128677288,3.3186040758345388,4.865041975402631,2,1.6145148128677289e-09,False,central,0.03366206644919715,103.31667279375436,98.58586907737771,21.23654293552192
iqr,0.0005,-0.6666666666666666,rd_obs_redshift_sky,29,19.196199764912155,3.5992932178209944,5.333324795509019,2,1.9196199764912156e-09,False,central,0.03366206644919715,103.31667279375436,106.9243096900499,19.371907160192688
iqr,0.0005,-0.64,rd_obs,2,3.200698308144552,0.02587958552363445,123.67656758727935,2,3.2006983081445524e-10,False,central,0.02587958552363445,123.67656758727935,1.0,1.0
iqr,0.0005,-0.64,rd_obs_redshift,11,7.657799997170164,1.8401818396546443,4.1614365668380575,2,7.657799997170165e-10,False,central,0.02587958552363445,123.67656758727935,71.10553752779789,29.71968107668436
iqr,0.0005,-0.64,rd_obs_sky,20,11.764807598213519,2.503345585030043,4.69963382945081,2,1.1764807598213519e-09,False,central,0.02587958552363445,123.67656758727935,96.73051304256286,26.316213576522824
iqr,0.0005,-0.64,rd_obs_redshift_sky,29,13.724742097787635,2.8446303586293413,4.824789293326945,2,1.3724742097787636e-09,False,central,0.02587958552363445,123.67656758727935,109.91792569596959,25.633568653108554
iqr,0.0005,-0.61,rd_obs,2,2.9124340549372536,0.01842178749391797,158.097256083255,2,2.912434054937254e-10,False,central,0.01842178749391797,158.097256083255,1.0,1.0
iqr,0.0005,-0.61,rd_obs_redshift,11,5.418928024733625,1.562898556225864,3.467229528843779,2,5.418928024733625e-10,False,central,0.01842178749391797,158.097256083255,84.83968001160915,45.59757430768532
iqr,0.0005,-0.61,rd_obs_sky,20,8.805375831863808,1.7420352100339322,5.054648597884707,2,8.805375831863808e-10,False,central,0.01842178749391797,158.097256083255,94.56385329648778,31.277595864807747
iqr,0.0005,-0.61,rd_obs_redshift_sky,29,9.971714347801532,2.111649716904286,4.722238858071703,2,9.971714347801532e-10,False,central,0.01842178749391797,158.097256083255,114.62784040915986,33.47930099152439
iqr,0.0005,-0.58,rd_obs,2,2.6474573892584026,0.012154265066921894,217.82126477260377,2,2.6474573892584025e-10,False,central,0.012154265066921894,217.82126477260377,1.0,1.0
iqr,0.0005,-0.58,rd_obs_redshift,11,4.0748840227401475,1.2576406736956305,3.2401019686854813,2,4.0748840227401475e-10,False,central,0.012154265066921894,217.82126477260377,103.47319782570217,67.22666967823068
iqr,0.0005,-0.58,rd_obs_sky,20,6.7515431053623916,1.2565807672158222,5.3729479883108775,2,6.751543105362392e-10,False,central,0.012154265066921894,217.82126477260377,103.38599333625157,40.54036354836954
iqr,0.0005,-0.58,rd_obs_redshift_sky,29,7.469144889058215,1.597299490758381,4.676107976164158,2,7.469144889058215e-10,False,central,0.012154265066921894,217.82126477260377,131.4188461386668,46.58174402364506
iqr,0.0005,-0.55,rd_obs,2,2.4041552379523163,0.006901777451071971,348.3385627826796,2,2.4041552379523166e-10,False,central,0.006901777451071971,348.3385627826796,1.0,1.0
iqr,0.0005,-0.55,rd_obs_redshift,11,3.274432411192174,0.9500735813758183,3.4465040133527456,2,3.274432411192174e-10,False,central,0.006901777451071971,348.3385627826796,137.65636288783185,101.07011668436076
iqr,0.0005,-0.55,rd_obs_sky,20,5.201168032315289,0.9710571229073632,5.35619162829772,2,5.201168032315289e-10,False,central,0.006901777451071971,348.3385627826796,140.69667267473838,65.03474613237222
iqr,0.0005,-0.55,rd_obs_redshift_sky,29,5.680473906269849,1.2537361840927732,4.5308366930323105,2,5.680473906269849e-10,False,central,0.006901777451071971,348.3385627826796,181.6541018572028,76.88172988410014
iqr,0.0005,-0.525,rd_obs,2,2.2168670283997773,0.0032219118611027764,688.0594888902398,2,2.2168670283997775e-10,False,central,0.0032219118611027764,688.0594888902398,1.0,1.0
iqr,0.0005,-0.525,rd_obs_redshift,11,2.8476822406782842,0.7226369575849433,3.940681708551489,2,2.8476822406782845e-10,False,central,0.0032219118611027764,688.0594888902398,224.28824522145788,174.6041775962555
iqr,0.0005,-0.525,rd_obs_sky,20,4.195867177716181,0.8156585943510124,5.144146346002359,2,4.1958671777161815e-10,False,central,0.0032219118611027764,688.0594888902398,253.15980992473013,133.75581536962832
iqr,0.0005,-0.525,rd_obs_redshift_sky,29,4.571143249713987,1.0451020142497551,4.373872777381893,2,4.5711432497139865e-10,False,central,0.0032219118611027764,688.0594888902398,324.37324771883857,157.31127170600914
iqr,0.0005,-0.5,rd_obs,2,2.0427494699375743,0.0001170765546365746,17447.980736011694,2,2.0427494699375745e-10,False,central,0.0001170765546365746,17447.980736011694,1.0,1.0
iqr,0.0005,-0.5,rd_obs_redshift,11,2.5419382118041933,0.5383952356041379,4.7213237482532,2,2.5419382118041934e-10,False,central,0.0001170765546365746,17447.980736011694,4598.659716929727,3695.569646641393
iqr,0.0005,-0.5,rd_obs_sky,20,3.4072640095867546,0.6946196035153632,4.905222934024773,2,3.4072640095867546e-10,False,central,0.0001170765546365746,17447.980736011694,5933.037623729019,3557.0209490347243
iqr,0.0005,-0.5,rd_obs_redshift_sky,29,3.729089882152007,0.8742579522995209,4.265434329014168,2,3.729089882152007e-10,False,central,0.0001170765546365746,17447.980736011694,7467.4041699754935,4090.551955595174
iqr,0.0005,-0.475,rd_obs,2,1.8809926614780221,0.002515395968303094,747.7918726040396,2,1.8809926614780221e-10,False,central,0.002515395968303094,747.7918726040396,1.0,1.0
iqr,0.0005,-0.475,rd_obs_redshift,11,2.3045534199684927,0.3940847603446797,5.84786231762135,2,2.3045534199684928e-10,False,central,0.002515395968303094,747.7918726040396,156.66907529096994,127.87439785487426
iqr,0.0005,-0.475,rd_obs_sky,20,2.80005495300775,0.5849843983434441,4.786546377881071,2,2.80005495300775e-10,False,central,0.002515395968303094,747.7918726040396,232.56155520439955,156.22785481816962
iqr,0.0005,-0.475,rd_obs_redshift_sky,29,3.0973003736024296,0.7192874431853182,4.306067626992394,2,3.0973003736024296e-10,False,central,0.002515395968303094,747.7918726040396,285.95396201996584,173.66003913095545
iqr,0.0005,-0.45,rd_obs,2,1.7328329073972595,0.003920128566374092,442.03471341758484,2,1.7328329073972595e-10,False,one_sided,0.003920128566374092,442.03471341758484,1.0,1.0
iqr,0.0005,-0.45,rd_obs_redshift,11,2.1097533897378558,0.3431594574405245,6.148026359155533,2,2.109753389737856e-10,False,one_sided,0.003920128566374092,442.03471341758484,87.5378068933919,71.89863666724762
iqr,0.0005,-0.45,rd_obs_sky,20,2.370249922449067,0.5638907200843202,4.203385227007526,2,2.3702499224490674e-10,False,one_sided,0.003920128566374092,442.03471341758484,143.84495572957414,105.16159941216671
iqr,0.0005,-0.45,rd_obs_redshift_sky,29,2.6530248579739357,0.6808884405053706,3.896416358610526,2,2.653024857973936e-10,False,one_sided,0.003920128566374092,442.03471341758484,173.6903341247187,113.44647818263851
iqr,0.00075,-0.7125,rd_obs,2,4.059868490505833,0.06498559643652249,62.47335891533267,2,4.0598684905058333e-10,False,one_sided,0.06498559643652249,62.47335891533267,1.0,1.0
iqr,0.00075,-0.7125,rd_obs_redshift,11,27.17997323717389,1.975700429928013,13.75713282512381,2,2.717997323717389e-09,False,one_sided,0.06498559643652249,62.47335891533267,30.402128137084414,4.541161280440747
iqr,0.00075,-0.7125,rd_obs_sky,20,49.711800232813104,3.643834040280918,13.642717995186361,2,4.971180023281311e-09,False,one_sided,0.06498559643652249,62.47335891533267,56.07141028304928,4.579245787926974
iqr,0.00075,-0.7125,rd_obs_redshift_sky,29,56.54230177392006,3.698148331468304,15.289354754321236,2,5.654230177392006e-09,False,one_sided,0.06498559643652249,62.47335891533267,56.90719996823652,4.0860690277119645
iqr,0.00075,-0.69,rd_obs,2,3.7967866722436168,0.06136596725159961,61.8712104166279,2,3.796786672243617e-10,False,central,0.06136596725159961,61.8712104166279,1.0,1.0
iqr,0.00075,-0.69,rd_obs_redshift,11,20.069503722746997,2.66595737393307,7.528066247037771,2,2.0069503722746997e-09,False,central,0.06136596725159961,61.8712104166279,43.44358108139455,8.218738834952958
iqr,0.00075,-0.69,rd_obs_sky,20,33.889631028379505,4.151760356405592,8.162713673030886,2,3.3889631028379504e-09,False,central,0.06136596725159961,61.8712104166279,67.65574702641665,7.579735477068938
iqr,0.00075,-0.69,rd_obs_redshift_sky,29,39.25798874178219,4.475207126753675,8.772328884419707,2,3.925798874178219e-09,False,central,0.06136596725159961,61.8712104166279,72.92653122219012,7.052997126739704
iqr,0.00075,-0.6666666666666666,rd_obs,2,3.533889090540109,0.049692437645608815,71.11522915705443,2,3.5338890905401093e-10,False,central,0.049692437645608815,71.11522915705443,1.0,1.0
iqr,0.00075,-0.6666666666666666,rd_obs_redshift,11,13.725503786151961,2.542459562345685,5.398514096125386,2,1.372550378615196e-09,False,central,0.049692437645608815,71.11522915705443,51.16391311848545,13.173111691621802
iqr,0.00075,-0.6666666666666666,rd_obs_sky,20,20.979294600048693,3.832813608662762,5.473601573693066,2,2.0979294600048693e-09,False,central,0.049692437645608815,71.11522915705443,77.13072230421076,12.992401474532723
iqr,0.00075,-0.6666666666666666,rd_obs_redshift_sky,29,24.900474958108564,4.141294761572542,6.0127270314497725,2,2.4900474958108564e-09,False,central,0.049692437645608815,71.11522915705443,83.33853112835766,11.827450137863204
iqr,0.00075,-0.64,rd_obs,2,3.2532487834050183,0.03819231994659007,85.18070617219676,2,3.253248783405018e-10,False,central,0.03819231994659007,85.18070617219676,1.0,1.0
iqr,0.00075,-0.64,rd_obs_redshift,11,9.286760783109242,2.3471524819953227,3.956607359064518,2,9.286760783109242e-10,False,central,0.03819231994659007,85.18070617219676,61.45613791667253,21.52872358614237
iqr,0.00075,-0.64,rd_obs_sky,20,13.620012891489477,3.2105101870287798,4.242320409546604,2,1.3620012891489478e-09,False,central,0.03819231994659007,85.18070617219676,84.06166976812374,20.078800738509145
iqr,0.00075,-0.64,rd_obs_redshift_sky,29,16.256813839349714,3.5631580002136025,4.562473468304004,2,1.6256813839349714e-09,False,central,0.03819231994659007,85.18070617219676,93.29514429069744,18.669852386859084
iqr,0.00075,-0.61,rd_obs,2,2.9612565758305127,0.0271770985780999,108.96146869102428,2,2.961256575830513e-10,False,central,0.0271770985780999,108.96146869102428,1.0,1.0
iqr,0.00075,-0.61,rd_obs_redshift,11,6.275741589003741,2.06525787901789,3.0387205650018383,2,6.275741589003741e-10,False,central,0.0271770985780999,108.96146869102428,75.99258151428037,35.857679691241486
iqr,0.00075,-0.61,rd_obs_sky,20,9.59602259639113,2.3452041844542286,4.091764231021231,2,9.596022596391131e-10,False,central,0.0271770985780999,108.96146869102428,86.29339801357834,26.62945921100382
iqr,0.00075,-0.61,rd_obs_redshift_sky,29,11.169243439131892,2.7770626263824245,4.021963110598499,2,1.1169243439131892e-09,False,central,0.0271770985780999,108.96146869102428,102.18392586691586,27.091613148786436
iqr,0.00075,-0.58,rd_obs,2,2.6927516960614235,0.017924730439757217,150.22550576765582,2,2.6927516960614236e-10,False,central,0.017924730439757217,150.22550576765582,1.0,1.0
iqr,0.00075,-0.58,rd_obs_redshift,11,4.499511156062275,1.7299765544143426,2.6009087490700225,2,4.499511156062275e-10,False,central,0.017924730439757217,150.22550576765582,96.51339305930307,57.75885287070154
iqr,0.00075,-0.58,rd_obs_sky,20,7.284736445304129,1.6926105844587844,4.303846680501197,2,7.28473644530413e-10,False,central,0.017924730439757217,150.22550576765582,94.42878877020982,34.90493898127467
iqr,0.00075,-0.58,rd_obs_redshift_sky,29,8.208782709898358,2.1296451863132244,3.8545306808169055,2,8.208782709898359e-10,False,central,0.017924730439757217,150.22550576765582,118.81044423349609,38.97374757328899
iqr,0.00075,-0.55,rd_obs,2,2.446110661767641,0.010175098372569967,240.4016720233258,2,2.4461106617676413e-10,False,central,0.010175098372569967,240.4016720233258,1.0,1.0
iqr,0.00075,-0.55,rd_obs_redshift,11,3.4734269494787813,1.3538634330954917,2.5655667067815626,2,3.4734269494787813e-10,False,central,0.010175098372569967,240.4016720233258,133.05654486301944,93.70314612669085
iqr,0.00075,-0.55,rd_obs_sky,20,5.634265771852939,1.3019043622831166,4.327710955643678,2,5.63426577185294e-10,False,central,0.010175098372569967,240.4016720233258,127.95005164694926,55.54938268458594
iqr,0.00075,-0.55,rd_obs_redshift_sky,29,6.2070395164471845,1.6812632941532015,3.6918902220924723,2,6.207039516447185e-10,False,central,0.010175098372569967,240.4016720233258,165.23312429937303,65.11614852054622
iqr,0.00075,-0.525,rd_obs,2,2.256191254544853,0.00474863344963549,475.1243233393895,2,2.256191254544853e-10,False,central,0.00474863344963549,475.1243233393895,1.0,1.0
iqr,0.00075,-0.525,rd_obs_redshift,11,2.95894282662963,1.0486189611814738,2.821752167532622,2,2.95894282662963e-10,False,central,0.00474863344963549,475.1243233393895,220.8254168916674,168.3791825540953
iqr,0.00075,-0.525,rd_obs_sky,20,4.55409544494606,1.0967233842419468,4.152455861141178,2,4.55409544494606e-10,False,central,0.00474863344963549,475.1243233393895,230.95557824664957,114.42007795570302
iqr,0.00075,-0.525,rd_obs_redshift_sky,29,4.971046060502094,1.4127318988385984,3.518746950209571,2,4.971046060502094e-10,False,central,0.00474863344963549,475.1243233393895,297.50283188251586,135.02656771356968
iqr,0.00075,-0.5,rd_obs,2,2.079587243672283,0.00017250399410861125,12055.299092744146,2,2.079587243672283e-10,False,central,0.00017250399410861125,12055.299092744146,1.0,1.0
iqr,0.00075,-0.5,rd_obs_redshift,11,2.6127874057331466,0.7885740103038826,3.3133065147890055,2,2.6127874057331467e-10,False,central,0.00017250399410861125,12055.299092744146,4571.33769208488,3638.44969939699
iqr,0.00075,-0.5,rd_obs_sky,20,3.6887402779555645,0.9418961121603044,3.916292073331932,2,3.688740277955565e-10,False,central,0.00017250399410861125,12055.299092744146,5460.140891388704,3078.2431103223744
iqr,0.00075,-0.5,rd_obs_redshift_sky,29,4.023348688744832,1.1960193629586497,3.3639494588048175,2,4.0233486887448323e-10,False,central,0.00017250399410861125,12055.299092744146,6933.285047334133,3583.674261570889
iqr,0.00075,-0.475,rd_obs,2,1.915472327613128,0.003705175967817818,516.9720262277463,2,1.9154723276131282e-10,False,central,0.003705175967817818,516.9720262277463,1.0,1.0
iqr,0.00075,-0.475,rd_obs_redshift,11,2.356461698700571,0.5796208712210985,4.06552250911215,2,2.356461698700571e-10,False,central,0.003705175967817818,516.9720262277463,156.43545036876324,127.16004525102119
iqr,0.00075,-0.475,rd_obs_sky,20,3.009322163172728,0.8032780034991053,3.746302214257109,2,3.009322163172728e-10,False,central,0.003705175967817818,516.9720262277463,216.79888093741468,137.99528085596845
iqr,0.00075,-0.475,rd_obs_redshift_sky,29,3.305120845968403,0.9986369469584447,3.309632050000585,2,3.305120845968403e-10,False,central,0.003705175967817818,516.9720262277463,269.5248365077238,156.20226611826982
iqr,0.00075,-0.45,rd_obs,2,1.7674908297316543,0.0057648908268220075,306.5957158300625,2,1.7674908297316544e-10,False,one_sided,0.0057648908268220075,306.5957158300625,1.0,1.0
iqr,0.00075,-0.45,rd_obs_redshift,11,2.1563729202597317,0.5047891702934433,4.27182880925554,2,2.1563729202597317e-10,False,one_sided,0.0057648908268220075,306.5957158300625,87.56265911313307,71.77153615467412
iqr,0.00075,-0.45,rd_obs_sky,20,2.5572830644613216,0.7731631813470491,3.307559291695547,2,2.5572830644613216e-10,False,one_sided,0.0057648908268220075,306.5957158300625,134.11584097131433,92.69545570954617
iqr,0.00075,-0.45,rd_obs_redshift_sky,29,2.8322859307360106,0.9467489603107664,2.991591276536839,2,2.8322859307360105e-10,False,one_sided,0.0057648908268220075,306.5957158300625,164.2266937486269,102.4858302785892
iqr,0.001,-0.7125,rd_obs,2,4.1408510805161125,0.0849528982257321,48.742905386385694,2,4.1408510805161127e-10,False,one_sided,0.0849528982257321,48.742905386385694,1.0,1.0
iqr,0.001,-0.7125,rd_obs_redshift,11,38.10691860027097,2.286990650769265,16.66247240121122,2,3.810691860027097e-09,False,one_sided,0.0849528982257321,48.742905386385694,26.920690153411847,2.9253104949084565
iqr,0.001,-0.7125,rd_obs_sky,20,77.6624731743188,5.465660788913076,14.209164485994947,2,7.766247317431881e-09,False,one_sided,0.0849528982257321,48.742905386385694,64.33754354548361,3.4303850472297945
iqr,0.001,-0.7125,rd_obs_redshift_sky,29,86.4307641582366,5.591949679046517,15.456284322818496,2,8.64307641582366e-09,False,one_sided,0.0849528982257321,48.742905386385694,65.82411896281515,3.153597874388564
iqr,0.001,-0.69,rd_obs,2,3.8782253531582023,0.08010312806290472,48.415404578366086,2,3.8782253531582023e-10,False,central,0.08010312806290472,48.415404578366086,1.0,1.0
iqr,0.001,-0.69,rd_obs_redshift,11,27.706838454590986,2.815875443170999,9.839511375329124,2,2.7706838454590987e-09,False,central,0.08010312806290472,48.415404578366086,35.15312711583125,4.920509030535739
iqr,0.001,-0.69,rd_obs_sky,20,52.39798242996122,4.129256596710165,12.68944692652605,2,5.239798242996122e-09,False,central,0.08010312806290472,48.415404578366086,51.54925527337051,3.815406995962795
iqr,0.001,-0.69,rd_obs_redshift_sky,29,59.1921303009528,4.409312470927138,13.424344654917727,2,5.91921303009528e-09,False,central,0.08010312806290472,48.415404578366086,55.0454467578909,3.6065376614589613
iqr,0.001,-0.6666666666666666,rd_obs,2,3.61089811226923,0.06484354042260519,55.686319542947565,2,3.61089811226923e-10,False,central,0.06484354042260519,55.686319542947565,1.0,1.0
iqr,0.001,-0.6666666666666666,rd_obs_redshift,11,17.942168782445968,2.7527544768680814,6.51789650447122,2,1.7942168782445968e-09,False,central,0.06484354042260519,55.686319542947565,42.45225444088244,8.543602910041182
iqr,0.001,-0.6666666666666666,rd_obs_sky,20,29.806858078903968,3.8293310229522812,7.783829055322545,2,2.9806858078903967e-09,False,central,0.06484354042260519,55.686319542947565,59.054934354221864,7.1541036098254915
iqr,0.001,-0.6666666666666666,rd_obs_redshift_sky,29,34.67568264878643,4.143173352116871,8.369353561098183,2,3.467568264878643e-09,False,central,0.06484354042260519,55.686319542947565,63.89492808558173,6.65359864850072
iqr,0.001,-0.64,rd_obs,2,3.325436834875613,0.04981766289032837,66.75216463278159,2,3.325436834875613e-10,False,central,0.04981766289032837,66.75216463278159,1.0,1.0
iqr,0.001,-0.64,rd_obs_redshift,11,11.604500685732312,2.6063090483340488,4.452465333360946,2,1.1604500685732313e-09,False,central,0.04981766289032837,66.75216463278159,52.31696745934742,14.992180653856698
iqr,0.001,-0.64,rd_obs_sky,20,17.23890362290931,3.4605972983575475,4.981482136361592,2,1.723890362290931e-09,False,central,0.04981766289032837,66.75216463278159,69.46526789054549,13.400061027125648
iqr,0.001,-0.64,rd_obs_redshift_sky,29,20.617959626824387,3.8015186026509347,5.423611398993746,2,2.0617959626824386e-09,False,central,0.04981766289032837,66.75216463278159,76.30865002679529,12.307696795011209
iqr,0.001,-0.61,rd_obs,2,3.028292951112942,0.03543398351294976,85.46295535770675,2,3.0282929511129425e-10,False,central,0.03543398351294976,85.46295535770675,1.0,1.0
iqr,0.001,-0.61,rd_obs_redshift,11,7.515413344939842,2.356251133268989,3.1895638112704874,2,7.515413344939842e-10,False,central,0.03543398351294976,85.46295535770675,66.49693033829712,26.79455888473496
iqr,0.001,-0.61,rd_obs_sky,20,10.964239359339429,2.7229735516374194,4.026568437562035,2,1.0964239359339428e-09,False,central,0.03543398351294976,85.46295535770675,76.84638535326623,21.2247616507549
iqr,0.001,-0.61,rd_obs_redshift_sky,29,13.060101862782897,3.1503035423468133,4.145664596197545,2,1.3060101862782898e-09,False,central,0.03543398351294976,85.46295535770675,88.9062766876182,20.615019226614336
iqr,0.001,-0.58,rd_obs,2,2.7549162928739417,0.02336034597160583,117.93131386934523,2,2.7549162928739416e-10,False,central,0.02336034597160583,117.93131386934523,1.0,1.0
iqr,0.001,-0.58,rd_obs_redshift,11,5.153740669230615,2.043183538494243,2.5224071025105985,2,5.153740669230615e-10,False,central,0.02336034597160583,117.93131386934523,87.46375336126029,46.75348152642213
iqr,0.001,-0.58,rd_obs_sky,20,8.029644747331979,1.997819920217457,4.019203465774821,2,8.029644747331979e-10,False,central,0.02336034597160583,117.93131386934523,85.52184640783054,29.34196162836222
iqr,0.001,-0.58,rd_obs_redshift_sky,29,9.245456294595375,2.4766003871940554,3.733123980114658,2,9.245456294595375e-10,False,central,0.02336034597160583,117.93131386934523,106.0172820301689,31.590516280073594
iqr,0.001,-0.55,rd_obs,2,2.5036685909046255,0.013254904798224894,188.8861994120032,2,2.5036685909046255e-10,False,central,0.013254904798224894,188.8861994120032,1.0,1.0
iqr,0.001,-0.55,rd_obs_redshift,11,3.7959368323957623,1.665921087912972,2.2785814165731137,2,3.7959368323957623e-10,False,central,0.013254904798224894,188.8861994120032,125.68336878104725,82.89640126007863
iqr,0.001,-0.55,rd_obs_sky,20,6.194297648641575,1.5314000092363633,4.044859351757728,2,6.194297648641575e-10,False,central,0.013254904798224894,188.8861994120032,115.5345913492679,46.69784113257761
iqr,0.001,-0.55,rd_obs_redshift_sky,29,6.90992149595355,1.970632301857216,3.5064489146155355,2,6.90992149595355e-10,False,central,0.013254904798224894,188.8861994120032,148.6719317758604,53.86823079745727
iqr,0.001,-0.525,rd_obs,2,2.31012114453654,0.006183701829011032,373.5822341398374,2,2.3101211445365403e-10,False,central,0.006183701829011032,373.5822341398374,1.0,1.0
iqr,0.001,-0.525,rd_obs_redshift,11,3.1373589860101414,1.3260044599869616,2.3660244597073157,2,3.1373589860101417e-10,False,central,0.006183701829011032,373.5822341398374,214.4353813707462,157.89449369684482
iqr,0.001,-0.525,rd_obs_sky,20,5.01725283373533,1.291634481253188,3.884421565509322,2,5.01725283373533e-10,False,central,0.006183701829011032,373.5822341398374,208.87722548222555,96.17448256825688
iqr,0.001,-0.525,rd_obs_redshift_sky,29,5.506900708392359,1.667273676723737,3.302937475276195,2,5.506900708392359e-10,False,central,0.006183701829011032,373.5822341398374,269.6238794861793,113.10605693757437
iqr,0.001,-0.5,rd_obs,2,2.130090114480458,0.00022455206813694993,9485.951887031197,2,2.1300901144804582e-10,False,central,0.00022455206813694993,9485.951887031197,1.0,1.0
iqr,0.001,-0.5,rd_obs_redshift,11,2.7219512592179838,1.013154454236537,2.6866103661056413,2,2.721951259217984e-10,False,central,0.00022455206813694993,9485.951887031197,4511.890995448921,3530.8253130808457
iqr,0.001,-0.5,rd_obs_sky,20,4.059647210856502,1.1166394398443997,3.6355936088216634,2,4.059647210856502e-10,False,central,0.00022455206813694993,9485.951887031197,4972.7417302760405,2609.1892845266884
iqr,0.001,-0.5,rd_obs_redshift_sky,29,4.426147017701374,1.4265547141245303,3.1026829702901924,2,4.4261470177013744e-10,False,central,0.00022455206813694993,9485.951887031197,6352.890561019026,3057.338431887542
iqr,0.001,-0.475,rd_obs,2,1.9627267426479311,0.004821294023202999,407.09542566831567,2,1.9627267426479312e-10,False,central,0.004821294023202999,407.09542566831567,1.0,1.0
iqr,0.001,-0.475,rd_obs_redshift,11,2.4332238841208373,0.7504781145318069,3.242231634747707,2,2.4332238841208375e-10,False,central,0.004821294023202999,407.09542566831567,155.65906391936477,125.56025340860435
iqr,0.001,-0.475,rd_obs_sky,20,3.292267549610317,0.9630527089070127,3.4185746212653054,2,3.292267549610317e-10,False,central,0.004821294023202999,407.09542566831567,199.74983982976715,119.0833814584509
iqr,0.001,-0.475,rd_obs_redshift_sky,29,3.596888646724678,1.2084554443086692,2.976434641148378,2,3.5968886467246784e-10,False,central,0.004821294023202999,407.09542566831567,250.64960537416857,136.77284225910256
iqr,0.001,-0.45,rd_obs,2,1.8149009812450114,0.0074857282579415966,242.44815183073015,2,1.8149009812450115e-10,False,one_sided,0.0074857282579415966,242.44815183073015,1.0,1.0
iqr,0.001,-0.45,rd_obs_redshift,11,2.2243991750066052,0.6540401303383578,3.4010132892852396,2,2.2243991750066053e-10,False,one_sided,0.0074857282579415966,242.44815183073015,87.37161005604068,71.28703454189775
iqr,0.001,-0.45,rd_obs_sky,20,2.8140905615778298,0.9237934874753615,3.0462333841175564,2,2.81409056157783e-10,False,one_sided,0.0074857282579415966,242.44815183073015,123.40729661076202,79.58948683800975
iqr,0.001,-0.45,rd_obs_redshift_sky,29,3.0890771151704026,1.1453825766115195,2.6969828057879806,2,3.0890771151704025e-10,False,one_sided,0.0074857282579415966,242.44815183073015,153.0088372358942,89.89606878857865
iqr,0.00125,-0.7125,rd_obs,2,4.242739123648408,0.10364097643010159,40.93688876532181,2,4.2427391236484084e-10,False,one_sided,0.10364097643010159,40.93688876532181,1.0,1.0
iqr,0.00125,-0.7125,rd_obs_redshift,11,54.79892189271442,2.940275969476197,18.637339644848616,2,5.479892189271442e-09,False,one_sided,0.10364097643010159,40.93688876532181,28.369821191902822,2.1964985102708487
iqr,0.00125,-0.7125,rd_obs_sky,20,120.39540302143433,7.700600809735492,15.634546705657607,2,1.2039540302143433e-08,False,one_sided,0.10364097643010159,40.93688876532181,74.30073581880035,2.618361090731729
iqr,0.00125,-0.7125,rd_obs_redshift_sky,29,132.223722848173,8.04952944905398,16.42626735948057,2,1.32223722848173e-08,False,one_sided,0.10364097643010159,40.93688876532181,77.66744126038614,2.4921601401851476
iqr,0.00125,-0.69,rd_obs,2,3.9805233208591804,0.09755563435997378,40.80259789169445,2,3.9805233208591807e-10,False,central,0.09755563435997378,40.80259789169445,1.0,1.0
iqr,0.00125,-0.69,rd_obs_redshift,11,39.06241363184795,2.8415258548025792,13.746985115700062,2,3.906241363184795e-09,False,central,0.09755563435997378,40.80259789169445,29.127234664043478,2.9681124659904445
iqr,0.00125,-0.69,rd_obs_sky,20,80.66989987063967,4.264479011070171,18.916706979030376,2,8.066989987063968e-09,False,central,0.09755563435997378,40.80259789169445,43.713303071092014,2.1569609307225144
iqr,0.00125,-0.69,rd_obs_redshift_sky,29,89.57654894098798,4.4668502456506864,20.053627055934435,2,8.957654894098798e-09,False,central,0.09755563435997378,40.80259789169445,45.787721795425036,2.034674215187412
iqr,0.00125,-0.6666666666666666,rd_obs,2,3.7075876534443326,0.07894062109649902,46.96679101260279,2,3.7075876534443325e-10,False,central,0.07894062109649902,46.96679101260279,1.0,1.0
iqr,0.00125,-0.6666666666666666,rd_obs_redshift,11,23.770930177473193,2.815591064190887,8.442607479401211,2,2.3770930177473195e-09,False,central,0.07894062109649902,46.96679101260279,35.66720181678121,5.563066994076799
iqr,0.00125,-0.6666666666666666,rd_obs_sky,20,43.22157611283248,3.7587513584887127,11.49891865425508,2,4.3221576112832485e-09,False,central,0.07894062109649902,46.96679101260279,47.61492000289584,4.084452845070185
iqr,0.00125,-0.6666666666666666,rd_obs_redshift_sky,29,49.2459165690786,4.0379191964533065,12.19586479400915,2,4.9245916569078605e-09,False,central,0.07894062109649902,46.96679101260279,51.15134819521184,3.851042284075977
iqr,0.00125,-0.64,rd_obs,2,3.4160271476530886,0.06062067280280599,56.35086167329652,2,3.416027147653089e-10,False,central,0.06062067280280599,56.35086167329652,1.0,1.0
iqr,0.00125,-0.64,rd_obs_redshift,11,14.621421684082577,2.7207761254676375,5.373989262556286,2,1.4621421684082578e-09,False,central,0.06062067280280599,56.35086167329652,44.88198496770394,10.48585304513461
iqr,0.00125,-0.64,rd_obs_sky,20,22.904757164335926,3.4645177840882004,6.611239598634086,2,2.2904757164335927e-09,False,central,0.06062067280280599,56.35086167329652,57.15076431695156,8.523494094048397
iqr,0.00125,-0.64,rd_obs_redshift_sky,29,27.051019415620015,3.7932586595710798,7.131340581630358,2,2.7051019415620016e-09,False,central,0.06062067280280599,56.35086167329652,62.573681290378204,7.90186095142488
iqr,0.00125,-0.61,rd_obs,2,3.112371798683765,0.04309594476610433,72.21959782006442,2,3.112371798683765e-10,False,central,0.04309594476610433,72.21959782006442,1.0,1.0
iqr,0.00125,-0.61,rd_obs_redshift,11,9.085159353258494,2.5094994942309605,3.6203073059565023,2,9.085159353258494e-10,False,central,0.04309594476610433,72.21959782006442,58.230525119029835,19.94847169499708
iqr,0.00125,-0.61,rd_obs_sky,20,13.018148063466333,2.914718684991343,4.466348032316195,2,1.3018148063466334e-09,False,central,0.04309594476610433,72.21959782006442,67.63324718393962,16.169720160077226
iqr,0.00125,-0.61,rd_obs_redshift_sky,29,15.688512405141966,3.3147149561651523,4.73298989886366,2,1.5688512405141965e-09,False,central,0.04309594476610433,72.21959782006442,76.91477641701988,15.258768635319415
iqr,0.00125,-0.58,rd_obs,2,2.832843348350291,0.028397174592018053,99.75792976060912,2,2.832843348350291e-10,False,central,0.028397174592018053,99.75792976060912,1.0,1.0
iqr,0.00125,-0.58,rd_obs_redshift,11,6.005636564696943,2.228620094625295,2.6947780732932367,2,6.005636564696944e-10,False,central,0.028397174592018053,99.75792976060912,78.48034625429675,37.01897783319012
iqr,0.00125,-0.58,rd_obs_sky,20,8.959594870653223,2.205003537824448,4.063301811974935,2,8.959594870653224e-10,False,central,0.028397174592018053,99.75792976060912,77.64869461500004,24.55095249548361
iqr,0.00125,-0.58,rd_obs_redshift_sky,29,10.531568017948153,2.6890641808928177,3.9164435318354816,2,1.0531568017948154e-09,False,central,0.028397174592018053,99.75792976060912,94.69477930556748,25.471560856095515
iqr,0.00125,-0.55,rd_obs,2,2.575784208695676,0.01610475011172342,159.93940861091903,2,2.575784208695676e-10,False,central,0.01610475011172342,159.93940861091903,1.0,1.0
iqr,0.00125,-0.55,rd_obs_redshift,11,4.244431840521564,1.8800111058251283,2.257663174100614,2,4.244431840521564e-10,False,central,0.01610475011172342,159.93940861091903,116.73643445461337,70.84290094541413
iqr,0.00125,-0.55,rd_obs_sky,20,6.830308622591986,1.68814928456205,4.046033538061147,2,6.830308622591986e-10,False,central,0.01610475011172342,159.93940861091903,104.8230660426805,39.5299265580388
iqr,0.00125,-0.55,rd_obs_redshift_sky,29,7.729918855644089,2.160101415697116,3.578498120260461,2,7.72991885564409e-10,False,central,0.01610475011172342,159.93940861091903,134.12821687463963,44.694562700867884
iqr,0.00125,-0.525,rd_obs,2,2.377663273768748,0.007510052255964403,316.59743404320966,2,2.377663273768748e-10,False,central,0.007510052255964403,316.59743404320966,1.0,1.0
iqr,0.00125,-0.525,rd_obs_redshift,11,3.3920424506215343,1.5422487265341938,2.1994133580802333,2,3.3920424506215344e-10,False,central,0.007510052255964403,316.59743404320966,205.35792215152117,143.946308628203
iqr,0.00125,-0.525,rd_obs_sky,20,5.542404366974267,1.4229430683547624,3.895028894854181,2,5.542404366974267e-10,False,central,0.007510052255964403,316.59743404320966,189.47179325212767,81.2824352757625
iqr,0.00125,-0.525,rd_obs_redshift_sky,29,6.131968772841429,1.8366045270370972,3.3387529446711257,2,6.131968772841429e-10,False,central,0.007510052255964403,316.59743404320966,244.55282925341638,94.82505572882248
iqr,0.00125,-0.5,rd_obs,2,2.1933143353422504,0.0002725989458278519,8045.938434139593,2,2.1933143353422506e-10,False,central,0.0002725989458278519,8045.938434139593,1.0,1.0
iqr,0.00125,-0.5,rd_obs_redshift,11,2.874867248791451,1.203944745438881,2.3878730811217244,2,2.8748672487914514e-10,False,central,0.0002725989458278519,8045.938434139593,4416.542190882794,3369.500036559708
iqr,0.00125,-0.5,rd_obs_sky,20,4.488932764519262,1.2351627424013583,3.634284463431955,2,4.4889327645192624e-10,False,central,0.0002725989458278519,8045.938434139593,4531.062065006561,2213.8989160308024
iqr,0.00125,-0.5,rd_obs_redshift_sky,29,4.906384939177669,1.5834291880337308,3.098581847711368,2,4.906384939177669e-10,False,central,0.0002725989458278519,8045.938434139593,5808.640173662583,2596.6518974098985
iqr,0.00125,-0.475,rd_obs,2,2.0218605609913016,0.005850355667298146,345.59617841577347,2,2.0218605609913018e-10,False,central,0.005850355667298146,345.59617841577347,1.0,1.0
iqr,0.00125,-0.475,rd_obs_redshift,11,2.5370495925375516,0.9022369268666166,2.811954949958083,2,2.5370495925375517e-10,False,central,0.005850355667298146,345.59617841577347,154.2191583171377,122.9024591666823
iqr,0.00125,-0.475,rd_obs_sky,20,3.6290541482689034,1.0741894702049624,3.3784115828062027,2,3.6290541482689037e-10,False,central,0.005850355667298146,345.59617841577347,183.61096851074907,102.29546339901891
iqr,0.00125,-0.475,rd_obs_redshift_sky,29,3.955473773216228,1.3567763304276477,2.915346976881213,2,3.955473773216228e-10,False,central,0.005850355667298146,345.59617841577347,231.91347801496042,118.54375522240107
iqr,0.00125,-0.45,rd_obs,2,1.8740962520067417,0.00906160472404914,206.81725909241712,2,1.8740962520067418e-10,False,one_sided,0.00906160472404914,206.81725909241712,1.0,1.0
iqr,0.00125,-0.45,rd_obs_redshift,11,2.3154234903462325,0.7873574298182356,2.9407527034840535,2,2.3154234903462326e-10,False,one_sided,0.00906160472404914,206.81725909241712,86.8894035654215,70.32800100715392
iqr,0.00125,-0.45,rd_obs_sky,20,3.123187736873921,1.0259069612568357,3.0443186905055337,2,3.1231877368739215e-10,False,one_sided,0.00906160472404914,206.81725909241712,113.21471113544816,67.93548248986818
iqr,0.00125,-0.45,rd_obs_redshift_sky,29,3.409995859458079,1.283555124980947,2.656680490842726,2,3.409995859458079e-10,False,one_sided,0.00906160472404914,206.81725909241712,141.64766220429397,77.8479985851865
iqr,0.0015,-0.7125,rd_obs,2,4.364088909795161,0.1209109075277075,36.09342613523186,2,4.3640889097951607e-10,False,one_sided,0.1209109075277075,36.09342613523186,1.0,1.0
iqr,0.0015,-0.7125,rd_obs_redshift,11,79.88176765876692,3.8857594753780624,20.557568775147843,2,7.988176765876692e-09,False,one_sided,0.1209109075277075,36.09342613523186,32.13737746933722,1.7557244502017864
iqr,0.0015,-0.7125,rd_obs_sky,20,186.09388788593745,10.266754161332686,18.12587356837824,2,1.8609388788593745e-08,False,one_sided,0.1209109075277075,36.09342613523186,84.9117285715517,1.991265469168845
iqr,0.0015,-0.7125,rd_obs_redshift_sky,29,202.46809851950243,10.96113456443834,18.47145451314666,2,2.0246809851950243e-08,False,one_sided,0.1209109075277075,36.09342613523186,90.654638101418,1.9540110449636297
iqr,0.0015,-0.69,rd_obs,2,4.102140243516834,0.11359606096295471,36.11164162509649,2,4.102140243516834e-10,False,central,0.11359606096295471,36.11164162509649,1.0,1.0
iqr,0.0015,-0.69,rd_obs_redshift,11,55.73340628242821,2.8376442140774647,19.640730859047274,2,5.573340628242821e-09,False,central,0.11359606096295471,36.11164162509649,24.980128624379507,1.8386098706944034
iqr,0.0015,-0.69,rd_obs_sky,20,122.87544439391881,4.519040520797905,27.190604693277525,2,1.2287544439391882e-08,False,central,0.11359606096295471,36.11164162509649,39.78166568884486,1.3280926273046276
iqr,0.0015,-0.69,rd_obs_redshift_sky,29,134.88680572645683,4.665891665060918,28.90911650103555,2,1.3488680572645683e-08,False,central,0.11359606096295471,36.11164162509649,41.07441424912199,1.2491437302763277
iqr,0.0015,-0.6666666666666666,rd_obs,2,3.8224786635260704,0.0918815139264737,41.602260347875095,2,3.8224786635260703e-10,False,central,0.0918815139264737,41.602260347875095,1.0,1.0
iqr,0.0015,-0.6666666666666666,rd_obs_redshift,11,31.716024242662574,2.813412631651213,11.273150580847503,2,3.1716024242662573e-09,False,central,0.0918815139264737,41.602260347875095,30.620007348840474,3.690384515802989
iqr,0.0015,-0.6666666666666666,rd_obs_sky,20,62.308209762211085,3.7565265389464977,16.586655016600833,2,6.230820976221109e-09,False,central,0.0918815139264737,41.602260347875095,40.88446498555282,2.50817662188291
iqr,0.0015,-0.6666666666666666,rd_obs_redshift_sky,29,69.85499447482721,3.9882253425234073,17.515307806210608,2,6.985499447482721e-09,False,central,0.0918815139264737,41.602260347875095,43.406177936019894,2.375194361878339
iqr,0.0015,-0.64,rd_obs,2,3.523609781150093,0.07052376745339244,49.96343656028824,2,3.523609781150093e-10,False,central,0.07052376745339244,49.96343656028824,1.0,1.0
iqr,0.0015,-0.64,rd_obs_redshift,11,18.442573172164128,2.758305445962581,6.686196845660841,2,1.8442573172164128e-09,False,central,0.07052376745339244,49.96343656028824,39.111714327875106,7.472624230725894
iqr,0.0015,-0.64,rd_obs_sky,20,30.953401271566012,3.4011667245584074,9.100818565601152,2,3.095340127156601e-09,False,central,0.07052376745339244,49.96343656028824,48.22724093414552,5.489993696735994
iqr,0.0015,-0.64,rd_obs_redshift_sky,29,35.93372500158862,3.7100333595933233,9.685553071557154,2,3.593372500158862e-09,False,central,0.07052376745339244,49.96343656028824,52.60685147096262,5.158552763188316
iqr,0.0015,-0.61,rd_obs,2,3.2121602327799357,0.050108559999817656,64.10402200325902,2,3.212160232779936e-10,False,central,0.050108559999817656,64.10402200325902,1.0,1.0
iqr,0.0015,-0.61,rd_obs_redshift,11,10.965117946915043,2.585283574625288,4.2413598471511325,2,1.0965117946915044e-09,False,central,0.050108559999817656,64.10402200325902,51.59365135686788,15.114025763769343
iqr,0.0015,-0.61,rd_obs_sky,20,15.907238273152036,2.981850075756563,5.334687482272565,2,1.5907238273152037e-09,False,central,0.050108559999817656,64.10402200325902,59.50779818393132,12.01645311300426
iqr,0.0015,-0.61,rd_obs_redshift_sky,29,19.16438681960677,3.3548406376089432,5.712458173055153,2,1.916438681960677e-09,False,central,0.050108559999817656,64.10402200325902,66.95144776902691,11.221792801149688
iqr,0.0015,-0.58,rd_obs,2,2.925275892924728,0.032999860566649414,88.64509857599502,2,2.925275892924728e-10,False,central,0.032999860566649414,88.64509857599502,1.0,1.0
iqr,0.0015,-0.58,rd_obs_redshift,11,7.012992060754961,2.3346962411983574,3.003813488454206,2,7.012992060754961e-10,False,central,0.032999860566649414,88.64509857599502,70.74866987643782,29.510853092817264
iqr,0.0015,-0.58,rd_obs_sky,20,10.091344224708786,2.3430709515109283,4.30688802581987,2,1.0091344224708787e-09,False,central,0.032999860566649414,88.64509857599502,71.0024500491042,20.58216931681671
iqr,0.0015,-0.58,rd_obs_redshift_sky,29,12.06185993323316,2.8126999197916893,4.288356482097269,2,1.206185993323316e-09,False,central,0.032999860566649414,88.64509857599502,85.23369103669131,20.671112335474998
iqr,0.0015,-0.55,rd_obs,2,2.6612751964391133,0.01870488001195207,142.27705255198686,2,2.661275196439113e-10,False,central,0.01870488001195207,142.27705255198686,1.0,1.0
iqr,0.0015,-0.55,rd_obs_redshift,11,4.796782455548157,2.017191676377716,2.377950747923851,2,4.796782455548157e-10,False,central,0.01870488001195207,142.27705255198686,107.84306956734115,59.831791165652426
iqr,0.0015,-0.55,rd_obs_sky,20,7.512309952018606,1.7976971232475332,4.178851851555309,2,7.512309952018607e-10,False,central,0.01870488001195207,142.27705255198686,96.1084552319415,34.046924276349586
iqr,0.0015,-0.55,rd_obs_redshift_sky,29,8.627856872498482,2.285180559867167,3.775568996175953,2,8.627856872498482e-10,False,central,0.01870488001195207,142.27705255198686,122.17028702707415,37.68360548995151
iqr,0.0015,-0.525,rd_obs,2,2.4576958363208474,0.00871859332786834,281.89132626074024,2,2.4576958363208473e-10,False,central,0.00871859332786834,281.89132626074024,1.0,1.0
iqr,0.0015,-0.525,rd_obs_redshift,11,3.7198407064841095,1.698500767645638,2.19007302047931,2,3.71984070648411e-10,False,central,0.00871859332786834,281.89132626074024,194.81362460346736,128.71320893174908
iqr,0.0015,-0.525,rd_obs_sky,20,6.097653533584471,1.5122176314217397,4.032259250840534,2,6.097653533584471e-10,False,central,0.00871859332786834,281.89132626074024,173.44743292338774,69.90902834483654
iqr,0.0015,-0.525,rd_obs_redshift_sky,29,6.807944456970094,1.9498328012418689,3.491552943736531,2,6.807944456970094e-10,False,central,0.00871859332786834,281.89132626074024,223.6407557867589,80.73522893772035
iqr,0.0015,-0.5,rd_obs,2,2.268196362493894,0.00031631926693346363,7170.591865878973,2,2.2681963624938942e-10,False,central,0.00031631926693346363,7170.591865878973,1.0,1.0
iqr,0.0015,-0.5,rd_obs_redshift,11,3.073400113241915,1.3571838166327872,2.264542264339042,2,3.073400113241915e-10,False,central,0.00031631926693346363,7170.591865878973,4290.5505876702255,3166.4641366152086
iqr,0.0015,-0.5,rd_obs_sky,20,4.95019533203969,1.3152038452795256,3.763823645898484,2,4.95019533203969e-10,False,central,0.00031631926693346363,7170.591865878973,4157.836663032521,1905.134921423036
iqr,0.0015,-0.5,rd_obs_redshift_sky,29,5.433543468739307,1.6893258071263098,3.216397598271607,2,5.433543468739307e-10,False,central,0.00031631926693346363,7170.591865878973,5340.571959158125,2229.3860279376618
iqr,0.0015,-0.475,rd_obs,2,2.091866739094887,0.006785481983413785,308.2856522511119,2,2.0918667390948872e-10,False,central,0.006785481983413785,308.2856522511119,1.0,1.0
iqr,0.0015,-0.475,rd_obs_redshift,11,2.669047363764798,1.032140394347063,2.5859344120072443,2,2.669047363764798e-10,False,central,0.006785481983413785,308.2856522511119,152.1101075605232,119.21634625366062
iqr,0.0015,-0.475,rd_obs_sky,20,3.99992559103824,1.1502157022530897,3.4775438930306914,2,3.99992559103824e-10,False,central,0.006785481983413785,308.2856522511119,169.5112749639068,88.6503985956709
iqr,0.0015,-0.475,rd_obs_redshift_sky,29,4.359637045137977,1.459157584696831,2.9877767081913764,2,4.3596370451379774e-10,False,central,0.006785481983413785,308.2856522511119,215.04111104613483,103.18229317669788
iqr,0.0015,-0.45,rd_obs,2,1.9440007653318006,0.010482909113893893,185.44477913628486,2,1.9440007653318006e-10,False,one_sided,0.010482909113893893,185.44477913628486,1.0,1.0
iqr,0.0015,-0.45,rd_obs_redshift,11,2.4301953387428226,0.9025051795719448,2.6927217635420733,2,2.4301953387428225e-10,False,one_sided,0.010482909113893893,185.44477913628486,86.0930081303269,68.86889750255749
iqr,0.0015,-0.45,rd_obs_sky,20,3.4657033440080247,1.0938119520221752,3.1684635897430415,2,3.465703344008025e-10,False,one_sided,0.010482909113893893,185.44477913628486,104.34240535124482,58.52829735415208
iqr,0.0015,-0.45,rd_obs_redshift_sky,29,3.775296485822206,1.3768721130885322,2.741936923505296,2,3.7752964858222063e-10,False,one_sided,0.010482909113893893,185.44477913628486,131.3444672780427,67.63276629252725
iqr,0.00175,-0.7125,rd_obs,2,4.503345623932685,0.13670065038930856,32.94311776211486,2,4.5033456239326846e-10,False,one_sided,0.13670065038930856,32.94311776211486,1.0,1.0
iqr,0.00175,-0.7125,rd_obs_redshift,11,117.53788675575062,5.030378525253344,23.365614767495273,2,1.1753788675575063e-08,False,one_sided,0.13670065038930856,32.94311776211486,36.79849738042484,1.4098973251901417
iqr,0.00175,-0.7125,rd_obs_sky,20,292.3539355672297,13.349757756278049,21.899568584287096,2,2.9235393556722972e-08,False,one_sided,0.13670065038930856,32.94311776211486,97.65687082145837,1.5042815859738667
iqr,0.00175,-0.7125,rd_obs_redshift_sky,29,315.03988248136795,14.801109490970267,21.284882911890136,2,3.15039882481368e-08,False,one_sided,0.13670065038930856,32.94311776211486,108.27387762105242,1.5477237012993956
iqr,0.00175,-0.69,rd_obs,2,4.2414320826388385,0.12817639375541792,33.09058679503968,2,4.241432082638839e-10,False,central,0.12817639375541792,33.09058679503968,1.0,1.0
iqr,0.00175,-0.69,rd_obs_redshift,11,80.1411000435636,2.842255349705697,28.196305462794484,2,8.01411000435636e-09,False,central,0.12817639375541792,33.09058679503968,22.17456168355928,1.1735788165120882
iqr,0.00175,-0.69,rd_obs_sky,20,187.1872756257691,4.812504447766151,38.896021324750556,2,1.8718727562576913e-08,False,central,0.12817639375541792,33.09058679503968,37.54594981778952,0.8507447720361895
iqr,0.00175,-0.69,rd_obs_redshift_sky,29,203.5942055314331,4.929907265643098,41.2977759136154,2,2.035942055314331e-08,False,central,0.12817639375541792,33.09058679503968,38.46189708730758,0.8012680117267548
iqr,0.00175,-0.6666666666666666,rd_obs,2,3.9539971325964873,0.10362955946627045,38.15510895695202,2,3.9539971325964877e-10,False,central,0.10362955946627045,38.15510895695202,1.0,1.0
iqr,0.00175,-0.6666666666666666,rd_obs_redshift,11,42.50310343141204,2.7917626724018145,15.224468702723106,2,4.250310343141204e-09,False,central,0.10362955946627045,38.15510895695202,26.939829588974398,2.5061701463596857
iqr,0.00175,-0.6666666666666666,rd_obs_sky,20,88.83039026065576,3.8171979109215313,23.271098940534294,2,8.883039026065576e-09,False,central,0.10362955946627045,38.15510895695202,36.83502979826871,1.6395920559854744
iqr,0.00175,-0.6666666666666666,rd_obs_redshift_sky,29,98.42762052970139,4.009446136664614,24.548931990786524,2,9.84276205297014e-09,False,central,0.10362955946627045,38.15510895695202,38.69017833632321,1.5542472059995132
iqr,0.00175,-0.64,rd_obs,2,3.646689049704942,0.07950077608832432,45.86985472511008,2,3.646689049704942e-10,False,central,0.07950077608832432,45.86985472511008,1.0,1.0
iqr,0.00175,-0.64,rd_obs_redshift,11,23.26836444690127,2.755915139012157,8.443062748021223,2,2.326836444690127e-09,False,central,0.07950077608832432,45.86985472511008,34.66526082651534,5.432845413337769
iqr,0.00175,-0.64,rd_obs_sky,20,41.83978229466497,3.34826010749055,12.495977299094305,2,4.183978229466497e-09,False,central,0.07950077608832432,45.86985472511008,42.116068197506365,3.6707696906935547
iqr,0.00175,-0.64,rd_obs_redshift_sky,29,47.794328381432095,3.6314726584165293,13.16114229048674,2,4.77943283814321e-09,False,central,0.07950077608832432,45.86985472511008,45.67845544529038,3.485248750654885
iqr,0.00175,-0.61,rd_obs,2,3.3262490709369534,0.05645483557426365,58.91876288544727,2,3.326249070936954e-10,False,central,0.05645483557426365,58.91876288544727,1.0,1.0
iqr,0.00175,-0.61,rd_obs_redshift,11,13.177339174199922,2.617801077819148,5.03374350551409,2,1.3177339174199923e-09,False,central,0.05645483557426365,58.91876288544727,46.36982910658831,11.704760646009507
iqr,0.00175,-0.61,rd_obs_sky,20,19.805133700453172,2.981590784440194,6.642472133938953,2,1.9805133700453172e-09,False,central,0.05645483557426365,58.91876288544727,52.81373604424112,8.870005277765273
iqr,0.00175,-0.61,rd_obs_redshift_sky,29,23.652846645687315,3.332278532603382,7.098100118061935,2,2.3652846645687315e-09,False,central,0.05645483557426365,58.91876288544727,59.025564395098236,8.30063846740083
iqr,0.00175,-0.58,rd_obs,2,3.030889203263942,0.03715828539562434,81.56698219506251,2,3.030889203263942e-10,False,central,0.03715828539562434,81.56698219506251,1.0,1.0
iqr,0.00175,-0.58,rd_obs_redshift,11,8.153722830611779,2.395077155686978,3.404367500750953,2,8.153722830611779e-10,False,central,0.03715828539562434,81.56698219506251,64.45607299116703,23.95951147373779
iqr,0.00175,-0.58,rd_obs_sky,20,11.478609002757812,2.431610644805925,4.720578529822137,2,1.1478609002757813e-09,False,central,0.03715828539562434,81.56698219506251,65.43925853727,17.279022407903
iqr,0.00175,-0.58,rd_obs_redshift_sky,29,13.871517502221598,2.87821431293501,4.819487360576828,2,1.3871517502221599e-09,False,central,0.03715828539562434,81.56698219506251,77.45821106357994,16.924410438810664
iqr,0.00175,-0.55,rd_obs,2,2.7588991769744684,0.021050173169591298,131.06301571713075,2,2.7588991769744683e-10,False,central,0.021050173169591298,131.06301571713075,1.0,1.0
iqr,0.00175,-0.55,rd_obs_redshift,11,5.4270218636852094,2.1042847085779264,2.579034025938812,2,5.42702186368521e-10,False,central,0.021050173169591298,131.06301571713075,99.96519703779626,50.81864543040358
iqr,0.00175,-0.55,rd_obs_sky,20,8.23086342703807,1.8774552552076025,4.3840530442510754,2,8.230863427038071e-10,False,central,0.021050173169591298,131.06301571713075,89.18953968130488,29.89539916470608
iqr,0.00175,-0.55,rd_obs_redshift_sky,29,9.58775319925226,2.369715646498314,4.04595091964722,2,9.58775319925226e-10,False,central,0.021050173169591298,131.06301571713075,112.57463904959995,32.393624717661815
iqr,0.00175,-0.525,rd_obs,2,2.549042788983186,0.009807181626911132,259.9159356841678,2,2.549042788983186e-10,False,central,0.009807181626911132,259.9159356841678,1.0,1.0
iqr,0.00175,-0.525,rd_obs_redshift,11,4.107436599299148,1.807061906240958,2.2729916363758775,2,4.107436599299148e-10,False,central,0.009807181626911132,259.9159356841678,184.259043524017,114.34971054208766
iqr,0.00175,-0.525,rd_obs_sky,20,6.663686137642979,1.5747954188170104,4.231461469864292,2,6.663686137642979e-10,False,central,0.009807181626911132,259.9159356841678,160.57573712061532,61.42462540076103
iqr,0.00175,-0.525,rd_obs_redshift_sky,29,7.510749481628742,2.0278384072027356,3.7038205090460377,2,7.510749481628743e-10,False,central,0.009807181626911132,259.9159356841678,206.77076089202836,70.17508949188041
iqr,0.00175,-0.5,rd_obs,2,2.3536237576626533,0.0003556444579313162,6617.912089374374,2,2.3536237576626536e-10,False,central,0.0003556444579313162,6617.912089374374,1.0,1.0
iqr,0.00175,-0.5,rd_obs_redshift,11,3.314155307462269,1.4749736699136284,2.2469250638598446,2,3.314155307462269e-10,False,central,0.0003556444579313162,6617.912089374374,4147.326457701985,2945.3194482622835
iqr,0.00175,-0.5,rd_obs_sky,20,5.425059275126622,1.3701834872300473,3.95936699404682,2,5.425059275126622e-10,False,central,0.0003556444579313162,6617.912089374374,3852.6777422598384,1671.4571039574907
iqr,0.00175,-0.5,rd_obs_redshift_sky,29,5.98520346788204,1.7622820957979,3.3962800179117454,2,5.98520346788204e-10,False,central,0.0003556444579313162,6617.912089374374,4955.179411619682,1948.5766940511278
iqr,0.00175,-0.475,rd_obs,2,2.17169422130125,0.007625403514834322,284.79728542581057,2,2.17169422130125e-10,False,central,0.007625403514834322,284.79728542581057,1.0,1.0
iqr,0.00175,-0.475,rd_obs_redshift,11,2.828424264030627,1.1397478642275536,2.4816227806204734,2,2.8284242640306275e-10,False,central,0.007625403514834322,284.79728542581057,149.46721993272996,114.7625205772021
iqr,0.00175,-0.475,rd_obs_sky,20,4.389528860058417,1.2025493661525837,3.6501859995171775,2,4.389528860058417e-10,False,central,0.007625403514834322,284.79728542581057,157.70304664050445,78.02267760149255
iqr,0.00175,-0.475,rd_obs_redshift_sky,29,4.791152085472129,1.5302435619705324,3.1309735290128877,2,4.791152085472129e-10,False,central,0.007625403514834322,284.79728542581057,200.67706043275274,90.96125623125263
iqr,0.00175,-0.45,rd_obs,2,2.023505259159696,0.011749535675061616,172.22001916676462,2,2.023505259159696e-10,False,one_sided,0.011749535675061616,172.22001916676462,1.0,1.0
iqr,0.00175,-0.45,rd_obs_redshift,11,2.568043168322089,0.999024097558809,2.5705517760755687,2,2.568043168322089e-10,False,one_sided,0.011749535675061616,172.22001916676462,85.02668745278481,66.99729636634315
iqr,0.00175,-0.45,rd_obs_sky,20,3.8269342421411943,1.139319934874014,3.3589636457685406,2,3.8269342421411943e-10,False,one_sided,0.011749535675061616,172.22001916676462,96.96723056828705,51.27177228718121
iqr,0.00175,-0.45,rd_obs_redshift_sky,29,4.167408672549525,1.4402651978252292,2.8935009183324203,2,4.1674086725495254e-10,False,one_sided,0.011749535675061616,172.22001916676462,122.58060553679508,59.51960065940408
iqr,0.002,-0.7125,rd_obs,2,4.658918782403533,0.15101242019452804,30.851229166462623,2,4.658918782403533e-10,False,one_sided,0.15101242019452804,30.851229166462623,1.0,1.0
iqr,0.002,-0.7125,rd_obs_redshift,11,174.96701145774082,6.510030763031741,26.876526060570896,2,1.7496701145774084e-08,False,one_sided,0.15101242019452804,30.851229166462623,43.10924064819162,1.147887531927826
iqr,0.002,-0.7125,rd_obs_sky,20,484.20211410583613,17.474511102218848,27.709050700958034,2,4.8420211410583614e-08,False,one_sided,0.15101242019452804,30.851229166462623,115.71572112882434,1.1133989936867794
iqr,0.002,-0.7125,rd_obs_redshift_sky,29,514.6759040483639,22.357703478640197,23.02007022054247,2,5.1467590404836396e-08,False,one_sided,0.15101242019452804,30.851229166462623,148.05208372821198,1.3401883170161595
iqr,0.002,-0.69,rd_obs,2,4.396733286368629,0.1413130894625579,31.11341846031595,2,4.396733286368629e-10,False,central,0.1413130894625579,31.11341846031595,1.0,1.0
iqr,0.002,-0.69,rd_obs_redshift,11,116.13550740818481,2.8620840652662887,40.57725236570909,2,1.1613550740818481e-08,False,central,0.1413130894625579,31.11341846031595,20.253495809562793,0.7667699670717277
iqr,0.002,-0.69,rd_obs_sky,20,291.48969797814635,5.220977828961231,55.83047994596471,2,2.9148969797814637e-08,False,central,0.1413130894625579,31.11341846031595,36.94617284794819,0.557283736239218
iqr,0.002,-0.69,rd_obs_redshift_sky,29,313.75257056874136,5.396616677236786,58.138754210979315,2,3.137525705687414e-08,False,central,0.1413130894625579,31.11341846031595,38.189078575531845,0.5351579833893358
iqr,0.002,-0.6666666666666666,rd_obs,2,4.10055327726001,0.11420089040325145,35.90649129600186,2,4.1005532772600104e-10,False,central,0.11420089040325145,35.90649129600186,1.0,1.0
iqr,0.002,-0.6666666666666666,rd_obs_redshift,11,57.123404811111236,2.770467490415972,20.618688004360752,2,5.712340481111123e-09,False,central,0.11420089040325145,35.90649129600186,24.25959623110866,1.7414537379103758
iqr,0.002,-0.6666666666666666,rd_obs_sky,20,125.68121251609088,3.923443395602499,32.03339511842015,2,1.2568121251609088e-08,False,central,0.11420089040325145,35.90649129600186,34.35562876741628,1.1209080761893566
iqr,0.002,-0.6666666666666666,rd_obs_redshift_sky,29,138.0160149509712,4.083073958809988,33.8019875082537,2,1.380160149509712e-08,False,central,0.11420089040325145,35.90649129600186,35.753433658812675,1.062259764673136
iqr,0.002,-0.64,rd_obs,2,3.783759261492723,0.08756661285979701,43.21006760362997,2,3.783759261492723e-10,False,central,0.08756661285979701,43.21006760362997,1.0,1.0
iqr,0.002,-0.64,rd_obs_redshift,11,29.37193451436648,2.736401873700055,10.733779565298612,2,2.9371934514366483e-09,False,central,0.08756661285979701,43.21006760362997,31.249374440019857,4.0256153334212685
iqr,0.002,-0.64,rd_obs_sky,20,56.17212088187694,3.322965581521189,16.90421387276676,2,5.617212088187694e-09,False,central,0.08756661285979701,43.21006760362997,37.947860183213805,2.556171374123632
iqr,0.002,-0.64,rd_obs_redshift_sky,29,63.31976446234021,3.581985947478007,17.677278858930805,2,6.331976446234021e-09,False,central,0.08756661285979701,43.21006760362997,40.90584105626112,2.4443845655463905
iqr,0.002,-0.61,rd_obs,2,3.4532246636820307,0.0621474088442156,55.56506261328128,2,3.453224663682031e-10,False,central,0.0621474088442156,55.56506261328128,1.0,1.0
iqr,0.002,-0.61,rd_obs_redshift,11,15.778436177211287,2.625242378058084,6.010277873421631,2,1.5778436177211288e-09,False,central,0.0621474088442156,55.56506261328128,42.2421855855448,9.245007266469074
iqr,0.002,-0.61,rd_obs_sky,20,24.897370357894914,2.9543668847484534,8.427311613335652,2,2.4897370357894916e-09,False,central,0.0621474088442156,55.56506261328128,47.538054115082105,6.593450576261273
iqr,0.002,-0.61,rd_obs_redshift_sky,29,29.35527303875638,3.285970497667246,8.933516919764216,2,2.935527303875638e-09,False,central,0.0621474088442156,55.56506261328128,52.873813386237245,6.219841873288557
iqr,0.002,-0.58,rd_obs,2,3.1483587260658674,0.04088212514705565,77.01064254221171,2,3.1483587260658676e-10,False,central,0.04088212514705565,77.01064254221171,1.0,1.0
iqr,0.002,-0.58,rd_obs_redshift,11,9.425434012629959,2.428461387620896,3.8812369266714284,2,9.425434012629958e-10,False,central,0.04088212514705565,77.01064254221171,59.40154477991452,19.841778277693678
iqr,0.002,-0.58,rd_obs_sky,20,13.198677921299968,2.483771940848715,5.313965305844436,2,1.3198677921299969e-09,False,central,0.04088212514705565,77.01064254221171,60.754472325360446,14.492123698570902
iqr,0.002,-0.58,rd_obs_redshift_sky,29,16.023593758896762,2.9053505805081663,5.515201458439526,2,1.6023593758896762e-09,False,central,0.04088212514705565,77.01064254221171,71.06652528598825,13.963341706107169
iqr,0.002,-0.55,rd_obs,2,2.8674177545302912,0.02314688103326685,123.879228065726,2,2.867417754530291e-10,False,central,0.02314688103326685,123.879228065726,1.0,1.0
iqr,0.002,-0.55,rd_obs_redshift,11,6.118072974700067,2.1607273483976788,2.8314877299243792,2,6.118072974700067e-10,False,central,0.02314688103326685,123.879228065726,93.34853128990758,43.750579158976066
iqr,0.002,-0.55,rd_obs_sky,20,8.992684228872626,1.938083898339748,4.639987070000517,2,8.992684228872627e-10,False,central,0.02314688103326685,123.879228065726,83.72980772460537,26.69818389509266
iqr,0.002,-0.55,rd_obs_redshift_sky,29,10.611617947071421,2.4279708860243425,4.370570507312513,2,1.0611617947071422e-09,False,central,0.02314688103326685,123.879228065726,104.89408411158492,28.34394911567277
iqr,0.002,-0.525,rd_obs,2,2.650534720802531,0.010779032800352854,245.89726832594525,2,2.650534720802531e-10,False,central,0.010779032800352854,245.89726832594525,1.0,1.0
iqr,0.002,-0.525,rd_obs_redshift,11,4.540058101227726,1.8824061061007225,2.411837746655078,2,4.540058101227726e-10,False,central,0.010779032800352854,245.89726832594525,174.63590110228643,101.95431623332642
iqr,0.002,-0.525,rd_obs_sky,20,7.231046217363663,1.6204759556182426,4.462297754121801,2,7.231046217363664e-10,False,central,0.010779032800352854,245.89726832594525,150.3359332541595,55.10552676562455
iqr,0.002,-0.525,rd_obs_redshift_sky,29,8.228146248163277,2.0836772437937015,3.948858333348445,2,8.228146248163278e-10,False,central,0.010779032800352854,245.89726832594525,193.30836842109727,62.270470999002896
iqr,0.002,-0.5,rd_obs,2,2.4484929928349364,0.00039070247860091366,6266.899052196621,2,2.4484929928349364e-10,False,central,0.00039070247860091366,6266.899052196621,1.0,1.0
iqr,0.002,-0.5,rd_obs_redshift,11,3.590051643643447,1.5635368266743879,2.296109424732525,2,3.590051643643447e-10,False,central,0.00039070247860091366,6266.899052196621,4001.8605263865647,2729.3555719482556
iqr,0.002,-0.5,rd_obs_sky,20,5.902076587024004,1.4089533127480605,4.188979530849347,2,5.902076587024004e-10,False,central,0.00039070247860091366,6266.899052196621,3606.2052070758623,1496.04432440995
iqr,0.002,-0.5,rd_obs_redshift_sky,29,6.54722488598318,1.8142502288127142,3.6087772138619654,2,6.547224885983181e-10,False,central,0.00039070247860091366,6266.899052196621,4643.559557926162,1736.5713317309612
iqr,0.002,-0.475,rd_obs,2,2.260302760232638,0.008373110788881281,269.9477908776881,2,2.260302760232638e-10,False,central,0.008373110788881281,269.9477908776881,1.0,1.0
iqr,0.002,-0.475,rd_obs_redshift,11,3.012495120098423,1.2268181153081088,2.4555352439850884,2,3.012495120098423e-10,False,central,0.008373110788881281,269.9477908776881,146.51879644745776,109.93439883990008
iqr,0.002,-0.475,rd_obs_sky,20,4.787376361995736,1.239189377579385,3.8633129436174873,2,4.787376361995736e-10,False,central,0.008373110788881281,269.9477908776881,147.9962953822269,69.87468911201309
iqr,0.002,-0.475,rd_obs_redshift_sky,29,5.237087025273133,1.5807128437455995,3.313117272371573,2,5.237087025273133e-10,False,central,0.008373110788881281,269.9477908776881,188.7844175959836,81.4784894965266
iqr,0.002,-0.45,rd_obs,2,2.11152585518132,0.012868282458816875,164.08762101228047,2,2.11152585518132e-10,False,one_sided,0.012868282458816875,164.08762101228047,1.0,1.0
iqr,0.002,-0.45,rd_obs_redshift,11,2.726854289360134,1.0781609550181281,2.529171805627375,2,2.7268542893601343e-10,False,one_sided,0.012868282458816875,164.08762101228047,83.78437126078249,64.87800498455171
iqr,0.002,-0.45,rd_obs_sky,20,4.197045471667699,1.170405059037057,3.585976871221652,2,4.197045471667699e-10,False,one_sided,0.012868282458816875,164.08762101228047,90.95270194625999,45.75813701675659
iqr,0.002,-0.45,rd_obs_redshift_sky,29,4.573949451407751,1.4844135003318082,3.0813176048219346,2,4.573949451407751e-10,False,one_sided,0.012868282458816875,164.08762101228047,115.35443872035484,53.25242057342637
iqr,0.00225,-0.7125,rd_obs,2,4.829243159062724,0.16389709522892618,29.46509303485454,2,4.829243159062724e-10,False,one_sided,0.16389709522892618,29.46509303485454,1.0,1.0
iqr,0.00225,-0.7125,rd_obs_redshift,11,266.0920439863957,10.710489111206627,24.844060922295096,2,2.6609204398639572e-08,False,one_sided,0.16389709522892618,29.46509303485454,65.34886476326234,1.186001480475059
iqr,0.00225,-0.7125,rd_obs_sky,20,928.908503956793,42.36012087733542,21.928844505583104,2,9.28908503956793e-08,False,one_sided,0.16389709522892618,29.46509303485454,258.4555926276068,1.343668291658172
iqr,0.00225,-0.7125,rd_obs_redshift_sky,29,965.2055311625852,62.76952425542863,15.37697700614816,2,9.652055311625853e-08,False,one_sided,0.16389709522892618,29.46509303485454,382.9813101187314,1.9161824214911387
iqr,0.00225,-0.69,rd_obs,2,4.566421067890563,0.15306964674915313,29.832309441295724,2,4.5664210678905627e-10,False,central,0.15306964674915313,29.832309441295724,1.0,1.0
iqr,0.00225,-0.69,rd_obs_redshift,11,170.48240521922966,2.9358409656954314,58.06935975458957,2,1.7048240521922967e-08,False,central,0.15306964674915313,29.832309441295724,19.17977226736936,0.5137358077886832
iqr,0.00225,-0.69,rd_obs_sky,20,484.3437282295502,6.687511461354333,72.42510626388706,2,4.8434372822955025e-08,False,central,0.15306964674915313,29.832309441295724,43.689337523027454,0.411905635769441
iqr,0.00225,-0.69,rd_obs_redshift_sky,29,513.4438008860005,7.811993113566105,65.72507085219613,2,5.134438008860005e-08,False,central,0.15306964674915313,29.832309441295724,51.03554675583862,0.45389543220703754
iqr,0.00225,-0.6666666666666666,rd_obs,2,4.260602763765156,0.12364980239800591,34.45701231329963,2,4.2606027637651556e-10,False,central,0.12364980239800591,34.45701231329963,1.0,1.0
iqr,0.00225,-0.6666666666666666,rd_obs_redshift,11,76.93880724545009,2.7599991253136222,27.876388271212743,2,7.693880724545009e-09,False,central,0.12364980239800591,34.45701231329963,22.32109612621696,1.2360644419952542
iqr,0.00225,-0.6666666666666666,rd_obs_sky,20,177.81748503222556,4.0642416863674065,43.75170050262383,2,1.7781748503222558e-08,False,central,0.12364980239800591,34.45701231329963,32.86897033029913,0.7875582415644213
iqr,0.00225,-0.6666666666666666,rd_obs_redshift_sky,29,193.718918585749,4.193597021523991,46.193975623187036,2,1.93718918585749e-08,False,central,0.12364980239800591,34.45701231329963,33.91511300621068,0.7459200436518383
iqr,0.00225,-0.64,rd_obs,2,3.933362551779487,0.09476557278893759,41.506239407636926,2,3.933362551779487e-10,False,central,0.09476557278893759,41.506239407636926,1.0,1.0
iqr,0.00225,-0.64,rd_obs_redshift,11,37.098764936846166,2.712421989080815,13.677357389886884,2,3.7098764936846168e-09,False,central,0.09476557278893759,41.506239407636926,28.622440716123105,3.034668044744292
iqr,0.00225,-0.64,rd_obs_sky,20,74.79899163858548,3.32325944774942,22.507719549023143,2,7.479899163858548e-09,False,central,0.09476557278893759,41.506239407636926,35.068214647433216,1.8440890609656782
iqr,0.00225,-0.64,rd_obs_redshift_sky,29,83.43526385596373,3.5616316767228815,23.426134825017602,2,8.343526385596373e-09,False,central,0.09476557278893759,41.506239407636926,37.58360311561,1.7717920483967733
iqr,0.00225,-0.61,rd_obs,2,3.5917230216507345,0.06721985079941444,53.432475361608844,2,3.5917230216507346e-10,False,central,0.06721985079941444,53.432475361608844,1.0,1.0
iqr,0.00225,-0.61,rd_obs_redshift,11,18.84960246810661,2.6172195335945454,7.202148014774352,2,1.884960246810661e-09,False,central,0.06721985079941444,53.432475361608844,38.9352178332616,7.4189637941345365
iqr,0.00225,-0.61,rd_obs_sky,20,31.38181459788597,2.9228975538050794,10.736542769702131,2,3.1381814597885974e-09,False,central,0.06721985079941444,53.432475361608844,43.48265458855409,4.9766928244715825
iqr,0.00225,-0.61,rd_obs_redshift_sky,29,36.49842858469453,3.2370800011991863,11.27510860750231,2,3.649842858469453e-09,False,central,0.06721985079941444,53.432475361608844,48.156607946939765,4.7389765563815125
iqr,0.00225,-0.58,rd_obs,2,3.2764106275692426,0.044194870953976444,74.1355400942617,2,3.2764106275692426e-10,False,central,0.044194870953976444,74.1355400942617,1.0,1.0
iqr,0.00225,-0.58,rd_obs_redshift,11,10.838794315828158,2.444914605894093,4.4331995439425445,2,1.0838794315828158e-09,False,central,0.044194870953976444,74.1355400942617,55.321229661246726,16.72280693874007
iqr,0.00225,-0.58,rd_obs_sky,20,15.339062551378086,2.509638029168615,6.112061728861976,2,1.5339062551378088e-09,False,central,0.044194870953976444,74.1355400942617,56.78573044781817,12.129383403342235
iqr,0.00225,-0.58,rd_obs_redshift_sky,29,18.5970731704661,2.9076179853524007,6.395982300340652,2,1.85970731704661e-09,False,central,0.044194870953976444,74.1355400942617,65.79084682429166,11.590954541933804
iqr,0.00225,-0.55,rd_obs,2,2.9856436198242293,0.025009096647417486,119.38230564327624,2,2.9856436198242295e-10,False,central,0.025009096647417486,119.38230564327624,1.0,1.0
iqr,0.00225,-0.55,rd_obs_redshift,11,6.861920491844403,2.198172956451058,3.1216472169337157,2,6.861920491844404e-10,False,central,0.025009096647417486,119.38230564327624,87.89493628823446,38.24336875598047
iqr,0.00225,-0.55,rd_obs_sky,20,9.816470189326132,1.985791135643182,4.943354823742153,2,9.816470189326134e-10,False,central,0.025009096647417486,119.38230564327624,79.40275347163492,24.15005798691647
iqr,0.00225,-0.55,rd_obs_redshift_sky,29,11.713985360702722,2.468243157576788,4.745879807159273,2,1.1713985360702723e-09,False,central,0.025009096647417486,119.38230564327624,98.69381498958164,25.154936596410465
iqr,0.00225,-0.525,rd_obs,2,2.7610532126249017,0.01164102004007638,237.18309934348207,2,2.761053212624902e-10,False,central,0.01164102004007638,237.18309934348207,1.0,1.0
iqr,0.00225,-0.525,rd_obs_redshift,11,5.006655828593747,1.9358376223683422,2.5862994761247093,2,5.006655828593747e-10,False,central,0.01164102004007638,237.18309934348207,166.29450131550848,91.70751551899757
iqr,0.00225,-0.525,rd_obs_sky,20,7.797212988846837,1.655349924765101,4.7103110177464655,2,7.797212988846837e-10,False,central,0.01164102004007638,237.18309934348207,142.19973155842447,50.35402088097286
iqr,0.00225,-0.525,rd_obs_redshift_sky,29,8.956047244862134,2.1251943545317515,4.2142250311197715,2,8.956047244862135e-10,False,central,0.01164102004007638,237.18309934348207,182.56083635414888,56.2815458576638
iqr,0.00225,-0.5,rd_obs,2,2.5517511966279365,0.0004217540163999703,6050.3305182705935,2,2.5517511966279364e-10,False,central,0.0004217540163999703,6050.3305182705935,1.0,1.0
iqr,0.00225,-0.5,rd_obs_redshift,11,3.8933215313181555,1.6301029806909086,2.3883899222538667,2,3.8933215313181556e-10,False,central,0.0004217540163999703,6050.3305182705935,3865.0562112134126,2533.225610230779
iqr,0.00225,-0.5,rd_obs_sky,20,6.374649214527752,1.4371066159907908,4.435752465124412,2,6.374649214527752e-10,False,central,0.0004217540163999703,6050.3305182705935,3407.452116894392,1363.9919192607374
iqr,0.00225,-0.5,rd_obs_redshift_sky,29,7.111453565701501,1.852676481037514,3.83847565319069,2,7.111453565701501e-10,False,central,0.0004217540163999703,6050.3305182705935,4392.789182784045,1576.2326154762306
iqr,0.00225,-0.475,rd_obs,2,2.356702164813882,0.009034440763871842,260.85755902437097,2,2.356702164813882e-10,False,central,0.009034440763871842,260.85755902437097,1.0,1.0
iqr,0.00225,-0.475,rd_obs_redshift,11,3.2174486171201147,1.2964656275319235,2.4817076124456605,2,3.217448617120115e-10,False,central,0.009034440763871842,260.85755902437097,143.50258764398652,105.11212429545735
iqr,0.00225,-0.475,rd_obs_sky,20,5.186703273839647,1.265356311967111,4.0990061256156745,2,5.186703273839646e-10,False,central,0.009034440763871842,260.85755902437097,140.0591741137084,63.63922156500557
iqr,0.00225,-0.475,rd_obs_redshift_sky,29,5.68903091482455,1.6175959661441994,3.5169665564790398,2,5.689030914824551e-10,False,central,0.009034440763871842,260.85755902437097,179.04771401157043,74.17117986061396
iqr,0.00225,-0.45,rd_obs,2,2.2070440344140865,0.013850278715116666,159.35015314928236,2,2.2070440344140866e-10,False,one_sided,0.013850278715116666,159.35015314928236,1.0,1.0
iqr,0.00225,-0.45,rd_obs_redshift,11,2.903594439442429,1.1422822514991124,2.54192379828348,2,2.9035944394424294e-10,False,one_sided,0.013850278715116666,159.35015314928236,82.47359313082896,62.68880021379435
iqr,0.00225,-0.45,rd_obs_sky,20,4.569817958113142,1.1920846436617714,3.8334676840361435,2,4.5698179581131425e-10,False,one_sided,0.013850278715116666,159.35015314928236,86.06936135954359,41.56814828852486
iqr,0.00225,-0.45,rd_obs_redshift_sky,29,4.986985641140404,1.5161498586203825,3.289243218792568,2,4.986985641140404e-10,False,one_sided,0.013850278715116666,159.35015314928236,109.4671009736147,48.445840745026274
iqr,0.0025,-0.7125,rd_obs,2,5.0128234022490865,0.1754387059852079,28.573075559915168,2,5.012823402249087e-10,False,one_sided,0.1754387059852079,28.573075559915168,1.0,1.0
iqr,0.0025,-0.7125,rd_obs_redshift,11,395.0511304071265,8.029570970584167,49.19953156331412,2,3.9505113040712653e-08,False,one_sided,0.1754387059852079,28.573075559915168,45.76852596747482,0.5807590977394758
iqr,0.0025,-0.7125,rd_obs_sky,20,1760.593580432903,27.926386372454377,63.04408873213513,2,1.7605935804329032e-07,False,one_sided,0.1754387059852079,28.573075559915168,159.18030297606612,0.45322370637028125
iqr,0.0025,-0.7125,rd_obs_redshift_sky,29,1804.1332031431234,40.960155061048496,44.046054036030334,2,1.8041332031431234e-07,False,one_sided,0.1754387059852079,28.573075559915168,233.47273813397854,0.6487090883678698
iqr,0.0025,-0.69,rd_obs,2,4.748960527030264,0.16353998962045155,29.0385277512356,2,4.748960527030264e-10,False,one_sided,0.16353998962045155,29.0385277512356,1.0,1.0
iqr,0.0025,-0.69,rd_obs_redshift,11,254.20071469043467,4.666069399147509,54.47855420600413,2,2.5420071469043467e-08,False,one_sided,0.16353998962045155,29.0385277512356,28.5316723449516,0.5330267694225123
iqr,0.0025,-0.69,rd_obs_sky,20,958.6065024152338,16.236853710926408,59.03893201736186,2,9.586065024152339e-08,False,one_sided,0.16353998962045155,29.0385277512356,99.28369048212231,0.4918538794484985
iqr,0.0025,-0.69,rd_obs_redshift_sky,29,991.5988659789431,23.215233400114375,42.71328437189254,2,9.91598865978943e-08,False,one_sided,0.16353998962045155,29.0385277512356,141.9544751959015,0.6798476909058389
iqr,0.0025,-0.6666666666666666,rd_obs,2,4.432689069105319,0.13205495245363463,33.5670036355635,2,4.4326890691053187e-10,False,one_sided,0.13205495245363463,33.5670036355635,1.0,1.0
iqr,0.0025,-0.6666666666666666,rd_obs_redshift,11,103.19864534748218,3.1881468610713015,32.36947664098658,2,1.0319864534748219e-08,False,one_sided,0.13205495245363463,33.5670036355635,24.14257702444504,1.0369955624509726
iqr,0.0025,-0.6666666666666666,rd_obs_sky,20,252.6036160999182,4.701449611669097,53.72887874262243,2,2.526036160999182e-08,False,one_sided,0.13205495245363463,33.5670036355635,35.60222107777296,0.624747890168332
iqr,0.0025,-0.6666666666666666,rd_obs_redshift_sky,29,272.84691742117997,5.070370798574585,53.81202445743898,2,2.7284691742117997e-08,False,one_sided,0.13205495245363463,33.5670036355635,38.39591552126623,0.6237825834282136
iqr,0.0025,-0.64,rd_obs,2,4.09412826119357,0.1011604184294866,40.47164221693451,2,4.0941282611935705e-10,False,one_sided,0.1011604184294866,40.47164221693451,1.0,1.0
iqr,0.0025,-0.64,rd_obs_redshift,11,46.68131194901166,2.933313996206945,15.914188528529523,2,4.668131194901166e-09,False,one_sided,0.1011604184294866,40.47164221693451,28.99665740559978,2.5431169264069355
iqr,0.0025,-0.64,rd_obs_sky,20,98.38682853124475,3.6248571147095197,27.142263934210007,2,9.838682853124475e-09,False,one_sided,0.1011604184294866,40.47164221693451,35.832761182539095,1.4910930906513
iqr,0.0025,-0.64,rd_obs_redshift_sky,29,108.85088070441864,3.945945266087975,27.585501917601057,2,1.0885088070441865e-08,False,one_sided,0.1011604184294866,40.47164221693451,39.00681044373574,1.4671345237010676
iqr,0.0025,-0.61,rd_obs,2,3.7404660334389366,0.07171865854507291,52.15471272497619,2,3.7404660334389367e-10,False,one_sided,0.07171865854507291,52.15471272497619,1.0,1.0
iqr,0.0025,-0.61,rd_obs_redshift,11,22.43880338730416,2.7239570296872997,8.237576122806919,2,2.243880338730416e-09,False,one_sided,0.07171865854507291,52.15471272497619,37.98114862920057,6.331317847318988
iqr,0.0025,-0.61,rd_obs_sky,20,39.32158702908257,3.119699437951568,12.604286986986668,2,3.932158702908257e-09,False,one_sided,0.07171865854507291,52.15471272497619,43.49913260007416,4.137855063029227
iqr,0.0025,-0.61,rd_obs_redshift_sky,29,45.17621136341239,3.457349788138136,13.066717032337316,2,4.517621136341239e-09,False,one_sided,0.07171865854507291,52.15471272497619,48.20711734262711,3.991416711321175
iqr,0.0025,-0.58,rd_obs,2,3.413855053774808,0.04712839056619964,72.4373358131015,2,3.413855053774808e-10,False,one_sided,0.04712839056619964,72.4373358131015,1.0,1.0
iqr,0.0025,-0.58,rd_obs_redshift,11,12.397050302169088,2.5072826741735086,4.9444166905734335,2,1.239705030216909e-09,False,one_sided,0.04712839056619964,72.4373358131015,53.20110965070225,14.650329926926226
iqr,0.0025,-0.58,rd_obs_sky,20,17.9463137286333,2.6606557280813585,6.745071727703258,2,1.79463137286333e-09,False,one_sided,0.04712839056619964,72.4373358131015,56.4554761178196,10.739298073820024
iqr,0.0025,-0.58,rd_obs_redshift_sky,29,21.637113512673615,3.0497998916193136,7.094601049770918,2,2.1637113512673617e-09,False,one_sided,0.04712839056619964,72.4373358131015,64.71258311559279,10.210205662718762
iqr,0.0025,-0.55,rd_obs,2,3.1124710481824085,0.02665558032905337,116.76620841715297,2,3.112471048182409e-10,False,one_sided,0.02665558032905337,116.76620841715297,1.0,1.0
iqr,0.0025,-0.55,rd_obs_redshift,11,7.652510772303105,2.2476811115050244,3.4046247633317797,2,7.652510772303106e-10,False,one_sided,0.02665558032905337,116.76620841715297,84.32309796891401,34.2963517374188
iqr,0.0025,-0.55,rd_obs_sky,20,10.729744943093356,2.074648363760942,5.1718378547978965,2,1.0729744943093358e-09,False,one_sided,0.02665558032905337,116.76620841715297,77.83167119793185,22.577314234403026
iqr,0.0025,-0.55,rd_obs_redshift_sky,29,12.915514247525042,2.558493512316612,5.0480934133112445,2,1.2915514247525042e-09,False,one_sided,0.02665558032905337,116.76620841715297,95.98341063045514,23.130754298098733
iqr,0.0025,-0.525,rd_obs,2,2.879559184150843,0.012402159005298249,232.18208885410067,2,2.879559184150843e-10,False,one_sided,0.012402159005298249,232.18208885410067,1.0,1.0
iqr,0.0025,-0.525,rd_obs_redshift,11,5.4992483997849435,1.986114947994592,2.768846992132863,2,5.499248399784944e-10,False,one_sided,0.012402159005298249,232.18208885410067,160.14267734723578,83.85515325108273
iqr,0.0025,-0.525,rd_obs_sky,20,8.372604232852597,1.6933337758410008,4.9444500265131195,2,8.372604232852596e-10,False,one_sided,0.012402159005298249,232.18208885410067,136.53540283732875,46.9581222601289
iqr,0.0025,-0.525,rd_obs_redshift_sky,29,9.701389302185335,2.178370300118522,4.453507882318032,2,9.701389302185336e-10,False,one_sided,0.012402159005298249,232.18208885410067,175.6444421642969,52.13465317439853
iqr,0.0025,-0.5,rd_obs,2,2.662422485945975,0.00044913621242179,5927.873131382373,2,2.662422485945975e-10,False,one_sided,0.00044913621242179,5927.873131382373,1.0,1.0
iqr,0.0025,-0.5,rd_obs_redshift,11,4.217464955533339,1.685685165977001,2.501929209947667,2,4.2174649555333396e-10,False,one_sided,0.00044913621242179,5927.873131382373,3753.1713528232517,2369.3208855842754
iqr,0.0025,-0.5,rd_obs_sky,20,6.846062733793181,1.4569801053887375,4.698803167231017,2,6.846062733793181e-10,False,one_sided,0.00044913621242179,5927.873131382373,3243.9604402694376,1261.5708554728928
iqr,0.0025,-0.5,rd_obs_redshift_sky,29,7.679148363306698,1.8873520687479197,4.068741858216781,2,7.679148363306699e-10,False,one_sided,0.00044913621242179,5927.873131382373,4202.181913970191,1456.9302595128013
iqr,0.0025,-0.475,rd_obs,2,2.459976741260728,0.009616841650438314,255.79881947506206,2,2.4599767412607284e-10,False,one_sided,0.009616841650438314,255.79881947506206,1.0,1.0
iqr,0.0025,-0.475,rd_obs_redshift,11,3.439621476773331,1.3540184318354955,2.540306243919154,2,3.439621476773331e-10,False,one_sided,0.009616841650438314,255.79881947506206,140.79658177316276,100.69605587412119
iqr,0.0025,-0.475,rd_obs_sky,20,5.5875348256117245,1.2814160669241772,4.360437620408224,2,5.587534825611725e-10,False,one_sided,0.009616841650438314,255.79881947506206,133.24707981084134,58.66356584895124
iqr,0.0025,-0.475,rd_obs_redshift_sky,29,6.145573114270911,1.6453836717280734,3.7350395654628614,2,6.145573114270911e-10,False,one_sided,0.009616841650438314,255.79881947506206,171.093975708031,68.48624090635634
iqr,0.0025,-0.45,rd_obs,2,2.309129651191748,0.014708848801275029,156.98914866754103,2,2.309129651191748e-10,False,one_sided,0.014708848801275029,156.98914866754103,1.0,1.0
iqr,0.0025,-0.45,rd_obs_redshift,11,3.0951834366315456,1.1948739496342742,2.590384900079976,2,3.095183436631546e-10,False,one_sided,0.014708848801275029,156.98914866754103,81.23504196539821,60.60456446557193
iqr,0.0025,-0.45,rd_obs_sky,20,4.943603349951451,1.2054682420995242,4.100981823744557,2,4.943603349951452e-10,False,one_sided,0.014708848801275029,156.98914866754103,81.95530856194733,38.280869171030886
iqr,0.0025,-0.45,rd_obs_redshift_sky,29,5.403645015928171,1.5390180219423248,3.511099245679057,2,5.403645015928171e-10,False,one_sided,0.014708848801275029,156.98914866754103,104.63211925932067,44.71225040441113
population_std,0.00025,-0.7125,rd_obs,2,5.835367333592873,0.032640942644494235,178.77447343197863,2,5.835367333592873e-10,False,one_sided,0.032640942644494235,178.77447343197863,1.0,1.0
population_std,0.00025,-0.7125,rd_obs_redshift,11,15.349453365416554,1.0844619221974279,14.153980929375743,2,1.5349453365416556e-09,False,one_sided,0.032640942644494235,178.77447343197863,33.223976832064665,12.630684916421137
population_std,0.00025,-0.7125,rd_obs_sky,20,22.171034617601467,1.5038069154909761,14.74327215097483,2,2.2171034617601467e-09,False,one_sided,0.032640942644494235,178.77447343197863,46.07118525557145,12.125834183977808
population_std,0.00025,-0.7125,rd_obs_redshift_sky,29,26.34675662737736,1.5471992116086835,17.028677645190633,2,2.634675662737736e-09,False,one_sided,0.032640942644494235,178.77447343197863,47.40056769989331,10.49843547202677
population_std,0.00025,-0.69,rd_obs,2,5.447343198001715,0.03087883163379635,176.41027557660863,2,5.447343198001715e-10,False,central,0.03087883163379635,176.41027557660863,1.0,1.0
population_std,0.00025,-0.69,rd_obs_redshift,11,12.256768814936454,1.1692320463475636,10.482751352243582,2,1.2256768814936454e-09,False,central,0.03087883163379635,176.41027557660863,37.86516472559342,16.828623483361763
population_std,0.00025,-0.69,rd_obs_sky,20,16.968099707353513,1.6298659583670458,10.410733238673052,2,1.6968099707353513e-09,False,central,0.03087883163379635,176.41027557660863,52.78263043421583,16.945038503272016
population_std,0.00025,-0.69,rd_obs_redshift_sky,29,20.240977033317698,1.6723347151769765,12.103424541525275,2,2.02409770333177e-09,False,central,0.03087883163379635,176.41027557660863,54.15796604644312,14.575236535029232
population_std,0.00025,-0.6666666666666666,rd_obs,2,5.068133591584895,0.025014796823896526,202.60542699044947,2,5.068133591584895e-10,False,central,0.025014796823896526,202.60542699044947,1.0,1.0
population_std,0.00025,-0.6666666666666666,rd_obs_redshift,11,9.722784083635553,1.036344606417375,9.381806035780942,2,9.722784083635553e-10,False,central,0.025014796823896526,202.60542699044947,41.4292633961096,21.5955676569884
population_std,0.00025,-0.6666666666666666,rd_obs_sky,20,12.804751454984686,1.4088980170223437,9.088487101463224,2,1.2804751454984686e-09,False,central,0.025014796823896526,202.60542699044947,56.32258486610731,22.292536120542053
population_std,0.00025,-0.6666666666666666,rd_obs_redshift_sky,29,15.290611815282004,1.4365863700788026,10.643712159431981,2,1.5290611815282004e-09,False,central,0.025014796823896526,202.60542699044947,57.429463856625766,19.035222294217117
population_std,0.00025,-0.64,rd_obs,2,4.663465557912517,0.019234741734045522,242.45012604760768,2,4.663465557912517e-10,False,central,0.019234741734045522,242.45012604760768,1.0,1.0
population_std,0.00025,-0.64,rd_obs_redshift,11,7.596915201540584,0.8924254483404919,8.512660879031872,2,7.596915201540585e-10,False,central,0.019234741734045522,242.45012604760768,46.39653917270422,28.48112117854988
population_std,0.00025,-0.64,rd_obs_sky,20,9.460321970125705,1.1899757745232182,7.950012237783685,2,9.460321970125706e-10,False,central,0.019234741734045522,242.45012604760768,61.86596061318355,30.49682425585778
population_std,0.00025,-0.64,rd_obs_redshift_sky,29,11.233236424737598,1.2204082609774343,9.20449064785977,2,1.1233236424737598e-09,False,central,0.019234741734045522,242.45012604760768,63.44812308123222,26.340417446562594
population_std,0.00025,-0.61,rd_obs,2,4.242636659614809,0.01369446607891645,309.80665001219967,2,4.242636659614809e-10,False,central,0.01369446607891645,309.80665001219967,1.0,1.0
population_std,0.00025,-0.61,rd_obs_redshift,11,5.923911856651483,0.7323975465905147,8.088382988485836,2,5.923911856651483e-10,False,central,0.01369446607891645,309.80665001219967,53.481277938837636,38.30266821603562
population_std,0.00025,-0.61,rd_obs_sky,20,6.9533559901153765,0.9616100990854622,7.2309515017868,2,6.953355990115377e-10,False,central,0.01369446607891645,309.80665001219967,70.21888210493475,42.84452052204265
population_std,0.00025,-0.61,rd_obs_redshift_sky,29,8.11685973456087,1.0096663038450584,8.039150859694798,2,8.116859734560871e-10,False,central,0.01369446607891645,309.80665001219967,73.72805175657834,38.53723551394597
population_std,0.00025,-0.58,rd_obs,2,3.8558679957884885,0.009037089863160788,426.6714234531105,2,3.8558679957884887e-10,False,central,0.009037089863160788,426.6714234531105,1.0,1.0
population_std,0.00025,-0.58,rd_obs_redshift,11,4.782467260611287,0.5783972697766389,8.268481734808576,2,4.782467260611287e-10,False,central,0.009037089863160788,426.6714234531105,64.00260244555544,51.60214863351674
population_std,0.00025,-0.58,rd_obs_sky,20,5.33676623803914,0.748661696360136,7.128408283722243,2,5.33676623803914e-10,False,central,0.009037089863160788,426.6714234531105,82.84322804092226,59.85507654316278
population_std,0.00025,-0.58,rd_obs_redshift_sky,29,6.05908168044489,0.8172112550210989,7.414339490819244,2,6.05908168044489e-10,False,central,0.009037089863160788,426.6714234531105,90.42858568358568,57.5467880829349
population_std,0.00025,-0.55,rd_obs,2,3.5008024928834343,0.005132735971843913,682.0538816115621,2,3.5008024928834345e-10,False,central,0.005132735971843913,682.0538816115621,1.0,1.0
population_std,0.00025,-0.55,rd_obs_redshift,11,3.9938749780228924,0.43837537165349466,9.110628097008547,2,3.9938749780228925e-10,False,central,0.005132735971843913,682.0538816115621,85.40773849624107,74.86354116852964
population_std,0.00025,-0.55,rd_obs_sky,20,4.288806521826026,0.5576737504792001,7.6905296656705175,2,4.288806521826026e-10,False,central,0.005132735971843913,682.0538816115621,108.65038714992743,88.68750414632144
population_std,0.00025,-0.55,rd_obs_redshift_sky,29,4.710163928734453,0.6377954417147338,7.385069915318028,2,4.710163928734454e-10,False,central,0.005132735971843913,682.0538816115621,124.2603253339775,92.35577854135866
population_std,0.00025,-0.525,rd_obs,2,3.2275216930732418,0.0023964987459055872,1346.7654421215348,2,3.2275216930732417e-10,False,central,0.0023964987459055872,1346.7654421215348,1.0,1.0
population_std,0.00025,-0.525,rd_obs_redshift,11,3.512920346283804,0.3388269108003799,10.36789060817381,2,3.512920346283804e-10,False,central,0.0023964987459055872,1346.7654421215348,141.3841385810299,129.89772876845126
population_std,0.00025,-0.525,rd_obs_sky,20,3.688308104980044,0.4239431165624543,8.700007054924528,2,3.688308104980044e-10,False,central,0.0023964987459055872,1346.7654421215348,176.90103835303907,154.80050000180347
population_std,0.00025,-0.525,rd_obs_redshift_sky,29,3.9456818307493955,0.5034385227502077,7.837465057689147,2,3.9456818307493957e-10,False,central,0.0023964987459055872,1346.7654421215348,210.0725166705517,171.83686717687576
population_std,0.00025,-0.5,rd_obs,2,2.973483742839225,8.709887605886267e-05,34139.174664317165,2,2.973483742839225e-10,False,central,8.709887605886267e-05,34139.174664317165,1.0,1.0
population_std,0.00025,-0.5,rd_obs_redshift,11,3.136776806581865,0.2577051077774637,12.17196210674477,2,3.1367768065818653e-10,False,central,8.709887605886267e-05,34139.174664317165,2958.765020151384,2804.738822297175
population_std,0.00025,-0.5,rd_obs_sky,20,3.2428693325107694,0.3173766654476536,10.217730808711995,2,3.2428693325107695e-10,False,central,8.709887605886267e-05,34139.174664317165,3643.866371285502,3341.169903909478
population_std,0.00025,-0.5,rd_obs_redshift_sky,29,3.395556805844818,0.388971096817724,8.72958642332238,2,3.395556805844818e-10,False,central,8.709887605886267e-05,34139.174664317165,4465.856672534463,3910.7436491045346
population_std,0.00025,-0.475,rd_obs,2,2.7375140996417766,0.001871673851982468,1462.6020963760404,2,2.737514099641777e-10,False,central,0.001871673851982468,1462.6020963760404,1.0,1.0
population_std,0.00025,-0.475,rd_obs_redshift,11,2.8308528120767154,0.1926675234150662,14.69294233869489,2,2.8308528120767156e-10,False,central,0.001871673851982468,1462.6020963760404,102.9386200010187,99.54453387625266
population_std,0.00025,-0.475,rd_obs_sky,20,2.896451945355678,0.23395584914723094,12.380335674073741,2,2.8964519453556784e-10,False,central,0.001871673851982468,1462.6020963760404,124.99819287394864,118.13913086693975
population_std,0.00025,-0.475,rd_obs_redshift_sky,29,2.9857594345978113,0.29371972888462555,10.165334980853912,2,2.9857594345978117e-10,False,central,0.001871673851982468,1462.6020963760404,156.9289054145406,143.88134765168147
population_std,0.00025,-0.45,rd_obs,2,2.5192413452771634,0.0029199828343726493,862.7589572177797,2,2.5192413452771633e-10,False,one_sided,0.0029199828343726493,862.7589572177797,1.0,1.0
population_std,0.00025,-0.45,rd_obs_redshift,11,2.5740871443376085,0.17028986670917545,15.11591496359374,2,2.5740871443376086e-10,False,one_sided,0.0029199828343726493,862.7589572177797,58.318790338286966,57.07619811938017
population_std,0.00025,-0.45,rd_obs_sky,20,2.615950662238958,0.2056951772625353,12.717608147419698,2,2.615950662238958e-10,False,one_sided,0.0029199828343726493,862.7589572177797,70.44396797172556,67.83971853959241
population_std,0.00025,-0.45,rd_obs_redshift_sky,29,2.6693074191921444,0.2620001113694618,10.188191925720202,2,2.6693074191921444e-10,False,one_sided,0.0029199828343726493,862.7589572177797,89.72659300778109,84.68224425962522
population_std,0.0005,-0.7125,rd_obs,2,5.887877602991262,0.06469967729945629,91.00319891457544,2,5.887877602991262e-10,False,one_sided,0.06469967729945629,91.00319891457544,1.0,1.0
population_std,0.0005,-0.7125,rd_obs_redshift,11,16.44790150602937,1.9919440085361644,8.257210762724485,2,1.6447901506029372e-09,False,one_sided,0.06469967729945629,91.00319891457544,30.78754163357943,11.02105802184329
population_std,0.0005,-0.7125,rd_obs_sky,20,24.005468800726536,2.759898644837563,8.697953037380257,2,2.400546880072654e-09,False,one_sided,0.06469967729945629,91.00319891457544,42.657069710929704,10.462599478691224
population_std,0.0005,-0.7125,rd_obs_redshift_sky,29,28.560646199939438,2.8282640759756417,10.098295432362383,2,2.856064619993944e-09,False,one_sided,0.06469967729945629,91.00319891457544,43.713727703544656,9.011738617087207
population_std,0.0005,-0.69,rd_obs,2,5.50026867249752,0.06116340981782406,89.92743682669321,2,5.50026867249752e-10,False,central,0.06116340981782406,89.92743682669321,1.0,1.0
population_std,0.0005,-0.69,rd_obs_redshift,11,13.36940546011934,2.1309807777004544,6.273827338107805,2,1.336940546011934e-09,False,central,0.06116340981782406,89.92743682669321,34.840777910316085,14.333744296797217
population_std,0.0005,-0.69,rd_obs_sky,20,18.931525237581553,2.8841135569797856,6.564070680145637,2,1.893152523758155e-09,False,central,0.06116340981782406,89.92743682669321,47.15423102750733,13.69994949912666
population_std,0.0005,-0.69,rd_obs_redshift_sky,29,22.604151682267286,2.9662215958073976,7.620520231602756,2,2.260415168226729e-09,False,central,0.06116340981782406,89.92743682669321,48.49666826362892,11.800695240432368
population_std,0.0005,-0.6666666666666666,rd_obs,2,5.118218667702868,0.04954002175345202,103.31482479307194,2,5.118218667702868e-10,False,central,0.04954002175345202,103.31482479307194,1.0,1.0
population_std,0.0005,-0.6666666666666666,rd_obs_redshift,11,10.54444554999597,1.9027651865634267,5.541643091042796,2,1.054444554999597e-09,False,central,0.04954002175345202,103.31482479307194,38.408646569293026,18.643355967847203
population_std,0.0005,-0.6666666666666666,rd_obs_sky,20,14.218054040117021,2.5035940271708244,5.679057341490814,2,1.4218054040117022e-09,False,central,0.04954002175345202,103.31482479307194,50.53679708964541,18.19224892100679
population_std,0.0005,-0.6666666666666666,rd_obs_redshift_sky,29,17.04454799103731,2.551795111220618,6.679434377818943,2,1.704454799103731e-09,False,central,0.04954002175345202,103.31482479307194,51.50976969530307,15.467600839999218
population_std,0.0005,-0.64,rd_obs,2,4.710455063944954,0.03808572818219381,123.68032039222581,2,4.710455063944954e-10,False,central,0.03808572818219381,123.68032039222581,1.0,1.0
population_std,0.0005,-0.64,rd_obs_redshift,11,8.158711435270034,1.6569482425083923,4.923938615559206,2,8.158711435270034e-10,False,central,0.03808572818219381,123.68032039222581,43.50575193368796,25.118168614329807
population_std,0.0005,-0.64,rd_obs_sky,20,10.40737719531798,2.135820008156723,4.872778209573877,2,1.040737719531798e-09,False,central,0.03808572818219381,123.68032039222581,56.0792745760151,25.381889975870997
population_std,0.0005,-0.64,rd_obs_redshift_sky,29,12.459667003024398,2.17993983789329,5.715601314514034,2,1.24596670030244e-09,False,central,0.03808572818219381,123.68032039222581,57.23770929270234,21.639074103744
population_std,0.0005,-0.61,rd_obs,2,4.286312821254867,0.027109847667531477,158.10907068977872,2,4.2863128212548676e-10,False,central,0.027109847667531477,158.10907068977872,1.0,1.0
population_std,0.0005,-0.61,rd_obs_redshift,11,6.271710475508189,1.3809642009288654,4.541544575369662,2,6.27171047550819e-10,False,central,0.027109847667531477,158.10907068977872,50.93957804059512,34.81394227577505
population_std,0.0005,-0.61,rd_obs_sky,20,7.524806539172732,1.7575628235416387,4.281386951511415,2,7.524806539172732e-10,False,central,0.027109847667531477,158.10907068977872,64.83115822323896,36.92940453185692
population_std,0.0005,-0.61,rd_obs_redshift_sky,29,8.901883983448435,1.826582585937024,4.873518477612022,2,8.901883983448436e-10,False,central,0.027109847667531477,158.10907068977872,67.37708777776197,32.442489223361
population_std,0.0005,-0.58,rd_obs,2,3.8964056492794588,0.017886138517573157,217.84498903724997,2,3.896405649279459e-10,False,central,0.017886138517573157,217.84498903724997,1.0,1.0
population_std,0.0005,-0.58,rd_obs_redshift,11,4.989419114876622,1.107623916691672,4.504614824298274,2,4.989419114876622e-10,False,central,0.017886138517573157,217.84498903724997,61.926385933074926,48.36040317191509
population_std,0.0005,-0.58,rd_obs_sky,20,5.661981733557563,1.3987409465711633,4.047913051689232,2,5.661981733557563e-10,False,central,0.017886138517573157,217.84498903724997,78.20251113435683,53.81661766335154
population_std,0.0005,-0.58,rd_obs_redshift_sky,29,6.533324410763369,1.506327480169395,4.337253682730836,2,6.533324410763369e-10,False,central,0.017886138517573157,217.84498903724997,84.21758998955679,50.22648084999485
population_std,0.0005,-0.55,rd_obs,2,3.538367571846174,0.010156488563419875,348.38493144078734,2,3.538367571846174e-10,False,central,0.010156488563419875,348.38493144078734,1.0,1.0
population_std,0.0005,-0.55,rd_obs_redshift,11,4.116863263583404,0.8501014639397231,4.842790464686593,2,4.1168632635834045e-10,False,central,0.010156488563419875,348.38493144078734,83.70033192391824,71.9388819279286
population_std,0.0005,-0.55,rd_obs_sky,20,4.468768922395267,1.0631647681351215,4.203270326794082,2,4.468768922395267e-10,False,central,0.010156488563419875,348.38493144078734,104.67837988458626,82.88425543795739
population_std,0.0005,-0.55,rd_obs_redshift_sky,29,4.980913308673796,1.200751856017035,4.148162073382739,2,4.980913308673796e-10,False,central,0.010156488563419875,348.38493144078734,118.2250980266668,83.98537117829794
population_std,0.0005,-0.525,rd_obs,2,3.2627426769643795,0.004741257557807808,688.1597629285842,2,3.2627426769643796e-10,False,central,0.004741257557807808,688.1597629285842,1.0,1.0
population_std,0.0005,-0.525,rd_obs_redshift,11,3.5957239687463756,0.6618776999308277,5.432610842036469,2,3.5957239687463756e-10,False,central,0.004741257557807808,688.1597629285842,139.59960872424253,126.67201515774697
population_std,0.0005,-0.525,rd_obs_sky,20,3.8010868579383783,0.8184350986648807,4.6443351026112145,2,3.8010868579383787e-10,False,central,0.004741257557807808,688.1597629285842,172.61983528338345,148.17185834451863
population_std,0.0005,-0.525,rd_obs_redshift_sky,29,4.112540746675197,0.9627598936025868,4.271616188005432,2,4.112540746675197e-10,False,central,0.004741257557807808,688.1597629285842,203.0600282444334,161.10056068729108
population_std,0.0005,-0.5,rd_obs,2,3.006488486197015,0.00017228543615881736,17450.624691372945,2,3.0064884861970153e-10,False,central,0.00017228543615881736,17450.624691372945,1.0,1.0
population_std,0.0005,-0.5,rd_obs_redshift,11,3.1960066864379937,0.5058069531607776,6.318629402909966,2,3.196006686437994e-10,False,central,0.00017228543615881736,17450.624691372945,2935.8659933072413,2761.773729495241
population_std,0.0005,-0.5,rd_obs_sky,20,3.3181094638595683,0.6178973460904909,5.370001157722455,2,3.318109463859568e-10,False,central,0.00017228543615881736,17450.624691372945,3586.474631093579,3249.650079921802
population_std,0.0005,-0.5,rd_obs_redshift_sky,29,3.500926414833449,0.7526540697333495,4.651441552788997,2,3.5009264148334494e-10,False,central,0.00017228543615881736,17450.624691372945,4368.645931508295,3751.6594572513927
population_std,0.0005,-0.475,rd_obs,2,2.7684158586996017,0.0037015635086250537,747.9044604391862,2,2.768415858699602e-10,False,central,0.0037015635086250537,747.9044604391862,1.0,1.0
population_std,0.0005,-0.475,rd_obs_redshift,11,2.8760406066862063,0.37927295856938126,7.583036284829375,2,2.8760406066862065e-10,False,central,0.0037015635086250537,747.9044604391862,102.46290727840632,98.62862741873518
population_std,0.0005,-0.475,rd_obs_sky,20,2.950467658729201,0.4579840634563309,6.442293289557946,2,2.950467658729201e-10,False,central,0.0037015635086250537,747.9044604391862,123.72719322231734,116.09289220834364
population_std,0.0005,-0.475,rd_obs_redshift_sky,29,3.055825419730754,0.5729374240284656,5.333611126751828,2,3.0558254197307545e-10,False,central,0.0037015635086250537,747.9044604391862,154.78254599534975,140.2247825470284
population_std,0.0005,-0.45,rd_obs,2,2.5503458751059678,0.005768740275197318,442.0975383605278,2,2.5503458751059676e-10,False,one_sided,0.005768740275197318,442.0975383605278,1.0,1.0
population_std,0.0005,-0.45,rd_obs_redshift,11,2.6149103775395317,0.33526807429340344,7.799461320767282,2,2.614910377539532e-10,False,one_sided,0.005768740275197318,442.0975383605278,58.118074016070295,56.6830862002449
population_std,0.0005,-0.45,rd_obs_sky,20,2.66324023349982,0.40305679028799385,6.607605423535651,2,2.66324023349982e-10,False,one_sided,0.005768740275197318,442.0975383605278,69.86911718333643,66.9073756713467
population_std,0.0005,-0.45,rd_obs_redshift_sky,29,2.7274472357487167,0.5120532168691774,5.326491751043021,2,2.727447235748717e-10,False,one_sided,0.005768740275197318,442.0975383605278,88.76343749964767,82.99976025945357
population_std,0.00075,-0.7125,rd_obs,2,5.974389216884619,0.0956441990293282,62.46473155212101,2,5.97438921688462e-10,False,one_sided,0.0956441990293282,62.46473155212101,1.0,1.0
population_std,0.00075,-0.7125,rd_obs_redshift,11,18.20400985177407,2.6539600333593,6.859187637702291,2,1.820400985177407e-09,False,one_sided,0.0956441990293282,62.46473155212101,27.74825928068563,9.106724418614332
population_std,0.00075,-0.7125,rd_obs_sky,20,26.91792647503383,3.733408607466272,7.2100135037996935,2,2.691792647503383e-09,False,one_sided,0.0956441990293282,62.46473155212101,39.034344428159876,8.663608122120985
population_std,0.00075,-0.7125,rd_obs_redshift_sky,29,32.042483650848794,3.8104266487151612,8.409159027284572,2,3.2042483650848795e-09,False,one_sided,0.0956441990293282,62.46473155212101,39.839600178435674,7.428178174469807
population_std,0.00075,-0.69,rd_obs,2,5.587384425196285,0.0903146699746892,61.86574591660642,2,5.587384425196286e-10,False,central,0.0903146699746892,61.86574591660642,1.0,1.0
population_std,0.00075,-0.69,rd_obs_redshift,11,15.083250031379087,2.810910790636168,5.365965395139926,2,1.5083250031379088e-09,False,central,0.0903146699746892,61.86574591660642,31.123523912825338,11.52928529368445
population_std,0.00075,-0.69,rd_obs_sky,20,21.869756406656638,3.6953988114657346,5.918104519274407,2,2.186975640665664e-09,False,central,0.0903146699746892,61.86574591660642,40.9169275877482,10.453641992147768
population_std,0.00075,-0.69,rd_obs_redshift_sky,29,26.107543872686925,3.810118124872564,6.852161276117951,2,2.6107543872686924e-09,False,central,0.0903146699746892,61.86574591660642,42.18714552065965,9.028647082815901
population_std,0.00075,-0.6666666666666666,rd_obs,2,5.200636759183612,0.07313239009281701,71.11263220828897,2,5.200636759183612e-10,False,central,0.07313239009281701,71.11263220828897,1.0,1.0
population_std,0.00075,-0.6666666666666666,rd_obs_redshift,11,11.831695012154428,2.5280886236416493,4.680095033658734,2,1.1831695012154429e-09,False,central,0.07313239009281701,71.11263220828897,34.56865857157259,15.194698333442945
population_std,0.00075,-0.6666666666666666,rd_obs_sky,20,16.36596966040601,3.2148062800020334,5.09081052945923,2,1.636596966040601e-09,False,central,0.07313239009281701,71.11263220828897,43.95872028689226,13.968823195594926
population_std,0.00075,-0.6666666666666666,rd_obs_redshift_sky,29,19.66605958746951,3.2793765486053847,5.996889742909476,2,1.9666059587469507e-09,False,central,0.07313239009281701,71.11263220828897,44.84164327794179,11.858252403651443
population_std,0.00075,-0.64,rd_obs,2,4.787755810856649,0.05620622216362191,85.18195364418935,2,4.78775581085665e-10,False,central,0.05620622216362191,85.18195364418935,1.0,1.0
population_std,0.00075,-0.64,rd_obs_redshift,11,9.064840536686514,2.2273389866265028,4.069807331131036,2,9.064840536686515e-10,False,central,0.05620622216362191,85.18195364418935,39.627978912058836,20.930217750754434
population_std,0.00075,-0.64,rd_obs_sky,20,11.887421808198928,2.7660934332484906,4.297548906089691,2,1.188742180819893e-09,False,central,0.05620622216362191,85.18195364418935,49.213295730784345,19.821055095727996
population_std,0.00075,-0.64,rd_obs_redshift_sky,29,14.326575367519464,2.8138792510319717,5.091396641225911,2,1.4326575367519464e-09,False,central,0.05620622216362191,85.18195364418935,50.06348305780967,16.730567199274258
population_std,0.00075,-0.61,rd_obs,2,4.358139314211711,0.03999457541288266,108.96826055085235,2,4.3581393142117115e-10,False,central,0.03999457541288266,108.96826055085235,1.0,1.0
population_std,0.00075,-0.61,rd_obs_redshift,11,6.853408920126238,1.890494721910747,3.625193363776975,2,6.853408920126239e-10,False,central,0.03999457541288266,108.96826055085235,47.26877838792606,30.058606429015896
population_std,0.00075,-0.61,rd_obs_sky,20,8.457097072220487,2.318177801707536,3.6481658421502927,2,8.457097072220487e-10,False,central,0.03999457541288266,108.96826055085235,57.96230558209219,29.869327565060626
population_std,0.00075,-0.61,rd_obs_redshift_sky,29,10.136842806459795,2.3851757583692614,4.249935364675317,2,1.0136842806459795e-09,False,central,0.03999457541288266,108.96826055085235,59.63748167710194,25.639980658665195
population_std,0.00075,-0.58,rd_obs,2,3.963049727549313,0.026378038109799773,150.2405035223977,2,3.963049727549313e-10,False,central,0.026378038109799773,150.2405035223977,1.0,1.0
population_std,0.00075,-0.58,rd_obs_redshift,11,5.3449994930104365,1.5485130852410063,3.451697983022569,2,5.344999493010437e-10,False,central,0.026378038109799773,150.2405035223977,58.70463446884301,43.52654961742501
population_std,0.00075,-0.58,rd_obs_sky,20,6.215934949333624,1.89333177269345,3.2830669399747343,2,6.215934949333624e-10,False,central,0.026378038109799773,150.2405035223977,71.77682300754783,45.76224191260441
population_std,0.00075,-0.58,rd_obs_redshift_sky,29,7.311684997797264,2.005559373428121,3.6457085712198753,2,7.311684997797265e-10,False,central,0.026378038109799773,150.2405035223977,76.03140783555963,41.21023405667512
population_std,0.00075,-0.55,rd_obs,2,3.600106063794911,0.014973471255091532,240.43229538846862,2,3.600106063794911e-10,False,central,0.014973471255091532,240.43229538846862,1.0,1.0
population_std,0.00075,-0.55,rd_obs_redshift,11,4.329982331751055,1.211439655530843,3.574245165231686,2,4.3299823317510557e-10,False,central,0.014973471255091532,240.43229538846862,80.9057322041413,67.26799205808915
population_std,0.00075,-0.55,rd_obs_sky,20,4.782777879014082,1.4796297801061857,3.2324152590865305,2,4.782777879014083e-10,False,central,0.014973471255091532,240.43229538846862,98.81675096568253,74.38162368297134
population_std,0.00075,-0.55,rd_obs_redshift_sky,29,5.443256844412264,1.6402952809714635,3.3184615645473907,2,5.443256844412265e-10,False,central,0.014973471255091532,240.43229538846862,109.5467612704504,72.452939626336
population_std,0.00075,-0.525,rd_obs,2,3.320614473186637,0.006987940109354612,475.19217698236974,2,3.320614473186637e-10,False,central,0.006987940109354612,475.19217698236974,1.0,1.0
population_std,0.00075,-0.525,rd_obs_redshift,11,3.7384760744562797,0.954529987688331,3.9165622061912115,2,3.7384760744562797e-10,False,central,0.006987940109354612,475.19217698236974,136.596761384735,121.32889814215049
population_std,0.00075,-0.525,rd_obs_sky,20,3.997922474118874,1.1609956020616448,3.443529387208306,2,3.997922474118874e-10,False,central,0.006987940109354612,475.19217698236974,166.14275221212097,137.9956793014656
population_std,0.00075,-0.525,rd_obs_redshift_sky,29,4.402861002408128,1.3442140589875298,3.275416569980223,2,4.402861002408128e-10,False,central,0.006987940109354612,475.19217698236974,192.36198907716138,145.07839440564317
population_std,0.00075,-0.5,rd_obs,2,3.0607055996208175,0.0002538503774846409,12057.124476035116,2,3.0607055996208175e-10,False,central,0.0002538503774846409,12057.124476035116,1.0,1.0
population_std,0.00075,-0.5,rd_obs_redshift,11,3.297092290413572,0.7353187160019304,4.483895511786369,2,3.297092290413572e-10,False,central,0.0002538503774846409,12057.124476035116,2896.6618970122295,2688.984264763029
population_std,0.00075,-0.5,rd_obs_sky,20,3.448045958817481,0.8883306300081312,3.8814894391133623,2,3.448045958817481e-10,False,central,0.0002538503774846409,12057.124476035116,3499.4260745658307,3106.313868726973
population_std,0.00075,-0.5,rd_obs_redshift_sky,29,3.6846905584431306,1.069953309479138,3.4437863089903127,2,3.6846905584431307e-10,False,central,0.0002538503774846409,12057.124476035116,4214.8974529056,3501.1244584366086
population_std,0.00075,-0.475,rd_obs,2,2.8191663434389485,0.0054523922342941695,517.0512725968438,2,2.8191663434389486e-10,False,central,0.0054523922342941695,517.0512725968438,1.0,1.0
population_std,0.00075,-0.475,rd_obs_redshift,11,2.9523294264519166,0.5541745230794517,5.327436219994983,2,2.9523294264519165e-10,False,central,0.0054523922342941695,517.0512725968438,101.63878519117425,97.05442754175867
population_std,0.00075,-0.475,rd_obs_sky,20,3.042480652720583,0.664208839909774,4.580608492253541,2,3.0424806527205833e-10,False,central,0.0054523922342941695,517.0512725968438,121.81970983893422,112.87829411119742
population_std,0.00075,-0.475,rd_obs_redshift_sky,29,3.176889341307597,0.8251459640837974,3.8500937768447585,2,3.176889341307597e-10,False,central,0.0054523922342941695,517.0512725968438,151.33650123221835,134.29576071795825
population_std,0.00075,-0.45,rd_obs,2,2.6013608985167576,0.008483415145922504,306.6407636277336,2,2.6013608985167576e-10,False,one_sided,0.008483415145922504,306.6407636277336,1.0,1.0
population_std,0.00075,-0.45,rd_obs_redshift,11,2.683682978081927,0.49000873921513377,5.4768063573324985,2,2.683682978081927e-10,False,one_sided,0.008483415145922504,306.6407636277336,57.76078746430948,55.98897306588072
population_std,0.00075,-0.45,rd_obs_sky,20,2.7436087735814993,0.5853722382968564,4.68694720057795,2,2.7436087735814995e-10,False,one_sided,0.008483415145922504,306.6407636277336,69.00195596088581,65.42441177701373
population_std,0.00075,-0.45,rd_obs_redshift_sky,29,2.8280984009721912,0.7396090811706059,3.8237745762884066,2,2.8280984009721915e-10,False,one_sided,0.008483415145922504,306.6407636277336,87.18294088508611,80.19321157927102
population_std,0.001,-0.7125,rd_obs,2,6.093480193875073,0.12503323840243225,48.73488259387943,2,6.093480193875073e-10,False,one_sided,0.12503323840243225,48.73488259387943,1.0,1.0
population_std,0.001,-0.7125,rd_obs_redshift,11,20.589696289923676,3.1257707133776553,6.587078252990219,2,2.0589696289923676e-09,False,one_sided,0.12503323840243225,48.73488259387943,24.999518154660947,7.398558317074209
population_std,0.001,-0.7125,rd_obs_sky,20,30.493519480869878,4.638025200547538,6.574677403061542,2,3.049351948086988e-09,False,one_sided,0.12503323840243225,48.73488259387943,37.094337952117826,7.412513132763855
population_std,0.001,-0.7125,rd_obs_redshift_sky,29,36.406344462382656,4.743837334637192,7.6744504278342855,2,3.6406344462382657e-09,False,one_sided,0.12503323840243225,48.73488259387943,37.94060999498923,6.350276551024947
population_std,0.001,-0.69,rd_obs,2,5.707151464890741,0.1178925034642487,48.40979109940992,2,5.70715146489074e-10,False,central,0.1178925034642487,48.40979109940992,1.0,1.0
population_std,0.001,-0.69,rd_obs_redshift,11,17.24560412961698,3.256986916278959,5.29495652666598,2,1.724560412961698e-09,False,central,0.1178925034642487,48.40979109940992,27.626751664211213,9.142622957452609
population_std,0.001,-0.69,rd_obs_sky,20,25.31506579796837,4.20705851923495,6.017283972216267,2,2.531506579796837e-09,False,central,0.1178925034642487,48.40979109940992,35.68554738945513,8.045123235488548
population_std,0.001,-0.69,rd_obs_redshift_sky,29,30.25126927637416,4.341192692191063,6.968423523514664,2,3.025126927637416e-09,False,central,0.1178925034642487,48.40979109940992,36.823314160153906,6.947021939187972
population_std,0.001,-0.6666666666666666,rd_obs,2,5.3139025389865,0.09543143190006921,55.68293834835193,2,5.3139025389865e-10,False,central,0.09543143190006921,55.68293834835193,1.0,1.0
population_std,0.001,-0.6666666666666666,rd_obs_redshift,11,13.450896632696582,2.9438721338800717,4.569117142655268,2,1.3450896632696581e-09,False,central,0.09543143190006921,55.68293834835193,30.848034816901208,12.186804717375377
population_std,0.001,-0.6666666666666666,rd_obs_sky,20,18.9177980993487,3.650975957412451,5.181572905442049,2,1.8917798099348703e-09,False,central,0.09543143190006921,55.68293834835193,38.25758332155763,10.746338875183985
population_std,0.001,-0.6666666666666666,rd_obs_redshift_sky,29,22.774042737924244,3.7285417729465102,6.108029391857094,2,2.2774042737924244e-09,False,central,0.09543143190006921,55.68293834835193,39.07037439038789,9.116350753417382
population_std,0.001,-0.64,rd_obs,2,4.893944017815973,0.07331555511374277,66.75178289550479,2,4.893944017815973e-10,False,central,0.07331555511374277,66.75178289550479,1.0,1.0
population_std,0.001,-0.64,rd_obs_redshift,11,10.236573619967986,2.615881715632252,3.913240250426932,2,1.0236573619967987e-09,False,central,0.07331555511374277,66.75178289550479,35.679764158832825,17.057931183300646
population_std,0.001,-0.64,rd_obs_sky,20,13.694657079733453,3.153819250083301,4.342245383711111,2,1.3694657079733454e-09,False,central,0.07331555511374277,66.75178289550479,43.01705477358007,15.37264180092356
population_std,0.001,-0.64,rd_obs_redshift_sky,29,16.57999731419039,3.2043893118961275,5.174151983542704,2,1.657999731419039e-09,False,central,0.07331555511374277,66.75178289550479,43.70681374402463,12.901009306997652
population_std,0.001,-0.61,rd_obs,2,4.456762284516916,0.0521460559138934,85.46691032349946,2,4.456762284516916e-10,False,central,0.0521460559138934,85.46691032349946,1.0,1.0
population_std,0.001,-0.61,rd_obs_redshift,11,7.63776842857629,2.2539260770394995,3.3886508108590645,2,7.63776842857629e-10,False,central,0.0521460559138934,85.46691032349946,43.223327968683066,25.22151590527339
population_std,0.001,-0.61,rd_obs_sky,20,9.647666436367047,2.6756968615456116,3.605664967142088,2,9.647666436367046e-10,False,central,0.0521460559138934,85.46691032349946,51.311586555345194,23.703508535137694
population_std,0.001,-0.61,rd_obs_redshift_sky,29,11.67498268556662,2.7352953609223847,4.2682712998239545,2,1.1674982685566622e-09,False,central,0.0521460559138934,85.46691032349946,52.45450136131222,20.023776447158962
population_std,0.001,-0.58,rd_obs,2,4.054516495262727,0.03437729319614116,117.9417027434215,2,4.054516495262727e-10,False,central,0.03437729319614116,117.9417027434215,1.0,1.0
population_std,0.001,-0.58,rd_obs_redshift,11,5.844485776411433,1.8844352297818245,3.1014521932325017,2,5.844485776411433e-10,False,central,0.03437729319614116,117.9417027434215,54.81627709983146,38.02789641599997
population_std,0.001,-0.58,rd_obs_sky,20,6.963331479096549,2.2315778193174447,3.1203623816382837,2,6.963331479096549e-10,False,central,0.03437729319614116,117.9417027434215,64.91429696297143,37.79743770705843
population_std,0.001,-0.58,rd_obs_redshift_sky,29,8.32451885464854,2.3321953192905847,3.569391802561683,2,8.32451885464854e-10,False,central,0.03437729319614116,117.9417027434215,67.84115625346479,33.04252076187799
population_std,0.001,-0.55,rd_obs,2,3.6848043243603485,0.01950572492401296,188.90886335755138,2,3.6848043243603486e-10,False,central,0.01950572492401296,188.90886335755138,1.0,1.0
population_std,0.001,-0.55,rd_obs_redshift,11,4.636651977794393,1.5068637890769416,3.0770213017293773,2,4.6366519777943926e-10,False,central,0.01950572492401296,188.90886335755138,77.25238589937682,61.39342072522507
population_std,0.001,-0.55,rd_obs_sky,20,5.2270100801812385,1.7921858839581426,2.9165557696711097,2,5.227010080181239e-10,False,central,0.01950572492401296,188.90886335755138,91.87999374234137,64.77121587112802
population_std,0.001,-0.55,rd_obs_redshift_sky,29,6.076545390038575,1.9494043715100493,3.117129251809134,2,6.076545390038575e-10,False,central,0.01950572492401296,188.90886335755138,99.94011394624927,60.60347457453411
population_std,0.001,-0.525,rd_obs,2,3.3999809385597586,0.009099758884550226,373.634178849763,2,3.399980938559759e-10,False,central,0.009099758884550226,373.634178849763,1.0,1.0
population_std,0.001,-0.525,rd_obs_redshift,11,3.9444911652079466,1.2055947320220746,3.271821832359933,2,3.9444911652079467e-10,False,central,0.009099758884550226,373.634178849763,132.4864479726996,114.1975932657263
population_std,0.001,-0.525,rd_obs_sky,20,4.281620314312347,1.4375781018598799,2.9783566602558578,2,4.2816203143123473e-10,False,central,0.009099758884550226,373.634178849763,157.97980145392995,125.44977699805291
population_std,0.001,-0.525,rd_obs_redshift_sky,29,4.815062752299839,1.6329696961044284,2.9486540771617085,2,4.815062752299839e-10,False,central,0.009099758884550226,373.634178849763,179.45197414811958,126.71346623657283
population_std,0.001,-0.5,rd_obs,2,3.135034740052417,0.00033044238665853556,9487.386808194258,2,3.1350347400524167e-10,False,central,0.00033044238665853556,9487.386808194258,1.0,1.0
population_std,0.001,-0.5,rd_obs_redshift,11,3.4419212560014487,0.9389327895769226,3.665780228585219,2,3.441921256001449e-10,False,central,0.00033044238665853556,9487.386808194258,2841.4417383662526,2588.0948165449204
population_std,0.001,-0.5,rd_obs_sky,20,3.635311984490645,1.118847640826425,3.2491573042111974,2,3.6353119844906453e-10,False,central,0.00033044238665853556,9487.386808194258,3385.908364058005,2919.9530585662196
population_std,0.001,-0.5,rd_obs_redshift_sky,29,3.9504245515031626,1.327189856868566,2.9765331094557785,2,3.950424551503163e-10,False,central,0.00033044238665853556,9487.386808194258,4016.4031929718053,3187.395019411999
population_std,0.001,-0.475,rd_obs,2,2.8887198218856134,0.007094815524093624,407.1592576404096,2,2.8887198218856133e-10,False,central,0.007094815524093624,407.1592576404096,1.0,1.0
population_std,0.001,-0.475,rd_obs_redshift,11,3.0604293528493556,0.7127267202538834,4.2939730837637,2,3.0604293528493555e-10,False,central,0.007094815524093624,407.1592576404096,100.45739989059625,94.82110150619094
population_std,0.001,-0.475,rd_obs_sky,20,3.173781339683601,0.8464148407813626,3.7496759115822504,2,3.1737813396836015e-10,False,central,0.007094815524093624,407.1592576404096,119.30047200057308,108.58518635777261
population_std,0.001,-0.475,rd_obs_redshift_sky,29,3.3519373890265225,1.040805683424357,3.220521796151522,2,3.3519373890265224e-10,False,central,0.007094815524093624,407.1592576404096,146.69947088685183,126.42648720060183
population_std,0.001,-0.45,rd_obs,2,2.671146482534594,0.011015706596457226,242.485260400242,2,2.671146482534594e-10,False,one_sided,0.011015706596457226,242.485260400242,1.0,1.0
population_std,0.001,-0.45,rd_obs_redshift,11,2.7809252363376196,0.6304737815850903,4.41084993153248,2,2.7809252363376196e-10,False,one_sided,0.011015706596457226,242.485260400242,57.23407536906054,54.97472463679904
population_std,0.001,-0.45,rd_obs_sky,20,2.858211319888135,0.7472721140650843,3.824860136075139,2,2.8582113198881353e-10,False,one_sided,0.011015706596457226,242.485260400242,67.83696601953935,63.397157483794174
population_std,0.001,-0.45,rd_obs_redshift_sky,29,2.9744340905833746,0.9361767380085492,3.177214269295604,2,2.974434090583375e-10,False,one_sided,0.011015706596457226,242.485260400242,84.98562755017768,76.32008415158023
population_std,0.00125,-0.7125,rd_obs,2,6.243316397489222,0.1525406357121718,40.92887359712927,2,6.243316397489223e-10,False,one_sided,0.1525406357121718,40.92887359712927,1.0,1.0
population_std,0.00125,-0.7125,rd_obs_redshift,11,23.848560026158353,3.5685028426529515,6.683071606698928,2,2.3848560026158354e-09,False,one_sided,0.1525406357121718,40.92887359712927,23.39378504614562,6.124260819845666
population_std,0.00125,-0.7125,rd_obs_sky,20,34.60922628108369,5.851035532987391,5.9150600070639285,2,3.4609226281083695e-09,False,one_sided,0.1525406357121718,40.92887359712927,38.3572253102949,6.919435060379924
population_std,0.00125,-0.7125,rd_obs_redshift_sky,29,41.684988055542156,6.072947469511208,6.864045550339208,2,4.168498805554216e-09,False,one_sided,0.1525406357121718,40.92887359712927,39.81199790572673,5.962791665201966
population_std,0.00125,-0.69,rd_obs,2,5.85759729801982,0.14358070801341036,40.796548359914226,2,5.857597298019819e-10,False,central,0.14358070801341036,40.796548359914226,1.0,1.0
population_std,0.00125,-0.69,rd_obs_redshift,11,19.863832828343725,3.548448074983721,5.597893053129952,2,1.9863832828343725e-09,False,central,0.14358070801341036,40.796548359914226,24.71396139551212,7.287839902033076
population_std,0.00125,-0.69,rd_obs_sky,20,29.006204914399873,4.55829502372091,6.363389110062972,2,2.9006204914399876e-09,False,central,0.14358070801341036,40.796548359914226,31.747266654341665,6.411135269945877
population_std,0.00125,-0.69,rd_obs_redshift_sky,29,34.82704530001917,4.695334873851501,7.417371973609873,2,3.4827045300019175e-09,False,central,0.14358070801341036,40.796548359914226,32.701711384603,5.500135156368521
population_std,0.00125,-0.6666666666666666,rd_obs,2,5.456116536860015,0.11618000753138231,46.96261132007776,2,5.456116536860015e-10,False,central,0.11618000753138231,46.96261132007776,1.0,1.0
population_std,0.00125,-0.6666666666666666,rd_obs_redshift,11,15.296624581880158,3.217522780935524,4.754162013246888,2,1.5296624581880159e-09,False,central,0.11618000753138231,46.96261132007776,27.6942896570773,9.878210121830561
population_std,0.00125,-0.6666666666666666,rd_obs_sky,20,21.64446970267239,3.9276226024345675,5.510832351676532,2,2.1644469702672387e-09,False,central,0.11618000753138231,46.96261132007776,33.80635520593891,8.521872617988564
population_std,0.00125,-0.6666666666666666,rd_obs_redshift_sky,29,26.122001801341607,4.0133254159905185,6.508817275883547,2,2.612200180134161e-09,False,central,0.11618000753138231,46.96261132007776,34.54402785183541,7.215229638429628
population_std,0.00125,-0.64,rd_obs,2,5.027203319474742,0.08921516585855824,56.349201070195534,2,5.027203319474742e-10,False,central,0.08921516585855824,56.349201070195534,1.0,1.0
population_std,0.00125,-0.64,rd_obs_redshift,11,11.582993257369488,2.872299503588871,4.032655105394409,2,1.1582993257369489e-09,False,central,0.08921516585855824,56.349201070195534,32.19519322692978,13.97322597581386
population_std,0.00125,-0.64,rd_obs_sky,20,15.660257437903365,3.3930442429037067,4.615400306275286,2,1.5660257437903364e-09,False,central,0.08921516585855824,56.349201070195534,38.03214633129798,12.208952058520442
population_std,0.00125,-0.64,rd_obs_redshift_sky,29,19.026543157256416,3.4470527147398546,5.519655407617498,2,1.902654315725642e-09,False,central,0.08921516585855824,56.349201070195534,38.637519546898716,10.208825897433709
population_std,0.00125,-0.61,rd_obs,2,4.580458975815331,0.06342229471720032,72.22159015594711,2,4.580458975815331e-10,False,central,0.06342229471720032,72.22159015594711,1.0,1.0
population_std,0.00125,-0.61,rd_obs_redshift,11,8.570907366098348,2.5002460660470516,3.428025538161992,2,8.570907366098349e-10,False,central,0.06342229471720032,72.22159015594711,39.42219494257714,21.06798486532578
population_std,0.00125,-0.61,rd_obs_sky,20,10.987465905848,2.898068715490295,3.791306205791308,2,1.0987465905848e-09,False,central,0.06342229471720032,72.22159015594711,45.694794368648566,19.04926329760096
population_std,0.00125,-0.61,rd_obs_redshift_sky,29,13.384064366419418,2.95247133768408,4.533173343832657,2,1.3384064366419418e-09,False,central,0.06342229471720032,72.22159015594711,46.552578251057206,15.931795384397544
population_std,0.00125,-0.58,rd_obs,2,4.169176309873551,0.041789820088468266,99.76535675548455,2,4.169176309873551e-10,False,central,0.041789820088468266,99.76535675548455,1.0,1.0
population_std,0.00125,-0.58,rd_obs_redshift,11,6.4644942666201715,2.124382950179005,3.04299856392439,2,6.464494266620172e-10,False,central,0.041789820088468266,99.76535675548455,50.83493888420018,32.78521322298049
population_std,0.00125,-0.58,rd_obs_sky,20,7.844780083544803,2.450954925006979,3.2007035313072785,2,7.844780083544804e-10,False,central,0.041789820088468266,99.76535675548455,58.649568718370965,31.169821190760803
population_std,0.00125,-0.58,rd_obs_redshift_sky,29,9.487963015769413,2.538744564798004,3.737265712875815,2,9.487963015769414e-10,False,central,0.041789820088468266,99.76535675548455,60.75031094710456,26.69474541555018
population_std,0.00125,-0.55,rd_obs,2,3.7909250950192166,0.023699617424209875,159.95722745915182,2,3.7909250950192167e-10,False,central,0.023699617424209875,159.95722745915182,1.0,1.0
population_std,0.00125,-0.55,rd_obs_redshift,11,5.031101793314039,1.7336838969495039,2.901971808220918,2,5.031101793314039e-10,False,central,0.023699617424209875,159.95722745915182,73.15240013868298,55.12018655936398
population_std,0.00125,-0.55,rd_obs_sky,20,5.779157521015254,2.0112064970756203,2.8734779493892817,2,5.779157521015253e-10,False,central,0.023699617424209875,159.95722745915182,84.86240351800414,55.66676698985929
population_std,0.00125,-0.55,rd_obs_redshift_sky,29,6.837242820282819,2.1544591442853256,3.173530971064601,2,6.837242820282819e-10,False,central,0.023699617424209875,159.95722745915182,90.90691658526438,50.40355015205418
population_std,0.00125,-0.525,rd_obs,2,3.4993801950768613,0.011051602365176572,316.6400743934974,2,3.4993801950768614e-10,False,central,0.011051602365176572,316.6400743934974,1.0,1.0
population_std,0.00125,-0.525,rd_obs_redshift,11,4.213184623994239,1.4099433328407676,2.9881942953731864,2,4.2131846239942396e-10,False,central,0.011051602365176572,316.6400743934974,127.57818153894834,105.96368344714787
population_std,0.00125,-0.525,rd_obs_sky,20,4.645897287031183,1.6469114461984973,2.8209757711959136,2,4.6458972870311835e-10,False,central,0.011051602365176572,316.6400743934974,149.0201503618959,112.24487555923326
population_std,0.00125,-0.525,rd_obs_redshift_sky,29,5.3305943126448625,1.83698779999601,2.9018125828905563,2,5.330594312644863e-10,False,central,0.011051602365176572,316.6400743934974,166.2191363113398,109.11803066140322
population_std,0.00125,-0.5,rd_obs,2,3.228086922934455,0.0004011464013121916,8047.154137180458,2,3.228086922934455e-10,False,central,0.0004011464013121916,8047.154137180458,1.0,1.0
population_std,0.00125,-0.5,rd_obs_redshift,11,3.6307933400606918,1.1122457323266575,3.264380554165487,2,3.6307933400606917e-10,False,central,0.0004011464013121916,8047.154137180458,2772.6678556466813,2465.1397113954595
population_std,0.00125,-0.5,rd_obs_sky,20,3.8789350201198447,1.3053088964151953,2.971660601389194,2,3.8789350201198446e-10,False,central,0.0004011464013121916,8047.154137180458,3253.9464199239833,2707.965416177934
population_std,0.00125,-0.5,rd_obs_redshift_sky,29,4.2931516023484155,1.5225055103332437,2.819793802525376,2,4.2931516023484156e-10,False,central,0.0004011464013121916,8047.154137180458,3795.38618657171,2853.809427474277
population_std,0.00125,-0.475,rd_obs,2,2.975758354922414,0.008609122361392363,345.6517668127488,2,2.975758354922414e-10,False,central,0.008609122361392363,345.6517668127488,1.0,1.0
population_std,0.00125,-0.475,rd_obs_redshift,11,3.200302667290589,0.8518471258732239,3.756897887059226,2,3.200302667290589e-10,False,central,0.008609122361392363,345.6517668127488,98.9470343334107,92.00456791848379
population_std,0.00125,-0.475,rd_obs_sky,20,3.344223510141207,1.0010440623144534,3.3407355740258127,2,3.3442235101412074e-10,False,central,0.008609122361392363,345.6517668127488,116.27713259177716,103.46576649172356
population_std,0.00125,-0.475,rd_obs_redshift_sky,29,3.5805737539438103,1.2156399455810387,2.9454229165136603,2,3.5805737539438105e-10,False,central,0.008609122361392363,345.6517668127488,141.20370167260953,117.35216863929284
population_std,0.00125,-0.45,rd_obs,2,2.758278938173445,0.013334658398739159,206.85036359343485,2,2.758278938173445e-10,False,one_sided,0.013334658398739159,206.85036359343485,1.0,1.0
population_std,0.00125,-0.45,rd_obs_redshift,11,2.906505454657268,0.7539899818254228,3.854832988126139,2,2.906505454657268e-10,False,one_sided,0.013334658398739159,206.85036359343485,56.543629336370195,53.66000660225392
population_std,0.00125,-0.45,rd_obs_sky,20,3.007050364053175,0.8855563166485128,3.395662486417233,2,3.007050364053175e-10,False,one_sided,0.013334658398739159,206.85036359343485,66.41012391680356,60.91605523836466
population_std,0.00125,-0.45,rd_obs_redshift_sky,29,3.1670895537185952,1.0973148943647302,2.886217593494092,2,3.1670895537185954e-10,False,one_sided,0.013334658398739159,206.85036359343485,82.2904390613025,71.66831913841227
population_std,0.0015,-0.7125,rd_obs,2,6.421775938019307,0.17796188370611885,36.08512005089833,2,6.421775938019307e-10,False,one_sided,0.17796188370611885,36.08512005089833,1.0,1.0
population_std,0.0015,-0.7125,rd_obs_redshift,11,28.70720112322969,4.211168647288635,6.816920320137939,2,2.8707201123229693e-09,False,one_sided,0.17796188370611885,36.08512005089833,23.66331800714606,5.293463669261159
population_std,0.0015,-0.7125,rd_obs_sky,20,39.94563546031154,7.911601710161071,5.048994745148551,2,3.9945635460311545e-09,False,one_sided,0.17796188370611885,36.08512005089833,44.45672042461668,7.146991009561179
population_std,0.0015,-0.7125,rd_obs_redshift_sky,29,48.87612436907657,8.362903902483415,5.844396269406194,2,4.887612436907658e-09,False,one_sided,0.17796188370611885,36.08512005089833,46.99266903857725,6.174310978842076
population_std,0.0015,-0.69,rd_obs,2,6.036457861589793,0.16719168491012487,36.10501242830787,2,6.036457861589793e-10,False,central,0.16719168491012487,36.10501242830787,1.0,1.0
population_std,0.0015,-0.69,rd_obs_redshift,11,23.22322921460873,3.745642357677119,6.200065835706414,2,2.322322921460873e-09,False,central,0.16719168491012487,36.10501242830787,22.403281357506607,5.823327265394141
population_std,0.0015,-0.69,rd_obs_sky,20,33.05502842377431,4.849569581679755,6.816074677770676,2,3.3055028423774313e-09,False,central,0.16719168491012487,36.10501242830787,29.006045272446872,5.297038858165311
population_std,0.0015,-0.69,rd_obs_redshift_sky,29,40.10333346125671,4.975671790920061,8.05988319696648,2,4.010333346125671e-09,False,central,0.16719168491012487,36.10501242830787,29.76028259775461,4.479594994862557
population_std,0.0015,-0.6666666666666666,rd_obs,2,5.62510433955893,0.13522771249913812,41.59727496384871,2,5.62510433955893e-10,False,central,0.13522771249913812,41.59727496384871,1.0,1.0
population_std,0.0015,-0.6666666666666666,rd_obs_redshift,11,17.3555867954074,3.403789974587448,5.098900615191736,2,1.73555867954074e-09,False,central,0.13522771249913812,41.59727496384871,25.17080198786282,8.158087027606149
population_std,0.0015,-0.6666666666666666,rd_obs_sky,20,24.4415146321806,4.115944857533147,5.938251234694477,2,2.44415146321806e-09,False,central,0.13522771249913812,41.59727496384871,30.437140298142516,7.004970540959082
population_std,0.0015,-0.6666666666666666,rd_obs_redshift_sky,29,29.627545973928722,4.204670377920392,7.046342117448539,2,2.9627545973928724e-09,False,central,0.13522771249913812,41.59727496384871,31.093259659681003,5.903385653223288
population_std,0.0015,-0.64,rd_obs,2,5.185460473956377,0.10379084678039821,49.96067220578545,2,5.185460473956378e-10,False,central,0.10379084678039821,49.96067220578545,1.0,1.0
population_std,0.0015,-0.64,rd_obs_redshift,11,13.03530829987752,3.0448740274004584,4.2810665343046495,2,1.303530829987752e-09,False,central,0.10379084678039821,49.96067220578545,29.336633449410385,11.670146166952833
population_std,0.0015,-0.64,rd_obs_sky,20,17.681433696577187,3.547176228160212,4.984650482321226,2,1.7681433696577188e-09,False,central,0.10379084678039821,49.96067220578545,34.17619509035672,10.02290378893728
population_std,0.0015,-0.64,rd_obs_redshift_sky,29,21.55252748995268,3.6048388318575944,5.978776998151271,2,2.155252748995268e-09,False,central,0.10379084678039821,49.96067220578545,34.73176049410938,8.35633645831481
population_std,0.0015,-0.61,rd_obs,2,4.727269024016799,0.0737431826185854,64.10448879684495,2,4.7272690240168e-10,False,central,0.0737431826185854,64.10448879684495,1.0,1.0
population_std,0.0015,-0.61,rd_obs_redshift,11,9.600087603264672,2.666200530334025,3.600662251035544,2,9.600087603264672e-10,False,central,0.0737431826185854,64.10448879684495,36.155213752085416,17.80352733123153
population_std,0.0015,-0.61,rd_obs_sky,20,12.397932916449994,3.039326924528411,4.079170561216834,2,1.2397932916449995e-09,False,central,0.0737431826185854,64.10448879684495,41.21502241432164,15.715079287521212
population_std,0.0015,-0.61,rd_obs_redshift_sky,29,15.175891900770335,3.091334751687207,4.909171319116297,2,1.5175891900770335e-09,False,central,0.0737431826185854,64.10448879684495,41.92027848426631,13.058107902493092
population_std,0.0015,-0.58,rd_obs,2,4.305180085939689,0.04856357906373089,88.65038716133176,2,4.3051800859396895e-10,False,central,0.04856357906373089,88.65038716133176,1.0,1.0
population_std,0.0015,-0.58,rd_obs_redshift,11,7.172513541783694,2.2909843782965074,3.1307561979610328,2,7.172513541783694e-10,False,central,0.04856357906373089,88.65038716133176,47.174949261668004,28.315966353134456
population_std,0.0015,-0.58,rd_obs_sky,20,8.805363055043669,2.5926774549715286,3.3962431532542348,2,8.805363055043669e-10,False,central,0.04856357906373089,88.65038716133176,53.38728127037568,26.102485352495492
population_std,0.0015,-0.58,rd_obs_redshift_sky,29,10.736773785122454,2.6710877070659547,4.019626070952278,2,1.0736773785122454e-09,False,central,0.04856357906373089,88.65038716133176,55.001870919782014,22.054386551515684
population_std,0.0015,-0.55,rd_obs,2,3.9167287738586714,0.02752607483172517,142.29158344597855,2,3.9167287738586717e-10,False,central,0.02752607483172517,142.29158344597855,1.0,1.0
population_std,0.0015,-0.55,rd_obs_redshift,11,5.498581272267504,1.9006488670864043,2.893002157045737,2,5.498581272267505e-10,False,central,0.02752607483172517,142.29158344597855,69.049033641942,49.18474847985708
population_std,0.0015,-0.55,rd_obs_sky,20,6.408078889172886,2.160030948906253,2.9666606825321935,2,6.408078889172886e-10,False,central,0.02752607483172517,142.29158344597855,78.47217455126257,47.96355184258064
population_std,0.0015,-0.55,rd_obs_redshift_sky,29,7.680805630351873,2.2890552133512836,3.3554479531783836,2,7.680805630351874e-10,False,central,0.02752607483172517,142.29158344597855,83.15952155710315,42.40613635839458
population_std,0.0015,-0.525,rd_obs,2,3.617161428234029,0.012830090956984773,281.92796452973124,2,3.617161428234029e-10,False,central,0.012830090956984773,281.92796452973124,1.0,1.0
population_std,0.0015,-0.525,rd_obs_redshift,11,4.538602742382942,1.5693558444880538,2.8920163379921644,2,4.538602742382942e-10,False,central,0.012830090956984773,281.92796452973124,122.31837246903441,97.48491418463594
population_std,0.0015,-0.525,rd_obs_sky,20,5.075926716171037,1.7986659802165585,2.822050770960764,2,5.075926716171038e-10,False,central,0.012830090956984773,281.92796452973124,140.19121035438604,99.90180454257
population_std,0.0015,-0.525,rd_obs_redshift_sky,29,5.9220551163752795,1.9766804864715604,2.99595971979586,2,5.92205511637528e-10,False,central,0.012830090956984773,281.92796452973124,154.06597607910524,94.1027219648138
population_std,0.0015,-0.5,rd_obs,2,3.338296849074175,0.0004654836320989547,7171.67397276926,2,3.338296849074175e-10,False,central,0.0004654836320989547,7171.67397276926,1.0,1.0
population_std,0.0015,-0.5,rd_obs_redshift,11,3.8613799947034937,1.2544824223892972,3.0780662413340782,2,3.861379994703494e-10,False,central,0.0004654836320989547,7171.67397276926,2695.0086660031334,2329.9284064988
population_std,0.0015,-0.5,rd_obs_sky,20,4.173107404478884,1.4498655014885367,2.8782720881312582,2,4.1731074044788844e-10,False,central,0.0004654836320989547,7171.67397276926,3114.7507699697535,2491.659493326612
population_std,0.0015,-0.5,rd_obs_redshift_sky,29,4.699592974446199,1.6644869475683848,2.8234483792809186,2,4.6995929744462e-10,False,central,0.0004654836320989547,7171.67397276926,3575.822720259561,2540.040761997482
population_std,0.0015,-0.475,rd_obs,2,3.0787995990117127,0.009985190775176527,308.3365824782935,2,3.078799599011713e-10,False,central,0.009985190775176527,308.3365824782935,1.0,1.0
population_std,0.0015,-0.475,rd_obs_redshift,11,3.370660860540784,0.9703718362527587,3.473576555516196,2,3.370660860540784e-10,False,central,0.009985190775176527,308.3365824782935,97.18110130305483,88.76631263204524
population_std,0.0015,-0.475,rd_obs_sky,20,3.55141782050705,1.1277047510800584,3.149244354167775,2,3.55141782050705e-10,False,central,0.009985190775176527,308.3365824782935,112.93772712721373,97.90811629787778
population_std,0.0015,-0.475,rd_obs_redshift_sky,29,3.8577079107661465,1.3513865764837512,2.854629443488875,2,3.8577079107661466e-10,False,central,0.009985190775176527,308.3365824782935,135.33908434111618,108.01282218313081
population_std,0.0015,-0.45,rd_obs,2,2.8611744857655106,0.01542612976234757,185.4758471401639,2,2.8611744857655106e-10,False,one_sided,0.01542612976234757,185.4758471401639,1.0,1.0
population_std,0.0015,-0.45,rd_obs_redshift,11,3.059231408401709,0.8595354756680629,3.55916828915521,2,3.059231408401709e-10,False,one_sided,0.01542612976234757,185.4758471401639,55.71945062759912,52.112131844203326
population_std,0.0015,-0.45,rd_obs_sky,20,3.188278074830876,0.9996535001910384,3.189383195498822,2,3.188278074830876e-10,False,one_sided,0.01542612976234757,185.4758471401639,64.80261190535387,58.15414322177594
population_std,0.0015,-0.45,rd_obs_redshift_sky,29,3.4026746246586037,1.2236708063054973,2.780710798300359,2,3.4026746246586037e-10,False,one_sided,0.01542612976234757,185.4758471401639,79.32455030245235,66.70087635633718
population_std,0.00175,-0.7125,rd_obs,2,6.626573439890631,0.20120553182002918,32.93435016397985,2,6.626573439890631e-10,False,one_sided,0.20120553182002918,32.93435016397985,1.0,1.0
population_std,0.00175,-0.7125,rd_obs_redshift,11,36.76102384612697,5.2408735607229024,7.01429321280102,2,3.676102384612697e-09,False,one_sided,0.20120553182002918,32.93435016397985,26.047363177920317,4.695319851168321
population_std,0.00175,-0.7125,rd_obs_sky,20,49.25565822251579,11.440923230263317,4.305217090542627,2,4.925565822251579e-09,False,one_sided,0.20120553182002918,32.93435016397985,56.86187217007928,7.649869790846907
population_std,0.00175,-0.7125,rd_obs_redshift_sky,29,61.18989443751128,12.153151060321546,5.034899519786955,2,6.118989443751128e-09,False,one_sided,0.20120553182002918,32.93435016397985,60.40167459805273,6.541212994330704
population_std,0.00175,-0.69,rd_obs,2,6.241316453124298,0.18865461526787639,33.083295864572754,2,6.241316453124298e-10,False,central,0.18865461526787639,33.083295864572754,1.0,1.0
population_std,0.00175,-0.69,rd_obs_redshift,11,28.072624632244096,3.888865618325471,7.2187181012266635,2,2.80726246322441e-09,False,central,0.18865461526787639,33.083295864572754,20.613678667778963,4.5829876441567885
population_std,0.00175,-0.69,rd_obs_sky,20,38.4115279456559,5.1113917113165295,7.514886378325,2,3.84115279456559e-09,False,central,0.18865461526787639,33.083295864572754,27.093912884446056,4.402368073054848
population_std,0.00175,-0.69,rd_obs_redshift_sky,29,47.31315865999496,5.219456855740209,9.064766692718479,2,4.731315865999496e-09,False,central,0.18865461526787639,33.083295864572754,27.666732925292838,3.649657733733822
population_std,0.00175,-0.6666666666666666,rd_obs,2,5.818551759325588,0.152520482962408,38.14931375977676,2,5.818551759325589e-10,False,central,0.152520482962408,38.14931375977676,1.0,1.0
population_std,0.00175,-0.6666666666666666,rd_obs_redshift,11,19.72358315813266,3.538223655071902,5.574430867268577,2,1.972358315813266e-09,False,central,0.152520482962408,38.14931375977676,23.19835071558208,6.843624877254885
population_std,0.00175,-0.6666666666666666,rd_obs_sky,20,27.329038611095182,4.2571448418062605,6.419569835331176,2,2.7329038611095182e-09,False,central,0.152520482962408,38.14931375977676,27.911954900218397,5.942658891225956
population_std,0.00175,-0.6666666666666666,rd_obs_redshift_sky,29,33.373323931563654,4.345208340825606,7.680488785313938,2,3.3373323931563655e-09,False,central,0.152520482962408,38.14931375977676,28.489342915971342,4.967042440413826
population_std,0.00175,-0.64,rd_obs,2,5.3665160205707485,0.1170040090674418,45.866086669538454,2,5.366516020570748e-10,False,central,0.1170040090674418,45.866086669538454,1.0,1.0
population_std,0.00175,-0.64,rd_obs_redshift,11,14.568711623472698,3.167442965086985,4.599518218340708,2,1.45687116234727e-09,False,central,0.1170040090674418,45.866086669538454,27.071234484463282,9.971932818234341
population_std,0.00175,-0.64,rd_obs_sky,20,19.71019402035558,3.6519839575497146,5.39711955185588,2,1.971019402035558e-09,False,central,0.1170040090674418,45.866086669538454,31.212468586821583,8.498252860410831
population_std,0.00175,-0.64,rd_obs_redshift_sky,29,24.114454665690673,3.713311256872775,6.494056920506861,2,2.4114454665690673e-09,False,central,0.1170040090674418,45.866086669538454,31.736615578124344,7.06277866532137
population_std,0.00175,-0.61,rd_obs,2,4.895119750661057,0.08308366852335519,58.917953885064875,2,4.895119750661057e-10,False,central,0.08308366852335519,58.917953885064875,1.0,1.0
population_std,0.00175,-0.61,rd_obs_redshift,11,10.685129721005234,2.7801965237026263,3.8433001515932155,2,1.0685129721005235e-09,False,central,0.08308366852335519,58.917953885064875,33.46261152299866,15.330042297279544
population_std,0.00175,-0.61,rd_obs_sky,20,13.831691598785039,3.1324279202358807,4.415645611326141,2,1.383169159878504e-09,False,central,0.08308366852335519,58.917953885064875,37.70208966344982,13.342998752875499
population_std,0.00175,-0.61,rd_obs_redshift_sky,29,16.997715068688336,3.1840020726892777,5.3384748755303715,2,1.6997715068688336e-09,False,central,0.08308366852335519,58.917953885064875,38.32283924480586,11.036476757645403
population_std,0.00175,-0.58,rd_obs,2,4.460578999555708,0.05468365857767572,81.57060291091629,2,4.4605789995557085e-10,False,central,0.05468365857767572,81.57060291091629,1.0,1.0
population_std,0.00175,-0.58,rd_obs_redshift,11,7.93899159669122,2.406872028743088,3.2984685109482554,2,7.93899159669122e-10,False,central,0.05468365857767572,81.57060291091629,44.01446595465504,24.729841330959406
population_std,0.00175,-0.58,rd_obs_sky,20,9.806780862580311,2.6862203557951703,3.650773043031805,2,9.80678086258031e-10,False,central,0.05468365857767572,81.57060291091629,49.122908482421906,22.34337822412963
population_std,0.00175,-0.58,rd_obs_redshift_sky,29,12.029095012150854,2.7587078671896332,4.360409144881731,2,1.2029095012150855e-09,False,central,0.05468365857767572,81.57060291091629,50.448487517911964,18.70709839388908
population_std,0.00175,-0.55,rd_obs,2,4.060387351951192,0.03097755295478718,131.07514844305067,2,4.060387351951192e-10,False,central,0.03097755295478718,131.07514844305067,1.0,1.0
population_std,0.00175,-0.55,rd_obs_redshift,11,6.02105954991205,2.021438643221131,2.978601190841779,2,6.021059549912051e-10,False,central,0.03097755295478718,131.07514844305067,65.25494916178471,44.00560533114125
population_std,0.00175,-0.55,rd_obs_sky,20,7.086047821401124,2.2611399218052166,3.133838712530389,2,7.086047821401124e-10,False,central,0.03097755295478718,131.07514844305067,72.99285147233641,41.8257480574727
population_std,0.00175,-0.55,rd_obs_redshift_sky,29,8.574200636518368,2.378986791286451,3.6041396563962507,2,8.574200636518368e-10,False,central,0.03097755295478718,131.07514844305067,76.79711805379415,36.367943792198005
population_std,0.00175,-0.525,rd_obs,2,3.7515939903140634,0.014432068597128284,259.9484588827801,2,3.7515939903140634e-10,False,central,0.014432068597128284,259.9484588827801,1.0,1.0
population_std,0.00175,-0.525,rd_obs_redshift,11,4.911001956976948,1.690484168553103,2.9050860388596886,2,4.911001956976948e-10,False,central,0.014432068597128284,259.9484588827801,117.13387843025346,89.48046818772214
population_std,0.00175,-0.525,rd_obs_sky,20,5.554231866545685,1.9067262819862645,2.9129675921599825,2,5.554231866545685e-10,False,central,0.014432068597128284,259.9484588827801,132.11732394105084,89.23836282367522
population_std,0.00175,-0.525,rd_obs_redshift_sky,29,6.564414717165781,2.0723337944504814,3.167643520915732,2,6.564414717165781e-10,False,central,0.014432068597128284,259.9484588827801,143.5922910498664,82.06367199034813
population_std,0.00175,-0.5,rd_obs,2,3.4640272567437633,0.0005233531660513636,6618.909526963275,2,3.4640272567437637e-10,False,central,0.0005233531660513636,6618.909526963275,1.0,1.0
population_std,0.00175,-0.5,rd_obs_redshift,11,4.128881814434863,1.3680809780855598,3.0180098112413365,2,4.1288818144348633e-10,False,central,0.0005233531660513636,6618.909526963275,2614.068408924638,2193.137180107726
population_std,0.00175,-0.5,rd_obs_sky,20,4.508729870913695,1.5589685967746716,2.892123600335339,2,4.508729870913695e-10,False,central,0.0005233531660513636,6618.909526963275,2978.8079979278646,2288.598428571939
population_std,0.00175,-0.5,rd_obs_redshift_sky,29,5.153676897939408,1.7659184740674922,2.9184115652116103,2,5.153676897939408e-10,False,central,0.0005233531660513636,6618.909526963275,3374.2386377274333,2267.9835859557206
population_std,0.00175,-0.475,rd_obs,2,3.196296441908183,0.011221154096905174,284.8456062812408,2,3.1962964419081835e-10,False,central,0.011221154096905174,284.8456062812408,1.0,1.0
population_std,0.00175,-0.475,rd_obs_redshift,11,3.5689091849620334,1.0689706073554448,3.338641081807903,2,3.5689091849620334e-10,False,central,0.011221154096905174,284.8456062812408,95.26387376234945,85.31782821260752
population_std,0.00175,-0.475,rd_obs_sky,20,3.790941349203976,1.2287221786108762,3.0852713617408614,2,3.790941349203976e-10,False,central,0.011221154096905174,284.8456062812408,109.50051732644518,92.32432836005613
population_std,0.00175,-0.475,rd_obs_redshift_sky,29,4.174958428275529,1.4539912993301896,2.871377861888725,2,4.174958428275529e-10,False,central,0.011221154096905174,284.8456062812408,129.5759140970361,99.2017142926205
population_std,0.00175,-0.45,rd_obs,2,2.978200228775389,0.01728996924922887,172.25017499138795,2,2.978200228775389e-10,False,one_sided,0.01728996924922887,172.25017499138795,1.0,1.0
population_std,0.00175,-0.45,rd_obs_redshift,11,3.2368128019364297,0.9476573151150396,3.4155941713418856,2,3.23681280193643e-10,False,one_sided,0.01728996924922887,172.25017499138795,54.809658794350085,50.43051555616046
population_std,0.00175,-0.45,rd_obs_sky,20,3.3983017523497834,1.0913196357421024,3.113938062737158,2,3.3983017523497834e-10,False,one_sided,0.01728996924922887,172.25017499138795,63.11865683571272,55.31586419544251
population_std,0.00175,-0.45,rd_obs_redshift_sky,29,3.6745630074359683,1.3198696934618988,2.7840346858771507,2,3.6745630074359686e-10,False,one_sided,0.01728996924922887,172.25017499138795,76.33730716558475,61.87070005455698
population_std,0.002,-0.7125,rd_obs,2,6.8553708898727805,0.22227464393069551,30.84189347305967,2,6.855370889872781e-10,False,one_sided,0.22227464393069551,30.84189347305967,1.0,1.0
population_std,0.002,-0.7125,rd_obs_redshift,11,50.98943500293589,6.760235533639174,7.542553029285834,2,5.09894350029359e-09,False,one_sided,0.22227464393069551,30.84189347305967,30.413885336138446,4.0890522550266954
population_std,0.002,-0.7125,rd_obs_sky,20,70.68439182734456,16.604304000307568,4.256992152518722,2,7.068439182734456e-09,False,one_sided,0.22227464393069551,30.84189347305967,74.7017460321958,7.24499655344949
population_std,0.002,-0.7125,rd_obs_redshift_sky,29,86.90920880229879,17.81441368747472,4.878589344952986,2,8.69092088022988e-09,False,one_sided,0.22227464393069551,30.84189347305967,80.14595534805667,6.3218875974806785
population_std,0.002,-0.69,rd_obs,2,6.469724522414441,0.20799351549277664,31.105414546633433,2,6.469724522414441e-10,False,central,0.20799351549277664,31.105414546633433,1.0,1.0
population_std,0.002,-0.69,rd_obs_redshift,11,35.9154052448251,4.010911450005115,8.954424871379123,2,3.5915405244825104e-09,False,central,0.20799351549277664,31.105414546633433,19.283829308344032,3.4737478948597964
population_std,0.002,-0.69,rd_obs_sky,20,47.97931201660332,5.323847054625371,9.012150710625464,2,4.797931201660332e-09,False,central,0.20799351549277664,31.105414546633433,25.59621650709712,3.4514973778633853
population_std,0.002,-0.69,rd_obs_redshift_sky,29,59.707900165481,5.424715175743949,11.006642419211,2,5.9707900165481e-09,False,central,0.20799351549277664,31.105414546633433,26.08117451590621,2.8260584256232426
population_std,0.002,-0.6666666666666666,rd_obs,2,6.034121232881316,0.1680819157258075,35.899883737193925,2,6.034121232881316e-10,False,central,0.1680819157258075,35.899883737193925,1.0,1.0
population_std,0.002,-0.6666666666666666,rd_obs_redshift,11,22.654658776976074,3.644163962354524,6.2166957938793495,2,2.2654658776976076e-09,False,central,0.1680819157258075,35.899883737193925,21.6808806980714,5.774753169125497
population_std,0.002,-0.6666666666666666,rd_obs_sky,20,30.6215239352286,4.380369519745913,6.990625744515916,2,3.06215239352286e-09,False,central,0.1680819157258075,35.899883737193925,26.060920955301473,5.135432084224658
population_std,0.002,-0.6666666666666666,rd_obs_redshift_sky,29,37.775526365416276,4.4664972588457035,8.45752816496271,2,3.777552636541628e-09,False,central,0.1680819157258075,35.899883737193925,26.57333621858471,4.244725295260333
population_std,0.002,-0.64,rd_obs,2,5.568155638841105,0.12887650620211846,43.20535839254134,2,5.568155638841105e-10,False,central,0.12887650620211846,43.20535839254134,1.0,1.0
population_std,0.002,-0.64,rd_obs_redshift,11,16.194692445041646,3.2595116686164367,4.968441316215873,2,1.6194692445041646e-09,False,central,0.12887650620211846,43.20535839254134,25.291744513189304,8.695958278007387
population_std,0.002,-0.64,rd_obs_sky,20,21.733608060637735,3.7244539752577954,5.8353810263243755,2,2.1733608060637735e-09,False,central,0.12887650620211846,43.20535839254134,28.899402109929117,7.404033806470353
population_std,0.002,-0.64,rd_obs_redshift_sky,29,26.715713253890875,3.78991496187415,7.049159024053588,2,2.6715713253890877e-09,False,central,0.12887650620211846,43.20535839254134,29.407337873750116,6.129150760411742
population_std,0.002,-0.61,rd_obs,2,5.081931800568652,0.0914622959945786,55.56313391553042,2,5.081931800568652e-10,False,central,0.0914622959945786,55.56313391553042,1.0,1.0
population_std,0.002,-0.61,rd_obs_redshift,11,11.80283436327618,2.8616214951200005,4.124526735420414,2,1.180283436327618e-09,False,central,0.0914622959945786,55.56313391553042,31.287444339792458,13.471396230352441
population_std,0.002,-0.61,rd_obs_sky,20,15.262886034258356,3.196080221943824,4.775501543880404,2,1.5262886034258356e-09,False,central,0.0914622959945786,55.56313391553042,34.94423781066321,11.635036321312082
population_std,0.002,-0.61,rd_obs_redshift_sky,29,18.82227553799196,3.248683250613263,5.793816782365233,2,1.882227553799196e-09,False,central,0.0914622959945786,55.56313391553042,35.51937129159569,9.590074384928629
population_std,0.002,-0.58,rd_obs,2,4.633424404575597,0.060164271671980483,77.01288947429344,2,4.633424404575597e-10,False,central,0.060164271671980483,77.01288947429344,1.0,1.0
population_std,0.002,-0.58,rd_obs_redshift,11,8.742049910969925,2.4890562487830943,3.5121945979501006,2,8.742049910969925e-10,False,central,0.060164271671980483,77.01288947429344,41.37100274983117,21.927284302311204
population_std,0.002,-0.58,rd_obs_sky,20,10.825144185554588,2.7497327182687155,3.9367986981550365,2,1.0825144185554588e-09,False,central,0.060164271671980483,77.01288947429344,45.70374811915678,19.56231328525515
population_std,0.002,-0.58,rd_obs_redshift_sky,29,13.339614475227693,2.8188753990292734,4.732246937846707,2,1.3339614475227693e-09,False,central,0.060164271671980483,77.01288947429344,46.852979695291005,16.274063988160407
population_std,0.002,-0.55,rd_obs,2,4.220078636139054,0.03406324182375104,123.88951873619231,2,4.2200786361390547e-10,False,central,0.03406324182375104,123.88951873619231,1.0,1.0
population_std,0.002,-0.55,rd_obs_redshift,11,6.5823591816494,2.109003211717219,3.121075940083481,2,6.5823591816494e-10,False,central,0.03406324182375104,123.88951873619231,61.91434222936141,39.694490334278306
population_std,0.002,-0.55,rd_obs_sky,20,7.793073457362546,2.3309073312677917,3.3433647716590498,2,7.793073457362546e-10,False,central,0.03406324182375104,123.88951873619231,68.42881670888224,37.0553401131626
population_std,0.002,-0.55,rd_obs_redshift_sky,29,9.495933839476914,2.4407962550611835,3.890506558991291,2,9.495933839476913e-10,False,central,0.03406324182375104,123.88951873619231,71.65484329677942,31.844058571209224
population_std,0.002,-0.525,rd_obs,2,3.9009569732341487,0.015862265062590315,245.92685583310512,2,3.9009569732341487e-10,False,central,0.015862265062590315,245.92685583310512,1.0,1.0
population_std,0.002,-0.525,rd_obs_redshift,11,5.3197734909458045,1.7816071113301184,2.9859408716516347,2,5.319773490945804e-10,False,central,0.015862265062590315,245.92685583310512,112.31732065377435,82.3615960275442
population_std,0.002,-0.525,rd_obs_sky,20,6.065606971724515,1.9837426528904212,3.0576581911401637,2,6.065606971724515e-10,False,central,0.015862265062590315,245.92685583310512,125.0604907346363,80.42980623069643
population_std,0.002,-0.525,rd_obs_redshift_sky,29,7.2393407045091855,2.1389637650041973,3.3845083413533095,2,7.239340704509186e-10,False,central,0.015862265062590315,245.92685583310512,134.84604856646516,72.66250546003094
population_std,0.002,-0.5,rd_obs,2,3.6036539973778123,0.0005749433006659088,6267.842399770553,2,3.6036539973778126e-10,False,central,0.0005749433006659088,6267.842399770553,1.0,1.0
population_std,0.002,-0.5,rd_obs_redshift,11,4.427162295171596,1.4573634635601602,3.037788723175879,2,4.427162295171596e-10,False,central,0.0005749433006659088,6267.842399770553,2534.795103921061,2063.2910880048926
population_std,0.002,-0.5,rd_obs_sky,20,4.876083093192261,1.6403914626066138,2.972511869480271,2,4.876083093192262e-10,False,central,0.0005749433006659088,6267.842399770553,2853.136058297723,2108.6013025295183
population_std,0.002,-0.5,rd_obs_redshift_sky,29,5.641286364262929,1.8385620544385868,3.068314365916532,2,5.64128636426293e-10,False,central,0.0005749433006659088,6267.842399770553,3197.8145537292703,2042.764088776247
population_std,0.002,-0.475,rd_obs,2,3.3267176974391752,0.012321414740865694,269.9947828560345,2,3.326717697439175e-10,False,central,0.012321414740865694,269.9947828560345,1.0,1.0
population_std,0.002,-0.475,rd_obs_redshift,11,3.7915373593386437,1.149637813581882,3.298027704504167,2,3.791537359338644e-10,False,central,0.012321414740865694,269.9947828560345,93.30404322556788,81.86552905158997
population_std,0.002,-0.475,rd_obs_sky,20,4.057319484624706,1.3079759937778639,3.1019831433647616,2,4.0573194846247065e-10,False,central,0.012321414740865694,269.9947828560345,106.15469256462723,87.03941007337893
population_std,0.002,-0.475,rd_obs_redshift_sky,29,4.523238037825013,1.530745062951099,2.9549257726199913,2,4.523238037825014e-10,False,central,0.012321414740865694,269.9947828560345,124.23452137149228,91.37108801776873
population_std,0.002,-0.45,rd_obs,2,3.1077606667013304,0.0189361853024557,164.11756734859935,2,3.1077606667013306e-10,False,one_sided,0.0189361853024557,164.11756734859935,1.0,1.0
population_std,0.002,-0.45,rd_obs_redshift,11,3.4361887715532977,1.020041042328374,3.368676973732114,2,3.436188771553298e-10,False,one_sided,0.0189361853024557,164.11756734859935,53.86729301788634,48.71870132646634
population_std,0.002,-0.45,rd_obs_sky,20,3.632547778140062,1.1637238970111938,3.1214859361997966,2,3.632547778140062e-10,False,one_sided,0.0189361853024557,164.11756734859935,61.45503322996521,52.576744122192544
population_std,0.002,-0.45,rd_obs_redshift_sky,29,3.9750376200100295,1.3921474956425532,2.855327924987811,2,3.9750376200100297e-10,False,one_sided,0.0189361853024557,164.11756734859935,73.51784287102511,57.47765989060606
population_std,0.00225,-0.7125,rd_obs,2,7.105867189999501,0.24124388595666524,29.455118258524205,2,7.105867189999502e-10,False,one_sided,0.24124388595666524,29.455118258524205,1.0,1.0
population_std,0.00225,-0.7125,rd_obs_redshift,11,77.32037288280357,9.418878180049703,8.209085137822173,2,7.732037288280358e-09,False,one_sided,0.24124388595666524,29.455118258524205,39.04297156671411,3.5881121664598172
population_std,0.00225,-0.7125,rd_obs_sky,20,128.98962817439863,28.462076885746917,4.531982282677107,2,1.2898962817439864e-08,False,one_sided,0.24124388595666524,29.455118258524205,117.98051077182356,6.499389543315832
population_std,0.00225,-0.7125,rd_obs_redshift_sky,29,149.8794266710832,31.64135331712545,4.736820993998477,2,1.498794266710832e-08,False,one_sided,0.24124388595666524,29.455118258524205,131.15919266368144,6.2183304574615885
population_std,0.00225,-0.69,rd_obs,2,6.719296164913342,0.2253016244548725,29.823558446020897,2,6.719296164913342e-10,False,central,0.2253016244548725,29.823558446020897,1.0,1.0
population_std,0.00225,-0.69,rd_obs_redshift,11,49.539331657113856,4.163114714867488,11.899583617092496,2,4.953933165711386e-09,False,central,0.2253016244548725,29.823558446020897,18.477961377066556,2.5062690767753
population_std,0.00225,-0.69,rd_obs_sky,20,69.977280745749,5.676146693735071,12.3283073044932,2,6.9977280745749e-09,False,central,0.2253016244548725,29.823558446020897,25.193545352674512,2.419112187051936
population_std,0.00225,-0.69,rd_obs_redshift_sky,29,85.56566132439015,5.816637118370199,14.710503609406073,2,8.556566132439015e-09,False,central,0.2253016244548725,29.823558446020897,25.817111316635273,2.0273648841601424
population_std,0.00225,-0.6666666666666666,rd_obs,2,6.2695418406711045,0.18199176552461352,34.44959074163814,2,6.269541840671105e-10,False,central,0.18199176552461352,34.44959074163814,1.0,1.0
population_std,0.00225,-0.6666666666666666,rd_obs_redshift,11,26.62324903894021,3.735192129293961,7.127678608589441,2,2.662324903894021e-09,False,central,0.18199176552461352,34.44959074163814,20.52396227118745,4.83321325685526
population_std,0.00225,-0.6666666666666666,rd_obs_sky,20,35.06471250981495,4.480234278083329,7.826535474126109,2,3.5064712509814955e-09,False,central,0.18199176552461352,34.44959074163814,24.6177856738106,4.401639889773156
population_std,0.00225,-0.6666666666666666,rd_obs_redshift_sky,29,43.72812802834221,4.567948714349165,9.572815012344668,2,4.3728128028342214e-09,False,central,0.18199176552461352,34.44959074163814,25.09975493221627,3.5986896954776113
population_std,0.00225,-0.64,rd_obs,2,5.788235200389143,0.13947342710924288,41.500630767863,2,5.788235200389143e-10,False,central,0.13947342710924288,41.500630767863,1.0,1.0
population_std,0.00225,-0.64,rd_obs_redshift,11,17.96365891471997,3.3343269185524433,5.387491794751389,2,1.7963658914719972e-09,False,central,0.13947342710924288,41.500630767863,23.90653895627605,7.703145053194107
population_std,0.00225,-0.64,rd_obs_sky,20,23.805470776835175,3.776390090736966,6.303763701537919,2,2.3805470776835177e-09,False,central,0.13947342710924288,41.500630767863,27.076054335275636,6.583468659800518
population_std,0.00225,-0.64,rd_obs_redshift_sky,29,29.43547244039231,3.8473602986154822,7.650822942417171,2,2.9435472440392312e-09,False,central,0.13947342710924288,41.500630767863,27.584898273145814,5.424335536217684
population_std,0.00225,-0.61,rd_obs,2,5.285698759401976,0.09892841385521525,53.42953104593143,2,5.285698759401976e-10,False,central,0.09892841385521525,53.42953104593143,1.0,1.0
population_std,0.00225,-0.61,rd_obs_redshift,11,12.943092037163664,2.9235058154063247,4.427250313290299,2,1.2943092037163664e-09,False,central,0.09892841385521525,53.42953104593143,29.551730402601667,12.068332997919649
population_std,0.00225,-0.61,rd_obs_sky,20,16.680350459141184,3.2409346859772468,5.14677155677129,2,1.6680350459141184e-09,False,central,0.09892841385521525,53.42953104593143,32.760402797122104,10.381173995499662
population_std,0.00225,-0.61,rd_obs_redshift_sky,29,20.63968276522658,3.2959617653036335,6.262112316501704,2,2.063968276522658e-09,False,central,0.09892841385521525,53.42953104593143,33.31663408783015,8.532189833953593
population_std,0.00225,-0.58,rd_obs,2,4.8218422011855,0.06503996131443784,74.13660930507238,2,4.8218422011855e-10,False,central,0.06503996131443784,74.13660930507238,1.0,1.0
population_std,0.00225,-0.58,rd_obs_redshift,11,9.56694867811939,2.5489516456943493,3.753287628770728,2,9.56694867811939e-10,False,central,0.06503996131443784,74.13660930507238,39.19054676818392,19.75244549252771
population_std,0.00225,-0.58,rd_obs_sky,20,11.84608299307935,2.793984218088007,4.239853223360696,2,1.184608299307935e-09,False,central,0.06503996131443784,74.13660930507238,42.957962483716706,17.485654667618046
population_std,0.00225,-0.58,rd_obs_redshift_sky,29,14.653204155529323,2.8616266629984843,5.120585555411106,2,1.4653204155529323e-09,False,central,0.06503996131443784,74.13660930507238,43.99797609294163,14.478150692498357
population_std,0.00225,-0.55,rd_obs,2,4.39405556141082,0.036803870986264475,119.39112500015881,2,4.39405556141082e-10,False,central,0.036803870986264475,119.39112500015881,1.0,1.0
population_std,0.00225,-0.55,rd_obs_redshift,11,7.1700428122484965,2.173336647631106,3.2990944224235585,2,7.170042812248497e-10,False,central,0.036803870986264475,119.39112500015881,59.051849422095145,36.18905969731309
population_std,0.00225,-0.55,rd_obs_sky,20,8.515928112327334,2.380022845090735,3.578086710341083,2,8.515928112327334e-10,False,central,0.036803870986264475,119.39112500015881,64.66773144539552,33.36730903002007
population_std,0.00225,-0.55,rd_obs_redshift_sky,29,10.43247033964783,2.4845382431302814,4.198957439473305,2,1.043247033964783e-09,False,central,0.036803870986264475,119.39112500015881,67.50752506597833,28.433516348080584
population_std,0.00225,-0.525,rd_obs,2,4.063604488904091,0.01713079247347844,237.21053741064722,2,4.0636044889040914e-10,False,central,0.01713079247347844,237.21053741064722,1.0,1.0
population_std,0.00225,-0.525,rd_obs_redshift,11,5.755540324089585,1.8503132586970186,3.1105761670554144,2,5.755540324089585e-10,False,central,0.01713079247347844,237.21053741064722,108.0109552177249,76.25935668220573
population_std,0.00225,-0.525,rd_obs_sky,20,6.598681536172372,2.0392325343776565,3.2358651722797234,2,6.598681536172373e-10,False,central,0.01713079247347844,237.21053741064722,119.03900753772814,73.30668145345756
population_std,0.00225,-0.525,rd_obs_redshift_sky,29,7.934554937398641,2.186466089773258,3.628940313554771,2,7.934554937398641e-10,False,central,0.01713079247347844,237.21053741064722,127.63368029577747,65.36633752961477
population_std,0.00225,-0.5,rd_obs,2,3.755627477009376,0.0006206376505402874,6051.240162017189,2,3.755627477009376e-10,False,central,0.0006206376505402874,6051.240162017189,1.0,1.0
population_std,0.00225,-0.5,rd_obs_redshift,11,4.7500139300354425,1.5271262604275058,3.110426461205452,2,4.750013930035443e-10,False,central,0.0006206376505402874,6051.240162017189,2460.576246217237,1945.4696124440823
population_std,0.00225,-0.5,rd_obs_sky,20,5.266682600736272,1.7011669356760633,3.095923445422028,2,5.266682600736271e-10,False,central,0.0006206376505402874,6051.240162017189,2740.9986071504627,1954.5832668973826
population_std,0.00225,-0.5,rd_obs_redshift_sky,29,6.151824575394859,1.8912899759324773,3.2527135731059844,2,6.15182457539486e-10,False,central,0.0006206376505402874,6051.240162017189,3047.333616138243,1860.3667448772376
population_std,0.00225,-0.475,rd_obs,2,3.4686058755739544,0.01329456377839534,260.9040757855251,2,3.4686058755739544e-10,False,central,0.01329456377839534,260.9040757855251,1.0,1.0
population_std,0.00225,-0.475,rd_obs_redshift,11,4.034699426301034,1.2150183273364419,3.320690178514332,2,4.034699426301034e-10,False,central,0.01329456377839534,260.9040757855251,91.39211692759243,78.56923162348524
population_std,0.00225,-0.475,rd_obs_sky,20,4.345080994236789,1.3697128071934386,3.1722569661445474,2,4.345080994236789e-10,False,central,0.01329456377839534,260.9040757855251,103.02803687469041,82.24556792529295
population_std,0.00225,-0.475,rd_obs_redshift_sky,29,4.8945795502730105,1.5882690507536394,3.0817068102853953,2,4.894579550273011e-10,False,central,0.01329456377839534,260.9040757855251,119.4675566064601,84.66219917960427
population_std,0.00225,-0.45,rd_obs,2,3.248356537771923,0.020381159694516027,159.3803584516322,2,3.248356537771923e-10,False,one_sided,0.020381159694516027,159.3803584516322,1.0,1.0
population_std,0.00225,-0.45,rd_obs_redshift,11,3.654011185186269,1.0789441443685492,3.386654632918718,2,3.6540111851862693e-10,False,one_sided,0.020381159694516027,159.3803584516322,52.938309720366966,47.06129668565393
population_std,0.00225,-0.45,rd_obs_sky,20,3.8863423821229874,1.2204564715196713,3.1843351015082453,2,3.8863423821229876e-10,False,one_sided,0.020381159694516027,159.3803584516322,59.88160093991415,50.05137756266369
population_std,0.00225,-0.45,rd_obs_redshift_sky,29,4.29705487887454,1.4464346158321815,2.9707909585683576,2,4.2970548788745405e-10,False,one_sided,0.020381159694516027,159.3803584516322,70.96920084588585,53.649132730779066
population_std,0.0025,-0.7125,rd_obs,2,7.375863763121825,0.2582367252994362,28.56241208359967,2,7.375863763121826e-10,False,one_sided,0.2582367252994362,28.56241208359967,1.0,1.0
population_std,0.0025,-0.7125,rd_obs_redshift,11,119.16608722351214,6.6166714395551836,18.009975002102156,2,1.1916608722351214e-08,False,one_sided,0.2582367252994362,28.56241208359967,25.62250366164177,1.5859218061249845
population_std,0.0025,-0.7125,rd_obs_sky,20,244.82357085830728,18.204587896034457,13.448454436677345,2,2.4482357085830727e-08,False,one_sided,0.2582367252994362,28.56241208359967,70.49573555010613,2.123843466034486
population_std,0.0025,-0.7125,rd_obs_redshift_sky,29,272.08950149757345,20.66779319911408,13.164903426130493,2,2.7208950149757347e-08,False,one_sided,0.2582367252994362,28.56241208359967,80.03429092104895,2.1695876649506807
population_std,0.0025,-0.69,rd_obs,2,6.987774480907342,0.24071697493989383,29.029005879839445,2,6.987774480907342e-10,False,one_sided,0.24071697493989383,29.029005879839445,1.0,1.0
population_std,0.0025,-0.69,rd_obs_redshift,11,74.16856619269808,5.451728400284266,13.604596697962934,2,7.416856619269809e-09,False,one_sided,0.24071697493989383,29.029005879839445,22.647876833968787,2.133764530056673
population_std,0.0025,-0.69,rd_obs_sky,20,130.06804086537363,9.30045270594896,13.98513007675171,2,1.3006804086537363e-08,False,one_sided,0.24071697493989383,29.029005879839445,38.63646387327379,2.075705103958671
population_std,0.0025,-0.69,rd_obs_redshift_sky,29,149.59517374234932,10.358005834207802,14.44246857327539,2,1.4959517374234933e-08,False,one_sided,0.24071697493989383,29.029005879839445,43.02981057648368,2.0099753537671012
population_std,0.0025,-0.6666666666666666,rd_obs,2,6.522671615254851,0.1943656519083353,33.558766948858874,2,6.522671615254852e-10,False,one_sided,0.1943656519083353,33.558766948858874,1.0,1.0
population_std,0.0025,-0.6666666666666666,rd_obs_redshift,11,32.27761372792454,4.133674703977125,7.808455197712907,2,3.227761372792454e-09,False,one_sided,0.1943656519083353,33.558766948858874,21.267516474189613,4.297747262312297
population_std,0.0025,-0.6666666666666666,rd_obs_sky,20,42.15495306480772,4.620192879190462,9.124067796969117,2,4.215495306480772e-09,False,one_sided,0.1943656519083353,33.558766948858874,23.770624252938422,3.678048836946018
population_std,0.0025,-0.6666666666666666,rd_obs_redshift_sky,29,52.826633150062726,4.907307987692132,10.764890502604601,2,5.2826633150062725e-09,False,one_sided,0.1943656519083353,33.558766948858874,25.247814824846035,3.117427617191203
population_std,0.0025,-0.64,rd_obs,2,6.024738698347542,0.148887047358313,40.46516339227513,2,6.024738698347542e-10,False,one_sided,0.148887047358313,40.46516339227513,1.0,1.0
population_std,0.0025,-0.64,rd_obs_redshift,11,19.968177846323993,3.485882087798557,5.728299851626513,2,1.9968177846323994e-09,False,one_sided,0.148887047358313,40.46516339227513,23.412930470770903,7.064079123020299
population_std,0.0025,-0.64,rd_obs_sky,20,26.071983811443616,3.7934910398995445,6.87282071770335,2,2.607198381144362e-09,False,one_sided,0.148887047358313,40.46516339227513,25.478986300064722,5.887708272098961
population_std,0.0025,-0.64,rd_obs_redshift_sky,29,32.45292145062648,3.937849686017231,8.241279895944832,2,3.2452921450626478e-09,False,one_sided,0.148887047358313,40.46516339227513,26.44857128867875,4.910058134560658
population_std,0.0025,-0.61,rd_obs,2,5.5045404412713745,0.10555039869346307,52.15082566630117,2,5.504540441271374e-10,False,one_sided,0.10555039869346307,52.15082566630117,1.0,1.0
population_std,0.0025,-0.61,rd_obs_redshift,11,14.108838805038603,2.988443887325907,4.721132247078378,2,1.4108838805038604e-09,False,one_sided,0.10555039869346307,52.15082566630117,28.31295688427359,11.04625393592271
population_std,0.0025,-0.61,rd_obs_sky,20,18.094828115045935,3.2565738284550476,5.556400397539984,2,1.8094828115045935e-09,False,one_sided,0.10555039869346307,52.15082566630117,30.853259379083077,9.385721318677861
population_std,0.0025,-0.61,rd_obs_redshift_sky,29,22.4632878703748,3.3328364202147585,6.7399911181141405,2,2.24632878703748e-09,False,one_sided,0.10555039869346307,52.15082566630117,31.575782388978954,7.737521422861021
population_std,0.0025,-0.58,rd_obs,2,5.024081777665083,0.06935760030107437,72.43736455494495,2,5.024081777665083e-10,False,one_sided,0.06935760030107437,72.43736455494495,1.0,1.0
population_std,0.0025,-0.58,rd_obs_redshift,11,10.404791062325002,2.5962599555672,4.007607574123635,2,1.0404791062325e-09,False,one_sided,0.06935760030107437,72.43736455494495,37.43295535452635,18.074964480718954
population_std,0.0025,-0.58,rd_obs_sky,20,12.867303036222141,2.8160058497283282,4.569345279401143,2,1.2867303036222142e-09,False,one_sided,0.06935760030107437,72.43736455494495,40.6012583697292,15.8528979811389
population_std,0.0025,-0.58,rd_obs_redshift_sky,29,15.965726033931572,2.8891180666856613,5.5261590787970585,2,1.5965726033931573e-09,False,one_sided,0.06935760030107437,72.43736455494495,41.65539254738184,13.108085294336696
population_std,0.0025,-0.55,rd_obs,2,4.580691072553174,0.039227039332715825,116.7738159818965,2,4.580691072553174e-10,False,one_sided,0.039227039332715825,116.7738159818965,1.0,1.0
population_std,0.0025,-0.55,rd_obs_redshift,11,7.776140799482103,2.2218336962187877,3.499875266414347,2,7.776140799482103e-10,False,one_sided,0.039227039332715825,116.7738159818965,56.64036169983778,33.365136495716406
population_std,0.0025,-0.55,rd_obs_sky,20,9.249203789894288,2.4101254155905316,3.8376441865072146,2,9.249203789894289e-10,False,one_sided,0.039227039332715825,116.7738159818965,61.440410915244826,30.428515596224877
population_std,0.0025,-0.55,rd_obs_redshift_sky,29,11.378020771289306,2.513515434251336,4.526735987470993,2,1.1378020771289306e-09,False,one_sided,0.039227039332715825,116.7738159818965,64.07609335316403,25.79647152056154
population_std,0.0025,-0.525,rd_obs,2,4.238007387944525,0.01825091600900405,232.2079278570847,2,4.238007387944525e-10,False,one_sided,0.01825091600900405,232.2079278570847,1.0,1.0
population_std,0.0025,-0.525,rd_obs_redshift,11,6.2113397397738135,1.9026593367492557,3.2645569387035165,2,6.211339739773814e-10,False,one_sided,0.01825091600900405,232.2079278570847,104.2500735749692,71.12999779666994
population_std,0.0025,-0.525,rd_obs_sky,20,7.147242344709671,2.0767734826551205,3.4415127140260093,2,7.147242344709672e-10,False,one_sided,0.01825091600900405,232.2079278570847,113.79009588508045,67.47263402826115
population_std,0.0025,-0.525,rd_obs_redshift_sky,29,8.643522122602029,2.2193243897107022,3.8946636925522844,2,8.643522122602029e-10,False,one_sided,0.01825091600900405,232.2079278570847,121.60071245825708,59.62207425024476
population_std,0.0025,-0.5,rd_obs,2,3.9185114107503973,0.000660932336973593,5928.763341635315,2,3.9185114107503976e-10,False,one_sided,0.000660932336973593,5928.763341635315,1.0,1.0
population_std,0.0025,-0.5,rd_obs_redshift,11,5.092160724922371,1.5817395604877431,3.2193420788894973,2,5.092160724922371e-10,False,one_sided,0.000660932336973593,5928.763341635315,2393.194389202567,1841.6071347349407
population_std,0.0025,-0.5,rd_obs_sky,20,5.674808886083553,1.7451264023591748,3.251803925728233,2,5.674808886083553e-10,False,one_sided,0.000660932336973593,5928.763341635315,2640.4009983080914,1823.222887064934
population_std,0.0025,-0.5,rd_obs_redshift_sky,29,6.6786634229564825,1.9291567352831658,3.4619599853177165,2,6.678663422956483e-10,False,one_sided,0.000660932336973593,5928.763341635315,2918.841502167632,1712.5453115516616
population_std,0.0025,-0.475,rd_obs,2,3.62061315545319,0.014151563117702425,255.84545857864316,2,3.6206131554531903e-10,False,one_sided,0.014151563117702425,255.84545857864316,1.0,1.0
population_std,0.0025,-0.475,rd_obs_redshift,11,4.294790260586543,1.2678528362002193,3.387451712028438,2,4.2947902605865434e-10,False,one_sided,0.014151563117702425,255.84545857864316,89.59101024071617,75.52741126025985
population_std,0.0025,-0.475,rd_obs_sky,20,4.64987572045125,1.4168530792731668,3.2818333731798046,2,4.6498757204512506e-10,False,one_sided,0.014151563117702425,255.84545857864316,100.11989965269645,77.9580891185684
population_std,0.0025,-0.475,rd_obs_redshift_sky,29,5.283162668560711,1.631147874941127,3.2389231839273895,2,5.283162668560711e-10,False,one_sided,0.014151563117702425,255.84545857864316,115.26273538650278,78.99090038573101
population_std,0.0025,-0.45,rd_obs,2,3.398618690557958,0.021644503699191343,157.0199408492297,2,3.398618690557958e-10,False,one_sided,0.021644503699191343,157.0199408492297,1.0,1.0
population_std,0.0025,-0.45,rd_obs_redshift,11,3.8870875888090484,1.12673728451281,3.4498615091891507,2,3.8870875888090487e-10,False,one_sided,0.021644503699191343,157.0199408492297,52.056508209745,45.514853402371905
population_std,0.0025,-0.45,rd_obs_sky,20,4.155723151313858,1.2643581138614652,3.2868244413933487,2,4.1557231513138587e-10,False,one_sided,0.021644503699191343,157.0199408492297,58.414742672464364,47.772536577179004
population_std,0.0025,-0.45,rd_obs_redshift_sky,29,4.635170981964246,1.4871905262757283,3.1167297666774374,2,4.6351709819642467e-10,False,one_sided,0.021644503699191343,157.0199408492297,68.70984647854462,50.379709697007016
