k,wq,observable_set,sigma_max,sigma_min,condition_number,cosine_similarity,sensitivity_angle_deg,numerical_rank,gram_determinant,derivative_scheme_k,derivative_scheme_wq,derivative_quality,missing_features,feature_count,rank_tolerance,parameter_k_scale,parameter_wq_scale
0.0,-0.7125,orbital,8.16182277883514,0.0,inf,,,1,0.0,one_sided_forward,analytic_k_zero,one_sided,,18,8.161822778835139e-10,0.0025,0.2625
0.0,-0.7125,photon_geometry,10.227126447441456,0.0,inf,,,1,0.0,one_sided_forward,analytic_k_zero,one_sided,,27,1.0227126447441458e-09,0.0025,0.2625
0.0,-0.7125,redshift,4.916915610740778,0.0,inf,,,1,0.0,one_sided_forward,analytic_k_zero,one_sided,,9,4.916915610740779e-10,0.0025,0.2625
0.0,-0.7125,timing,6.392386520923823,0.0,inf,,,1,0.0,one_sided_forward,analytic_k_zero,one_sided,,17,6.392386520923824e-10,0.0025,0.2625
0.0,-0.7125,all_shooting,15.370365350280505,0.0,inf,,,1,0.0,one_sided_forward,analytic_k_zero,one_sided,,71,1.5370365350280506e-09,0.0025,0.2625
0.0,-0.7125,ringdown_only,2.3575205487453537,0.0,inf,,,1,0.0,one_sided_forward,analytic_k_zero,one_sided,,4,2.3575205487453536e-10,0.0025,0.2625
0.0,-0.7125,ringdown_plus_photon_geometry,10.495333177642006,0.0,inf,,,1,0.0,one_sided_forward,analytic_k_zero,one_sided,,31,1.0495333177642006e-09,0.0025,0.2625
0.0,-0.7125,ringdown_plus_all_shooting,15.550113637490247,0.0,inf,,,1,0.0,one_sided_forward,analytic_k_zero,one_sided,,75,1.5550113637490247e-09,0.0025,0.2625
0.0,-0.69,orbital,6.472348318997543,0.0,inf,,,1,0.0,one_sided_forward,analytic_k_zero,one_sided,,18,6.472348318997543e-10,0.0025,0.2625
0.0,-0.69,photon_geometry,7.917195186998218,0.0,inf,,,1,0.0,one_sided_forward,analytic_k_zero,one_sided,,27,7.917195186998219e-10,0.0025,0.2625
0.0,-0.69,redshift,3.7591901617516417,0.0,inf,,,1,0.0,one_sided_forward,analytic_k_zero,one_sided,,9,3.7591901617516416e-10,0.0025,0.2625
0.0,-0.69,timing,5.240065147212303,0.0,inf,,,1,0.0,one_sided_forward,analytic_k_zero,one_sided,,17,5.240065147212303e-10,0.0025,0.2625
0.0,-0.69,all_shooting,12.089791801792845,0.0,inf,,,1,0.0,one_sided_forward,analytic_k_zero,one_sided,,71,1.2089791801792845e-09,0.0025,0.2625
0.0,-0.69,ringdown_only,2.270259125252929,0.0,inf,,,1,0.0,one_sided_forward,analytic_k_zero,one_sided,,4,2.2702591252529291e-10,0.0025,0.2625
0.0,-0.69,ringdown_plus_photon_geometry,8.236264694922205,0.0,inf,,,1,0.0,one_sided_forward,analytic_k_zero,one_sided,,31,8.236264694922206e-10,0.0025,0.2625
0.0,-0.69,ringdown_plus_all_shooting,12.30110329631012,0.0,inf,,,1,0.0,one_sided_forward,analytic_k_zero,one_sided,,75,1.2301103296310121e-09,0.0025,0.2625
0.0,-0.6666666666666666,orbital,5.056091031142879,0.0,inf,,,1,0.0,one_sided_forward,analytic_k_zero,one_sided,,18,5.056091031142879e-10,0.0025,0.2625
0.0,-0.6666666666666666,photon_geometry,6.065753059065102,0.0,inf,,,1,0.0,one_sided_forward,analytic_k_zero,one_sided,,27,6.065753059065102e-10,0.0025,0.2625
0.0,-0.6666666666666666,redshift,2.8401024744296532,0.0,inf,,,1,0.0,one_sided_forward,analytic_k_zero,one_sided,,9,2.8401024744296533e-10,0.0025,0.2625
0.0,-0.6666666666666666,timing,4.3187085496887905,0.0,inf,,,1,0.0,one_sided_forward,analytic_k_zero,one_sided,,17,4.3187085496887905e-10,0.0025,0.2625
0.0,-0.6666666666666666,all_shooting,9.437946931996256,0.0,inf,,,1,0.0,one_sided_forward,analytic_k_zero,one_sided,,71,9.437946931996257e-10,0.0025,0.2625
0.0,-0.6666666666666666,ringdown_only,2.182106842630374,0.0,inf,,,1,0.0,one_sided_forward,analytic_k_zero,one_sided,,4,2.182106842630374e-10,0.0025,0.2625
0.0,-0.6666666666666666,ringdown_plus_photon_geometry,6.44631293424481,0.0,inf,,,1,0.0,one_sided_forward,analytic_k_zero,one_sided,,31,6.44631293424481e-10,0.0025,0.2625
0.0,-0.6666666666666666,ringdown_plus_all_shooting,9.686920695651011,0.0,inf,,,1,0.0,one_sided_forward,analytic_k_zero,one_sided,,75,9.686920695651011e-10,0.0025,0.2625
0.0,-0.64,orbital,3.784911759331792,0.0,inf,,,1,0.0,one_sided_forward,analytic_k_zero,one_sided,,18,3.7849117593317917e-10,0.0025,0.2625
0.0,-0.64,photon_geometry,4.464889589207248,0.0,inf,,,1,0.0,one_sided_forward,analytic_k_zero,one_sided,,27,4.4648895892072477e-10,0.0025,0.2625
0.0,-0.64,redshift,2.0554162501219566,0.0,inf,,,1,0.0,one_sided_forward,analytic_k_zero,one_sided,,9,2.0554162501219566e-10,0.0025,0.2625
0.0,-0.64,timing,3.5063399871069927,0.0,inf,,,1,0.0,one_sided_forward,analytic_k_zero,one_sided,,17,3.5063399871069926e-10,0.0025,0.2625
0.0,-0.64,all_shooting,7.126005342138765,0.0,inf,,,1,0.0,one_sided_forward,analytic_k_zero,one_sided,,71,7.126005342138765e-10,0.0025,0.2625
0.0,-0.64,ringdown_only,2.0840261626194483,0.0,inf,,,1,0.0,one_sided_forward,analytic_k_zero,one_sided,,4,2.0840261626194485e-10,0.0025,0.2625
0.0,-0.64,ringdown_plus_photon_geometry,4.927312055298874,0.0,inf,,,1,0.0,one_sided_forward,analytic_k_zero,one_sided,,31,4.927312055298874e-10,0.0025,0.2625
0.0,-0.64,ringdown_plus_all_shooting,7.4244944058617595,0.0,inf,,,1,0.0,one_sided_forward,analytic_k_zero,one_sided,,75,7.42449440586176e-10,0.0025,0.2625
0.0,-0.61,orbital,2.709003315913266,0.0,inf,,,1,0.0,one_sided_forward,analytic_k_zero,one_sided,,18,2.709003315913266e-10,0.0025,0.2625
0.0,-0.61,photon_geometry,3.1521414571850506,0.0,inf,,,1,0.0,one_sided_forward,analytic_k_zero,one_sided,,27,3.1521414571850505e-10,0.0025,0.2625
0.0,-0.61,redshift,1.4226366133571007,0.0,inf,,,1,0.0,one_sided_forward,analytic_k_zero,one_sided,,9,1.4226366133571008e-10,0.0025,0.2625
0.0,-0.61,timing,2.808776633959754,0.0,inf,,,1,0.0,one_sided_forward,analytic_k_zero,one_sided,,17,2.808776633959754e-10,0.0025,0.2625
0.0,-0.61,all_shooting,5.214193690771009,0.0,inf,,,1,0.0,one_sided_forward,analytic_k_zero,one_sided,,71,5.21419369077101e-10,0.0025,0.2625
0.0,-0.61,ringdown_only,1.9768824110735352,0.0,inf,,,1,0.0,one_sided_forward,analytic_k_zero,one_sided,,4,1.9768824110735352e-10,0.0025,0.2625
0.0,-0.61,ringdown_plus_photon_geometry,3.7207606525167143,0.0,inf,,,1,0.0,one_sided_forward,analytic_k_zero,one_sided,,31,3.7207606525167143e-10,0.0025,0.2625
0.0,-0.61,ringdown_plus_all_shooting,5.576367985713293,0.0,inf,,,1,0.0,one_sided_forward,analytic_k_zero,one_sided,,75,5.576367985713293e-10,0.0025,0.2625
0.0,-0.58,orbital,1.9223290593247235,0.0,inf,,,1,0.0,one_sided_forward,analytic_k_zero,one_sided,,18,1.9223290593247236e-10,0.0025,0.2625
0.0,-0.58,photon_geometry,2.215711489276351,0.0,inf,,,1,0.0,one_sided_forward,analytic_k_zero,one_sided,,27,2.2157114892763514e-10,0.0025,0.2625
0.0,-0.58,redshift,0.9804868192446287,0.0,inf,,,1,0.0,one_sided_forward,analytic_k_zero,one_sided,,9,9.804868192446286e-11,0.0025,0.2625
0.0,-0.58,timing,2.273814114170513,0.0,inf,,,1,0.0,one_sided_forward,analytic_k_zero,one_sided,,17,2.273814114170513e-10,0.0025,0.2625
0.0,-0.58,all_shooting,3.8387903621517268,0.0,inf,,,1,0.0,one_sided_forward,analytic_k_zero,one_sided,,71,3.838790362151727e-10,0.0025,0.2625
0.0,-0.58,ringdown_only,1.8730248659654496,0.0,inf,,,1,0.0,one_sided_forward,analytic_k_zero,one_sided,,4,1.8730248659654497e-10,0.0025,0.2625
0.0,-0.58,ringdown_plus_photon_geometry,2.9013099717603628,0.0,inf,,,1,0.0,one_sided_forward,analytic_k_zero,one_sided,,31,2.9013099717603627e-10,0.0025,0.2625
0.0,-0.58,ringdown_plus_all_shooting,4.271362030204636,0.0,inf,,,1,0.0,one_sided_forward,analytic_k_zero,one_sided,,75,4.271362030204636e-10,0.0025,0.2625
0.0,-0.55,orbital,1.3531132980206673,0.0,inf,,,1,0.0,one_sided_forward,analytic_k_zero,one_sided,,18,1.3531132980206674e-10,0.0025,0.2625
0.0,-0.55,photon_geometry,1.5503482077659037,0.0,inf,,,1,0.0,one_sided_forward,analytic_k_zero,one_sided,,27,1.5503482077659037e-10,0.0025,0.2625
0.0,-0.55,redshift,0.6739538591765005,0.0,inf,,,1,0.0,one_sided_forward,analytic_k_zero,one_sided,,9,6.739538591765005e-11,0.0025,0.2625
0.0,-0.55,timing,1.8563848594212244,0.0,inf,,,1,0.0,one_sided_forward,analytic_k_zero,one_sided,,17,1.8563848594212244e-10,0.0025,0.2625
0.0,-0.55,all_shooting,2.85217000075216,0.0,inf,,,1,0.0,one_sided_forward,analytic_k_zero,one_sided,,71,2.8521700007521605e-10,0.0025,0.2625
0.0,-0.55,ringdown_only,1.772442240074731,0.0,inf,,,1,0.0,one_sided_forward,analytic_k_zero,one_sided,,4,1.7724422400747312e-10,0.0025,0.2625
0.0,-0.55,ringdown_plus_photon_geometry,2.3548101961143453,0.0,inf,,,1,0.0,one_sided_forward,analytic_k_zero,one_sided,,31,2.3548101961143454e-10,0.0025,0.2625
0.0,-0.55,ringdown_plus_all_shooting,3.358038893102893,0.0,inf,,,1,0.0,one_sided_forward,analytic_k_zero,one_sided,,75,3.3580388931028934e-10,0.0025,0.2625
0.0,-0.525,orbital,1.0042472113860375,0.0,inf,,,1,0.0,one_sided_forward,analytic_k_zero,one_sided,,18,1.0042472113860375e-10,0.0025,0.2625
0.0,-0.525,photon_geometry,1.1476576216066086,0.0,inf,,,1,0.0,one_sided_forward,analytic_k_zero,one_sided,,27,1.1476576216066086e-10,0.0025,0.2625
0.0,-0.525,redshift,0.4935739292051069,0.0,inf,,,1,0.0,one_sided_forward,analytic_k_zero,one_sided,,9,4.935739292051069e-11,0.0025,0.2625
0.0,-0.525,timing,1.576007520315249,0.0,inf,,,1,0.0,one_sided_forward,analytic_k_zero,one_sided,,17,1.576007520315249e-10,0.0025,0.2625
0.0,-0.525,all_shooting,2.2478979971719264,0.0,inf,,,1,0.0,one_sided_forward,analytic_k_zero,one_sided,,71,2.2478979971719266e-10,0.0025,0.2625
0.0,-0.525,ringdown_only,1.6911542041048884,0.0,inf,,,1,0.0,one_sided_forward,analytic_k_zero,one_sided,,4,1.6911542041048884e-10,0.0025,0.2625
0.0,-0.525,ringdown_plus_photon_geometry,2.0438005182730956,0.0,inf,,,1,0.0,one_sided_forward,analytic_k_zero,one_sided,,31,2.0438005182730958e-10,0.0025,0.2625
0.0,-0.525,ringdown_plus_all_shooting,2.8130140326260724,0.0,inf,,,1,0.0,one_sided_forward,analytic_k_zero,one_sided,,75,2.8130140326260727e-10,0.0025,0.2625
0.0,-0.5,orbital,0.7422509245800926,0.0,inf,,,1,0.0,one_sided_forward,analytic_k_zero,one_sided,,18,7.422509245800925e-11,0.0025,0.2625
0.0,-0.5,photon_geometry,0.8478704138649525,0.0,inf,,,1,0.0,one_sided_forward,analytic_k_zero,one_sided,,27,8.478704138649526e-11,0.0025,0.2625
0.0,-0.5,redshift,0.3635846104115591,0.0,inf,,,1,0.0,one_sided_forward,analytic_k_zero,one_sided,,9,3.6358461041155914e-11,0.0025,0.2625
0.0,-0.5,timing,1.3432051889187973,0.0,inf,,,1,0.0,one_sided_forward,analytic_k_zero,one_sided,,17,1.3432051889187974e-10,0.0025,0.2625
0.0,-0.5,all_shooting,1.7905905791704686,0.0,inf,,,1,0.0,one_sided_forward,analytic_k_zero,one_sided,,71,1.7905905791704688e-10,0.0025,0.2625
0.0,-0.5,ringdown_only,1.6122065416511338,0.0,inf,,,1,0.0,one_sided_forward,analytic_k_zero,one_sided,,4,1.6122065416511338e-10,0.0025,0.2625
0.0,-0.5,ringdown_plus_photon_geometry,1.8215636611576975,0.0,inf,,,1,0.0,one_sided_forward,analytic_k_zero,one_sided,,31,1.8215636611576975e-10,0.0025,0.2625
0.0,-0.5,ringdown_plus_all_shooting,2.409444864518951,0.0,inf,,,1,0.0,one_sided_forward,analytic_k_zero,one_sided,,75,2.409444864518951e-10,0.0025,0.2625
0.0,-0.475,orbital,0.5471514070137663,0.0,inf,,,1,0.0,one_sided_forward,analytic_k_zero,one_sided,,18,5.471514070137663e-11,0.0025,0.2625
0.0,-0.475,photon_geometry,0.6261810517245662,0.0,inf,,,1,0.0,one_sided_forward,analytic_k_zero,one_sided,,27,6.261810517245662e-11,0.0025,0.2625
0.0,-0.475,redshift,0.27148107072817235,0.0,inf,,,1,0.0,one_sided_forward,analytic_k_zero,one_sided,,9,2.7148107072817237e-11,0.0025,0.2625
0.0,-0.475,timing,1.14831971887731,0.0,inf,,,1,0.0,one_sided_forward,analytic_k_zero,one_sided,,17,1.1483197188773101e-10,0.0025,0.2625
0.0,-0.475,all_shooting,1.4435433905020685,0.0,inf,,,1,0.0,one_sided_forward,analytic_k_zero,one_sided,,71,1.4435433905020684e-10,0.0025,0.2625
0.0,-0.475,ringdown_only,1.5356401218551827,0.0,inf,,,1,0.0,one_sided_forward,analytic_k_zero,one_sided,,4,1.5356401218551828e-10,0.0025,0.2625
0.0,-0.475,ringdown_plus_photon_geometry,1.6584008241044395,0.0,inf,,,1,0.0,one_sided_forward,analytic_k_zero,one_sided,,31,1.6584008241044395e-10,0.0025,0.2625
0.0,-0.475,ringdown_plus_all_shooting,2.1076071987240903,0.0,inf,,,1,0.0,one_sided_forward,analytic_k_zero,one_sided,,75,2.1076071987240903e-10,0.0025,0.2625
0.0,-0.45,orbital,0.4032047450437938,0.0,inf,,,1,0.0,one_sided_forward,analytic_k_zero,one_sided,,18,4.032047450437938e-11,0.0025,0.2625
0.0,-0.45,photon_geometry,0.4635615425547973,0.0,inf,,,1,0.0,one_sided_forward,analytic_k_zero,one_sided,,27,4.635615425547973e-11,0.0025,0.2625
0.0,-0.45,redshift,0.2076184522067732,0.0,inf,,,1,0.0,one_sided_forward,analytic_k_zero,one_sided,,9,2.076184522067732e-11,0.0025,0.2625
0.0,-0.45,timing,0.9839390525238411,0.0,inf,,,1,0.0,one_sided_forward,analytic_k_zero,one_sided,,17,9.839390525238411e-11,0.0025,0.2625
0.0,-0.45,all_shooting,1.1784332187017914,0.0,inf,,,1,0.0,one_sided_forward,analytic_k_zero,one_sided,,71,1.1784332187017914e-10,0.0025,0.2625
0.0,-0.45,ringdown_only,1.4614935019123765,0.0,inf,,,1,0.0,one_sided_forward,analytic_k_zero,one_sided,,4,1.4614935019123765e-10,0.0025,0.2625
0.0,-0.45,ringdown_plus_photon_geometry,1.5332490208273037,0.0,inf,,,1,0.0,one_sided_forward,analytic_k_zero,one_sided,,31,1.5332490208273038e-10,0.0025,0.2625
0.0,-0.45,ringdown_plus_all_shooting,1.8774099464613385,0.0,inf,,,1,0.0,one_sided_forward,analytic_k_zero,one_sided,,75,1.8774099464613387e-10,0.0025,0.2625
0.00025,-0.7125,orbital,7.940712209801373,0.044046362869478356,180.28076990901417,-0.999735377972112,178.68186405162928,2,0.12233170184881585,central,one_sided_forward,one_sided,,18,7.940712209801374e-10,0.0025,0.2625
0.00025,-0.7125,photon_geometry,10.120791282775096,0.4504386914307823,22.4687431948335,-0.9856391351965904,170.27814727049633,2,20.78262080237449,central,one_sided_forward,one_sided,,27,1.0120791282775096e-09,0.0025,0.2625
0.00025,-0.7125,redshift,5.074037878126523,0.12939489062361792,39.21358759740997,-0.9951658612647147,174.36398300703632,2,0.43106391160832086,central,one_sided_forward,one_sided,,9,5.074037878126523e-10,0.0025,0.2625
0.00025,-0.7125,timing,6.300174555143123,0.7666392847111921,8.217912492596202,-0.872983619515004,150.80722853158957,2,23.32852629966874,central,one_sided_forward,one_sided,,17,6.300174555143123e-10,0.0025,0.2625
0.00025,-0.7125,all_shooting,15.194024040811737,0.9350581676865413,16.24928220070392,-0.9704196725469961,166.02938514523512,2,201.8472675702741,central,one_sided_forward,one_sided,,71,1.5194024040811738e-09,0.0025,0.2625
0.00025,-0.7125,ringdown_only,2.3597921911673247,0.09290228897749535,25.400797086269435,-0.7436598728375357,138.0441209339505,2,0.04806183502315244,central,one_sided_forward,one_sided,,4,2.359792191167325e-10,0.0025,0.2625
0.00025,-0.7125,ringdown_plus_photon_geometry,10.379047072566268,0.6970961845250633,14.888974151590842,-0.9655652465575064,164.9203834790952,2,52.3480338570147,central,one_sided_forward,one_sided,,31,1.0379047072566267e-09,0.0025,0.2625
0.00025,-0.7125,ringdown_plus_all_shooting,15.36806767993788,1.0641645245744573,14.441439575410888,-0.9616648401868679,164.08401503957919,2,267.4583019080743,central,one_sided_forward,one_sided,,75,1.536806767993788e-09,0.0025,0.2625
0.00025,-0.69,orbital,6.447593424322467,0.03707215332679018,173.92012186308895,-0.9997675797538569,178.76466990849568,2,0.05713351090815289,central,central,central,,18,6.447593424322467e-10,0.0025,0.2625
0.00025,-0.69,photon_geometry,7.989613295407848,0.4827746185139441,16.549364836124006,-0.9784995060443458,168.0973664416183,2,14.877856921347277,central,central,central,,27,7.989613295407848e-10,0.0025,0.2625
0.00025,-0.69,redshift,3.92901499095237,0.1520686058760029,25.83712113568068,-0.9912476589930516,172.41392708609487,2,0.3569821498141008,central,central,central,,9,3.92901499095237e-10,0.0025,0.2625
0.00025,-0.69,timing,5.230302514694301,0.770289062332315,6.790051644843252,-0.8315404121201062,146.25730225885917,2,16.231590581692657,central,central,central,,17,5.230302514694302e-10,0.0025,0.2625
0.00025,-0.69,all_shooting,12.169163630225452,0.9802943884077208,12.413784852927357,-0.9580973774659549,163.35489551999163,2,142.30969725124206,central,central,central,,71,1.2169163630225451e-09,0.0025,0.2625
0.00025,-0.69,ringdown_only,2.272479298785752,0.0901233124242546,25.215221651952582,-0.7436698550723102,138.04497642374795,2,0.04194441701364194,central,central,central,,4,2.2724792987857518e-10,0.0025,0.2625
0.00025,-0.69,ringdown_plus_photon_geometry,8.287086868010636,0.7506447624122004,11.039958290496886,-0.9479919010119332,161.44018835674922,2,38.696590346330304,central,central,central,,31,8.287086868010636e-10,0.0025,0.2625
0.00025,-0.69,ringdown_plus_all_shooting,12.367907397673957,1.1210136147966807,11.032789641825302,-0.945177556883364,160.94007611792125,2,192.22692739100867,central,central,central,,75,1.2367907397673958e-09,0.0025,0.2625
0.00025,-0.6666666666666666,orbital,5.101345595186582,0.03547660288177628,143.7946471985077,-0.9996685510997105,178.52477617482484,2,0.03275318555327326,central,central,central,,18,5.101345595186582e-10,0.0025,0.2625
0.00025,-0.6666666666666666,photon_geometry,6.171582551618695,0.35751729893018985,17.262332676170114,-0.9800416248888495,168.53364995118352,2,4.868410676074907,central,central,central,,27,6.171582551618695e-10,0.0025,0.2625
0.00025,-0.6666666666666666,redshift,2.9734113323925904,0.12252582830740705,24.26762890296526,-0.9902178361538265,171.97934637514803,2,0.13272883389861737,central,central,central,,9,2.97341133239259e-10,0.0025,0.2625
0.00025,-0.6666666666666666,timing,4.3347642052924895,0.5894166203576444,7.3543297823231635,-0.8354636581527245,146.6641483572512,2,6.527933367447899,central,central,central,,17,4.33476420529249e-10,0.0025,0.2625
0.00025,-0.6666666666666666,all_shooting,9.572752919761434,0.7729275623246094,12.385058298310662,-0.9568859379969817,163.11426640363638,2,54.7458606821329,central,central,central,,71,9.572752919761435e-10,0.0025,0.2625
0.00025,-0.6666666666666666,ringdown_only,2.1842998296719456,0.08104990782296868,26.950059393564644,-0.7696038348562902,140.31832688803905,2,0.03134220553911265,central,central,central,,4,2.1842998296719457e-10,0.0025,0.2625
0.00025,-0.6666666666666666,ringdown_plus_photon_geometry,6.525129949359144,0.6454949944949016,10.108722770910166,-0.9348586947971951,159.20532810344153,2,17.74042778726979,central,central,central,,31,6.525129949359144e-10,0.0025,0.2625
0.00025,-0.6666666666666666,ringdown_plus_all_shooting,9.80597194128365,0.9250214049539399,10.600805439493504,-0.9381960118351255,159.75077405883295,2,82.27821424773218,central,central,central,,75,9.80597194128365e-10,0.0025,0.2625
0.00025,-0.64,orbital,3.860872403637231,0.0335984201694385,114.912319810475,-0.9994979867863992,178.1844284254405,2,0.016827074283085056,central,central,central,,18,3.860872403637231e-10,0.0025,0.2625
0.00025,-0.64,photon_geometry,4.579264896150881,0.25569275290783344,17.909247892534186,-0.9814781777740301,168.95534635938156,2,1.3709713263182703,central,central,central,,27,4.579264896150881e-10,0.0025,0.2625
0.00025,-0.64,redshift,2.156378823785693,0.09812832823225145,21.975089789382192,-0.9883401859019044,171.24197196580118,2,0.04477534250594011,central,central,central,,9,2.156378823785693e-10,0.0025,0.2625
0.00025,-0.64,timing,3.5353830710701413,0.43991199684458276,8.036568896572199,-0.8426020274775534,147.41591596487504,2,2.4188256623878996,central,central,central,,17,3.5353830710701415e-10,0.0025,0.2625
0.00025,-0.64,all_shooting,7.275374153413261,0.6029063745816566,12.067170725241514,-0.9536308725709068,162.4836063036445,2,19.240236991892395,central,central,central,,71,7.275374153413262e-10,0.0025,0.2625
0.00025,-0.64,ringdown_only,2.0861958333287327,0.07193283914344101,29.001994890937883,-0.7971353809376167,142.8574155484945,2,0.02251980114475356,central,central,central,,4,2.0861958333287327e-10,0.0025,0.2625
0.00025,-0.64,ringdown_plus_photon_geometry,5.008168137374171,0.5573913070230351,8.9850129958471,-0.9117598579604531,155.74969510562178,2,7.792524640301883,central,central,central,,31,5.008168137374172e-10,0.0025,0.2625
0.00025,-0.64,ringdown_plus_all_shooting,7.554372020095375,0.7638166920213509,9.890294489511113,-0.9254642156365067,157.7384591509842,2,33.29469387894204,central,central,central,,75,7.554372020095376e-10,0.0025,0.2625
0.00025,-0.61,orbital,2.7884521087990133,0.03083733578095573,90.42454667958322,-0.9992186553055532,177.7349007000212,2,0.0073940107797345125,central,central,central,,18,2.788452108799013e-10,0.0025,0.2625
0.00025,-0.61,photon_geometry,3.2560991008739006,0.17677822508819654,18.419118640032718,-0.9826384852212575,169.30793030069162,2,0.33132390168709147,central,central,central,,27,3.2560991008739007e-10,0.0025,0.2625
0.00025,-0.61,redshift,1.495592760378378,0.07850846082783237,19.050083833106672,-0.9848904012096462,170.02730694599856,2,0.013786678067282681,central,central,central,,9,1.4955927603783782e-10,0.0025,0.2625
0.00025,-0.61,timing,2.840633610864873,0.32052013612537694,8.862574580193334,-0.8529363857838917,148.5324978822707,2,0.8289743250396939,central,central,central,,17,2.840633610864873e-10,0.0025,0.2625
0.00025,-0.61,all_shooting,5.3487083515893135,0.46482332311796043,11.506970682346648,-0.947642840720551,161.37745672554516,2,6.181212270717636,central,central,central,,71,5.348708351589314e-10,0.0025,0.2625
0.00025,-0.61,ringdown_only,1.979031729314041,0.06300333515329551,31.41153915897933,-0.8252511517207962,145.61396252359557,2,0.015546498678031576,central,central,central,,4,1.979031729314041e-10,0.0025,0.2625
0.00025,-0.61,ringdown_plus_photon_geometry,3.78501961075216,0.4770685984959512,7.933910600456934,-0.8729142447539896,150.79908013781136,2,3.2606030533396146,central,central,central,,31,3.78501961075216e-10,0.0025,0.2625
0.00025,-0.61,ringdown_plus_all_shooting,5.687767571682622,0.628154287148813,9.054730164303026,-0.9041238101453843,154.7055323496096,2,12.764868288325742,central,central,central,,75,5.687767571682623e-10,0.0025,0.2625
0.00025,-0.58,orbital,1.9918486969181235,0.02842273306573411,70.07942171892883,-0.9987433799369955,177.12733413406866,2,0.003205120518398886,central,central,central,,18,1.9918486969181237e-10,0.0025,0.2625
0.00025,-0.58,photon_geometry,2.3013942001382413,0.12489400595247839,18.426778631905773,-0.982875949035537,169.38151443446836,2,0.08261620088774727,central,central,central,,27,2.3013942001382412e-10,0.0025,0.2625
0.00025,-0.58,redshift,1.0323339311205046,0.06483790332718574,15.921766098930279,-0.9788854773850613,168.2050691505888,2,0.004480209569675255,central,central,central,,9,1.0323339311205047e-10,0.0025,0.2625
0.00025,-0.58,timing,2.3030180023129203,0.23674602844041334,9.727799944456375,-0.8639127540415638,149.75878690563178,2,0.2972761514353024,central,central,central,,17,2.3030180023129203e-10,0.0025,0.2625
0.00025,-0.58,all_shooting,3.946864437607381,0.3638706796137793,10.846887805845402,-0.9388871448818861,159.8654989652537,2,2.062521782350909,central,central,central,,71,3.946864437607381e-10,0.0025,0.2625
0.00025,-0.58,ringdown_only,1.8751553452058476,0.05528700754438524,33.91674515392147,-0.8500300763112926,148.21494079851806,2,0.010747827127887919,central,central,central,,4,1.8751553452058476e-10,0.0025,0.2625
0.00025,-0.58,ringdown_plus_photon_geometry,2.9442597325487143,0.4032525589531218,7.30127972452863,-0.8199167856858303,145.07646454847753,2,1.4096344427913148,central,central,central,,31,2.9442597325487147e-10,0.0025,0.2625
0.00025,-0.58,ringdown_plus_all_shooting,4.354165228082275,0.5202404720405062,8.369524214454538,-0.874513984893772,150.98750798825742,2,5.1311898157652065,central,central,central,,75,4.354165228082275e-10,0.0025,0.2625
0.00025,-0.55,orbital,1.4088897245952032,0.02639085767025472,53.385522448676255,-0.9978970053699777,176.28351100297212,2,0.0013824868606407096,central,central,central,,18,1.4088897245952033e-10,0.0025,0.2625
0.00025,-0.55,photon_geometry,1.616767852762349,0.0911353417735628,17.740295052378382,-0.9817583843205993,169.0394666924739,2,0.02171045791578991,central,central,central,,27,1.616767852762349e-10,0.0025,0.2625
0.00025,-0.55,redshift,0.709898910511626,0.05503445265575839,12.89917272280435,-0.9683195913857031,165.53940084509188,2,0.0015263787894440439,central,central,central,,9,7.098989105116261e-11,0.0025,0.2625
0.00025,-0.55,timing,1.8812513351997355,0.17651221178636275,10.657910385694233,-0.8753302485260109,151.08408455384324,2,0.11026638991862261,central,central,central,,17,1.8812513351997357e-10,0.0025,0.2625
0.00025,-0.55,all_shooting,2.93312510465479,0.2862449918400627,10.246904533769634,-0.927670279940425,158.07451833371533,2,0.7049153505291686,central,central,central,,71,2.9331251046547904e-10,0.0025,0.2625
0.00025,-0.55,ringdown_only,1.7745522621088796,0.04860051031885067,36.51303762998934,-0.8715154337689418,150.63522307221265,2,0.007438052637503382,central,central,central,,4,1.7745522621088796e-10,0.0025,0.2625
0.00025,-0.55,ringdown_plus_photon_geometry,2.3801152708749864,0.3296861813189101,7.219335858583249,-0.7587734561222003,139.35618748147786,2,0.6157401455732429,central,central,central,,31,2.3801152708749864e-10,0.0025,0.2625
0.00025,-0.55,ringdown_plus_all_shooting,3.413848081771744,0.42684668213783067,7.997832066243864,-0.8381454487626182,146.94479863925088,2,2.1234019005526346,central,central,central,,75,3.413848081771744e-10,0.0025,0.2625
0.00025,-0.525,orbital,1.0489080152208847,0.02436055630789388,43.057638009727754,-0.9968331079132068,175.43890683840746,2,0.0006529038233041136,central,central,central,,18,1.0489080152208848e-10,0.0025,0.2625
0.00025,-0.525,photon_geometry,1.1997384369086037,0.07237844571265466,16.575907718046526,-0.9793195646804705,168.3273685794921,2,0.007540352536524435,central,central,central,,27,1.1997384369086037e-10,0.0025,0.2625
0.00025,-0.525,redshift,0.5194346955229285,0.04881098128519947,10.641758920762205,-0.9535538263875779,162.4689453562619,2,0.0006428312590954364,central,central,central,,9,5.194346955229285e-11,0.0025,0.2625
0.00025,-0.525,timing,1.5972267251490684,0.139024772040963,11.488792261270193,-0.8850379365742643,152.25619014784652,2,0.049308015049336545,central,central,central,,17,1.5972267251490684e-10,0.0025,0.2625
0.00025,-0.525,all_shooting,2.3093951909369506,0.23401342515696433,9.868644029238602,-0.9170775379205842,156.50250944102922,2,0.2920640214178823,central,central,central,,71,2.3093951909369508e-10,0.0025,0.2625
0.00025,-0.525,ringdown_only,1.6932438259862475,0.04373026381505897,38.7201831927472,-0.8869183152257102,152.48852217778688,2,0.005482809999540223,central,central,central,,4,1.6932438259862474e-10,0.0025,0.2625
0.00025,-0.525,ringdown_plus_photon_geometry,2.059276888998054,0.2701418905909557,7.622945425062476,-0.7110124691694956,135.31735241879895,2,0.30946629885366245,central,central,central,,31,2.059276888998054e-10,0.0025,0.2625
0.00025,-0.525,ringdown_plus_all_shooting,2.8512606395124336,0.3568867983793119,7.9892578051654715,-0.8059200201226887,143.69920038867397,2,1.0354635227677542,central,central,central,,75,2.8512606395124337e-10,0.0025,0.2625
0.00025,-0.5,orbital,0.777232490367522,0.02276505383387255,34.14147385898394,-0.9950625566146198,174.3040318961163,2,0.00031306841695073344,central,central,central,,18,7.77232490367522e-11,0.0025,0.2625
0.00025,-0.5,photon_geometry,0.8879777444757729,0.05941083833118476,14.946393106351325,-0.9748626926274937,167.1260748608568,2,0.0027831430143514906,central,central,central,,27,8.87977744475773e-11,0.0025,0.2625
0.00025,-0.5,redshift,0.3816814030867442,0.04374981619865447,8.72418300807588,-0.9300572230010112,158.44373675740366,2,0.00027883960940813487,central,central,central,,9,3.816814030867442e-11,0.0025,0.2625
0.00025,-0.5,timing,1.3611635180019666,0.11014146740287567,12.358320168580105,-0.8946236152071116,153.46012521731046,2,0.022476170487138954,central,central,central,,17,1.3611635180019665e-10,0.0025,0.2625
0.00025,-0.5,all_shooting,1.836496500397431,0.19082799491498403,9.623831666918736,-0.9061152835434619,154.97391438726217,2,0.12281866836226586,central,central,central,,71,1.836496500397431e-10,0.0025,0.2625
0.00025,-0.5,ringdown_only,1.6142713930218522,0.03943666033632761,40.933268163552995,-0.9001405098158147,154.17654277524667,2,0.00405278309579728,central,central,central,,4,1.6142713930218522e-10,0.0025,0.2625
0.00025,-0.5,ringdown_plus_photon_geometry,1.8310844634675447,0.2158499259913291,8.483136860288296,-0.6758006961105394,132.51635976025966,2,0.15621421961379017,central,central,central,,31,1.8310844634675447e-10,0.0025,0.2625
0.00025,-0.5,ringdown_plus_all_shooting,2.435132420323144,0.29443538444559286,8.270515532324271,-0.7760317979984245,140.8986728109636,2,0.5140734417250239,central,central,central,,75,2.4351324203231445e-10,0.0025,0.2625
0.00025,-0.475,orbital,0.573858525441671,0.02099495070650246,27.33316850627033,-0.9923887066159702,172.92636398768192,2,0.0001451574715365769,central,central,central,,18,5.7385852544167104e-11,0.0025,0.2625
0.00025,-0.475,photon_geometry,0.6563497374671827,0.0496480118413757,13.2200608468312,-0.9680184385908033,165.47046350882871,2,0.0010618773452122285,central,central,central,,27,6.563497374671828e-11,0.0025,0.2625
0.00025,-0.475,redshift,0.2835183282421388,0.03893174991828469,7.282445018197898,-0.8948176627829828,153.48501875877054,2,0.00012183445608410756,central,central,central,,9,2.835183282421388e-11,0.0025,0.2625
0.00025,-0.475,timing,1.1634907717982113,0.08719186290060224,13.344029283152006,-0.9049385736087533,154.81501122832748,2,0.010291479172383338,central,central,central,,17,1.1634907717982112e-10,0.0025,0.2625
0.00025,-0.475,all_shooting,1.4773682261310364,0.1536520197241985,9.615026400452626,-0.8970144605725282,153.76836479849834,2,0.05152927776728538,central,central,central,,71,1.4773682261310365e-10,0.0025,0.2625
0.00025,-0.475,ringdown_only,1.5376762790518779,0.03562255634398761,43.16580382955609,-0.9115688479961551,155.72306303711505,2,0.003000405781798446,central,central,central,,4,1.5376762790518779e-10,0.0025,0.2625
0.00025,-0.475,ringdown_plus_photon_geometry,1.6645283992928985,0.1682926515917108,9.890677837385054,-0.6616351913604297,131.4247013273996,2,0.07847163921924633,central,central,central,,31,1.6645283992928985e-10,0.0025,0.2625
0.00025,-0.475,ringdown_plus_all_shooting,2.1248365287032733,0.2387736390693551,8.898957761774051,-0.7538641775315144,138.92622284134248,2,0.2574090456811568,central,central,central,,75,2.1248365287032735e-10,0.0025,0.2625
0.00025,-0.45,orbital,0.4296908781113073,0.022710219993912758,18.920595142912816,-0.9872844138381662,170.8532440464565,2,9.522587037015808e-05,central,one_sided_backward,one_sided,,18,4.296908781113073e-11,0.0025,0.2625
0.00025,-0.45,photon_geometry,0.4927603759571426,0.05071892659843808,9.715512709062684,-0.9522524466282933,162.22307818846693,2,0.000624613926578949,central,one_sided_backward,one_sided,,27,4.9276037595714265e-11,0.0025,0.2625
0.00025,-0.45,redshift,0.21750115039187218,0.04042390733692389,5.38050784104195,-0.8334737464193354,146.4572471183028,2,7.730359586353287e-05,central,one_sided_backward,one_sided,,9,2.1750115039187217e-11,0.0025,0.2625
0.00025,-0.45,timing,0.9985857522134336,0.0821099448970393,12.161568899669794,-0.8976484226504864,153.85066408671688,2,0.00672298669680995,central,one_sided_backward,one_sided,,17,9.985857522134336e-11,0.0025,0.2625
0.00025,-0.45,all_shooting,1.2089769722389667,0.14753397347627115,8.194566605592131,-0.8727120867426809,150.775347537989,2,0.031814136207755396,central,one_sided_backward,one_sided,,71,1.2089769722389667e-10,0.0025,0.2625
0.00025,-0.45,ringdown_only,1.4635470401669564,0.03462785390467529,42.26502295510017,-0.9127570199963086,155.889175799608,2,0.002568411019810839,central,one_sided_backward,one_sided,,4,1.4635470401669565e-10,0.0025,0.2625
0.00025,-0.45,ringdown_plus_photon_geometry,1.538101233286619,0.15099278406071526,10.186587676058332,-0.6355674781825629,129.4620859805754,2,0.05393643359958883,central,one_sided_backward,one_sided,,31,1.5381012332866192e-10,0.0025,0.2625
0.00025,-0.45,ringdown_plus_all_shooting,1.8912659431250156,0.22287609148749657,8.485728238065034,-0.7157874612248782,135.70777168616377,2,0.177677391755091,central,one_sided_backward,one_sided,,75,1.8912659431250158e-10,0.0025,0.2625
0.0005,-0.7125,orbital,7.6728342971562835,0.19863603609595648,38.627604778871614,-0.9980122647642269,176.38682611026803,2,2.322885048244323,central,one_sided_forward,one_sided,,18,7.672834297156284e-10,0.0025,0.2625
0.0005,-0.7125,photon_geometry,10.230305095894478,0.7826541240818443,13.071297756075793,-0.9847303136487292,169.97448085999983,2,64.10869369321338,central,one_sided_forward,one_sided,,27,1.0230305095894479e-09,0.0025,0.2625
0.0005,-0.7125,redshift,5.5529165421664795,0.18721295437695834,29.66096315635045,-0.9969002880954202,175.48756933404445,2,1.0807222335956936,central,one_sided_forward,one_sided,,9,5.552916542166479e-10,0.0025,0.2625
0.0005,-0.7125,timing,6.3137210336496885,1.4421156952684322,4.3780960531564475,-0.8553560389195588,148.79909071104692,2,82.903140982226,central,one_sided_forward,one_sided,,17,6.313721033649689e-10,0.0025,0.2625
0.0005,-0.7125,all_shooting,15.299113537092536,1.7127051767526111,8.9327186866455,-0.9658217351813971,164.97697421296004,2,686.5904462688962,central,one_sided_forward,one_sided,,71,1.5299113537092536e-09,0.0025,0.2625
0.0005,-0.7125,ringdown_only,2.3666361598249193,0.1852672580541533,12.774173832340928,-0.7436598728360593,138.04412093382396,2,0.19224734009370273,central,one_sided_forward,one_sided,,4,2.3666361598249195e-10,0.0025,0.2625
0.0005,-0.7125,ringdown_plus_photon_geometry,10.454300832307405,1.2706591244473338,8.227462921540383,-0.960383756043764,163.81850783910753,2,176.46074367881224,central,one_sided_forward,one_sided,,31,1.0454300832307405e-09,0.0025,0.2625
0.0005,-0.7125,ringdown_plus_all_shooting,15.452398572436033,1.9633907078821216,7.870261639928148,-0.9553731715790319,162.81837960762192,2,920.4607322390448,central,one_sided_forward,one_sided,,75,1.5452398572436033e-09,0.0025,0.2625
0.0005,-0.69,orbital,6.515447066277575,0.07687273975077184,84.75627494741602,-0.9996282873516378,178.4377348191573,2,0.2508610067445604,central,central,central,,18,6.515447066277575e-10,0.0025,0.2625
0.0005,-0.69,photon_geometry,8.36868686295375,0.8608475126767756,9.721450941911428,-0.9750754690188668,167.1809061547881,2,51.8999684257813,central,central,central,,27,8.36868686295375e-10,0.0025,0.2625
0.0005,-0.69,redshift,4.4127306949003735,0.2658586345413129,16.598034148914056,-0.9913512723761737,172.4590294344668,2,1.376310385486408,central,central,central,,9,4.4127306949003736e-10,0.0025,0.2625
0.0005,-0.69,timing,5.335214002327657,1.450362598133157,3.678538049171228,-0.8074744582660841,143.8499079988849,2,59.876564175009584,central,central,central,,17,5.335214002327657e-10,0.0025,0.2625
0.0005,-0.69,all_shooting,12.655217172068253,1.7858750195911846,7.086283773074577,-0.9509535460622066,161.98091775580787,2,510.78875732720275,central,central,central,,71,1.2655217172068253e-09,0.0025,0.2625
0.0005,-0.69,ringdown_only,2.279168619210472,0.17971760412641305,12.681944155049546,-0.7436698550721575,138.04497642373485,2,0.1677776680548727,central,central,central,,4,2.2791686192104722e-10,0.0025,0.2625
0.0005,-0.69,ringdown_plus_photon_geometry,8.611609322454663,1.357597561759412,6.3432710583939445,-0.9396755164601756,159.9971348519143,2,136.68181497756686,central,central,central,,31,8.611609322454664e-10,0.0025,0.2625
0.0005,-0.69,ringdown_plus_all_shooting,12.821029667267684,2.0474319380335095,6.262005309725635,-0.9362202019713307,159.42617966343772,2,689.0722450444997,central,central,central,,75,1.2821029667267685e-09,0.0025,0.2625
0.0005,-0.6666666666666666,orbital,5.2968225057285245,0.0707530793472016,74.86349081339345,-0.9995306789506773,178.24454527312935,2,0.14044993179773888,central,central,central,,18,5.296822505728524e-10,0.0025,0.2625
0.0005,-0.6666666666666666,photon_geometry,6.55403907796111,0.6405631148626636,10.231683538891078,-0.9772013200781073,167.74195917865353,2,17.625518741623537,central,central,central,,27,6.55403907796111e-10,0.0025,0.2625
0.0005,-0.6666666666666666,redshift,3.348266251758801,0.21582229966608305,15.513995805526989,-0.9901582013819658,171.95489533796223,2,0.5221948718302699,central,central,central,,9,3.3482662517588014e-10,0.0025,0.2625
0.0005,-0.6666666666666666,timing,4.450884868423733,1.1145925253645435,3.9932843322881673,-0.8174840352058855,144.83372333871736,2,24.61075706752354,central,central,central,,17,4.450884868423733e-10,0.0025,0.2625
0.0005,-0.6666666666666666,all_shooting,10.087494688480064,1.4070158748719441,7.16942492876859,-0.9511035208252251,162.0087172936833,2,201.44877602634295,central,central,central,,71,1.0087494688480064e-09,0.0025,0.2625
0.0005,-0.6666666666666666,ringdown_only,2.190901705893713,0.161611357895501,13.556607248547254,-0.769603834856192,140.3183268880302,2,0.12536882215629325,central,central,central,,4,2.190901705893713e-10,0.0025,0.2625
0.0005,-0.6666666666666666,ringdown_plus_photon_geometry,6.842699821194667,1.1702038337294693,5.847442662520433,-0.9267279885453692,157.93038032784898,2,64.11771109605215,central,central,central,,31,6.842699821194667e-10,0.0025,0.2625
0.0005,-0.6666666666666666,ringdown_plus_all_shooting,10.281554040187563,1.6890997000907826,6.087002466245758,-0.9305425863086407,158.51955280432455,2,301.5977482072441,central,central,central,,75,1.0281554040187564e-09,0.0025,0.2625
0.0005,-0.64,orbital,4.105115966344969,0.06463108297013165,63.516125333101584,-0.999360463623183,177.9507572624382,2,0.07039368921173378,central,central,central,,18,4.1051159663449693e-10,0.0025,0.2625
0.0005,-0.64,photon_geometry,4.938322321195059,0.4575194619265449,10.793687989578705,-0.9794032160359125,168.35108193818203,2,5.104791528056564,central,central,central,,27,4.938322321195059e-10,0.0025,0.2625
0.0005,-0.64,redshift,2.438100723211101,0.17323834751308384,14.073678017662708,-0.9881678098391621,171.1773438445897,2,0.17839856284977373,central,central,central,,9,2.438100723211101e-10,0.0025,0.2625
0.0005,-0.64,timing,3.6539739128000654,0.8353232606790345,4.374323192951372,-0.8304889659470923,146.14899943441398,2,9.316226419800413,central,central,central,,17,3.653973912800066e-10,0.0025,0.2625
0.0005,-0.64,all_shooting,7.763699758837436,1.0959510488772666,7.08398405822127,-0.9491275076561457,161.645705698221,2,72.39686775711483,central,central,central,,71,7.763699758837437e-10,0.0025,0.2625
0.0005,-0.64,ringdown_only,2.0927221439119794,0.143417022405043,14.591867191341107,-0.7971353809380058,142.85741554853143,2,0.09007920457892352,central,central,central,,4,2.0927221439119795e-10,0.0025,0.2625
0.0005,-0.64,ringdown_plus_photon_geometry,5.2885122699364295,1.0139249433374382,5.2158814167533425,-0.9042545192901495,154.72306575490722,2,28.75270092084926,central,central,central,,31,5.28851226993643e-10,0.0025,0.2625
0.0005,-0.64,ringdown_plus_all_shooting,7.995436162862265,1.396136678995664,5.7268291014415045,-0.9191235069065012,156.79827913741926,2,124.60635556278541,central,central,central,,75,7.995436162862265e-10,0.0025,0.2625
0.0005,-0.61,orbital,3.0238766977143094,0.05772501219949556,52.38416732185176,-0.9990796708858365,177.54165673683215,2,0.030468861266549234,central,central,central,,18,3.0238766977143096e-10,0.0025,0.2625
0.0005,-0.61,photon_geometry,3.562654782142931,0.3145932916359699,11.324636846565184,-0.9813072998925523,168.9043565825995,2,1.2561641603576514,central,central,central,,27,3.562654782142931e-10,0.0025,0.2625
0.0005,-0.61,redshift,1.6984062300769227,0.13820315664549576,12.289199981397648,-0.9846879713610235,169.9605546577177,2,0.05509587363237875,central,central,central,,9,1.6984062300769227e-10,0.0025,0.2625
0.0005,-0.61,timing,2.949466506221544,0.6108574070781799,4.828404259398724,-0.8457717696641408,147.75471913136886,2,3.246135365899603,central,central,central,,17,2.949466506221544e-10,0.0025,0.2625
0.0005,-0.61,all_shooting,5.7621298971417785,0.8442054384579871,6.82550672460343,-0.9443320805884509,160.79228526363715,2,23.66259552047437,central,central,central,,71,5.762129897141779e-10,0.0025,0.2625
0.0005,-0.61,ringdown_only,1.9854917002248482,0.12559669658352485,15.808470718053067,-0.8252511517204056,145.61396252355593,2,0.06218599471227105,central,central,central,,4,1.9854917002248484e-10,0.0025,0.2625
0.0005,-0.61,ringdown_plus_photon_geometry,3.997722415633418,0.8761537223939744,4.562809371750621,-0.8664766440063052,150.05174880458233,2,12.268342490013653,central,central,central,,31,3.997722415633418e-10,0.0025,0.2625
0.0005,-0.61,ringdown_plus_all_shooting,6.044990511999451,1.1536313560007965,5.239967239582622,-0.8991418818404432,154.04549968311906,2,48.632360603634574,central,central,central,,75,6.044990511999451e-10,0.0025,0.2625
0.0005,-0.58,orbital,2.191363512083224,0.05187174404565507,42.24580361428544,-0.9986124405400723,176.98134374083588,2,0.012920834164689483,central,central,central,,18,2.1913635120832244e-10,0.0025,0.2625
0.0005,-0.58,photon_geometry,2.5469646253753,0.22104159823147465,11.522557951775756,-0.9820413327773043,169.12506228858743,2,0.3169522582134914,central,central,central,,27,2.5469646253753003e-10,0.0025,0.2625
0.0005,-0.58,redshift,1.1765006906679432,0.11370494053215574,10.346961927615,-0.9786877242801102,168.1497669386593,2,0.017895467308982012,central,central,central,,9,1.1765006906679433e-10,0.0025,0.2625
0.0005,-0.58,timing,2.3962869474867805,0.45291100930641853,5.290856036280549,-0.8597369729098578,149.28706304185175,2,1.1778863786101068,central,central,central,,17,2.396286947486781e-10,0.0025,0.2625
0.0005,-0.58,all_shooting,4.271592174460241,0.6622351634895237,6.450264815223476,-0.9364357002893392,159.46134403008142,2,8.002101191301895,central,central,central,,71,4.271592174460241e-10,0.0025,0.2625
0.0005,-0.58,ringdown_only,1.8815543710501903,0.110197961124687,17.07431200946854,-0.8500300763106302,148.21494079844604,2,0.042991308511714975,central,central,central,,4,1.8815543710501903e-10,0.0025,0.2625
0.0005,-0.58,ringdown_plus_photon_geometry,3.0857624953218252,0.7525612635401862,4.100347233932601,-0.8149066421117859,144.5781319191961,2,5.392730448294476,central,central,central,,31,3.0857624953218255e-10,0.0025,0.2625
0.0005,-0.58,ringdown_plus_all_shooting,4.61590973616692,0.9647916179598135,4.78435928571592,-0.8707221771260206,150.5426698837374,2,19.832691601180176,central,central,central,,75,4.6159097361669196e-10,0.0025,0.2625
0.0005,-0.55,orbital,1.5662720834295487,0.04688332891218739,33.40786842084488,-0.9978165222401049,176.21303692135587,2,0.005392265857554394,central,central,central,,18,1.5662720834295487e-10,0.0025,0.2625
0.0005,-0.55,photon_geometry,1.8044990283284734,0.1607346693511172,11.22657007111908,-0.9812070663423859,168.8745543861685,2,0.08412642377964535,central,central,central,,27,1.8044990283284736e-10,0.0025,0.2625
0.0005,-0.55,redshift,0.8103563610676826,0.0963362072070546,8.411752803657617,-0.9681168285952642,165.4929508536099,2,0.006094403139904349,central,central,central,,9,8.103563610676826e-11,0.0025,0.2625
0.0005,-0.55,timing,1.9580709128267875,0.33877960561969,5.77977800418392,-0.8729059788919145,150.79810941145632,2,0.440039181556204,central,central,central,,17,1.9580709128267877e-10,0.0025,0.2625
0.0005,-0.55,all_shooting,3.1746138526121426,0.5235045056325585,6.064157649944595,-0.9258843499256245,157.80208743540763,2,2.76199356051224,central,central,central,,71,3.1746138526121425e-10,0.0025,0.2625
0.0005,-0.55,ringdown_only,1.7808861633781796,0.09685531540368661,18.387077218793443,-0.8715154337683834,150.63522307214737,2,0.02975221055005846,central,central,central,,4,1.7808861633781796e-10,0.0025,0.2625
0.0005,-0.55,ringdown_plus_photon_geometry,2.463676824376407,0.6271246775834926,3.928527950565945,-0.7554589591911358,139.0654887835774,2,2.3871255316035316,central,central,central,,31,2.4636768243764073e-10,0.0025,0.2625
0.0005,-0.55,ringdown_plus_all_shooting,3.590192730461467,0.8022983969757993,4.474884586575787,-0.8354854921990335,146.66642484943094,2,8.296737990236876,central,central,central,,75,3.590192730461467e-10,0.0025,0.2625
0.0005,-0.525,orbital,1.1736955288618307,0.04336762988889903,27.063861499202332,-0.9967102730428176,175.35124468287665,2,0.0025908500378843164,central,central,central,,18,1.1736955288618307e-10,0.0025,0.2625
0.0005,-0.525,photon_geometry,1.3460861026784148,0.12746483500033262,10.560450673904706,-0.978892536052209,168.20704785209966,2,0.02943923072484873,central,central,central,,27,1.3460861026784147e-10,0.0025,0.2625
0.0005,-0.525,redshift,0.5924099750136478,0.08553260424251263,6.926130453528267,-0.9533138995773355,162.42336609252254,2,0.0025674861873937883,central,central,central,,9,5.924099750136477e-11,0.0025,0.2625
0.0005,-0.525,timing,1.6617168836010532,0.2673764016389575,6.214897326073284,-0.8835087865393302,152.06856701229802,2,0.19740593856498662,central,central,central,,17,1.6617168836010532e-10,0.0025,0.2625
0.0005,-0.525,all_shooting,2.492655749207719,0.43053790541848075,5.7896313375354715,-0.9157222991288063,156.30851222207076,2,1.1517212904350895,central,central,central,,71,2.492655749207719e-10,0.0025,0.2625
0.0005,-0.525,ringdown_only,1.6995138505418312,0.08713785908816239,19.50373658850552,-0.8869183152260839,152.48852217783323,2,0.021931239998071294,central,central,central,,4,1.6995138505418313e-10,0.0025,0.2625
0.0005,-0.525,ringdown_plus_photon_geometry,2.110066900160445,0.5212994259568157,4.047706164816001,-0.7090822416856049,135.16029296869672,2,1.2099486608696375,central,central,central,,31,2.110066900160445e-10,0.0025,0.2625
0.0005,-0.525,ringdown_plus_all_shooting,2.9721143254063995,0.6790967114075034,4.376570045886929,-0.8041132684340516,143.5247054554363,2,4.073749092212051,central,central,central,,75,2.9721143254064e-10,0.0025,0.2625
0.0005,-0.5,orbital,0.8743758259800385,0.040249868504006386,21.723693976615227,-0.9949495812008912,174.23918038143202,2,0.0012385832882158573,central,central,central,,18,8.743758259800385e-11,0.0025,0.2625
0.0005,-0.5,photon_geometry,1.0003798957529222,0.1045125553306189,9.571863328652555,-0.9745044196519264,167.0342650118983,2,0.010931174905186454,central,central,central,,27,1.0003798957529222e-10,0.0025,0.2625
0.0005,-0.5,redshift,0.43362020181443517,0.07699775771346996,5.631595187850228,-0.9297134768564693,158.3901952434992,2,0.001114744069612701,central,central,central,,9,4.336202018144352e-11,0.0025,0.2625
0.0005,-0.5,timing,1.4151541076147918,0.21213185648776398,6.671106033036672,-0.8936629414506512,153.33720197547294,2,0.09011960054652784,central,central,central,,17,1.4151541076147917e-10,0.0025,0.2625
0.0005,-0.5,all_shooting,1.9734560522512303,0.3534449940297275,5.583488479356556,-0.905136484680997,154.84167152699476,2,0.4865176369018127,central,central,central,,71,1.9734560522512303e-10,0.0025,0.2625
0.0005,-0.5,ringdown_only,1.620464805205469,0.07857186705029921,20.623982425772052,-0.9001405098160818,154.17654277528183,2,0.01621113238313478,central,central,central,,4,1.6204648052054691e-10,0.0025,0.2625
0.0005,-0.5,ringdown_plus_photon_geometry,1.861850242278378,0.4210418133364858,4.422007941502083,-0.6750181517620195,132.45555980872345,2,0.614525552724225,central,central,central,,31,1.861850242278378e-10,0.0025,0.2625
0.0005,-0.5,ringdown_plus_all_shooting,2.5160413520538527,0.5666284425689149,4.440372496387428,-0.7749720363807018,140.80249736487147,2,2.032508125729578,central,central,central,,75,2.516041352053853e-10,0.0025,0.2625
0.0005,-0.475,orbital,0.6478661250656443,0.03713085051797205,17.448189740551854,-0.9922268470915422,172.85145003124617,2,0.0005786824876823847,central,central,central,,18,6.478661250656444e-11,0.0025,0.2625
0.0005,-0.475,photon_geometry,0.7410029667697958,0.08736191847263801,8.48199054834035,-0.9677002045215669,165.39796216158734,2,0.004190677291806055,central,central,central,,27,7.410029667697959e-11,0.0025,0.2625
0.0005,-0.475,redshift,0.31901009719462103,0.06920601118082376,4.609572084151778,-0.8943379408331772,153.42351661728782,2,0.0004874123128346003,central,central,central,,9,3.1901009719462105e-11,0.0025,0.2625
0.0005,-0.475,timing,1.2087688407169077,0.16808725692888138,7.191317550195636,-0.9043640723299702,154.73777002472642,2,0.041281559222850935,central,central,central,,17,1.2087688407169077e-10,0.0025,0.2625
0.0005,-0.475,all_shooting,1.5784689522295008,0.2866964157463022,5.5057156822856435,-0.896359540132753,153.68359593024553,2,0.20479371054198497,central,central,central,,71,1.578468952229501e-10,0.0025,0.2625
0.0005,-0.475,ringdown_only,1.543781614634727,0.07096335306757949,21.75463176274323,-0.9115688479964213,155.72306303715214,2,0.012001623127168492,central,central,central,,4,1.543781614634727e-10,0.0025,0.2625
0.0005,-0.475,ringdown_plus_photon_geometry,1.6839394933216085,0.3307004015047756,5.092039458250524,-0.661632204906083,131.4244731265197,2,0.31011474026635405,central,central,central,,31,1.6839394933216086e-10,0.0025,0.2625
0.0005,-0.475,ringdown_plus_all_shooting,2.1787331174778557,0.4638734115276454,4.696826900043203,-0.7533784651892844,138.88388464514912,2,1.0214262861194028,central,central,central,,75,2.1787331174778557e-10,0.0025,0.2625
0.0005,-0.45,orbital,0.5011303855253411,0.03895492848826026,12.864364150388965,-0.9870348797635211,170.7637379267621,2,0.0003810888971041828,central,one_sided_backward,one_sided,,18,5.0113038552534106e-11,0.0025,0.2625
0.0005,-0.45,photon_geometry,0.5735013934329796,0.08661286892984421,6.6214339799494635,-0.9519952544364206,162.1748759167306,2,0.0024673672921411397,central,one_sided_backward,one_sided,,27,5.735013934329796e-11,0.0025,0.2625
0.0005,-0.45,redshift,0.24784273639758872,0.07100267939824649,3.490611037471771,-0.8326426916639336,146.37117114551873,2,0.000309671948305733,central,one_sided_backward,one_sided,,9,2.478427363975887e-11,0.0025,0.2625
0.0005,-0.45,timing,1.0422024650023842,0.15758784809165113,6.613469741627871,-0.8971690340225236,153.7884089784337,2,0.026974266400672076,central,one_sided_backward,one_sided,,17,1.0422024650023842e-10,0.0025,0.2625
0.0005,-0.45,all_shooting,1.300655735689498,0.2735630726032274,4.754500391125354,-0.872247782734091,150.7209063756789,2,0.1266017377491228,central,one_sided_backward,one_sided,,71,1.300655735689498e-10,0.0025,0.2625
0.0005,-0.45,ringdown_only,1.4697040822378649,0.06896557436578646,21.310691540720047,-0.9127570199960583,155.88917579957288,2,0.010273644079290543,central,one_sided_backward,one_sided,,4,1.469704082237865e-10,0.0025,0.2625
0.0005,-0.45,ringdown_plus_photon_geometry,1.5532760896117677,0.2975321269517832,5.220532335533248,-0.6360669358215272,129.49916209535925,2,0.21358219610725535,central,one_sided_backward,one_sided,,31,1.5532760896117677e-10,0.0025,0.2625
0.0005,-0.45,ringdown_plus_all_shooting,1.9345936875941934,0.4343681631853963,4.453810963969,-0.7156736699326585,135.6984360904297,2,0.7061476292868972,central,one_sided_backward,one_sided,,75,1.9345936875941934e-10,0.0025,0.2625
0.00075,-0.7125,orbital,7.851610812947928,0.5676581257514457,13.831583583083997,-0.988930189407312,171.46685411279728,2,19.865122466485616,central,one_sided_forward,one_sided,,18,7.851610812947928e-10,0.0025,0.2625
0.00075,-0.7125,photon_geometry,11.001240032306564,1.1071711496413892,9.936349981545172,-0.979719656955052,168.44122012634463,2,148.35862584917166,central,one_sided_forward,one_sided,,27,1.1001240032306564e-09,0.0025,0.2625
0.00075,-0.7125,redshift,6.342000784851325,0.17012583237275772,37.278293933372524,-0.9985245176558557,176.88715101057215,2,1.1641075583510168,central,one_sided_forward,one_sided,,9,6.342000784851325e-10,0.0025,0.2625
0.00075,-0.7125,timing,6.826816523711981,1.9792677915755765,3.4491626412399516,-0.8385075758876575,146.9828572582084,2,182.57679410139679,central,one_sided_forward,one_sided,,17,6.826816523711982e-10,0.0025,0.2625
0.00075,-0.7125,all_shooting,16.40879860154904,2.3973544493145384,6.844544245946073,-0.9570730836196618,163.1512212794738,2,1547.4551397246416,central,one_sided_forward,one_sided,,71,1.640879860154904e-09,0.0025,0.2625
0.00075,-0.7125,ringdown_only,2.3781382263626316,0.27655679595189137,8.599095235310443,-0.7436598728363636,138.04412093385002,2,0.43255651521043975,central,one_sided_forward,one_sided,,4,2.3781382263626317e-10,0.0025,0.2625
0.00075,-0.7125,ringdown_plus_photon_geometry,11.178764899889847,1.7379155908984503,6.432282993738931,-0.951798773063953,162.13813671046086,2,377.4374625442302,central,one_sided_forward,one_sided,,31,1.1178764899889848e-09,0.0025,0.2625
0.00075,-0.7125,ringdown_plus_all_shooting,16.532104898548138,2.723511081365559,6.070144164884028,-0.945412202449031,160.98128857598923,2,2027.2840237364621,central,one_sided_forward,one_sided,,75,1.653210489854814e-09,0.0025,0.2625
0.00075,-0.69,orbital,6.780914886660535,0.13322203218550227,50.89935032081323,-0.9992117089664202,177.72485302760523,2,0.8160724087486922,central,central,central,,18,6.780914886660536e-10,0.0025,0.2625
0.00075,-0.69,photon_geometry,9.144605784527839,1.0980802906387706,8.327811602199214,-0.9715695084211986,166.30493322962212,2,100.83195074750077,central,central,central,,27,9.144605784527839e-10,0.0025,0.2625
0.00075,-0.69,redshift,5.1453229214936815,0.33332129529362714,15.43652624102849,-0.9916405534682626,172.5863958079767,2,2.941381756162719,central,central,central,,9,5.145322921493682e-10,0.0025,0.2625
0.00075,-0.69,timing,5.7168893565179655,1.9715751924466094,2.899655756686429,-0.7825180632894331,141.49170861033195,2,127.0416904692956,central,central,central,,17,5.716889356517965e-10,0.0025,0.2625
0.00075,-0.69,all_shooting,13.72812503421445,2.3499184753011515,5.841957999183412,-0.9428624498406338,160.5379616500747,2,1040.7059643634566,central,central,central,,71,1.3728125034214452e-09,0.0025,0.2625
0.00075,-0.69,ringdown_only,2.2904121239120494,0.26825307072573384,8.538251277853227,-0.7436698550719167,138.04497642371422,2,0.377499753123391,central,central,central,,4,2.2904121239120496e-10,0.0025,0.2625
0.00075,-0.69,ringdown_plus_photon_geometry,9.328367039584418,1.7689293545027307,5.273453694371387,-0.930417599625295,158.50000494684852,2,272.29033692857143,central,central,central,,31,9.328367039584418e-10,0.0025,0.2625
0.00075,-0.69,ringdown_plus_all_shooting,13.856066769031182,2.7038666563005727,5.124537756602627,-0.9261146451644799,157.83703865229577,2,1403.6229973364834,central,central,central,,75,1.3856066769031183e-09,0.0025,0.2625
0.00075,-0.6666666666666666,orbital,5.638111204218031,0.11040237647917706,51.0687485543523,-0.9992198961598727,177.73670025205578,2,0.38745754190118215,central,central,central,,18,5.638111204218031e-10,0.0025,0.2625
0.00075,-0.6666666666666666,photon_geometry,7.198340899899171,0.8285915126321498,8.687442231978121,-0.9738378963903063,166.86514226058003,2,35.575071470119,central,central,central,,27,7.198340899899172e-10,0.0025,0.2625
0.00075,-0.6666666666666666,redshift,3.900264733166368,0.27481316926349686,14.192422960002725,-0.9901190282551207,171.9388739380797,2,1.148849801046668,central,central,central,,9,3.900264733166368e-10,0.0025,0.2625
0.00075,-0.6666666666666666,timing,4.724893830764926,1.531842761279026,3.0844509307338,-0.7967519336741828,142.82104475211545,2,52.38566795717007,central,central,central,,17,4.724893830764926e-10,0.0025,0.2625
0.00075,-0.6666666666666666,all_shooting,10.991726267889414,1.8557659113378335,5.923013350302036,-0.9441056618071614,160.75289226200837,2,416.08129704136684,central,central,central,,71,1.0991726267889415e-09,0.0025,0.2625
0.00075,-0.6666666666666666,ringdown_only,2.201979816850573,0.2411974421802681,9.129366368673345,-0.7696038348567884,140.31832688808376,2,0.282079849850974,central,central,central,,4,2.2019798168505733e-10,0.0025,0.2625
0.00075,-0.6666666666666666,ringdown_plus_photon_geometry,7.419740675756052,1.5352573824704168,4.832896920395707,-0.9170742180171767,156.50203236456906,2,129.75970282025025,central,central,central,,31,7.419740675756052e-10,0.0025,0.2625
0.00075,-0.6666666666666666,ringdown_plus_all_shooting,11.14317929607575,2.2357012236285163,4.984198773211075,-0.9213832841545632,157.12915379806768,2,620.6485797917757,central,central,central,,75,1.1143179296075752e-09,0.0025,0.2625
0.00075,-0.64,orbital,4.482363602093021,0.0941391221907215,47.61424897304609,-0.9991069306743064,177.57834348560252,2,0.17805511513688618,central,central,central,,18,4.4823636020930214e-10,0.0025,0.2625
0.00075,-0.64,photon_geometry,5.493485008171094,0.5935703820844694,9.254985043019431,-0.976896401553911,167.65994329013407,2,10.632620962088382,central,central,central,,27,5.493485008171094e-10,0.0025,0.2625
0.00075,-0.64,redshift,2.8489406770225636,0.22191427294978905,12.838023616746693,-0.9879383244289813,171.0920258768216,2,0.3997028858233659,central,central,central,,9,2.8489406770225637e-10,0.0025,0.2625
0.00075,-0.64,timing,3.885420572281702,1.1548536428759455,3.364426822610867,-0.817081235913727,144.79367262647608,2,20.13399553187264,central,central,central,,17,3.885420572281702e-10,0.0025,0.2625
0.00075,-0.64,all_shooting,8.552352970238402,1.443709294610355,5.923874703976753,-0.9438534983643505,160.709111229616,2,152.45116174944823,central,central,central,,71,8.552352970238402e-10,0.0025,0.2625
0.00075,-0.64,ringdown_only,2.1036556124260795,0.2140074474368185,9.829824324441525,-0.7971353809379345,142.85741554852467,2,0.20267821030258826,central,central,central,,4,2.1036556124260795e-10,0.0025,0.2625
0.00075,-0.64,ringdown_plus_photon_geometry,5.7632998196055265,1.336504637505434,4.3122183476763984,-0.8955126531647818,153.57435458301708,2,59.331231984037636,central,central,central,,31,5.763299819605527e-10,0.0025,0.2625
0.00075,-0.64,ringdown_plus_all_shooting,8.733605115952683,1.8499582851365128,4.720974081482172,-0.9117764930426364,155.75201579673848,2,261.04235244074073,central,central,central,,75,8.733605115952683e-10,0.0025,0.2625
0.00075,-0.61,orbital,3.3754805947787463,0.07927073962403747,42.58167150688715,-0.9988887600728764,177.2986442956849,2,0.07159736708896366,central,central,central,,18,3.3754805947787463e-10,0.0025,0.2625
0.00075,-0.61,photon_geometry,4.0212904826856635,0.40631335533549207,9.897017732447638,-0.9797645539740669,168.45406526339542,2,2.6696423753246146,central,central,central,,27,4.0212904826856637e-10,0.0025,0.2625
0.00075,-0.61,redshift,1.9933490798136997,0.17659147792407356,11.287912096589116,-0.9844218185967766,169.8734521553667,2,0.12390995592769016,central,central,central,,9,1.9933490798136997e-10,0.0025,0.2625
0.00075,-0.61,timing,3.1443653662570252,0.8497744833114422,3.700235095320714,-0.8379760113864165,146.9270045466071,2,7.1395917726013876,central,central,central,,17,3.1443653662570254e-10,0.0025,0.2625
0.00075,-0.61,all_shooting,6.412067632618413,1.1113886775342994,5.769419611907577,-0.9406019493796343,160.15289288433,2,50.78414266063963,central,central,central,,71,6.412067632618413e-10,0.0025,0.2625
0.00075,-0.61,ringdown_only,1.996297073471365,0.18737531749861389,10.654002352717201,-0.8252511517205469,145.61396252357025,2,0.13991848810252017,central,central,central,,4,1.996297073471365e-10,0.0025,0.2625
0.00075,-0.61,ringdown_plus_photon_geometry,4.358330707725835,1.1666758959172592,3.735682483008056,-0.859352192442255,149.24392472430384,2,25.854777984427642,central,central,central,,31,4.358330707725835e-10,0.0025,0.2625
0.00075,-0.61,ringdown_plus_all_shooting,6.6340021088046495,1.5362693947864927,4.318254422901283,-0.8936017770881632,153.329393459667,2,103.86900417420344,central,central,central,,75,6.63400210880465e-10,0.0025,0.2625
0.00075,-0.58,orbital,2.4857440958937698,0.0688727644452442,36.09182985343948,-0.9984589653393026,176.81873665597084,2,0.029309463142019845,central,central,central,,18,2.48574409589377e-10,0.0025,0.2625
0.00075,-0.58,photon_geometry,2.9096205986450876,0.28392227364933526,10.247947655697775,-0.9811204128072188,168.84885328835233,2,0.6824512815579854,central,central,central,,27,2.9096205986450877e-10,0.0025,0.2625
0.00075,-0.58,redshift,1.3862685910295378,0.14464170073109284,9.584155772661896,-0.9784417082250575,168.08132093294455,2,0.040205161067300925,central,central,central,,9,1.386268591029538e-10,0.0025,0.2625
0.00075,-0.58,timing,2.5565421828167927,0.6336227225435589,4.034801928431538,-0.8552031226361505,148.78218214444146,2,2.6240216405211974,central,central,central,,17,2.556542182816793e-10,0.0025,0.2625
0.00075,-0.58,all_shooting,4.779869341264552,0.8735374342504242,5.471854042942215,-0.9337636900471624,159.02931967537845,2,17.433921739378555,central,central,central,,71,4.779869341264552e-10,0.0025,0.2625
0.00075,-0.58,ringdown_only,1.8922435229200802,0.16436319077605893,11.51257476802223,-0.8500300763106449,148.2149407984476,2,0.09673044415136754,central,central,central,,4,1.8922435229200804e-10,0.0025,0.2625
0.00075,-0.58,ringdown_plus_photon_geometry,3.3335272961539184,1.0206372812345401,3.2661233892237975,-0.8096069921182819,144.0575512398992,2,11.575796600762326,central,central,central,,31,3.3335272961539183e-10,0.0025,0.2625
0.00075,-0.58,ringdown_plus_all_shooting,5.052934030620597,1.2983362658837656,3.891853107238833,-0.8666499270511421,150.0716426938026,2,43.03894658013422,central,central,central,,75,5.052934030620597e-10,0.0025,0.2625
0.00075,-0.55,orbital,1.7970202147271905,0.06120267301786661,29.361792975979903,-0.997677530145279,176.09431906433596,2,0.012096137242189098,central,central,central,,18,1.7970202147271907e-10,0.0025,0.2625
0.00075,-0.55,photon_geometry,2.080202533097169,0.20571354162853123,10.112132223427032,-0.980622108812171,168.70217870780175,2,0.18312051631331422,central,central,central,,27,2.080202533097169e-10,0.0025,0.2625
0.00075,-0.55,redshift,0.9572637079945806,0.1221979213163704,7.833715153928233,-0.9678806699353893,165.43903315409713,2,0.013683299246478146,central,central,central,,9,9.572637079945807e-11,0.0025,0.2625
0.00075,-0.55,timing,2.087364378456976,0.47608669948149096,4.384420696336062,-0.8703421495459271,150.49842385215354,2,0.9875716926597313,central,central,central,,17,2.087364378456976e-10,0.0025,0.2625
0.00075,-0.55,all_shooting,3.554733339026223,0.6938974565043711,5.122851086576696,-0.9239852840010548,157.51583851329727,2,6.0842163087019365,central,central,central,,71,3.5547333390262227e-10,0.0025,0.2625
0.00075,-0.55,ringdown_only,1.791454399528069,0.14442591262516674,12.403968006610341,-0.8715154337683548,150.63522307214404,2,0.06694247373769809,central,central,central,,4,1.791454399528069e-10,0.0025,0.2625
0.00075,-0.55,ringdown_plus_photon_geometry,2.6152598378597496,0.8718625638351007,2.999623961781189,-0.7520673133631426,138.76977367914276,2,5.199071013483387,central,central,central,,31,2.6152598378597496e-10,0.0025,0.2625
0.00075,-0.55,ringdown_plus_all_shooting,3.891601665318485,1.0969170342574863,3.547762997365382,-0.832700223407037,146.37712369267194,2,18.22234743007418,central,central,central,,75,3.891601665318485e-10,0.0025,0.2625
0.00075,-0.525,orbital,1.3559349065302344,0.05611588514352292,24.163120711047732,-0.9965763343813475,175.25750059081238,2,0.005789610104503841,central,central,central,,18,1.3559349065302345e-10,0.0025,0.2625
0.00075,-0.525,photon_geometry,1.5606268067805158,0.1628639026760643,9.58239843904881,-0.9784492385891411,168.08341026429653,2,0.0646022731882232,central,central,central,,27,1.5606268067805158e-10,0.0025,0.2625
0.00075,-0.525,redshift,0.7001525048127297,0.1084589184874718,6.455462718758394,-0.95304873376507,162.37312492625452,2,0.005766546955038335,central,central,central,,9,7.001525048127297e-11,0.0025,0.2625
0.00075,-0.525,timing,1.7690276851588533,0.37688091374677923,4.693863819135816,-0.8819190227635497,151.87472754843756,2,0.4445059182491351,central,central,central,,17,1.7690276851588533e-10,0.0025,0.2625
0.00075,-0.525,all_shooting,2.783450903507276,0.5741648307882189,4.847825492352306,-0.9143129869762449,156.10834973755394,2,2.5541141614721465,central,central,central,,71,2.783450903507276e-10,0.0025,0.2625
0.00075,-0.525,ringdown_only,1.7099668252904845,0.1299077820428119,13.16292833578634,-0.8869183152261453,152.48852217784085,2,0.04934528999563102,central,central,central,,4,1.7099668252904845e-10,0.0025,0.2625
0.00075,-0.525,ringdown_plus_photon_geometry,2.203461372263609,0.7400684003578983,2.9773752955781,-0.7071492599136647,135.0034420895954,2,2.659222060783691,central,central,central,,31,2.2034613722636093e-10,0.0025,0.2625
0.00075,-0.525,ringdown_plus_all_shooting,3.1824947792996694,0.9433205925395572,3.3737149432219296,-0.8022542622415999,143.34591095662987,2,9.012681629959536,central,central,central,,75,3.1824947792996694e-10,0.0025,0.2625
0.00075,-0.5,orbital,1.015581660421358,0.051776933871026304,19.614557767192625,-0.9948125867464179,174.1615042092985,2,0.0027650459760263646,central,central,central,,18,1.0155816604213579e-10,0.0025,0.2625
0.00075,-0.5,photon_geometry,1.165109131568617,0.13335167491226957,8.737116592912148,-0.9741382307653942,166.94108230830636,2,0.0241396051352063,central,central,central,,27,1.1651091315686172e-10,0.0025,0.2625
0.00075,-0.5,redshift,0.511654947121946,0.09784617200352747,5.229176948317408,-0.9293460335608046,158.33310200338906,2,0.0025063518257067005,central,central,central,,9,5.1165494712194603e-11,0.0025,0.2625
0.00075,-0.5,timing,1.5042331950311525,0.2997027546863681,5.019083647079912,-0.8926767483865682,153.2115573331325,2,0.2032412260702594,central,central,central,,17,1.5042331950311526e-10,0.0025,0.2625
0.00075,-0.5,all_shooting,2.1926759729740377,0.47478932124096956,4.618208276553023,-0.9041303851625964,154.7064140552566,2,1.0838041265432226,central,central,central,,71,2.1926759729740378e-10,0.0025,0.2625
0.00075,-0.5,ringdown_only,1.6307825452751339,0.11711213024982099,13.924966967951013,-0.9001405098161667,154.17654277529297,2,0.03647504786203662,central,central,central,,4,1.630782545275134e-10,0.0025,0.2625
0.00075,-0.5,ringdown_plus_photon_geometry,1.9180542506571083,0.6078624928619778,3.1554081279573616,-0.6742566668125626,132.3964526857141,2,1.3593536791241343,central,central,central,,31,1.9180542506571084e-10,0.0025,0.2625
0.00075,-0.5,ringdown_plus_all_shooting,2.658376233319083,0.7996596683415053,3.3243845332759587,-0.7738949714302001,140.70495401799292,2,4.519009726542531,central,central,central,,75,2.658376233319083e-10,0.0025,0.2625
0.00075,-0.475,orbital,0.7552915990555202,0.04766246873508056,15.846673894581757,-0.9920656166735204,172.77759575051,2,0.0012959324811408289,central,central,central,,18,7.552915990555203e-11,0.0025,0.2625
0.00075,-0.475,photon_geometry,0.8654151869363866,0.11143785664666055,7.765899425725544,-0.9673782519227316,165.3249702449395,2,0.009300676211915524,central,central,central,,27,8.654151869363866e-11,0.0025,0.2625
0.00075,-0.475,redshift,0.3740061627616907,0.08854652876077376,4.223837659092696,-0.8938363217189725,153.35934800298233,2,0.0010967322082527091,central,central,central,,9,3.740061627616907e-11,0.0025,0.2625
0.00075,-0.475,timing,1.2829853256533323,0.23787500632932335,5.39352723706129,-0.9037798550968626,154.65944815845322,2,0.09314102305488642,central,central,central,,17,1.2829853256533325e-10,0.0025,0.2625
0.00075,-0.475,all_shooting,1.7417144856385132,0.3884411985592511,4.483856223538142,-0.8956976091642197,153.5981765480278,2,0.45772485803843127,central,central,central,,71,1.7417144856385132e-10,0.0025,0.2625
0.00075,-0.475,ringdown_only,1.5539460345314362,0.10574876862904703,14.694696256771342,-0.9115688479965807,155.72306303717437,2,0.0270036520360788,central,central,central,,4,1.5539460345314362e-10,0.0025,0.2625
0.00075,-0.475,ringdown_plus_photon_geometry,1.718708763542882,0.4830456583984323,3.5580668900769483,-0.6616498936004949,131.42582476631722,2,0.6892566245677447,central,central,central,,31,1.718708763542882e-10,0.0025,0.2625
0.00075,-0.475,ringdown_plus_all_shooting,2.2736416055498965,0.6640337672409458,3.423984920220031,-0.7528940900053791,138.8416986701905,2,2.2794199487956637,central,central,central,,75,2.2736416055498965e-10,0.0025,0.2625
0.00075,-0.45,orbital,0.6016559414585677,0.048698228067753764,12.354780971116337,-0.9867678775156493,170.66890869871355,2,0.0008584652859483337,central,one_sided_backward,one_sided,,18,6.016559414585677e-11,0.0025,0.2625
0.00075,-0.45,photon_geometry,0.689423405200897,0.10738985262338378,6.419818896844052,-0.9517392899787531,162.12702863207113,2,0.005481488900955231,central,one_sided_backward,one_sided,,27,6.89423405200897e-11,0.0025,0.2625
0.00075,-0.45,redshift,0.29620500944793093,0.08917916648188617,3.3214597212914665,-0.8317826480057707,146.28229689625442,2,0.0006977689114724683,central,one_sided_backward,one_sided,,9,2.9620500944793095e-11,0.0025,0.2625
0.00075,-0.45,timing,1.1135553348912774,0.22157099928229476,5.025726915969455,-0.8966840838680509,153.72557111952707,2,0.06087646679972067,central,one_sided_backward,one_sided,,17,1.1135553348912775e-10,0.0025,0.2625
0.00075,-0.45,all_shooting,1.4495243421183783,0.36724284328645695,3.9470458543087785,-0.8717778731156824,150.66590171238045,2,0.28337250424196914,central,one_sided_backward,one_sided,,71,1.4495243421183785e-10,0.0025,0.2625
0.00075,-0.45,ringdown_only,1.4799531546700957,0.10273195390627436,14.405967164026727,-0.9127570199957817,155.88917579953412,2,0.023115699178434274,central,one_sided_backward,one_sided,,4,1.4799531546700957e-10,0.0025,0.2625
0.00075,-0.45,ringdown_plus_photon_geometry,1.58024045428279,0.4364544799916297,3.6206306195163713,-0.6365842264754774,129.5375828642967,2,0.47569026370902406,central,one_sided_backward,one_sided,,31,1.58024045428279e-10,0.0025,0.2625
0.00075,-0.45,ringdown_plus_all_shooting,2.0116484076131775,0.6245590467342346,3.2209098853533766,-0.7155612063246272,135.68921095098406,2,1.5785239027157358,central,one_sided_backward,one_sided,,75,2.0116484076131776e-10,0.0025,0.2625
0.001,-0.7125,orbital,9.14421933471603,1.364418078135811,6.701918921515372,-0.9563845991626463,163.01565378349483,2,155.6640047255724,central,one_sided_forward,one_sided,,18,9.14421933471603e-10,0.0025,0.2625
0.001,-0.7125,photon_geometry,12.94304269189739,1.8199641348438207,7.111702062748665,-0.9605535089419021,163.85344512863622,2,554.8791761127125,central,one_sided_forward,one_sided,,27,1.294304269189739e-09,0.0025,0.2625
0.001,-0.7125,redshift,7.480768452109768,0.2423850833453848,30.86315522746135,-0.9978730135449054,176.26236403026098,2,3.287791010297394,central,one_sided_forward,one_sided,,9,7.480768452109768e-10,0.0025,0.2625
0.001,-0.7125,timing,8.38569570588471,2.4868412739658994,3.372026913688621,-0.8381131167276089,146.9414025155482,2,434.88490298417287,central,one_sided_forward,one_sided,,17,8.385695705884712e-10,0.0025,0.2625
0.001,-0.7125,all_shooting,19.415796528214784,3.4445278110359268,5.636707726965795,-0.9386397622735139,159.8243627571151,2,4472.700472180997,central,one_sided_forward,one_sided,,71,1.9415796528214785e-09,0.0025,0.2625
0.001,-0.7125,ringdown_only,2.3944366912772153,0.36623243683163376,6.538024627179591,-0.7436598728359115,138.04412093381129,2,0.7689893603754798,central,one_sided_forward,one_sided,,4,2.394436691277215e-10,0.0025,0.2625
0.001,-0.7125,ringdown_plus_photon_geometry,13.081122934497381,2.3635354059723896,5.534557638291708,-0.9361767022832651,159.41908848784826,2,955.9040004948193,central,one_sided_forward,one_sided,,31,1.3081122934497381e-09,0.0025,0.2625
0.001,-0.7125,ringdown_plus_all_shooting,19.51144311281337,3.7428555392650615,5.212983217793277,-0.9287653321992672,158.2431635993684,2,5333.163701329289,central,one_sided_forward,one_sided,,75,1.951144311281337e-09,0.0025,0.2625
0.001,-0.69,orbital,7.4472728582012735,0.2309453474530495,32.24690577373628,-0.9980341475296867,176.40677623177083,2,2.9581007888491984,central,central,central,,18,7.447272858201274e-10,0.0025,0.2625
0.001,-0.69,photon_geometry,10.39728967941875,1.2253689850046257,8.485027617521673,-0.9696005780576034,165.83630167035696,2,162.3207556228863,central,central,central,,27,1.039728967941875e-09,0.0025,0.2625
0.001,-0.69,redshift,6.095101526246438,0.36442720415908075,16.725155138489026,-0.9922650386798297,172.8690557884118,2,4.93382187911711,central,central,central,,9,6.095101526246438e-10,0.0025,0.2625
0.001,-0.69,timing,6.5997651042422145,2.3124010914178905,2.854074549928295,-0.773585341323753,140.6769502095857,2,232.90740070071567,central,central,central,,17,6.599765104242214e-10,0.0025,0.2625
0.001,-0.69,all_shooting,15.619587556513787,2.708509407537094,5.766857413545782,-0.9377814179095075,159.682251247346,2,1789.7806999893505,central,central,central,,71,1.5619587556513789e-09,0.0025,0.2625
0.001,-0.69,ringdown_only,2.306346854889129,0.3551995856793694,6.493101196832521,-0.7436698550717784,138.04497642370237,2,0.6711106722200042,central,central,central,,4,2.306346854889129e-10,0.0025,0.2625
0.001,-0.69,ringdown_plus_photon_geometry,10.53435256154058,2.0194010243253206,5.216572852368485,-0.9239795801063884,157.51498396504016,2,452.54403281365046,central,central,central,,31,1.053435256154058e-09,0.0025,0.2625
0.001,-0.69,ringdown_plus_all_shooting,15.715310842362001,3.1276103233907273,5.024702318198197,-0.9197429836863511,156.88853678380994,2,2415.857018135186,central,central,central,,75,1.5715310842362003e-09,0.0025,0.2625
0.001,-0.6666666666666666,orbital,6.066046742215236,0.16559937594968965,36.63085508280023,-0.9984742641353413,176.8345712577606,2,1.0090876631058556,central,central,central,,18,6.066046742215236e-10,0.0025,0.2625
0.001,-0.6666666666666666,photon_geometry,7.994029085312509,0.9436903386920925,8.471029910502033,-0.9701779148962931,165.97212523540853,2,56.91024638335783,central,central,central,,27,7.99402908531251e-10,0.0025,0.2625
0.001,-0.6666666666666666,redshift,4.576081478810263,0.30859401120204577,14.82880844312356,-0.990167981484446,171.95890024463515,2,1.9941714046163999,central,central,central,,9,4.576081478810263e-10,0.0025,0.2625
0.001,-0.6666666666666666,timing,5.182776615474639,1.8319714789787749,2.829070580489472,-0.7770548775269136,140.9917081051645,2,90.14930798910757,central,central,central,,17,5.182776615474639e-10,0.0025,0.2625
0.001,-0.6666666666666666,all_shooting,12.175269536586887,2.1529643113251975,5.6551190711994375,-0.9366166790875189,159.49092016836462,2,687.1172165020004,central,central,central,,71,1.2175269536586888e-09,0.0025,0.2625
0.001,-0.6666666666666666,ringdown_only,2.217641667880374,0.31932534893526765,6.944771767336033,-0.7696038348567565,140.3183268880809,2,0.5014752886240176,central,central,central,,4,2.2176416678803742e-10,0.0025,0.2625
0.001,-0.6666666666666666,ringdown_plus_photon_geometry,8.165791767229987,1.7705367920475514,4.612042971322043,-0.9065313455704374,155.0303257946614,2,209.0289859497677,central,central,central,,31,8.165791767229987e-10,0.0025,0.2625
0.001,-0.6666666666666666,ringdown_plus_all_shooting,12.293449672087657,2.600661842650911,4.7270465811720745,-0.9116668093347614,155.7367181246961,2,1022.1515854053299,central,central,central,,75,1.2293449672087657e-09,0.0025,0.2625
0.001,-0.64,orbital,4.907889239813359,0.12679584807076066,38.70701852220291,-0.998625956222414,176.99608488647632,2,0.38725726311601893,central,central,central,,18,4.90788923981336e-10,0.0025,0.2625
0.001,-0.64,photon_geometry,6.135368471728093,0.6811439553070741,9.007447579802921,-0.97392458503627,166.88701726849726,2,17.464618944594545,central,central,central,,27,6.135368471728093e-10,0.0025,0.2625
0.001,-0.64,redshift,3.3401325433970723,0.25202490370639385,13.25318448405515,-0.9876540654187639,170.9874550246732,2,0.70862148650439,central,central,central,,9,3.3401325433970725e-10,0.0025,0.2625
0.001,-0.64,timing,4.213790727639641,1.3958872956051986,3.0187184458991134,-0.8017939027477592,143.30175052315943,2,34.59765275858551,central,central,central,,17,4.2137907276396414e-10,0.0025,0.2625
0.001,-0.64,all_shooting,9.503788994654458,1.6771069411630466,5.666775780001085,-0.93765127484276,159.6607872016133,2,254.04759250604633,central,central,central,,71,9.50378899465446e-10,0.0025,0.2625
0.001,-0.64,ringdown_only,2.1190758369264566,0.28326685942126306,7.480846298984281,-0.7971353809380666,142.85741554853718,2,0.36031681831537477,central,central,central,,4,2.1190758369264566e-10,0.0025,0.2625
0.001,-0.64,ringdown_plus_photon_geometry,6.346747075874051,1.5479752720578666,4.100031305691811,-0.8855918303667578,152.32444035237975,2,96.52291314719317,central,central,central,,31,6.34674707587405e-10,0.0025,0.2625
0.001,-0.64,ringdown_plus_all_shooting,9.646673261398172,2.1557157630656887,4.474928200960703,-0.903316998558675,154.59755641519632,2,432.45222178650937,central,central,central,,75,9.646673261398172e-10,0.0025,0.2625
0.001,-0.61,orbital,3.7779080570393666,0.09827953009018921,38.44043671731493,-0.9985947228862483,176.96212787606473,2,0.13785702789637386,central,central,central,,18,3.7779080570393666e-10,0.0025,0.2625
0.001,-0.61,photon_geometry,4.549889084509403,0.4646716922859565,9.791620966033424,-0.9779772770050871,167.95315271459208,2,4.46986134695514,central,central,central,,27,4.5498890845094037e-10,0.0025,0.2625
0.001,-0.61,redshift,2.3442589291822635,0.20025506565346726,11.706365187479962,-0.9840871744229653,169.7649758121609,2,0.22038304502751935,central,central,central,,9,2.344258929182264e-10,0.0025,0.2625
0.001,-0.61,timing,3.412116490065747,1.0331244236554018,3.3027159284386998,-0.8292688477809431,146.02370409158925,2,12.426618239669912,central,central,central,,17,3.412116490065747e-10,0.0025,0.2625
0.001,-0.61,all_shooting,7.196091760838181,1.2889759582423674,5.582797502794922,-0.9363238313832196,159.44308241580148,2,86.03655636188232,central,central,central,,71,7.196091760838182e-10,0.0025,0.2625
0.001,-0.61,ringdown_only,2.011501478816514,0.24794532966376007,8.112681459030995,-0.8252511517205742,145.61396252357304,2,0.24874397884889202,central,central,central,,4,2.011501478816514e-10,0.0025,0.2625
0.001,-0.61,ringdown_plus_photon_geometry,4.813966450571107,1.3604236698575223,3.5385788686514665,-0.8515111568804774,148.3764135033464,2,42.889845092204965,central,central,central,,31,4.813966450571108e-10,0.0025,0.2625
0.001,-0.61,ringdown_plus_all_shooting,7.37104964431736,1.794557850313544,4.107446100458391,-0.8873985180670015,152.5481444921125,2,174.9740315633406,central,central,central,,75,7.37104964431736e-10,0.0025,0.2625
0.001,-0.58,orbital,2.8283032057670767,0.08151257189884549,34.69775446757969,-0.9982587159234031,176.6182968360654,2,0.05314973752447399,central,central,central,,18,2.8283032057670766e-10,0.0025,0.2625
0.001,-0.58,photon_geometry,3.332312678048433,0.32300517446804256,10.316592245113165,-0.9801023055629318,168.5511524650491,2,1.158538445563914,central,central,central,,27,3.332312678048433e-10,0.0025,0.2625
0.001,-0.58,redshift,1.6359296100071834,0.16331175907154732,10.01721871901752,-0.9781438119531612,167.99895594213623,2,0.07137796133923335,central,central,central,,9,1.6359296100071835e-10,0.0025,0.2625
0.001,-0.58,timing,2.7750198626076688,0.7741289410009586,3.5846998033939057,-0.8504365563547094,148.25918344535336,2,4.614862863300203,central,central,central,,17,2.775019862607669e-10,0.0025,0.2625
0.001,-0.58,all_shooting,5.402921224682249,1.0129032356227519,5.334094151017725,-0.9308892163765572,158.5738544790877,2,29.949749060386637,central,central,central,,71,5.402921224682249e-10,0.0025,0.2625
0.001,-0.58,ringdown_only,1.9072548942624616,0.21742605674673474,8.771970217369564,-0.8500300763102858,148.21494079840858,2,0.17196523404723302,central,central,central,,4,1.9072548942624617e-10,0.0025,0.2625
0.001,-0.58,ringdown_plus_photon_geometry,3.6655075494986997,1.2073068596773693,3.0361026445904895,-0.804017010462279,143.51542910004747,2,19.58409797105895,central,central,central,,31,3.6655075494987e-10,0.0025,0.2625
0.001,-0.58,ringdown_plus_all_shooting,5.618644320833013,1.5275018961259772,3.678322321617353,-0.8623095973766041,149.5769018591199,2,73.65913208937647,central,central,central,,75,5.618644320833014e-10,0.0025,0.2625
0.001,-0.55,orbital,2.0682748251065166,0.07090924176214711,29.16791625052472,-0.9975144999119973,175.95950553721215,2,0.021509096819897378,central,central,central,,18,2.0682748251065166e-10,0.0025,0.2625
0.001,-0.55,photon_geometry,2.4046484099618115,0.2332226938085033,10.31052497805485,-0.9800013942805981,168.52206049662567,2,0.31451747948660097,central,central,central,,27,2.404648409961812e-10,0.0025,0.2625
0.001,-0.55,redshift,1.1326252273995356,0.13753951071769632,8.234908074700662,-0.9676094974603369,165.37736132788706,2,0.024267632600044588,central,central,central,,9,1.1326252273995356e-10,0.0025,0.2625
0.001,-0.55,timing,2.2632360765906037,0.5846751415380664,3.8709291977710176,-0.8676262745790706,150.18395809597365,2,1.7510113995539167,central,central,central,,17,2.263236076590604e-10,0.0025,0.2625
0.001,-0.55,all_shooting,4.029087096481927,0.8073490102816615,4.9905146908847895,-0.9219708702891427,157.21593192426636,2,10.581224909344611,central,central,central,,71,4.029087096481927e-10,0.0025,0.2625
0.001,-0.55,ringdown_only,1.806270996188415,0.19098827519896452,9.45749677202283,-0.8715154337686766,150.63522307218165,2,0.11900884220011716,central,central,central,,4,1.806270996188415e-10,0.0025,0.2625
0.001,-0.55,ringdown_plus_photon_geometry,2.8323065589354366,1.055394613206563,2.683646972889272,-0.7486043270337084,138.46962459904006,2,8.935323128060233,central,central,central,,31,2.832306558935437e-10,0.0025,0.2625
0.001,-0.55,ringdown_plus_all_shooting,4.298169189061666,1.3077416834282998,3.286711162860416,-0.8297856159801525,146.07672187724614,2,31.59446072427043,central,central,central,,75,4.2981691890616655e-10,0.0025,0.2625
0.001,-0.525,orbital,1.5714291945593393,0.06433070307576504,24.42735924568708,-0.9964342410715844,175.16002907234548,2,0.010219419581192976,central,central,central,,18,1.5714291945593394e-10,0.0025,0.2625
0.001,-0.525,photon_geometry,1.8145721621450046,0.18436789943044465,9.842126355784496,-0.9779892571899452,167.9564419761716,2,0.11192293832194816,central,central,central,,27,1.8145721621450048e-10,0.0025,0.2625
0.001,-0.525,redshift,0.8294607238605781,0.12194133394054348,6.802129327738936,-0.9527575513641839,162.31811362109477,2,0.01023042170197104,central,central,central,,9,8.294607238605781e-11,0.0025,0.2625
0.001,-0.525,timing,1.914817696433277,0.46440812069396814,4.123135688437042,-0.8802644449514755,151.67427972475696,2,0.7907778126280299,central,central,central,,17,1.914817696433277e-10,0.0025,0.2625
0.001,-0.525,all_shooting,3.151983792403611,0.6710189816686549,4.697309433133206,-0.912857923998341,155.9033322958174,2,4.473398239697777,central,central,central,,71,3.1519837924036114e-10,0.0025,0.2625
0.001,-0.525,ringdown_only,1.7246040080004514,0.17174029254232226,10.041930070518857,-0.8869183152262664,152.48852217785586,2,0.08772495999220821,central,central,central,,4,1.7246040080004515e-10,0.0025,0.2625
0.001,-0.525,ringdown_plus_photon_geometry,2.3430377816817556,0.9168376737883163,2.555564467590505,-0.7052175171868722,134.84711961284935,2,4.614700123329659,central,central,central,,31,2.3430377816817554e-10,0.0025,0.2625
0.001,-0.525,ringdown_plus_all_shooting,3.476503942982848,1.1414650008883949,3.0456509312831384,-0.8003577495961663,143.16427851656798,2,15.747465020639211,central,central,central,,75,3.476503942982848e-10,0.0025,0.2625
0.001,-0.5,orbital,1.183007733185638,0.05914654944873982,20.001297526424732,-0.9946511060360342,174.0712464519352,2,0.004895916405633074,central,central,central,,18,1.183007733185638e-10,0.0025,0.2625
0.001,-0.5,photon_geometry,1.3608989766504085,0.15077199062894597,9.026205537072324,-0.9737641538408792,166.84656220312664,2,0.04210106797020576,central,central,central,,27,1.3608989766504086e-10,0.0025,0.2625
0.001,-0.5,redshift,0.6062458878208158,0.11005629024215152,5.508507387328088,-0.9289542248671145,158.27238021394157,2,0.0044517149782873746,central,central,central,,9,6.062458878208158e-11,0.0025,0.2625
0.001,-0.5,timing,1.625015994665625,0.3703228401406831,4.388106318390442,-0.891663650160261,153.08305061178692,2,0.3621398164193942,central,central,central,,17,1.6250159946656252e-10,0.0025,0.2625
0.001,-0.5,all_shooting,2.4746189023931615,0.5581286313960313,4.433778815832235,-0.903096832402982,154.56816583961782,2,1.9075909605185224,central,central,central,,71,2.4746189023931616e-10,0.0025,0.2625
0.001,-0.5,ringdown_only,1.6452149819183788,0.15477970555042353,10.629397284790718,-0.9001405098161935,154.1765427752965,2,0.06484452953248111,central,central,central,,4,1.6452149819183788e-10,0.0025,0.2625
0.001,-0.5,ringdown_plus_photon_geometry,2.003433015158632,0.7692356372124892,2.6044464377892766,-0.6735182054033231,132.3391857941823,2,2.3750264185507084,central,central,central,,31,2.003433015158632e-10,0.0025,0.2625
0.001,-0.5,ringdown_plus_all_shooting,2.863145637847433,0.9840388364895605,2.9095860159964406,-0.7728003586770754,140.60602894294325,2,7.938004792576151,central,central,central,,75,2.863145637847433e-10,0.0025,0.2625
0.001,-0.475,orbital,0.882786326049004,0.054281720700900496,16.263049782693408,-0.9918861461345534,172.69625992784955,2,0.0022962459707379194,central,central,central,,18,8.82786326049004e-11,0.0025,0.2625
0.001,-0.475,photon_geometry,1.0139627922561185,0.1259348252923876,8.051488457636426,-0.9670526858960233,165.25151842143222,2,0.016305560246128364,central,central,central,,27,1.0139627922561186e-10,0.0025,0.2625
0.001,-0.475,redshift,0.44197195707606984,0.09990393701122813,4.423969367957911,-0.8933122745285341,153.29246297539567,2,0.0019496409373422983,central,central,central,,9,4.4197195707606985e-11,0.0025,0.2625
0.001,-0.475,timing,1.3833647153078297,0.29455496339521847,4.696456985013365,-0.903185519655872,154.58000112535484,2,0.1660374591416054,central,central,central,,17,1.3833647153078298e-10,0.0025,0.2625
0.001,-0.475,all_shooting,1.9545977096168596,0.45996379206910315,4.249459942975704,-0.8950203239663422,153.51104046794208,2,0.808280427675331,central,central,central,,71,1.9545977096168597e-10,0.0025,0.2625
0.001,-0.475,ringdown_only,1.5681505430927754,0.1397211769763099,11.2234278083605,-0.9115688479965033,155.72306303716357,2,0.04800649250860294,central,central,central,,4,1.5681505430927754e-10,0.0025,0.2625
0.001,-0.475,ringdown_plus_photon_geometry,1.7710976232334843,0.6211372363461737,2.85137892175315,-0.6616889892208089,131.42881226561178,2,1.2102083115528215,central,central,central,,31,1.7710976232334844e-10,0.0025,0.2625
0.001,-0.475,ringdown_plus_all_shooting,2.412495655179586,0.830964345379208,2.9032480979417365,-0.7524018897359003,138.79886754755418,2,4.018813561355138,central,central,central,,75,2.4124956551795863e-10,0.0025,0.2625
0.001,-0.45,orbital,0.7181356644196175,0.054309042488547704,13.223132493471097,-0.986545398978089,170.59061614242196,2,0.0015210983058858841,central,one_sided_backward,one_sided,,18,7.181356644196176e-11,0.0025,0.2625
0.001,-0.45,photon_geometry,0.8250038942157983,0.11888652042726025,6.939423336227342,-0.9514847314337458,162.07956672846106,2,0.009620047793327783,central,one_sided_backward,one_sided,,27,8.250038942157983e-11,0.0025,0.2625
0.001,-0.45,redshift,0.35604544400183663,0.09899090384422111,3.5967490968880758,-0.8308929511761474,146.19057523282495,2,0.0012422283744154454,central,one_sided_backward,one_sided,,9,3.5604544400183665e-11,0.0025,0.2625
0.001,-0.45,timing,1.2098169000168901,0.2723313908137446,4.442443804960844,-0.8961933399284979,153.66212431642103,2,0.10855121826273789,central,one_sided_backward,one_sided,,17,1.20981690001689e-10,0.0025,0.2625
0.001,-0.45,all_shooting,1.6439102420309564,0.43055978236601594,3.8180766280522676,-0.8713234417871938,150.61279806844666,2,0.5009831559782281,central,one_sided_backward,one_sided,,71,1.6439102420309565e-10,0.0025,0.2625
0.001,-0.45,ringdown_only,1.4942727528413215,0.1356632997378656,11.01456883128023,-0.9127570199957545,155.8891757995303,2,0.04109457631727845,central,one_sided_backward,one_sided,,4,1.4942727528413215e-10,0.0025,0.2625
0.001,-0.45,ringdown_plus_photon_geometry,1.6209433018484563,0.5644145933468646,2.871901827053389,-0.6371196200522469,129.57737060187063,2,0.8370128332718978,central,one_sided_backward,one_sided,,31,1.6209433018484564e-10,0.0025,0.2625
0.001,-0.45,ringdown_plus_all_shooting,2.1266843182920363,0.7850426811045595,2.709004706979472,-0.7154711977931631,135.68182884749916,2,2.7873569968591054,central,one_sided_backward,one_sided,,75,2.1266843182920364e-10,0.0025,0.2625
0.00125,-0.7125,orbital,13.843858330502353,2.268820569452637,6.101786327617017,-0.9474773045576655,161.347778414821,2,986.5397631671239,central,one_sided_forward,one_sided,,18,1.3843858330502354e-09,0.0025,0.2625
0.00125,-0.7125,photon_geometry,17.515370365436713,2.9696809206059633,5.89806475298454,-0.942029151923262,160.3951667299629,2,2705.566590764289,central,one_sided_forward,one_sided,,27,1.7515370365436713e-09,0.0025,0.2625
0.00125,-0.7125,redshift,9.159615410041484,0.5476266982431301,16.72602055273588,-0.9922146144200992,172.84582006426066,2,25.160757042487806,central,one_sided_forward,one_sided,,9,9.159615410041484e-10,0.0025,0.2625
0.00125,-0.7125,timing,12.033798006505215,3.1074861824901587,3.872518588920009,-0.8732271776061731,150.83585202001225,2,1398.3756313103547,central,one_sided_forward,one_sided,,17,1.2033798006505215e-09,0.0025,0.2625
0.00125,-0.7125,all_shooting,26.915172523598752,5.162157144176188,5.2139390126787895,-0.9279977321676762,158.1248185366076,2,19304.42089408855,central,one_sided_forward,one_sided,,71,2.6915172523598753e-09,0.0025,0.2625
0.00125,-0.7125,ringdown_only,2.4157149467949703,0.4537582059554321,5.323793410431988,-0.7436598728356153,138.04412093378588,2,1.2015458755877757,central,one_sided_forward,one_sided,,4,2.4157149467949705e-10,0.0025,0.2625
0.00125,-0.7125,ringdown_plus_photon_geometry,17.62176962347542,3.3349684195550116,5.283938978296745,-0.9287682319133627,158.2436118249828,2,3453.6831355672316,central,one_sided_forward,one_sided,,31,1.762176962347542e-09,0.0025,0.2625
0.00125,-0.7125,ringdown_plus_all_shooting,26.987855157743777,5.363919048096982,5.031368839788618,-0.9230186149976561,157.37145053371793,2,20955.651679574596,central,one_sided_forward,one_sided,,75,2.698785515774378e-09,0.0025,0.2625
0.00125,-0.69,orbital,9.17533649488137,0.4485626462455291,20.454972280190887,-0.9943888700424476,173.92752022918253,2,16.939095295595695,central,central,central,,18,9.17533649488137e-10,0.0025,0.2625
0.00125,-0.69,photon_geometry,12.780759492595383,1.2981259405015193,9.845546640611504,-0.9722859418556672,166.4794041030994,2,275.26245686014624,central,central,central,,27,1.2780759492595383e-09,0.0025,0.2625
0.00125,-0.69,redshift,7.327708085220484,0.3702189354633809,19.79290463911261,-0.993361814278937,173.3945430493502,2,7.359589232269778,central,central,central,,9,7.327708085220484e-10,0.0025,0.2625
0.00125,-0.69,timing,8.525827943735225,2.516873274247324,3.3874681061504344,-0.8039957496774183,143.51338047761607,2,460.4641533642254,central,central,central,,17,8.525827943735225e-10,0.0025,0.2625
0.00125,-0.69,all_shooting,19.329081421721767,2.9435225235263633,6.566649742691751,-0.9422850992268799,160.4389195789154,2,3237.107765900077,central,central,central,,71,1.9329081421721768e-09,0.0025,0.2625
0.00125,-0.69,ringdown_only,2.327154361220772,0.4400296027524441,5.288631370853483,-0.7436698550720633,138.0449764237268,2,1.0486104253430908,central,central,central,,4,2.3271543612207723e-10,0.0025,0.2625
0.00125,-0.69,ringdown_plus_photon_geometry,12.88187724874096,2.167822913797917,5.942310678030687,-0.9290645362585318,158.28945972266342,2,779.8407367572977,central,central,central,,31,1.288187724874096e-09,0.0025,0.2625
0.00125,-0.69,ringdown_plus_all_shooting,19.398701082088788,3.4025554005881036,5.701215350890652,-0.9254799909685716,157.7408451655738,2,4356.680503901099,central,central,central,,75,1.939870108208879e-09,0.0025,0.2625
0.00125,-0.6666666666666666,orbital,6.705988517961577,0.2482326862658627,27.014929495543207,-0.9968280666381485,175.43527603234782,2,2.77104478676504,central,central,central,,18,6.705988517961578e-10,0.0025,0.2625
0.00125,-0.6666666666666666,photon_geometry,9.002725383284005,1.0123768199183436,8.892662500915566,-0.967262996859177,165.2989262041735,2,83.06773922959877,central,central,central,,27,9.002725383284005e-10,0.0025,0.2625
0.00125,-0.6666666666666666,redshift,5.359611383356828,0.3261492733636643,16.433001147240738,-0.9903995891705203,172.05432855491168,2,3.055620621357104,central,central,central,,9,5.359611383356828e-10,0.0025,0.2625
0.00125,-0.6666666666666666,timing,5.936754775608941,2.0313391764705697,2.922581735426375,-0.767069028360836,140.09141479773436,2,145.43304906120832,central,central,central,,17,5.936754775608942e-10,0.0025,0.2625
0.00125,-0.6666666666666666,all_shooting,13.77644923728355,2.349153609100598,5.864430995024644,-0.9309817702800725,158.58837579777258,2,1047.363474260847,central,central,central,,71,1.3776449237283551e-09,0.0025,0.2625
0.00125,-0.6666666666666666,ringdown_only,2.2380276091764473,0.3955208128944807,5.658431961641222,-0.7696038348566443,140.3183268880708,2,0.7835551384752897,central,central,central,,4,2.2380276091764474e-10,0.0025,0.2625
0.00125,-0.6666666666666666,ringdown_plus_photon_geometry,9.14057847359816,1.9206771236199087,4.759039591397262,-0.8978764368698892,153.88032321939994,2,308.21664618797354,central,central,central,,31,9.14057847359816e-10,0.0025,0.2625
0.00125,-0.6666666666666666,ringdown_plus_all_shooting,13.870548713898726,2.842913810658367,4.87899023244977,-0.9044330971902804,154.74703868768432,2,1554.9437047798633,central,central,central,,75,1.3870548713898728e-09,0.0025,0.2625
0.00125,-0.64,orbital,5.35023488484155,0.16901218081885422,31.655912957989017,-0.9976785167108643,176.09514902389992,2,0.8176768622871986,central,central,central,,18,5.35023488484155e-10,0.0025,0.2625
0.00125,-0.64,photon_geometry,6.805515581799321,0.7390606449678722,9.208331722351641,-0.9704966389823302,166.04766285118637,2,25.29776877323444,central,central,central,,27,6.805515581799322e-10,0.0025,0.2625
0.00125,-0.64,redshift,3.8843098930607622,0.27112365228398955,14.326709825346136,-0.9873408539114945,170.8736093850994,2,1.1090791842657175,central,central,central,,9,3.8843098930607626e-10,0.0025,0.2625
0.00125,-0.64,timing,4.636572732479183,1.5707853329552346,2.9517545365387745,-0.7860277516640453,141.81583288588962,2,53.042969421612966,central,central,central,,17,4.6365727324791833e-10,0.0025,0.2625
0.00125,-0.64,all_shooting,10.54853634777507,1.8356897823207354,5.746361095086168,-0.9307980276211542,158.5595565126584,2,374.9583147287697,central,central,central,,71,1.054853634777507e-09,0.0025,0.2625
0.00125,-0.64,ringdown_only,2.139084602679433,0.35077151486307784,6.098227797985294,-0.7971353809380194,142.8574155485327,2,0.5629950286179185,central,central,central,,4,2.1390846026794332e-10,0.0025,0.2625
0.00125,-0.64,ringdown_plus_photon_geometry,6.979923485482541,1.6854212235884913,4.141352551987765,-0.8747385169210596,151.0140442851927,2,138.3943118896589,central,central,central,,31,6.979923485482541e-10,0.0025,0.2625
0.00125,-0.64,ringdown_plus_all_shooting,10.665969706542866,2.361607475728769,4.516402414948932,-0.8941466097544787,153.39902404584558,2,634.477347945495,central,central,central,,75,1.0665969706542866e-09,0.0025,0.2625
0.00125,-0.61,orbital,4.190535279260549,0.11752192481285174,35.65747655966138,-0.9981384908779022,176.50346718954228,2,0.24253632584381896,central,central,central,,18,4.190535279260549e-10,0.0025,0.2625
0.00125,-0.61,photon_geometry,5.097294654942721,0.5030553711237421,10.132671168098677,-0.975904864388229,167.3968754645654,2,6.575231667047641,central,central,central,,27,5.097294654942721e-10,0.0025,0.2625
0.00125,-0.61,redshift,2.727560220081178,0.21538080889297176,12.663896259376445,-0.9836709487041992,169.63162127788073,2,0.34511409993072684,central,central,central,,9,2.7275602200811784e-10,0.0025,0.2625
0.00125,-0.61,timing,3.734360897713222,1.1692550379658666,3.1937950031926543,-0.8195242724675179,145.0371999197673,2,19.065626177165015,central,central,central,,17,3.734360897713222e-10,0.0025,0.2625
0.00125,-0.61,all_shooting,8.039027018904529,1.408013398293069,5.70948190454027,-0.9314882272088273,158.66800357262076,2,128.12106838988652,central,central,central,,71,8.039027018904529e-10,0.0025,0.2625
0.00125,-0.61,ringdown_only,2.0311711691873566,0.30693030999191256,6.617694971998291,-0.825251151720603,145.61396252357596,2,0.38866246695131146,central,central,central,,4,2.0311711691873566e-10,0.0025,0.2625
0.00125,-0.61,ringdown_plus_photon_geometry,5.314774632641829,1.4861058655697,3.5763095724034475,-0.8430339279905837,147.46189541715464,2,62.383423370796805,central,central,central,,31,5.314774632641829e-10,0.0025,0.2625
0.00125,-0.61,ringdown_plus_all_shooting,8.182987721883586,1.9664769557973336,4.161242621104445,-0.8805406740642332,151.7076535348982,2,258.9414180751847,central,central,central,,75,8.182987721883587e-10,0.0025,0.2625
0.00125,-0.58,orbital,3.188904042250127,0.09187737202405637,34.70826354736368,-0.9979961863370327,176.37223752608728,2,0.08584204024181853,central,central,central,,18,3.188904042250127e-10,0.0025,0.2625
0.00125,-0.58,photon_geometry,3.77744133444241,0.34771887628139087,10.863492298259708,-0.9789748591301962,168.23014905843408,2,1.72524982254635,central,central,central,,27,3.7774413344424097e-10,0.0025,0.2625
0.00125,-0.58,redshift,1.9086649624108345,0.17487787811666503,10.914273337291528,-0.977790507261737,167.90198743299325,2,0.11141127711437541,central,central,central,,9,1.9086649624108345e-10,0.0025,0.2625
0.00125,-0.58,timing,3.039441613927633,0.8792541788793277,3.456840680361188,-0.8452962110545187,147.7036863409721,2,7.141944856396606,central,central,central,,17,3.039441613927633e-10,0.0025,0.2625
0.00125,-0.58,all_shooting,6.08536895113004,1.1048457219943744,5.507890223935742,-0.9277226970967756,158.08256279698404,2,45.204024894670475,central,central,central,,71,6.08536895113004e-10,0.0025,0.2625
0.00125,-0.58,ringdown_only,1.9266255658336282,0.2690500156233766,7.160845396606741,-0.8500300763103418,148.21494079841463,2,0.26869567819873685,central,central,central,,4,1.9266255658336283e-10,0.0025,0.2625
0.00125,-0.58,ringdown_plus_photon_geometry,4.050091376282386,1.3307912224200278,3.043370972132912,-0.798143488858179,142.95318251699783,2,29.05022488758725,central,central,central,,31,4.050091376282386e-10,0.0025,0.2625
0.00125,-0.58,ringdown_plus_all_shooting,6.262115521465974,1.680054320083856,3.727329197994869,-0.8576519505640212,149.0539575131041,2,110.68500718011458,central,central,central,,75,6.262115521465974e-10,0.0025,0.2625
0.00125,-0.55,orbital,2.3587521440576955,0.07761906060627809,30.388826219147926,-0.9973406307205984,175.82051042055807,2,0.0335197970558007,central,central,central,,18,2.358752144057696e-10,0.0025,0.2625
0.00125,-0.55,photon_geometry,2.7518902238450793,0.25021813408809696,10.997964771315065,-0.9793427698344269,168.33394197700966,2,0.4741325518897439,central,central,central,,27,2.7518902238450795e-10,0.0025,0.2625
0.00125,-0.55,redshift,1.3245159235707031,0.14682332961355202,9.02115438368623,-0.9673017095331747,165.30766902229004,2,0.037818517901399604,central,central,central,,9,1.3245159235707033e-10,0.0025,0.2625
0.00125,-0.55,timing,2.4766518804989968,0.6669769486241814,3.7132495892215682,-0.86474452900481,149.8535465978903,2,2.7286735522272196,central,central,central,,17,2.476651880498997e-10,0.0025,0.2625
0.00125,-0.55,all_shooting,4.558751735776667,0.8818107705321192,5.169761912780604,-0.9198467476650544,156.90368776546137,2,16.16004930345316,central,central,central,,71,4.5587517357766676e-10,0.0025,0.2625
0.00125,-0.55,ringdown_only,1.8253487956612042,0.2362401797700368,7.726665283772019,-0.8715154337686629,150.63522307218005,2,0.18595131593776631,central,central,central,,4,1.8253487956612044e-10,0.0025,0.2625
0.00125,-0.55,ringdown_plus_photon_geometry,3.1019959651464406,1.1835698539990924,2.6208811880982728,-0.7450775898895072,138.16576374473553,2,13.479390252742506,central,central,central,,31,3.101995965146441e-10,0.0025,0.2625
0.00125,-0.55,ringdown_plus_all_shooting,4.779289600421295,1.4511740719629949,3.293395115553834,-0.8267558519614403,145.76691359574238,2,48.10228589563936,central,central,central,,75,4.779289600421296e-10,0.0025,0.2625
0.00125,-0.525,orbital,1.8040714380058323,0.0698764397020209,25.818021720898535,-0.9962703766882793,175.05000012970817,2,0.015891650297151533,central,central,central,,18,1.8040714380058323e-10,0.0025,0.2625
0.00125,-0.525,photon_geometry,2.088840167524547,0.19755348665601014,10.573542400503102,-0.9775122353771711,167.82614823302998,2,0.17028634283941618,central,central,central,,27,2.088840167524547e-10,0.0025,0.2625
0.00125,-0.525,redshift,0.9713441398918488,0.13000855620020896,7.471386255501602,-0.9524395895381054,162.25823166026922,2,0.01594740851547017,central,central,central,,9,9.713441398918488e-11,0.0025,0.2625
0.00125,-0.525,timing,2.0923583901920333,0.5314231796144816,3.9372734770619617,-0.878540513079879,151.46680446859185,2,1.2363833181264299,central,central,central,,17,2.0923583901920334e-10,0.0025,0.2625
0.00125,-0.525,all_shooting,3.569655863054897,0.734969391737944,4.856876902878795,-0.9113383802457451,155.69096595281164,2,6.883212935825464,central,central,central,,71,3.569655863054897e-10,0.0025,0.2625
0.00125,-0.525,ringdown_only,1.7434212609664959,0.2123583119904236,8.209809376546167,-0.8869183152262604,152.48852217785512,2,0.1370702499878158,central,central,central,,4,1.7434212609664958e-10,0.0025,0.2625
0.00125,-0.525,ringdown_plus_photon_geometry,2.526930957116308,1.0495305185570407,2.40767744475929,-0.7032914681628093,134.69167910943466,2,7.03358750917548,central,central,central,,31,2.5269309571163084e-10,0.0025,0.2625
0.00125,-0.525,ringdown_plus_all_shooting,3.8374229197249257,1.281179951632516,2.9952255456660652,-0.7984001947221254,142.97760262097327,2,24.171277166979216,central,central,central,,75,3.837422919724926e-10,0.0025,0.2625
0.00125,-0.5,orbital,1.3648948150359952,0.06393976873169649,21.346571032550262,-0.9944840539121627,173.97929334730412,2,0.007616237706952158,central,central,central,,18,1.3648948150359952e-10,0.0025,0.2625
0.00125,-0.5,photon_geometry,1.57358450915534,0.16140212606872237,9.749465806202165,-0.9733822486211116,166.75074750453828,2,0.06450578215045169,central,central,central,,27,1.57358450915534e-10,0.0025,0.2625
0.00125,-0.5,redshift,0.7105129105795076,0.11731872623437495,6.056261718696737,-0.9285373770858624,158.20795470585296,2,0.006948301031222057,central,central,central,,9,7.105129105795077e-11,0.0025,0.2625
0.00125,-0.5,timing,1.772331789036878,0.42490051836512954,4.171168808774813,-0.8906221826935965,152.95153448307502,2,0.5671064361759681,central,central,central,,17,1.772331789036878e-10,0.0025,0.2625
0.00125,-0.5,all_shooting,2.7987267203405226,0.6137315775693586,4.560180415393789,-0.9020416084218505,154.42773887624423,2,2.9503798035458555,central,central,central,,71,2.7987267203405226e-10,0.0025,0.2625
0.00125,-0.5,ringdown_only,1.6637436083714239,0.19131996149166774,8.696131837993718,-0.9001405098161848,154.17654277529536,2,0.10131957739452647,central,central,central,,4,1.663743608371424e-10,0.0025,0.2625
0.00125,-0.5,ringdown_plus_photon_geometry,2.120367246313292,0.900504145785504,2.3546446246104833,-0.672804818267757,132.28391287077366,2,3.6458064349161083,central,central,central,,31,2.1203672463132918e-10,0.0025,0.2625
0.00125,-0.5,ringdown_plus_all_shooting,3.123875883758349,1.1205281296731147,2.7878602964386623,-0.7716948272736655,140.50632775608665,2,12.252735762236533,central,central,central,,75,3.123875883758349e-10,0.0025,0.2625
0.00125,-0.475,orbital,1.0217989581571842,0.05851337617224064,17.462655977146238,-0.9917061626998938,172.61558650216466,2,0.003574713377661084,central,central,central,,18,1.0217989581571842e-10,0.0025,0.2625
0.00125,-0.475,photon_geometry,1.176094462251385,0.13475797441518583,8.727457260732255,-0.9667236291391853,165.17764073872192,2,0.025118480204323477,central,central,central,,27,1.176094462251385e-10,0.0025,0.2625
0.00125,-0.475,redshift,0.5175940184909683,0.10662615182888178,4.854287710970057,-0.8927652629928924,153.22281211120247,2,0.0030458321672264077,central,central,central,,9,5.1759401849096835e-11,0.0025,0.2625
0.00125,-0.475,timing,1.5058086847530505,0.3387117658165505,4.445693467786445,-0.9025806339849063,154.49938110011556,2,0.2601358221998104,central,central,central,,17,1.5058086847530506e-10,0.0025,0.2625
0.00125,-0.475,all_shooting,2.2026731418305654,0.5084722330265901,4.331943808847825,-0.8943382876700684,153.42356103538907,2,1.2543958135650852,central,central,central,,71,2.2026731418305654e-10,0.0025,0.2625
0.00125,-0.475,ringdown_only,1.5863643701916115,0.17264621205082342,9.18852693810982,-0.9115688479966749,155.72306303718747,2,0.07501014454456596,central,central,central,,4,1.5863643701916116e-10,0.0025,0.2625
0.00125,-0.475,ringdown_plus_photon_geometry,1.8434300565185264,0.7412706334935214,2.4868515940401648,-0.6617502427489739,131.43349324211255,2,1.867269136699484,central,central,central,,31,1.8434300565185265e-10,0.0025,0.2625
0.00125,-0.475,ringdown_plus_all_shooting,2.5945361732187737,0.9617970975777523,2.6975920178518003,-0.7519125779923987,138.7563240041885,2,6.227107805392069,central,central,central,,75,2.5945361732187736e-10,0.0025,0.2625
0.00125,-0.45,orbital,0.8431643480993656,0.05785317834228342,14.574209615776946,-0.9862554577938086,170.4895413942747,2,0.002379462781051795,central,one_sided_backward,one_sided,,18,8.431643480993656e-11,0.0025,0.2625
0.00125,-0.45,photon_geometry,0.9708439602254455,0.1254609914139218,7.738213681274287,-0.9512317730642358,162.03252330091595,2,0.014835981955950263,central,one_sided_backward,one_sided,,27,9.708439602254456e-11,0.0025,0.2625
0.00125,-0.45,redshift,0.4220678702507017,0.10445451520952116,4.040685741579409,-0.8299729025505458,146.09595454082952,2,0.0019436542906860839,central,one_sided_backward,one_sided,,9,4.220678702507017e-11,0.0025,0.2625
0.00125,-0.45,timing,1.3267214367394577,0.3108831210614484,4.267589157653951,-0.8956965485079423,153.59803988073466,2,0.1701193753499674,central,one_sided_backward,one_sided,,17,1.326721436739458e-10,0.0025,0.2625
0.00125,-0.45,all_shooting,1.8696844407823063,0.4719340780554155,3.961749167354607,-0.8708414569122104,150.55656992567185,2,0.7785729394448406,central,one_sided_backward,one_sided,,71,1.8696844407823064e-10,0.0025,0.2625
0.00125,-0.45,ringdown_only,1.512628222268845,0.1675213127176726,9.029467341974039,-0.9127570199959033,155.88917579955117,2,0.06421027549561019,central,one_sided_backward,one_sided,,4,1.512628222268845e-10,0.0025,0.2625
0.00125,-0.45,ringdown_plus_photon_geometry,1.6776529824512452,0.6781345404594068,2.4739235098019163,-0.6376734000238726,129.61854876650048,2,1.2943031184710403,central,one_sided_backward,one_sided,,31,1.6776529824512452e-10,0.0025,0.2625
0.00125,-0.45,ringdown_plus_all_shooting,2.2810292039874973,0.9118415332219111,2.501563178338327,-0.7153613459829302,135.67282060523576,2,4.32613861736975,central,one_sided_backward,one_sided,,75,2.2810292039874973e-10,0.0025,0.2625
0.0015,-0.7125,orbital,26.317815025777,2.63810095176169,9.976045461111829,-0.9801034653086073,168.55148723499775,2,4820.393382118447,central,one_sided_forward,one_sided,,18,2.6317815025777e-09,0.0025,0.2625
0.0015,-0.7125,photon_geometry,27.36162632311241,4.1913049058794805,6.528187983825767,-0.9525042762222239,162.27039828381567,2,13151.713100321294,central,one_sided_forward,one_sided,,27,2.736162632311241e-09,0.0025,0.2625
0.0015,-0.7125,redshift,11.796812566335992,0.9985702795152155,11.813702859315113,-0.9833671698472323,169.53535469099916,2,138.767137699412,central,one_sided_forward,one_sided,,9,1.1796812566335993e-09,0.0025,0.2625
0.0015,-0.7125,timing,19.420562738494,3.8292970055463793,5.07157389734072,-0.9233901485224859,157.426841636238,2,5530.465970022139,central,one_sided_forward,one_sided,,17,1.9420562738494e-09,0.0025,0.2625
0.0015,-0.7125,all_shooting,44.17758796939502,6.79242367595057,6.503950589214764,-0.9530294770921417,162.36948174953184,2,90043.74199542833,central,one_sided_forward,one_sided,,71,4.417758796939502e-09,0.0025,0.2625
0.0015,-0.7125,ringdown_only,2.442190312862936,0.5386069093387829,4.53427215752036,-0.7436598728358622,138.04412093380705,2,1.7302260608446403,central,one_sided_forward,one_sided,,4,2.442190312862936e-10,0.0025,0.2625
0.0015,-0.7125,ringdown_plus_photon_geometry,27.436529089319457,4.440370966219322,6.178882192061494,-0.9472750359083776,161.31157619071405,2,14842.151050243456,central,one_sided_forward,one_sided,,31,2.7436529089319457e-09,0.0025,0.2625
0.0015,-0.7125,ringdown_plus_all_shooting,44.22572774522091,6.937989227425758,6.374430154834679,-0.9511830675563104,162.02347906019548,2,94149.32668664066,central,one_sided_forward,one_sided,,75,4.422572774522091e-09,0.0025,0.2625
0.0015,-0.69,orbital,14.622302148561506,0.6730401070366525,21.72575154984813,-0.9935614896228657,173.49475551418334,2,96.85307135505161,central,central,central,,18,1.4622302148561507e-09,0.0025,0.2625
0.0015,-0.69,photon_geometry,17.757021952089772,1.3719605065213893,12.942808388204092,-0.9801269800464333,168.55827703832958,2,593.5037712962785,central,central,central,,27,1.7757021952089774e-09,0.0025,0.2625
0.0015,-0.69,redshift,9.053930482512419,0.36148209613616866,25.046691327976156,-0.9948522086188863,174.1838636366217,2,10.711440880094495,central,central,central,,9,9.053930482512419e-10,0.0025,0.2625
0.0015,-0.69,timing,12.4617331258409,2.6600113005270623,4.684842174682377,-0.8677707147280355,150.20060658400905,2,1098.8131699677576,central,central,central,,17,1.24617331258409e-09,0.0025,0.2625
0.0015,-0.69,all_shooting,27.681215875327634,3.111892369294689,8.89529989804936,-0.9603412532538267,163.8097717150875,2,7420.26575727741,central,central,central,,71,2.7681215875327634e-09,0.0025,0.2625
0.0015,-0.69,ringdown_only,2.353049440087648,0.5222245440318107,4.505819320403896,-0.7436698550718802,138.0449764237111,2,1.509999012494459,central,central,central,,4,2.353049440087648e-10,0.0025,0.2625
0.0015,-0.69,ringdown_plus_photon_geometry,17.828286921338616,2.2706496494979205,7.851623840463788,-0.948909719591499,161.60611955993403,2,1638.7756008544459,central,central,central,,31,1.7828286921338618e-09,0.0025,0.2625
0.0015,-0.69,ringdown_plus_all_shooting,27.727967167549927,3.592072292107261,7.719211895728171,-0.9484451067947637,161.5219431017147,2,9920.331826484065,central,central,central,,75,2.772796716754993e-09,0.0025,0.2625
0.0015,-0.6666666666666666,orbital,7.822394678782578,0.4455691229954378,17.55596219548335,-0.9910741604966129,172.3389952113385,2,12.148135405479637,central,central,central,,18,7.822394678782578e-10,0.0025,0.2625
0.0015,-0.6666666666666666,photon_geometry,10.544510202398063,1.052934084320208,10.014406751022575,-0.9674771982413519,165.3473651361674,2,123.26937427070638,central,central,central,,27,1.0544510202398063e-09,0.0025,0.2625
0.0015,-0.6666666666666666,redshift,6.280978465171954,0.3332136649113569,18.8497025379882,-0.9909316446441395,172.2779850681573,2,4.380263283699239,central,central,central,,9,6.280978465171954e-10,0.0025,0.2625
0.0015,-0.6666666666666666,timing,7.243110257712178,2.153980191039509,3.3626633558856733,-0.7798622394911462,141.24796391037708,2,243.40730201707223,central,central,central,,17,7.243110257712179e-10,0.0025,0.2625
0.0015,-0.6666666666666666,all_shooting,16.25120081411966,2.499245234620424,6.502443453328352,-0.9305855152114463,158.52627077541,2,1649.6380263814324,central,central,central,,71,1.625120081411966e-09,0.0025,0.2625
0.0015,-0.6666666666666666,ringdown_only,2.2633003226571207,0.4693251657679353,4.822456769292961,-0.7696038348568509,140.31832688808936,2,1.1283193994034892,central,central,central,,4,2.2633003226571208e-10,0.0025,0.2625
0.0015,-0.6666666666666666,ringdown_plus_photon_geometry,10.656918205678114,2.0169914262706765,5.283571395929164,-0.8975010759474533,153.83151446857875,2,462.0312698879056,central,central,central,,31,1.0656918205678114e-09,0.0025,0.2625
0.0015,-0.6666666666666666,ringdown_plus_all_shooting,16.326956789153733,3.0201044866835867,5.406090041302698,-0.9044202845156465,154.74531796062223,2,2431.3888667387673,central,central,central,,75,1.6326956789153734e-09,0.0025,0.2625
0.0015,-0.64,orbital,5.845792906833182,0.226388426828208,25.82196002125669,-0.9958682617155546,174.7898085916781,2,1.7514401251581695,central,central,central,,18,5.845792906833182e-10,0.0025,0.2625
0.0015,-0.64,photon_geometry,7.518541196145229,0.7812954560156385,9.623172819265362,-0.966769798143122,165.18798457554092,2,34.50624998756066,central,central,central,,27,7.518541196145229e-10,0.0025,0.2625
0.0015,-0.64,redshift,4.471857734596564,0.2839493152454836,15.74878858478843,-0.9870322505560816,170.76279942607954,2,1.6123436396859148,central,central,central,,9,4.471857734596564e-10,0.0025,0.2625
0.0015,-0.64,timing,5.183888878762586,1.6971479769621076,3.0544707645598113,-0.7722980388113632,140.5607016102771,2,77.40175153563446,central,central,central,,17,5.183888878762586e-10,0.0025,0.2625
0.0015,-0.64,all_shooting,11.721336698500313,1.9506026537100498,6.009084769881918,-0.9239605419625153,157.51213192405675,2,522.7474273206794,central,central,central,,71,1.1721336698500313e-09,0.0025,0.2625
0.0015,-0.64,ringdown_only,2.16379635222248,0.41611861249230087,5.199950896843181,-0.7971353809379695,142.85741554852797,2,0.810712841210056,central,central,central,,4,2.16379635222248e-10,0.0025,0.2625
0.0015,-0.64,ringdown_plus_photon_geometry,7.6699341055672,1.779371933445764,4.31047267937644,-0.8638426235710803,149.7508096037663,2,186.25877302190418,central,central,central,,31,7.6699341055672e-10,0.0025,0.2625
0.0015,-0.64,ringdown_plus_all_shooting,11.822058355876912,2.5077261206251493,4.714254183758232,-0.8852285496132923,152.27965982244106,2,878.9140454966968,central,central,central,,75,1.1822058355876913e-09,0.0025,0.2625
0.0015,-0.61,orbital,4.59448965900561,0.13969576782431034,32.889254488968575,-0.9974098100815125,175.87525389382188,2,0.4119467253494283,central,central,central,,18,4.5944896590056104e-10,0.0025,0.2625
0.0015,-0.61,photon_geometry,5.634867192348774,0.5297287251711231,10.637269463777882,-0.9735493801763592,166.7925944666244,2,8.909932557839397,central,central,central,,27,5.634867192348774e-10,0.0025,0.2625
0.0015,-0.61,redshift,3.1309775308990955,0.22575580054655076,13.868868588621222,-0.9831756662117902,169.47511527080746,2,0.4996176101046146,central,central,central,,9,3.1309775308990954e-10,0.0025,0.2625
0.0015,-0.61,timing,4.098070364337782,1.2705870511734014,3.2253361629596085,-0.8088530068439789,143.98401798921805,2,27.11238182710909,central,central,central,,17,4.0980703643377824e-10,0.0025,0.2625
0.0015,-0.61,all_shooting,8.89942595131192,1.4912970244729677,5.9675744035344165,-0.9261337351114557,157.83993822555018,2,176.13768752387256,central,central,central,,71,8.899425951311921e-10,0.0025,0.2625
0.0015,-0.61,ringdown_only,2.0553766736660353,0.3639788295310937,5.646967644557608,-0.8252511517205303,145.61396252356857,2,0.5596739524100431,central,central,central,,4,2.0553766736660353e-10,0.0025,0.2625
0.0015,-0.61,ringdown_plus_photon_geometry,5.824823557398663,1.5687017504455238,3.713149141157244,-0.8340154909952047,146.51346313362046,2,83.492278147829,central,central,central,,31,5.824823557398663e-10,0.0025,0.2625
0.0015,-0.61,ringdown_plus_all_shooting,9.024291746645323,2.083977305181704,4.330321507919918,-0.8731023499602628,150.82117879847772,2,353.681402951133,central,central,central,,75,9.024291746645324e-10,0.0025,0.2625
0.0015,-0.58,orbital,3.5495294793779735,0.10114498716579726,35.09347896361459,-0.9976634080070887,176.0824578972734,2,0.12889328788374635,central,central,central,,18,3.549529479377974e-10,0.0025,0.2625
0.0015,-0.58,photon_geometry,4.223564582099802,0.36398871938584637,11.603559003768495,-0.9777409913363138,167.88845833244392,2,2.3633831091533617,central,central,central,,27,4.223564582099802e-10,0.0025,0.2625
0.0015,-0.58,redshift,2.1944960897437933,0.1824447053663549,12.028280488256284,-0.9773806738187913,167.79045447111278,2,0.1602994940367822,central,central,central,,9,2.1944960897437932e-10,0.0025,0.2625
0.0015,-0.58,timing,3.33540395488145,0.9580209380184511,3.481556427963176,-0.8395022492502392,147.08759563885886,2,10.210496964744978,central,central,central,,17,3.33540395488145e-10,0.0025,0.2625
0.0015,-0.58,all_shooting,6.79026931862628,1.168092804219871,5.813124859682076,-0.9241973166152374,157.54762677571446,2,62.911305385990204,central,central,central,,71,6.790269318626281e-10,0.0025,0.2625
0.0015,-0.58,ringdown_only,1.9503904608608265,0.3189260708499114,6.115493962795823,-0.8500300763103733,148.2149407984181,2,0.38692177660614396,central,central,central,,4,1.9503904608608266e-10,0.0025,0.2625
0.0015,-0.58,ringdown_plus_photon_geometry,4.4590285307737,1.4120151972407504,3.1579182288456837,-0.791999880123403,142.37279812106812,2,39.642336553094964,central,central,central,,31,4.4590285307736997e-10,0.0025,0.2625
0.0015,-0.58,ringdown_plus_all_shooting,6.942548942145884,1.7829607940561554,3.893831521865323,-0.8526185318118598,148.497627914052,2,153.22212706393626,central,central,central,,75,6.942548942145884e-10,0.0025,0.2625
0.0015,-0.55,orbital,2.655912365883861,0.08299258663586892,32.0018024927541,-0.9971215483376029,175.65168166950556,2,0.04858543360632931,central,central,central,,18,2.655912365883861e-10,0.0025,0.2625
0.0015,-0.55,photon_geometry,3.106473266926497,0.2610876737598974,11.898199643784356,-0.9786440741029485,168.13759428421423,2,0.6578213713385409,central,central,central,,27,3.1064732669264974e-10,0.0025,0.2625
0.0015,-0.55,redshift,1.5260103229652744,0.15270833561799146,9.992973316025626,-0.9669557673382857,165.22972136300746,2,0.05430507658506199,central,central,central,,9,1.5260103229652744e-10,0.0025,0.2625
0.0015,-0.55,timing,2.7181204133090655,0.7280395624195576,3.733478994294895,-0.8618660353153295,149.5267513018896,2,3.9160420291531928,central,central,central,,17,2.7181204133090657e-10,0.0025,0.2625
0.0015,-0.55,all_shooting,5.116802652428759,0.9314930700584916,5.493119398201704,-0.9176610532444501,156.58650415295645,2,22.71729359978545,central,central,central,,71,5.116802652428759e-10,0.0025,0.2625
0.0015,-0.55,ringdown_only,1.8486934935310726,0.2799084190896288,6.604636972134471,-0.8715154337688773,150.63522307220512,2,0.26776989494990566,central,central,central,,4,1.8486934935310726e-10,0.0025,0.2625
0.0015,-0.55,ringdown_plus_photon_geometry,3.4060367796012088,1.2701467409805653,2.6816088800666575,-0.7414967228040719,137.8590699364139,2,18.71571671784697,central,central,central,,31,3.406036779601209e-10,0.0025,0.2625
0.0015,-0.55,ringdown_plus_all_shooting,5.305630663461843,1.5477882098348559,3.4278789757856707,-0.8236435224585835,145.4512053145409,2,67.43682224310464,central,central,central,,75,5.305630663461843e-10,0.0025,0.2625
0.0015,-0.525,orbital,2.044718220016467,0.07388860145093971,27.67298581736063,-0.9960853081090529,174.92859607328288,2,0.022825580251777385,central,central,central,,18,2.0447182200164668e-10,0.0025,0.2625
0.0015,-0.525,photon_geometry,2.37210722379975,0.20590986288476967,11.520124342597507,-0.9770178908866239,167.69255656372786,2,0.23857390048425656,central,central,central,,27,2.37210722379975e-10,0.0025,0.2625
0.0015,-0.525,redshift,1.1205862631204384,0.13505424845050534,8.29730479401476,-0.9520941169957963,162.19338953437628,2,0.022903776104291857,central,central,central,,9,1.1205862631204385e-10,0.0025,0.2625
0.0015,-0.525,timing,2.2940948543248956,0.5818135015752868,3.9430072490815844,-0.8767422825003229,151.25184961880544,2,1.7815184816096974,central,central,central,,17,2.2940948543248957e-10,0.0025,0.2625
0.0015,-0.525,all_shooting,4.015700681636108,0.7778837235790258,5.162340539997364,-0.9097566340887668,155.47174180208089,2,9.757802810817806,central,central,central,,71,4.0157006816361085e-10,0.0025,0.2625
0.0015,-0.525,ringdown_only,1.7664040301273263,0.25151436913803205,7.023074014343559,-0.8869183152262975,152.48852217785975,2,0.19738115998234723,central,central,central,,4,1.7664040301273264e-10,0.0025,0.2625
0.0015,-0.525,ringdown_plus_photon_geometry,2.7466352290704457,1.1439970047156094,2.400911206715303,-0.7013760551695272,134.53750962169795,2,9.873059333846165,central,central,central,,31,2.7466352290704455e-10,0.0025,0.2625
0.0015,-0.525,ringdown_plus_all_shooting,4.244684734613288,1.3773341029596882,3.081811976841411,-0.7963876929169728,142.78652390333428,2,34.17979711265416,central,central,central,,75,4.244684734613288e-10,0.0025,0.2625
0.0015,-0.5,orbital,1.5540795980917392,0.06713922867730189,23.147117247373664,-0.9943232086700318,173.8920600368311,2,0.010886774147794171,central,central,central,,18,1.5540795980917393e-10,0.0025,0.2625
0.0015,-0.5,photon_geometry,1.7947993567706106,0.16811449501344083,10.676053582572493,-0.9729926192355297,166.65369118550714,2,0.09104207159635766,central,central,central,,27,1.7947993567706106e-10,0.0025,0.2625
0.0015,-0.5,redshift,0.8204373521107894,0.12184352003194772,6.73353291086525,-0.9280948077331959,158.13975154136642,2,0.009992996216128187,central,central,central,,9,8.204373521107894e-11,0.0025,0.2625
0.0015,-0.5,timing,1.9403485132320761,0.46624156117467086,4.161680714056188,-0.8895507686198239,152.8168508511802,2,0.8184298354204484,central,central,central,,17,1.9403485132320763e-10,0.0025,0.2625
0.0015,-0.5,all_shooting,3.148897693925955,0.6511362677649327,4.836004151227438,-0.9009688533356279,154.2857123621215,2,4.203982247862309,central,central,central,,71,3.1488976939259553e-10,0.0025,0.2625
0.0015,-0.5,ringdown_only,1.6863369063187967,0.22650802118581911,7.444932402351376,-0.900140509816094,154.1765427752834,2,0.14590019144821892,central,central,central,,4,1.686336906318797e-10,0.0025,0.2625
0.0015,-0.5,ringdown_plus_photon_geometry,2.2675698819938646,1.0013651132561592,2.2644786122220313,-0.6721186562019333,132.23079504683693,2,5.155921230233148,central,central,central,,31,2.2675698819938645e-10,0.0025,0.2625
0.0015,-0.5,ringdown_plus_all_shooting,3.428103105002558,1.217654414338173,2.8153333693335494,-0.7705839291223945,140.40635417067406,2,17.424320306624875,central,central,central,,75,3.428103105002558e-10,0.0025,0.2625
0.0015,-0.475,orbital,1.1671986216938504,0.0614076522665726,19.0073806539127,-0.991506956541742,172.5273067232088,2,0.005137295172926513,central,central,central,,18,1.1671986216938503e-10,0.0025,0.2625
0.0015,-0.475,photon_geometry,1.3455820925621889,0.14032416068439738,9.58909774339241,-0.9663912233488278,165.103374851187,2,0.035652115438736684,central,central,central,,27,1.345582092562189e-10,0.0025,0.2625
0.0015,-0.475,redshift,0.5976731158540984,0.1107932839656583,5.394488677123736,-0.8921947349252545,153.15034520226033,2,0.0043848456730832255,central,central,central,,9,5.976731158540984e-11,0.0025,0.2625
0.0015,-0.475,timing,1.645733900444186,0.37239396356915583,4.419335600048101,-0.9019647577441416,154.41753984933166,2,0.3755990590424052,central,central,central,,17,1.645733900444186e-10,0.0025,0.2625
0.0015,-0.475,all_shooting,2.473834969984103,0.5414348915438586,4.569035000552253,-0.8936449789085417,153.33490857730726,2,1.7940474597782716,central,central,central,,71,2.473834969984103e-10,0.0025,0.2625
0.0015,-0.475,ringdown_only,1.608541662973992,0.20431908411224498,7.872694173248749,-0.9115688479966209,155.72306303717994,2,0.10801460814421894,central,central,central,,4,1.608541662973992e-10,0.0025,0.2625
0.0015,-0.475,ringdown_plus_photon_geometry,1.9369709241366786,0.8411767035531387,2.302692069282107,-0.6618344123051114,131.43992600535572,2,2.654731945378666,central,central,central,,31,1.9369709241366787e-10,0.0025,0.2625
0.0015,-0.475,ringdown_plus_all_shooting,2.8141379799772746,1.0596184217926679,2.6558031854677475,-0.751420499901463,138.71357624313268,2,8.891801829946033,central,central,central,,75,2.8141379799772747e-10,0.0025,0.2625
0.0015,-0.45,orbital,0.9727778133596233,0.06022014569719911,16.153694118426355,-0.9859566350424931,170.3864723134457,2,0.0034317126653671845,central,one_sided_backward,one_sided,,18,9.727778133596233e-11,0.0025,0.2625
0.0015,-0.45,photon_geometry,1.1219266208993608,0.12941744630136903,8.669052380208283,-0.9509806066801705,161.98593068397793,2,0.02108213344318389,central,one_sided_backward,one_sided,,27,1.1219266208993608e-10,0.0025,0.2625
0.0015,-0.45,redshift,0.49141232554914116,0.10772986784135286,4.561523516141446,-0.8290217999245404,145.99838394539768,2,0.00280262082388404,central,one_sided_backward,one_sided,,9,4.914123255491412e-11,0.0025,0.2625
0.0015,-0.45,timing,1.4596086755075028,0.3395996286107421,4.298027890897797,-0.8951934629923693,153.53329032927672,2,0.24570120437194826,central,one_sided_backward,one_sided,,17,1.459608675507503e-10,0.0025,0.2625
0.0015,-0.45,all_shooting,2.1154386195991175,0.4991873359841757,4.237764997440114,-0.8703548303021804,150.49989927916766,2,1.1151363568345216,central,one_sided_backward,one_sided,,71,2.1154386195991175e-10,0.0025,0.2625
0.0015,-0.45,ringdown_only,1.5349682286576154,0.19809983872040096,7.748457740160388,-0.9127570199958885,155.88917579954907,2,0.0924627967137286,central,one_sided_backward,one_sided,,4,1.5349682286576156e-10,0.0025,0.2625
0.0015,-0.45,ringdown_plus_photon_geometry,1.7521714888805915,0.7750705133941962,2.2606607509908554,-0.63824583469572,129.6611398306237,2,1.8443173361659349,central,one_sided_backward,one_sided,,31,1.7521714888805917e-10,0.0025,0.2625
0.0015,-0.45,ringdown_plus_all_shooting,2.471082208520628,1.0066738684999021,2.454699864418769,-0.7152517100286385,135.66383150939777,2,6.188023839467069,central,one_sided_backward,one_sided,,75,2.471082208520628e-10,0.0025,0.2625
0.00175,-0.7125,orbital,50.62099038518994,3.2434647586366663,15.60707272998631,-0.9917473445228124,172.633967779041,2,26957.501780767438,central,one_sided_forward,one_sided,,18,5.062099038518994e-09,0.0025,0.2625
0.00175,-0.7125,photon_geometry,46.826311973237225,5.430435198469902,8.622939094537243,-0.9724365214765601,166.51635599335017,2,64662.00691317693,central,one_sided_forward,one_sided,,27,4.682631197323723e-09,0.0025,0.2625
0.00175,-0.7125,redshift,16.120583781496478,1.5362244269628886,10.493638493541486,-0.9782182803760572,168.01949331868326,2,613.2970318756344,central,one_sided_forward,one_sided,,9,1.6120583781496478e-09,0.0025,0.2625
0.00175,-0.7125,timing,33.3083324722865,4.682053138198843,7.114044093292801,-0.9598983938376914,163.71901676524587,2,24320.833728625854,central,one_sided_forward,one_sided,,17,3.3308332472286504e-09,0.0025,0.2625
0.00175,-0.7125,all_shooting,78.20514669256733,8.529520624940945,9.168762247187694,-0.9758705958611849,167.3878801176474,2,444958.91994249023,central,one_sided_forward,one_sided,,71,7.820514669256733e-09,0.0025,0.2625
0.00175,-0.7125,ringdown_only,2.4740987901937026,0.6202705722919696,3.9887412053930418,-0.7436598728356685,138.04412093379048,2,2.355029916151878,central,one_sided_forward,one_sided,,4,2.4740987901937026e-10,0.0025,0.2625
0.00175,-0.7125,ringdown_plus_photon_geometry,46.87408993522582,5.614152884502821,8.349272080675961,-0.970655797819239,166.08553395117355,2,69252.29465799748,central,one_sided_forward,one_sided,,31,4.687408993522582e-09,0.0025,0.2625
0.00175,-0.7125,ringdown_plus_all_shooting,78.23431205449545,8.64268529240691,9.052083861393026,-0.9752593242043882,167.22847100937275,2,457184.95946754556,central,one_sided_forward,one_sided,,75,7.823431205449545e-09,0.0025,0.2625
0.00175,-0.69,orbital,27.063291516305423,0.7616710373840033,35.5314698708456,-0.9968798243230294,175.47269095669762,2,424.9091809233299,central,central,central,,18,2.7063291516305424e-09,0.0025,0.2625
0.00175,-0.69,photon_geometry,27.756217858641836,1.463731404525915,18.962644220666796,-0.9885357749256879,171.31588109835616,2,1650.6057617433478,central,central,central,,27,2.7756217858641837e-09,0.0025,0.2625
0.00175,-0.69,redshift,11.674125172782043,0.3513172830128131,33.22957832494756,-0.9963616944619886,175.1110119405611,2,16.820841632995283,central,central,central,,9,1.1674125172782044e-09,0.0025,0.2625
0.00175,-0.69,timing,19.909437561322783,2.7682620584851225,7.192034981044329,-0.9277364630334157,158.08467592133326,2,3037.6125862973313,central,central,central,,17,1.9909437561322784e-09,0.0025,0.2625
0.00175,-0.69,all_shooting,45.11576281884123,3.2523186185475996,13.871876685620904,-0.9793773454418861,168.34374310020328,2,21529.938058853404,central,central,central,,71,4.511576281884123e-09,0.0025,0.2625
0.00175,-0.69,ringdown_only,2.3842647645784303,0.6012853748689361,3.965279822576984,-0.7436698550719928,138.04497642372075,2,2.055276433672759,central,central,central,,4,2.3842647645784305e-10,0.0025,0.2625
0.00175,-0.69,ringdown_plus_photon_geometry,27.80299689526061,2.3642685238258165,11.759661229288078,-0.9711282430283018,166.19855001471228,2,4320.925945263754,central,central,central,,31,2.780299689526061e-09,0.0025,0.2625
0.00175,-0.69,ringdown_plus_all_shooting,45.14490541692371,3.7407764687482907,12.06832479675797,-0.9730678956555517,166.67238837893262,2,28519.44108424619,central,central,central,,75,4.514490541692371e-09,0.0025,0.2625
0.00175,-0.6666666666666666,orbital,10.449921646042581,0.6603140522530854,15.825684173138468,-0.9852899802987991,170.16038575935576,2,47.61317554094193,central,central,central,,18,1.0449921646042581e-09,0.0025,0.2625
0.00175,-0.6666666666666666,photon_geometry,13.260460721702332,1.0861058056670396,12.209179485564324,-0.9723017840473409,166.48328707367492,2,207.42519034189675,central,central,central,,27,1.3260460721702333e-09,0.0025,0.2625
0.00175,-0.6666666666666666,redshift,7.428467576388125,0.3333742481138864,22.28266765779231,-0.9918630625731155,172.68586378351375,2,6.1328531059334255,central,central,central,,9,7.428467576388125e-10,0.0025,0.2625
0.00175,-0.6666666666666666,timing,9.534128458125455,2.233781356839736,4.26815651806404,-0.8192583084804294,145.01061636255108,2,453.5689560627398,central,central,central,,17,9.534128458125456e-10,0.0025,0.2625
0.00175,-0.6666666666666666,all_shooting,20.761779540068055,2.605280270434437,7.969115559534781,-0.9402849474096422,160.09946478760423,2,2925.7556442991468,central,central,central,,71,2.0761779540068057e-09,0.0025,0.2625
0.00175,-0.6666666666666666,ringdown_only,2.2936311655937747,0.5403053104422063,4.245065005406999,-0.7696038348568127,140.31832688808592,2,1.5357680714105761,central,central,central,,4,2.2936311655937746e-10,0.0025,0.2625
0.00175,-0.6666666666666666,ringdown_plus_photon_geometry,13.350318132954907,2.0835363865515935,6.4075281905926635,-0.910902925800646,155.63042891079047,2,773.7228242452825,central,central,central,,31,1.3350318132954908e-09,0.0025,0.2625
0.00175,-0.6666666666666666,ringdown_plus_all_shooting,20.820302039526723,3.1474865675738792,6.614897821653061,-0.9172528415073977,156.52771389453306,2,4294.393351181396,central,central,central,,75,2.0820302039526724e-09,0.0025,0.2625
0.00175,-0.64,orbital,6.50532854798785,0.30075872628334466,21.629725023702832,-0.9928425593585712,173.1407618013825,2,3.8280265772196715,central,central,central,,18,6.50532854798785e-10,0.0025,0.2625
0.00175,-0.64,photon_geometry,8.373268022459166,0.8130626270171546,10.298429351226964,-0.9637387234282405,164.52323006460333,2,46.34874547360416,central,central,central,,27,8.373268022459167e-10,0.0025,0.2625
0.00175,-0.64,redshift,5.110112948656579,0.29310999010643873,17.43411388605661,-0.9867927402678257,170.67769864667622,2,2.243480197417743,central,central,central,,9,5.11011294865658e-10,0.0025,0.2625
0.00175,-0.64,timing,5.9375478796091405,1.7879814233106248,3.3208107210729194,-0.7651268758204685,139.91828076955994,2,112.70423980632523,central,central,central,,17,5.93754787960914e-10,0.0025,0.2625
0.00175,-0.64,all_shooting,13.178616881666604,2.0388773463416743,6.463663400504592,-0.9189091273379324,156.76712124867475,2,721.97451295723,central,central,central,,71,1.3178616881666606e-09,0.0025,0.2625
0.00175,-0.64,ringdown_only,2.193326367983854,0.47893552935690464,4.579585838889348,-0.797135380938063,142.85741554853686,2,1.1034702560906888,central,central,central,,4,2.193326367983854e-10,0.0025,0.2625
0.00175,-0.64,ringdown_plus_photon_geometry,8.508875716393169,1.8471009859067107,4.606610998161698,-0.8555666378129374,148.82239097148775,2,247.01631620959995,central,central,central,,31,8.508875716393169e-10,0.0025,0.2625
0.00175,-0.64,ringdown_plus_all_shooting,13.267311287077481,2.61753218828985,5.0686334809680424,-0.8788756554561369,151.50703043594055,2,1206.0071981635726,central,central,central,,75,1.3267311287077481e-09,0.0025,0.2625
0.00175,-0.61,orbital,4.989870874950843,0.16703229009205603,29.873690124231608,-0.9962372216400981,175.02803317010054,2,0.6946715066243089,central,central,central,,18,4.989870874950843e-10,0.0025,0.2625
0.00175,-0.61,photon_geometry,6.155632460167938,0.5507845355698864,11.17611708868845,-0.9707845321300328,166.11623975080062,2,11.494996366001445,central,central,central,,27,6.155632460167939e-10,0.0025,0.2625
0.00175,-0.61,redshift,3.548616939161523,0.23349324065209992,15.197942900834928,-0.9826144043745647,169.30049617987856,2,0.6865416163577759,central,central,central,,9,3.5486169391615233e-10,0.0025,0.2625
0.00175,-0.61,timing,4.501613323661135,1.348849372848621,3.337372885568553,-0.7974514307820367,142.88741648524737,2,36.869163457544225,central,central,central,,17,4.5016133236611354e-10,0.0025,0.2625
0.00175,-0.61,all_shooting,9.76913299031962,1.5546847790124556,6.283674428539158,-0.9202178862525122,156.95795622598808,2,230.67298574091788,central,central,central,,71,9.76913299031962e-10,0.0025,0.2625
0.00175,-0.61,ringdown_only,2.0841829020381164,0.4187728410947299,4.976881730414454,-0.8252511517205334,145.61396252356892,2,0.7617784352247903,central,central,central,,4,2.0841829020381164e-10,0.0025,0.2625
0.00175,-0.61,ringdown_plus_photon_geometry,6.330140510162715,1.6259411958861292,3.893216142243584,-0.8244175479843865,145.5294839875611,2,105.93424357375517,central,central,central,,31,6.330140510162715e-10,0.0025,0.2625
0.00175,-0.61,ringdown_plus_all_shooting,9.882567650126607,2.1695736555604173,4.555073585447766,-0.8651243110472813,149.89690297995577,2,459.71469809717206,central,central,central,,75,9.882567650126606e-10,0.0025,0.2625
0.00175,-0.58,orbital,3.900564027842623,0.11088067470336127,35.17803294647864,-0.9972039508372641,175.7144035244672,2,0.18705380303619457,central,central,central,,18,3.900564027842623e-10,0.0025,0.2625
0.00175,-0.58,photon_geometry,4.658216027518031,0.3756615014645633,12.40003569531984,-0.976357263060862,167.51622600403851,2,3.0621935023220255,central,central,central,,27,4.658216027518031e-10,0.0025,0.2625
0.00175,-0.58,redshift,2.4880034234422084,0.1877454010824774,13.252007288046524,-0.9769075655155177,167.66293666465666,2,0.21819287375281643,central,central,central,,9,2.4880034234422083e-10,0.0025,0.2625
0.00175,-0.58,timing,3.6520408170298975,1.0174685573698912,3.5893402214514154,-0.8332849443932114,146.43767496025015,2,13.807442392655599,central,central,central,,17,3.6520408170298974e-10,0.0025,0.2625
0.00175,-0.58,all_shooting,7.496231114966373,1.2129984411439172,6.179918176891521,-0.9204411671184536,156.99066299664088,2,82.68113332948852,central,central,central,,71,7.496231114966374e-10,0.0025,0.2625
0.00175,-0.58,ringdown_only,1.9785742177692398,0.36678032469322713,5.394439353921472,-0.8500300763103524,148.2149407984158,2,0.5266435292694399,central,central,central,,4,1.97857421776924e-10,0.0025,0.2625
0.00175,-0.58,ringdown_plus_photon_geometry,4.872304257124267,1.4662991135919152,3.322858352678699,-0.7857352700192682,141.7887329747569,2,51.04038541148698,central,central,central,,31,4.872304257124268e-10,0.0025,0.2625
0.00175,-0.58,ringdown_plus_all_shooting,7.633884924378176,1.8541658098353533,4.117153322472305,-0.8473210360522858,147.92147510406483,2,200.3495425168286,central,central,central,,75,7.633884924378176e-10,0.0025,0.2625
0.00175,-0.55,orbital,2.951894882981257,0.08743265728937943,33.76192574373269,-0.9968743109220564,175.468690723605,2,0.06661148751402919,central,central,central,,18,2.9518948829812567e-10,0.0025,0.2625
0.00175,-0.55,photon_geometry,3.4592981789443744,0.268318643595488,12.892500247428,-0.9779031731410247,167.93282649940986,2,0.8615444639411531,central,central,central,,27,3.4592981789443743e-10,0.0025,0.2625
0.00175,-0.55,redshift,1.7331371171713197,0.15663527644966843,11.06479431999616,-0.9665702491833648,165.14332759759282,2,0.07369618430548862,central,central,central,,9,1.7331371171713198e-10,0.0025,0.2625
0.00175,-0.55,timing,2.9788682539193436,0.7740941404905245,3.848198943905851,-0.8587548301402288,149.17706145599672,2,5.317287618234154,central,central,central,,17,2.9788682539193437e-10,0.0025,0.2625
0.00175,-0.55,all_shooting,5.685727731049053,0.9663040477798958,5.883994529581175,-0.9153124860728052,156.2501432521805,2,30.1855932513899,central,central,central,,71,5.685727731049053e-10,0.0025,0.2625
0.00175,-0.55,ringdown_only,1.876297130248391,0.32175555190545485,5.831436688930002,-0.8715154337687986,150.6352230721959,2,0.3644645792376116,central,central,central,,4,1.876297130248391e-10,0.0025,0.2625
0.00175,-0.55,ringdown_plus_photon_geometry,3.72795157321862,1.3285832338419477,2.805960122226041,-0.7378736200779268,137.5505942629272,2,24.531158546840114,central,central,central,,31,3.7279515732186204e-10,0.0025,0.2625
0.00175,-0.55,ringdown_plus_all_shooting,5.8548853033707795,1.6141805924087986,3.6271562989328787,-0.8203886747460756,145.12372053015784,2,89.31841880873046,central,central,central,,75,5.854885303370779e-10,0.0025,0.2625
0.00175,-0.525,orbital,2.287582091814739,0.0767156334220022,29.818981995899883,-0.9959116503078456,174.81725643155684,2,0.030797901566384157,central,central,central,,18,2.287582091814739e-10,0.0025,0.2625
0.00175,-0.525,photon_geometry,2.6577219724232215,0.21140066198898733,12.571966177483741,-0.9765060363571642,167.55572105353534,2,0.3156688874912237,central,central,central,,27,2.6577219724232215e-10,0.0025,0.2625
0.00175,-0.525,redshift,1.2742221275278693,0.13836376573791087,9.209218329179516,-0.9517204461852395,162.12351106915494,2,0.03108386626813135,central,central,central,,9,1.2742221275278693e-10,0.0025,0.2625
0.00175,-0.525,timing,2.5132390368193183,0.6198024443633043,4.0549033965186405,-0.874864396393894,151.02893104845157,2,2.4264657349891734,central,central,central,,17,2.5132390368193183e-10,0.0025,0.2625
0.00175,-0.525,all_shooting,4.476411042207132,0.8075578661504723,5.54314585968387,-0.9081337103412549,155.24870490438485,2,13.067942664654565,central,central,central,,71,4.4764110422071317e-10,0.0025,0.2625
0.00175,-0.525,ringdown_only,1.7935220648705763,0.28899672027805173,6.206029131212905,-0.8869183152262513,152.488522177854,2,0.26865768997615097,central,central,central,,4,1.7935220648705764e-10,0.0025,0.2625
0.00175,-0.525,ringdown_plus_photon_geometry,2.990814621945567,1.2097291933553749,2.4723009400559066,-0.6994767237457992,134.38503653604585,2,13.090472205690553,central,central,central,,31,2.990814621945567e-10,0.0025,0.2625
0.00175,-0.525,ringdown_plus_all_shooting,4.680413810215294,1.4437356380689956,3.241877312438843,-0.7943494546077374,142.59385311294065,2,45.66083595427908,central,central,central,,75,4.680413810215294e-10,0.0025,0.2625
0.00175,-0.5,orbital,1.7465363488797327,0.06960336906053403,25.092698420399312,-0.9941244749170737,173.78596286410544,2,0.014778004019561277,central,central,central,,18,1.7465363488797327e-10,0.0025,0.2625
0.00175,-0.5,photon_geometry,2.0196680005597187,0.17251383625160283,11.707281250265247,-0.9725954162672946,166.55545648889364,2,0.12139696658011512,central,central,central,,27,2.019668000559719e-10,0.0025,0.2625
0.00175,-0.5,redshift,0.9337633301097809,0.12480926533123414,7.4815225266461205,-0.9276258272769651,158.06769837974474,2,0.013582111237828078,central,central,central,,9,9.337633301097808e-11,0.0025,0.2625
0.00175,-0.5,timing,2.123740137313111,0.49751830245799594,4.268667357202225,-0.888447724730347,152.6788321734512,2,1.1164026893151318,central,central,central,,17,2.123740137313111e-10,0.0025,0.2625
0.00175,-0.5,all_shooting,3.5143913180674318,0.6770489702405238,5.1907490780451715,-0.8998534657753304,154.13881264727831,2,5.661615851296391,central,central,central,,71,3.514391318067432e-10,0.0025,0.2625
0.00175,-0.5,ringdown_only,1.7129461770351222,0.2601542969033407,6.584347048749922,-0.9001405098162131,154.17654277529908,2,0.1985863716932334,central,central,central,,4,1.7129461770351223e-10,0.0025,0.2625
0.00175,-0.5,ringdown_plus_photon_geometry,2.439966797179832,1.0757540371570267,2.268145610336829,-0.6714619581891929,132.1799999513585,2,6.889596734489393,central,central,central,,31,2.439966797179832e-10,0.0025,0.2625
0.00175,-0.5,ringdown_plus_all_shooting,3.762591160242601,1.2861237378620454,2.9255281194772498,-0.7694397345020154,140.3036041271282,2,23.417448281609474,central,central,central,,75,3.762591160242601e-10,0.0025,0.2625
0.00175,-0.475,orbital,1.3159215283978807,0.06339375449774981,20.75790492018563,-0.9913239262853579,172.44709981918766,2,0.006959097662141819,central,central,central,,18,1.3159215283978807e-10,0.0025,0.2625
0.00175,-0.475,photon_geometry,1.51882013363126,0.14397687268244092,10.549056284763237,-0.9660556306713362,165.02876224525772,2,0.04781874381976799,central,central,central,,27,1.51882013363126e-10,0.0025,0.2625
0.00175,-0.475,redshift,0.6804262659006962,0.1135175391581089,5.994018818122797,-0.8916001239503212,153.07501152876375,2,0.005966066305108094,central,central,central,,9,6.804262659006962e-11,0.0025,0.2625
0.00175,-0.475,timing,1.7989273440592193,0.3979888969864421,4.520044045652112,-0.9013374160381687,154.33442528604127,2,0.5125888548894231,central,central,central,,17,1.7989273440592193e-10,0.0025,0.2625
0.00175,-0.475,all_shooting,2.7595604786503536,0.5643040193237872,4.8902017071527695,-0.8929456311377185,153.24575978854318,2,2.424968604343909,central,central,central,,71,2.759560478650354e-10,0.0025,0.2625
0.00175,-0.475,ringdown_only,1.6346183254243758,0.2345695709269568,6.968586415385412,-0.9115688479967657,155.72306303720012,2,0.14701988330717694,central,central,central,,4,1.634618325424376e-10,0.0025,0.2625
0.00175,-0.475,ringdown_plus_photon_geometry,2.0510049907184102,0.9208270302599257,2.227350982669855,-0.6619422648695399,131.44816970413382,2,3.566888657079806,central,central,central,,31,2.0510049907184103e-10,0.0025,0.2625
0.00175,-0.475,ringdown_plus_all_shooting,3.0629272050194416,1.1309685900694966,2.7082336608757887,-0.7509291429848622,138.67092734249297,2,11.999811882065728,central,central,central,,75,3.0629272050194416e-10,0.0025,0.2625
0.00175,-0.45,orbital,1.1046845995927763,0.06192353738013927,17.83949442053486,-0.9856471555517725,170.280868943755,2,0.004679377839290557,central,one_sided_backward,one_sided,,18,1.1046845995927764e-10,0.0025,0.2625
0.00175,-0.45,photon_geometry,1.2755512960779865,0.1319112562749921,9.669768388975665,-0.9507314340192806,161.93982275714342,2,0.0283112842119849,central,one_sided_backward,one_sided,,27,1.2755512960779866e-10,0.0025,0.2625
0.00175,-0.45,redshift,0.5626401958826491,0.10984551350752139,5.122104471241093,-0.8280389052138972,145.8978100345751,2,0.0038196727651150283,central,one_sided_backward,one_sided,,9,5.626401958826491e-11,0.0025,0.2625
0.00175,-0.45,timing,1.604360547454291,0.36098598183768704,4.444384624818125,-0.8946838254422127,153.46784701527963,2,0.3354166539036708,central,one_sided_backward,one_sided,,17,1.604360547454291e-10,0.0025,0.2625
0.00175,-0.45,all_shooting,2.37350752462767,0.5176581692825687,4.585086579271326,-0.8698663924994867,150.44311715936394,2,1.5096190582739921,central,one_sided_backward,one_sided,,71,2.37350752462767e-10,0.0025,0.2625
0.00175,-0.45,ringdown_only,1.56122148683916,0.22723005967976617,6.8706644228293525,-0.91275701999579,155.88917579953525,2,0.12585213997154468,central,one_sided_backward,one_sided,,4,1.56122148683916e-10,0.0025,0.2625
0.00175,-0.45,ringdown_plus_photon_geometry,1.844924845178675,0.8542423749095257,2.1597205891057256,-0.6388371803761034,129.7051655188491,2,2.4838169171473785,central,one_sided_backward,one_sided,,31,1.8449248451786752e-10,0.0025,0.2625
0.00175,-0.45,ringdown_plus_all_shooting,2.68962916600261,1.0753831550045783,2.501089173180474,-0.7151466965372754,135.65522276430085,2,8.365873045776757,central,one_sided_backward,one_sided,,75,2.68962916600261e-10,0.0025,0.2625
0.002,-0.7125,orbital,98.56338394195953,5.003617646371692,19.69842440167895,-0.9947814476179522,174.14399147252763,2,243220.08845539548,central,one_sided_forward,one_sided,,18,9.856338394195953e-09,0.0025,0.2625
0.002,-0.7125,photon_geometry,85.29650610893306,7.23758601411736,11.785214841323743,-0.985184572630596,170.1251075873782,2,381109.66293359705,central,one_sided_forward,one_sided,,27,8.529650610893306e-09,0.0025,0.2625
0.002,-0.7125,redshift,23.365962349980666,2.1751695664570843,10.742133721574241,-0.9789956360136677,168.23598646083258,2,2583.173529292056,central,one_sided_forward,one_sided,,9,2.3365962349980667e-09,0.0025,0.2625
0.002,-0.7125,timing,60.02280810004342,6.008085298972138,9.990338870573643,-0.9794442488139979,168.3627312674713,2,130048.33575501031,central,one_sided_forward,one_sided,,17,6.0022808100043425e-09,0.0025,0.2625
0.002,-0.7125,all_shooting,145.33475303097134,11.618827442074512,12.508555941254446,-0.9869504822447446,170.7336591028736,2,2851435.5348053207,central,one_sided_forward,one_sided,,71,1.4533475303097134e-08,0.0025,0.2625
0.002,-0.7125,ringdown_only,2.5116758340565712,0.6982751296127975,3.596971634159916,-0.7436598728358463,138.04412093380571,2,3.0759574415023585,central,one_sided_forward,one_sided,,4,2.5116758340565716e-10,0.0025,0.2625
0.002,-0.7125,ringdown_plus_photon_geometry,85.32526022435299,7.366999185656925,11.582091713879349,-0.9846686316168297,169.954200253141,2,395126.7993974135,central,one_sided_forward,one_sided,,31,8.5325260224353e-09,0.0025,0.2625
0.002,-0.7125,ringdown_plus_all_shooting,145.35183767370464,11.697306451964192,12.42609469715119,-0.9867789332336724,170.6728163104441,2,2890765.0119464756,central,one_sided_forward,one_sided,,75,1.4535183767370464e-08,0.0025,0.2625
0.002,-0.69,orbital,50.99342037896692,1.0192615640228273,50.029768784477454,-0.9979170194428649,176.30124425502575,2,2701.4664684057457,central,central,central,,18,5.099342037896692e-09,0.0025,0.2625
0.002,-0.69,photon_geometry,46.98788204581601,1.6196331784266114,29.011434608583574,-0.9937481979871134,173.58987116611348,2,5791.686813663765,central,central,central,,27,4.698788204581601e-09,0.0025,0.2625
0.002,-0.69,redshift,15.856935351913396,0.35848437438216507,44.233267849518555,-0.9974612560289583,175.916439391768,2,32.31312584274057,central,central,central,,9,1.5856935351913398e-09,0.0025,0.2625
0.002,-0.69,timing,33.596463688262396,2.8555061268744746,11.765502224656675,-0.9648379157114716,164.7610242604427,2,9203.506554385676,central,central,central,,17,3.3596463688262396e-09,0.0025,0.2625
0.002,-0.69,all_shooting,78.66557244434092,3.467996001878845,22.68329386819435,-0.9899856618043864,171.88456403215147,2,74426.32771957827,central,central,central,,71,7.866557244434092e-09,0.0025,0.2625
0.002,-0.69,ringdown_only,2.421031526908776,0.6767474427195611,3.577452050915296,-0.7436698550718993,138.04497642371274,2,2.684442688879615,central,central,central,,4,2.421031526908776e-10,0.0025,0.2625
0.002,-0.69,ringdown_plus_photon_geometry,47.016699177863735,2.496727850199142,18.831327240617604,-0.9853916163618496,170.19452064263467,2,13779.919597427455,central,central,central,,31,4.701669917786374e-09,0.0025,0.2625
0.002,-0.69,ringdown_plus_all_shooting,78.68288695805171,3.952463151867348,19.90730436560246,-0.9870687968228088,170.77585317340152,2,96715.53355824022,central,central,central,,75,7.868288695805171e-09,0.0025,0.2625
0.002,-0.6666666666666666,orbital,16.223733530616364,0.7371954215371985,22.007371528144688,-0.9897172626378818,171.7763456116595,2,143.0430849337668,central,central,central,,18,1.6223733530616365e-09,0.0025,0.2625
0.002,-0.6666666666666666,photon_geometry,18.142519237535403,1.1236288559959826,16.14636286770502,-0.9801193669619636,168.55607835007572,2,415.56690340470476,central,central,central,,27,1.8142519237535404e-09,0.0025,0.2625
0.002,-0.6666666666666666,redshift,8.954973990959305,0.3309118864713994,27.06150596900145,-0.9931160699697308,173.27324970104257,2,8.78119037144755,central,central,central,,9,8.954973990959305e-10,0.0025,0.2625
0.002,-0.6666666666666666,timing,13.417629435072111,2.2898846052285666,5.859522093137449,-0.8723896112017435,150.73752643306548,2,944.0147534222477,central,central,central,,17,1.3417629435072113e-09,0.0025,0.2625
0.002,-0.6666666666666666,all_shooting,29.198752782726178,2.678951623888157,10.899320660500733,-0.9586267336754932,163.46110949789625,2,6118.688509022951,central,central,central,,71,2.919875278272618e-09,0.0025,0.2625
0.002,-0.6666666666666666,ringdown_only,2.3291838572035357,0.6080663810363387,3.8304762931209333,-0.7696038348569574,140.3183268880989,2,2.005901154494471,central,central,central,,4,2.329183857203536e-10,0.0025,0.2625
0.002,-0.6666666666666666,ringdown_plus_photon_geometry,18.211120808215266,2.1362273201516015,8.524898374075132,-0.9348211446525154,159.19926882476977,2,1513.450707296469,central,central,central,,31,1.8211120808215267e-09,0.0025,0.2625
0.002,-0.6666666666666666,ringdown_plus_all_shooting,29.241714191166604,3.234337520485761,9.041021231072639,-0.9418649576470183,160.36714790416218,2,8944.917384900291,central,central,central,,75,2.9241714191166604e-09,0.0025,0.2625
0.002,-0.64,orbital,7.452221415237709,0.47694824762998833,15.624800913450608,-0.9832818004208709,169.50845862036445,2,12.633218705632562,central,central,central,,18,7.452221415237709e-10,0.0025,0.2625
0.002,-0.64,photon_geometry,9.571470335076084,0.8408551687321407,11.383018968068127,-0.9626386613656892,164.28876391605587,2,64.77385005552229,central,central,central,,27,9.571470335076085e-10,0.0025,0.2625
0.002,-0.64,redshift,5.823602365433011,0.300182524815886,19.40020448893506,-0.9867111802887462,170.64889465913888,2,3.0560062615203902,central,central,central,,9,5.823602365433011e-10,0.0025,0.2625
0.002,-0.64,timing,7.042968764637759,1.8507682293282606,3.805429903664391,-0.7703393829660323,140.38437493411746,2,169.90869178083867,central,central,central,,17,7.042968764637759e-10,0.0025,0.2625
0.002,-0.64,all_shooting,15.184750467771533,2.1306629933938126,7.126772518625577,-0.9165871115623859,156.43213295929328,2,1046.754519656912,central,central,central,,71,1.5184750467771534e-09,0.0025,0.2625
0.002,-0.64,ringdown_only,2.2277773736415494,0.5388904334014124,4.134008020109177,-0.7971353809380161,142.8574155485324,2,1.4412672732621485,central,central,central,,4,2.2277773736415495e-10,0.0025,0.2625
0.002,-0.64,ringdown_plus_photon_geometry,9.693443447041078,1.9001660071588988,5.101366622979735,-0.8537075827503138,148.6172460565288,2,339.2651504669319,central,central,central,,31,9.693443447041079e-10,0.0025,0.2625
0.002,-0.64,ringdown_plus_all_shooting,15.26342695039909,2.719846358796229,5.611871016550544,-0.8769472573944012,151.27627732748462,2,1723.426826710041,central,central,central,,75,1.526342695039909e-09,0.0025,0.2625
0.002,-0.61,orbital,5.3966630603632195,0.20126228300064786,26.81408051177601,-0.9943810511382545,173.923286845313,2,1.1797103704097756,central,central,central,,18,5.39666306036322e-10,0.0025,0.2625
0.002,-0.61,photon_geometry,6.672524297178165,0.5700639934336493,11.704868881452676,-0.9675708579394197,165.36859437370816,2,14.468634619811114,central,central,central,,27,6.672524297178166e-10,0.0025,0.2625
0.002,-0.61,redshift,3.979773959245218,0.23979548433481923,16.59653421032891,-0.9819920115912778,169.1100941580079,2,0.9107492304906167,central,central,central,,9,3.979773959245218e-10,0.0025,0.2625
0.002,-0.61,timing,4.956687413871958,1.4119242300720756,3.510590234448296,-0.78590744315951,141.80468371906332,2,48.97854119745097,central,central,central,,17,4.956687413871958e-10,0.0025,0.2625
0.002,-0.61,all_shooting,10.671796423331857,1.6072261934607681,6.639884582986267,-0.9139525966156499,156.0574170810929,2,294.19078644315044,central,central,central,,71,1.0671796423331858e-09,0.0025,0.2625
0.002,-0.61,ringdown_only,2.117638510934807,0.47103638766386013,4.4957004732424,-0.8252511517205834,145.61396252357397,2,0.994975915395577,central,central,central,,4,2.117638510934807e-10,0.0025,0.2625
0.002,-0.61,ringdown_plus_photon_geometry,6.8388688824293755,1.6684405903355608,4.0989585856658675,-0.8146484484896692,144.5526160920642,2,130.19372371719646,central,central,central,,31,6.838868882429376e-10,0.0025,0.2625
0.002,-0.61,ringdown_plus_all_shooting,10.778379802887535,2.2367860658070806,4.818690516564204,-0.8569499683493806,148.97583118972827,2,581.2404939351545,central,central,central,,75,1.0778379802887536e-09,0.0025,0.2625
0.002,-0.58,orbital,4.23773561894499,0.12152902988024125,34.87015096821719,-0.9965869639439704,175.2648726074022,2,0.26523313568151075,central,central,central,,18,4.23773561894499e-10,0.0025,0.2625
0.002,-0.58,photon_geometry,5.074314446899089,0.38429054735019297,13.204369667399108,-0.9748560717830506,167.12437238894293,2,3.8025431974034634,central,central,central,,27,5.074314446899089e-10,0.0025,0.2625
0.002,-0.58,redshift,2.7862212361620657,0.19173949074743107,14.531285262628641,-0.9763535387226012,167.51523887653732,2,0.28540024079140436,central,central,central,,9,2.786221236162066e-10,0.0025,0.2625
0.002,-0.58,timing,3.9833370691372543,1.0642629691333267,3.7428128053549115,-0.8264921696886111,145.7400672895882,2,17.971818260413286,central,central,central,,17,3.9833370691372543e-10,0.0025,0.2625
0.002,-0.58,all_shooting,8.192312291230914,1.2469806806446984,6.5697186960390015,-0.916377677059982,156.40213929612264,2,104.35961028619087,central,central,central,,71,8.192312291230914e-10,0.0025,0.2625
0.002,-0.58,ringdown_only,2.0111829028003236,0.4123811019803219,4.877000650956827,-0.8500300763103075,148.2149407984109,2,0.6878609361889078,central,central,central,,4,2.0111829028003236e-10,0.0025,0.2625
0.002,-0.58,ringdown_plus_photon_geometry,5.2773465872224135,1.5036203546475078,3.509760007511721,-0.7793375172460489,141.19995906428662,2,62.96622062192721,central,central,central,,31,5.277346587222414e-10,0.0025,0.2625
0.002,-0.58,ringdown_plus_all_shooting,8.32177435727799,1.9057617593213356,4.366639385314077,-0.8417102892085179,147.3211650512015,2,251.5180099217954,central,central,central,,75,8.321774357277991e-10,0.0025,0.2625
0.002,-0.55,orbital,3.2421534108969157,0.09143516101183233,35.4584973113063,-0.9965888741653701,175.26619863468744,2,0.08788071658440719,central,central,central,,18,3.2421534108969157e-10,0.0025,0.2625
0.002,-0.55,photon_geometry,3.805491605828718,0.2732487516436087,13.926839859060445,-0.9771297139050625,167.72265034135032,2,1.0812793515886583,central,central,central,,27,3.805491605828718e-10,0.0025,0.2625
0.002,-0.55,redshift,1.9435395647081983,0.15938705531843672,12.193835696539052,-0.9661441643932047,165.04841068865554,2,0.09596058043385465,central,central,central,,9,1.9435395647081985e-10,0.0025,0.2625
0.002,-0.55,timing,3.252320703632139,0.8101244536839753,4.014593916826573,-0.8553004416038517,148.79294213995811,2,6.94208953657475,central,central,central,,17,3.252320703632139e-10,0.0025,0.2625
0.002,-0.55,all_shooting,6.2552621181259855,0.9923145000581377,6.303709275395555,-0.9127369178796895,155.8863564729444,2,38.52917419566454,central,central,central,,71,6.255262118125986e-10,0.0025,0.2625
0.002,-0.55,ringdown_only,1.9081318182371583,0.3615856921484533,5.277122020231243,-0.8715154337687425,150.63522307218935,2,0.4760353688003139,central,central,central,,4,1.9081318182371584e-10,0.0025,0.2625
0.002,-0.55,ringdown_plus_photon_geometry,4.056427493638878,1.3687726179661002,2.9635510240308895,-0.7342096136765542,137.24047162396647,2,30.828333783011875,central,central,central,,31,4.056427493638878e-10,0.0025,0.2625
0.002,-0.55,ringdown_plus_all_shooting,6.4128128391809325,1.6614857723312968,3.8596856777069233,-0.8169573552588032,144.78136303291066,2,113.52470535327042,central,central,central,,75,6.412812839180933e-10,0.0025,0.2625
0.002,-0.525,orbital,2.5294817866903667,0.07919606808765849,31.939486994361886,-0.9956973642142953,174.68307219574606,2,0.040130110354763125,central,central,central,,18,2.5294817866903667e-10,0.0025,0.2625
0.002,-0.525,photon_geometry,2.9416609844845416,0.21512389363201948,13.67426432656711,-0.9759766020739419,167.4157267931454,2,0.4004631327844324,central,central,central,,27,2.9416609844845415e-10,0.0025,0.2625
0.002,-0.525,redshift,1.430508263128398,0.14062981399953242,10.172154982251163,-0.9513179532052617,162.04853709043041,2,0.04047021823153879,central,central,central,,9,1.4305082631283982e-10,0.0025,0.2625
0.002,-0.525,timing,2.7446730216663995,0.648763046998259,4.23062477797655,-0.8729666829088484,150.80523905574685,2,3.170687472598337,central,central,central,,17,2.7446730216663997e-10,0.0025,0.2625
0.002,-0.525,all_shooting,4.943432633854929,0.8288097976405104,5.964495892698294,-0.9064653296217441,155.0213671228716,2,16.786764322453323,central,central,central,,71,4.943432633854929e-10,0.0025,0.2625
0.002,-0.525,ringdown_only,1.8247246000552975,0.3246341906549938,5.620863891057397,-0.8869183152263208,152.48852217786262,2,0.3508998399687036,central,central,central,,4,1.8247246000552974e-10,0.0025,0.2625
0.002,-0.525,ringdown_plus_photon_geometry,3.249354049416552,1.255529021002466,2.588035796115755,-0.6975994375121705,134.23472243134376,2,16.643611914556637,central,central,central,,31,3.249354049416552e-10,0.0025,0.2625
0.002,-0.525,ringdown_plus_all_shooting,5.132028152219898,1.4905522985586228,3.443037964640767,-0.7922653463447783,142.39771844432576,2,58.5157124827694,central,central,central,,75,5.132028152219898e-10,0.0025,0.2625
0.002,-0.5,orbital,1.9398429571388114,0.07154726780019366,27.112746814540984,-0.9939104353248994,173.6736766016317,2,0.0192627927709614,central,central,central,,18,1.9398429571388116e-10,0.0025,0.2625
0.002,-0.5,photon_geometry,2.245263494450473,0.17549232584358845,12.794083636748967,-0.9721908431997317,166.45611808878448,2,0.15525689276790525,central,central,central,,27,2.2452634944504732e-10,0.0025,0.2625
0.002,-0.5,redshift,1.0491856493299783,0.12684517947583152,8.271387637004253,-0.927129744549087,157.99172539482385,2,0.017711388849940588,central,central,central,,9,1.0491856493299783e-10,0.0025,0.2625
0.002,-0.5,timing,2.318233374409214,0.5214550212036511,4.44570150855608,-0.8873112518124052,152.53730057945768,2,1.4613290411691309,central,central,central,,17,2.3182333744092143e-10,0.0025,0.2625
0.002,-0.5,all_shooting,3.88834980729486,0.6955952455430838,5.589960299770369,-0.8987080906126372,153.98876771756628,2,7.315497506515799,central,central,central,,71,3.8883498072948603e-10,0.0025,0.2625
0.002,-0.5,ringdown_only,1.743501990639112,0.29210851703725643,5.968679065994985,-0.9001405098161487,154.1765427752906,2,0.25937811813007866,central,central,central,,4,1.7435019906391122e-10,0.0025,0.2625
0.002,-0.5,ringdown_plus_photon_geometry,2.630813580592457,1.1295805403779264,2.329018150146478,-0.6708370485100508,132.13170152008232,2,8.831094950494181,central,central,central,,31,2.6308135805924573e-10,0.0025,0.2625
0.002,-0.5,ringdown_plus_all_shooting,4.116608547870928,1.3348324277587738,3.083989017844618,-0.7682774514103466,140.1994564861489,2,30.194833577440296,central,central,central,,75,4.116608547870928e-10,0.0025,0.2625
0.002,-0.475,orbital,1.4660106223547604,0.06488080502928775,22.595444395195013,-0.9911313029592304,172.36359361740332,2,0.009047043822628125,central,central,central,,18,1.4660106223547606e-10,0.0025,0.2625
0.002,-0.475,photon_geometry,1.6936624388299049,0.14645955890241263,11.564027991907363,-0.9657170347359367,164.95384836571463,2,0.061530317460121046,central,central,central,,27,1.693662438829905e-10,0.0025,0.2625
0.002,-0.475,redshift,0.7648408021171372,0.11538838435520184,6.628403772105137,-0.8909808518462238,152.996760207002,2,0.007788723408604504,central,central,central,,9,7.648408021171373e-11,0.0025,0.2625
0.002,-0.475,timing,1.961964016709464,0.4175960910392458,4.69823367318129,-0.9006981144231152,154.249983527935,2,0.6712664249520758,central,central,central,,17,1.9619640167094642e-10,0.0025,0.2625
0.002,-0.475,all_shooting,3.0542099864656715,0.5806256206283316,5.260205333620171,-0.8922407003703039,153.1561768980911,2,3.1447793336982715,central,central,central,,71,3.0542099864656716e-10,0.0025,0.2625
0.002,-0.475,ringdown_only,1.6645095800377594,0.26326533915387745,6.322554975855978,-0.9115688479966946,155.72306303719023,2,0.19202597003405686,central,central,central,,4,1.6645095800377595e-10,0.0025,0.2625
0.002,-0.475,ringdown_plus_photon_geometry,2.182854464264174,0.982339059478142,2.2220988193463405,-0.6620745733408016,131.4582841183377,2,4.598036219546867,central,central,central,,31,2.1828544642641742e-10,0.0025,0.2625
0.002,-0.475,ringdown_plus_all_shooting,3.3326055989358205,1.182778700998449,2.8176070435852316,-0.7504427047548682,138.62874090422017,2,15.537274189397547,central,central,central,,75,3.332605598935821e-10,0.0025,0.2625
0.002,-0.45,orbital,1.237542772825432,0.06316608696209765,19.59188596830465,-0.985357480618663,170.18304290740087,2,0.006110663717824622,central,one_sided_backward,one_sided,,18,1.237542772825432e-10,0.0025,0.2625
0.002,-0.45,photon_geometry,1.4301885052589967,0.1335400308148104,10.709811107070527,-0.9504844656118095,161.8942347249956,2,0.036476193476501245,central,one_sided_backward,one_sided,,27,1.4301885052589968e-10,0.0025,0.2625
0.002,-0.45,redshift,0.6349932235414989,0.11130451907024068,5.705008465476368,-0.8270234648953747,145.79417900978643,2,0.0049953253128557275,central,one_sided_backward,one_sided,,9,6.349932235414989e-11,0.0025,0.2625
0.002,-0.45,timing,1.7577626248724372,0.3771053623816074,4.661197639225532,-0.8941673507948737,153.40167812624625,2,0.43938564874951647,central,one_sided_backward,one_sided,,17,1.7577626248724372e-10,0.0025,0.2625
0.002,-0.45,all_shooting,2.639085680495323,0.5306071335447433,4.97370938619841,-0.8693798129045567,150.38664955640817,2,1.960889627624217,central,one_sided_backward,one_sided,,71,2.639085680495323e-10,0.0025,0.2625
0.002,-0.45,ringdown_only,1.5912943906956485,0.25478374528812137,6.245666845410952,-0.9127570199958284,155.88917579954065,2,0.16437830526890385,central,one_sided_backward,one_sided,,4,1.5912943906956485e-10,0.0025,0.2625
0.002,-0.45,ringdown_plus_photon_geometry,1.9545485871157822,0.9165939753954101,2.1324039210192365,-0.6394476910405266,129.75064753084652,2,3.209570638385943,central,one_sided_backward,one_sided,,31,1.9545485871157823e-10,0.0025,0.2625
0.002,-0.45,ringdown_plus_all_shooting,2.9288836332437382,1.1247623823739252,2.6040021244860907,-0.7150485477916476,135.64717797029542,2,10.852400189240292,central,one_sided_backward,one_sided,,75,2.9288836332437384e-10,0.0025,0.2625
0.00225,-0.7125,orbital,216.49202782270012,15.272243739869111,14.175522045757733,-0.9900870596374075,171.9258225101685,2,10931745.439840084,central,one_sided_forward,one_sided,,18,2.164920278227001e-08,0.0025,0.2625
0.00225,-0.7125,photon_geometry,170.8924182079778,16.449985937318303,10.388605732500517,-0.9814604193932065,168.95003645859086,2,7902721.052286016,central,one_sided_forward,one_sided,,27,1.708924182079778e-08,0.0025,0.2625
0.00225,-0.7125,redshift,35.98749662600527,3.2252239126983806,11.158138969612303,-0.9808677944670698,168.7742592495017,2,13471.719032898376,central,one_sided_forward,one_sided,,9,3.5987496626005267e-09,0.0025,0.2625
0.00225,-0.7125,timing,120.29317693113445,10.629976346076607,11.316410593475421,-0.984413368941757,169.87069901839268,2,1635108.5357129385,central,one_sided_forward,one_sided,,17,1.2029317693113445e-08,0.0025,0.2625
0.00225,-0.7125,all_shooting,302.82514583131325,27.617712182295055,10.96488890290652,-0.9834838675215315,169.5722318606267,2,69945417.80423295,central,one_sided_forward,one_sided,,71,3.028251458313133e-08,0.0025,0.2625
0.00225,-0.7125,ringdown_only,2.55513405335396,0.7721985709725433,3.3089080314353647,-0.7436598728357375,138.04412093379636,2,3.8930086369039043,central,one_sided_forward,one_sided,,4,2.5551340533539604e-10,0.0025,0.2625
0.00225,-0.7125,ringdown_plus_photon_geometry,170.90865064973156,16.497841436380984,10.359455284425536,-0.9813574792779889,168.91930602636856,2,7950278.477994106,central,one_sided_forward,one_sided,,31,1.7090865064973155e-08,0.0025,0.2625
0.00225,-0.7125,ringdown_plus_all_shooting,302.834538182705,27.643705581409492,10.954918373402244,-0.9834540887987014,169.56280935972512,2,70081490.09380701,central,one_sided_forward,one_sided,,75,3.02834538182705e-08,0.0025,0.2625
0.00225,-0.69,orbital,98.92453005519441,1.7566322857937067,56.31487640026889,-0.9976553786099869,176.0757299777665,2,30197.411191913005,central,central,central,,18,9.892453005519441e-09,0.0025,0.2625
0.00225,-0.69,photon_geometry,85.1058194269002,2.1081668440618877,40.3695844409181,-0.9955873116080085,174.61545401546033,2,32190.555608941137,central,central,central,,27,8.51058194269002e-09,0.0025,0.2625
0.00225,-0.69,redshift,22.761371410509152,0.4202259548372377,54.16460156375898,-0.9978917910073817,176.2789047312202,2,91.48767613436742,central,central,central,,9,2.2761371410509152e-09,0.0025,0.2625
0.00225,-0.69,timing,60.08704935525234,2.9921387219907176,20.081638900510423,-0.9833501667997495,169.52999234606628,2,32324.00795466967,central,central,central,,17,6.008704935525234e-09,0.0025,0.2625
0.00225,-0.69,all_shooting,145.4537527980445,4.178765493886391,34.80782853473016,-0.994070616574829,173.75751908956732,2,369441.65519284055,central,central,central,,71,1.454537527980445e-08,0.0025,0.2625
0.00225,-0.69,ringdown_only,2.4635570547255035,0.7481987286900472,3.292650682578304,-0.7436698550719727,138.04497642371905,2,3.3974977781121636,central,central,central,,4,2.4635570547255036e-10,0.0025,0.2625
0.00225,-0.69,ringdown_plus_photon_geometry,85.12243941537977,2.8712524168119686,29.64644937413534,-0.9918747960337417,172.6911463446721,2,59735.27530148778,central,central,central,,31,8.512243941537978e-09,0.0025,0.2625
0.00225,-0.69,ringdown_plus_all_shooting,145.46347317812607,4.611200466651646,31.5456840859821,-0.9927981542436016,173.11949164696992,2,449920.6349150164,central,central,central,,75,1.4546347317812606e-08,0.0025,0.2625
0.00225,-0.6666666666666666,orbital,26.613850962219626,0.7629893077584767,34.881027416237664,-0.9947429015900877,174.12238509668097,2,412.3370361432018,central,central,central,,18,2.6613850962219627e-09,0.0025,0.2625
0.00225,-0.6666666666666666,photon_geometry,26.550309086782583,1.1844390765723323,22.41593477616169,-0.9870883112336255,170.78283091738015,2,988.9278707306747,central,central,central,,27,2.6550309086782582e-09,0.0025,0.2625
0.00225,-0.6666666666666666,redshift,11.099694102838962,0.3302352667887702,33.611474058398215,-0.9944878270418732,173.98135479898457,2,13.435966810122396,central,central,central,,9,1.1099694102838961e-09,0.0025,0.2625
0.00225,-0.6666666666666666,timing,19.74700609280474,2.328746931004062,8.479670259529069,-0.9201989114690293,156.95517877317275,2,2114.6919470457424,central,central,central,,17,1.974700609280474e-09,0.0025,0.2625
0.00225,-0.6666666666666666,all_shooting,43.890175967174976,2.744641001873919,15.99122651640368,-0.9754793953553205,167.2856352995288,2,14511.280531478025,central,central,central,,71,4.389017596717498e-09,0.0025,0.2625
0.00225,-0.6666666666666666,ringdown_only,2.3700966088201487,0.6722661400132932,3.525533219289139,-0.7696038348569346,140.31832688809686,2,2.5387186486565914,central,central,central,,4,2.3700966088201486e-10,0.0025,0.2625
0.00225,-0.6666666666666666,ringdown_plus_photon_geometry,26.6003691593089,2.193506055710445,12.126872907443799,-0.9583180881018118,163.3991002681836,2,3404.4973701752033,central,central,central,,31,2.6600369159308903e-09,0.0025,0.2625
0.00225,-0.6666666666666666,ringdown_plus_all_shooting,43.92060454666773,3.306115033106292,13.284657099605427,-0.9651875136922238,164.83741752716782,2,21084.948248467575,central,central,central,,75,4.3920604546667735e-09,0.0025,0.2625
0.00225,-0.64,orbital,9.302898901939319,0.6751942353748763,13.778107712626179,-0.970730050128176,166.1032365471468,2,39.454273805425736,central,central,central,,18,9.302898901939319e-10,0.0025,0.2625
0.00225,-0.64,photon_geometry,11.43803896418854,0.8689708364539247,13.162742044214756,-0.9646883795639583,164.72846193544956,2,98.79012750703409,central,central,central,,27,1.143803896418854e-09,0.0025,0.2625
0.00225,-0.64,redshift,6.656580318481777,0.30575333203249094,21.77108021761285,-0.9869154078960308,170.72118722408263,2,4.142330535906222,central,central,central,,9,6.656580318481777e-10,0.0025,0.2625
0.00225,-0.64,timing,8.709382250379356,1.8964273764205535,4.592520841382305,-0.790467380370065,142.2292103866016,2,272.8017399891376,central,central,central,,17,8.709382250379357e-10,0.0025,0.2625
0.00225,-0.64,all_shooting,18.37142990666244,2.219807805731652,8.276135374975487,-0.9197533574549678,156.8900510756695,2,1663.0935097042548,central,central,central,,71,1.837142990666244e-09,0.0025,0.2625
0.00225,-0.64,ringdown_only,2.2672256770200114,0.5957033379573771,3.805964366078863,-0.7971353809381144,142.85741554854172,2,1.824103892721046,central,central,central,,4,2.2672256770200116e-10,0.0025,0.2625
0.00225,-0.64,ringdown_plus_photon_geometry,11.545368901858446,1.9451162737211996,5.935567481408715,-0.8619869421835712,149.5404140217796,2,504.3206638730014,central,central,central,,31,1.1545368901858446e-09,0.0025,0.2625
0.00225,-0.64,ringdown_plus_all_shooting,18.438896958392064,2.8176652045604147,6.544034020986083,-0.8822163027877408,151.91088138361818,2,2699.284448171629,central,central,central,,75,1.8438896958392065e-09,0.0025,0.2625
0.00225,-0.61,orbital,5.858555370561534,0.24318395221711403,24.09104431912115,-0.9915932230680801,172.56540845277263,2,2.0297890365481264,central,central,central,,18,5.858555370561535e-10,0.0025,0.2625
0.00225,-0.61,photon_geometry,7.2227224829172725,0.5879971638073496,12.283600887033723,-0.9642624473490436,164.6360820893575,2,18.03650220839532,central,central,central,,27,7.222722482917273e-10,0.0025,0.2625
0.00225,-0.61,redshift,4.42805672967839,0.2452648224212879,18.05418602620632,-0.981334402284377,168.91242845584216,2,1.1794971032844601,central,central,central,,9,4.4280567296783903e-10,0.0025,0.2625
0.00225,-0.61,timing,5.491154550757903,1.4647430440309377,3.748885904005646,-0.7752035514123337,140.8234908918746,2,64.69194714490123,central,central,central,,17,5.491154550757903e-10,0.0025,0.2625
0.00225,-0.61,all_shooting,11.667322873104109,1.6537650645998314,7.055006253821972,-0.9078857176712165,155.2147892424731,2,372.29744813739114,central,central,central,,71,1.1667322873104109e-09,0.0025,0.2625
0.00225,-0.61,ringdown_only,2.155765585268771,0.5205437926821445,4.141372187267881,-0.8252511517206106,145.61396252357673,2,1.2592663929220014,central,central,central,,4,2.155765585268771e-10,0.0025,0.2625
0.00225,-0.61,ringdown_plus_photon_geometry,7.384736872698228,1.702178941716893,4.338402204206366,-0.8056639524436183,143.6744255984528,2,158.00850999457495,central,central,central,,31,7.384736872698228e-10,0.0025,0.2625
0.00225,-0.61,ringdown_plus_all_shooting,11.76943005787442,2.293505859090057,5.131632871670061,-0.84929821028554,148.13542072029355,2,728.635912448625,central,central,central,,75,1.176943005787442e-09,0.0025,0.2625
0.00225,-0.58,orbital,4.561620115269606,0.1337500554199061,34.10555682349794,-0.9957486971826465,174.7149070423711,2,0.37224268440639857,central,central,central,,18,4.561620115269606e-10,0.0025,0.2625
0.00225,-0.58,photon_geometry,5.470133744102481,0.39097507825013145,13.991003642955704,-0.9732257868621724,166.71168938320912,2,4.573977672453958,central,central,central,,27,5.470133744102481e-10,0.0025,0.2625
0.00225,-0.58,redshift,3.087697075947887,0.19492953759156137,15.840067719329344,-0.9757387474425645,167.35332915171034,2,0.36226358294188654,central,central,central,,9,3.087697075947887e-10,0.0025,0.2625
0.00225,-0.58,timing,4.327217956704561,1.1031329642054597,3.9226621786443254,-0.8190224448947012,144.9870561267269,2,22.786271426018196,central,central,central,,17,4.327217956704561e-10,0.0025,0.2625
0.00225,-0.58,all_shooting,8.876384802218395,1.274705073917379,6.96348118780119,-0.9119428619343238,155.7752367197368,2,128.0240822807462,central,central,central,,71,8.876384802218395e-10,0.0025,0.2625
0.00225,-0.58,ringdown_only,2.048196498577145,0.4555449392216897,4.496145873284294,-0.8500300763102889,148.2149407984089,2,0.8705739973641329,central,central,central,,4,2.0481964985771448e-10,0.0025,0.2625
0.00225,-0.58,ringdown_plus_photon_geometry,5.668864836824585,1.5303026630144985,3.704407614149775,-0.7727347856555219,140.6001094190788,2,75.25699489390813,central,central,central,,31,5.668864836824585e-10,0.0025,0.2625
0.00225,-0.58,ringdown_plus_all_shooting,9.001847003243874,1.9453690655368847,4.627320934991601,-0.8357489414218375,146.6939038138239,2,306.6671562081331,central,central,central,,75,9.001847003243875e-10,0.0025,0.2625
0.00225,-0.55,orbital,3.524151888236187,0.09545512685676749,36.919461576162945,-0.996242842087,175.03175019139744,2,0.1131638603474772,central,central,central,,18,3.524151888236187e-10,0.0025,0.2625
0.00225,-0.55,photon_geometry,4.141315640964305,0.2768456019336287,14.9589359991247,-0.9763043210312363,167.5022010448795,2,1.3144737641410864,central,central,central,,27,4.1413156409643054e-10,0.0025,0.2625
0.00225,-0.55,redshift,2.1555720566218,0.16139585915027088,13.355807689061036,-0.9656797618580261,164.94562404697783,2,0.1210346911303543,central,central,central,,9,2.1555720566218e-10,0.0025,0.2625
0.00225,-0.55,timing,3.5337227071989843,0.8386908972066819,4.213379111384531,-0.8516657608542876,148.39331157817355,2,8.783524019162327,central,central,central,,17,3.5337227071989846e-10,0.0025,0.2625
0.00225,-0.55,all_shooting,6.818715880476155,1.0120023648294734,6.737845797055165,-0.9100643965067917,155.51425216477358,2,47.61768133656122,central,central,central,,71,6.818715880476155e-10,0.0025,0.2625
0.00225,-0.55,ringdown_only,1.9441445032587523,0.39924877416904087,4.869506505824879,-0.8715154337688005,150.63522307219614,2,0.6024822636375783,central,central,central,,4,1.9441445032587525e-10,0.0025,0.2625
0.00225,-0.55,ringdown_plus_photon_geometry,4.383478929054772,1.3969068104798998,3.1379895181045407,-0.7306039718546181,136.93705106599015,2,37.49494457829618,central,central,central,,31,4.3834789290547723e-10,0.0025,0.2625
0.00225,-0.55,ringdown_plus_all_shooting,6.970062359731081,1.69598442792523,4.109744314255205,-0.8134311928540655,144.43253584081185,2,139.73881241815187,central,central,central,,75,6.970062359731081e-10,0.0025,0.2625
0.00225,-0.525,orbital,2.7679505802385655,0.08139007079609958,34.00845524723653,-0.9954573859428484,174.53669948205498,2,0.05075274264068322,central,central,central,,18,2.7679505802385655e-10,0.0025,0.2625
0.00225,-0.525,photon_geometry,3.2213948097803375,0.21771031237869892,14.79670289653915,-0.9754296610118972,167.27269453706253,2,0.4918649896811959,central,central,central,,27,3.2213948097803374e-10,0.0025,0.2625
0.00225,-0.525,redshift,1.5883693621102515,0.1422393112903303,11.166880292805748,-0.9508860992564543,161.96842922723644,2,0.051043716094914975,central,central,central,,9,1.5883693621102515e-10,0.0025,0.2625
0.00225,-0.525,timing,2.984701582393323,0.671207406620431,4.44676496855342,-0.8710804131742018,150.58443422516774,2,4.013426482648961,central,central,central,,17,2.984701582393323e-10,0.0025,0.2625
0.00225,-0.525,all_shooting,5.411284020014826,0.8444373774326609,6.408153126128462,-0.9047783860522964,154.79345190899033,2,20.880243305341946,central,central,central,,71,5.411284020014826e-10,0.0025,0.2625
0.00225,-0.525,ringdown_only,1.8599366819964587,0.3582992901699405,5.1910141410391715,-0.8869183152263687,152.48852217786856,2,0.44410760996006493,central,central,central,,4,1.8599366819964588e-10,0.0025,0.2625
0.00225,-0.525,ringdown_plus_photon_geometry,3.514804944556733,1.2878941511970416,2.7291101068281693,-0.6957506677630324,134.08706594951963,2,20.490983291667213,central,central,central,,31,3.514804944556733e-10,0.0025,0.2625
0.00225,-0.525,ringdown_plus_all_shooting,5.590999437577966,1.5243153745364793,3.667875776217308,-0.7901618581479468,142.20063996111563,2,72.63209267027366,central,central,central,,75,5.590999437577966e-10,0.0025,0.2625
0.00225,-0.5,orbital,2.1323188280313503,0.0729903849536342,29.213694781660166,-0.993713506277153,173.57209200635126,2,0.024223427381385092,central,central,central,,18,2.1323188280313505e-10,0.0025,0.2625
0.00225,-0.5,photon_geometry,2.469753010001524,0.1775602201386449,13.909382451052714,-0.9717791625916748,166.3557631266279,2,0.1923084627955434,central,central,central,,27,2.469753010001524e-10,0.0025,0.2625
0.00225,-0.5,redshift,1.1659103603485332,0.1282998633098468,9.087385834019447,-0.9266058722279327,157.91176618190906,2,0.02237601323948725,central,central,central,,9,1.1659103603485332e-10,0.0025,0.2625
0.00225,-0.5,timing,2.520628921057921,0.5401212059659657,4.666783850024862,-0.886139426359519,152.3920672704613,2,1.8535328491741538,central,central,central,,17,2.520628921057921e-10,0.0025,0.2625
0.00225,-0.5,all_shooting,4.266305337029335,0.7092717477780129,6.015050437853614,-0.8975531110896534,153.83827562309926,2,9.156493490439596,central,central,central,,71,4.266305337029335e-10,0.0025,0.2625
0.00225,-0.5,ringdown_only,1.7779118227053836,0.32226190648880343,5.516977920464065,-0.9001405098162076,154.17654277529837,2,0.3282754307581379,central,central,central,,4,1.7779118227053837e-10,0.0025,0.2625
0.00225,-0.5,ringdown_plus_photon_geometry,2.8338438186028334,1.1684861829063973,2.4252266394405804,-0.670246325726745,132.0860791861068,2,10.964756343329997,central,central,central,,31,2.8338438186028337e-10,0.0025,0.2625
0.00225,-0.5,ringdown_plus_all_shooting,4.482420606890362,1.3700935477459455,3.271616463171266,-0.7671215550870092,140.0961059966427,2,37.71600235960546,central,central,central,,75,4.4824206068903625e-10,0.0025,0.2625
0.00225,-0.475,orbital,1.6164249304324194,0.06603194716139933,24.4794376043683,-0.9909345234786707,172.27921273693443,2,0.011392506579794239,central,central,central,,18,1.6164249304324196e-10,0.0025,0.2625
0.00225,-0.475,photon_geometry,1.8687770319079537,0.14819586338503715,12.610183504600021,-0.9653756424293547,164.87868290124808,2,0.07669854726979206,central,central,central,,27,1.868777031907954e-10,0.0025,0.2625
0.00225,-0.475,redshift,0.8503130591425165,0.11672958442024646,7.284469171767494,-0.8903363274478036,152.91554009990787,2,0.009851890513888042,central,central,central,,9,8.503130591425166e-11,0.0025,0.2625
0.00225,-0.475,timing,2.132241475280585,0.43284337975361126,4.926127035821427,-0.9000463275207014,154.164157450808,2,0.8517935211910018,central,central,central,,17,2.1322414752805852e-10,0.0025,0.2625
0.00225,-0.475,all_shooting,3.3542100124267424,0.5926379754514454,5.659795948566498,-0.8915247244221268,153.0654727883981,2,3.95147697861657,central,central,central,,71,3.3542100124267423e-10,0.0025,0.2625
0.00225,-0.475,ringdown_only,1.698108714875104,0.2903133554901467,5.849226991325027,-0.9115688479967556,155.72306303719873,2,0.24303286832409987,central,central,central,,4,1.698108714875104e-10,0.0025,0.2625
0.00225,-0.475,ringdown_plus_photon_geometry,2.3287954719259605,1.0290074396033313,2.2631473615231394,-0.6622321141665076,131.4703294953083,2,5.742483094529842,central,central,central,,31,2.3287954719259603e-10,0.0025,0.2625
0.00225,-0.475,ringdown_plus_all_shooting,3.6165638264052444,1.2207643994066906,2.9625403789322062,-0.7499533759821193,138.5863393362492,2,19.491981005413827,central,central,central,,75,3.616563826405245e-10,0.0025,0.2625
0.00225,-0.45,orbital,1.3705717277923144,0.06422057223731177,21.341630571706744,-0.9850298344072335,170.07354418259945,2,0.00774732687182897,central,one_sided_backward,one_sided,,18,1.3705717277923145e-10,0.0025,0.2625
0.00225,-0.45,photon_geometry,1.5849212130002757,0.13462924899618167,11.772487960957331,-0.9502399183514239,161.84920266377685,2,0.04552963856051039,central,one_sided_backward,one_sided,,27,1.5849212130002757e-10,0.0025,0.2625
0.00225,-0.45,redshift,0.7080423386773186,0.11236856838783069,6.301071098757527,-0.825974699993901,145.6874357088474,2,0.006330064736245629,central,one_sided_backward,one_sided,,9,7.080423386773186e-11,0.0025,0.2625
0.00225,-0.45,timing,1.9174575323503986,0.3894804114970879,4.923116736423432,-0.8936437470737582,153.33475130740047,2,0.5577283854877684,central,one_sided_backward,one_sided,,17,1.9174575323503986e-10,0.0025,0.2625
0.00225,-0.45,all_shooting,2.9091858209520605,0.5400169590165829,5.3872119613612455,-0.8688826815289704,150.32905835835294,2,2.468071415422532,central,one_sided_backward,one_sided,,71,2.9091858209520604e-10,0.0025,0.2625
0.00225,-0.45,ringdown_only,1.6250700362681951,0.28067432641514434,5.789877745585324,-0.9127570199958756,155.88917579954727,2,0.20804129260587995,central,one_sided_backward,one_sided,,4,1.6250700362681953e-10,0.0025,0.2625
0.00225,-0.45,ringdown_plus_photon_geometry,2.0783247654876926,0.9645191317694929,2.154778165649061,-0.6400776091905253,129.79760686467088,2,4.018357006413705,central,one_sided_backward,one_sided,,31,2.0783247654876928e-10,0.0025,0.2625
0.00225,-0.45,ringdown_plus_all_shooting,3.1824089328166845,1.1605535495908477,2.74214742950779,-0.7149482032167268,135.63895438867436,2,13.640878418861018,central,one_sided_backward,one_sided,,75,3.1824089328166844e-10,0.0025,0.2625
0.0025,-0.7125,orbital,437.56698892820003,9.695772826781775,45.12966596324817,-0.9987419304049674,177.1256774304314,2,17999231.530446187,one_sided_backward,one_sided_forward,one_sided,,18,4.3756698892820004e-08,0.0025,0.2625
0.0025,-0.7125,photon_geometry,322.2767453424848,11.029692761562783,29.219013830156932,-0.9968583123939082,175.45710293351556,2,12635277.03004761,one_sided_backward,one_sided_forward,one_sided,,27,3.222767453424848e-08,0.0025,0.2625
0.0025,-0.7125,redshift,55.20616599520345,2.093634457846609,26.36857918931336,-0.9954231301506824,174.51612315214493,2,13359.090403810766,one_sided_backward,one_sided_forward,one_sided,,9,5.520616599520345e-09,0.0025,0.2625
0.0025,-0.7125,timing,228.4034182898575,7.176507023640123,31.826544241853885,-0.9973819100379793,175.8530890417139,2,2686775.794480715,one_sided_backward,one_sided_forward,one_sided,,17,2.2840341828985753e-08,0.0025,0.2625
0.0025,-0.7125,all_shooting,592.0238721859473,17.95257897912341,32.977093312019214,-0.9975973957988689,176.02748324353232,2,112961936.87079524,one_sided_backward,one_sided_forward,one_sided,,71,5.9202387218594736e-08,0.0025,0.2625
0.0025,-0.7125,ringdown_only,2.604639758597857,0.8416906612429714,3.094533275148189,-0.7436598728358899,138.04412093380944,2,4.8061835023473645,one_sided_backward,one_sided_forward,one_sided,,4,2.604639758597857e-10,0.0025,0.2625
0.0025,-0.7125,ringdown_plus_photon_geometry,322.28439827157956,11.145130467004641,28.917059268683154,-0.9967927200069588,175.4098993206563,2,12901757.579771638,one_sided_backward,one_sided_forward,one_sided,,31,3.2228439827157955e-08,0.0025,0.2625
0.0025,-0.7125,ringdown_plus_all_shooting,592.0280933499192,18.021920151448086,32.85044481247183,-0.997578909968264,176.0122239462602,2,113837868.03714304,one_sided_backward,one_sided_forward,one_sided,,75,5.920280933499193e-08,0.0025,0.2625
0.0025,-0.69,orbital,224.29827108442854,5.333902385846686,42.05143905137742,-0.9863925166734308,170.5371873863673,2,1431337.2674913274,one_sided_backward,central,one_sided,,18,2.2429827108442853e-08,0.0025,0.2625
0.0025,-0.69,photon_geometry,171.92493349549432,5.546294854393008,30.998159673988326,-0.9801785214013962,168.57317336013884,2,909250.6873455052,one_sided_backward,central,one_sided,,27,1.7192493349549432e-08,0.0025,0.2625
0.0025,-0.69,redshift,34.534290735529666,1.1733502548464814,29.432209685800988,-0.9876689165469393,170.99288852309266,2,1641.9367590974718,one_sided_backward,central,one_sided,,9,3.453429073552967e-09,0.0025,0.2625
0.0025,-0.69,timing,122.13151774014457,4.3423293307876,28.125807242260155,-0.9770432029237528,167.69936218426662,2,281255.5004055445,one_sided_backward,central,one_sided,,17,1.2213151774014457e-08,0.0025,0.2625
0.0025,-0.69,all_shooting,309.7780606606231,9.67572428635961,32.016007431850234,-0.9795252351490835,168.38575734791442,2,8983969.773860425,one_sided_backward,central,one_sided,,71,3.0977806066062315e-08,0.0025,0.2625
0.0025,-0.69,ringdown_only,2.5120014015789924,0.8152995523555319,3.0810778618992436,-0.7436698550718948,138.04497642371234,2,4.1944417013749575,one_sided_backward,central,one_sided,,4,2.5120014015789924e-10,0.0025,0.2625
0.0025,-0.69,ringdown_plus_photon_geometry,171.9326005905568,5.924513702550163,29.020542313295635,-0.9774958208859631,167.82168921737903,2,1037580.69070815,one_sided_backward,central,one_sided,,31,1.719326005905568e-08,0.0025,0.2625
0.0025,-0.69,ringdown_plus_all_shooting,309.7822458393072,9.899572429102042,31.292487433965526,-0.9786033717265542,168.1262547606894,2,9404721.141199024,one_sided_backward,central,one_sided,,75,3.097822458393072e-08,0.0025,0.2625
0.0025,-0.6666666666666666,orbital,43.495268072936035,1.4784439113755343,29.419626769924825,-0.9864743652918293,170.5657542534432,2,4135.173441573087,one_sided_backward,central,one_sided,,18,4.349526807293604e-09,0.0025,0.2625
0.0025,-0.6666666666666666,photon_geometry,40.23074055196805,1.6459411570040627,24.442392962088586,-0.9815963032726994,168.99073121387724,2,4384.748254486212,one_sided_backward,central,one_sided,,27,4.023074055196805e-09,0.0025,0.2625
0.0025,-0.6666666666666666,redshift,14.127857275006633,0.6058376332216223,23.319543884852234,-0.9839452351718448,169.71930763829477,2,73.25969261135846,one_sided_backward,central,one_sided,,9,1.4127857275006633e-09,0.0025,0.2625
0.0025,-0.6666666666666666,timing,29.646390121940257,2.4572005265770067,12.06510815917781,-0.9333075495955008,158.9564156886972,2,5306.70368177347,one_sided_backward,central,one_sided,,17,2.964639012194026e-09,0.0025,0.2625
0.0025,-0.6666666666666666,all_shooting,67.73894295335013,3.404559951210546,19.896534037905386,-0.9725505749087175,166.54441072640427,2,53186.18046964551,one_sided_backward,central,one_sided,,71,6.773894295335013e-09,0.0025,0.2625
0.0025,-0.6666666666666666,ringdown_only,2.4164644540990867,0.7326294394768548,3.2983447345831474,-0.7696038348569865,140.31832688810152,2,3.1342205538970456,one_sided_backward,central,one_sided,,4,2.416464454099087e-10,0.0025,0.2625
0.0025,-0.6666666666666666,ringdown_plus_photon_geometry,40.263836743538896,2.533989876705675,15.889501814381388,-0.9583801872975543,163.4115583614733,2,10409.744352600792,one_sided_backward,central,one_sided,,31,4.0263836743538895e-09,0.0025,0.2625
0.0025,-0.6666666666666666,ringdown_plus_all_shooting,67.75858220057583,3.912289025613437,17.319421381438314,-0.9643500812733655,164.65504453596463,2,70273.32180294847,one_sided_backward,central,one_sided,,75,6.775858220057583e-09,0.0025,0.2625
0.0025,-0.64,orbital,12.633172989750276,1.1625870448218698,10.866431933865146,-0.9220689425870675,157.23044629420338,2,215.7127644166676,one_sided_backward,central,one_sided,,18,1.2633172989750278e-09,0.0025,0.2625
0.0025,-0.64,photon_geometry,14.34389847850204,1.1046412544124347,12.985119305662403,-0.948716074237398,161.57099065943217,2,251.05965206704892,one_sided_backward,central,one_sided,,27,1.434389847850204e-09,0.0025,0.2625
0.0025,-0.64,redshift,7.6610969861106435,0.4289306624037031,17.86092172375435,-0.975266006717961,167.23020311193503,2,10.798317855908952,one_sided_backward,central,one_sided,,9,7.661096986110643e-10,0.0025,0.2625
0.0025,-0.64,timing,11.13894941274408,2.0162719567525493,5.524527271948329,-0.7865774427625912,141.8668087133073,2,504.4134784010073,one_sided_backward,central,one_sided,,17,1.1138949412744079e-09,0.0025,0.2625
0.0025,-0.64,all_shooting,23.41077061412135,2.62108349891051,8.931714927758831,-0.8985750384859267,153.97138998799318,2,3765.2440589105004,one_sided_backward,central,one_sided,,71,2.341077061412135e-09,0.0025,0.2625
0.0025,-0.64,ringdown_only,2.3117083306495965,0.6491562422075237,3.561096975342008,-0.7971353809380185,142.85741554853263,2,2.2519801144717353,one_sided_backward,central,one_sided,,4,2.3117083306495965e-10,0.0025,0.2625
0.0025,-0.64,ringdown_plus_photon_geometry,14.432165566419677,2.1084715219240735,6.844847282191266,-0.8520537509371429,148.435754255448,2,925.9733425083916,one_sided_backward,central,one_sided,,31,1.4432165566419677e-09,0.0025,0.2625
0.0025,-0.64,ringdown_plus_all_shooting,23.464533028083547,3.180463560872349,7.377708494056008,-0.8632596848042268,149.68457419592875,2,5569.352155666418,one_sided_backward,central,one_sided,,75,2.346453302808355e-09,0.0025,0.2625
0.0025,-0.61,orbital,6.3722716599810685,0.43305578371167264,14.71466702364541,-0.9732862717316906,166.72677505956221,2,7.6151112228198965,one_sided_backward,central,one_sided,,18,6.372271659981069e-10,0.0025,0.2625
0.0025,-0.61,photon_geometry,7.86890042340878,0.67572231921973,11.64516873217264,-0.9524189389655582,162.25434928829173,2,28.272526977054977,one_sided_backward,central,one_sided,,27,7.86890042340878e-10,0.0025,0.2625
0.0025,-0.61,redshift,4.899202458874836,0.2920783025213125,16.773592617402137,-0.9737664310133167,166.847135570113,2,2.0476200142862586,one_sided_backward,central,one_sided,,9,4.899202458874836e-10,0.0025,0.2625
0.0025,-0.61,timing,6.141609093090462,1.551653892381287,3.95810504085101,-0.7532154767400903,138.86968542530755,2,90.81426066141539,one_sided_backward,central,one_sided,,17,6.141609093090462e-10,0.0025,0.2625
0.0025,-0.61,all_shooting,12.81285551529448,1.7929857815188808,7.146099900714442,-0.8920652225912628,153.13392010628732,2,527.7710315533022,one_sided_backward,central,one_sided,,71,1.2812855515294481e-09,0.0025,0.2625
0.0025,-0.61,ringdown_only,2.1985508161841056,0.5671263015766067,3.8766511270455126,-0.8252511517206051,145.6139625235762,2,1.5546498678054959,one_sided_backward,central,one_sided,,4,2.1985508161841057e-10,0.0025,0.2625
0.0025,-0.61,ringdown_plus_photon_geometry,8.027815093608893,1.7565982131163531,4.570091802249345,-0.7943033311572685,142.5895029610895,2,198.8564100004241,one_sided_backward,central,one_sided,,31,8.027815093608893e-10,0.0025,0.2625
0.0025,-0.61,ringdown_plus_all_shooting,12.91147118122102,2.4152089636973066,5.345902311266508,-0.8341955081834285,146.53216170689248,2,972.435677299646,one_sided_backward,central,one_sided,,75,1.291147118122102e-09,0.0025,0.2625
0.0025,-0.58,orbital,4.881728823851897,0.1919751234388066,25.428965672252748,-0.9911534420618977,172.37314514573026,2,0.8782885339877561,one_sided_backward,central,one_sided,,18,4.881728823851897e-10,0.0025,0.2625
0.0025,-0.58,photon_geometry,5.855114696540337,0.40890453035662616,14.319026231951495,-0.9704075168489494,166.02650059743982,2,5.732111879189974,one_sided_backward,central,one_sided,,27,5.855114696540337e-10,0.0025,0.2625
0.0025,-0.58,redshift,3.3922162190377905,0.21228911465171366,15.97922825484075,-0.9714374124879868,166.27300186093382,2,0.518588049149844,one_sided_backward,central,one_sided,,9,3.3922162190377905e-10,0.0025,0.2625
0.0025,-0.58,timing,4.686568612581766,1.1502982268830768,4.074220496088913,-0.8077666212918564,143.87829470037263,2,29.062358778533806,one_sided_backward,central,one_sided,,17,4.686568612581766e-10,0.0025,0.2625
0.0025,-0.58,all_shooting,9.561059207602376,1.3202869108894495,7.2416526504540535,-0.9056129843729868,154.90596869338017,2,159.34874623362072,one_sided_backward,central,one_sided,,71,9.561059207602377e-10,0.0025,0.2625
0.0025,-0.58,ringdown_only,2.0895630870907644,0.4961406925594522,4.211634156253719,-0.8500300763103187,148.21494079841213,2,1.0747827127949685,one_sided_backward,central,one_sided,,4,2.0895630870907645e-10,0.0025,0.2625
0.0025,-0.58,ringdown_plus_photon_geometry,6.055077508437498,1.5485596123975296,3.910135237908493,-0.7694078741758087,140.30074620965806,2,87.92153670816545,one_sided_backward,central,one_sided,,31,6.055077508437499e-10,0.0025,0.2625
0.0025,-0.58,ringdown_plus_all_shooting,9.685691272125968,1.9891769054442092,4.869195517812945,-0.8296211022556441,146.05983569797533,2,371.2000795981373,one_sided_backward,central,one_sided,,75,9.68569127212597e-10,0.0025,0.2625
0.0025,-0.55,orbital,3.799646428298556,0.11252318478031463,33.76767584135501,-0.9947746105331488,174.14015325919624,2,0.1827975634989086,one_sided_backward,central,one_sided,,18,3.799646428298556e-10,0.0025,0.2625
0.0025,-0.55,photon_geometry,4.468496415934008,0.27930874291300856,15.998412256381581,-0.9758808644227877,167.3905749102428,2,1.5577289392689506,one_sided_backward,central,one_sided,,27,4.468496415934008e-10,0.0025,0.2625
0.0025,-0.55,redshift,2.368766480367429,0.1682799011485759,14.076348180618567,-0.9630421089722393,164.37435593322198,2,0.1588945473678812,one_sided_backward,central,one_sided,,9,2.368766480367429e-10,0.0025,0.2625
0.0025,-0.55,timing,3.82125119699309,0.866299893255426,4.411002733283733,-0.8469107094860607,147.8772341899376,2,10.958413839012298,one_sided_backward,central,one_sided,,17,3.82125119699309e-10,0.0025,0.2625
0.0025,-0.55,all_shooting,7.377224643697341,1.031413387503184,7.152539159449845,-0.9075400956313021,155.1675941052297,2,57.89639798363298,one_sided_backward,central,one_sided,,71,7.377224643697341e-10,0.0025,0.2625
0.0025,-0.55,ringdown_only,1.984253450433421,0.4346427897459949,4.565251045791,-0.8715154337687713,150.6352230721927,2,0.7438052637501219,one_sided_backward,central,one_sided,,4,1.9842534504334212e-10,0.0025,0.2625
0.0025,-0.55,ringdown_plus_photon_geometry,4.7088562860456795,1.4136202392035588,3.331061734584866,-0.7301040195864049,136.89511509108058,2,44.30945220808905,one_sided_backward,central,one_sided,,31,4.70885628604568e-10,0.0025,0.2625
0.0025,-0.55,ringdown_plus_all_shooting,7.526436145412081,1.7222636496093748,4.37008360892895,-0.8111057421976245,144.2041065231926,2,168.0265976893108,one_sided_backward,central,one_sided,,75,7.526436145412081e-10,0.0025,0.2625
0.0025,-0.525,orbital,3.00351772901396,0.08815670896642494,34.07021160644585,-0.9946979229266029,174.09727264348496,2,0.07010857460065564,one_sided_backward,central,one_sided,,18,3.00351772901396e-10,0.0025,0.2625
0.0025,-0.525,photon_geometry,3.497575445632705,0.21802109752770177,16.042371519519126,-0.9754992331099821,167.29080065343362,2,0.5814752389941715,one_sided_backward,central,one_sided,,27,3.497575445632705e-10,0.0025,0.2625
0.0025,-0.525,redshift,1.7472234071980701,0.14578943902659508,11.984567735934148,-0.9489672547457954,161.61656940921335,2,0.06488570208041206,one_sided_backward,central,one_sided,,9,1.74722340719807e-10,0.0025,0.2625
0.0025,-0.525,timing,3.23077156143811,0.691182512330223,4.674266932110342,-0.868631375090711,150.29998388559724,2,4.9865248281311665,one_sided_backward,central,one_sided,,17,3.23077156143811e-10,0.0025,0.2625
0.0025,-0.525,all_shooting,5.879149165414516,0.8571610025214813,6.8588621602243025,-0.9035028104198276,154.62238566822347,2,25.39532450504838,one_sided_backward,central,one_sided,,71,5.879149165414516e-10,0.0025,0.2625
0.0025,-0.525,ringdown_only,1.8990571657701498,0.3899092694419926,4.8705104356404005,-0.8869183152262559,152.48852217785458,2,0.5482809999511136,one_sided_backward,central,one_sided,,4,1.8990571657701499e-10,0.0025,0.2625
0.0025,-0.525,ringdown_plus_photon_geometry,3.7850217043574386,1.3086730881556525,2.8922591429550746,-0.6961166541582364,134.11626703457864,2,24.535736084540225,one_sided_backward,central,one_sided,,31,3.785021704357439e-10,0.0025,0.2625
0.0025,-0.525,ringdown_plus_all_shooting,6.0547618620167025,1.5483623752098943,3.9104294698428883,-0.7891497399288633,142.1061242205985,2,87.88997733873943,one_sided_backward,central,one_sided,,75,6.054761862016703e-10,0.0025,0.2625
0.0025,-0.5,orbital,2.3238513524422633,0.07621758370892609,30.48970118650074,-0.9932087289189779,173.31872643678844,2,0.03137090458675012,one_sided_backward,central,one_sided,,18,2.3238513524422634e-10,0.0025,0.2625
0.0025,-0.5,photon_geometry,2.6929912163344443,0.17782833000613513,15.143769365890886,-0.9719652766759654,166.40104197219546,2,0.2293357573028807,one_sided_backward,central,one_sided,,27,2.692991216334444e-10,0.0025,0.2625
0.0025,-0.5,redshift,1.283485938049434,0.130442031883711,9.839512000193778,-0.9250348316255572,157.67360788729187,2,0.028029628391947885,one_sided_backward,central,one_sided,,9,1.283485938049434e-10,0.0025,0.2625
0.0025,-0.5,timing,2.7288548225284566,0.5558448283483542,4.909382409182464,-0.884696522802307,152.21419840272117,2,2.300742428279345,one_sided_backward,central,one_sided,,17,2.728854822528457e-10,0.0025,0.2625
0.0025,-0.5,all_shooting,4.646751057175486,0.7194350836947834,6.4588885953563615,-0.8968458065311472,153.7465109516326,2,11.175887930353541,one_sided_backward,central,one_sided,,71,4.646751057175486e-10,0.0025,0.2625
0.0025,-0.5,ringdown_only,1.816059266421878,0.35054732956245666,5.180639283969535,-0.9001405098161522,154.1765427752911,2,0.4052783095782136,one_sided_backward,central,one_sided,,4,1.8160592664218781e-10,0.0025,0.2625
0.0025,-0.5,ringdown_plus_photon_geometry,3.0456963368839953,1.1952042164913865,2.5482643843282866,-0.671096684972191,132.1517639987061,2,13.251267929580402,one_sided_backward,central,one_sided,,31,3.0456963368839956e-10,0.0025,0.2625
0.0025,-0.5,ringdown_plus_all_shooting,4.856368947061798,1.3951765359431911,3.480827566942066,-0.7667788562083085,140.06550758903356,2,45.907291907430675,one_sided_backward,central,one_sided,,75,4.856368947061798e-10,0.0025,0.2625
0.0025,-0.475,orbital,1.7668999131247336,0.0678760382776199,26.031276396803438,-0.9905359950592824,172.1110678835185,2,0.014383244749403333,one_sided_backward,central,one_sided,,18,1.7668999131247336e-10,0.0025,0.2625
0.0025,-0.475,photon_geometry,2.0438524756894525,0.14866284312015163,13.748240197704137,-0.9655811856251548,164.92389417093318,2,0.09232173538194613,one_sided_backward,central,one_sided,,27,2.0438524756894525e-10,0.0025,0.2625
0.0025,-0.475,redshift,0.9364919109432379,0.11820316075252849,7.92273154948782,-0.8889831131628859,152.74574219326757,2,0.012253671695497497,one_sided_backward,central,one_sided,,9,9.364919109432379e-11,0.0025,0.2625
0.0025,-0.475,timing,2.3079067671921134,0.44528120081248995,5.183032122130806,-0.8992537058741435,154.06014294014685,2,1.0561004836885053,one_sided_backward,central,one_sided,,17,2.3079067671921135e-10,0.0025,0.2625
0.0025,-0.475,all_shooting,3.657886869711622,0.6012801107573786,6.083498862292501,-0.8911952067499995,153.02382236500978,2,4.837424680163151,one_sided_backward,central,one_sided,,71,3.657886869711622e-10,0.0025,0.2625
0.0025,-0.475,ringdown_only,1.7352872852548085,0.3156593167864777,5.497342207163851,-0.9115688479967244,155.72306303719438,2,0.3000405781780999,one_sided_backward,central,one_sided,,4,1.7352872852548084e-10,0.0025,0.2625
0.0025,-0.475,ringdown_plus_photon_geometry,2.4859382441149718,1.0632061871500513,2.3381525372595755,-0.6632613683096817,131.5490801622874,2,6.985792181991307,one_sided_backward,central,one_sided,,31,2.485938244114972e-10,0.0025,0.2625
0.0025,-0.475,ringdown_plus_all_shooting,3.910791199828348,1.2482984743991923,3.1328975241362986,-0.750000634734143,138.59043287338326,2,23.832309925251327,one_sided_backward,central,one_sided,,75,3.9107911998283483e-10,0.0025,0.2625
0.0025,-0.45,orbital,1.5034530086539766,0.0654507818210133,22.970741782205657,-0.9846008022032087,169.93194511045434,2,0.009682988014729296,one_sided_backward,one_sided_backward,one_sided,,18,1.5034530086539765e-10,0.0025,0.2625
0.0025,-0.45,photon_geometry,1.7394245658624419,0.13494373659926914,12.889998526036537,-0.9504985103654352,161.89682427792422,2,0.055095567639072925,one_sided_backward,one_sided_backward,one_sided,,27,1.739424565862442e-10,0.0025,0.2625
0.0025,-0.45,redshift,0.7815372047147348,0.11338936510845778,6.892508869479855,-0.82446365801031,145.53415209770836,2,0.007853151244628482,one_sided_backward,one_sided_backward,one_sided,,9,7.815372047147348e-11,0.0025,0.2625
0.0025,-0.45,timing,2.0817352854811966,0.399331369210824,5.213052231772355,-0.893034167258753,153.2570306366538,2,0.6910633508600001,one_sided_backward,one_sided_backward,one_sided,,17,2.0817352854811966e-10,0.0025,0.2625
0.0025,-0.45,all_shooting,3.182191227260523,0.5466866299053263,5.820868946093681,-0.8687120553972619,150.30931523679385,2,3.026421778805297,one_sided_backward,one_sided_backward,one_sided,,71,3.182191227260523e-10,0.0025,0.2625
0.0025,-0.45,ringdown_only,1.6624088880632704,0.30485576354622734,5.453099750273175,-0.912757019995895,155.88917579955,2,0.2568411019824519,one_sided_backward,one_sided_backward,one_sided,,4,1.6624088880632704e-10,0.0025,0.2625
0.0025,-0.45,ringdown_plus_photon_geometry,2.2135071453749986,1.000366981375361,2.2126951274738635,-0.6412308490631493,129.88366216166253,2,4.903210676566055,one_sided_backward,one_sided_backward,one_sided,,31,2.2135071453749987e-10,0.0025,0.2625
0.0025,-0.45,ringdown_plus_all_shooting,3.445876768032374,1.1864573002788397,2.9043411568393807,-0.7151888317866392,135.65867674835974,2,16.714897200993573,one_sided_backward,one_sided_backward,one_sided,,75,3.445876768032374e-10,0.0025,0.2625
