k,wq,point_id,feature,observable_family,value_81,value_161,value_321,absolute_change_81_161,absolute_change_161_321,normalized_change_81_161,normalized_change_161_321,estimated_convergence_ratio,behavior,final_convergence_class
0.0,-0.7125,k0p000000000_wqm0p712500000,orbital__radial_azimuthal_period,orbital,10.28431129342623,10.28431129342623,10.28431129342623,0.0,0.0,0.0,0.0,0.0,monotonic,converged
0.0,-0.69,k0p000000000_wqm0p690000000,orbital__radial_azimuthal_period,orbital,10.28431129342623,10.28431129342623,10.28431129342623,0.0,0.0,0.0,0.0,0.0,monotonic,converged
0.0,-0.6666666666666666,k0p000000000_wqm0p666666667,orbital__radial_azimuthal_period,orbital,10.28431129342623,10.28431129342623,10.28431129342623,0.0,0.0,0.0,0.0,0.0,monotonic,converged
0.0,-0.58,k0p000000000_wqm0p580000000,orbital__radial_azimuthal_period,orbital,10.28431129342623,10.28431129342623,10.28431129342623,0.0,0.0,0.0,0.0,0.0,monotonic,converged
0.0,-0.45,k0p000000000_wqm0p450000000,orbital__radial_azimuthal_period,orbital,10.28431129342623,10.28431129342623,10.28431129342623,0.0,0.0,0.0,0.0,0.0,monotonic,converged
0.00025,-0.58,k0p000250000_wqm0p580000000,orbital__radial_azimuthal_period,orbital,10.369530114103547,10.369530114103547,10.369530114103547,0.0,0.0,0.0,0.0,0.0,monotonic,converged
0.0005,-0.7125,k0p000500000_wqm0p712500000,orbital__radial_azimuthal_period,orbital,11.16663143000264,11.16663143000264,11.16663143000264,0.0,0.0,0.0,0.0,0.0,monotonic,converged
0.0005,-0.61,k0p000500000_wqm0p610000000,orbital__radial_azimuthal_period,orbital,10.53461603143201,10.53461603143201,10.53461603143201,0.0,0.0,0.0,0.0,0.0,monotonic,converged
0.0005,-0.55,k0p000500000_wqm0p550000000,orbital__radial_azimuthal_period,orbital,10.4036214361004,10.4036214361004,10.4036214361004,0.0,0.0,0.0,0.0,0.0,monotonic,converged
0.0005,-0.5,k0p000500000_wqm0p500000000,orbital__radial_azimuthal_period,orbital,10.347435376143585,10.347435376143585,10.347435376143585,0.0,0.0,0.0,0.0,0.0,monotonic,converged
0.0005,-0.475,k0p000500000_wqm0p475000000,orbital__radial_azimuthal_period,orbital,10.329851515387816,10.329851515387816,10.329851515387816,0.0,0.0,0.0,0.0,0.0,monotonic,converged
0.00075,-0.475,k0p000750000_wqm0p475000000,orbital__radial_azimuthal_period,orbital,10.35288471904768,10.35288471904768,10.35288471904768,0.0,0.0,0.0,0.0,0.0,monotonic,converged
0.001,-0.58,k0p001000000_wqm0p580000000,orbital__radial_azimuthal_period,orbital,10.642558362523827,10.642558362523827,10.642558362523827,0.0,0.0,0.0,0.0,0.0,monotonic,converged
0.00125,-0.7125,k0p001250000_wqm0p712500000,orbital__radial_azimuthal_period,orbital,13.292416923159458,13.292416923159458,13.292416923159458,0.0,0.0,0.0,0.0,0.0,monotonic,converged
0.00125,-0.58,k0p001250000_wqm0p580000000,orbital__radial_azimuthal_period,orbital,10.739906766706913,10.739906766706913,10.739906766706913,0.0,0.0,0.0,0.0,0.0,monotonic,converged
0.00125,-0.45,k0p001250000_wqm0p450000000,orbital__radial_azimuthal_period,orbital,10.366648432208285,10.366648432208285,10.366648432208285,0.0,0.0,0.0,0.0,0.0,monotonic,converged
0.0015,-0.7125,k0p001500000_wqm0p712500000,orbital__radial_azimuthal_period,orbital,14.42137505470733,14.42137505470733,14.42137505470733,0.0,0.0,0.0,0.0,0.0,monotonic,converged
0.0015,-0.61,k0p001500000_wqm0p610000000,orbital__radial_azimuthal_period,orbital,11.11571291651173,11.11571291651173,11.11571291651173,0.0,0.0,0.0,0.0,0.0,monotonic,converged
0.0015,-0.5,k0p001500000_wqm0p500000000,orbital__radial_azimuthal_period,orbital,10.47799585276528,10.47799585276528,10.47799585276528,0.0,0.0,0.0,0.0,0.0,monotonic,converged
0.00175,-0.7125,k0p001750000_wqm0p712500000,orbital__radial_azimuthal_period,orbital,15.976217781452569,15.976217781452569,15.976217781452569,0.0,0.0,0.0,0.0,0.0,monotonic,converged
0.00175,-0.45,k0p001750000_wqm0p450000000,orbital__radial_azimuthal_period,orbital,10.400191768382928,10.400191768382928,10.400191768382928,0.0,0.0,0.0,0.0,0.0,monotonic,converged
0.002,-0.7125,k0p002000000_wqm0p712500000,orbital__radial_azimuthal_period,orbital,18.318493943443027,18.318493943443027,18.318493943443027,0.0,0.0,0.0,0.0,0.0,monotonic,converged
0.002,-0.69,k0p002000000_wqm0p690000000,orbital__radial_azimuthal_period,orbital,14.782209029400851,14.782209029400851,14.782209029400851,0.0,0.0,0.0,0.0,0.0,monotonic,converged
0.002,-0.45,k0p002000000_wqm0p450000000,orbital__radial_azimuthal_period,orbital,10.41709691362878,10.41709691362878,10.41709691362878,0.0,0.0,0.0,0.0,0.0,monotonic,converged
0.00225,-0.7125,k0p002250000_wqm0p712500000,orbital__radial_azimuthal_period,orbital,22.5296304004476,22.5296304004476,22.5296304004476,0.0,0.0,0.0,0.0,0.0,monotonic,converged
0.00225,-0.69,k0p002250000_wqm0p690000000,orbital__radial_azimuthal_period,orbital,16.067273229075283,16.067273229075283,16.067273229075283,0.0,0.0,0.0,0.0,0.0,monotonic,converged
0.00225,-0.6666666666666666,k0p002250000_wqm0p666666667,orbital__radial_azimuthal_period,orbital,13.755463130786094,13.755463130786094,13.755463130786094,0.0,0.0,0.0,0.0,0.0,monotonic,converged
0.00225,-0.55,k0p002250000_wqm0p550000000,orbital__radial_azimuthal_period,orbital,10.866764446170412,10.866764446170412,10.866764446170412,0.0,0.0,0.0,0.0,0.0,monotonic,converged
0.00225,-0.475,k0p002250000_wqm0p475000000,orbital__radial_azimuthal_period,orbital,10.4949135108227,10.4949135108227,10.4949135108227,0.0,0.0,0.0,0.0,0.0,monotonic,converged
0.00225,-0.45,k0p002250000_wqm0p450000000,orbital__radial_azimuthal_period,orbital,10.434092101949805,10.434092101949805,10.434092101949805,0.0,0.0,0.0,0.0,0.0,monotonic,converged
0.0025,-0.7125,k0p002500000_wqm0p712500000,orbital__radial_azimuthal_period,orbital,39.93751400036426,39.93751400036426,39.93751400036426,0.0,0.0,0.0,0.0,0.0,monotonic,converged
0.0025,-0.69,k0p002500000_wqm0p690000000,orbital__radial_azimuthal_period,orbital,17.840526310104124,17.840526310104124,17.840526310104124,0.0,0.0,0.0,0.0,0.0,monotonic,converged
0.0025,-0.6666666666666666,k0p002500000_wqm0p666666667,orbital__radial_azimuthal_period,orbital,14.488267031196948,14.488267031196948,14.488267031196948,0.0,0.0,0.0,0.0,0.0,monotonic,converged
0.0025,-0.58,k0p002500000_wqm0p580000000,orbital__radial_azimuthal_period,orbital,11.283222376976292,11.283222376976292,11.283222376976292,0.0,0.0,0.0,0.0,0.0,monotonic,converged
0.0025,-0.45,k0p002500000_wqm0p450000000,orbital__radial_azimuthal_period,orbital,10.451178139466698,10.451178139466698,10.451178139466698,0.0,0.0,0.0,0.0,0.0,monotonic,converged
0.0,-0.7125,k0p000000000_wqm0p712500000,orbital__apsidal_advance,orbital,4.001125986246644,4.001125986246644,4.001125986246644,0.0,0.0,0.0,0.0,0.0,monotonic,converged
0.0,-0.69,k0p000000000_wqm0p690000000,orbital__apsidal_advance,orbital,4.001125986246644,4.001125986246644,4.001125986246644,0.0,0.0,0.0,0.0,0.0,monotonic,converged
0.0,-0.6666666666666666,k0p000000000_wqm0p666666667,orbital__apsidal_advance,orbital,4.001125986246644,4.001125986246644,4.001125986246644,0.0,0.0,0.0,0.0,0.0,monotonic,converged
0.0,-0.58,k0p000000000_wqm0p580000000,orbital__apsidal_advance,orbital,4.001125986246644,4.001125986246644,4.001125986246644,0.0,0.0,0.0,0.0,0.0,monotonic,converged
0.0,-0.45,k0p000000000_wqm0p450000000,orbital__apsidal_advance,orbital,4.001125986246644,4.001125986246644,4.001125986246644,0.0,0.0,0.0,0.0,0.0,monotonic,converged
0.00025,-0.58,k0p000250000_wqm0p580000000,orbital__apsidal_advance,orbital,4.086344806923961,4.086344806923961,4.086344806923961,0.0,0.0,0.0,0.0,0.0,monotonic,converged
0.0005,-0.7125,k0p000500000_wqm0p712500000,orbital__apsidal_advance,orbital,4.883446122823052,4.883446122823052,4.883446122823052,0.0,0.0,0.0,0.0,0.0,monotonic,converged
0.0005,-0.61,k0p000500000_wqm0p610000000,orbital__apsidal_advance,orbital,4.251430724252424,4.251430724252424,4.251430724252424,0.0,0.0,0.0,0.0,0.0,monotonic,converged
0.0005,-0.55,k0p000500000_wqm0p550000000,orbital__apsidal_advance,orbital,4.120436128920815,4.120436128920815,4.120436128920815,0.0,0.0,0.0,0.0,0.0,monotonic,converged
0.0005,-0.5,k0p000500000_wqm0p500000000,orbital__apsidal_advance,orbital,4.064250068963997,4.064250068963997,4.064250068963997,0.0,0.0,0.0,0.0,0.0,monotonic,converged
0.0005,-0.475,k0p000500000_wqm0p475000000,orbital__apsidal_advance,orbital,4.046666208208231,4.046666208208231,4.046666208208231,0.0,0.0,0.0,0.0,0.0,monotonic,converged
0.00075,-0.475,k0p000750000_wqm0p475000000,orbital__apsidal_advance,orbital,4.069699411868093,4.069699411868093,4.069699411868093,0.0,0.0,0.0,0.0,0.0,monotonic,converged
0.001,-0.58,k0p001000000_wqm0p580000000,orbital__apsidal_advance,orbital,4.359373055344243,4.359373055344243,4.359373055344243,0.0,0.0,0.0,0.0,0.0,monotonic,converged
0.00125,-0.7125,k0p001250000_wqm0p712500000,orbital__apsidal_advance,orbital,7.009231615979871,7.009231615979871,7.009231615979871,0.0,0.0,0.0,0.0,0.0,monotonic,converged
0.00125,-0.58,k0p001250000_wqm0p580000000,orbital__apsidal_advance,orbital,4.456721459527326,4.456721459527326,4.456721459527326,0.0,0.0,0.0,0.0,0.0,monotonic,converged
0.00125,-0.45,k0p001250000_wqm0p450000000,orbital__apsidal_advance,orbital,4.083463125028699,4.083463125028699,4.083463125028699,0.0,0.0,0.0,0.0,0.0,monotonic,converged
0.0015,-0.7125,k0p001500000_wqm0p712500000,orbital__apsidal_advance,orbital,8.138189747527743,8.138189747527743,8.138189747527743,0.0,0.0,0.0,0.0,0.0,monotonic,converged
0.0015,-0.61,k0p001500000_wqm0p610000000,orbital__apsidal_advance,orbital,4.8325276093321445,4.8325276093321445,4.8325276093321445,0.0,0.0,0.0,0.0,0.0,monotonic,converged
0.0015,-0.5,k0p001500000_wqm0p500000000,orbital__apsidal_advance,orbital,4.194810545585694,4.194810545585694,4.194810545585694,0.0,0.0,0.0,0.0,0.0,monotonic,converged
0.00175,-0.7125,k0p001750000_wqm0p712500000,orbital__apsidal_advance,orbital,9.693032474272982,9.693032474272982,9.693032474272982,0.0,0.0,0.0,0.0,0.0,monotonic,converged
0.00175,-0.45,k0p001750000_wqm0p450000000,orbital__apsidal_advance,orbital,4.117006461203342,4.117006461203342,4.117006461203342,0.0,0.0,0.0,0.0,0.0,monotonic,converged
0.002,-0.7125,k0p002000000_wqm0p712500000,orbital__apsidal_advance,orbital,12.03530863626344,12.03530863626344,12.03530863626344,0.0,0.0,0.0,0.0,0.0,monotonic,converged
0.002,-0.69,k0p002000000_wqm0p690000000,orbital__apsidal_advance,orbital,8.499023722221267,8.499023722221267,8.499023722221267,0.0,0.0,0.0,0.0,0.0,monotonic,converged
0.002,-0.45,k0p002000000_wqm0p450000000,orbital__apsidal_advance,orbital,4.1339116064491925,4.1339116064491925,4.1339116064491925,0.0,0.0,0.0,0.0,0.0,monotonic,converged
0.00225,-0.7125,k0p002250000_wqm0p712500000,orbital__apsidal_advance,orbital,16.24644509326801,16.24644509326801,16.24644509326801,0.0,0.0,0.0,0.0,0.0,monotonic,converged
0.00225,-0.69,k0p002250000_wqm0p690000000,orbital__apsidal_advance,orbital,9.784087921895695,9.784087921895695,9.784087921895695,0.0,0.0,0.0,0.0,0.0,monotonic,converged
0.00225,-0.6666666666666666,k0p002250000_wqm0p666666667,orbital__apsidal_advance,orbital,7.4722778236065075,7.4722778236065075,7.4722778236065075,0.0,0.0,0.0,0.0,0.0,monotonic,converged
0.00225,-0.55,k0p002250000_wqm0p550000000,orbital__apsidal_advance,orbital,4.583579138990826,4.583579138990826,4.583579138990826,0.0,0.0,0.0,0.0,0.0,monotonic,converged
0.00225,-0.475,k0p002250000_wqm0p475000000,orbital__apsidal_advance,orbital,4.211728203643114,4.211728203643114,4.211728203643114,0.0,0.0,0.0,0.0,0.0,monotonic,converged
0.00225,-0.45,k0p002250000_wqm0p450000000,orbital__apsidal_advance,orbital,4.1509067947702185,4.1509067947702185,4.1509067947702185,0.0,0.0,0.0,0.0,0.0,monotonic,converged
0.0025,-0.7125,k0p002500000_wqm0p712500000,orbital__apsidal_advance,orbital,33.654328693184674,33.654328693184674,33.654328693184674,0.0,0.0,0.0,0.0,0.0,monotonic,converged
0.0025,-0.69,k0p002500000_wqm0p690000000,orbital__apsidal_advance,orbital,11.557341002924538,11.557341002924538,11.557341002924538,0.0,0.0,0.0,0.0,0.0,monotonic,converged
0.0025,-0.6666666666666666,k0p002500000_wqm0p666666667,orbital__apsidal_advance,orbital,8.205081724017361,8.205081724017361,8.205081724017361,0.0,0.0,0.0,0.0,0.0,monotonic,converged
0.0025,-0.58,k0p002500000_wqm0p580000000,orbital__apsidal_advance,orbital,5.000037069796706,5.000037069796706,5.000037069796706,0.0,0.0,0.0,0.0,0.0,monotonic,converged
0.0025,-0.45,k0p002500000_wqm0p450000000,orbital__apsidal_advance,orbital,4.167992832287112,4.167992832287112,4.167992832287112,0.0,0.0,0.0,0.0,0.0,monotonic,converged
0.0,-0.7125,k0p000000000_wqm0p712500000,orbital__r_emit__mean,orbital,9.444122030369288,9.444090443922423,9.444082547284324,3.158644686429568e-05,7.896638098969788e-06,4.79186193681513e-05,1.1979694866544234e-05,0.2500008352600082,monotonic,converged
0.0,-0.69,k0p000000000_wqm0p690000000,orbital__r_emit__mean,orbital,9.444122030369288,9.444090443922423,9.444082547284324,3.158644686429568e-05,7.896638098969788e-06,4.79186193681513e-05,1.1979694866544234e-05,0.2500008352600082,monotonic,converged
0.0,-0.6666666666666666,k0p000000000_wqm0p666666667,orbital__r_emit__mean,orbital,9.444122030369288,9.444090443922423,9.444082547284324,3.158644686429568e-05,7.896638098969788e-06,4.79186193681513e-05,1.1979694866544234e-05,0.2500008352600082,monotonic,converged
0.0,-0.58,k0p000000000_wqm0p580000000,orbital__r_emit__mean,orbital,9.444122030369288,9.444090443922423,9.444082547284324,3.158644686429568e-05,7.896638098969788e-06,4.79186193681513e-05,1.1979694866544234e-05,0.2500008352600082,monotonic,converged
0.0,-0.45,k0p000000000_wqm0p450000000,orbital__r_emit__mean,orbital,9.444122030369288,9.444090443922423,9.444082547284324,3.158644686429568e-05,7.896638098969788e-06,4.79186193681513e-05,1.1979694866544234e-05,0.2500008352600082,monotonic,converged
0.00025,-0.58,k0p000250000_wqm0p580000000,orbital__r_emit__mean,orbital,9.454264557071678,9.454234654075917,9.45422717829942,2.9902995761332818e-05,7.475776497400943e-06,4.536471854561348e-05,1.134122144220209e-05,0.25000092154872905,monotonic,converged
0.0005,-0.7125,k0p000500000_wqm0p712500000,orbital__r_emit__mean,orbital,9.56045290089022,9.560436383743314,9.560432254435108,1.6517146907091274e-05,4.129308205591542e-06,2.5057546962757846e-05,6.26441932540351e-06,0.2500013003952102,monotonic,converged
0.0005,-0.61,k0p000500000_wqm0p610000000,orbital__r_emit__mean,orbital,9.4746902963392,9.47466349913969,9.474656799811411,2.6797199510042446e-05,6.69932827790376e-06,4.065303099683628e-05,1.0163300834385287e-05,0.2500010598269098,monotonic,converged
0.0005,-0.55,k0p000500000_wqm0p550000000,orbital__r_emit__mean,orbital,9.458289654425496,9.458260415462677,9.45825310569408,2.9238962818922687e-05,7.309768596641675e-06,4.435733895803371e-05,1.1089377053285363e-05,0.2500009539295623,monotonic,converged
0.0005,-0.5,k0p000500000_wqm0p500000000,orbital__r_emit__mean,orbital,9.45146379466778,9.451433469001596,9.451425887557756,3.032566618443866e-05,7.581443840720681e-06,4.600593606558337e-05,1.1501525424031265e-05,0.2500009000498406,monotonic,converged
0.0005,-0.475,k0p000500000_wqm0p475000000,orbital__r_emit__mean,orbital,9.44936088418016,9.449330213004314,9.449322545182891,3.06711758462086e-05,7.667821423140708e-06,4.653009587505808e-05,1.163256562971534e-05,0.2500008953549318,monotonic,converged
0.00075,-0.475,k0p000750000_wqm0p475000000,orbital__r_emit__mean,orbital,9.452034437985764,9.452004223816605,9.451996670246867,3.02141691594926e-05,7.553569737694943e-06,4.58367880913897e-05,1.1459238662913198e-05,0.25000090844205075,monotonic,converged
0.001,-0.58,k0p001000000_wqm0p580000000,orbital__r_emit__mean,orbital,9.488142916761918,9.4881180662178,9.4881118535536,2.485054411849319e-05,6.212664199978235e-06,3.7699832773896865e-05,9.42500092966805e-06,0.2500011335910716,monotonic,converged
0.00125,-0.7125,k0p001250000_wqm0p712500000,orbital__r_emit__mean,orbital,9.87966469263468,9.879670964973895,9.879672533064545,6.2723392151298185e-06,1.5680906493287239e-06,9.515531667396253e-06,2.3788917849090854e-06,0.2500009319563354,monotonic,converged
0.00125,-0.58,k0p001250000_wqm0p580000000,orbital__r_emit__mean,orbital,9.500673693629784,9.500650526814225,9.500644735082732,2.3166815559250153e-05,5.791731492621466e-06,3.514551103279426e-05,8.786419633389533e-06,0.2500011914804975,monotonic,converged
0.00125,-0.45,k0p001250000_wqm0p450000000,orbital__r_emit__mean,orbital,9.453540219937794,9.45351028280539,9.453502798494444,2.993713240506679e-05,7.484310945216066e-06,4.5416505973449926e-05,1.1354168734378612e-05,0.25000093008071017,monotonic,converged
0.0015,-0.7125,k0p001500000_wqm0p712500000,orbital__r_emit__mean,orbital,10.052106234272104,10.05212023255261,10.052123732129624,1.399828050629992e-05,3.4995770139545357e-06,2.123626877919671e-05,5.309077643385585e-06,0.25000049201611246,monotonic,converged
0.0015,-0.61,k0p001500000_wqm0p610000000,orbital__r_emit__mean,orbital,9.5514853490728,9.551468141342967,9.551463839387717,1.7207729833046415e-05,4.30195525069621e-06,2.6105204539222848e-05,6.526335712357377e-06,0.250001324546284,monotonic,converged
0.0015,-0.5,k0p001500000_wqm0p500000000,orbital__r_emit__mean,orbital,9.467018811858352,9.46699100167874,9.466984049105122,2.7810179611620356e-05,6.9525736190456655e-06,4.218978529286607e-05,1.054748988740137e-05,0.25000103257659523,monotonic,converged
0.00175,-0.7125,k0p001750000_wqm0p712500000,orbital__r_emit__mean,orbital,10.28153714890273,10.281558961431717,10.281564414560505,2.18125289865867e-05,5.453128787635819e-06,3.30909734309656e-05,8.272738110205162e-06,0.2499998414209165,monotonic,converged
0.00175,-0.45,k0p001750000_wqm0p450000000,orbital__r_emit__mean,orbital,9.457434016582404,9.457404736843069,9.457397416879983,2.9279739335308363e-05,7.319963085450354e-06,4.44191994887936e-05,1.1104842731681377e-05,0.2500009648864336,monotonic,converged
0.002,-0.7125,k0p002000000_wqm0p712500000,orbital__r_emit__mean,orbital,10.600000515157824,10.60002991089991,10.60003725980388,2.939574208582485e-05,7.348903970694209e-06,4.459518293104463e-05,1.114874786827796e-05,0.24999892668938545,monotonic,converged
0.002,-0.69,k0p002000000_wqm0p690000000,orbital__r_emit__mean,orbital,10.103290580732184,10.103306574794578,10.103310573316037,1.5994062394497632e-05,3.998521458825621e-06,2.426399497623533e-05,6.066007634351323e-06,0.25000036639854645,monotonic,converged
0.002,-0.45,k0p002000000_wqm0p450000000,orbital__r_emit__mean,orbital,9.459408440952542,9.459379489395364,9.459372251477593,2.8951557178302778e-05,7.237917770908098e-06,4.3921326589935016e-05,1.0980374847864579e-05,0.25000098358551937,monotonic,converged
0.00225,-0.7125,k0p002250000_wqm0p712500000,orbital__r_emit__mean,orbital,11.076870357297857,11.076904546414646,11.07691309362264,3.418911678920722e-05,8.547207993814254e-06,5.18670327496433e-05,1.2966650167257994e-05,0.2499979173639381,monotonic,converged
0.00225,-0.69,k0p002250000_wqm0p690000000,orbital__r_emit__mean,orbital,10.290116529053376,10.290138598989552,10.290144116469987,2.2069936175483917e-05,5.51748043520206e-06,3.348147626784322e-05,8.370363592383905e-06,0.2499998364893813,monotonic,converged
0.00225,-0.6666666666666666,k0p002250000_wqm0p666666667,orbital__r_emit__mean,orbital,9.946298805459367,9.946308438659408,9.946310846967108,9.633200040326528e-06,2.4083077008185683e-06,1.4614168159301755e-05,3.6535537071553377e-06,0.2500007983574413,monotonic,converged
0.00225,-0.55,k0p002250000_wqm0p550000000,orbital__r_emit__mean,orbital,9.516835633010256,9.516814593661255,9.516809333797305,2.10393490007732e-05,5.259863950612953e-06,3.191801093846223e-05,7.979543240825444e-06,0.2500012690706187,monotonic,converged
0.00225,-0.475,k0p002250000_wqm0p475000000,orbital__r_emit__mean,orbital,9.46885467284262,9.468827191358969,9.468820320959054,2.74814836505044e-05,6.870399914760128e-06,4.169113292097273e-05,1.0422827228298022e-05,0.2500010553336347,monotonic,converged
0.00225,-0.45,k0p002250000_wqm0p450000000,orbital__r_emit__mean,orbital,9.46140135700304,9.4613727332804,9.461365577321171,2.862372264011981e-05,7.1559592296210894e-06,4.342398105061509e-05,1.085603860451394e-05,0.25000099810885873,monotonic,converged
0.0025,-0.7125,k0p002500000_wqm0p712500000,orbital__r_emit__mean,orbital,11.919696255577168,11.91970344385632,11.919705240939727,7.1882791523592005e-06,1.7970834065295094e-06,1.0905069952748497e-05,2.72628814821361e-06,0.25000189453406313,monotonic,converged
0.0025,-0.69,k0p002500000_wqm0p690000000,orbital__r_emit__mean,orbital,10.531441672642773,10.531469663368055,10.531476661025415,2.799072528247848e-05,6.9976573602303915e-06,4.2463684390082905e-05,1.0615884748108705e-05,0.24999914398826803,monotonic,converged
0.0025,-0.6666666666666666,k0p002500000_wqm0p666666667,orbital__r_emit__mean,orbital,10.056393249438017,10.056407523910474,10.056411092535926,1.4274472457387333e-05,3.5686254520328475e-06,2.1655269277529584e-05,5.4138284511119216e-06,0.2500005140425355,monotonic,converged
0.0025,-0.58,k0p002500000_wqm0p580000000,orbital__r_emit__mean,orbital,9.574001752721962,9.573986989313331,9.573983298441066,1.476340863071357e-05,3.6908722655937254e-06,2.2397016093358497e-05,5.599284528307317e-06,0.2500013620103484,monotonic,converged
0.0025,-0.45,k0p002500000_wqm0p450000000,orbital__r_emit__mean,orbital,9.463412871685769,9.46338457544656,9.463377501358064,2.8296239209524288e-05,7.0740884954290095e-06,4.29271681635087e-05,1.0731835570029047e-05,0.2500010140233734,monotonic,converged
0.0,-0.7125,k0p000000000_wqm0p712500000,orbital__r_emit__amplitude,orbital,1.999847331227552,1.999999461081737,1.999999461081737,0.00015212985418511238,0.0,0.002112262029443132,0.0,0.0,monotonic,converged
0.0,-0.69,k0p000000000_wqm0p690000000,orbital__r_emit__amplitude,orbital,1.999847331227552,1.999999461081737,1.999999461081737,0.00015212985418511238,0.0,0.002112262029443132,0.0,0.0,monotonic,converged
0.0,-0.6666666666666666,k0p000000000_wqm0p666666667,orbital__r_emit__amplitude,orbital,1.999847331227552,1.999999461081737,1.999999461081737,0.00015212985418511238,0.0,0.002112262029443132,0.0,0.0,monotonic,converged
0.0,-0.58,k0p000000000_wqm0p580000000,orbital__r_emit__amplitude,orbital,1.999847331227552,1.999999461081737,1.999999461081737,0.00015212985418511238,0.0,0.002112262029443132,0.0,0.0,monotonic,converged
0.0,-0.45,k0p000000000_wqm0p450000000,orbital__r_emit__amplitude,orbital,1.999847331227552,1.999999461081737,1.999999461081737,0.00015212985418511238,0.0,0.002112262029443132,0.0,0.0,monotonic,converged
0.00025,-0.58,k0p000250000_wqm0p580000000,orbital__r_emit__amplitude,orbital,1.999999858534454,1.999999858534454,1.999999858534454,0.0,0.0,0.0,0.0,0.0,monotonic,converged
0.0005,-0.7125,k0p000500000_wqm0p712500000,orbital__r_emit__amplitude,orbital,1.99999532758408,1.99999532758408,1.99999532758408,0.0,0.0,0.0,0.0,0.0,monotonic,converged
0.0005,-0.61,k0p000500000_wqm0p610000000,orbital__r_emit__amplitude,orbital,1.9999971933980163,1.9999971933980163,1.9999971933980163,0.0,0.0,0.0,0.0,0.0,monotonic,converged
0.0005,-0.55,k0p000500000_wqm0p550000000,orbital__r_emit__amplitude,orbital,1.999964063908254,1.999964063908254,1.9999997708007404,0.0,3.57068924863313e-05,0.0,0.000495775885622763,35706892.4863313,monotonic,converged
0.0005,-0.5,k0p000500000_wqm0p500000000,orbital__r_emit__amplitude,orbital,1.9999892165096915,1.9999892165096915,1.9999896162679347,0.0,3.997582431747304e-07,0.0,5.5504829248532255e-06,399758.2431747304,monotonic,converged
0.0005,-0.475,k0p000500000_wqm0p475000000,orbital__r_emit__amplitude,orbital,1.9999614726470627,1.9999614726470627,1.9999999041446117,0.0,3.843149754900743e-05,0.0,0.0005336059344974336,38431497.54900743,monotonic,converged
0.00075,-0.475,k0p000750000_wqm0p475000000,orbital__r_emit__amplitude,orbital,1.9999943375773568,1.9999943375773568,1.9999943375773568,0.0,0.0,0.0,0.0,0.0,monotonic,converged
0.001,-0.58,k0p001000000_wqm0p580000000,orbital__r_emit__amplitude,orbital,1.999960683832871,1.999960683832871,1.9999999955502488,0.0,3.931171737781014e-05,0.0,0.0005458274338993889,39311717.37781014,monotonic,converged
0.00125,-0.7125,k0p001250000_wqm0p712500000,orbital__r_emit__amplitude,orbital,1.990726664123562,1.990726664123562,1.990726664123562,0.0,0.0,0.0,0.0,0.0,monotonic,converged
0.00125,-0.58,k0p001250000_wqm0p580000000,orbital__r_emit__amplitude,orbital,1.9999124230289684,1.9999897116869756,1.9999905422311888,7.728865800715745e-05,8.305442131817387e-07,0.0010731220278203015,1.1531773396317298e-05,0.010746003806985815,monotonic,converged
0.00125,-0.45,k0p001250000_wqm0p450000000,orbital__r_emit__amplitude,orbital,1.9999999899131096,1.9999999899131096,1.9999999899131096,0.0,0.0,0.0,0.0,0.0,monotonic,converged
0.0015,-0.7125,k0p001500000_wqm0p712500000,orbital__r_emit__amplitude,orbital,1.9472024228120324,1.9472024228120324,1.9472024228120324,0.0,0.0,0.0,0.0,0.0,monotonic,converged
0.0015,-0.61,k0p001500000_wqm0p610000000,orbital__r_emit__amplitude,orbital,1.9999672103699817,1.9999672103699817,1.999999869671484,0.0,3.2659301502313554e-05,0.0,0.000453461306730306,32659301.502313554,monotonic,converged
0.0015,-0.5,k0p001500000_wqm0p500000000,orbital__r_emit__amplitude,orbital,1.9999424734443831,1.9999722231172208,1.999998661070859,2.9749672837642294e-05,2.643795363832524e-05,0.00041306227932647987,0.00036708038606584866,0.8886804833992415,monotonic,converged
0.00175,-0.7125,k0p001750000_wqm0p712500000,orbital__r_emit__amplitude,orbital,1.848855739357396,1.848855739357396,1.848855739357396,0.0,0.0,0.0,0.0,0.0,monotonic,converged
0.00175,-0.45,k0p001750000_wqm0p450000000,orbital__r_emit__amplitude,orbital,1.99997053240301,1.99997053240301,1.999998910204548,0.0,2.837780153797098e-05,0.0,0.0003940143963774006,28377801.537970982,monotonic,converged
0.002,-0.7125,k0p002000000_wqm0p712500000,orbital__r_emit__amplitude,orbital,1.652858778377731,1.652858778377731,1.652858778377731,0.0,0.0,0.0,0.0,0.0,monotonic,converged
0.002,-0.69,k0p002000000_wqm0p690000000,orbital__r_emit__amplitude,orbital,1.9279770663219076,1.9279770663219076,1.9279770663219076,0.0,0.0,0.0,0.0,0.0,monotonic,converged
0.002,-0.45,k0p002000000_wqm0p450000000,orbital__r_emit__amplitude,orbital,1.999932737226864,1.999977699184682,1.9999969741219263,4.496195781800161e-05,1.9274937244295742e-05,0.0006242787569678918,0.0002676247754203753,0.42869434917219185,monotonic,converged
0.00225,-0.7125,k0p002250000_wqm0p712500000,orbital__r_emit__amplitude,orbital,1.2446966689960917,1.2446966689960917,1.2446966689960917,0.0,0.0,0.0,0.0,0.0,monotonic,converged
0.00225,-0.69,k0p002250000_wqm0p690000000,orbital__r_emit__amplitude,orbital,1.843018260259078,1.843018260259078,1.843018260259078,0.0,0.0,0.0,0.0,0.0,monotonic,converged
0.00225,-0.6666666666666666,k0p002250000_wqm0p666666667,orbital__r_emit__amplitude,orbital,1.9766892428183225,1.9766892428183225,1.9766892428183225,0.0,0.0,0.0,0.0,0.0,monotonic,converged
0.00225,-0.55,k0p002250000_wqm0p550000000,orbital__r_emit__amplitude,orbital,1.999980009002508,1.999980009002508,1.9999969731967775,0.0,1.696419426955309e-05,0.0,0.00023554103570014735,16964194.26955309,monotonic,converged
0.00225,-0.475,k0p002250000_wqm0p475000000,orbital__r_emit__amplitude,orbital,1.9999768929858976,1.9999768929858976,1.9999974111781569,0.0,2.051819225923346e-05,0.0,0.0002848868728241647,20518192.25923346,monotonic,converged
0.00225,-0.45,k0p002250000_wqm0p450000000,orbital__r_emit__amplitude,orbital,1.9998794367649677,1.9999963032835053,1.9999963032835053,0.000116866518537595,0.0,0.0016226447526847836,0.0,0.0,monotonic,converged
0.0025,-0.7125,k0p002500000_wqm0p712500000,orbital__r_emit__amplitude,orbital,0.1382359769030179,0.1382359769030179,0.1382359769030179,0.0,0.0,0.0,0.0,0.0,monotonic,converged
0.0025,-0.69,k0p002500000_wqm0p690000000,orbital__r_emit__amplitude,orbital,1.698252777966049,1.698252777966049,1.698252777966049,0.0,0.0,0.0,0.0,0.0,monotonic,converged
0.0025,-0.6666666666666666,k0p002500000_wqm0p666666667,orbital__r_emit__amplitude,orbital,1.9442318596370232,1.9442318596370232,1.9442318596370232,0.0,0.0,0.0,0.0,0.0,monotonic,converged
0.0025,-0.58,k0p002500000_wqm0p580000000,orbital__r_emit__amplitude,orbital,1.9999835983020209,1.9999835983020209,1.9999962012041357,0.0,1.2602902114799974e-05,0.0,0.00017498624277578298,12602902.114799974,monotonic,converged
0.0025,-0.45,k0p002500000_wqm0p450000000,orbital__r_emit__amplitude,orbital,1.999856024261593,1.9999992206161317,1.9999992206161317,0.00014319635453863278,0.0,0.001988223968706273,0.0,0.0,monotonic,converged
0.0,-0.7125,k0p000000000_wqm0p712500000,orbital__r_emit__reference,orbital,12.0,12.0,12.0,0.0,0.0,0.0,0.0,0.0,monotonic,converged
0.0,-0.69,k0p000000000_wqm0p690000000,orbital__r_emit__reference,orbital,12.0,12.0,12.0,0.0,0.0,0.0,0.0,0.0,monotonic,converged
0.0,-0.6666666666666666,k0p000000000_wqm0p666666667,orbital__r_emit__reference,orbital,12.0,12.0,12.0,0.0,0.0,0.0,0.0,0.0,monotonic,converged
0.0,-0.58,k0p000000000_wqm0p580000000,orbital__r_emit__reference,orbital,12.0,12.0,12.0,0.0,0.0,0.0,0.0,0.0,monotonic,converged
0.0,-0.45,k0p000000000_wqm0p450000000,orbital__r_emit__reference,orbital,12.0,12.0,12.0,0.0,0.0,0.0,0.0,0.0,monotonic,converged
0.00025,-0.58,k0p000250000_wqm0p580000000,orbital__r_emit__reference,orbital,12.0,12.0,12.0,0.0,0.0,0.0,0.0,0.0,monotonic,converged
0.0005,-0.7125,k0p000500000_wqm0p712500000,orbital__r_emit__reference,orbital,12.0,12.0,12.0,0.0,0.0,0.0,0.0,0.0,monotonic,converged
0.0005,-0.61,k0p000500000_wqm0p610000000,orbital__r_emit__reference,orbital,12.0,12.0,12.0,0.0,0.0,0.0,0.0,0.0,monotonic,converged
0.0005,-0.55,k0p000500000_wqm0p550000000,orbital__r_emit__reference,orbital,12.0,12.0,12.0,0.0,0.0,0.0,0.0,0.0,monotonic,converged
0.0005,-0.5,k0p000500000_wqm0p500000000,orbital__r_emit__reference,orbital,12.0,12.0,12.0,0.0,0.0,0.0,0.0,0.0,monotonic,converged
0.0005,-0.475,k0p000500000_wqm0p475000000,orbital__r_emit__reference,orbital,12.0,12.0,12.0,0.0,0.0,0.0,0.0,0.0,monotonic,converged
0.00075,-0.475,k0p000750000_wqm0p475000000,orbital__r_emit__reference,orbital,12.0,12.0,12.0,0.0,0.0,0.0,0.0,0.0,monotonic,converged
0.001,-0.58,k0p001000000_wqm0p580000000,orbital__r_emit__reference,orbital,12.0,12.0,12.0,0.0,0.0,0.0,0.0,0.0,monotonic,converged
0.00125,-0.7125,k0p001250000_wqm0p712500000,orbital__r_emit__reference,orbital,12.0,12.0,12.0,0.0,0.0,0.0,0.0,0.0,monotonic,converged
0.00125,-0.58,k0p001250000_wqm0p580000000,orbital__r_emit__reference,orbital,12.0,12.0,12.0,0.0,0.0,0.0,0.0,0.0,monotonic,converged
0.00125,-0.45,k0p001250000_wqm0p450000000,orbital__r_emit__reference,orbital,12.0,12.0,12.0,0.0,0.0,0.0,0.0,0.0,monotonic,converged
0.0015,-0.7125,k0p001500000_wqm0p712500000,orbital__r_emit__reference,orbital,12.0,12.0,12.0,0.0,0.0,0.0,0.0,0.0,monotonic,converged
0.0015,-0.61,k0p001500000_wqm0p610000000,orbital__r_emit__reference,orbital,12.0,12.0,12.0,0.0,0.0,0.0,0.0,0.0,monotonic,converged
0.0015,-0.5,k0p001500000_wqm0p500000000,orbital__r_emit__reference,orbital,12.0,12.0,12.0,0.0,0.0,0.0,0.0,0.0,monotonic,converged
0.00175,-0.7125,k0p001750000_wqm0p712500000,orbital__r_emit__reference,orbital,12.0,12.0,12.0,0.0,0.0,0.0,0.0,0.0,monotonic,converged
0.00175,-0.45,k0p001750000_wqm0p450000000,orbital__r_emit__reference,orbital,12.0,12.0,12.0,0.0,0.0,0.0,0.0,0.0,monotonic,converged
0.002,-0.7125,k0p002000000_wqm0p712500000,orbital__r_emit__reference,orbital,12.0,12.0,12.0,0.0,0.0,0.0,0.0,0.0,monotonic,converged
0.002,-0.69,k0p002000000_wqm0p690000000,orbital__r_emit__reference,orbital,12.0,12.0,12.0,0.0,0.0,0.0,0.0,0.0,monotonic,converged
0.002,-0.45,k0p002000000_wqm0p450000000,orbital__r_emit__reference,orbital,12.0,12.0,12.0,0.0,0.0,0.0,0.0,0.0,monotonic,converged
0.00225,-0.7125,k0p002250000_wqm0p712500000,orbital__r_emit__reference,orbital,12.0,12.0,12.0,0.0,0.0,0.0,0.0,0.0,monotonic,converged
0.00225,-0.69,k0p002250000_wqm0p690000000,orbital__r_emit__reference,orbital,12.0,12.0,12.0,0.0,0.0,0.0,0.0,0.0,monotonic,converged
0.00225,-0.6666666666666666,k0p002250000_wqm0p666666667,orbital__r_emit__reference,orbital,12.0,12.0,12.0,0.0,0.0,0.0,0.0,0.0,monotonic,converged
0.00225,-0.55,k0p002250000_wqm0p550000000,orbital__r_emit__reference,orbital,12.0,12.0,12.0,0.0,0.0,0.0,0.0,0.0,monotonic,converged
0.00225,-0.475,k0p002250000_wqm0p475000000,orbital__r_emit__reference,orbital,12.0,12.0,12.0,0.0,0.0,0.0,0.0,0.0,monotonic,converged
0.00225,-0.45,k0p002250000_wqm0p450000000,orbital__r_emit__reference,orbital,12.0,12.0,12.0,0.0,0.0,0.0,0.0,0.0,monotonic,converged
0.0025,-0.7125,k0p002500000_wqm0p712500000,orbital__r_emit__reference,orbital,12.0,12.0,12.0,0.0,0.0,0.0,0.0,0.0,monotonic,converged
0.0025,-0.69,k0p002500000_wqm0p690000000,orbital__r_emit__reference,orbital,12.0,12.0,12.0,0.0,0.0,0.0,0.0,0.0,monotonic,converged
0.0025,-0.6666666666666666,k0p002500000_wqm0p666666667,orbital__r_emit__reference,orbital,12.0,12.0,12.0,0.0,0.0,0.0,0.0,0.0,monotonic,converged
0.0025,-0.58,k0p002500000_wqm0p580000000,orbital__r_emit__reference,orbital,12.0,12.0,12.0,0.0,0.0,0.0,0.0,0.0,monotonic,converged
0.0025,-0.45,k0p002500000_wqm0p450000000,orbital__r_emit__reference,orbital,12.0,12.0,12.0,0.0,0.0,0.0,0.0,0.0,monotonic,converged
0.0,-0.7125,k0p000000000_wqm0p712500000,orbital__r_emit__cos1,orbital,0.5817016121821427,0.5816384149281298,0.5816226201296077,6.319725401282561e-05,1.57947985220952e-05,0.00011291739525700818,2.8221281693066557e-05,0.24992855732133096,monotonic,converged
0.0,-0.69,k0p000000000_wqm0p690000000,orbital__r_emit__cos1,orbital,0.5817016121821427,0.5816384149281298,0.5816226201296077,6.319725401282561e-05,1.57947985220952e-05,0.00011291739525700818,2.8221281693066557e-05,0.24992855732133096,monotonic,converged
0.0,-0.6666666666666666,k0p000000000_wqm0p666666667,orbital__r_emit__cos1,orbital,0.5817016121821427,0.5816384149281298,0.5816226201296077,6.319725401282561e-05,1.57947985220952e-05,0.00011291739525700818,2.8221281693066557e-05,0.24992855732133096,monotonic,converged
0.0,-0.58,k0p000000000_wqm0p580000000,orbital__r_emit__cos1,orbital,0.5817016121821427,0.5816384149281298,0.5816226201296077,6.319725401282561e-05,1.57947985220952e-05,0.00011291739525700818,2.8221281693066557e-05,0.24992855732133096,monotonic,converged
0.0,-0.45,k0p000000000_wqm0p450000000,orbital__r_emit__cos1,orbital,0.5817016121821427,0.5816384149281298,0.5816226201296077,6.319725401282561e-05,1.57947985220952e-05,0.00011291739525700818,2.8221281693066557e-05,0.24992855732133096,monotonic,converged
0.00025,-0.58,k0p000250000_wqm0p580000000,orbital__r_emit__cos1,orbital,0.5651382206185127,0.565078391563639,0.5650634385694061,5.9829054873672405e-05,1.4952994232930727e-05,0.0001068992813461903,2.6717191853508993e-05,0.2499286385938005,monotonic,converged
0.0005,-0.7125,k0p000500000_wqm0p712500000,orbital__r_emit__cos1,orbital,0.4238649890322632,0.4238319419995316,0.4238236825871484,3.3047032731603476e-05,8.25941238319361e-06,5.904662972015284e-05,1.4757466083485642e-05,0.24992901632874845,monotonic,converged
0.0005,-0.61,k0p000500000_wqm0p610000000,orbital__r_emit__cos1,orbital,0.5339219460441372,0.5338683309774982,0.5338549310296182,5.361506663903448e-05,1.3399947879966234e-05,9.579646720381303e-05,2.394229361418744e-05,0.2499287741295167,monotonic,converged
0.0005,-0.55,k0p000500000_wqm0p550000000,orbital__r_emit__cos1,orbital,0.5586818847439321,0.5586233842688221,0.5586087633226033,5.8500475110023764e-05,1.462094621873522e-05,0.00010452544772563568,2.612390663172373e-05,0.24992867478831798,monotonic,converged
0.0005,-0.5,k0p000500000_wqm0p500000000,orbital__r_emit__cos1,orbital,0.5695068934899956,0.5694462187698324,0.5694310544204448,6.0674720163245155e-05,1.5164349387530862e-05,0.00010841026980999981,2.7094829678195902e-05,0.24992862508028427,monotonic,converged
0.0005,-0.475,k0p000500000_wqm0p475000000,orbital__r_emit__cos1,orbital,0.5729164232762429,0.5728550572685001,0.5728397201475505,6.136600774286904e-05,1.5337120949587835e-05,0.00010964542462936601,2.740352845105712e-05,0.24992860891085203,monotonic,converged
0.00075,-0.475,k0p000750000_wqm0p475000000,orbital__r_emit__cos1,orbital,0.5685143614350162,0.5684539097951635,0.5684388011995672,6.0451639852687755e-05,1.5108595596280416e-05,0.00010801168211826001,2.6995211854889437e-05,0.2499286311024476,monotonic,converged
0.001,-0.58,k0p001000000_wqm0p580000000,orbital__r_emit__cos1,orbital,0.5144227712903786,0.5143730510369847,0.514360624510988,4.97202533938923e-05,1.2426525996755977e-05,8.883742802523264e-05,2.2203036659827257e-05,0.24992885491372954,monotonic,converged
0.00125,-0.7125,k0p001250000_wqm0p712500000,orbital__r_emit__cos1,orbital,0.1494754578727267,0.149488007389256,0.1494911438729248,1.2549516529292148e-05,3.1364836688141384e-06,2.2422789413205407e-05,5.604097388104256e-06,0.2499286455771576,monotonic,converged
0.00125,-0.58,k0p001250000_wqm0p580000000,orbital__r_emit__cos1,orbital,0.497160830799102,0.4971144793007259,0.4971028947212186,4.635149837611818e-05,1.158457950728442e-05,8.281832090091311e-05,2.069869274454233e-05,0.24992891089046598,monotonic,converged
0.00125,-0.45,k0p001250000_wqm0p450000000,orbital__r_emit__cos1,orbital,0.5659706351006003,0.5659107377468213,0.565895767681996,5.989735377898153e-05,1.4970064825314822e-05,0.00010702131409281639,2.674769265386204e-05,0.24992865094764735,monotonic,converged
0.0015,-0.7125,k0p001500000_wqm0p712500000,orbital__r_emit__cos1,orbital,0.0472259873714905,0.0472539947286688,0.0472609945572974,2.8007357178297387e-05,6.999828628603821e-06,5.0042013217286186e-05,1.2506910756390943e-05,0.24992820936449928,monotonic,converged
0.0015,-0.61,k0p001500000_wqm0p610000000,orbital__r_emit__cos1,orbital,0.4336932698569326,0.4336588411260671,0.4336502363862812,3.4428730865454504e-05,8.604739785922355e-06,6.151537233789796e-05,1.5374478190041477e-05,0.24992904384274814,monotonic,converged
0.0015,-0.5,k0p001500000_wqm0p500000000,orbital__r_emit__cos1,orbital,0.5449253897642112,0.5448697479566313,0.5448558414689719,5.5641807579887015e-05,1.3906487659420819e-05,9.941773701176008e-05,2.4847351173784304e-05,0.24992875437151743,monotonic,converged
0.00175,-0.7125,k0p001750000_wqm0p712500000,orbital__r_emit__cos1,orbital,-0.0573751302038642,-0.0573314883224654,-0.0573205810136325,4.364188139879821e-05,1.0907308832901197e-05,7.797692555862426e-05,1.9488582564441932e-05,0.24992755773360306,monotonic,converged
0.00175,-0.45,k0p001750000_wqm0p450000000,orbital__r_emit__cos1,orbital,0.5596641053093488,0.5596055232487753,0.5595908819113634,5.858206057351989e-05,1.4641337411913646e-05,0.00010467122016737735,2.6160340499869698e-05,0.2499286858224954,monotonic,converged
0.002,-0.7125,k0p002000000_wqm0p712500000,orbital__r_emit__cos1,orbital,-0.1541461320856322,-0.1540873179292336,-0.1540726187045886,5.88141563985789e-05,1.469922464500395e-05,0.0001050859162870912,2.6263770240311676e-05,0.2499266425822461,monotonic,converged
0.002,-0.69,k0p002000000_wqm0p690000000,orbital__r_emit__cos1,orbital,0.0220247451327029,0.0220567455927367,0.0220647434064899,3.200046003380003e-05,7.997813753199412e-06,5.717667089315883e-05,1.4290055966334794e-05,0.249928086807247,monotonic,converged
0.002,-0.45,k0p002000000_wqm0p450000000,orbital__r_emit__cos1,orbital,0.556507777267667,0.5564498518253818,0.5564353745945618,5.792544228522267e-05,1.4477230819931464e-05,0.00010349801054061746,2.5867123821382812e-05,0.24992870574291226,monotonic,converged
0.00225,-0.7125,k0p002250000_wqm0p712500000,orbital__r_emit__cos1,orbital,-0.20602928261707,-0.2059608780141465,-0.2059437819504055,6.840460292348305e-05,1.7096063741006695e-05,0.0001222216013395466,3.05463111797624e-05,0.24992563380757057,monotonic,converged
0.00225,-0.69,k0p002250000_wqm0p690000000,orbital__r_emit__cos1,orbital,-0.0592695161363493,-0.0592253592422016,-0.0592143232176785,4.415689414770385e-05,1.103602452309782e-05,7.889712215638742e-05,1.9718564716241773e-05,0.24992755346837933,monotonic,converged
0.00225,-0.6666666666666666,k0p002250000_wqm0p666666667,orbital__r_emit__cos1,orbital,0.1084316299247204,0.1084509037541966,0.108455720833888,1.927382947619627e-05,4.817079691410431e-06,3.443742382601225e-05,8.606894397486163e-06,0.24992852081417768,monotonic,converged
0.00225,-0.55,k0p002250000_wqm0p550000000,orbital__r_emit__cos1,orbital,0.4756773379080784,0.4756352429831878,0.4756247222414299,4.209492489060107e-05,1.0520741757946706e-05,7.521290832069098e-05,1.879788566822674e-05,0.24992898277615813,monotonic,converged
0.00225,-0.475,k0p002250000_wqm0p475000000,orbital__r_emit__cos1,orbital,0.5419669574648551,0.541911973301916,0.5418982311775705,5.498416293914232e-05,1.3742124345461626e-05,9.824269355461002e-05,2.4553675798516967e-05,0.24992877241164352,monotonic,converged
0.00225,-0.45,k0p002250000_wqm0p450000000,orbital__r_emit__cos1,orbital,0.5533493960466028,0.5532921265255961,0.5532778132274943,5.726952100670868e-05,1.4313298101864547e-05,0.0001023260462927972,2.5574217811293178e-05,0.2499287203779451,monotonic,converged
0.0025,-0.7125,k0p002500000_wqm0p712500000,orbital__r_emit__cos1,orbital,-0.0341583802475437,-0.0341439981452554,-0.0341404036320125,1.4382102288303111e-05,3.5945132429021642e-06,2.569715336659189e-05,6.422479567276162e-06,0.2499296118777825,monotonic,converged
0.0025,-0.69,k0p002500000_wqm0p690000000,orbital__r_emit__cos1,orbital,-0.1357847048771529,-0.1357287018381916,-0.1357147051744811,5.600303896130532e-05,1.399666371051933e-05,0.00010006316547715777,2.5008472807368894e-05,0.24992686057965838,monotonic,converged
0.0025,-0.6666666666666666,k0p002500000_wqm0p666666667,orbital__r_emit__cos1,orbital,0.0467577456257423,0.046786305579939,0.0467934435187703,2.8559954196698267e-05,7.1379388313017045e-06,5.102936333113691e-05,1.2753678509051485e-05,0.24992823105181664,monotonic,converged
0.0025,-0.58,k0p002500000_wqm0p580000000,orbital__r_emit__cos1,orbital,0.4079645546826079,0.4079350164800732,0.407927634023946,2.9538202534706848e-05,7.382456127191794e-06,5.2777243930822596e-05,1.319056863313176e-05,0.24992909160662513,monotonic,converged
0.0025,-0.45,k0p002500000_wqm0p450000000,orbital__r_emit__cos1,orbital,0.5501889534107335,0.5501323391094223,0.550118189568561,5.661430131120859e-05,1.4149540861319032e-05,0.00010115533559511492,2.5281625334836495e-05,0.24992873767953191,monotonic,converged
0.0,-0.7125,k0p000000000_wqm0p712500000,orbital__r_emit__sin1,orbital,1.6273922966119465,1.6278475187512131,1.6279612981190723,0.00045522213926663113,0.00011377936785916809,0.0034900100931383924,0.0008723019114560679,0.24994251826694577,monotonic,converged
0.0,-0.69,k0p000000000_wqm0p690000000,orbital__r_emit__sin1,orbital,1.6273922966119465,1.6278475187512131,1.6279612981190723,0.00045522213926663113,0.00011377936785916809,0.0034900100931383924,0.0008723019114560679,0.24994251826694577,monotonic,converged
0.0,-0.6666666666666666,k0p000000000_wqm0p666666667,orbital__r_emit__sin1,orbital,1.6273922966119465,1.6278475187512131,1.6279612981190723,0.00045522213926663113,0.00011377936785916809,0.0034900100931383924,0.0008723019114560679,0.24994251826694577,monotonic,converged
0.0,-0.58,k0p000000000_wqm0p580000000,orbital__r_emit__sin1,orbital,1.6273922966119465,1.6278475187512131,1.6279612981190723,0.00045522213926663113,0.00011377936785916809,0.0034900100931383924,0.0008723019114560679,0.24994251826694577,monotonic,converged
0.0,-0.45,k0p000000000_wqm0p450000000,orbital__r_emit__sin1,orbital,1.6273922966119465,1.6278475187512131,1.6279612981190723,0.00045522213926663113,0.00011377936785916809,0.0034900100931383924,0.0008723019114560679,0.24994251826694577,monotonic,converged
0.00025,-0.58,k0p000250000_wqm0p580000000,orbital__r_emit__sin1,orbital,1.6336489260274032,1.63410730471715,1.6342218734163747,0.00045837868974674123,0.00011456869922477075,0.0035142101310645635,0.0008783534063091565,0.2499433367813654,monotonic,converged
0.0005,-0.7125,k0p000500000_wqm0p712500000,orbital__r_emit__sin1,orbital,1.6715586588435267,1.6720381309839878,1.6721579748104858,0.000479472140461068,0.00011984382649798953,0.0036759253675218997,0.0009187957438803964,0.24994950985628864,monotonic,converged
0.0005,-0.61,k0p000500000_wqm0p610000000,orbital__r_emit__sin1,orbital,1.644470423113279,1.6449343620971026,1.6450503212438503,0.00046393898382368626,0.00011595914674766838,0.0035568387309841943,0.0008890134236288539,0.24994482203663465,monotonic,converged
0.0005,-0.55,k0p000500000_wqm0p550000000,orbital__r_emit__sin1,orbital,1.635918506397663,1.6363780989527723,1.6364929711929492,0.00045959255510941155,0.00011487224017692199,0.003523516362027441,0.0008806805360669387,0.2499436487816372,monotonic,converged
0.0005,-0.5,k0p000500000_wqm0p500000000,orbital__r_emit__sin1,orbital,1.6319377506579318,1.632395340143438,1.6325097114878606,0.0004575894855061158,0.00011437134442271457,0.0035081596108289532,0.0008768403642321278,0.24994312160869347,monotonic,converged
0.0005,-0.475,k0p000500000_wqm0p475000000,orbital__r_emit__sin1,orbital,1.6306584225245917,1.6311153668787992,1.6312295769002354,0.00045694435420751134,0.00011421002143618963,0.0035032136414893333,0.0008756035639918445,0.24994295341336822,monotonic,converged
0.00075,-0.475,k0p000750000_wqm0p475000000,orbital__r_emit__sin1,orbital,1.632253087427003,1.6327108808469777,1.6328253031853797,0.0004577934199747613,0.00011442233840197602,0.0035097230966362526,0.000877231315126121,0.2499431695813458,monotonic,converged
0.001,-0.58,k0p001000000_wqm0p580000000,orbital__r_emit__sin1,orbital,1.650296070721961,1.6507632955412648,1.6508800763809095,0.0004672248193038353,0.00011678083964472563,0.003582029946439108,0.0008953130216862108,0.24994571097213758,monotonic,converged
0.00125,-0.7125,k0p001250000_wqm0p712500000,orbital__r_emit__sin1,orbital,1.6359812788465968,1.6364699854167122,1.6365921416692537,0.0004887065701153492,0.00012215625254152762,0.0037467221278678223,0.0009365242099092797,0.24995827764847753,monotonic,converged
0.00125,-0.58,k0p001250000_wqm0p580000000,orbital__r_emit__sin1,orbital,1.6550643238734912,1.655534270529299,1.6556517320400403,0.0004699466558077958,0.0001174615107413235,0.00360289720233751,0.0009005314607565538,0.24994647645575385,monotonic,converged
0.00125,-0.45,k0p001250000_wqm0p450000000,orbital__r_emit__sin1,orbital,1.6330968469065743,1.6335551475139098,1.6336696966769304,0.0004583006073355378,0.00011454916302056084,0.0035136115037578256,0.0008782036298725709,0.24994329308556953,monotonic,converged
0.0015,-0.7125,k0p001500000_wqm0p712500000,orbital__r_emit__sin1,orbital,1.5699803987797314,1.570458413966538,1.5705778990474184,0.00047801518680667954,0.00011948508088033272,0.003664755473704252,0.0009160453815440908,0.24996084680601427,monotonic,converged
0.0015,-0.61,k0p001500000_wqm0p610000000,orbital__r_emit__sin1,orbital,1.6688181199605538,1.669296676993452,1.669416291902463,0.00047855703289823026,0.00011961490901102323,0.003668909595758786,0.0009170407230431074,0.2499491195158352,monotonic,converged
0.0015,-0.5,k0p001500000_wqm0p500000000,orbital__r_emit__sin1,orbital,1.6404410296348295,1.6409031736496589,1.6410186839129806,0.00046214401482935763,0.00011551026332168313,0.0035430774057613715,0.0008855720099712165,0.24994430224165992,monotonic,converged
0.00175,-0.7125,k0p001750000_wqm0p712500000,orbital__r_emit__sin1,orbital,1.4512556952772224,1.4517095614820554,1.4518230113941375,0.0004538662048330089,0.00011344991208206423,0.003479614674175248,0.0008697761028713018,0.24996333913825086,monotonic,converged
0.00175,-0.45,k0p001750000_wqm0p450000000,orbital__r_emit__sin1,orbital,1.635282202327888,1.6357417034213932,1.635856552778216,0.0004595010935053434,0.00011484935682282149,0.0035228151616819425,0.0008805050983412949,0.2499435984943656,monotonic,converged
0.002,-0.7125,k0p002000000_wqm0p712500000,orbital__r_emit__sin1,orbital,1.2433818422252894,1.243787588428485,1.243889011173581,0.0004057462031956671,0.00010142274509594706,0.003110697442542553,0.0007775685177107207,0.24996597453565558,monotonic,converged
0.002,-0.69,k0p002000000_wqm0p690000000,orbital__r_emit__sin1,orbital,1.5448721802149847,1.5453454742414932,1.545463779510094,0.00047329402650841956,0.00011830526860090451,0.003628560184259859,0.0009070002222514288,0.24996146575874847,monotonic,converged
0.002,-0.45,k0p002000000_wqm0p450000000,orbital__r_emit__sin1,orbital,1.6363538290922228,1.636813923704152,1.6369289214765963,0.00046009461192908496,0.0001149977724443918,0.003527365435297058,0.0008816429428628602,0.2499437495306217,monotonic,converged
0.00225,-0.7125,k0p002250000_wqm0p712500000,orbital__r_emit__sin1,orbital,0.8652775101601623,0.8655830540356426,0.8656594307506397,0.0003055438754803186,7.637671499705068e-05,0.0023424853875535093,0.0005855504010632825,0.24996971343963476,monotonic,converged
0.00225,-0.69,k0p002250000_wqm0p690000000,orbital__r_emit__sin1,orbital,1.4447278159433443,1.4451802489635517,1.4452933406641717,0.00045243302020736564,0.00011309170062001606,0.0034686270082043363,0.0008670298356971261,0.24996341020419383,monotonic,converged
0.00225,-0.6666666666666666,k0p002250000_wqm0p666666667,orbital__r_emit__sin1,orbital,1.6109801906928538,1.6114654483980937,1.6115867431026718,0.0004852577052398832,0.00012129470457811209,0.0037202810298038354,0.0009299190586464544,0.2499593582303882,monotonic,converged
0.00225,-0.55,k0p002250000_wqm0p550000000,orbital__r_emit__sin1,orbital,1.6600275230218882,1.660500720302917,1.6606189947323846,0.0004731972810287921,0.00011827442946765743,0.0036278184745071012,0.0009067637906787698,0.24994739870549026,monotonic,converged
0.00225,-0.475,k0p002250000_wqm0p475000000,orbital__r_emit__sin1,orbital,1.6412649671154838,1.6417276813300314,1.6418433341754344,0.00046271421454768813,0.00011565284540293597,0.003547448903982622,0.0008866651310208095,0.2499444403625871,monotonic,converged
0.00225,-0.45,k0p002250000_wqm0p450000000,orbital__r_emit__sin1,orbital,1.6374112922250148,1.6378719758350473,1.6379871208937915,0.00046068361003248626,0.00011514505874421488,0.0035318810533841345,0.0008827721293162953,0.2499439012733601,monotonic,converged
0.0025,-0.7125,k0p002500000_wqm0p712500000,orbital__r_emit__sin1,orbital,0.0791717283411834,0.0792056595819059,0.0792141418244246,3.3931240722498424e-05,8.482242518703664e-06,0.00026013755127332936,6.503003577641108e-05,0.24998327022800068,monotonic,converged
0.0025,-0.69,k0p002500000_wqm0p690000000,orbital__r_emit__sin1,orbital,1.2900730942343344,1.2904899850152567,1.290594193302114,0.0004168907809223299,0.00010420828685719918,0.0031961385610533495,0.0007989241769000783,0.24996543849362315,monotonic,converged
0.0025,-0.6666666666666666,k0p002500000_wqm0p666666667,orbital__r_emit__sin1,orbital,1.5653992128316054,1.5658764986788851,1.565995801472432,0.0004772858472796848,0.00011930279354688267,0.003659163912813481,0.0009146478558556064,0.2499608865983667,monotonic,converged
0.0025,-0.58,k0p002500000_wqm0p580000000,orbital__r_emit__sin1,orbital,1.6718556647731622,1.6723372153130267,1.672457578927158,0.0004815505398645392,0.00012036361413136909,0.0036918596428349875,0.0009227807523637398,0.24995011772850992,monotonic,converged
0.0025,-0.45,k0p002500000_wqm0p450000000,orbital__r_emit__sin1,orbital,1.638454493166248,1.638915761229645,1.6390310524383034,0.00046126806339708004,0.00011529120865838571,0.003536361828736333,0.0008838926035454029,0.2499440516416978,monotonic,converged
0.0,-0.7125,k0p000000000_wqm0p712500000,orbital__r_emit__cos2,orbital,0.0551502847619662,0.0550870143484046,0.0550712149817998,6.327041356159885e-05,1.579936660479897e-05,0.000861748711643866,0.0002151887912542132,0.24971176440022813,monotonic,converged
0.0,-0.69,k0p000000000_wqm0p690000000,orbital__r_emit__cos2,orbital,0.0551502847619662,0.0550870143484046,0.0550712149817998,6.327041356159885e-05,1.579936660479897e-05,0.000861748711643866,0.0002151887912542132,0.24971176440022813,monotonic,converged
0.0,-0.6666666666666666,k0p000000000_wqm0p666666667,orbital__r_emit__cos2,orbital,0.0551502847619662,0.0550870143484046,0.0550712149817998,6.327041356159885e-05,1.579936660479897e-05,0.000861748711643866,0.0002151887912542132,0.24971176440022813,monotonic,converged
0.0,-0.58,k0p000000000_wqm0p580000000,orbital__r_emit__cos2,orbital,0.0551502847619662,0.0550870143484046,0.0550712149817998,6.327041356159885e-05,1.579936660479897e-05,0.000861748711643866,0.0002151887912542132,0.24971176440022813,monotonic,converged
0.0,-0.45,k0p000000000_wqm0p450000000,orbital__r_emit__cos2,orbital,0.0551502847619662,0.0550870143484046,0.0550712149817998,6.327041356159885e-05,1.579936660479897e-05,0.000861748711643866,0.0002151887912542132,0.24971176440022813,monotonic,converged
0.00025,-0.58,k0p000250000_wqm0p580000000,orbital__r_emit__cos2,orbital,0.052189737750743,0.0521298394375158,0.0521148821187403,5.989831322720379e-05,1.4957318775501993e-05,0.0008158204024212677,0.00020372002423986894,0.24971185279903482,monotonic,converged
0.0005,-0.7125,k0p000500000_wqm0p712500000,orbital__r_emit__cos2,orbital,0.0288761308672238,0.028843045579028,0.0288347837778896,3.308528819579923e-05,8.261801138401137e-06,0.00045062459484855485,0.00011252647305590162,0.24971223129469736,monotonic,converged
0.0005,-0.61,k0p000500000_wqm0p610000000,orbital__r_emit__cos2,orbital,0.0467357129695698,0.0466820358376754,0.0466686320143829,5.3677131894400154e-05,1.3403823292498784e-05,0.0007310873542766251,0.00018256127632494933,0.24971198757169685,monotonic,converged
0.0005,-0.55,k0p000500000_wqm0p550000000,orbital__r_emit__cos2,orbital,0.0510454759116435,0.0509869077154392,0.0509722825405869,5.856819620429776e-05,1.4625174852296585e-05,0.0007977040891825546,0.00019919619419371418,0.24971188802333957,monotonic,converged
0.0005,-0.5,k0p000500000_wqm0p500000000,orbital__r_emit__cos2,orbital,0.0529624077666665,0.0529016628080316,0.0528864940729001,6.074495863489515e-05,1.5168735131500244e-05,0.0008273517888660063,0.0002065995339845707,0.24971183572074263,monotonic,converged
0.0005,-0.475,k0p000500000_wqm0p475000000,orbital__r_emit__cos2,orbital,0.0535702635236824,0.0535088264773615,0.0534934849208163,6.143704632090297e-05,1.5341556545200863e-05,0.000836778085268845,0.0002089533771510293,0.24971181825811742,monotonic,converged
0.00075,-0.475,k0p000750000_wqm0p475000000,orbital__r_emit__cos2,orbital,0.0527829104826995,0.0527223888627303,0.0527072758974375,6.0521619969201856e-05,1.5112965292801706e-05,0.0008243098961931525,0.00020583994377578753,0.24971184347828704,monotonic,converged
0.001,-0.58,k0p001000000_wqm0p580000000,orbital__r_emit__cos2,orbital,0.0434022700963373,0.0433524922858871,0.0433400621658459,4.9777810450200854e-05,1.2430120041199977e-05,0.000677978246216938,0.00016929935064600193,0.2497120690681127,monotonic,converged
0.00125,-0.7125,k0p001250000_wqm0p712500000,orbital__r_emit__cos2,orbital,-0.0070863727920946,-0.0070738087486867,-0.007070671357965,1.2564043407899302e-05,3.1373907217000646e-06,0.0001711233989209479,4.2731543230964275e-05,0.2497118658255761,monotonic,converged
0.00125,-0.58,k0p001250000_wqm0p580000000,orbital__r_emit__cos2,orbital,0.0405075972044566,0.0404611920488915,0.0404496041190178,4.640515556509489e-05,1.1587929873699276e-05,0.0006320423839638826,0.00015782864497254718,0.24971212212497151,monotonic,converged
0.00125,-0.45,k0p001250000_wqm0p450000000,orbital__r_emit__cos2,orbital,0.0523252563787833,0.0522652896866137,0.0522503152922699,5.996669216959405e-05,1.49743943438016e-05,0.0008167517297540819,0.0002039525950127539,0.2497118617357108,monotonic,converged
0.0015,-0.7125,k0p001500000_wqm0p712500000,orbital__r_emit__cos2,orbital,-0.0179842398035643,-0.0179562000242316,-0.0179491981711236,2.8039779332699605e-05,7.001853108000444e-06,0.0003819043112656016,9.536586779323884e-05,0.24971141979833555,monotonic,converged
0.0015,-0.61,k0p001500000_wqm0p610000000,orbital__r_emit__cos2,orbital,0.0303169991784217,0.0302825305920837,0.0302739233636769,3.446858633799829e-05,8.60722840680117e-06,0.0004694652397053936,0.00011723122345587462,0.24971225458447455,monotonic,converged
0.0015,-0.5,k0p001500000_wqm0p500000000,orbital__r_emit__cos2,orbital,0.048621949311621,0.0485662430915041,0.0485523325818953,5.570622011689952e-05,1.3910509608798527e-05,0.0007587237179910522,0.00018946238943137432,0.24971196357619166,monotonic,converged
0.00175,-0.7125,k0p001750000_wqm0p712500000,orbital__r_emit__cos2,orbital,-0.0284709873434941,-0.0284272949406267,-0.0284163844772365,4.369240286740059e-05,1.0910463390200603e-05,0.0005950944487339264,0.00014860149066023181,0.24971076604122927,monotonic,converged
0.00175,-0.45,k0p001750000_wqm0p450000000,orbital__r_emit__cos2,orbital,0.0512029074294714,0.0511442575532395,0.0511296119813826,5.864987623190043e-05,1.464557185690274e-05,0.0007988165784898215,0.000199474003227215,0.2497118970719468,monotonic,converged
0.002,-0.7125,k0p002000000_wqm0p712500000,orbital__r_emit__cos2,orbital,-0.0385591986823725,-0.0385003164395764,-0.0384856129637024,5.888224279609888e-05,1.4703475874004723e-05,0.0008019814319506287,0.00020026266113740964,0.24970984758377565,monotonic,converged
0.002,-0.69,k0p002000000_wqm0p690000000,orbital__r_emit__cos2,orbital,-0.020663635118259,-0.0206315976132403,-0.0206235974864156,3.203750501869912e-05,8.00012682470111e-06,0.00043635369393103416,0.0001089624454163201,0.2497112936863132,monotonic,converged
0.002,-0.45,k0p002000000_wqm0p450000000,orbital__r_emit__cos2,orbital,0.050643393398517,0.050585400899837,0.0505709194819818,5.799249867999984e-05,1.4481417855198575e-05,0.0007898630372289855,0.00019723821099010524,0.24971191420991234,monotonic,converged
0.00225,-0.7125,k0p002250000_wqm0p712500000,orbital__r_emit__cos2,orbital,-0.0454134631874212,-0.0453449793941234,-0.0453278783859353,6.848379329779664e-05,1.7101008188101507e-05,0.000932755411585929,0.00023291726644966912,0.24970883423088228,monotonic,converged
0.00225,-0.69,k0p002250000_wqm0p690000000,orbital__r_emit__cos2,orbital,-0.0287920350514816,-0.0287478270394955,-0.0287367878231967,4.4208011986100054e-05,1.1039216298799198e-05,0.0006021170912099158,0.0001503551168317633,0.24971076062570205,monotonic,converged
0.00225,-0.6666666666666666,k0p002250000_wqm0p666666667,orbital__r_emit__cos2,orbital,-0.0117850564284851,-0.0117657602869015,-0.0117609418140774,1.929614158360099e-05,4.818472824099501e-06,0.000262815180324002,6.5628032353797e-05,0.249711726213417,monotonic,converged
0.00225,-0.55,k0p002250000_wqm0p550000000,orbital__r_emit__cos2,orbital,0.0369530526897046,0.0369109090358604,0.0369003852513776,4.214365384420243e-05,1.0523784482796561e-05,0.0005740003480275776,0.00014333488923441888,0.2497121991771552,monotonic,converged
0.00225,-0.475,k0p002250000_wqm0p475000000,orbital__r_emit__cos2,orbital,0.0480968825684021,0.0480418347553142,0.0480280886565927,5.5047813087898134e-05,1.3746098721498234e-05,0.0007497561551597011,0.00018722309838938811,0.2497119858249231,monotonic,converged
0.00225,-0.45,k0p002250000_wqm0p450000000,orbital__r_emit__cos2,orbital,0.0500849924289787,0.0500276566118338,0.0500133391741762,5.733581714489899e-05,1.4317437657604404e-05,0.0007809189757794342,0.0001950047859805736,0.24971193174802753,monotonic,converged
0.0025,-0.7125,k0p002500000_wqm0p712500000,orbital__r_emit__cos2,orbital,-0.0091531948516103,-0.0091387961006209,-0.009135200547788,1.4398750989399675e-05,3.5955528328995845e-06,0.00019611228085803043,4.897175230855835e-05,0.24971282825479943,monotonic,converged
0.0025,-0.69,k0p002500000_wqm0p690000000,orbital__r_emit__cos2,orbital,-0.0366582628173005,-0.0366021949464807,-0.0365881942346905,5.606787081980508e-05,1.4000711790196352e-05,0.0007636494330251502,0.00019069095123825053,0.2497100672003907,monotonic,converged
0.0025,-0.6666666666666666,k0p002500000_wqm0p666666667,orbital__r_emit__cos2,orbital,-0.018270670450029,-0.0182420774340067,-0.0182349374307745,2.859301602229844e-05,7.14000323220193e-06,0.00038943944463456175,9.724748488474347e-05,0.24971144095585282,monotonic,converged
0.0025,-0.58,k0p002500000_wqm0p580000000,orbital__r_emit__cos2,orbital,0.0263346853787327,0.0263051129820017,0.0262977283907193,2.957239673100076e-05,7.384591282400682e-06,0.00040277869779293407,0.00010057879608183332,0.24971230264401975,monotonic,converged
0.0025,-0.45,k0p002500000_wqm0p450000000,orbital__r_emit__cos2,orbital,0.049527709042102,0.0494710292031706,0.0494568755701248,5.6679838931400495e-05,1.4153633045799197e-05,0.0007719844936332344,0.00019277375246524767,0.24971194895118373,monotonic,converged
0.0,-0.7125,k0p000000000_wqm0p712500000,orbital__r_emit__sin2,orbital,0.6753047803622357,0.6762155760586062,0.6764431567336667,0.0009107956963704256,0.000227580675060568,0.019643720177028604,0.004908379690861956,0.24987016953142224,monotonic,converged
0.0,-0.69,k0p000000000_wqm0p690000000,orbital__r_emit__sin2,orbital,0.6753047803622357,0.6762155760586062,0.6764431567336667,0.0009107956963704256,0.000227580675060568,0.019643720177028604,0.004908379690861956,0.24987016953142224,monotonic,converged
0.0,-0.6666666666666666,k0p000000000_wqm0p666666667,orbital__r_emit__sin2,orbital,0.6753047803622357,0.6762155760586062,0.6764431567336667,0.0009107956963704256,0.000227580675060568,0.019643720177028604,0.004908379690861956,0.24987016953142224,monotonic,converged
0.0,-0.58,k0p000000000_wqm0p580000000,orbital__r_emit__sin2,orbital,0.6753047803622357,0.6762155760586062,0.6764431567336667,0.0009107956963704256,0.000227580675060568,0.019643720177028604,0.004908379690861956,0.24987016953142224,monotonic,converged
0.0,-0.45,k0p000000000_wqm0p450000000,orbital__r_emit__sin2,orbital,0.6753047803622357,0.6762155760586062,0.6764431567336667,0.0009107956963704256,0.000227580675060568,0.019643720177028604,0.004908379690861956,0.24987016953142224,monotonic,converged
0.00025,-0.58,k0p000250000_wqm0p580000000,orbital__r_emit__sin2,orbital,0.6777184261679566,0.6786355373979347,0.6788646968876475,0.0009171112299780626,0.00022915948971280464,0.01977993137724774,0.004942431008148063,0.24987098862401474,monotonic,converged
0.0005,-0.7125,k0p000500000_wqm0p712500000,orbital__r_emit__sin2,orbital,0.6906935760817564,0.6916528904607936,0.691892601221744,0.0009593143790371794,0.00023971076095041788,0.020690154003474938,0.005169997102860161,0.24987716872440166,monotonic,converged
0.0005,-0.61,k0p000500000_wqm0p610000000,orbital__r_emit__sin2,orbital,0.681751746546726,0.6826799826484532,0.6829119233014811,0.0009282361017272089,0.00023194065302789557,0.020019868685379996,0.005002414157108885,0.24987247597493095,monotonic,converged
0.0005,-0.55,k0p000500000_wqm0p550000000,orbital__r_emit__sin2,orbital,0.6786444872246267,0.6795640271201554,0.6797937937505122,0.0009195398955287315,0.0002297666303567869,0.019832311978815194,0.004955525603309212,0.24987130136933544,monotonic,converged
0.0005,-0.5,k0p000500000_wqm0p500000000,orbital__r_emit__sin2,orbital,0.6771491154052441,0.6780646476187728,0.678293412360987,0.0009155322135286914,0.0002287647422141159,0.019745875707672247,0.004933917233395146,0.24987077334220612,monotonic,converged
0.0005,-0.475,k0p000500000_wqm0p475000000,orbital__r_emit__sin2,orbital,0.6766586465085896,0.6775728879630547,0.6778013300282967,0.000914241454465059,0.00022844206524197386,0.019718037071671878,0.0049269578503264855,0.2498706048892083,monotonic,converged
0.00075,-0.475,k0p000750000_wqm0p475000000,orbital__r_emit__sin2,orbital,0.6773188460225532,0.6782347862617767,0.6784636530017976,0.0009159402392234783,0.00022886674002087215,0.01975467586187299,0.0049361170860982,0.24987082150130477,monotonic,converged
0.001,-0.58,k0p001000000_wqm0p580000000,orbital__r_emit__sin2,orbital,0.6840500550424943,0.6849848653458487,0.6852184495428002,0.0009348103033544053,0.00023358419695151955,0.020161658746166017,0.005037861532478558,0.2498733658725658,monotonic,converged
0.00125,-0.7125,k0p001250000_wqm0p712500000,orbital__r_emit__sin2,orbital,0.6766684163718525,0.6776462066843564,0.6778905427425178,0.00097779031250389,0.0002443360581614318,0.021088636416683283,0.005269753880928858,0.24988594695292576,monotonic,converged
0.00125,-0.58,k0p001250000_wqm0p580000000,orbital__r_emit__sin2,orbital,0.6858342563548142,0.6867745124293211,0.6870094580997687,0.0009402560745068733,0.00023494567044757275,0.020279111216674518,0.005067225312403615,0.2498741319706893,monotonic,converged
0.00125,-0.45,k0p001250000_wqm0p450000000,orbital__r_emit__sin2,orbital,0.6777289894136204,0.6786459444196039,0.6788750648330651,0.0009169550059835441,0.0002291204134612368,0.019776561993262408,0.0049415882253435045,0.24987094455684628,monotonic,converged
0.0015,-0.7125,k0p001500000_wqm0p712500000,orbital__r_emit__sin2,orbital,0.6541320806465278,0.6550884799259451,0.655327473125395,0.0009563992794172638,0.0002389931994498662,0.020627282163555204,0.005154520989629919,0.24988851894104863,monotonic,converged
0.0015,-0.61,k0p001500000_wqm0p610000000,orbital__r_emit__sin2,orbital,0.6905876627468344,0.6915451462068789,0.6917843990887546,0.0009574834600445392,0.0002392528818756512,0.020650665388737784,0.005160121728552315,0.249876777886609,monotonic,converged
0.0015,-0.5,k0p001500000_wqm0p500000000,orbital__r_emit__sin2,orbital,0.6805834942562259,0.6815081390357438,0.6817391818349731,0.0009246447795179247,0.00023104279922925297,0.019942412315278706,0.004983049563215103,0.24987195553054448,monotonic,converged
0.00175,-0.7125,k0p001750000_wqm0p712500000,orbital__r_emit__sin2,orbital,0.614418874967442,0.6153269576320541,0.6155538793300909,0.0009080826646121753,0.00022692169803673057,0.019585206465443403,0.004894167106952152,0.24989101419929038,monotonic,converged
0.00175,-0.45,k0p001750000_wqm0p450000000,orbital__r_emit__sin2,orbital,0.6786567330111987,0.6795760899146821,0.6798058107735334,0.000919356903483437,0.00022972085885131222,0.019828365270956654,0.004954538419631019,0.2498712501977213,monotonic,converged
0.002,-0.7125,k0p002000000_wqm0p712500000,orbital__r_emit__sin2,orbital,0.5437328861438202,0.5445446916571426,0.5447475567020869,0.0008118055133223834,0.00020286504494426705,0.017508734840780672,0.00437532170218422,0.2498936526237972,monotonic,converged
0.002,-0.69,k0p002000000_wqm0p690000000,orbital__r_emit__sin2,orbital,0.6459402559407027,0.6468872092522692,0.6471238425996316,0.0009469533115664674,0.00023663334736245822,0.020423554862249657,0.005103624532555131,0.249889138642976,monotonic,converged
0.002,-0.45,k0p002000000_wqm0p450000000,orbital__r_emit__sin2,orbital,0.6791115004955623,0.6800320448914516,0.6802620626104794,0.0009205443958892889,0.00023001771902775303,0.019853976688122832,0.0049609409951602455,0.24987140224295773,monotonic,converged
0.00225,-0.7125,k0p002250000_wqm0p712500000,orbital__r_emit__sin2,orbital,0.4040855443825804,0.4046968679021115,0.4048496360576412,0.0006113235195311373,0.00015276815552967005,0.013184809944931876,0.0032948496695192186,0.24989739581234763,monotonic,converged
0.00225,-0.69,k0p002250000_wqm0p690000000,orbital__r_emit__sin2,orbital,0.6123484190457634,0.6132536342348734,0.6134798394409293,0.0009052151891100202,0.0002262052060558739,0.01952336176568989,0.004878714060745279,0.24989108532112891,monotonic,converged
0.00225,-0.6666666666666666,k0p002250000_wqm0p666666667,orbital__r_emit__sin2,orbital,0.6686626697761081,0.6696335596905915,0.6698761724864665,0.0009708899144833527,0.00024261279587500795,0.020939811067194117,0.0052325871680413945,0.24988702864846568,monotonic,converged
0.00225,-0.55,k0p002250000_wqm0p550000000,orbital__r_emit__sin2,orbital,0.6879092898743355,0.6888560497025416,0.6890926213671257,0.000946759828206023,0.0002365716645841287,0.02041938188140815,0.005102294180158787,0.24987505546406505,monotonic,converged
0.00225,-0.475,k0p002250000_wqm0p475000000,orbital__r_emit__sin2,orbital,0.6810399210011687,0.6819657066207502,0.6821970346116525,0.000925785619581454,0.00023132799090230804,0.019967017551188383,0.004989200476580897,0.24987209350572004,monotonic,converged
0.00225,-0.45,k0p002250000_wqm0p450000000,orbital__r_emit__sin2,orbital,0.6795601585725168,0.680481881420237,0.6807121937399093,0.0009217228477201855,0.00023031231967229893,0.019879393121358616,0.004967294837902908,0.2498715533003871,monotonic,converged
0.0025,-0.7125,k0p002500000_wqm0p712500000,orbital__r_emit__sin2,orbital,0.0427891678450022,0.0428570565034006,0.0428740226237706,6.788865839840036e-05,1.6966120369998894e-05,0.0014641986277344934,0.00036591929712247715,0.249910968492473,monotonic,converged
0.0025,-0.69,k0p002500000_wqm0p690000000,orbital__r_emit__sin2,orbital,0.5597909729176979,0.560625076189257,0.5608335128548089,0.0008341032715591945,0.0002084366655518144,0.017989645021982067,0.004495488449330019,0.24989311594736036,monotonic,converged
0.0025,-0.6666666666666666,k0p002500000_wqm0p666666667,orbital__r_emit__sin2,orbital,0.6531303854927891,0.6540853255298182,0.6543239541194571,0.0009549400370291172,0.00023862858963885625,0.02059580973866624,0.005146657213889848,0.2498885588473658,monotonic,converged
0.0025,-0.58,k0p002500000_wqm0p580000000,orbital__r_emit__sin2,orbital,0.6919369411050388,0.6929004138842266,0.6931411643204506,0.0009634727791878461,0.00024075043622395764,0.02077984091050506,0.005192420452278454,0.24987777695898877,monotonic,converged
0.0025,-0.45,k0p002500000_wqm0p450000000,orbital__r_emit__sin2,orbital,0.680002676947825,0.6809255691524939,0.6811561738002311,0.0009228922046689014,0.00023060464773716483,0.01990461339938494,0.004973599666448983,0.24987170394390426,monotonic,converged
0.0,-0.7125,k0p000000000_wqm0p712500000,orbital__r_emit__cos3,orbital,0.0186792544133529,0.0186158618182338,0.0186000548342636,6.339259511909875e-05,1.580698397020061e-05,0.00235475588799854,0.000587159880509678,0.24935063693958673,monotonic,converged
0.0,-0.69,k0p000000000_wqm0p690000000,orbital__r_emit__cos3,orbital,0.0186792544133529,0.0186158618182338,0.0186000548342636,6.339259511909875e-05,1.580698397020061e-05,0.00235475588799854,0.000587159880509678,0.24935063693958673,monotonic,converged
0.0,-0.6666666666666666,k0p000000000_wqm0p666666667,orbital__r_emit__cos3,orbital,0.0186792544133529,0.0186158618182338,0.0186000548342636,6.339259511909875e-05,1.580698397020061e-05,0.00235475588799854,0.000587159880509678,0.24935063693958673,monotonic,converged
0.0,-0.58,k0p000000000_wqm0p580000000,orbital__r_emit__cos3,orbital,0.0186792544133529,0.0186158618182338,0.0186000548342636,6.339259511909875e-05,1.580698397020061e-05,0.00235475588799854,0.000587159880509678,0.24935063693958673,monotonic,converged
0.0,-0.45,k0p000000000_wqm0p450000000,orbital__r_emit__cos3,orbital,0.0186792544133529,0.0186158618182338,0.0186000548342636,6.339259511909875e-05,1.580698397020061e-05,0.00235475588799854,0.000587159880509678,0.24935063693958673,monotonic,converged
0.00025,-0.58,k0p000250000_wqm0p580000000,orbital__r_emit__cos3,orbital,0.0176611814163412,0.0176011674330088,0.0175862029029429,6.001398333239927e-05,1.496453006590015e-05,0.0022292553309848236,0.000555866426001437,0.2493507218645387,monotonic,converged
0.0005,-0.7125,k0p000500000_wqm0p712500000,orbital__r_emit__cos3,orbital,0.0096573366067067,0.0096241874278861,0.0096159216433757,3.314917882060037e-05,8.265784510399707e-06,0.001231346088032418,0.0003070375129496285,0.24935110927281803,monotonic,converged
0.0005,-0.61,k0p000500000_wqm0p610000000,orbital__r_emit__cos3,orbital,0.0157894551868606,0.0157356743990088,0.015722264113267,5.378078785180096e-05,1.3410285741800171e-05,0.001997719554110425,0.0004981330903226124,0.2493508607340177,monotonic,converged
0.0005,-0.55,k0p000500000_wqm0p550000000,orbital__r_emit__cos3,orbital,0.0172616834236997,0.0172030021264763,0.0171883699004067,5.868129722340007e-05,1.4632226069601073e-05,0.0021797519078149107,0.0005435227951653655,0.24935076015610383,monotonic,converged
0.0005,-0.5,k0p000500000_wqm0p500000000,orbital__r_emit__cos3,orbital,0.0179183676812656,0.017857505417898,0.0178423293695195,6.0862263367600367e-05,1.5176048378501283e-05,0.002260765200612477,0.000563723400322827,0.2493507066413201,monotonic,converged
0.0005,-0.475,k0p000500000_wqm0p475000000,orbital__r_emit__cos3,orbital,0.0181272493351663,0.0180656936475449,0.0180503446942849,6.155568762139865e-05,1.5348953260000547e-05,0.0022865228595542633,0.000570146055634684,0.24935069127007492,monotonic,converged
0.00075,-0.475,k0p000750000_wqm0p475000000,orbital__r_emit__cos3,orbital,0.017851957297089,0.0177913188037138,0.0177761985520188,6.063849337520008e-05,1.5120251695002057e-05,0.002252453130311963,0.0005616507991183211,0.24935071525352137,monotonic,converged
0.001,-0.58,k0p001000000_wqm0p580000000,orbital__r_emit__cos3,orbital,0.0146250505243734,0.0145751765882331,0.0145627404753304,4.9873936140299585e-05,1.2436112902700427e-05,0.0018525972089230864,0.000461946857143664,0.2493509408945906,monotonic,converged
0.00125,-0.7125,k0p001250000_wqm0p712500000,orbital__r_emit__cos3,orbital,-0.0036141250521333,-0.0036015367458792,-0.003598397842517,1.2588306254100214e-05,3.1389033621999005e-06,0.0004676001702735268,0.00011659644411326178,0.24935073065747104,monotonic,converged
0.00125,-0.58,k0p001250000_wqm0p580000000,orbital__r_emit__cos3,orbital,0.0136193762992615,0.0135728815310113,0.0135612880142706,4.649476825020066e-05,1.1593516740699555e-05,0.0017270759951157541,0.00043064811838799575,0.24935099532729732,monotonic,converged
0.00125,-0.45,k0p001250000_wqm0p450000000,orbital__r_emit__cos3,orbital,0.0176862728099206,0.017626190315995,0.0176112087021058,6.0082493925597835e-05,1.4981613889200607e-05,0.0022318001979747537,0.0005565010148430941,0.2493507328066781,monotonic,converged
0.0015,-0.7125,k0p001500000_wqm0p712500000,orbital__r_emit__cos3,orbital,-0.0080834663635269,-0.0080553724362745,-0.0080483672073882,2.809392725239973e-05,7.005228886301437e-06,0.0010435657428174937,0.00026021341981353926,0.24935028924099828,monotonic,converged
0.0015,-0.61,k0p001500000_wqm0p610000000,orbital__r_emit__cos3,orbital,0.0100783739248943,0.0100438387767447,0.0100352273985359,3.4535148149600695e-05,8.61137820879973e-06,0.00128282874830082,0.0003198747977245102,0.24935112979671112,monotonic,converged
0.0015,-0.5,k0p001500000_wqm0p500000000,orbital__r_emit__cos3,orbital,0.0164053558695775,0.0163495420749576,0.0163356248588179,5.581379461989944e-05,1.3917216139702066e-05,0.002073236807324728,0.000516963323365167,0.2493508322535756,monotonic,converged
0.00175,-0.7125,k0p001750000_wqm0p712500000,orbital__r_emit__cos3,orbital,-0.0126312523387542,-0.0125874755600081,-0.0125765598363368,4.377677874610117e-05,1.0915723671300198e-05,0.0016261146481907364,0.00040547108914642285,0.2493496320186046,monotonic,converged
0.00175,-0.45,k0p001750000_wqm0p450000000,orbital__r_emit__cos3,orbital,0.0172912509702414,0.0172324878353912,0.0172178352024915,5.876313485020032e-05,1.4652632899698342e-05,0.00218279181544459,0.000544280819083406,0.2493507696117814,monotonic,converged
0.002,-0.7125,k0p002000000_wqm0p712500000,orbital__r_emit__cos3,orbital,-0.017098487878825,-0.0170394919248921,-0.0170247813600067,5.899595393290061e-05,1.4710564885399985e-05,0.002191440019620439,0.0005464327373662606,0.24934870791531114,monotonic,converged
0.002,-0.69,k0p002000000_wqm0p690000000,orbital__r_emit__cos3,orbital,-0.0092404567098919,-0.0092083573369551,-0.0092003533530409,3.209937293680021e-05,8.003983914199597e-06,0.0011923504201395104,0.0002973127731085551,0.24935016425269352,monotonic,converged
0.002,-0.45,k0p002000000_wqm0p450000000,orbital__r_emit__cos3,orbital,0.0170942096040704,0.0170361051160753,0.0170216167162484,5.8104487995098986e-05,1.4488399826900755e-05,0.0021583259837926793,0.0005381802832961007,0.24935078729413857,monotonic,converged
0.00225,-0.7125,k0p002250000_wqm0p712500000,orbital__r_emit__cos3,orbital,-0.0199899211571764,-0.019921305108188,-0.0199041958549939,6.861604898840065e-05,1.7109253194098895e-05,0.0025487842083618075,0.0006355334502771335,0.24934768827903753,monotonic,converged
0.00225,-0.69,k0p002250000_wqm0p690000000,orbital__r_emit__cos3,orbital,-0.0127808443850382,-0.0127365510013374,-0.0127255064626914,4.42933837008011e-05,1.1044538645999316e-05,0.0016453042484360558,0.00041025599848110546,0.2493496256823468,monotonic,converged
0.00225,-0.6666666666666666,k0p002250000_wqm0p666666667,orbital__r_emit__cos3,orbital,-0.0055546840094364,-0.0055353506054948,-0.005530529809512,1.9333403941600505e-05,4.820795982799636e-06,0.0007181508610115598,0.00017907135216676295,0.24935060568545434,monotonic,converged
0.00225,-0.55,k0p002250000_wqm0p550000000,orbital__r_emit__cos3,orbital,0.0123567096027711,0.0123144845653932,0.0123039557070842,4.222503737790102e-05,1.0528858308999495e-05,0.0015684742863069027,0.00039110074371366717,0.24935107137430026,monotonic,converged
0.00225,-0.475,k0p002250000_wqm0p475000000,orbital__r_emit__cos3,orbital,0.0162103344501577,0.0161551803339133,0.0161414276078558,5.5154116244397755e-05,1.3752726057501136e-05,0.002048732659230152,0.000510853240809747,0.24935085527543124,monotonic,converged
0.00225,-0.45,k0p002250000_wqm0p450000000,orbital__r_emit__cos3,orbital,0.0168974826628812,0.0168400361249353,0.0168257117844449,5.7446537945898823e-05,1.4324340490399351e-05,0.0021338860354130264,0.0005320862010475035,0.2493508051588683,monotonic,converged
0.0025,-0.7125,k0p002500000_wqm0p712500000,orbital__r_emit__cos3,orbital,-0.0041259386374342,-0.0041115120814081,-0.0041079147950805,1.4426556026099838e-05,3.5972863275997996e-06,0.0005358830583000492,0.0001336233537184887,0.24935170397506934,monotonic,converged
0.0025,-0.69,k0p002500000_wqm0p690000000,orbital__r_emit__cos3,orbital,-0.0162639504972943,-0.0162077743505268,-0.0161937668885466,5.617614676749899e-05,1.400746198020053e-05,0.002086696594725542,0.0005203155591252252,0.2493489280810663,monotonic,converged
0.0025,-0.6666666666666666,k0p002500000_wqm0p666666667,orbital__r_emit__cos3,orbital,-0.0082418355570305,-0.0082131873246696,-0.00820604387905,2.8648232360898793e-05,7.143445619599634e-06,0.0010641557378403127,0.0002653475630986088,0.24935030998106297,monotonic,converged
0.0025,-0.58,k0p002500000_wqm0p580000000,orbital__r_emit__cos3,orbital,0.0086412240980513,0.0086115945940234,0.0086042064424963,2.9629504027899045e-05,7.388151527100428e-06,0.0011006056612304792,0.00027443731049628107,0.24935117105381746,monotonic,converged
0.0025,-0.45,k0p002500000_wqm0p450000000,orbital__r_emit__cos3,orbital,0.0167010711610939,0.0166442818682234,0.0166301214113352,5.678929287050022e-05,1.4160456888200057e-05,0.0021094722737071796,0.00052599864655474,0.24935082253077062,monotonic,converged
0.0,-0.7125,k0p000000000_wqm0p712500000,orbital__r_emit__sin3,orbital,0.414550792621797,0.4159178657980226,0.4162592916754822,0.001367073176225586,0.0003414258774596113,0.06337267355591983,0.015827295167571198,0.2497495257732065,monotonic,marginal
0.0,-0.69,k0p000000000_wqm0p690000000,orbital__r_emit__sin3,orbital,0.414550792621797,0.4159178657980226,0.4162592916754822,0.001367073176225586,0.0003414258774596113,0.06337267355591983,0.015827295167571198,0.2497495257732065,monotonic,marginal
0.0,-0.6666666666666666,k0p000000000_wqm0p666666667,orbital__r_emit__sin3,orbital,0.414550792621797,0.4159178657980226,0.4162592916754822,0.001367073176225586,0.0003414258774596113,0.06337267355591983,0.015827295167571198,0.2497495257732065,monotonic,marginal
0.0,-0.58,k0p000000000_wqm0p580000000,orbital__r_emit__sin3,orbital,0.414550792621797,0.4159178657980226,0.4162592916754822,0.001367073176225586,0.0003414258774596113,0.06337267355591983,0.015827295167571198,0.2497495257732065,monotonic,marginal
0.0,-0.45,k0p000000000_wqm0p450000000,orbital__r_emit__sin3,orbital,0.414550792621797,0.4159178657980226,0.4162592916754822,0.001367073176225586,0.0003414258774596113,0.06337267355591983,0.015827295167571198,0.2497495257732065,monotonic,marginal
0.00025,-0.58,k0p000250000_wqm0p580000000,orbital__r_emit__sin3,orbital,0.4167921466327081,0.4181686991979813,0.4185124936779797,0.0013765525652731925,0.00034379447999843826,0.06381210447890971,0.015937095197362756,0.24975034638812238,monotonic,marginal
0.0005,-0.7125,k0p000500000_wqm0p712500000,orbital__r_emit__sin3,orbital,0.4310210932576896,0.432460991212802,0.4328206151418424,0.0014398979551124014,0.00035962392904037577,0.06674857253443553,0.016670892425009652,0.24975653848491144,monotonic,marginal
0.0005,-0.61,k0p000500000_wqm0p610000000,orbital__r_emit__sin3,orbital,0.4206873320523003,0.4220805826472924,0.4224285495422806,0.0013932505949921237,0.000347966894988172,0.06458616603231279,0.016130513587601574,0.2497518366321883,monotonic,marginal
0.0005,-0.55,k0p000500000_wqm0p550000000,orbital__r_emit__sin3,orbital,0.4176555690769564,0.4190357669828389,0.4193804723200703,0.0013801979058825076,0.00034470533723141017,0.06398108956650544,0.01597931931461195,0.2497506594976344,monotonic,marginal
0.0005,-0.5,k0p000500000_wqm0p500000000,orbital__r_emit__sin3,orbital,0.4162427395056152,0.4176169220245162,0.4179601242879759,0.0013741825189010348,0.0003432022634596854,0.06370223751811553,0.015909642134836564,0.2497501305242568,monotonic,marginal
0.0005,-0.475,k0p000500000_wqm0p475000000,orbital__r_emit__sin3,orbital,0.4157853711789356,0.4171576163128281,0.4175003344831504,0.0013722451338925024,0.0003427181703222759,0.06361242720669033,0.015887201290482923,0.24974996220254292,monotonic,marginal
0.00075,-0.475,k0p000750000_wqm0p475000000,orbital__r_emit__sin3,orbital,0.4163923287386314,0.4177671236901978,0.4181104789749759,0.0013747949515663938,0.00034335528477807964,0.06373062772871416,0.015916735661522873,0.24975017866255075,monotonic,marginal
0.001,-0.58,k0p001000000_wqm0p580000000,orbital__r_emit__sin3,orbital,0.422975132448341,0.4243782506832678,0.4247286832902535,0.0014031182349267812,0.00035043260698569556,0.06504359489217305,0.01624481526816954,0.24975272807567933,monotonic,marginal
0.00125,-0.7125,k0p001250000_wqm0p712500000,orbital__r_emit__sin3,orbital,0.4325032213645872,0.4339708509294534,0.4343374139172177,0.0014676295648662352,0.000366562987764274,0.06803411180378323,0.016992562625948768,0.24976533352793542,monotonic,marginal
0.00125,-0.58,k0p001250000_wqm0p580000000,orbital__r_emit__sin3,orbital,0.4248400566699012,0.4262513488076095,0.4266038239528067,0.0014112921377082976,0.00035247514519720635,0.0654225080927678,0.016339500109884414,0.24975349594844837,monotonic,marginal
0.00125,-0.45,k0p001250000_wqm0p450000000,orbital__r_emit__sin3,orbital,0.4167603652945981,0.4181366833725113,0.4184804192287726,0.001376318077913219,0.00034373585626129577,0.06380123447489308,0.015934377608413482,0.2497503024754786,monotonic,marginal
0.0015,-0.7125,k0p001500000_wqm0p712500000,orbital__r_emit__sin3,orbital,0.4212015474119668,0.4226370697347258,0.42299561714598,0.0014355223227590086,0.0003585474112541842,0.06654573370652592,0.016620988870885492,0.24976791065503767,monotonic,marginal
0.0015,-0.61,k0p001500000_wqm0p610000000,orbital__r_emit__sin3,orbital,0.4305273541605853,0.4319645039744916,0.4323234409746019,0.0014371498139063021,0.00035893700011030427,0.06662117843544477,0.016639048831266025,0.24975614694941323,monotonic,marginal
0.0015,-0.5,k0p001500000_wqm0p500000000,orbital__r_emit__sin3,orbital,0.4194714394669331,0.4208592996189904,0.4212059195171393,0.0013878601520572742,0.00034661989814893657,0.06433628417787163,0.01606807158196629,0.24975131509837617,monotonic,marginal
0.00175,-0.7125,k0p001750000_wqm0p712500000,orbital__r_emit__sin3,orbital,0.3982881467857515,0.3996511475019308,0.3999915847505186,0.0013630007161793412,0.00034043724858778823,0.06318388872306051,0.015781465832425456,0.24977041064371247,monotonic,marginal
0.00175,-0.45,k0p001750000_wqm0p450000000,orbital__r_emit__sin3,orbital,0.417617852603726,0.4189977758432634,0.4193424125122757,0.001379923239537395,0.0003446366690122993,0.06396835700695536,0.01597613609903208,0.24975060868446214,monotonic,marginal
0.002,-0.7125,k0p002000000_wqm0p712500000,orbital__r_emit__sin3,orbital,0.3545695335945528,0.3557880255986569,0.3560923720680196,0.0012184920041041214,0.00030434646936267074,0.05648497633446856,0.014108425054515605,0.2497730541830162,monotonic,marginal
0.002,-0.69,k0p002000000_wqm0p690000000,orbital__r_emit__sin3,orbital,0.4166176678988033,0.4180390121407775,0.4183940192048667,0.0014213442419742095,0.0003550070640891967,0.06588848806609483,0.01645687090773386,0.24976853151077694,monotonic,marginal
0.002,-0.45,k0p002000000_wqm0p450000000,orbital__r_emit__sin3,orbital,0.4180408681797067,0.4194225738038174,0.4197676558344495,0.0013817056241107184,0.0003450820306321045,0.064050982046844,0.015996781487323714,0.24975076066163027,monotonic,marginal
0.00225,-0.7125,k0p002250000_wqm0p712500000,orbital__r_emit__sin3,orbital,0.2654488046902126,0.2663663801187922,0.2665955691773066,0.00091757542857962,0.00022918905851437854,0.04253554901783404,0.010624393514852786,0.2497768045828739,monotonic,marginal
0.00225,-0.69,k0p002250000_wqm0p690000000,orbital__r_emit__sin3,orbital,0.3969888108436564,0.3983475075768574,0.3986868699147525,0.0013586967332009925,0.0003393623378951105,0.06298437130656771,0.01573163677746813,0.2497704819644315,monotonic,marginal
0.00225,-0.6666666666666666,k0p002250000_wqm0p666666667,orbital__r_emit__sin3,orbital,0.4286708295746143,0.4301281018633651,0.4304920795422015,0.0014572722887508105,0.0003639776788363913,0.06755398514369944,0.01687271685501479,0.24976641746779998,monotonic,marginal
0.00225,-0.55,k0p002250000_wqm0p550000000,orbital__r_emit__sin3,orbital,0.4270604508503189,0.4284815048866299,0.4288364194148757,0.001421054036310987,0.0003549145282458199,0.06587503515876016,0.016452581273574896,0.24975442113880994,monotonic,marginal
0.00225,-0.475,k0p002250000_wqm0p475000000,orbital__r_emit__sin3,orbital,0.4198853550872068,0.4212749275984954,0.4216219753528709,0.0013895725112885726,0.00034704775437549573,0.06441566309076578,0.016087905482189146,0.2497514534550434,monotonic,marginal
0.00225,-0.45,k0p002250000_wqm0p450000000,orbital__r_emit__sin3,orbital,0.4184600366257971,0.4198435110625704,0.4201890350652809,0.0013834744367732799,0.00034552400271048445,0.06413297794098886,0.016017269748472493,0.24975091228744403,monotonic,marginal
0.0025,-0.7125,k0p002500000_wqm0p712500000,orbital__r_emit__sin3,orbital,0.0288662918524502,0.0289681903631027,0.0289936436331657,0.00010189851065249902,2.545327006300141e-05,0.004723654273756044,0.0011799235056946804,0.24979040321603735,monotonic,converged
0.0025,-0.69,k0p002500000_wqm0p690000000,orbital__r_emit__sin3,orbital,0.3646186780321576,0.3658706382073663,0.3661833434508127,0.0012519601752087328,0.0003127052434463984,0.058036442282898684,0.014495908234310177,0.2497725164414776,monotonic,marginal
0.0025,-0.6666666666666666,k0p002500000_wqm0p666666667,orbital__r_emit__sin3,orbital,0.4205426479470531,0.4219759799968516,0.4223339804054786,0.001433332049798508,0.00035800040862699056,0.06644420040476998,0.01659563176525997,0.24976795061361867,monotonic,marginal
0.0025,-0.58,k0p002500000_wqm0p580000000,orbital__r_emit__sin3,orbital,0.4324411880243575,0.4338873275860732,0.4342485112785711,0.001446139561715687,0.00036118369249793503,0.06703791132376544,0.016743197537961444,0.24975714796809095,monotonic,marginal
0.0025,-0.45,k0p002500000_wqm0p450000000,orbital__r_emit__sin3,orbital,0.418875336418344,0.420260566018082,0.4206065285832652,0.0013852295997379693,0.000345962565183211,0.06421434108345488,0.016037599952371827,0.24975106310798834,monotonic,marginal
0.0,-0.7125,k0p000000000_wqm0p712500000,orbital__p_r_emit__mean,orbital,-0.0279435929512262,-0.0279476981256214,-0.0279487243792789,4.1051743951969755e-06,1.0262536575024461e-06,0.0013917358099508172,0.00034792041159328717,0.2499902704993862,monotonic,converged
0.0,-0.69,k0p000000000_wqm0p690000000,orbital__p_r_emit__mean,orbital,-0.0279435929512262,-0.0279476981256214,-0.0279487243792789,4.1051743951969755e-06,1.0262536575024461e-06,0.0013917358099508172,0.00034792041159328717,0.2499902704993862,monotonic,converged
0.0,-0.6666666666666666,k0p000000000_wqm0p666666667,orbital__p_r_emit__mean,orbital,-0.0279435929512262,-0.0279476981256214,-0.0279487243792789,4.1051743951969755e-06,1.0262536575024461e-06,0.0013917358099508172,0.00034792041159328717,0.2499902704993862,monotonic,converged
0.0,-0.58,k0p000000000_wqm0p580000000,orbital__p_r_emit__mean,orbital,-0.0279435929512262,-0.0279476981256214,-0.0279487243792789,4.1051743951969755e-06,1.0262536575024461e-06,0.0013917358099508172,0.00034792041159328717,0.2499902704993862,monotonic,converged
0.0,-0.45,k0p000000000_wqm0p450000000,orbital__p_r_emit__mean,orbital,-0.0279435929512262,-0.0279476981256214,-0.0279487243792789,4.1051743951969755e-06,1.0262536575024461e-06,0.0013917358099508172,0.00034792041159328717,0.2499902704993862,monotonic,converged
0.00025,-0.58,k0p000250000_wqm0p580000000,orbital__p_r_emit__mean,orbital,-0.028235293900536,-0.0282393654408288,-0.028240383287264,4.071540292797937e-06,1.0178464352021688e-06,0.0013803331799434144,0.00034507019593589566,0.2499905102259742,monotonic,converged
0.0005,-0.7125,k0p000500000_wqm0p712500000,orbital__p_r_emit__mean,orbital,-0.0300109321753762,-0.030014603609188,-0.0300155214398753,3.671433811799213e-06,9.17830687299781e-07,0.0012446891210574308,0.00031116286715648396,0.2499924373823837,monotonic,converged
0.0005,-0.61,k0p000500000_wqm0p610000000,orbital__p_r_emit__mean,orbital,-0.0287301496126437,-0.0287341480299472,-0.0287351475981066,3.998417303498897e-06,9.99568159402997e-07,0.001355543031476837,0.00033887349671560735,0.24999095480311784,monotonic,converged
0.0005,-0.55,k0p000500000_wqm0p550000000,orbital__p_r_emit__mean,orbital,-0.028362937797312,-0.0283669980151893,-0.0283680130314898,4.06021787729971e-06,1.015016300502658e-06,0.0013764946557816976,0.0003441107239551433,0.24999059931673054,monotonic,converged
0.0005,-0.5,k0p000500000_wqm0p500000000,orbital__p_r_emit__mean,orbital,-0.0281905965105207,-0.0281946816940662,-0.0281957029509083,4.085183545499138e-06,1.0212568421000268e-06,0.0013849585140999084,0.0003462263917388816,0.249990442467438,monotonic,converged
0.0005,-0.475,k0p000500000_wqm0p475000000,orbital__p_r_emit__mean,orbital,-0.0281339289013305,-0.0281380215378534,-0.0281390446576663,4.092636522901039e-06,1.0231198128984875e-06,0.0013874852217479721,0.00034685797591132116,0.24999039303232717,monotonic,converged
0.00075,-0.475,k0p000750000_wqm0p475000000,orbital__p_r_emit__mean,orbital,-0.0282283395587845,-0.0282324256299785,-0.0282334471087736,4.08607119399898e-06,1.021478795101144e-06,0.0013852594446049132,0.00034630163822296333,0.24999045454747376,monotonic,converged
0.001,-0.58,k0p001000000_wqm0p580000000,orbital__p_r_emit__mean,orbital,-0.0290612353438546,-0.0290651898926317,-0.0290661784950929,3.954548777100608e-06,9.886024611993616e-07,0.0013406707280761087,0.0003351559068151713,0.24999121693074275,monotonic,converged
0.00125,-0.7125,k0p001250000_wqm0p712500000,orbital__p_r_emit__mean,orbital,-0.0304898219215082,-0.030492412948591,-0.0304930606931921,2.591027082800984e-06,6.477446010989818e-07,0.0008784097406204116,0.00021959830941810815,0.24999530317481242,monotonic,converged
0.00125,-0.58,k0p001250000_wqm0p580000000,orbital__p_r_emit__mean,orbital,-0.029317710337032,-0.0293216203997736,-0.0293225978820207,3.9100627415994405e-06,9.774822470991207e-07,0.001325589076801523,0.0003313859329510323,0.2499914481421529,monotonic,converged
0.00125,-0.45,k0p001250000_wqm0p450000000,orbital__p_r_emit__mean,orbital,-0.0283106466433748,-0.0283147328486109,-0.0283157543610492,4.086205236099316e-06,1.0215124383004814e-06,0.0013853048875442674,0.0003463130439370139,0.2499904873294165,monotonic,converged
0.0015,-0.7125,k0p001500000_wqm0p712500000,orbital__p_r_emit__mean,orbital,-0.0293058540267892,-0.0293079578996781,-0.029308483859846,2.103872888899877e-06,5.259601679012682e-07,0.0007132547748744648,0.00017831096314260638,0.2499961716680967,monotonic,converged
0.0015,-0.61,k0p001500000_wqm0p610000000,orbital__p_r_emit__mean,orbital,-0.0300628201362954,-0.0300665386410058,-0.03006746823845,3.718504710401721e-06,9.295974441984878e-07,0.0012606470923602628,0.00031515203189503346,0.2499922728612224,monotonic,converged
0.0015,-0.5,k0p001500000_wqm0p500000000,orbital__p_r_emit__mean,orbital,-0.0286721411893377,-0.0286761818567119,-0.0286771919863154,4.040667374201334e-06,1.0101296034972784e-06,0.001369866646190583,0.00034245403642861014,0.24999078368754307,monotonic,converged
0.00175,-0.7125,k0p001750000_wqm0p712500000,orbital__p_r_emit__mean,orbital,-0.0269307361729929,-0.0269322832079208,-0.0269326699621638,1.5470349278984274e-06,3.8675424299944305e-07,0.0005244756254253148,0.00013111738450442083,0.24999709833625416,monotonic,converged
0.00175,-0.45,k0p001750000_wqm0p450000000,orbital__p_r_emit__mean,orbital,-0.0284556800740436,-0.0284597579734744,-0.0284607774098927,4.077899430798837e-06,1.0194364182987414e-06,0.0013824890542679317,0.00034560923184513877,0.24999057372511999,monotonic,converged
0.002,-0.7125,k0p002000000_wqm0p712500000,orbital__p_r_emit__mean,orbital,-0.0227243575522715,-0.022725275067486,-0.0227255044449503,9.175152144991205e-07,2.2937746430029549e-07,0.0003110559155993812,7.776352484219342e-05,0.24999854026999935,monotonic,converged
0.002,-0.69,k0p002000000_wqm0p690000000,orbital__p_r_emit__mean,orbital,-0.0288730560307458,-0.0288750261151209,-0.0288755186290619,1.9700843751011e-06,4.925139409986401e-07,0.0006678978064027458,0.00016697202666707218,0.24999636930441899,monotonic,converged
0.002,-0.45,k0p002000000_wqm0p450000000,orbital__p_r_emit__mean,orbital,-0.0285277958136922,-0.0285318694056315,-0.0285328877653949,4.073591939299931e-06,1.0183597634015606e-06,0.0013810287289338606,0.0003452442244103466,0.24999061726751437,monotonic,converged
0.00225,-0.7125,k0p002250000_wqm0p712500000,orbital__p_r_emit__mean,orbital,-0.0153914223251246,-0.0153916612295679,-0.0153917209569228,2.3890444330113003e-07,5.97273549004379e-08,8.099336030341619e-05,2.0248761842087913e-05,0.25000520741740173,monotonic,converged
0.00225,-0.69,k0p002250000_wqm0p690000000,orbital__p_r_emit__mean,orbital,-0.0268511150263028,-0.026852641680442,-0.0268530233395573,1.526654139202832e-06,3.8165911529775e-07,0.0005175661324946642,0.0001293900348242184,0.24999710510531198,monotonic,converged
0.00225,-0.6666666666666666,k0p002250000_wqm0p666666667,orbital__p_r_emit__mean,orbital,-0.0301997752438923,-0.0302021707604794,-0.0302027696291585,2.395516587098273e-06,5.988686791018327e-07,0.0008121277920607958,0.00020302839926584254,0.24999563030671884,monotonic,converged
0.00225,-0.55,k0p002250000_wqm0p550000000,orbital__p_r_emit__mean,orbital,-0.0296964603313645,-0.0297003213462467,-0.0297012865679926,3.861014882200475e-06,9.652217459014956e-07,0.0013089608764486128,0.00032722937906999773,0.24999171858964578,monotonic,converged
0.00225,-0.475,k0p002250000_wqm0p475000000,orbital__p_r_emit__mean,orbital,-0.0287834207433759,-0.0287874632375179,-0.0287884738239394,4.042494142000863e-06,1.010586421500842e-06,0.0013704859568259712,0.0003426089068221636,0.2499908190344698,monotonic,converged
0.00225,-0.45,k0p002250000_wqm0p450000000,orbital__p_r_emit__mean,orbital,-0.0285996381847398,-0.0286037073659365,-0.0286047246232288,4.069181196698912e-06,1.0172572923010381e-06,0.0013795333994215517,0.00034487046476889795,0.2499906598227376,monotonic,converged
0.0025,-0.7125,k0p002500000_wqm0p712500000,orbital__p_r_emit__mean,orbital,-0.0013525291269413,-0.0013524688618579,-0.0013524537955252,6.026508339996954e-08,1.5066332700094248e-08,2.043106250383444e-05,5.107786594373913e-06,0.2500010263007761,monotonic,converged
0.0025,-0.69,k0p002500000_wqm0p690000000,orbital__p_r_emit__mean,orbital,-0.0237027813320755,-0.0237038210542691,-0.0237040809828728,1.0397221935978807e-06,2.599286036998605e-07,0.0003524865133436933,8.812096904405754e-05,0.2499981295969042,monotonic,converged
0.0025,-0.6666666666666666,k0p002500000_wqm0p666666667,orbital__p_r_emit__mean,orbital,-0.0293512586848054,-0.0293533503529394,-0.0293538732619152,2.0916681339987198e-06,5.22908975800207e-07,0.0007091171200972435,0.0001772765483038472,0.24999614771610182,monotonic,converged
0.0025,-0.58,k0p002500000_wqm0p580000000,orbital__p_r_emit__mean,orbital,-0.0304202545894365,-0.0304238994833563,-0.0304248106797636,3.6448939197998576e-06,9.111964072994194e-07,0.001235691569545138,0.00030891371421902373,0.24999257244486653,monotonic,converged
0.0025,-0.45,k0p002500000_wqm0p450000000,orbital__p_r_emit__mean,orbital,-0.0286712026010466,-0.0286752672680555,-0.0286762833970177,4.064667008897571e-06,1.0161289622015457e-06,0.0013780029999278492,0.00034448793841222324,0.2499907027998199,monotonic,converged
0.0,-0.7125,k0p000000000_wqm0p712500000,orbital__p_r_emit__amplitude,orbital,0.0486858212986637,0.0486940735715351,0.0486940735715351,8.252272871399347e-06,0.0,0.00029421907704160353,0.0,0.0,monotonic,converged
0.0,-0.69,k0p000000000_wqm0p690000000,orbital__p_r_emit__amplitude,orbital,0.0486858212986637,0.0486940735715351,0.0486940735715351,8.252272871399347e-06,0.0,0.00029421907704160353,0.0,0.0,monotonic,converged
0.0,-0.6666666666666666,k0p000000000_wqm0p666666667,orbital__p_r_emit__amplitude,orbital,0.0486858212986637,0.0486940735715351,0.0486940735715351,8.252272871399347e-06,0.0,0.00029421907704160353,0.0,0.0,monotonic,converged
0.0,-0.58,k0p000000000_wqm0p580000000,orbital__p_r_emit__amplitude,orbital,0.0486858212986637,0.0486940735715351,0.0486940735715351,8.252272871399347e-06,0.0,0.00029421907704160353,0.0,0.0,monotonic,converged
0.0,-0.45,k0p000000000_wqm0p450000000,orbital__p_r_emit__amplitude,orbital,0.0486858212986637,0.0486940735715351,0.0486940735715351,8.252272871399347e-06,0.0,0.00029421907704160353,0.0,0.0,monotonic,converged
0.00025,-0.58,k0p000250000_wqm0p580000000,orbital__p_r_emit__amplitude,orbital,0.047579032775317,0.047579032775317,0.0475803912943319,0.0,1.3585190149004167e-06,0.0,4.8435408879019665e-05,1358519.0149004168,monotonic,converged
0.0005,-0.7125,k0p000500000_wqm0p712500000,orbital__p_r_emit__amplitude,orbital,0.0377328811303901,0.0377374135140779,0.0377374135140779,4.532383687805286e-06,0.0,0.00016159351080672217,0.0,0.0,monotonic,converged
0.0005,-0.61,k0p000500000_wqm0p610000000,orbital__p_r_emit__amplitude,orbital,0.0454310843963015,0.0454343701723772,0.045434768801262,3.285776075695468e-06,3.986288848040198e-07,0.00011714808991678093,1.4212353905024761e-05,0.12131955301295021,monotonic,converged
0.0005,-0.55,k0p000500000_wqm0p550000000,orbital__p_r_emit__amplitude,orbital,0.0471609223059261,0.0471609223059261,0.0471609223059261,0.0,0.0,0.0,0.0,0.0,monotonic,converged
0.0005,-0.5,k0p000500000_wqm0p500000000,orbital__p_r_emit__amplitude,orbital,0.0479087870223548,0.0479099608492706,0.047911527498224,1.1738269157998693e-06,1.5666489533994188e-06,4.18505637362263e-05,5.585588556031465e-05,1.334650732839835,monotonic,converged
0.0005,-0.475,k0p000500000_wqm0p475000000,orbital__p_r_emit__amplitude,orbital,0.048142333220562,0.0481455249005219,0.0481460926261562,3.1916799599004952e-06,5.677256342956349e-07,0.00011379327206552607,2.0241176550793846e-05,0.17787674247681604,monotonic,converged
0.00075,-0.475,k0p000750000_wqm0p475000000,orbital__p_r_emit__amplitude,orbital,0.0478677338307411,0.0478684081163499,0.0478702228517676,6.742856088065574e-07,1.8147354176947794e-06,2.404036955358945e-05,6.470093609232868e-05,2.6913453201333266,monotonic,converged
0.001,-0.58,k0p001000000_wqm0p580000000,orbital__p_r_emit__amplitude,orbital,0.0441127411390924,0.0441142966295629,0.0441154991776419,1.5554904704978556e-06,1.2025480789976117e-06,5.545805109802236e-05,4.287456212543227e-05,0.7730989689783957,monotonic,converged
0.00125,-0.7125,k0p001250000_wqm0p712500000,orbital__p_r_emit__amplitude,orbital,0.0229637626993417,0.0229660931133893,0.0229660931133893,2.3304140476000657e-06,0.0,8.308647579820177e-05,0.0,0.0,monotonic,converged
0.00125,-0.58,k0p001250000_wqm0p580000000,orbital__p_r_emit__amplitude,orbital,0.0429204037041576,0.0429204037041576,0.0429204037041576,0.0,0.0,0.0,0.0,0.0,monotonic,converged
0.00125,-0.45,k0p001250000_wqm0p450000000,orbital__p_r_emit__amplitude,orbital,0.047744700523326,0.047744700523326,0.047746509237112,0.0,1.8087137860015035e-06,0.0,6.448624627938995e-05,1808713.7860015035,monotonic,converged
0.0015,-0.7125,k0p001500000_wqm0p712500000,orbital__p_r_emit__amplitude,orbital,0.0211294867748882,0.0211294867748882,0.021130061993959,0.0,5.752190707988825e-07,0.0,2.050834076194062e-05,575219.0707988825,monotonic,converged
0.0015,-0.61,k0p001500000_wqm0p610000000,orbital__p_r_emit__amplitude,orbital,0.038435593648511,0.038437411623249,0.0384382431591687,1.817974737999828e-06,8.31535919704196e-07,6.481642789019405e-05,2.964682998670926e-05,0.4573968506399976,monotonic,converged
0.0015,-0.5,k0p001500000_wqm0p500000000,orbital__p_r_emit__amplitude,orbital,0.0463109087057378,0.0463109087057378,0.0463110486686218,0.0,1.399628839979239e-07,0.0,4.99011014197926e-06,139962.8839979239,monotonic,converged
0.00175,-0.7125,k0p001750000_wqm0p712500000,orbital__p_r_emit__amplitude,orbital,0.0190849122100316,0.0190849122100316,0.0190849741652295,0.0,6.195519790253012e-08,0.0,2.2088946195645244e-06,61955.197902530126,monotonic,converged
0.00175,-0.45,k0p001750000_wqm0p450000000,orbital__p_r_emit__amplitude,orbital,0.0473614824061239,0.0473614824061239,0.0473615051479228,0.0,2.274179889544259e-08,0.0,8.108155396160894e-07,22741.79889544259,monotonic,converged
0.002,-0.7125,k0p002000000_wqm0p712500000,orbital__p_r_emit__amplitude,orbital,0.0167591330161806,0.0167599197515113,0.0167599670055284,7.867353306982572e-07,4.725401710203858e-08,2.8049550285267157e-05,1.684752008922893e-06,0.06006342318464186,monotonic,converged
0.002,-0.69,k0p002000000_wqm0p690000000,orbital__p_r_emit__amplitude,orbital,0.0206377662426265,0.0206377662426265,0.0206377662426265,0.0,0.0,0.0,0.0,0.0,monotonic,converged
0.002,-0.45,k0p002000000_wqm0p450000000,orbital__p_r_emit__amplitude,orbital,0.0471684333289652,0.0471684333289652,0.0471684333289652,0.0,0.0,0.0,0.0,0.0,monotonic,converged
0.00225,-0.7125,k0p002250000_wqm0p712500000,orbital__p_r_emit__amplitude,orbital,0.0139724932763439,0.0139724932763439,0.0139724932763439,0.0,0.0,0.0,0.0,0.0,monotonic,converged
0.00225,-0.69,k0p002250000_wqm0p690000000,orbital__p_r_emit__amplitude,orbital,0.0190012004108274,0.0190018269649235,0.0190021241875807,6.26554096102433e-07,2.9722265719803187e-07,2.2338593348117745e-05,1.0596907935477552e-05,0.47437668837686453,monotonic,converged
0.00225,-0.6666666666666666,k0p002250000_wqm0p666666667,orbital__p_r_emit__amplitude,orbital,0.022239843469827,0.022239843469827,0.022239843469827,0.0,0.0,0.0,0.0,0.0,monotonic,converged
0.00225,-0.55,k0p002250000_wqm0p550000000,orbital__p_r_emit__amplitude,orbital,0.0414783546343998,0.0414836359780909,0.0414836359780909,5.281343691099227e-06,0.0,0.0001882962537169737,0.0,0.0,monotonic,converged
0.00225,-0.475,k0p002250000_wqm0p475000000,orbital__p_r_emit__amplitude,orbital,0.0461805176015032,0.0461805176015032,0.0461814031869093,0.0,8.855854061046164e-07,0.0,3.157386151500721e-05,885585.4061046165,monotonic,converged
0.00225,-0.45,k0p002250000_wqm0p450000000,orbital__p_r_emit__amplitude,orbital,0.0469744279464281,0.0469744279464281,0.0469744279464281,0.0,0.0,0.0,0.0,0.0,monotonic,converged
0.0025,-0.7125,k0p002500000_wqm0p712500000,orbital__p_r_emit__amplitude,orbital,0.0018461700873983,0.0018461700873983,0.0018461700873983,0.0,0.0,0.0,0.0,0.0,monotonic,converged
0.0025,-0.69,k0p002500000_wqm0p690000000,orbital__p_r_emit__amplitude,orbital,0.0171887038084005,0.0171887038084005,0.0171887038084005,0.0,0.0,0.0,0.0,0.0,monotonic,converged
0.0025,-0.6666666666666666,k0p002500000_wqm0p666666667,orbital__p_r_emit__amplitude,orbital,0.0210986255755788,0.0210986255755788,0.0210992403429897,0.0,6.147674109016621e-07,0.0,2.191836152893377e-05,614767.4109016621,monotonic,converged
0.0025,-0.58,k0p002500000_wqm0p580000000,orbital__p_r_emit__amplitude,orbital,0.036663667030956,0.036663667030956,0.0366639906687533,0.0,3.2363779730454345e-07,0.0,1.1538689461994694e-05,323637.79730454343,monotonic,converged
0.0025,-0.45,k0p002500000_wqm0p450000000,orbital__p_r_emit__amplitude,orbital,0.0467794691002112,0.0467794691002112,0.0467794691002112,0.0,0.0,0.0,0.0,0.0,monotonic,converged
0.0,-0.7125,k0p000000000_wqm0p712500000,orbital__p_r_emit__reference,orbital,0.0,0.0,0.0,0.0,0.0,0.0,0.0,0.0,monotonic,converged
0.0,-0.69,k0p000000000_wqm0p690000000,orbital__p_r_emit__reference,orbital,0.0,0.0,0.0,0.0,0.0,0.0,0.0,0.0,monotonic,converged
0.0,-0.6666666666666666,k0p000000000_wqm0p666666667,orbital__p_r_emit__reference,orbital,0.0,0.0,0.0,0.0,0.0,0.0,0.0,0.0,monotonic,converged
0.0,-0.58,k0p000000000_wqm0p580000000,orbital__p_r_emit__reference,orbital,0.0,0.0,0.0,0.0,0.0,0.0,0.0,0.0,monotonic,converged
0.0,-0.45,k0p000000000_wqm0p450000000,orbital__p_r_emit__reference,orbital,0.0,0.0,0.0,0.0,0.0,0.0,0.0,0.0,monotonic,converged
0.00025,-0.58,k0p000250000_wqm0p580000000,orbital__p_r_emit__reference,orbital,0.0,0.0,0.0,0.0,0.0,0.0,0.0,0.0,monotonic,converged
0.0005,-0.7125,k0p000500000_wqm0p712500000,orbital__p_r_emit__reference,orbital,0.0,0.0,0.0,0.0,0.0,0.0,0.0,0.0,monotonic,converged
0.0005,-0.61,k0p000500000_wqm0p610000000,orbital__p_r_emit__reference,orbital,0.0,0.0,0.0,0.0,0.0,0.0,0.0,0.0,monotonic,converged
0.0005,-0.55,k0p000500000_wqm0p550000000,orbital__p_r_emit__reference,orbital,0.0,0.0,0.0,0.0,0.0,0.0,0.0,0.0,monotonic,converged
0.0005,-0.5,k0p000500000_wqm0p500000000,orbital__p_r_emit__reference,orbital,0.0,0.0,0.0,0.0,0.0,0.0,0.0,0.0,monotonic,converged
0.0005,-0.475,k0p000500000_wqm0p475000000,orbital__p_r_emit__reference,orbital,0.0,0.0,0.0,0.0,0.0,0.0,0.0,0.0,monotonic,converged
0.00075,-0.475,k0p000750000_wqm0p475000000,orbital__p_r_emit__reference,orbital,0.0,0.0,0.0,0.0,0.0,0.0,0.0,0.0,monotonic,converged
0.001,-0.58,k0p001000000_wqm0p580000000,orbital__p_r_emit__reference,orbital,0.0,0.0,0.0,0.0,0.0,0.0,0.0,0.0,monotonic,converged
0.00125,-0.7125,k0p001250000_wqm0p712500000,orbital__p_r_emit__reference,orbital,0.0,0.0,0.0,0.0,0.0,0.0,0.0,0.0,monotonic,converged
0.00125,-0.58,k0p001250000_wqm0p580000000,orbital__p_r_emit__reference,orbital,0.0,0.0,0.0,0.0,0.0,0.0,0.0,0.0,monotonic,converged
0.00125,-0.45,k0p001250000_wqm0p450000000,orbital__p_r_emit__reference,orbital,0.0,0.0,0.0,0.0,0.0,0.0,0.0,0.0,monotonic,converged
0.0015,-0.7125,k0p001500000_wqm0p712500000,orbital__p_r_emit__reference,orbital,0.0,0.0,0.0,0.0,0.0,0.0,0.0,0.0,monotonic,converged
0.0015,-0.61,k0p001500000_wqm0p610000000,orbital__p_r_emit__reference,orbital,0.0,0.0,0.0,0.0,0.0,0.0,0.0,0.0,monotonic,converged
0.0015,-0.5,k0p001500000_wqm0p500000000,orbital__p_r_emit__reference,orbital,0.0,0.0,0.0,0.0,0.0,0.0,0.0,0.0,monotonic,converged
0.00175,-0.7125,k0p001750000_wqm0p712500000,orbital__p_r_emit__reference,orbital,0.0,0.0,0.0,0.0,0.0,0.0,0.0,0.0,monotonic,converged
0.00175,-0.45,k0p001750000_wqm0p450000000,orbital__p_r_emit__reference,orbital,0.0,0.0,0.0,0.0,0.0,0.0,0.0,0.0,monotonic,converged
0.002,-0.7125,k0p002000000_wqm0p712500000,orbital__p_r_emit__reference,orbital,0.0,0.0,0.0,0.0,0.0,0.0,0.0,0.0,monotonic,converged
0.002,-0.69,k0p002000000_wqm0p690000000,orbital__p_r_emit__reference,orbital,0.0,0.0,0.0,0.0,0.0,0.0,0.0,0.0,monotonic,converged
0.002,-0.45,k0p002000000_wqm0p450000000,orbital__p_r_emit__reference,orbital,0.0,0.0,0.0,0.0,0.0,0.0,0.0,0.0,monotonic,converged
0.00225,-0.7125,k0p002250000_wqm0p712500000,orbital__p_r_emit__reference,orbital,0.0,0.0,0.0,0.0,0.0,0.0,0.0,0.0,monotonic,converged
0.00225,-0.69,k0p002250000_wqm0p690000000,orbital__p_r_emit__reference,orbital,0.0,0.0,0.0,0.0,0.0,0.0,0.0,0.0,monotonic,converged
0.00225,-0.6666666666666666,k0p002250000_wqm0p666666667,orbital__p_r_emit__reference,orbital,0.0,0.0,0.0,0.0,0.0,0.0,0.0,0.0,monotonic,converged
0.00225,-0.55,k0p002250000_wqm0p550000000,orbital__p_r_emit__reference,orbital,0.0,0.0,0.0,0.0,0.0,0.0,0.0,0.0,monotonic,converged
0.00225,-0.475,k0p002250000_wqm0p475000000,orbital__p_r_emit__reference,orbital,0.0,0.0,0.0,0.0,0.0,0.0,0.0,0.0,monotonic,converged
0.00225,-0.45,k0p002250000_wqm0p450000000,orbital__p_r_emit__reference,orbital,0.0,0.0,0.0,0.0,0.0,0.0,0.0,0.0,monotonic,converged
0.0025,-0.7125,k0p002500000_wqm0p712500000,orbital__p_r_emit__reference,orbital,0.0,0.0,0.0,0.0,0.0,0.0,0.0,0.0,monotonic,converged
0.0025,-0.69,k0p002500000_wqm0p690000000,orbital__p_r_emit__reference,orbital,0.0,0.0,0.0,0.0,0.0,0.0,0.0,0.0,monotonic,converged
0.0025,-0.6666666666666666,k0p002500000_wqm0p666666667,orbital__p_r_emit__reference,orbital,0.0,0.0,0.0,0.0,0.0,0.0,0.0,0.0,monotonic,converged
0.0025,-0.58,k0p002500000_wqm0p580000000,orbital__p_r_emit__reference,orbital,0.0,0.0,0.0,0.0,0.0,0.0,0.0,0.0,monotonic,converged
0.0025,-0.45,k0p002500000_wqm0p450000000,orbital__p_r_emit__reference,orbital,0.0,0.0,0.0,0.0,0.0,0.0,0.0,0.0,monotonic,converged
0.0,-0.7125,k0p000000000_wqm0p712500000,orbital__p_r_emit__cos1,orbital,0.0319172876128599,0.0319090740973956,0.031907021392233,8.213515464296217e-06,2.052705162604307e-06,0.00042770464298532004,0.00010689107880081486,0.2499179762340893,monotonic,converged
0.0,-0.69,k0p000000000_wqm0p690000000,orbital__p_r_emit__cos1,orbital,0.0319172876128599,0.0319090740973956,0.031907021392233,8.213515464296217e-06,2.052705162604307e-06,0.00042770464298532004,0.00010689107880081486,0.2499179762340893,monotonic,converged
0.0,-0.6666666666666666,k0p000000000_wqm0p666666667,orbital__p_r_emit__cos1,orbital,0.0319172876128599,0.0319090740973956,0.031907021392233,8.213515464296217e-06,2.052705162604307e-06,0.00042770464298532004,0.00010689107880081486,0.2499179762340893,monotonic,converged
0.0,-0.58,k0p000000000_wqm0p580000000,orbital__p_r_emit__cos1,orbital,0.0319172876128599,0.0319090740973956,0.031907021392233,8.213515464296217e-06,2.052705162604307e-06,0.00042770464298532004,0.00010689107880081486,0.2499179762340893,monotonic,converged
0.0,-0.45,k0p000000000_wqm0p450000000,orbital__p_r_emit__cos1,orbital,0.0319172876128599,0.0319090740973956,0.031907021392233,8.213515464296217e-06,2.052705162604307e-06,0.00042770464298532004,0.00010689107880081486,0.2499179762340893,monotonic,converged
0.00025,-0.58,k0p000250000_wqm0p580000000,orbital__p_r_emit__cos1,orbital,0.03148886134683,0.0314807151255582,0.0314786792364637,8.146221271800036e-06,2.0358890945038066e-06,0.0004242004140468492,0.00010601541107551429,0.249918216873324,monotonic,converged
0.0005,-0.7125,k0p000500000_wqm0p712500000,orbital__p_r_emit__cos1,orbital,0.0273526492363771,0.0273453035367822,0.0273434676984633,7.345699594901722e-06,1.8358383188990524e-06,0.00038251462925614137,9.559811218189137e-05,0.24992014649948585,monotonic,converged
0.0005,-0.61,k0p000500000_wqm0p610000000,orbital__p_r_emit__cos1,orbital,0.0306372117497036,0.030629211830837,0.0306272125018148,7.999918866598982e-06,1.999329022200902e-06,0.00041658196878350027,0.00010411160840541472,0.24991866236899474,monotonic,converged
0.0005,-0.55,k0p000500000_wqm0p550000000,orbital__p_r_emit__cos1,orbital,0.0313294218584582,0.0313212982907379,0.031319268062454,8.123567720293157e-06,2.030228283905755e-06,0.00042302076944744264,0.00010572063413300145,0.24991830607063492,monotonic,converged
0.0005,-0.5,k0p000500000_wqm0p500000000,orbital__p_r_emit__cos1,orbital,0.0316254931710278,0.0316173196527062,0.0316152769421396,8.173518321601125e-06,2.042710566599326e-06,0.0004256218608062153,0.00010637062746244764,0.24991814861426478,monotonic,converged
0.0005,-0.475,k0p000500000_wqm0p475000000,orbital__p_r_emit__cos1,orbital,0.0317174219799797,0.0317092335499616,0.0317071871130933,8.18843001809677e-06,2.0464368682970857e-06,0.00042639836166674205,0.00010656466819253744,0.24991809953487729,monotonic,converged
0.00075,-0.475,k0p000750000_wqm0p475000000,orbital__p_r_emit__cos1,orbital,0.0316158112355114,0.0316076359412075,0.0316055927866891,8.17529430389985e-06,2.043154518405199e-06,0.00042571434201944564,0.00010639374548657008,0.24991816104168335,monotonic,converged
0.001,-0.58,k0p001000000_wqm0p580000000,orbital__p_r_emit__cos1,orbital,0.0301068397288661,0.0300989275808846,0.0300969501853729,7.912147981500861e-06,1.9773955117000086e-06,0.0004120114514162923,0.00010296945869875397,0.24991892420658632,monotonic,converged
0.00125,-0.7125,k0p001250000_wqm0p712500000,orbital__p_r_emit__cos1,orbital,0.0177663761048995,0.0177611920522265,0.0177598964381507,5.184052672999734e-06,1.2956140757990064e-06,0.00026995059635069813,6.7466867037043e-05,0.2499230153557263,monotonic,converged
0.00125,-0.58,k0p001250000_wqm0p580000000,orbital__p_r_emit__cos1,orbital,0.0296133359360657,0.0296055127944885,0.0296035576415515,7.823141577201903e-06,1.95515293700127e-06,0.00040737659651894967,0.00010181121500737091,0.24991915558564745,monotonic,converged
0.00125,-0.45,k0p001250000_wqm0p450000000,orbital__p_r_emit__cos1,orbital,0.0315799308867522,0.0315717553242696,0.0315697121024618,8.175562482601317e-06,2.0432218077945374e-06,0.00042572830696250397,0.0001063972494653924,0.24991819365857515,monotonic,converged
0.0015,-0.7125,k0p001500000_wqm0p712500000,orbital__p_r_emit__cos1,orbital,0.0137775555187216,0.0137733461502089,0.0137722941284781,4.209368512701067e-06,1.052021730799102e-06,0.00021919560080510832,5.4782216060852476e-05,0.24992388469310822,monotonic,converged
0.0015,-0.61,k0p001500000_wqm0p610000000,orbital__p_r_emit__cos1,orbital,0.0276741945612259,0.0276667546835068,0.0276648953094064,7.439877719096766e-06,1.859374100399852e-06,0.0003874187925417607,9.682369738568603e-05,0.24991998129582005,monotonic,converged
0.0015,-0.5,k0p001500000_wqm0p500000000,orbital__p_r_emit__cos1,orbital,0.0310158194518964,0.031007735000276,0.0310057145463317,8.08445162039928e-06,2.0204539443006986e-06,0.0004209838660517147,0.0001052116522665436,0.2499184903528325,monotonic,converged
0.00175,-0.7125,k0p001750000_wqm0p712500000,orbital__p_r_emit__cos1,orbital,0.0094188048770974,0.0094157096140201,0.0094149360309756,3.0952630772993622e-06,7.735830445006198e-07,0.00016118048297062565,4.028300199906971e-05,0.24992481258671434,monotonic,converged
0.00175,-0.45,k0p001750000_wqm0p450000000,orbital__p_r_emit__cos1,orbital,0.0314410252665724,0.0314328663221108,0.0314308272527435,8.15894446160037e-06,2.039069367298918e-06,0.0004248629521981246,0.0001061810182928309,0.24991828010298237,monotonic,converged
0.002,-0.7125,k0p002000000_wqm0p712500000,orbital__p_r_emit__cos1,orbital,0.0048423947497908,0.004840559011702,0.0048401002125541,1.8357380887996586e-06,4.587991478998202e-07,9.559289287244172e-05,2.3891173835060874e-05,0.2499262562012956,monotonic,converged
0.002,-0.69,k0p002000000_wqm0p690000000,orbital__p_r_emit__cos1,orbital,0.0127135787006372,0.012709637012349,0.0127086518895197,3.941688288201101e-06,9.851228292990372e-07,0.00020525661507461777,5.129857121881442e-05,0.2499240825937115,monotonic,converged
0.002,-0.45,k0p002000000_wqm0p450000000,orbital__p_r_emit__cos1,orbital,0.0313707234361601,0.0313625731099841,0.0313605361941315,8.150326175994371e-06,2.0369158526059583e-06,0.00042441416984855907,0.00010606887773171309,0.2499183233433534,monotonic,converged
0.00225,-0.7125,k0p002250000_wqm0p712500000,orbital__p_r_emit__cos1,orbital,0.0006448818707128,0.0006444038775843,0.0006442844113606,4.779931284999315e-07,1.1946622370008486e-07,2.4890667249996714e-05,6.2209974253487824e-06,0.24993293120133625,monotonic,converged
0.00225,-0.69,k0p002250000_wqm0p690000000,orbital__p_r_emit__cos1,orbital,0.0092819276583533,0.009278873172572,0.0092781097807653,3.0544857812994652e-06,7.633918067007778e-07,0.0001590570756545554,3.9752310878597904e-05,0.24992481921981943,monotonic,converged
0.00225,-0.6666666666666666,k0p002250000_wqm0p666666667,orbital__p_r_emit__cos1,orbital,0.0161261103716282,0.0161213174907564,0.0161201196379476,4.7928808717991045e-06,1.1978528088006646e-06,0.00024958099988427505,6.237611777370049e-05,0.24992334273291178,monotonic,converged
0.00225,-0.55,k0p002250000_wqm0p550000000,orbital__p_r_emit__cos1,orbital,0.0290249960228199,0.0290172710148216,0.0290153403852485,7.725007998300032e-06,1.9306295730991963e-06,0.0004022664597557637,0.00010053420315439155,0.24991942707684592,monotonic,converged
0.00225,-0.475,k0p002250000_wqm0p475000000,orbital__p_r_emit__cos1,orbital,0.0309825974957902,0.0309745093892383,0.0309724880215703,8.088106551902563e-06,2.0213676679980974e-06,0.00042117419030209723,0.00010525923285118875,0.2499185260513923,monotonic,converged
0.00225,-0.45,k0p002250000_wqm0p450000000,orbital__p_r_emit__cos1,orbital,0.0312998556868816,0.0312917141856149,0.0312896794749203,8.141501266704931e-06,2.034710694598374e-06,0.0004239546279272679,0.00010595404793411182,0.24991836615188198,monotonic,converged
0.0025,-0.7125,k0p002500000_wqm0p712500000,orbital__p_r_emit__cos1,orbital,-0.0002934871916795,-0.0002933666150339,-0.0002933364794641,1.2057664560002294e-07,3.013556979999943e-08,6.278820729431012e-06,1.5692577896147378e-06,0.2499287457370907,monotonic,converged
0.0025,-0.69,k0p002500000_wqm0p690000000,orbital__p_r_emit__cos1,orbital,0.005722464209167,0.0057203839628583,0.005719864055542,2.080246308699789e-06,5.199073163002568e-07,0.00010832523645345209,2.707327624453568e-05,0.24992584489920966,monotonic,converged
0.0025,-0.6666666666666666,k0p002500000_wqm0p666666667,orbital__p_r_emit__cos1,orbital,0.0136789042577504,0.013674719308162,0.0136736733894034,4.184949588400058e-06,1.0459187586003144e-06,0.0002179240274641134,5.4464414316060185e-05,0.24992386085113585,monotonic,converged
0.0025,-0.58,k0p002500000_wqm0p580000000,orbital__p_r_emit__cos1,orbital,0.026892063844856,0.0268847712455067,0.0268829486770279,7.292599349298379e-06,1.8225684788007734e-06,0.0003797495256063174,9.490710815975515e-05,0.24992028102793318,monotonic,converged
0.0025,-0.45,k0p002500000_wqm0p450000000,orbital__p_r_emit__cos1,orbital,0.0312284221040844,0.0312202896346747,0.0312182571808581,8.132469409699583e-06,2.0324538166013872e-06,0.00042348430956081943,0.00010583652490732035,0.24991840906001847,monotonic,converged
0.0,-0.7125,k0p000000000_wqm0p712500000,orbital__p_r_emit__sin1,orbital,-0.0207860948940523,-0.0207906348928506,-0.0207917696776516,4.5399987983023304e-06,1.1347848009983508e-06,0.00016170321843017547,4.041815046640457e-05,0.24995266549909392,monotonic,converged
0.0,-0.69,k0p000000000_wqm0p690000000,orbital__p_r_emit__sin1,orbital,-0.0207860948940523,-0.0207906348928506,-0.0207917696776516,4.5399987983023304e-06,1.1347848009983508e-06,0.00016170321843017547,4.041815046640457e-05,0.24995266549909392,monotonic,converged
0.0,-0.6666666666666666,k0p000000000_wqm0p666666667,orbital__p_r_emit__sin1,orbital,-0.0207860948940523,-0.0207906348928506,-0.0207917696776516,4.5399987983023304e-06,1.1347848009983508e-06,0.00016170321843017547,4.041815046640457e-05,0.24995266549909392,monotonic,converged
0.0,-0.58,k0p000000000_wqm0p580000000,orbital__p_r_emit__sin1,orbital,-0.0207860948940523,-0.0207906348928506,-0.0207917696776516,4.5399987983023304e-06,1.1347848009983508e-06,0.00016170321843017547,4.041815046640457e-05,0.24995266549909392,monotonic,converged
0.0,-0.45,k0p000000000_wqm0p450000000,orbital__p_r_emit__sin1,orbital,-0.0207860948940523,-0.0207906348928506,-0.0207917696776516,4.5399987983023304e-06,1.1347848009983508e-06,0.00016170321843017547,4.041815046640457e-05,0.24995266549909392,monotonic,converged
0.00025,-0.58,k0p000250000_wqm0p580000000,orbital__p_r_emit__sin1,orbital,-0.0197122539714175,-0.0197165819448613,-0.0197176637352674,4.327973443799676e-06,1.0817904060982098e-06,0.00015415141418196764,3.85306248094998e-05,0.24995310626223918,monotonic,converged
0.0005,-0.7125,k0p000500000_wqm0p712500000,orbital__p_r_emit__sin1,orbital,-0.0108438759030064,-0.0108463622739338,-0.0108469837579588,2.4863709273993673e-06,6.214840249998965e-07,8.855821312596833e-05,2.213568141978407e-05,0.24995627890885172,monotonic,converged
0.0005,-0.61,k0p000500000_wqm0p610000000,orbital__p_r_emit__sin1,orbital,-0.0176959852339737,-0.0176999082851524,-0.0177008888670711,3.923051178699594e-06,9.80581918701845e-07,0.0001397291122410058,3.492583571780185e-05,0.24995389405724924,monotonic,converged
0.0005,-0.55,k0p000500000_wqm0p550000000,orbital__p_r_emit__sin1,orbital,-0.0193054350872066,-0.0193096805632304,-0.0193107417339209,4.245476023800182e-06,1.0611706905000462e-06,0.0001512130657552913,3.779620294652822e-05,0.24995328781769405,monotonic,converged
0.0005,-0.5,k0p000500000_wqm0p500000000,orbital__p_r_emit__sin1,orbital,-0.0200139966683322,-0.020018382724956,-0.0200194790330069,4.386056623797985e-06,1.0963080508998024e-06,0.00015622018943052006,3.904770641959218e-05,0.2499530090312616,monotonic,converged
0.0005,-0.475,k0p000500000_wqm0p475000000,orbital__p_r_emit__sin1,orbital,-0.0202371555969436,-0.0202415858412929,-0.0202426931938013,4.430244349300921e-06,1.1073525084011326e-06,0.00015779404390634191,3.944108192542892e-05,0.24995291931829208,monotonic,converged
0.00075,-0.475,k0p000750000_wqm0p475000000,orbital__p_r_emit__sin1,orbital,-0.0199623713130527,-0.0199667462145625,-0.0199678397345193,4.374901509798801e-06,1.0935199568004594e-06,0.000155822872621472,3.894840159393484e-05,0.2499530456517065,monotonic,converged
0.001,-0.58,k0p001000000_wqm0p580000000,orbital__p_r_emit__sin1,orbital,-0.0164734544483877,-0.0164771218720671,-0.016478038560796,3.6674236793994563e-06,9.166887289004111e-07,0.00013062431041340475,3.265012268666067e-05,0.24995441188036382,monotonic,converged
0.00125,-0.7125,k0p001250000_wqm0p712500000,orbital__p_r_emit__sin1,orbital,0.0033469302222906,0.0033478797208749,0.003348117058591,9.49498584299803e-07,2.3733771610003063e-07,3.381872634714935e-05,8.45336623494113e-06,0.2499611058136044,monotonic,converged
0.00125,-0.58,k0p001250000_wqm0p580000000,orbital__p_r_emit__sin1,orbital,-0.0153899925089771,-0.0153934319756927,-0.0153942916870497,3.4394667155993736e-06,8.597113569999704e-07,0.00012250506273346523,3.06207335120557e-05,0.24995484128421172,monotonic,converged
0.00125,-0.45,k0p001250000_wqm0p450000000,orbital__p_r_emit__sin1,orbital,-0.0198210101250618,-0.0198253553397559,-0.019826441439776,4.3452146940986536e-06,1.0861000201006776e-06,0.00015476550369761846,3.86841223070435e-05,0.2499531315623455,monotonic,converged
0.0015,-0.7125,k0p001500000_wqm0p712500000,orbital__p_r_emit__sin1,orbital,0.0072900240748644,0.0072920789744887,0.0072925926223996,2.0548996242999995e-06,5.136479109000072e-07,7.319030192794793e-05,1.829483310954306e-05,0.24996253093139822,monotonic,converged
0.0015,-0.61,k0p001500000_wqm0p610000000,orbital__p_r_emit__sin1,orbital,-0.0114769621744119,-0.0114795592433971,-0.0114802083971071,2.5970689851995132e-06,6.491537099997252e-07,9.250099659695662e-05,2.3121205274789176e-05,0.24995628290938743,monotonic,converged
0.0015,-0.5,k0p001500000_wqm0p500000000,orbital__p_r_emit__sin1,orbital,-0.0184650271847899,-0.018469098364946,-0.0184701159714625,4.071180156099696e-06,1.0176065164992087e-06,0.00014500508993450743,3.624455779040576e-05,0.24995369339638954,monotonic,converged
0.00175,-0.7125,k0p001750000_wqm0p712500000,orbital__p_r_emit__sin1,orbital,0.0103097326352709,0.010312744789903,0.0103134977198901,3.0121546320989456e-06,7.529299871009143e-07,0.00010728529236657412,2.6817452509532718e-05,0.2499639225281916,monotonic,converged
0.00175,-0.45,k0p001750000_wqm0p450000000,orbital__p_r_emit__sin1,orbital,-0.0194343381926737,-0.0194386043778793,-0.0194396707250236,4.266185205600154e-06,1.0663471443003725e-06,0.00015195067417698586,3.798057507452985e-05,0.24995331728697467,monotonic,converged
0.002,-0.7125,k0p002000000_wqm0p712500000,orbital__p_r_emit__sin1,orbital,0.0117006836405812,0.0117043150911127,0.0117052228286314,3.6314505314997275e-06,9.07737518700269e-07,0.00012934303831381168,3.2331303329538976e-05,0.24996554705245805,monotonic,converged
0.002,-0.69,k0p002000000_wqm0p690000000,orbital__p_r_emit__sin1,orbital,0.0081095044861358,0.0081118274028905,0.0081124080461886,2.322916754700713e-06,5.80643298098843e-07,8.273639092612597e-05,2.068103852750011e-05,0.24996302468602827,monotonic,converged
0.002,-0.45,k0p002000000_wqm0p450000000,orbital__p_r_emit__sin1,orbital,-0.0192408808574117,-0.019245107292839,-0.0192461637047874,4.226435427301389e-06,1.0564119483982837e-06,0.00015053488810118343,3.7626708647582166e-05,0.24995341028380755,monotonic,converged
0.00225,-0.7125,k0p002250000_wqm0p712500000,orbital__p_r_emit__sin1,orbital,0.0099760354649088,0.009979465403873,0.0099803227811389,3.4299389641990335e-06,8.573772659007523e-07,0.00012216570844411748,3.0537599119378345e-05,0.24996866557972958,monotonic,converged
0.00225,-0.69,k0p002250000_wqm0p690000000,orbital__p_r_emit__sin1,orbital,0.0103265736967363,0.0103296167792649,0.0103303774407421,3.0430825286014568e-06,7.606614772000947e-07,0.00010838686543430301,2.7092828536673078e-05,0.24996413013802826,monotonic,converged
0.00225,-0.6666666666666666,k0p002250000_wqm0p666666667,orbital__p_r_emit__sin1,orbital,0.0050220584663598,0.005023506627805,0.0050238686131079,1.4481614452003383e-06,3.6198530289997116e-07,5.157983006139878e-05,1.2892996475072927e-05,0.24996198048201332,monotonic,converged
0.00225,-0.55,k0p002250000_wqm0p550000000,orbital__p_r_emit__sin1,orbital,-0.0140879916791501,-0.014091145362086,-0.0140919336422436,3.153682935899335e-06,7.882801576000742e-07,0.00011232617084258701,2.807653573746377e-05,0.24995542469626247,monotonic,converged
0.00225,-0.475,k0p002250000_wqm0p475000000,orbital__p_r_emit__sin1,orbital,-0.0183099049008066,-0.0183139413842963,-0.0183149503186923,4.036483489698595e-06,1.0089343960018038e-06,0.00014376928286161697,3.5935678899167055e-05,0.24995380225799987,monotonic,converged
0.00225,-0.45,k0p002250000_wqm0p450000000,orbital__p_r_emit__sin1,orbital,-0.019047347833088,-0.0190515343634724,-0.0190525808014055,4.186530384399367e-06,1.0464379331005802e-06,0.00014911357189483022,3.727145957242524e-05,0.24995350254712423,monotonic,converged
0.0025,-0.7125,k0p002500000_wqm0p712500000,orbital__p_r_emit__sin1,orbital,0.0010585886148577,0.0010590417739055,0.0010591550560293,4.5315904779997217e-07,1.132821237999522e-07,1.6140373543140638e-05,4.034821334293667e-06,0.24998314465952312,monotonic,converged
0.0025,-0.69,k0p002500000_wqm0p690000000,orbital__p_r_emit__sin1,orbital,0.011543876243744,0.0115474291374633,0.011548317237848,3.5528937193003707e-06,8.881003846997887e-07,0.00012654504432161042,3.1631878525768174e-05,0.24996536763128163,monotonic,converged
0.0025,-0.6666666666666666,k0p002500000_wqm0p666666667,orbital__p_r_emit__sin1,orbital,0.007288533361941,0.0072906331762247,0.007291158051802,2.099814283699694e-06,5.248755772999103e-07,7.479004794161242e-05,1.869473405070709e-05,0.249962856893765,monotonic,converged
0.0025,-0.58,k0p002500000_wqm0p580000000,orbital__p_r_emit__sin1,orbital,-0.0099745733556935,-0.0099768214510568,-0.0099773833781022,2.248095363300423e-06,5.619270454001318e-07,8.007144312892061e-05,2.00144131752058e-05,0.24995694336345597,monotonic,converged
0.0025,-0.45,k0p002500000_wqm0p450000000,orbital__p_r_emit__sin1,orbital,-0.0188537430842906,-0.0188578895554166,-0.0188589259807812,4.146471125999335e-06,1.0364253646005794e-06,0.00014768676292438874,3.691483733018849e-05,0.24995359502251258,monotonic,converged
0.0,-0.7125,k0p000000000_wqm0p712500000,orbital__p_r_emit__cos2,orbital,0.0059581921561204,0.0059499691309209,0.0059479158320643,8.223025199499516e-06,2.0532988566001817e-06,0.0024811432432564674,0.0006195443235112357,0.24970115094930673,monotonic,converged
0.0,-0.69,k0p000000000_wqm0p690000000,orbital__p_r_emit__cos2,orbital,0.0059581921561204,0.0059499691309209,0.0059479158320643,8.223025199499516e-06,2.0532988566001817e-06,0.0024811432432564674,0.0006195443235112357,0.24970115094930673,monotonic,converged
0.0,-0.6666666666666666,k0p000000000_wqm0p666666667,orbital__p_r_emit__cos2,orbital,0.0059581921561204,0.0059499691309209,0.0059479158320643,8.223025199499516e-06,2.0532988566001817e-06,0.0024811432432564674,0.0006195443235112357,0.24970115094930673,monotonic,converged
0.0,-0.58,k0p000000000_wqm0p580000000,orbital__p_r_emit__cos2,orbital,0.0059581921561204,0.0059499691309209,0.0059479158320643,8.223025199499516e-06,2.0532988566001817e-06,0.0024811432432564674,0.0006195443235112357,0.24970115094930673,monotonic,converged
0.0,-0.45,k0p000000000_wqm0p450000000,orbital__p_r_emit__cos2,orbital,0.0059581921561204,0.0059499691309209,0.0059479158320643,8.223025199499516e-06,2.0532988566001817e-06,0.0024811432432564674,0.0006195443235112357,0.24970115094930673,monotonic,converged
0.00025,-0.58,k0p000250000_wqm0p580000000,orbital__p_r_emit__cos2,orbital,0.0058896763002332,0.005881520647153,0.0058794841692292,8.155653080200304e-06,2.0364779237998926e-06,0.002460814972999764,0.0006144689233087349,0.2497013916327442,monotonic,converged
0.0005,-0.7125,k0p000500000_wqm0p712500000,orbital__p_r_emit__cos2,orbital,0.0051688090340056,0.0051614548297378,0.0051596184604546,7.354204267799938e-06,1.8363692832002246e-06,0.002218992862832314,0.0005540899034838508,0.24970332837240966,monotonic,converged
0.0005,-0.61,k0p000500000_wqm0p610000000,orbital__p_r_emit__cos2,orbital,0.005748049592192,0.0057400404109931,0.0057380405037168,8.009181198900296e-06,1.9999072763000197e-06,0.0024166198368062502,0.0006034344180330675,0.24970183925600506,monotonic,converged
0.0005,-0.55,k0p000500000_wqm0p550000000,orbital__p_r_emit__cos2,orbital,0.0058660985432355,0.0058579655699716,0.0058559347544978,8.132973263900133e-06,2.0308154737996853e-06,0.0024539717648608796,0.0006127603854875025,0.24970148159884845,monotonic,converged
0.0005,-0.5,k0p000500000_wqm0p500000000,orbital__p_r_emit__cos2,orbital,0.0059151028508928,0.0059069198691811,0.0059048765678101,8.182981711699587e-06,2.0433013710003875e-06,0.0024690608737171814,0.0006165277702058909,0.24970132440586848,monotonic,converged
0.0005,-0.475,k0p000500000_wqm0p475000000,orbital__p_r_emit__cos2,orbital,0.0059299589891013,0.0059217610784062,0.0059197140496583,8.197910695099779e-06,2.047028747900574e-06,0.002473565413760951,0.0006176524361027596,0.24970127438984735,monotonic,converged
0.00075,-0.475,k0p000750000_wqm0p475000000,orbital__p_r_emit__cos2,orbital,0.005915471028403,0.005907286268653,0.0059052425232042,8.184759749999514e-06,2.043745448800094e-06,0.002469597363343211,0.0006166617623323274,0.24970133653589713,monotonic,converged
0.001,-0.58,k0p001000000_wqm0p580000000,orbital__p_r_emit__cos2,orbital,0.0056646197679969,0.0056566984593468,0.0056547204919267,7.921308650099546e-06,1.9779674200999867e-06,0.0023901059473999554,0.0005968144789415463,0.2497021019468961,monotonic,converged
0.00125,-0.7125,k0p001250000_wqm0p712500000,orbital__p_r_emit__cos2,orbital,0.0035136482869377,0.0035084582325665,0.0035071622437747,5.190054371200219e-06,1.2959887917998562e-06,0.0015660013222409774,0.0003910402505279974,0.24970620712402172,monotonic,converged
0.00125,-0.58,k0p001250000_wqm0p580000000,orbital__p_r_emit__cos2,orbital,0.0055830299261223,0.0055751977269618,0.0055732420085479,7.832199160499875e-06,1.955718413900083e-06,0.0023632188343647538,0.0005901012596502541,0.24970233440479353,monotonic,converged
0.00125,-0.45,k0p001250000_wqm0p450000000,orbital__p_r_emit__cos2,orbital,0.0059131000022773,0.0059049149740402,0.0059028711612811,8.185028237100121e-06,2.043812759099789e-06,0.0024696783742776804,0.0006166820719496809,0.24970136936557383,monotonic,converged
0.0015,-0.7125,k0p001500000_wqm0p712500000,orbital__p_r_emit__cos2,orbital,0.0028276923900337,0.0028234781483083,0.0028224258223139,4.2142417253998934e-06,1.0523259943999615e-06,0.0012715682037629926,0.0003175195828011717,0.24970707970011027,monotonic,converged
0.0015,-0.61,k0p001500000_wqm0p610000000,orbital__p_r_emit__cos2,orbital,0.0052491365987628,0.0052416881073099,0.0052398281954365,7.4484914529002536e-06,1.8599118734004619e-06,0.0022474422481329405,0.0005611934374250613,0.24970316273589324,monotonic,converged
0.0015,-0.5,k0p001500000_wqm0p500000000,orbital__p_r_emit__cos2,orbital,0.0058232976535167,0.0058152038416667,0.0058131828033586,8.093811850000236e-06,2.0210383080993682e-06,0.0024421555445360275,0.0006098103095693335,0.24970166660092416,monotonic,converged
0.00175,-0.7125,k0p001750000_wqm0p712500000,orbital__p_r_emit__cos2,orbital,0.0020637312116908,0.0020606323652606,0.0020598585584829,3.0988464301997913e-06,7.738067777001215e-07,0.0009350186452849006,0.00023348164592680194,0.24970801074844873,monotonic,converged
0.00175,-0.45,k0p001750000_wqm0p450000000,orbital__p_r_emit__cos2,orbital,0.005894159489878,0.005885991098916,0.0058839514397986,8.168390961999991e-06,2.0396591173992354e-06,0.0024646583893330395,0.0006154287886640035,0.24970145612372044,monotonic,converged
0.002,-0.7125,k0p002000000_wqm0p712500000,orbital__p_r_emit__cos2,orbital,0.0012095876377688,0.0012077497745136,0.0012072908426738,1.837863255199938e-06,4.589318398000395e-07,0.0005545406814448533,0.00013847405374659824,0.2497094593417469,monotonic,converged
0.002,-0.69,k0p002000000_wqm0p690000000,orbital__p_r_emit__cos2,orbital,0.002643983989442,0.0026400377378511,0.0026390523301068,3.946251590899921e-06,9.854077442999175e-07,0.0011907072194728716,0.0002973282590415928,0.24970727831248102,monotonic,converged
0.002,-0.45,k0p002000000_wqm0p450000000,orbital__p_r_emit__cos2,orbital,0.0058844954369501,0.0058763356742534,0.0058742981692749,8.159762696699838e-06,2.0375049785007274e-06,0.002462054972508803,0.0006147788177538579,0.2497014992022725,monotonic,converged
0.00225,-0.7125,k0p002250000_wqm0p712500000,orbital__p_r_emit__cos2,orbital,0.0002916958547618,0.0002912173083371,0.0002910978075628,4.785464246999664e-07,1.1950077430004187e-07,0.00014439238594345154,3.605711177153039e-05,0.24971615737170139,monotonic,converged
0.00225,-0.69,k0p002250000_wqm0p690000000,orbital__p_r_emit__cos2,orbital,0.0020368695838407,0.0020338115619155,0.002033047949323,3.0580219251997304e-06,7.63612592500143e-07,0.0009227006184902903,0.00023040574221548033,0.24970801752844488,monotonic,converged
0.00225,-0.6666666666666666,k0p002250000_wqm0p666666667,orbital__p_r_emit__cos2,orbital,0.0032388428971843,0.0032340444675146,0.0032328462682642,4.7984296696998614e-06,1.198199250400031e-06,0.0014478359319562578,0.000361534095065882,0.249706535862383,monotonic,converged
0.00225,-0.55,k0p002250000_wqm0p550000000,orbital__p_r_emit__cos2,orbital,0.0054930145797984,0.0054852806278633,0.005483349439908,7.73395193510041e-06,1.9311879552999164e-06,0.002333574581361198,0.0005826996549934315,0.24970260631375954,monotonic,converged
0.00225,-0.475,k0p002250000_wqm0p475000000,orbital__p_r_emit__cos2,orbital,0.005823329390745,0.0058152319197211,0.0058132099674238,8.097471023899884e-06,2.021952297300532e-06,0.0024432596314598477,0.0006100860886258071,0.24970170209102202,monotonic,converged
0.00225,-0.45,k0p002250000_wqm0p450000000,orbital__p_r_emit__cos2,orbital,0.0058747021465893,0.0058665512190313,0.0058645159198471,8.15092755799933e-06,2.0352991842000415e-06,0.0024593891355256772,0.0006141132607973386,0.2497015425198567,monotonic,converged
0.0025,-0.7125,k0p002500000_wqm0p712500000,orbital__p_r_emit__cos2,orbital,-7.736350175438302e-05,-7.72427855271391e-05,-7.721264124186659e-05,1.2071622724392776e-07,3.014428527250274e-08,3.6423851844198803e-05,9.095471303093873e-06,0.2497119563850439,monotonic,converged
0.0025,-0.69,k0p002500000_wqm0p690000000,orbital__p_r_emit__cos2,orbital,0.0013758457116973,0.0013737630571476,0.0013732429994661,2.082654549699853e-06,5.200576815001488e-07,0.0006284018519534194,0.00015691762718132653,0.24970904635869556,monotonic,converged
0.0025,-0.6666666666666666,k0p002500000_wqm0p666666667,orbital__p_r_emit__cos2,orbital,0.0028135778390539,0.0028093880445213,0.002808341823264,4.189794532599798e-06,1.0462212573000146e-06,0.0012641917229957637,0.0003156775931635487,0.2497070558376109,monotonic,converged
0.0025,-0.58,k0p002500000_wqm0p580000000,orbital__p_r_emit__cos2,orbital,0.0051250753133502,0.0051177742708269,0.0051159511752217,7.301042523299474e-06,1.8230956052005948e-06,0.0022029523059852937,0.0005500848207213721,0.24970346349615627,monotonic,converged
0.0025,-0.45,k0p002500000_wqm0p450000000,orbital__p_r_emit__cos2,orbital,0.0058647795939382,0.0058566377087004,0.0058546046670472,8.141885237800302e-06,2.0330416532002293e-06,0.0024566607854208345,0.00061343209326462,0.24970158554451666,monotonic,converged
0.0,-0.7125,k0p000000000_wqm0p712500000,orbital__p_r_emit__sin2,orbital,-0.0063534661160188,-0.0063625496178025,-0.0063648194062084,9.083501783699668e-06,2.2697884059005163e-06,0.0009875521755858252,0.0002467698616395901,0.24988032808818825,monotonic,converged
0.0,-0.69,k0p000000000_wqm0p690000000,orbital__p_r_emit__sin2,orbital,-0.0063534661160188,-0.0063625496178025,-0.0063648194062084,9.083501783699668e-06,2.2697884059005163e-06,0.0009875521755858252,0.0002467698616395901,0.24988032808818825,monotonic,converged
0.0,-0.6666666666666666,k0p000000000_wqm0p666666667,orbital__p_r_emit__sin2,orbital,-0.0063534661160188,-0.0063625496178025,-0.0063648194062084,9.083501783699668e-06,2.2697884059005163e-06,0.0009875521755858252,0.0002467698616395901,0.24988032808818825,monotonic,converged
0.0,-0.58,k0p000000000_wqm0p580000000,orbital__p_r_emit__sin2,orbital,-0.0063534661160188,-0.0063625496178025,-0.0063648194062084,9.083501783699668e-06,2.2697884059005163e-06,0.0009875521755858252,0.0002467698616395901,0.24988032808818825,monotonic,converged
0.0,-0.45,k0p000000000_wqm0p450000000,orbital__p_r_emit__sin2,orbital,-0.0063534661160188,-0.0063625496178025,-0.0063648194062084,9.083501783699668e-06,2.2697884059005163e-06,0.0009875521755858252,0.0002467698616395901,0.24988032808818825,monotonic,converged
0.00025,-0.58,k0p000250000_wqm0p580000000,orbital__p_r_emit__sin2,orbital,-0.0060442438410262,-0.0060529031284204,-0.0060550669178158,8.659287394199855e-06,2.16378939540008e-06,0.0009414318738298296,0.00023524572084870064,0.24988076927085534,monotonic,converged
0.0005,-0.7125,k0p000500000_wqm0p712500000,orbital__p_r_emit__sin2,orbital,-0.0034130927411992,-0.0034180674020425,-0.0034193104899214,4.974660843299825e-06,1.2430878789000677e-06,0.0005408417651679508,0.00013514767415525615,0.24988394547023923,monotonic,converged
0.0005,-0.61,k0p000500000_wqm0p610000000,orbital__p_r_emit__sin2,orbital,-0.0054577868576746,-0.0054656359879644,-0.0054675973408741,7.849130289800527e-06,1.961352909699704e-06,0.0008533521409176176,0.00021323696292341405,0.2498815585018845,monotonic,converged
0.0005,-0.55,k0p000500000_wqm0p550000000,orbital__p_r_emit__sin2,orbital,-0.0059243361028941,-0.0059328303317507,-0.0059349528777409,8.494228856599853e-06,2.122545990200335e-06,0.000923486821163202,0.0002307617657063495,0.2498809516476775,monotonic,converged
0.0005,-0.5,k0p000500000_wqm0p500000000,orbital__p_r_emit__sin2,orbital,-0.0061286912106094,-0.0061374667091897,-0.006139659536676,8.775498580300238e-06,2.1928274862997865e-06,0.0009540662754508859,0.00023840272246830998,0.24988067244662043,monotonic,converged
0.0005,-0.475,k0p000500000_wqm0p475000000,orbital__p_r_emit__sin2,orbital,-0.0061930410397866,-0.006201904947947,-0.0062041198664794,8.86390816039976e-06,2.214918532399829e-06,0.0009636781052549587,0.000240804446071889,0.24988058228030385,monotonic,converged
0.00075,-0.475,k0p000750000_wqm0p475000000,orbital__p_r_emit__sin2,orbital,-0.0061123183768011,-0.006121071556536,-0.0061232588072973,8.75317973489994e-06,2.1872507612995945e-06,0.0009516397856613225,0.00023779642469486028,0.24988070935854007,monotonic,converged
0.001,-0.58,k0p001000000_wqm0p580000000,orbital__p_r_emit__sin2,orbital,-0.0050903293727439,-0.0050976670506999,-0.0050995006049063,7.337677955999988e-06,1.8335542064000857e-06,0.0007977473888098406,0.0001993427742629279,0.2498820767816331,monotonic,converged
0.00125,-0.7125,k0p001250000_wqm0p712500000,orbital__p_r_emit__sin2,orbital,0.0013036285186597,0.0013055282485953,0.0013060029697875,1.8997299355998955e-06,4.747211922000172e-07,0.0002065373548221044,5.161136721469094e-05,0.24988877803313134,monotonic,converged
0.00125,-0.58,k0p001250000_wqm0p580000000,orbital__p_r_emit__sin2,orbital,-0.0047641719287996,-0.0047710535168832,-0.0047727731053618,6.881588083600294e-06,1.7195884785999038e-06,0.0007481616060933949,0.00018695249735086112,0.24988250643741716,monotonic,converged
0.00125,-0.45,k0p001250000_wqm0p450000000,orbital__p_r_emit__sin2,orbital,-0.0060688494081251,-0.0060775431913272,-0.006079715600781,8.693783202100118e-06,2.1724094537997965e-06,0.0009451822347535901,0.00023618288777275994,0.24988079450555167,monotonic,converged
0.0015,-0.7125,k0p001500000_wqm0p712500000,orbital__p_r_emit__sin2,orbital,0.0027872718020229,0.0027913831870873,0.0027924105819439,4.111385064399856e-06,1.0273948566003402e-06,0.0004469870058599187,0.0001116976745292286,0.2498902050057212,monotonic,converged
0.0015,-0.61,k0p001500000_wqm0p610000000,orbital__p_r_emit__sin2,orbital,-0.0035704729652004,-0.0035756691076007,-0.0035769675401859,5.196142400300165e-06,1.2984325851997033e-06,0.0005649210903749237,0.0001411647132239822,0.24988394950929305,monotonic,converged
0.0015,-0.5,k0p001500000_wqm0p500000000,orbital__p_r_emit__sin2,orbital,-0.005671532540215,-0.0056796780427839,-0.0056817134520227,8.145502568899891e-06,2.0354092388000233e-06,0.0008855735348224579,0.00022128831697831828,0.24988135742186868,monotonic,converged
0.00175,-0.7125,k0p001750000_wqm0p712500000,orbital__p_r_emit__sin2,orbital,0.0040626621071705,0.0040686887409356,0.0040701947460793,6.026633765100417e-06,1.506005143699779e-06,0.0006552115503366858,0.00016373186151325954,0.24989159826185084,monotonic,converged
0.00175,-0.45,k0p001750000_wqm0p450000000,orbital__p_r_emit__sin2,orbital,-0.0059537824688127,-0.0059623181320295,-0.0059644510319235,8.535663216799674e-06,2.132899894000638e-06,0.0009279915368041202,0.00023188743513068367,0.24988098051979357,monotonic,converged
0.002,-0.7125,k0p002000000_wqm0p712500000,orbital__p_r_emit__sin2,orbital,0.0048749777793252,0.0048822434827312,0.0048840591327846,7.265703406000336e-06,1.815650053399627e-06,0.0007899223643719616,0.0001973962468477681,0.24989322463950064,monotonic,converged
0.002,-0.69,k0p002000000_wqm0p690000000,orbital__p_r_emit__sin2,orbital,0.0031437973903551,0.0031484450165005,0.0031496064150483,4.6476261453998365e-06,1.1613985478001881e-06,0.0005052867738117819,0.00012626646528109668,0.24989069935191027,monotonic,converged
0.002,-0.45,k0p002000000_wqm0p450000000,orbital__p_r_emit__sin2,orbital,-0.0058959934710366,-0.0059044496040064,-0.0059065626315959,8.456132969800537e-06,2.1130275894998968e-06,0.0009193450620943539,0.00022972693161442656,0.2498810741323689,monotonic,converged
0.00225,-0.7125,k0p002250000_wqm0p712500000,orbital__p_r_emit__sin2,orbital,0.0045563310830376,0.0045631936076729,0.004564908527509,6.862524635300321e-06,1.7149198361003995e-06,0.0007460890408766863,0.00018644492569323327,0.24989634678744588,monotonic,converged
0.00225,-0.69,k0p002250000_wqm0p690000000,orbital__p_r_emit__sin2,orbital,0.0041014918070318,0.0041075803204502,0.0041091017900646,6.088513418399388e-06,1.521469614400306e-06,0.0006619390644270729,0.00016541314831742952,0.2498918060691875,monotonic,converged
0.00225,-0.6666666666666666,k0p002250000_wqm0p666666667,orbital__p_r_emit__sin2,orbital,0.0019722964425653,0.0019751938830441,0.0019759179234431,2.897440478800105e-06,7.240403989998076e-07,0.0003150077708581739,7.871718289607266e-05,0.24988965409210026,monotonic,converged
0.00225,-0.55,k0p002250000_wqm0p550000000,orbital__p_r_emit__sin2,orbital,-0.0043573913916101,-0.0043637011915375,-0.0043652779038438,6.309799927399842e-06,1.5767123063004096e-06,0.0006859971841473052,0.0001714190964495765,0.24988309050080215,monotonic,converged
0.00225,-0.475,k0p002250000_wqm0p475000000,orbital__p_r_emit__sin2,orbital,-0.0056210729556436,-0.0056291490381086,-0.0056311671014355,8.076082464999329e-06,2.0180633269004794e-06,0.0008780262280382596,0.00021940248115840855,0.24988146612500534,monotonic,converged
0.00225,-0.45,k0p002250000_wqm0p450000000,orbital__p_r_emit__sin2,orbital,-0.0058380361576068,-0.0058464124496899,-0.0058485055273231,8.376292083100804e-06,2.093077633199235e-06,0.0009106648148462592,0.00022755798584695662,0.2498811660856509,monotonic,converged
0.0025,-0.7125,k0p002500000_wqm0p712500000,orbital__p_r_emit__sin2,orbital,0.0005716812344858,0.0005725879021802,0.0005728144882677,9.066676943999402e-07,2.265860875000185e-07,9.857229903832972e-05,2.46342863134205e-05,0.24991084263786406,monotonic,converged
0.0025,-0.69,k0p002500000_wqm0p690000000,orbital__p_r_emit__sin2,orbital,0.0047713253789041,0.0047784339080715,0.0047802102800708,7.108529167400464e-06,1.776371999299628e-06,0.0007728344873646727,0.00019312596334886034,0.24989304502625176,monotonic,converged
0.0025,-0.6666666666666666,k0p002500000_wqm0p666666667,orbital__p_r_emit__sin2,orbital,0.0028445307172232,0.0028487319662573,0.0028497818186115,4.201249034099883e-06,1.0498523542001696e-06,0.0004567569559185288,0.00011413923849222834,0.24989053152501356,monotonic,converged
0.0025,-0.58,k0p002500000_wqm0p580000000,orbital__p_r_emit__sin2,orbital,-0.0030814159643551,-0.0030859138901483,-0.0030870378525836,4.497925793200356e-06,1.1239624352998683e-06,0.0004890114526833318,0.00012219643642818123,0.24988461059072933,monotonic,converged
0.0025,-0.45,k0p002500000_wqm0p450000000,orbital__p_r_emit__sin2,orbital,-0.0057799120768496,-0.0057882082194904,-0.0057902812700567,8.296142640799864e-06,2.073050566299417e-06,0.0009019510216417132,0.00022538065666725534,0.2498812588038561,monotonic,converged
0.0,-0.7125,k0p000000000_wqm0p712500000,orbital__p_r_emit__cos3,orbital,0.002489576652799,0.0024813377453715,0.0024792834565174,8.23890742750015e-06,2.0542888540999588e-06,0.006193377671873985,0.0015442565452422725,0.24933996068982064,monotonic,converged
0.0,-0.69,k0p000000000_wqm0p690000000,orbital__p_r_emit__cos3,orbital,0.002489576652799,0.0024813377453715,0.0024792834565174,8.23890742750015e-06,2.0542888540999588e-06,0.006193377671873985,0.0015442565452422725,0.24933996068982064,monotonic,converged
0.0,-0.6666666666666666,k0p000000000_wqm0p666666667,orbital__p_r_emit__cos3,orbital,0.002489576652799,0.0024813377453715,0.0024792834565174,8.23890742750015e-06,2.0542888540999588e-06,0.006193377671873985,0.0015442565452422725,0.24933996068982064,monotonic,converged
0.0,-0.58,k0p000000000_wqm0p580000000,orbital__p_r_emit__cos3,orbital,0.002489576652799,0.0024813377453715,0.0024792834565174,8.23890742750015e-06,2.0542888540999588e-06,0.006193377671873985,0.0015442565452422725,0.24933996068982064,monotonic,converged
0.0,-0.45,k0p000000000_wqm0p450000000,orbital__p_r_emit__cos3,orbital,0.002489576652799,0.0024813377453715,0.0024792834565174,8.23890742750015e-06,2.0542888540999588e-06,0.006193377671873985,0.0015442565452422725,0.24933996068982064,monotonic,converged
0.00025,-0.58,k0p000250000_wqm0p580000000,orbital__p_r_emit__cos3,orbital,0.002466038245229,0.0024578668401085,0.0024558293802966,8.17140512050004e-06,2.037459811900233e-06,0.006142634623156261,0.0015316057641628653,0.24934020304399654,monotonic,converged
0.0005,-0.7125,k0p000500000_wqm0p712500000,orbital__p_r_emit__cos3,orbital,0.0022011684124925,0.002193800004561,0.0021919627498814,7.368407931499996e-06,1.8372546796000845e-06,0.005539003024586469,0.001381106925925701,0.24934215052695546,monotonic,converged
0.0005,-0.61,k0p000500000_wqm0p610000000,orbital__p_r_emit__cos3,orbital,0.002416032714815,0.0024080080645938,0.0024060071930646,8.024650221199938e-06,2.0008715292002023e-06,0.0060323155639167335,0.001504101504026356,0.24934065336756933,monotonic,converged
0.0005,-0.55,k0p000500000_wqm0p550000000,orbital__p_r_emit__cos3,orbital,0.0024580371594115,0.0024498884779307,0.0024478566833015,8.148681480800099e-06,2.0317946292001086e-06,0.0061255527365129455,0.0015273471150214848,0.249340293148949,monotonic,converged
0.0005,-0.5,k0p000500000_wqm0p500000000,orbital__p_r_emit__cos3,orbital,0.0024752138443036,0.0024670150577579,0.0024649707712102,8.198786545700158e-06,2.0442865477001554e-06,0.006163217875116643,0.0015367375796914505,0.24934013543410014,monotonic,converged
0.0005,-0.475,k0p000500000_wqm0p475000000,orbital__p_r_emit__cos3,orbital,0.0024803767092921,0.0024721629649224,0.0024701149492016,8.213744369699964e-06,2.0480157208002496e-06,0.006174462018104705,0.0015395408855443098,0.2493400851815237,monotonic,converged
0.00075,-0.475,k0p000750000_wqm0p475000000,orbital__p_r_emit__cos3,orbital,0.0024756057585046,0.0024674051904842,0.0024653604596447,8.200568020400121e-06,2.0447308394996866e-06,0.006164557050939026,0.0015370715641348039,0.2493401474645558,monotonic,converged
0.001,-0.58,k0p001000000_wqm0p580000000,orbital__p_r_emit__cos3,orbital,0.0023862905214848,0.0023783539135824,0.0023763749924889,7.936607902399914e-06,1.978921093499786e-06,0.005966132112259537,0.0014876008527505453,0.24934091715698709,monotonic,converged
0.00125,-0.7125,k0p001250000_wqm0p712500000,orbital__p_r_emit__cos3,orbital,0.0015318839162299,0.0015266838384252,0.001525387224785,5.200077804700092e-06,1.2966136401998743e-06,0.003909019011445429,0.000974694525812598,0.24934504615064212,monotonic,converged
0.00125,-0.58,k0p001250000_wqm0p580000000,orbital__p_r_emit__cos3,orbital,0.0023566039134799,0.0023487565872412,0.0023467999258824,7.847326238699746e-06,1.9566613588001963e-06,0.005899017016315782,0.0014708676942482284,0.24934115127656567,monotonic,converged
0.00125,-0.45,k0p001250000_wqm0p450000000,orbital__p_r_emit__cos3,orbital,0.0024752770486569,0.0024670762116508,0.0024650314134673,8.20083700609972e-06,2.0447981835002883e-06,0.006164759253723875,0.0015371221881809328,0.24934018100583916,monotonic,converged
0.0015,-0.7125,k0p001500000_wqm0p712500000,orbital__p_r_emit__cos3,orbital,0.0012390565542733,0.0012348341737912,0.0012337813404299,4.22238048210016e-06,1.0528333612999739e-06,0.0031740612733077303,0.0007914392399063251,0.24934592364738944,monotonic,converged
0.0015,-0.61,k0p001500000_wqm0p610000000,orbital__p_r_emit__cos3,orbital,0.0022315685176439,0.0022241056403942,0.0022222448317716,7.462877249700146e-06,1.8608086226000985e-06,0.005610017800655569,0.0013988129708041711,0.24934198437671806,monotonic,converged
0.0015,-0.5,k0p001500000_wqm0p500000000,orbital__p_r_emit__cos3,orbital,0.0024438844767307,0.0024357750323519,0.0024337530196014,8.109444378799884e-06,2.0220127505002697e-06,0.006096057297515046,0.0015199938500817251,0.2493404795754339,monotonic,converged
0.00175,-0.7125,k0p001750000_wqm0p712500000,orbital__p_r_emit__cos3,orbital,0.0009074605311967,0.0009043557002079,0.0009035815203497,3.104830988799991e-06,7.741798581999918e-07,0.002333973417008143,0.0005819689430890028,0.24934686010049464,monotonic,converged
0.00175,-0.45,k0p001750000_wqm0p450000000,orbital__p_r_emit__cos3,orbital,0.0024691417896829,0.0024609576221061,0.0024589169795672,8.184167576800148e-06,2.0406425388997187e-06,0.006152228457360967,0.0015339982938165533,0.24934026823746572,monotonic,converged
0.002,-0.7125,k0p002000000_wqm0p712500000,orbital__p_r_emit__cos3,orbital,0.0005347643411592,0.0005329229286649,0.0005324637755584,1.8414124943000407e-06,4.5915310649998885e-07,0.001384232451604087,0.00034515603225213656,0.24934831707793018,monotonic,converged
0.002,-0.69,k0p002000000_wqm0p690000000,orbital__p_r_emit__cos3,orbital,0.0011592997241183,0.0011553458513517,0.0011543599685046,3.9538727665999925e-06,9.85882847099901e-07,0.0029722178001848377,0.000741110986625656,0.24934612348380641,monotonic,converged
0.002,-0.45,k0p002000000_wqm0p450000000,orbital__p_r_emit__cos3,orbital,0.0024659848647423,0.002457809342092,0.0024557708547319,8.175522650299798e-06,2.0384873600999727e-06,0.006145729865741458,0.0015323781959607756,0.24934031098613874,monotonic,converged
0.00225,-0.7125,k0p002250000_wqm0p712500000,orbital__p_r_emit__cos3,orbital,0.0001348648286523,0.0001343853581686,0.0001342657997805,4.794704836999931e-07,1.1955838810000317e-07,0.00036042907560270715,8.987481141883367e-05,0.24935505346938394,monotonic,converged
0.00225,-0.69,k0p002250000_wqm0p690000000,orbital__p_r_emit__cos3,orbital,0.0008955000060125,0.0008924360783713,0.0008916720976131,3.0639276411999466e-06,7.639807582000011e-07,0.0023032254225731717,0.0005743020432277042,0.2493468670496403,monotonic,converged
0.00225,-0.6666666666666666,k0p002250000_wqm0p666666667,orbital__p_r_emit__cos3,orbital,0.00141431155866,0.0014095038619423,0.0014083050849924,4.8076967176999275e-06,1.1987769499000305e-06,0.0036140570538706947,0.0009011484180883417,0.24934537685928387,monotonic,converged
0.00225,-0.55,k0p002250000_wqm0p550000000,orbital__p_r_emit__cos3,orbital,0.0023238519152339,0.0023161030260336,0.0023141709069607,7.748889200299893e-06,1.9321190729000397e-06,0.005825019613010083,0.001452418689104242,0.2493414246812645,monotonic,converged
0.00225,-0.475,k0p002250000_wqm0p475000000,orbital__p_r_emit__cos3,orbital,0.0024445706839936,0.0024364575733855,0.0024344346462047,8.113110608100067e-06,2.02292718079998e-06,0.006098813287054621,0.0015206812485323749,0.24934051543440133,monotonic,converged
0.00225,-0.45,k0p002250000_wqm0p450000000,orbital__p_r_emit__cos3,orbital,0.002462768322373,0.0024546016519479,0.0024525653714452,8.166670425099973e-06,2.0362805027000254e-06,0.006139075442884855,0.0015307192501034376,0.24934035496786905,monotonic,converged
0.0025,-0.7125,k0p002500000_wqm0p712500000,orbital__p_r_emit__cos3,orbital,-3.47227498501216e-05,-3.460180050778206e-05,-3.457164168895404e-05,1.2094934233954123e-07,3.015881882802092e-08,9.092042395976343e-05,2.2671083123970947e-05,0.24935082940224707,monotonic,converged
0.0025,-0.69,k0p002500000_wqm0p690000000,orbital__p_r_emit__cos3,orbital,0.0006071249474941,0.0006050382709449,0.0006045179625255,2.086676549200011e-06,5.203084193999927e-07,0.0015686031263200731,0.0003911278983963194,0.24934790185832506,monotonic,converged
0.0025,-0.6666666666666666,k0p002500000_wqm0p666666667,orbital__p_r_emit__cos3,orbital,0.0012320825474348,0.0012278846613566,0.0012268379356756,4.197886078200017e-06,1.046725680999873e-06,0.0031556482621729475,0.0007868479550629817,0.24934589969832893,monotonic,converged
0.0025,-0.58,k0p002500000_wqm0p580000000,orbital__p_r_emit__cos3,orbital,0.0021841561785895,0.0021768410351171,0.0021750170605141,7.315143472400119e-06,1.8239746030000552e-06,0.005498962896135394,0.0013711239845443151,0.24934228698068228,monotonic,converged
0.0025,-0.45,k0p002500000_wqm0p450000000,orbital__p_r_emit__cos3,orbital,0.0024594921004015,0.0024513344897687,0.0024493004678861,8.157610632799923e-06,2.034021882600049e-06,0.006132264987028091,0.0015290213930247492,0.24934039808442232,monotonic,converged
0.0,-0.7125,k0p000000000_wqm0p712500000,orbital__p_r_emit__sin3,orbital,-0.0040478302266652,-0.0040614642506254,-0.0040648694804117,1.3634023960199491e-05,3.4052297862999584e-06,0.0023143252404563795,0.0005780251866208812,0.24975970382922325,monotonic,converged
0.0,-0.69,k0p000000000_wqm0p690000000,orbital__p_r_emit__sin3,orbital,-0.0040478302266652,-0.0040614642506254,-0.0040648694804117,1.3634023960199491e-05,3.4052297862999584e-06,0.0023143252404563795,0.0005780251866208812,0.24975970382922325,monotonic,converged
0.0,-0.6666666666666666,k0p000000000_wqm0p666666667,orbital__p_r_emit__sin3,orbital,-0.0040478302266652,-0.0040614642506254,-0.0040648694804117,1.3634023960199491e-05,3.4052297862999584e-06,0.0023143252404563795,0.0005780251866208812,0.24975970382922325,monotonic,converged
0.0,-0.58,k0p000000000_wqm0p580000000,orbital__p_r_emit__sin3,orbital,-0.0040478302266652,-0.0040614642506254,-0.0040648694804117,1.3634023960199491e-05,3.4052297862999584e-06,0.0023143252404563795,0.0005780251866208812,0.24975970382922325,monotonic,converged
0.0,-0.45,k0p000000000_wqm0p450000000,orbital__p_r_emit__sin3,orbital,-0.0040478302266652,-0.0040614642506254,-0.0040648694804117,1.3634023960199491e-05,3.4052297862999584e-06,0.0023143252404563795,0.0005780251866208812,0.24975970382922325,monotonic,converged
0.00025,-0.58,k0p000250000_wqm0p580000000,orbital__p_r_emit__sin3,orbital,-0.003856043339033,-0.0038690406317153,-0.0038722868374319,1.2997292682300106e-05,3.2462057165997225e-06,0.002206242456376467,0.0005510314377891558,0.24976014589718754,monotonic,converged
0.0005,-0.7125,k0p000500000_wqm0p712500000,orbital__p_r_emit__sin3,orbital,-0.0022039671334365,-0.0022114339280846,-0.0022132988595681,7.4667946481001696e-06,1.8649314835000007e-06,0.0012674608296016215,0.00031656523536890274,0.2497633283613215,monotonic,converged
0.0005,-0.61,k0p000500000_wqm0p610000000,orbital__p_r_emit__sin3,orbital,-0.0034908280134428,-0.0035026092880419,-0.0035055517902259,1.1781274599100174e-05,2.942502183999815e-06,0.001999827875397558,0.0004994788841803643,0.24976093709118335,monotonic,converged
0.0005,-0.55,k0p000500000_wqm0p550000000,orbital__p_r_emit__sin3,orbital,-0.0037814385339166,-0.00379418807939,-0.0037973724100537,1.2749545473400223e-05,3.184330663699806e-06,0.002164188282166168,0.000540528375956576,0.24976032834608694,monotonic,converged
0.0005,-0.5,k0p000500000_wqm0p500000000,orbital__p_r_emit__sin3,orbital,-0.003908409511742,-0.0039215812334156,-0.0039248710032677,1.3171721673599542e-05,3.289769852100541e-06,0.0022358511337860175,0.0005584262889836766,0.24976004911296604,monotonic,converged
0.0005,-0.475,k0p000500000_wqm0p475000000,orbital__p_r_emit__sin3,orbital,-0.0039483590119657,-0.003961663433383,-0.0039649863451274,1.3304421417299934e-05,3.322911744399644e-06,0.0022583764254493176,0.0005640520028659617,0.2497599587516683,monotonic,converged
0.00075,-0.475,k0p000750000_wqm0p475000000,orbital__p_r_emit__sin3,orbital,-0.003898241681283,-0.0039113799031424,-0.0039146613065625,1.3138221859399987e-05,3.2814034201002207e-06,0.0022301646639823155,0.000557006118034335,0.24976008589415616,monotonic,converged
0.001,-0.58,k0p001000000_wqm0p580000000,orbital__p_r_emit__sin3,orbital,-0.0032606737679672,-0.0032716873701773,-0.0032744381434972,1.1013602210099751e-05,2.7507733199000177e-06,0.0018695183210465083,0.0004669336172213572,0.2497614556459547,monotonic,converged
0.00125,-0.7125,k0p001250000_wqm0p712500000,orbital__p_r_emit__sin3,orbital,0.0008357275217985,0.0008385789508877,0.0008392911471131,2.8514290892000475e-06,7.121962253999045e-07,0.0004840195625129778,0.00012089268035705012,0.24976816996690848,monotonic,converged
0.00125,-0.58,k0p001250000_wqm0p580000000,orbital__p_r_emit__sin3,orbital,-0.0030559015982002,-0.0030662306251363,-0.0030688104223894,1.0329026936099946e-05,2.5797972530998588e-06,0.00175331419523339,0.0004379110609999015,0.24976188648356296,monotonic,converged
0.00125,-0.45,k0p001250000_wqm0p450000000,orbital__p_r_emit__sin3,orbital,-0.0038712587759245,-0.0038843078455938,-0.0038875669834769,1.3049069669300063e-05,3.259137883100151e-06,0.0022150314087971603,0.0005532266253165575,0.2497601718510073,monotonic,converged
0.0015,-0.7125,k0p001500000_wqm0p712500000,orbital__p_r_emit__sin3,orbital,0.0018048049922315,0.0018109760392638,0.0018125173792122,6.171047032300057e-06,1.5413399484000279e-06,0.001047512454766618,0.00026163676674760105,0.24976959992890274,monotonic,converged
0.0015,-0.61,k0p001500000_wqm0p610000000,orbital__p_r_emit__sin3,orbital,-0.002302155644899,-0.0023099548757392,-0.0023119028376247,7.799230840199994e-06,1.947961885500043e-06,0.0013238906461006802,0.0003306593396212416,0.2497633324890909,monotonic,converged
0.0015,-0.5,k0p001500000_wqm0p500000000,orbital__p_r_emit__sin3,orbital,-0.0036238435416261,-0.0036360696608903,-0.0036391232654227,1.2226119264199808e-05,3.0536045324000907e-06,0.002075338615258938,0.0005183380977131659,0.24976073489987727,monotonic,converged
0.00175,-0.7125,k0p001750000_wqm0p712500000,orbital__p_r_emit__sin3,orbital,0.0026402901021158,0.0026493358711957,0.0026515952419465,9.045769079899652e-06,2.2593707507999675e-06,0.0015354859109874505,0.00038351984501344065,0.24977099579298917,monotonic,converged
0.00175,-0.45,k0p001750000_wqm0p450000000,orbital__p_r_emit__sin3,orbital,-0.0037997172158492,-0.0038125289528337,-0.0038157288168523,1.2811736984500062e-05,3.1998640186003263e-06,0.002174745061610054,0.0005431651056132191,0.24976035821462744,monotonic,converged
0.002,-0.7125,k0p002000000_wqm0p712500000,orbital__p_r_emit__sin3,orbital,0.0031756680953873,0.0031865736650088,0.0031892975777642,1.0905569621499998e-05,2.7239127553999563e-06,0.00185118018790855,0.0004623741355469177,0.24977262535923345,monotonic,converged
0.002,-0.69,k0p002000000_wqm0p690000000,orbital__p_r_emit__sin3,orbital,0.0020387098426598,0.0020456857690047,0.0020474281467924,6.9759263448998694e-06,1.7423777876998843e-06,0.0011841377470580708,0.0002957621978849293,0.24977009526107516,monotonic,converged
0.002,-0.45,k0p002000000_wqm0p450000000,orbital__p_r_emit__sin3,orbital,-0.0037637545688028,-0.0037764469336517,-0.00377961698442,1.2692364848900135e-05,3.1700507682999764e-06,0.002154482082226083,0.0005381044164233247,0.24976045095131968,monotonic,converged
0.00225,-0.7125,k0p002250000_wqm0p712500000,orbital__p_r_emit__sin3,orbital,0.0029850685320294,0.0029953689439213,0.0029979417370637,1.0300411891899907e-05,2.5727931424000122e-06,0.0017484568971061277,0.00043672213906262715,0.249775753571876,monotonic,converged
0.00225,-0.69,k0p002250000_wqm0p690000000,orbital__p_r_emit__sin3,orbital,0.0026665427433212,0.0026756813916003,0.0026779639627848,9.138648279099788e-06,2.2825711845000235e-06,0.0015512518122099907,0.0003874580329950898,0.24977120409812628,monotonic,converged
0.00225,-0.6666666666666666,k0p002250000_wqm0p666666667,orbital__p_r_emit__sin3,orbital,0.0012729080860241,0.0012772570441734,0.0012783432793093,4.348958149299857e-06,1.086235135900086e-06,0.0007382195926891897,0.00018438440473793558,0.24976904780630274,monotonic,converged
0.00225,-0.55,k0p002250000_wqm0p550000000,orbital__p_r_emit__sin3,orbital,-0.0027994039710026,-0.0028088747635373,-0.0028112402120904,9.470792534699898e-06,2.3654485530998776e-06,0.0016076320735658378,0.0004015261603926335,0.24976247177130587,monotonic,converged
0.00225,-0.475,k0p002250000_wqm0p475000000,orbital__p_r_emit__sin3,orbital,-0.0035923398023388,-0.0036044617243935,-0.0036074893058771,1.2121922054699873e-05,3.0275814836000503e-06,0.0020576515235657756,0.0005139207812373132,0.24976084402606813,monotonic,converged
0.00225,-0.45,k0p002250000_wqm0p450000000,orbital__p_r_emit__sin3,orbital,-0.0037276653039326,-0.003740237830306,-0.0037433779513325,1.2572526373400353e-05,3.14012102650002e-06,0.002134139943365495,0.0005330239532313729,0.24976054400200443,monotonic,converged
0.0025,-0.7125,k0p002500000_wqm0p712500000,orbital__p_r_emit__sin3,orbital,0.0003855864923879,0.0003869473690044,0.0003872873027521,1.360876616500039e-06,3.3993374770000797e-07,0.00023100378229545327,5.7702498886729844e-05,0.24979027751557978,monotonic,converged
0.0025,-0.69,k0p002500000_wqm0p690000000,orbital__p_r_emit__sin3,orbital,0.003107724455699,0.003118394112242,0.0031210590984479,1.066965654300013e-05,2.6649862058998088e-06,0.0018111348136507495,0.0004523715712827429,0.24977244536031323,monotonic,converged
0.0025,-0.6666666666666666,k0p002500000_wqm0p666666667,orbital__p_r_emit__sin3,orbital,0.0018433140783206,0.0018496200080475,0.0018511950396558,6.3059297268999205e-06,1.5750316083001491e-06,0.001070408294287254,0.00026735580165082134,0.2497699271181786,monotonic,converged
0.0025,-0.58,k0p002500000_wqm0p580000000,orbital__p_r_emit__sin3,orbital,-0.0019907501643934,-0.0019975013961031,-0.0019991876107056,6.751231709700191e-06,1.686214602500142e-06,0.0011459966621402368,0.00028622870451044003,0.24976399492812304,monotonic,converged
0.0025,-0.45,k0p002500000_wqm0p450000000,orbital__p_r_emit__sin3,orbital,-0.003691450407136,-0.0037039026319472,-0.0037070127075441,1.2452224811200074e-05,3.1100755969000124e-06,0.0021137191972468734,0.0005279238524623968,0.2497606366777666,monotonic,converged
0.0,-0.7125,k0p000000000_wqm0p712500000,photon_geometry__impact_parameter__mean,photon_geometry,9.621616729147956,9.621539116309409,9.621519723160318,7.761283854712531e-05,1.939314909016332e-05,0.00011102704300186953,2.7742368895164967e-05,0.2498703752264917,monotonic,converged
0.0,-0.69,k0p000000000_wqm0p690000000,photon_geometry__impact_parameter__mean,photon_geometry,9.621616729147956,9.621539116309409,9.621519723160318,7.761283854712531e-05,1.939314909016332e-05,0.00011102704300186953,2.7742368895164967e-05,0.2498703752264917,monotonic,converged
0.0,-0.6666666666666666,k0p000000000_wqm0p666666667,photon_geometry__impact_parameter__mean,photon_geometry,9.621616729147956,9.621539116309409,9.621519723160318,7.761283854712531e-05,1.939314909016332e-05,0.00011102704300186953,2.7742368895164967e-05,0.2498703752264917,monotonic,converged
0.0,-0.58,k0p000000000_wqm0p580000000,photon_geometry__impact_parameter__mean,photon_geometry,9.621616729147956,9.621539116309352,9.621519723160318,7.761283860396873e-05,1.93931490333199e-05,0.00011102704308318541,2.7742368813849083e-05,0.24987037431109024,monotonic,converged
0.0,-0.45,k0p000000000_wqm0p450000000,photon_geometry__impact_parameter__mean,photon_geometry,9.621616729147956,9.621539116309409,9.621519723160318,7.761283854712531e-05,1.939314909016332e-05,0.00011102704300186953,2.7742368895164967e-05,0.2498703752264917,monotonic,converged
0.00025,-0.58,k0p000250000_wqm0p580000000,photon_geometry__impact_parameter__mean,photon_geometry,9.637001201547571,9.636924577315764,9.636905431382925,7.662423180754274e-05,1.914593283913746e-05,0.00010961281714642776,2.738872006789339e-05,0.2498678601728281,monotonic,converged
0.0005,-0.7125,k0p000500000_wqm0p712500000,photon_geometry__impact_parameter__mean,photon_geometry,9.75399364866892,9.753925652884051,9.753908664526415,6.799578486926805e-05,1.6988357636193996e-05,9.72696150784671e-05,2.4302256548181755e-05,0.249844275918818,monotonic,converged
0.0005,-0.61,k0p000500000_wqm0p610000000,photon_geometry__impact_parameter__mean,photon_geometry,9.664157715126857,9.664082973829789,9.664064298750148,7.474129706785959e-05,1.8675079640928516e-05,0.00010691923345298277,2.67151531778824e-05,0.2498629321882509,monotonic,converged
0.0005,-0.55,k0p000500000_wqm0p550000000,photon_geometry__impact_parameter__mean,photon_geometry,9.644832061820695,9.64475581147702,9.64473675903875,7.625034367464423e-05,1.9052438270605876e-05,0.00010907796112793532,2.725497382596855e-05,0.24986691669091382,monotonic,converged
0.0005,-0.5,k0p000500000_wqm0p500000000,photon_geometry__impact_parameter__mean,photon_geometry,9.635941246303933,9.635864341571368,9.635845125496791,7.690473256438679e-05,1.9216074576888786e-05,0.00011001408026442688,2.74890595204804e-05,0.24986855731928528,monotonic,converged
0.0005,-0.475,k0p000500000_wqm0p475000000,photon_geometry__impact_parameter__mean,photon_geometry,9.63295190200208,9.63287479309294,9.6328555259606,7.710890914047752e-05,1.926713233935118e-05,0.00011030615979557088,2.7562098884773838e-05,0.24986908197923263,monotonic,converged
0.00075,-0.475,k0p000750000_wqm0p475000000,photon_geometry__impact_parameter__mean,photon_geometry,9.638676891276743,9.638600034946398,9.638580830972824,7.685633034526518e-05,1.920397357402237e-05,0.00010994483971912021,2.747174874315585e-05,0.2498684687097535,monotonic,converged
0.001,-0.58,k0p001000000_wqm0p580000000,photon_geometry__impact_parameter__mean,photon_geometry,9.686473967787222,9.686400373215443,9.686381984891442,7.359457177891215e-05,1.8388324001250567e-05,0.00010527881518777536,2.6304942298683324e-05,0.24985978662246353,monotonic,converged
0.00125,-0.7125,k0p001250000_wqm0p712500000,photon_geometry__impact_parameter__mean,photon_geometry,10.086064287371842,10.086013980453624,10.086001414588196,5.030691821872324e-05,1.2565865427305312e-05,7.196526343989253e-05,1.797577446295845e-05,0.2497840430747862,monotonic,converged
0.00125,-0.58,k0p001250000_wqm0p580000000,photon_geometry__impact_parameter__mean,photon_geometry,9.70415692833888,9.704084366560126,9.704066236494471,7.256177875447634e-05,1.8130065654986538e-05,0.00010380137978298158,2.593549748706446e-05,0.24985696280037917,monotonic,converged
0.00125,-0.45,k0p001250000_wqm0p450000000,photon_geometry__impact_parameter__mean,photon_geometry,9.644309897617914,9.644233174623867,9.64421400400141,7.672299404681837e-05,1.9170622456599062e-05,0.0001097540989187773,2.7424039162915854e-05,0.24986801798820116,monotonic,converged
0.0015,-0.7125,k0p001500000_wqm0p712500000,photon_geometry__impact_parameter__mean,photon_geometry,10.257836505380716,10.257793897049584,10.25778325564183,4.260833113178819e-05,1.0641407754974352e-05,6.095224838265064e-05,1.5222791209918015e-05,0.24974946148583765,monotonic,converged
0.0015,-0.61,k0p001500000_wqm0p610000000,photon_geometry__impact_parameter__mean,photon_geometry,9.7641043649174,9.764035668196469,9.764018504589258,6.869672093223755e-05,1.7163607211045928e-05,9.827232107223931e-05,2.4552955304307398e-05,0.2498460913145492,monotonic,converged
0.0015,-0.5,k0p001500000_wqm0p500000000,photon_geometry__impact_parameter__mean,photon_geometry,9.665484358390811,9.66540888212513,9.665390023269664,7.547626568182864e-05,1.8858855465708757e-05,0.0001079706238342097,2.6978048940781096e-05,0.24986471303718913,monotonic,converged
0.00175,-0.7125,k0p001750000_wqm0p712500000,photon_geometry__impact_parameter__mean,photon_geometry,10.48253040434254,10.48249727549003,10.4824890034798,3.312885251105513e-05,8.272010228793647e-06,4.739162490641501e-05,1.1833310732818108e-05,0.2496920237739375,monotonic,converged
0.00175,-0.45,k0p001750000_wqm0p450000000,photon_geometry__impact_parameter__mean,photon_geometry,9.653527468763892,9.653451102654138,9.653432021279713,7.636610975403357e-05,1.9081374425411468e-05,0.00010924356730489166,2.729636769538564e-05,0.24986704818237268,monotonic,converged
0.002,-0.7125,k0p002000000_wqm0p712500000,photon_geometry__impact_parameter__mean,photon_geometry,10.790392753811652,10.790371955598946,10.790366765257836,2.079821270584148e-05,5.190341109795327e-06,2.9752346385983582e-05,7.424908512290989e-06,0.24955707412000572,monotonic,converged
0.002,-0.69,k0p002000000_wqm0p690000000,photon_geometry__impact_parameter__mean,photon_geometry,10.320661182181064,10.320620681481373,10.320610566891675,4.0500699691747855e-05,1.0114589697352017e-05,5.793723062391518e-05,1.4469165234722152e-05,0.24973864092063813,monotonic,converged
0.002,-0.45,k0p002000000_wqm0p450000000,photon_geometry__impact_parameter__mean,photon_geometry,9.658166806698745,9.658090619235889,9.658071582538463,7.618746285587008e-05,1.9036697425534044e-05,0.00010898800859558733,2.7232456166321106e-05,0.24986653593580466,monotonic,converged
0.00225,-0.7125,k0p002250000_wqm0p712500000,photon_geometry__impact_parameter__mean,photon_geometry,11.24799212632669,11.247987736407616,11.24798664597815,4.389919073588544e-06,1.0904294658331537e-06,6.279885427229942e-06,1.5598857284423771e-06,0.24839397892175288,monotonic,converged
0.00225,-0.69,k0p002250000_wqm0p690000000,photon_geometry__impact_parameter__mean,photon_geometry,10.505342207398211,10.505309332687732,10.505301124189076,3.287471047919155e-05,8.208498655903895e-06,4.7028068582119934e-05,1.1742455891449752e-05,0.24969037099504085,monotonic,converged
0.00225,-0.6666666666666666,k0p002250000_wqm0p666666667,photon_geometry__impact_parameter__mean,photon_geometry,10.175725063029482,10.175677702386414,10.17566587304126,4.7360643067762e-05,1.182934515497891e-05,6.775054556583239e-05,1.6922164396916604e-05,0.24977163291583446,monotonic,converged
0.00225,-0.55,k0p002250000_wqm0p550000000,photon_geometry__impact_parameter__mean,photon_geometry,9.73487216563172,9.734800840467344,9.734783019633088,7.132516437557967e-05,1.7820834255388718e-05,0.00010203237300017819,2.549313448960974e-05,0.24985339201672024,monotonic,converged
0.00225,-0.475,k0p002250000_wqm0p475000000,photon_geometry__impact_parameter__mean,photon_geometry,9.673853710327045,9.67377837823638,9.673759555436847,7.533209066501456e-05,1.882279953235866e-05,0.00010776437798505303,2.6926470055928134e-05,0.2498642924442328,monotonic,converged
0.00225,-0.45,k0p002250000_wqm0p450000000,photon_geometry__impact_parameter__mean,photon_geometry,9.6628266785404,9.66275066986668,9.662731677879302,7.600867371948539e-05,1.899198737831398e-05,0.00010873224641106682,2.7168497362233512e-05,0.24986605408226248,monotonic,converged
0.0025,-0.7125,k0p002500000_wqm0p712500000,photon_geometry__impact_parameter__mean,photon_geometry,12.06076625468926,12.06076917468915,12.060769905585614,2.919999891659586e-06,7.308964633523374e-07,4.177130480028696e-06,1.045565071264102e-06,0.2503070172844874,monotonic,converged
0.0025,-0.69,k0p002500000_wqm0p690000000,photon_geometry__impact_parameter__mean,photon_geometry,10.741201372355306,10.741177865585357,10.741171998347957,2.3506769949221962e-05,5.867237399925784e-06,3.362700304283599e-05,8.393225029493077e-06,0.24959777173128717,monotonic,converged
0.0025,-0.6666666666666666,k0p002500000_wqm0p666666667,photon_geometry__impact_parameter__mean,photon_geometry,10.288108314035266,10.288065751029585,10.288055120948089,4.256300568172833e-05,1.0630081495932586e-05,6.088740922991407e-05,1.520658872237574e-05,0.24974931459072036,monotonic,converged
0.0025,-0.58,k0p002500000_wqm0p580000000,photon_geometry__impact_parameter__mean,photon_geometry,9.802866642195516,9.802799447374197,9.80278265931106,6.719482131956056e-05,1.6788063136985443e-05,9.612381734524405e-05,2.4015730421925424e-05,0.2498416218289489,monotonic,converged
0.0025,-0.45,k0p002500000_wqm0p450000000,photon_geometry__impact_parameter__mean,photon_geometry,9.667507209938911,9.667431380197272,9.667412432955375,7.582974163966583e-05,1.8947241896327682e-05,0.00010847627974250491,2.7104487867855652e-05,0.2498655736737544,monotonic,converged
0.0,-0.7125,k0p000000000_wqm0p712500000,photon_geometry__impact_parameter__amplitude,photon_geometry,2.1893155417647923,2.1893155418058035,2.1893155418059678,4.101119444044343e-11,1.6431300764452317e-13,8.004119862623115e-11,3.206882964808014e-13,0.004006540406501424,monotonic,converged
0.0,-0.69,k0p000000000_wqm0p690000000,photon_geometry__impact_parameter__amplitude,photon_geometry,2.1893155417647923,2.1893155418058035,2.1893155418059678,4.101119444044343e-11,1.6431300764452317e-13,8.004119862623115e-11,3.206882964808014e-13,0.004006540406501424,monotonic,converged
0.0,-0.6666666666666666,k0p000000000_wqm0p666666667,photon_geometry__impact_parameter__amplitude,photon_geometry,2.1893155417647923,2.1893155418058035,2.1893155418059678,4.101119444044343e-11,1.6431300764452317e-13,8.004119862623115e-11,3.206882964808014e-13,0.004006540406501424,monotonic,converged
0.0,-0.58,k0p000000000_wqm0p580000000,photon_geometry__impact_parameter__amplitude,photon_geometry,2.1893155417647923,2.1893155418058674,2.1893155418059678,4.107514328666184e-11,1.0036416142611415e-13,8.016600704432098e-11,1.9587987839097595e-13,0.0024434281513195594,monotonic,converged
0.0,-0.45,k0p000000000_wqm0p450000000,photon_geometry__impact_parameter__amplitude,photon_geometry,2.1893155417647923,2.1893155418058035,2.1893155418059678,4.101119444044343e-11,1.6431300764452317e-13,8.004119862623115e-11,3.206882964808014e-13,0.004006540406501424,monotonic,converged
0.00025,-0.58,k0p000250000_wqm0p580000000,photon_geometry__impact_parameter__amplitude,photon_geometry,2.214357714996069,2.214357715035425,2.214357715035675,3.93556298661224e-11,2.5002222514558525e-13,7.681004735790567e-11,4.879662457261924e-13,0.006352896040441882,monotonic,converged
0.0005,-0.7125,k0p000500000_wqm0p712500000,photon_geometry__impact_parameter__amplitude,photon_geometry,2.3987564596384905,2.398959487544265,2.3992549955726274,0.00020302790577453322,0.0002955080283624234,0.0003962478331706802,0.0005767405001615197,1.455504489568007,monotonic,converged
0.0005,-0.61,k0p000500000_wqm0p610000000,photon_geometry__impact_parameter__amplitude,photon_geometry,2.259326086907933,2.259326086946473,2.259326086946613,3.8539837987627834e-11,1.4033219031261979e-13,7.521787330213477e-11,2.7388513969711684e-13,0.0036412241887905606,monotonic,converged
0.0005,-0.55,k0p000500000_wqm0p550000000,photon_geometry__impact_parameter__amplitude,photon_geometry,2.224701406981872,2.224701407021872,2.22470140702201,4.000000330961484e-11,1.3811174426336947e-13,7.806766551518578e-11,2.695515140689979e-13,0.0034527933208988366,monotonic,converged
0.0005,-0.5,k0p000500000_wqm0p500000000,photon_geometry__impact_parameter__amplitude,photon_geometry,2.2089712787649587,2.208971278805472,2.2089712788055738,4.051337043620151e-11,1.0169642905566434e-13,7.906959976040688e-11,1.9848005376784733e-13,0.002510194238610953,monotonic,converged
0.0005,-0.475,k0p000500000_wqm0p475000000,photon_geometry__impact_parameter__amplitude,photon_geometry,2.2038869471871023,2.2038869472272307,2.203886947227482,4.012834509126151e-11,2.5135449277513544e-13,7.831814907649106e-11,4.905664211030637e-13,0.006263764234570224,monotonic,converged
0.00075,-0.475,k0p000750000_wqm0p475000000,photon_geometry__impact_parameter__amplitude,photon_geometry,2.2111505122760726,2.211150512316439,2.211150512316616,4.036637690774114e-11,1.7719159473017498e-13,7.878271374382541e-11,3.458233251238912e-13,0.004389583814647348,monotonic,converged
0.001,-0.58,k0p001000000_wqm0p580000000,photon_geometry__impact_parameter__amplitude,photon_geometry,2.2885731934359024,2.288573193473993,2.288573193474138,3.809041970725957e-11,1.4521717162097048e-13,7.43407474750035e-11,2.834191160789785e-13,0.0038124329618057177,monotonic,converged
0.00125,-0.7125,k0p001250000_wqm0p712500000,photon_geometry__impact_parameter__amplitude,photon_geometry,2.6661269308408686,2.666126930860065,2.666126930860159,1.9196200184978807e-11,9.414691248821327e-14,3.7465060280213836e-11,1.8374572663224293e-13,0.004904455651691112,monotonic,converged
0.00125,-0.58,k0p001250000_wqm0p580000000,photon_geometry__impact_parameter__amplitude,photon_geometry,2.312958421776376,2.3129584218118686,2.313012641715697,3.5492497829636704e-11,5.421990382847852e-05,6.927040549010434e-11,0.00010582052415305063,1527644.0697054628,monotonic,converged
0.00125,-0.45,k0p001250000_wqm0p450000000,photon_geometry__impact_parameter__amplitude,photon_geometry,2.216192910589068,2.216192910630382,2.2161929106306024,4.1314063281561175e-11,2.2026824808563106e-13,8.063230516190657e-11,4.2989566230939857e-13,0.005331556147950683,monotonic,converged
0.0015,-0.7125,k0p001500000_wqm0p712500000,photon_geometry__impact_parameter__amplitude,photon_geometry,2.7228890706266307,2.723883967104612,2.723883967104661,0.000994896477981122,4.929390229335695e-14,0.0019417309759721245,9.62064889442404e-14,4.954676530103496e-11,monotonic,converged
0.0015,-0.61,k0p001500000_wqm0p610000000,photon_geometry__impact_parameter__amplitude,photon_geometry,2.394970194123828,2.395362545476833,2.3955618775313705,0.0003923513530050826,0.00019933205453748215,0.0007657487914124452,0.0003890346718133001,0.5080447741820326,monotonic,converged
0.0015,-0.5,k0p001500000_wqm0p500000000,photon_geometry__impact_parameter__amplitude,photon_geometry,2.2479752473210044,2.2479752473599603,2.2479752473600496,3.895594957725734e-11,8.926193117986259e-14,7.602999474484426e-11,1.7421175025038127e-13,0.0022913555477023745,monotonic,converged
0.00175,-0.7125,k0p001750000_wqm0p712500000,photon_geometry__impact_parameter__amplitude,photon_geometry,2.745271075491653,2.745271075502794,2.745584211553053,1.1140866007508521e-11,0.0003131360502588443,2.1743533226523955e-11,0.0006111449602424858,28106975.70977,monotonic,converged
0.00175,-0.45,k0p001750000_wqm0p450000000,photon_geometry__impact_parameter__amplitude,photon_geometry,2.226881312122821,2.226881312162198,2.2268813121625883,3.93769461481952e-11,3.9035441545820504e-13,7.685165016393561e-11,7.618513854233092e-13,0.009913272958982283,monotonic,converged
0.002,-0.7125,k0p002000000_wqm0p712500000,photon_geometry__impact_parameter__amplitude,photon_geometry,2.694794770433575,2.6948148139962123,2.6952476569371626,2.004356263718421e-05,0.000432842940950362,3.911885035560111e-05,0.0008447758784709847,21.595110050314357,monotonic,converged
0.002,-0.69,k0p002000000_wqm0p690000000,photon_geometry__impact_parameter__amplitude,photon_geometry,2.736438187276011,2.7380317191386303,2.7380317191386885,0.0015935318626194572,5.81756864903582e-14,0.0031100825536397847,1.1354099145671615e-13,3.650738830833835e-11,monotonic,converged
0.002,-0.45,k0p002000000_wqm0p450000000,photon_geometry__impact_parameter__amplitude,photon_geometry,2.232211808554632,2.232211808595874,2.2322118085959586,4.1242120829565465e-11,8.43769498715119e-14,8.049189569155552e-11,1.6467777386851963e-13,0.002045892601406282,monotonic,converged
0.00225,-0.7125,k0p002250000_wqm0p712500000,photon_geometry__impact_parameter__amplitude,photon_geometry,2.47113787137381,2.4711378713765457,2.4713143745601185,2.7355895326763857e-12,0.00017650318357276262,5.339026773842531e-12,0.0003444797589357136,64521077.2538961,monotonic,converged
0.00225,-0.69,k0p002250000_wqm0p690000000,photon_geometry__impact_parameter__amplitude,photon_geometry,2.749978067436953,2.749978067448572,2.750115824194364,1.1619150086517038e-11,0.0001377567457918616,2.2676996186820774e-11,0.00026885866657802235,11856008.810120776,monotonic,converged
0.00225,-0.6666666666666666,k0p002250000_wqm0p666666667,photon_geometry__impact_parameter__amplitude,photon_geometry,2.701691607395114,2.701715964679018,2.7021287539117957,2.4357283904041793e-05,0.000412789232777655,4.753790338367507e-05,0.0008056372271601803,16.9472603925743,monotonic,converged
0.00225,-0.55,k0p002250000_wqm0p550000000,photon_geometry__impact_parameter__amplitude,photon_geometry,2.345876140350864,2.3458761403870514,2.346205777007237,3.618749744305205e-11,0.0003296366201857026,7.062683031170556e-11,0.0006433489819244108,9109130.044277001,monotonic,converged
0.00225,-0.475,k0p002250000_wqm0p475000000,photon_geometry__impact_parameter__amplitude,photon_geometry,2.254408074605701,2.2544080746436577,2.254408074643679,3.79567488550947e-11,2.1316282072803006e-14,7.407986321219073e-11,4.1602806029941797e-14,0.0005615939909442969,monotonic,converged
0.00225,-0.45,k0p002250000_wqm0p450000000,photon_geometry__impact_parameter__amplitude,photon_geometry,2.2375330662086665,2.2375330662485604,2.237533066248756,3.9893865988460675e-11,1.9539925233402755e-13,7.786051821016169e-11,3.813590552744665e-13,0.004897977357986486,monotonic,converged
0.0025,-0.7125,k0p002500000_wqm0p712500000,photon_geometry__impact_parameter__amplitude,photon_geometry,1.870176494083558,1.8741970443442997,1.874197044317203,0.004020550260741773,2.7096769272816346e-11,0.007846873674311304,5.288453362762383e-11,6.739567351613487e-09,non-monotonic,converged
0.0025,-0.69,k0p002500000_wqm0p690000000,photon_geometry__impact_parameter__amplitude,photon_geometry,2.718067424469495,2.7180674244773537,2.718332788601918,7.858602657506708e-12,0.00026536412456446,1.5337567823038544e-11,0.0005179089000537344,33767342.12550859,monotonic,converged
0.0025,-0.6666666666666666,k0p002500000_wqm0p666666667,photon_geometry__impact_parameter__amplitude,photon_geometry,2.732803383332608,2.7343182034048628,2.734318203404934,0.0015148200722547855,7.105427357601002e-14,0.0029564614232931888,1.3867602009980598e-13,4.6906081373906584e-11,monotonic,converged
0.0025,-0.58,k0p002500000_wqm0p580000000,photon_geometry__impact_parameter__amplitude,photon_geometry,2.431420059860295,2.4324881313339204,2.4324881313340514,0.0010680714736253094,1.3100631690576847e-13,0.002084545991256197,2.556839120590173e-13,1.2265688218514002e-10,monotonic,converged
0.0025,-0.45,k0p002500000_wqm0p450000000,photon_geometry__impact_parameter__amplitude,photon_geometry,2.242845007195666,2.242845007238069,2.242845007238212,4.240297002411353e-11,1.4299672557172016e-13,8.27575151699361e-11,2.7908549045085955e-13,0.00337232805839783,monotonic,converged
0.0,-0.7125,k0p000000000_wqm0p712500000,photon_geometry__impact_parameter__reference,photon_geometry,10.384586688878384,10.384586688878384,10.384586688878384,0.0,0.0,0.0,0.0,0.0,monotonic,converged
0.0,-0.69,k0p000000000_wqm0p690000000,photon_geometry__impact_parameter__reference,photon_geometry,10.384586688878384,10.384586688878384,10.384586688878384,0.0,0.0,0.0,0.0,0.0,monotonic,converged
0.0,-0.6666666666666666,k0p000000000_wqm0p666666667,photon_geometry__impact_parameter__reference,photon_geometry,10.384586688878384,10.384586688878384,10.384586688878384,0.0,0.0,0.0,0.0,0.0,monotonic,converged
0.0,-0.58,k0p000000000_wqm0p580000000,photon_geometry__impact_parameter__reference,photon_geometry,10.384586688878384,10.384586688878384,10.384586688878384,0.0,0.0,0.0,0.0,0.0,monotonic,converged
0.0,-0.45,k0p000000000_wqm0p450000000,photon_geometry__impact_parameter__reference,photon_geometry,10.384586688878384,10.384586688878384,10.384586688878384,0.0,0.0,0.0,0.0,0.0,monotonic,converged
0.00025,-0.58,k0p000250000_wqm0p580000000,photon_geometry__impact_parameter__reference,photon_geometry,10.38841085648228,10.38841085648228,10.38841085648228,0.0,0.0,0.0,0.0,0.0,monotonic,converged
0.0005,-0.7125,k0p000500000_wqm0p712500000,photon_geometry__impact_parameter__reference,photon_geometry,10.407876796982723,10.407876796982723,10.407876796982723,0.0,0.0,0.0,0.0,0.0,monotonic,converged
0.0005,-0.61,k0p000500000_wqm0p610000000,photon_geometry__impact_parameter__reference,photon_geometry,10.394413964872417,10.394413964872417,10.394413964872417,0.0,0.0,0.0,0.0,0.0,monotonic,converged
0.0005,-0.55,k0p000500000_wqm0p550000000,photon_geometry__impact_parameter__reference,photon_geometry,10.390549143946654,10.390549143946654,10.390549143946654,0.0,0.0,0.0,0.0,0.0,monotonic,converged
0.0005,-0.5,k0p000500000_wqm0p500000000,photon_geometry__impact_parameter__reference,photon_geometry,10.38852848791062,10.38852848791062,10.38852848791062,0.0,0.0,0.0,0.0,0.0,monotonic,converged
0.0005,-0.475,k0p000500000_wqm0p475000000,photon_geometry__impact_parameter__reference,photon_geometry,10.387794219300975,10.387794219300975,10.387794219300975,0.0,0.0,0.0,0.0,0.0,monotonic,converged
0.00075,-0.475,k0p000750000_wqm0p475000000,photon_geometry__impact_parameter__reference,photon_geometry,10.389398637029702,10.389398637029702,10.389398637029702,0.0,0.0,0.0,0.0,0.0,monotonic,converged
0.001,-0.58,k0p001000000_wqm0p580000000,photon_geometry__impact_parameter__reference,photon_geometry,10.399901256685636,10.399901256685636,10.399901256685636,0.0,0.0,0.0,0.0,0.0,monotonic,converged
0.00125,-0.7125,k0p001250000_wqm0p712500000,photon_geometry__impact_parameter__reference,photon_geometry,10.443060208843146,10.443060208843146,10.443060208843146,0.0,0.0,0.0,0.0,0.0,monotonic,converged
0.00125,-0.58,k0p001250000_wqm0p580000000,photon_geometry__impact_parameter__reference,photon_geometry,10.403737368694806,10.403737368694806,10.403737368694806,0.0,0.0,0.0,0.0,0.0,monotonic,converged
0.00125,-0.45,k0p001250000_wqm0p450000000,photon_geometry__impact_parameter__reference,photon_geometry,10.391117029437542,10.391117029437542,10.391117029437542,0.0,0.0,0.0,0.0,0.0,monotonic,converged
0.0015,-0.7125,k0p001500000_wqm0p712500000,photon_geometry__impact_parameter__reference,photon_geometry,10.454854841899582,10.454854841899582,10.454854841899582,0.0,0.0,0.0,0.0,0.0,monotonic,converged
0.0015,-0.61,k0p001500000_wqm0p610000000,photon_geometry__impact_parameter__reference,photon_geometry,10.414130406206947,10.414130406206947,10.414130406206947,0.0,0.0,0.0,0.0,0.0,monotonic,converged
0.0015,-0.5,k0p001500000_wqm0p500000000,photon_geometry__impact_parameter__reference,photon_geometry,10.396420368833189,10.396420368833189,10.396420368833189,0.0,0.0,0.0,0.0,0.0,monotonic,converged
0.00175,-0.7125,k0p001750000_wqm0p712500000,photon_geometry__impact_parameter__reference,photon_geometry,10.466683154751076,10.466683154751076,10.466683154751076,0.0,0.0,0.0,0.0,0.0,monotonic,converged
0.00175,-0.45,k0p001750000_wqm0p450000000,photon_geometry__impact_parameter__reference,photon_geometry,10.393731083199851,10.393731083199851,10.393731083199851,0.0,0.0,0.0,0.0,0.0,monotonic,converged
0.002,-0.7125,k0p002000000_wqm0p712500000,photon_geometry__impact_parameter__reference,photon_geometry,10.478545308135793,10.478545308135793,10.478545308135793,0.0,0.0,0.0,0.0,0.0,monotonic,converged
0.002,-0.69,k0p002000000_wqm0p690000000,photon_geometry__impact_parameter__reference,photon_geometry,10.46211517882782,10.46211517882782,10.46211517882782,0.0,0.0,0.0,0.0,0.0,monotonic,converged
0.002,-0.45,k0p002000000_wqm0p450000000,photon_geometry__impact_parameter__reference,photon_geometry,10.395038521359332,10.395038521359332,10.395038521359332,0.0,0.0,0.0,0.0,0.0,monotonic,converged
0.00225,-0.7125,k0p002250000_wqm0p712500000,photon_geometry__impact_parameter__reference,photon_geometry,10.49044146389809,10.49044146389809,10.49044146389809,0.0,0.0,0.0,0.0,0.0,monotonic,converged
0.00225,-0.69,k0p002250000_wqm0p690000000,photon_geometry__impact_parameter__reference,photon_geometry,10.471906573546775,10.471906573546775,10.471906573546775,0.0,0.0,0.0,0.0,0.0,monotonic,converged
0.00225,-0.6666666666666666,k0p002250000_wqm0p666666667,photon_geometry__impact_parameter__reference,photon_geometry,10.456184522829822,10.456184522829822,10.456184522829822,0.0,0.0,0.0,0.0,0.0,monotonic,converged
0.00225,-0.55,k0p002250000_wqm0p550000000,photon_geometry__impact_parameter__reference,photon_geometry,10.411472194232177,10.411472194232177,10.411472194232177,0.0,0.0,0.0,0.0,0.0,monotonic,converged
0.00225,-0.475,k0p002250000_wqm0p475000000,photon_geometry__impact_parameter__reference,photon_geometry,10.399034290852818,10.399034290852818,10.399034290852818,0.0,0.0,0.0,0.0,0.0,monotonic,converged
0.00225,-0.45,k0p002250000_wqm0p450000000,photon_geometry__impact_parameter__reference,photon_geometry,10.396346233830656,10.396346233830656,10.396346233830656,0.0,0.0,0.0,0.0,0.0,monotonic,converged
0.0025,-0.7125,k0p002500000_wqm0p712500000,photon_geometry__impact_parameter__reference,photon_geometry,10.502371784956283,10.502371784956283,10.502371784956283,0.0,0.0,0.0,0.0,0.0,monotonic,converged
0.0025,-0.69,k0p002500000_wqm0p690000000,photon_geometry__impact_parameter__reference,photon_geometry,10.48172055003456,10.48172055003456,10.48172055003456,0.0,0.0,0.0,0.0,0.0,monotonic,converged
0.0025,-0.6666666666666666,k0p002500000_wqm0p666666667,photon_geometry__impact_parameter__reference,photon_geometry,10.4642128233713,10.4642128233713,10.4642128233713,0.0,0.0,0.0,0.0,0.0,monotonic,converged
0.0025,-0.58,k0p002500000_wqm0p580000000,photon_geometry__impact_parameter__reference,photon_geometry,10.422962942050042,10.422962942050042,10.422962942050042,0.0,0.0,0.0,0.0,0.0,monotonic,converged
0.0025,-0.45,k0p002500000_wqm0p450000000,photon_geometry__impact_parameter__reference,photon_geometry,10.397654220707713,10.397654220707713,10.397654220707713,0.0,0.0,0.0,0.0,0.0,monotonic,converged
0.0,-0.7125,k0p000000000_wqm0p712500000,photon_geometry__impact_parameter__cos1,photon_geometry,-0.4550367248468087,-0.4551920105390357,-0.4552308005782005,0.00015528569222700295,3.879003916479329e-05,0.00032331222427357695,8.076271330712883e-05,0.24979789579125183,monotonic,converged
0.0,-0.69,k0p000000000_wqm0p690000000,photon_geometry__impact_parameter__cos1,photon_geometry,-0.4550367248468087,-0.4551920105390357,-0.4552308005782005,0.00015528569222700295,3.879003916479329e-05,0.00032331222427357695,8.076271330712883e-05,0.24979789579125183,monotonic,converged
0.0,-0.6666666666666666,k0p000000000_wqm0p666666667,photon_geometry__impact_parameter__cos1,photon_geometry,-0.4550367248468087,-0.4551920105390357,-0.4552308005782005,0.00015528569222700295,3.879003916479329e-05,0.00032331222427357695,8.076271330712883e-05,0.24979789579125183,monotonic,converged
0.0,-0.58,k0p000000000_wqm0p580000000,photon_geometry__impact_parameter__cos1,photon_geometry,-0.4550367248468087,-0.4551920105389209,-0.4552308005782005,0.00015528569211220589,3.879003927959035e-05,0.000323312224034564,8.076271354614178e-05,0.24979789671518193,monotonic,converged
0.0,-0.45,k0p000000000_wqm0p450000000,photon_geometry__impact_parameter__cos1,photon_geometry,-0.4550367248468087,-0.4551920105390357,-0.4552308005782005,0.00015528569222700295,3.879003916479329e-05,0.00032331222427357695,8.076271330712883e-05,0.24979789579125183,monotonic,converged
0.00025,-0.58,k0p000250000_wqm0p580000000,photon_geometry__impact_parameter__cos1,photon_geometry,-0.4727785804613568,-0.4729318881740594,-0.4729701837338617,0.00015330771270261057,3.829555980228161e-05,0.00031919397647864144,7.973318366883268e-05,0.24979538946333457,monotonic,converged
0.0005,-0.7125,k0p000500000_wqm0p712500000,photon_geometry__impact_parameter__cos1,photon_geometry,-0.5991524054277031,-0.5992884496069142,-0.5993224295994201,0.00013604417921109224,3.397999250587258e-05,0.000283250475619561,7.074796654036319e-05,0.24977174843436487,monotonic,converged
0.0005,-0.61,k0p000500000_wqm0p610000000,photon_geometry__impact_parameter__cos1,photon_geometry,-0.5039047570574533,-0.5040542974571555,-0.5040916512185727,0.00014954039970216382,3.7353761417224796e-05,0.0003113502509670299,7.777231447139975e-05,0.24979043450212401,monotonic,converged
0.0005,-0.55,k0p000500000_wqm0p550000000,photon_geometry__impact_parameter__cos1,photon_geometry,-0.4810129604405764,-0.4811655200848279,-0.4812036286380416,0.00015255964425148205,3.810855321373374e-05,0.00031763646225196245,7.934382702412109e-05,0.24979445515037332,monotonic,converged
0.0005,-0.5,k0p000500000_wqm0p500000000,photon_geometry__impact_parameter__cos1,photon_geometry,-0.4704547428532948,-0.4706086117797504,-0.4706470476368647,0.00015386892645558037,3.843585711432729e-05,0.00032036245030365,8.00252893700507e-05,0.24979609593508886,monotonic,converged
0.0005,-0.475,k0p000500000_wqm0p475000000,photon_geometry__impact_parameter__cos1,photon_geometry,-0.4669633296750725,-0.467117607115811,-0.4671561450980408,0.00015427744073853722,3.853798222980265e-05,0.0003212129965424962,8.023791873573796e-05,0.24979661346026064,monotonic,converged
0.00075,-0.475,k0p000750000_wqm0p475000000,photon_geometry__impact_parameter__cos1,photon_geometry,-0.4729402168801714,-0.4730939889721446,-0.4731324006239885,0.0001537720919732033,3.841165184387263e-05,0.0003201608362886386,7.997489284144844e-05,0.24979598931753064,monotonic,converged
0.001,-0.58,k0p001000000_wqm0p580000000,photon_geometry__impact_parameter__cos1,photon_geometry,-0.5268105611186721,-0.5269578071829437,-0.526994587378408,0.00014724606427163334,3.6780195464269916e-05,0.00030657333507325834,7.657812277635066e-05,0.24978729072458847,monotonic,converged
0.00125,-0.7125,k0p001250000_wqm0p712500000,photon_geometry__impact_parameter__cos1,photon_geometry,-0.8346378530660264,-0.834738505893064,-0.8347636400502242,0.00010065282703752843,2.51341571602115e-05,0.00020956399087531709,5.2330515066580955e-05,0.24971138814452004,monotonic,converged
0.00125,-0.58,k0p001250000_wqm0p580000000,photon_geometry__impact_parameter__cos1,photon_geometry,-0.5450968630037489,-0.5452420426875312,-0.545278306315753,0.00014517968378224833,3.626362822184426e-05,0.00030227103224910666,7.550260511763834e-05,0.24978445521506468,monotonic,converged
0.00125,-0.45,k0p001250000_wqm0p450000000,photon_geometry__impact_parameter__cos1,photon_geometry,-0.4782376403833591,-0.4783911456977454,-0.4784294906411567,0.000153505314386293,3.8344943411317e-05,0.0003196053926172138,7.983600270032819e-05,0.24979554333098025,monotonic,converged
0.0015,-0.7125,k0p001500000_wqm0p712500000,photon_geometry__impact_parameter__cos1,photon_geometry,-0.9153470589880214,-0.9154323086991432,-0.915453593572462,8.524971112178203e-05,2.1284873318871966e-05,0.00017749396822195045,4.4316122351091546e-05,0.24967677941413574,monotonic,converged
0.0015,-0.61,k0p001500000_wqm0p610000000,photon_geometry__impact_parameter__cos1,photon_geometry,-0.6049861614137894,-0.6051236080113069,-0.605157938538024,0.00013744659751757649,3.4330526717085696e-05,0.00028617037748256445,7.147779550197559e-05,0.24977356542198548,monotonic,converged
0.0015,-0.5,k0p001500000_wqm0p500000000,photon_geometry__impact_parameter__cos1,photon_geometry,-0.5015057690705046,-0.5016567799737237,-0.5016945013226997,0.0001510109032191176,3.772134897594981e-05,0.00031441190948849516,7.853764931662777e-05,0.2497922214346069,monotonic,converged
0.00175,-0.7125,k0p001750000_wqm0p712500000,photon_geometry__impact_parameter__cos1,photon_geometry,-0.991011269887813,-0.9910775533105328,-0.9910940989293402,6.628342271985943e-05,1.6545618807373152e-05,0.000138005250352981,3.4448768214746854e-05,0.2496192581560194,monotonic,converged
0.00175,-0.45,k0p001750000_wqm0p450000000,photon_geometry__impact_parameter__cos1,photon_geometry,-0.4875499887406744,-0.4877027800204502,-0.4877409464517133,0.0001527912797757991,3.816643126308694e-05,0.00031811873847144984,7.946433188586742e-05,0.24979456497184335,monotonic,converged
0.002,-0.7125,k0p002000000_wqm0p712500000,photon_geometry__impact_parameter__cos1,photon_geometry,-1.0475297634033531,-1.047571376057487,-1.0475817577458115,4.1612654133826865e-05,1.0381688324567762e-05,8.663953241916965e-05,2.161517069469813e-05,0.24948392599953154,monotonic,converged
0.002,-0.69,k0p002000000_wqm0p690000000,photon_geometry__impact_parameter__cos1,photon_geometry,-0.9436603616822018,-0.9437413945195058,-0.9437616256515428,8.10328373039848e-05,2.023113203697413e-05,0.0001687142356273982,4.212218269848499e-05,0.2496658479460556,monotonic,converged
0.002,-0.45,k0p002000000_wqm0p450000000,photon_geometry__impact_parameter__cos1,photon_geometry,-0.4922130747587034,-0.4923655086012388,-0.4924035856686791,0.00015243384253538217,3.8077067440300816e-05,0.00031737453707349705,7.927827214076009e-05,0.24979405364961893,monotonic,converged
0.00225,-0.7125,k0p002250000_wqm0p712500000,photon_geometry__impact_parameter__cos1,photon_geometry,-1.0399279747706014,-1.0399367581702654,-1.0399389392510143,8.783399664036295e-06,2.181080748897557e-06,1.8287457404073367e-05,4.541114240038946e-06,0.24831851359650758,monotonic,converged
0.00225,-0.69,k0p002250000_wqm0p690000000,photon_geometry__impact_parameter__cos1,photon_geometry,-1.0030560702933484,-1.0031218452549653,-1.0031382638382045,6.577496161686014e-05,1.6418583239197204e-05,0.00013694661006352675,3.4184274097357194e-05,0.24961752672446438,monotonic,converged
0.00225,-0.6666666666666666,k0p002250000_wqm0p666666667,photon_geometry__impact_parameter__cos1,photon_geometry,-0.8848926216985025,-0.8849873796964701,-0.8850110406721279,9.475799796765383e-05,2.366097565775771e-05,0.00019729067534340306,4.9263280851462454e-05,0.24969898230473925,monotonic,converged
0.00225,-0.55,k0p002250000_wqm0p550000000,photon_geometry__impact_parameter__cos1,photon_geometry,-0.5740067668677974,-0.5741494723679886,-0.5741851174749002,0.0001427055001912425,3.564510691156375e-05,0.00029711966389960086,7.421481422255017e-05,0.2497808904617904,monotonic,converged
0.00225,-0.475,k0p002250000_wqm0p475000000,photon_geometry__impact_parameter__cos1,photon_geometry,-0.508994322552967,-0.50914504499684,-0.5091826942270853,0.00015072244387304146,3.764923024529576e-05,0.0003138113233594393,7.83874946765888e-05,0.24979179794224252,monotonic,converged
0.00225,-0.45,k0p002250000_wqm0p450000000,photon_geometry__impact_parameter__cos1,photon_geometry,-0.4968807882095451,-0.4970328643319999,-0.4970708519707149,0.00015207612245476954,3.798763871498689e-05,0.0003166297467887545,7.909207726549155e-05,0.24979357772805638,monotonic,converged
0.0025,-0.7125,k0p002500000_wqm0p712500000,photon_geometry__impact_parameter__cos1,photon_geometry,-0.7665990820182974,-0.766593239887888,-0.7665917780105683,5.84213040943915e-06,1.4618773196417578e-06,1.2163594405149078e-05,3.0436983668626924e-06,0.25023017584129886,monotonic,converged
0.0025,-0.69,k0p002500000_wqm0p690000000,photon_geometry__impact_parameter__cos1,photon_geometry,-1.0509330599437117,-1.05098009178744,-1.0509918273968366,4.7031843728229106e-05,1.1735609396712476e-05,9.79225438569854e-05,2.4434099000636766e-05,0.2495247574074715,monotonic,converged
0.0025,-0.6666666666666666,k0p002500000_wqm0p666666667,photon_geometry__impact_parameter__cos1,photon_geometry,-0.9353331088635322,-0.9354182678913991,-0.9354395301086108,8.515902786698781e-05,2.126221721165944e-05,0.000177305161356415,4.4268951254313645e-05,0.24967660792076526,monotonic,converged
0.0025,-0.58,k0p002500000_wqm0p580000000,photon_geometry__impact_parameter__cos1,photon_geometry,-0.6386749185014899,-0.6388093601335507,-0.6388429394989154,0.00013444163206077775,3.357936536463324e-05,0.0002799138959499154,6.991384170709067e-05,0.24976909942191744,monotonic,converged
0.0025,-0.45,k0p002500000_wqm0p450000000,photon_geometry__impact_parameter__cos1,photon_geometry,-0.5015531437018279,-0.5017048618273527,-0.5017427599678584,0.00015171812552483566,3.789814050569884e-05,0.0003158843800905088,7.890573772127184e-05,0.24979309739425343,monotonic,converged
0.0,-0.7125,k0p000000000_wqm0p712500000,photon_geometry__impact_parameter__sin1,photon_geometry,1.102444027149035,1.1028559697988305,1.1029589403383988,0.00041194264979549367,0.00010297053956831448,0.00463075963636211,0.0011575199086671368,0.24996328886905386,monotonic,converged
0.0,-0.69,k0p000000000_wqm0p690000000,photon_geometry__impact_parameter__sin1,photon_geometry,1.102444027149035,1.1028559697988305,1.1029589403383988,0.00041194264979549367,0.00010297053956831448,0.00463075963636211,0.0011575199086671368,0.24996328886905386,monotonic,converged
0.0,-0.6666666666666666,k0p000000000_wqm0p666666667,photon_geometry__impact_parameter__sin1,photon_geometry,1.102444027149035,1.1028559697988305,1.1029589403383988,0.00041194264979549367,0.00010297053956831448,0.00463075963636211,0.0011575199086671368,0.24996328886905386,monotonic,converged
0.0,-0.58,k0p000000000_wqm0p580000000,photon_geometry__impact_parameter__sin1,photon_geometry,1.102444027149035,1.102855969798817,1.1029589403383988,0.00041194264978194894,0.0001029705395818592,0.0046307596362098495,0.0011575199088193968,0.2499632889101528,monotonic,converged
0.0,-0.45,k0p000000000_wqm0p450000000,photon_geometry__impact_parameter__sin1,photon_geometry,1.102444027149035,1.1028559697988305,1.1029589403383988,0.00041194264979549367,0.00010297053956831448,0.00463075963636211,0.0011575199086671368,0.24996328886905386,monotonic,converged
0.00025,-0.58,k0p000250000_wqm0p580000000,photon_geometry__impact_parameter__sin1,photon_geometry,1.1092187391470234,1.1096337163476415,1.1097374456796831,0.00041497720061811627,0.00010372933204161328,0.00466487184948417,0.0011660497017329237,0.24996393027642605,monotonic,converged
0.0005,-0.7125,k0p000500000_wqm0p712500000,photon_geometry__impact_parameter__sin1,photon_geometry,1.1582722473507985,1.15870729667156,1.1588160453139946,0.0004350493207614381,0.00010874864243470839,0.004890508024379024,0.0012224731383017194,0.24996853746231076,monotonic,converged
0.0005,-0.61,k0p000500000_wqm0p610000000,photon_geometry__impact_parameter__sin1,photon_geometry,1.1216569648197596,1.122077259546759,1.122182318549999,0.00042029472699933734,0.00010505900324009332,0.004724647613279624,0.001180996898190031,0.24996507567476325,monotonic,converged
0.0005,-0.55,k0p000500000_wqm0p550000000,photon_geometry__impact_parameter__sin1,photon_geometry,1.11138098904318,1.111797167340429,1.1119011970096253,0.00041617829724893696,0.00010402966919631496,0.0046783737041722825,0.0011694258735713647,0.24996418574438453,monotonic,converged
0.0005,-0.5,k0p000500000_wqm0p500000000,photon_geometry__impact_parameter__sin1,photon_geometry,1.1067638926297954,1.1071781627031694,1.1072817152169852,0.00041427007337402344,0.00010355251381577446,0.004656922839345641,0.001164062039849421,0.24996378080702478,monotonic,converged
0.0005,-0.475,k0p000500000_wqm0p475000000,photon_geometry__impact_parameter__sin1,photon_geometry,1.1053182246510895,1.1057318759112196,1.105835273689952,0.0004136512601300435,0.00010339777873236145,0.004649966590959873,0.0011623226205905658,0.24996364981423072,monotonic,converged
0.00075,-0.475,k0p000750000_wqm0p475000000,photon_geometry__impact_parameter__sin1,photon_geometry,1.1067222211752883,1.1071367165079955,1.107240325347992,0.00041449533270720984,0.00010360883999660508,0.004659455040923582,0.0011646952178046301,0.24996382786725377,monotonic,converged
0.001,-0.58,k0p001000000_wqm0p580000000,photon_geometry__impact_parameter__sin1,photon_geometry,1.1277744440710271,1.1281979867256904,1.12830385790069,0.000423542654663267,0.00010587117499971654,0.0047611584536488265,0.0011901267423664558,0.2499657917191086,monotonic,converged
0.00125,-0.7125,k0p001250000_wqm0p712500000,photon_geometry__impact_parameter__sin1,photon_geometry,1.1534858215160622,1.1539317176747077,1.1540431804494269,0.00044589615864554233,0.00011146277471918431,0.005012440286262587,0.0012529834392791441,0.2499747363999827,monotonic,converged
0.00125,-0.58,k0p001250000_wqm0p580000000,photon_geometry__impact_parameter__sin1,photon_geometry,1.1333008219753855,1.1337270234463646,1.133833559490015,0.0004262014709790485,0.00010653604365051805,0.004791046932741084,0.0011976007121366232,0.2499663912604263,monotonic,converged
0.00125,-0.45,k0p001250000_wqm0p450000000,photon_geometry__impact_parameter__sin1,photon_geometry,1.1069289850940385,1.107344019185967,1.1074477627452994,0.00041503409192844565,0.00010374355933251422,0.004665511380214148,0.0011662096345887996,0.24996394597482904,monotonic,converged
0.0015,-0.7125,k0p001500000_wqm0p712500000,photon_geometry__impact_parameter__sin1,photon_geometry,1.1032199580148332,1.1036572919737566,1.103766615088861,0.00043733395892342486,0.00010932311510436499,0.00491619026483039,0.0012289309422027226,0.24997627756482307,monotonic,converged
0.0015,-0.61,k0p001500000_wqm0p610000000,photon_geometry__impact_parameter__sin1,photon_geometry,1.1518165344775837,1.1522510894349978,1.152359714438452,0.00043455495741406835,0.00010862500345432125,0.0048849507512104574,0.0012210832788148661,0.24996839088137993,monotonic,converged
0.0015,-0.5,k0p001500000_wqm0p500000000,photon_geometry__impact_parameter__sin1,photon_geometry,1.1149027949040786,1.1153215659453433,1.1154262439436076,0.0004187710412646428,0.00010467799826430202,0.004707519446525765,0.0011767139173818448,0.24996474911012445,monotonic,converged
0.00175,-0.7125,k0p001750000_wqm0p712500000,photon_geometry__impact_parameter__sin1,photon_geometry,1.0045048141510249,1.0049215689220907,1.005025748231884,0.00041675477106584147,0.00010417930979333967,0.004684854003515083,0.0011711080243197935,0.24997748562518746,monotonic,converged
0.00175,-0.45,k0p001750000_wqm0p450000000,photon_geometry__impact_parameter__sin1,photon_geometry,1.1086377912126706,1.1090540356910812,1.1091580819110587,0.00041624447841059897,0.00010404621997750496,0.004679117664653831,0.001169611925415045,0.24996420462992885,monotonic,converged
0.002,-0.7125,k0p002000000_wqm0p712500000,photon_geometry__impact_parameter__sin1,photon_geometry,0.8226528162366729,0.823027364860891,0.823120993881204,0.0003745486242181517,9.36290203129575e-05,0.004210403199924627,0.0010525093438919627,0.24997827854368065,monotonic,converged
0.002,-0.69,k0p002000000_wqm0p690000000,photon_geometry__impact_parameter__sin1,photon_geometry,1.0807481924258786,1.0811817984473004,1.0812901898461351,0.00043360602142183957,0.00010839139883467297,0.004874283503008588,0.0012184572655965893,0.2499766919270314,monotonic,converged
0.002,-0.45,k0p002000000_wqm0p450000000,photon_geometry__impact_parameter__sin1,photon_geometry,1.1094735203979824,1.109890364358886,1.1099945604830723,0.000416843960903579,0.00010419612418632873,0.004685856610797368,0.0011712970394955767,0.2499643366800042,monotonic,converged
0.00225,-0.7125,k0p002250000_wqm0p712500000,photon_geometry__impact_parameter__sin1,photon_geometry,0.4793149085417356,0.4795994940200037,0.4796706343332033,0.00028458547826809566,7.114031319960246e-05,0.0031991029491919335,0.0007997076560206206,0.24997871863505364,monotonic,converged
0.00225,-0.69,k0p002250000_wqm0p690000000,photon_geometry__impact_parameter__sin1,photon_geometry,0.9962288060871828,0.9966445666323565,0.9967484974599948,0.0004157605451736712,0.00010393082763837658,0.004673677639200357,0.0011683147686709049,0.24997761053772588,monotonic,converged
0.00225,-0.6666666666666666,k0p002250000_wqm0p666666667,photon_geometry__impact_parameter__sin1,photon_geometry,1.131280195632726,1.1317238800777842,1.1318347903504065,0.00044368444505815674,0.0001109102726222222,0.004987577810836109,0.001246772612575748,0.24997557128171224,monotonic,converged
0.00225,-0.55,k0p002250000_wqm0p550000000,photon_geometry__impact_parameter__sin1,photon_geometry,1.1378125509954118,1.1382420958044346,1.138349467903822,0.0004295448090227971,0.00010737209938738168,0.004828630307202047,0.0012069990426128172,0.24996716787626957,monotonic,converged
0.00225,-0.475,k0p002250000_wqm0p475000000,photon_geometry__impact_parameter__sin1,photon_geometry,1.114663341075432,1.115082752968341,1.1151875912161653,0.0004194118929088386,0.00010483824782436812,0.0047147234345767996,0.001178515326376197,0.2499648903545882,monotonic,converged
0.00225,-0.45,k0p002250000_wqm0p450000000,photon_geometry__impact_parameter__sin1,photon_geometry,1.11029665641655,1.1107140960243795,1.1108184410929942,0.0004174396078295839,0.00010434506861467518,0.004692552440286827,0.001172971364422093,0.24996446589532337,monotonic,converged
0.0025,-0.7125,k0p002500000_wqm0p712500000,photon_geometry__impact_parameter__sin1,photon_geometry,-0.2610170731356823,-0.2609847982022634,-0.2609767298842383,3.2274933418896534e-05,8.068318025078458e-06,0.00036281132584037567,9.069816262631345e-05,0.24998713151038038,monotonic,converged
0.0025,-0.69,k0p002500000_wqm0p690000000,photon_geometry__impact_parameter__sin1,photon_geometry,0.8606532614697737,0.8610379217210917,0.8611340784283629,0.0003846602513180031,9.615670727114445e-05,0.004324070756938164,0.0010809237621250396,0.2499782780822097,monotonic,converged
0.0025,-0.6666666666666666,k0p002500000_wqm0p666666667,photon_geometry__impact_parameter__sin1,photon_geometry,1.0949919008991198,1.095429110100669,1.0955384021166172,0.0004372092015492157,0.0001092920159482258,0.00491478783317367,0.0012285813481098416,0.2499764770754099,monotonic,converged
0.0025,-0.58,k0p002500000_wqm0p580000000,photon_geometry__impact_parameter__sin1,photon_geometry,1.154855638946693,1.1552933914143448,1.155402816059645,0.0004377524676517641,0.00010942464530017126,0.004920894835545806,0.0012300722708144724,0.24996922550124723,monotonic,converged
0.0025,-0.45,k0p002500000_wqm0p450000000,photon_geometry__impact_parameter__sin1,photon_geometry,1.1111070898756965,1.1115251212704829,1.111629614317812,0.00041803139478635565,0.00010449304732906839,0.0046992048788097734,0.0011746348334947733,0.2499645926891972,monotonic,converged
0.0,-0.7125,k0p000000000_wqm0p712500000,photon_geometry__impact_parameter__cos2,photon_geometry,-0.6301783498884378,-0.6303338156612851,-0.6303726169244593,0.00015546577284730745,3.880126317423738e-05,0.0009754774438465084,0.00024346038569142368,0.24958074348844936,monotonic,converged
0.0,-0.69,k0p000000000_wqm0p690000000,photon_geometry__impact_parameter__cos2,photon_geometry,-0.6301783498884378,-0.6303338156612851,-0.6303726169244593,0.00015546577284730745,3.880126317423738e-05,0.0009754774438465084,0.00024346038569142368,0.24958074348844936,monotonic,converged
0.0,-0.6666666666666666,k0p000000000_wqm0p666666667,photon_geometry__impact_parameter__cos2,photon_geometry,-0.6301783498884378,-0.6303338156612851,-0.6303726169244593,0.00015546577284730745,3.880126317423738e-05,0.0009754774438465084,0.00024346038569142368,0.24958074348844936,monotonic,converged
0.0,-0.58,k0p000000000_wqm0p580000000,photon_geometry__impact_parameter__cos2,photon_geometry,-0.6301783498884378,-0.630333815661403,-0.6303726169244593,0.00015546577296521313,3.880126305633169e-05,0.0009754774445863132,0.0002434603849516188,0.24958074254076376,monotonic,converged
0.0,-0.45,k0p000000000_wqm0p450000000,photon_geometry__impact_parameter__cos2,photon_geometry,-0.6301783498884378,-0.6303338156612851,-0.6303726169244593,0.00015546577284730745,3.880126317423738e-05,0.0009754774438465084,0.00024346038569142368,0.24958074348844936,monotonic,converged
0.00025,-0.58,k0p000250000_wqm0p580000000,photon_geometry__impact_parameter__cos2,photon_geometry,-0.6349483685648634,-0.6351018540778977,-0.6351401607180395,0.00015348551303429048,3.8306640141816395e-05,0.0009630522087277082,0.00024035684976517503,0.24957821350382586,monotonic,converged
0.0005,-0.7125,k0p000500000_wqm0p712500000,photon_geometry__impact_parameter__cos2,photon_geometry,-0.675044959937554,-0.6751811619550435,-0.6752151517813747,0.00013620201748953953,3.3989826331182194e-05,0.0008546060874629005,0.0002132707945876499,0.24955449968861623,monotonic,converged
0.0005,-0.61,k0p000500000_wqm0p610000000,photon_geometry__impact_parameter__cos2,photon_geometry,-0.6439130328556485,-0.6440627466963432,-0.6441001112667959,0.00014971384069473181,3.736457045266928e-05,0.000939386669841327,0.00023444578834333344,0.24957325441176845,monotonic,converged
0.0005,-0.55,k0p000500000_wqm0p550000000,photon_geometry__impact_parameter__cos2,photon_geometry,-0.6367832822762314,-0.6369360188583469,-0.6369741384372944,0.00015273658211556462,3.8119578947504174e-05,0.0009583530057788132,0.00023918312533484799,0.24957726838919225,monotonic,converged
0.0005,-0.5,k0p000500000_wqm0p500000000,photon_geometry__impact_parameter__cos2,photon_geometry,-0.6336430246474667,-0.6337970720254814,-0.6338355190032634,0.00015404737801472113,3.84469777819918e-05,0.0009665776574799276,0.00024123740501541785,0.24957891706743437,monotonic,converged
0.0005,-0.475,k0p000500000_wqm0p475000000,photon_geometry__impact_parameter__cos2,photon_geometry,-0.6326499547551917,-0.6328044111178815,-0.6328429602502152,0.00015445636268984764,3.854913233369839e-05,0.0009691438514283322,0.0002418783786467901,0.24957943889372847,monotonic,converged
0.00075,-0.475,k0p000750000_wqm0p475000000,photon_geometry__impact_parameter__cos2,photon_geometry,-0.6338862143574516,-0.63404016478285,-0.6340785875492353,0.00015395042539834147,3.842276638532649e-05,0.0009659693236411145,0.0002410854894464892,0.24957882568956138,monotonic,converged
0.001,-0.58,k0p001000000_wqm0p580000000,photon_geometry__impact_parameter__cos2,photon_geometry,-0.6494516948781957,-0.6495991117339215,-0.6496359025723912,0.00014741685572583485,3.6790838469746845e-05,0.0009249741275500141,0.000230845879515145,0.24957009351881895,monotonic,converged
0.00125,-0.7125,k0p001250000_wqm0p712500000,photon_geometry__impact_parameter__cos2,photon_geometry,-0.7517444367136662,-0.7518452064208282,-0.7518703478544875,0.00010076970716199618,2.5141433659281454e-05,0.0006322843578958716,0.0001577511306278319,0.2494939636855785,monotonic,converged
0.00125,-0.58,k0p001250000_wqm0p580000000,photon_geometry__impact_parameter__cos2,photon_geometry,-0.6543549513089968,-0.6545002993954582,-0.6545365735182282,0.0001453480864613832,3.627412277007469e-05,0.0009119935356355638,0.00022760372208923617,0.24956725370933713,monotonic,converged
0.00125,-0.45,k0p001250000_wqm0p450000000,photon_geometry__impact_parameter__cos2,photon_geometry,-0.6345320870880605,-0.6346857704323527,-0.6347241264708003,0.0001536833442922214,3.835603844759561e-05,0.0009642935104384646,0.00024066680180265138,0.2495783692386565,monotonic,converged
0.0015,-0.7125,k0p001500000_wqm0p712500000,photon_geometry__impact_parameter__cos2,photon_geometry,-0.781624531136982,-0.7817098798912822,-0.7817311709267445,8.534875430010747e-05,2.129103546233413e-05,0.00053552484997404,0.00013359162257561028,0.24945924093361163,monotonic,converged
0.0015,-0.61,k0p001500000_wqm0p610000000,photon_geometry__impact_parameter__cos2,photon_geometry,-0.6723243826661752,-0.6724619887210561,-0.6724963291818445,0.00013760605488088995,3.4340460788429006e-05,0.000863415787376235,0.0002154708672970016,0.2495563208912113,monotonic,converged
0.0015,-0.5,k0p001500000_wqm0p500000000,photon_geometry__impact_parameter__cos2,photon_geometry,-0.6405956117084097,-0.6407467977539714,-0.6407845300182385,0.0001511860455616354,3.773226426717624e-05,0.0009486240898475684,0.00023675290080753936,0.24957504594426067,monotonic,converged
0.00175,-0.7125,k0p001750000_wqm0p712500000,photon_geometry__impact_parameter__cos2,photon_geometry,-0.8151912539076897,-0.8152576144210754,-0.8152741648324985,6.636051338571036e-05,1.6550411423121858e-05,0.00041638222217190666,0.0001038463498038988,0.24940149764853559,monotonic,converged
0.00175,-0.45,k0p001750000_wqm0p450000000,photon_geometry__impact_parameter__cos2,photon_geometry,-0.636271600958451,-0.6364245694342846,-0.6364627469081421,0.00015296847583357032,3.817747385748138e-05,0.0009598080340280628,0.00023954638972264192,0.24957739592710898,monotonic,converged
0.002,-0.7125,k0p002000000_wqm0p712500000,photon_geometry__impact_parameter__cos2,photon_geometry,-0.8538043148730342,-0.8538459759959499,-0.8538563606960153,4.1661122915703785e-05,1.0384700065424468e-05,0.0002614047127241343,6.515929834203614e-05,0.2492659664127788,monotonic,converged
0.002,-0.69,k0p002000000_wqm0p690000000,photon_geometry__impact_parameter__cos2,photon_geometry,-0.7895523813722145,-0.7896335083672286,-0.7896537453578317,8.112699501405807e-05,2.0236990603161864e-05,0.000509035218967378,0.0001269779675820139,0.24944829522719414,monotonic,converged
0.002,-0.45,k0p002000000_wqm0p450000000,photon_geometry__impact_parameter__cos2,photon_geometry,-0.6371409462327319,-0.637293556861577,-0.6373316449467192,0.00015261062884508458,3.80880851422738e-05,0.0009575627059457262,0.00023898551594430192,0.24957688354024873,monotonic,converged
0.00225,-0.7125,k0p002250000_wqm0p712500000,photon_geometry__impact_parameter__cos2,photon_geometry,-0.8963224732945099,-0.8963312670681857,-0.8963334488113385,8.793773675797034e-06,2.1817431528070586e-06,5.517695445065143e-05,1.3689451992240946e-05,0.2481008987997765,monotonic,converged
0.00225,-0.69,k0p002250000_wqm0p690000000,photon_geometry__impact_parameter__cos2,photon_geometry,-0.8161971824075634,-0.8162630338520847,-0.816279457191682,6.585144452120328e-05,1.6423339597393394e-05,0.00041318804517978547,0.00010304903154228854,0.24939983802641258,monotonic,converged
0.00225,-0.6666666666666666,k0p002250000_wqm0p666666667,photon_geometry__impact_parameter__cos2,photon_geometry,-0.7638014071228418,-0.7638962751822324,-0.7639199430075247,9.486805939051823e-05,2.3667825292394973e-05,0.0005952541860634003,0.00014850490429367226,0.24948149508327033,monotonic,converged
0.00225,-0.55,k0p002250000_wqm0p550000000,photon_geometry__impact_parameter__cos2,photon_geometry,-0.6603356171718351,-0.6604784882181192,-0.6605141436399845,0.00014287104628407654,3.565542186534376e-05,0.0008964512283082952,0.00022372165360561431,0.24956366452618103,monotonic,converged
0.00225,-0.475,k0p002250000_wqm0p475000000,photon_geometry__impact_parameter__cos2,photon_geometry,-0.6413109601979191,-0.6414618574523104,-0.6414995175768217,0.0001508972543913245,3.7660124511229576e-05,0.0009468120558065002,0.00023630025645089578,0.2495746172661625,monotonic,converged
0.00225,-0.45,k0p002250000_wqm0p450000000,photon_geometry__impact_parameter__cos2,photon_geometry,-0.6380100216193058,-0.6381622741224956,-0.638200272753277,0.00015225250318984251,3.7998630781355125e-05,0.0009553156293554692,0.00023842423026880104,0.2495763943793746,monotonic,converged
0.0025,-0.7125,k0p002500000_wqm0p712500000,photon_geometry__impact_parameter__cos2,photon_geometry,-0.9020879879294612,-0.902082139006358,-0.902080676817728,5.8489231031799704e-06,1.4621886300636433e-06,3.6699348373924735e-05,9.174572648069614e-06,0.2499927942750134,monotonic,converged
0.0025,-0.69,k0p002500000_wqm0p690000000,photon_geometry__impact_parameter__cos2,photon_geometry,-0.8459421715480965,-0.8459892581546841,-0.8460009971698268,4.7086606587587454e-05,1.1739015142731013e-05,0.00029544717008919095,7.365701321250678e-05,0.24930688349551922,monotonic,converged
0.0025,-0.6666666666666666,k0p002500000_wqm0p666666667,photon_geometry__impact_parameter__cos2,photon_geometry,-0.7821305324905504,-0.7822157904623966,-0.7822370588350722,8.525797184621986e-05,2.1268372675575797e-05,0.0005349552311155446,0.00013344942383377423,0.24945905016292957,monotonic,converged
0.0025,-0.58,k0p002500000_wqm0p580000000,photon_geometry__impact_parameter__cos2,photon_geometry,-0.679461761720526,-0.6795963593436115,-0.6796299484270547,0.00013459762308554168,3.358908344319733e-05,0.000844539237869771,0.00021075631412772848,0.2495518321437983,monotonic,converged
0.0025,-0.45,k0p002500000_wqm0p450000000,photon_geometry__impact_parameter__cos2,photon_geometry,-0.6388788306736806,-0.6390307247623425,-0.6390686338677725,0.0001518940886618969,3.79091054300007e-05,0.000953066740219587,0.00023786249916040814,0.24957591018820413,monotonic,converged
0.0,-0.7125,k0p000000000_wqm0p712500000,photon_geometry__impact_parameter__sin2,photon_geometry,-0.0853454141831014,-0.0845212109184658,-0.0843152499856584,0.0008242032646356007,0.0002059609328074058,0.007575486151417485,0.0018930453944578274,0.24989094516443816,monotonic,converged
0.0,-0.69,k0p000000000_wqm0p690000000,photon_geometry__impact_parameter__sin2,photon_geometry,-0.0853454141831014,-0.0845212109184658,-0.0843152499856584,0.0008242032646356007,0.0002059609328074058,0.007575486151417485,0.0018930453944578274,0.24989094516443816,monotonic,converged
0.0,-0.6666666666666666,k0p000000000_wqm0p666666667,photon_geometry__impact_parameter__sin2,photon_geometry,-0.0853454141831014,-0.0845212109184658,-0.0843152499856584,0.0008242032646356007,0.0002059609328074058,0.007575486151417485,0.0018930453944578274,0.24989094516443816,monotonic,converged
0.0,-0.58,k0p000000000_wqm0p580000000,photon_geometry__impact_parameter__sin2,photon_geometry,-0.0853454141831014,-0.0845212109184438,-0.0843152499856584,0.000824203264657597,0.0002059609327854095,0.007575486151619659,0.0018930453942556532,0.24989094513108112,monotonic,converged
0.0,-0.45,k0p000000000_wqm0p450000000,photon_geometry__impact_parameter__sin2,photon_geometry,-0.0853454141831014,-0.0845212109184658,-0.0843152499856584,0.0008242032646356007,0.0002059609328074058,0.007575486151417485,0.0018930453944578274,0.24989094516443816,monotonic,converged
0.00025,-0.58,k0p000250000_wqm0p580000000,photon_geometry__impact_parameter__sin2,photon_geometry,-0.0843079080558719,-0.0834776333548245,-0.0832701546909558,0.0008302747010474065,0.00020747866386869318,0.007631290446826557,0.001906995291442817,0.249891588418815,monotonic,converged
0.0005,-0.7125,k0p000500000_wqm0p712500000,photon_geometry__impact_parameter__sin2,photon_geometry,-0.0838428068978779,-0.0829723725108965,-0.0827548542595064,0.0008704343869814085,0.00021751825139008918,0.008000409519380601,0.001999271990040832,0.24989620658763695,monotonic,converged
0.0005,-0.61,k0p000500000_wqm0p610000000,photon_geometry__impact_parameter__sin2,photon_geometry,-0.0829123120771755,-0.0820713982362789,-0.0818612599738041,0.000840913840896601,0.00021013826247480438,0.007729077801049427,0.0019314404171459193,0.2498927384174701,monotonic,converged
0.0005,-0.55,k0p000500000_wqm0p550000000,photon_geometry__impact_parameter__sin2,photon_geometry,-0.0839536056233347,-0.0831209278083194,-0.0829128484115479,0.0008326778150153091,0.00020807939677149057,0.007653378149417947,0.0019125167980675868,0.2498918465453111,monotonic,converged
0.0005,-0.5,k0p000500000_wqm0p500000000,photon_geometry__impact_parameter__sin2,photon_geometry,-0.0845352041377927,-0.0837063442398371,-0.0834992192464448,0.0008288598979556,0.00020712499339230195,0.007618286590024678,0.0019037446057066333,0.24989143992028087,monotonic,converged
0.0005,-0.475,k0p000500000_wqm0p475000000,photon_geometry__impact_parameter__sin2,photon_geometry,-0.0847314715635576,-0.0839038497648273,-0.083697034271042,0.0008276217987303047,0.0002068154937853034,0.00760690686861645,0.0019008999069687275,0.24989130796529188,monotonic,converged
0.00075,-0.475,k0p000750000_wqm0p475000000,photon_geometry__impact_parameter__sin2,photon_geometry,-0.0844456331045984,-0.0836163225201517,-0.0834090848634322,0.0008293105844466991,0.0002072376567195111,0.007622428977489573,0.0019047801263259588,0.24989148891398302,monotonic,converged
0.001,-0.58,k0p001000000_wqm0p580000000,photon_geometry__impact_parameter__sin2,photon_geometry,-0.0824323180419523,-0.081584905848626,-0.0813731430861349,0.0008474121933262913,0.00021176276249110226,0.007788806002756943,0.0019463716579022673,0.24989345699627455,monotonic,converged
0.00125,-0.7125,k0p001250000_wqm0p712500000,photon_geometry__impact_parameter__sin2,photon_geometry,-0.1342102383162203,-0.1333181019316419,-0.1330951548919594,0.0008921363845784125,0.0002229470396825084,0.008199878739302807,0.002049169524172029,0.2499024179894469,monotonic,converged
0.00125,-0.58,k0p001250000_wqm0p580000000,photon_geometry__impact_parameter__sin2,photon_geometry,-0.0822531149326161,-0.0814003830593328,-0.0811872904312446,0.0008527318732833022,0.00021309262808819063,0.007837700691207525,0.001958594830081091,0.24989405786805283,monotonic,converged
0.00125,-0.45,k0p001250000_wqm0p450000000,photon_geometry__impact_parameter__sin2,photon_geometry,-0.0842317583658011,-0.0834013698413864,-0.0831938627204693,0.0008303885244147075,0.00020750712091709145,0.007632336629703638,0.0019072568482520424,0.24989160473207545,monotonic,converged
0.0015,-0.7125,k0p001500000_wqm0p712500000,photon_geometry__impact_parameter__sin2,photon_geometry,-0.1764877941186791,-0.1756127887588855,-0.1753941214491649,0.0008750053597935958,0.00021866730972058823,0.008042422627946168,0.0020098333113111556,0.24990396604218454,monotonic,converged
0.0015,-0.61,k0p001500000_wqm0p610000000,photon_geometry__impact_parameter__sin2,photon_geometry,-0.083642935680421,-0.0827734904037795,-0.0825562194537744,0.0008694452766414978,0.00021727095000510788,0.007991318325492247,0.0019969989728161543,0.2498960611349622,monotonic,converged
0.0015,-0.5,k0p001500000_wqm0p500000000,photon_geometry__impact_parameter__sin2,photon_geometry,-0.0832448366150008,-0.0824069713230333,-0.0821975951443332,0.0008378652919674989,0.0002093761787001075,0.007701057722526028,0.0019244358888588485,0.24989241195138234,monotonic,converged
0.00175,-0.7125,k0p001750000_wqm0p712500000,photon_geometry__impact_parameter__sin2,photon_geometry,-0.2428744956071538,-0.2420406644888777,-0.2418322857847368,0.0008338311182760905,0.00020837870414089354,0.007663978487047399,0.0019152678170567337,0.2499051661344895,monotonic,converged
0.00175,-0.45,k0p001750000_wqm0p450000000,photon_geometry__impact_parameter__sin2,photon_geometry,-0.0838376276546339,-0.0830048174352431,-0.0827967049335824,0.0008328102193908005,0.0002081125016606955,0.007654595115615437,0.0019128210745009337,0.24989186829735294,monotonic,converged
0.002,-0.7125,k0p002000000_wqm0p712500000,photon_geometry__impact_parameter__sin2,photon_geometry,-0.351357423026481,-0.3506080367606791,-0.3504207606691059,0.000749386265801899,0.00018727609157320746,0.00688782187868992,0.0017213077150715597,0.24990595654006031,monotonic,converged
0.002,-0.69,k0p002000000_wqm0p690000000,photon_geometry__impact_parameter__sin2,photon_geometry,-0.1910518439067797,-0.190184297281958,-0.1899674935870186,0.000867546624821719,0.00021680369493939922,0.007973867277693426,0.001992704298879112,0.24990437255629047,monotonic,converged
0.002,-0.45,k0p002000000_wqm0p450000000,photon_geometry__impact_parameter__sin2,photon_geometry,-0.0836517298728015,-0.0828177202211088,-0.0826093078824963,0.0008340096516927104,0.0002084123386124903,0.007665619438355409,0.0019155769610321634,0.24989199847926885,monotonic,converged
0.00225,-0.7125,k0p002250000_wqm0p712500000,photon_geometry__impact_parameter__sin2,photon_geometry,-0.5488870378418109,-0.5483176472763136,-0.5481753529298072,0.0005693905654973186,0.0001422943465063664,0.005233430306272526,0.0013078677283091882,0.24990640015625007,monotonic,converged
0.00225,-0.69,k0p002250000_wqm0p690000000,photon_geometry__impact_parameter__sin2,photon_geometry,-0.2464407884220933,-0.2456089465245204,-0.2454010648321638,0.0008318418975729047,0.00020788169235658183,0.007645694994933644,0.0019106996406727088,0.2499052920550477,monotonic,converged
0.00225,-0.6666666666666666,k0p002250000_wqm0p666666667,photon_geometry__impact_parameter__sin2,photon_geometry,-0.1506700688409332,-0.149782357587587,-0.1495605156596911,0.0008877112533461906,0.0002218419278958994,0.008159206102095137,0.002039012128060615,0.24990325070193206,monotonic,converged
0.00225,-0.55,k0p002250000_wqm0p550000000,photon_geometry__impact_parameter__sin2,photon_geometry,-0.0823504037367591,-0.0814909826184436,-0.0812762177176067,0.0008594211183154954,0.00021476490083691124,0.007899183441008597,0.0019739651635811975,0.2498948376528846,monotonic,converged
0.00225,-0.475,k0p002250000_wqm0p475000000,photon_geometry__impact_parameter__sin2,photon_geometry,-0.0830348694950691,-0.0821957220052363,-0.0819860252966703,0.0008391474898327977,0.00020969670856599287,0.007712842767051716,0.0019273819698370693,0.24989255298585886,monotonic,converged
0.00225,-0.45,k0p002250000_wqm0p450000000,photon_geometry__impact_parameter__sin2,photon_geometry,-0.0834733342413864,-0.0826381328329699,-0.082429422577405,0.0008352014084164888,0.0002087102555649034,0.007676573212678098,0.0019183152003040933,0.24989212597307564,monotonic,converged
0.0025,-0.7125,k0p002500000_wqm0p712500000,photon_geometry__impact_parameter__sin2,photon_geometry,-1.0143324047194586,-1.0142678298883856,-1.0142516917825504,6.457483107302764e-05,1.6138105835228345e-05,0.0005935256016489145,0.0001483299114556812,0.24991324897122488,monotonic,converged
0.0025,-0.69,k0p002500000_wqm0p690000000,photon_geometry__impact_parameter__sin2,photon_geometry,-0.3275904283971975,-0.3268208110827132,-0.3266284791305525,0.0007696173144842722,0.00019233195216072918,0.007073771189615946,0.0017677775648133002,0.2499059578585659,monotonic,converged
0.0025,-0.6666666666666666,k0p002500000_wqm0p666666667,photon_geometry__impact_parameter__sin2,photon_geometry,-0.1788978363908655,-0.1780230806224046,-0.1778044755195911,0.0008747557684609109,0.00021860510281349055,0.008040128563162156,0.0020092615499708883,0.24990415690326379,monotonic,converged
0.0025,-0.58,k0p002500000_wqm0p580000000,photon_geometry__impact_parameter__sin2,photon_geometry,-0.0852393859976532,-0.0843635432384232,-0.0841446728505976,0.00087584275923,0.00021887038782560098,0.008050119403857981,0.002011699859817076,0.24989689703894064,monotonic,converged
0.0025,-0.45,k0p002500000_wqm0p450000000,photon_geometry__impact_parameter__sin2,photon_geometry,-0.0833024840978595,-0.082466098666092,-0.082257092424892,0.0008363854317674918,0.0002090062412000021,0.007687455907376527,0.0019210356882903912,0.24989225452949318,monotonic,converged
0.0,-0.7125,k0p000000000_wqm0p712500000,photon_geometry__impact_parameter__cos3,photon_geometry,0.0172858982295769,0.0171301316383707,0.0170913116576889,0.0001557665912062002,3.881998068179862e-05,0.019422923822620435,0.004840559979771574,0.2492189138966881,monotonic,converged
0.0,-0.69,k0p000000000_wqm0p690000000,photon_geometry__impact_parameter__cos3,photon_geometry,0.0172858982295769,0.0171301316383707,0.0170913116576889,0.0001557665912062002,3.881998068179862e-05,0.019422923822620435,0.004840559979771574,0.2492189138966881,monotonic,converged
0.0,-0.6666666666666666,k0p000000000_wqm0p666666667,photon_geometry__impact_parameter__cos3,photon_geometry,0.0172858982295769,0.0171301316383707,0.0170913116576889,0.0001557665912062002,3.881998068179862e-05,0.019422923822620435,0.004840559979771574,0.2492189138966881,monotonic,converged
0.0,-0.58,k0p000000000_wqm0p580000000,photon_geometry__impact_parameter__cos3,photon_geometry,0.0172858982295769,0.0171301316384862,0.0170913116576889,0.00015576659109069885,3.881998079729998e-05,0.019422923808218282,0.0048405599941737255,0.2492189148229874,monotonic,converged
0.0,-0.45,k0p000000000_wqm0p450000000,photon_geometry__impact_parameter__cos3,photon_geometry,0.0172858982295769,0.0171301316383707,0.0170913116576889,0.0001557665912062002,3.881998068179862e-05,0.019422923822620435,0.004840559979771574,0.2492189138966881,monotonic,converged
0.00025,-0.58,k0p000250000_wqm0p580000000,photon_geometry__impact_parameter__cos3,photon_geometry,0.0172146456269747,0.0170608631187285,0.017022537999236,0.0001537825082462002,3.8325119492498005e-05,0.01917552358171239,0.004778854506806363,0.24921637661899024,monotonic,converged
0.0005,-0.7125,k0p000500000_wqm0p712500000,photon_geometry__impact_parameter__cos3,photon_geometry,0.0162443144934403,0.0161078488094912,0.0160738425843697,0.00013646568394909755,3.400622512150092e-05,0.01701624567386446,0.004240320821782886,0.24919250127515888,monotonic,converged
0.0005,-0.61,k0p000500000_wqm0p610000000,photon_geometry__impact_parameter__cos3,photon_geometry,0.0170511888745425,0.0169011853033074,0.0168638027081218,0.00015000357123510014,3.738259518559772e-05,0.018704318523370223,0.0046613288058705415,0.2492113679547542,monotonic,converged
0.0005,-0.55,k0p000500000_wqm0p550000000,photon_geometry__impact_parameter__cos3,photon_geometry,0.017206093926023,0.0170530617922675,0.0170149238231723,0.0001530321337555006,3.813796909520051e-05,0.019081957519449376,0.004755518258115715,0.24921543050646822,monotonic,converged
0.0005,-0.5,k0p000500000_wqm0p500000000,photon_geometry__impact_parameter__cos3,photon_geometry,0.0172633122513102,0.0171089667931687,0.0170705012678908,0.0001543454581415006,3.846552527789898e-05,0.01924571920484121,0.004796362053533686,0.24921708575729265,monotonic,converged
0.0005,-0.475,k0p000500000_wqm0p475000000,photon_geometry__impact_parameter__cos3,photon_geometry,0.0172780108702981,0.0171232556396413,0.0170846879105954,0.00015475523065680216,3.856772904589981e-05,0.01929681475933511,0.00480910609566039,0.24921761211051247,monotonic,converged
0.00075,-0.475,k0p000750000_wqm0p475000000,photon_geometry__impact_parameter__cos3,photon_geometry,0.0172743000141188,0.01712005168882,0.0170816103872972,0.00015424832529880098,3.844130152279995e-05,0.019233607469007357,0.004793341533238911,0.24921697819625385,monotonic,converged
0.001,-0.58,k0p001000000_wqm0p580000000,photon_geometry__impact_parameter__cos3,photon_geometry,0.0170044394012273,0.0168567372440725,0.0168199286571705,0.00014770215715480262,3.680858690199851e-05,0.018417349475516105,0.004589754284790203,0.24920818768693018,monotonic,converged
0.00125,-0.7125,k0p001250000_wqm0p712500000,photon_geometry__impact_parameter__cos3,photon_geometry,0.0129260050641799,0.0128250400813376,0.012799886511834,0.00010096498284230086,2.5153569503598774e-05,0.012589574923047625,0.003136461166365569,0.24913161767071873,monotonic,converged
0.00125,-0.58,k0p001250000_wqm0p580000000,photon_geometry__impact_parameter__cos3,photon_geometry,0.0169334865212832,0.0167878571215566,0.0167515655001563,0.00014562939972660033,3.629162140030007e-05,0.018158892194535682,0.0045252925701140465,0.24920532164818862,monotonic,converged
0.00125,-0.45,k0p001250000_wqm0p450000000,photon_geometry__impact_parameter__cos3,photon_geometry,0.0172887672158356,0.0171347864884426,0.0170964119469336,0.000153980727392998,3.8374541509001575e-05,0.019200240020318546,0.004785017061011831,0.24921652312409187,monotonic,converged
0.0015,-0.7125,k0p001500000_wqm0p712500000,photon_geometry__impact_parameter__cos3,photon_geometry,0.0101126589957243,0.0100271447492736,0.010005843435754,8.55142464507002e-05,2.1301313519600518e-05,0.010662984159177179,0.002656113782866728,0.24909666404978417,monotonic,converged
0.0015,-0.61,k0p001500000_wqm0p610000000,photon_geometry__impact_parameter__cos3,photon_geometry,0.0165564577013063,0.0164185852639623,0.0163842282348621,0.00013787243734400198,3.4357029100200165e-05,0.01719165725483866,0.004284063442727372,0.24919432601656866,monotonic,converged
0.0015,-0.5,k0p001500000_wqm0p500000000,photon_geometry__impact_parameter__cos3,photon_geometry,0.0172207897563063,0.0170693111380301,0.0170315606717644,0.00015147861827619763,3.775046626570272e-05,0.018888245809010648,0.004707199566154214,0.24921316747734412,monotonic,converged
0.00175,-0.7125,k0p001750000_wqm0p712500000,photon_geometry__impact_parameter__cos3,photon_geometry,0.0051389717940997,0.0050724825067288,0.0050559241023255,6.648928737089995e-05,1.655840440329976e-05,0.008290714675239709,0.0020647086442540856,0.2490386806363456,monotonic,converged
0.00175,-0.45,k0p001750000_wqm0p450000000,photon_geometry__impact_parameter__cos3,photon_geometry,0.017290517852332,0.0171372533653141,0.0170990574741029,0.0001532644870178984,3.819589121119987e-05,0.01911093022585929,0.004762740710876534,0.24921553553850548,monotonic,converged
0.002,-0.7125,k0p002000000_wqm0p712500000,photon_geometry__impact_parameter__cos3,photon_geometry,-0.0038385974159205,-0.0038803395669709,-0.0038907292907319,4.174215105040005e-05,1.0389723760999888e-05,0.005204932673727048,0.0012955205065817593,0.24890245230666702,monotonic,converged
0.002,-0.69,k0p002000000_wqm0p690000000,photon_geometry__impact_parameter__cos3,photon_geometry,0.0092682852587988,0.0091870009226224,0.0091667541624274,8.128433617640013e-05,2.024676019499877e-05,0.010135546122573476,0.0025246189049726833,0.24908563134550343,monotonic,converged
0.002,-0.45,k0p002000000_wqm0p450000000,photon_geometry__impact_parameter__cos3,photon_geometry,0.0172915089673369,0.0171386030197875,0.0171004965605103,0.00015290594754939837,3.810645927719916e-05,0.01906622304744476,0.0047515892205090915,0.24921502327362607,monotonic,converged
0.00225,-0.7125,k0p002250000_wqm0p712500000,photon_geometry__impact_parameter__cos3,photon_geometry,-0.0200828633298805,-0.0200916745326753,-0.020093857367871,8.811202794799244e-06,2.182835195700672e-06,0.0010986907997652445,0.0002721831516958903,0.24773407746205506,monotonic,converged
0.00225,-0.69,k0p002250000_wqm0p690000000,photon_geometry__impact_parameter__cos3,photon_geometry,0.0051016240178288,0.0050356447680235,0.0050192134965165,6.597924980529957e-05,1.643127150700082e-05,0.00822711682215312,0.002048856127093364,0.24903695564118147,monotonic,converged
0.00225,-0.6666666666666666,k0p002250000_wqm0p666666667,photon_geometry__impact_parameter__cos3,photon_geometry,0.0122012391685535,0.0121061872382652,0.0120825079864214,9.505193028830003e-05,2.3679251843799695e-05,0.011852261687737268,0.0029526248290940266,0.24911910544034876,monotonic,converged
0.00225,-0.55,k0p002250000_wqm0p550000000,photon_geometry__impact_parameter__cos3,photon_geometry,0.0169301282187612,0.0167869806347113,0.0167513080108777,0.00014314758404989844,3.567262383359984e-05,0.01784942842276607,0.004448108223385354,0.24920171772626679,monotonic,converged
0.00225,-0.475,k0p002250000_wqm0p475000000,photon_geometry__impact_parameter__cos3,photon_geometry,0.0172547138396817,0.0171035245682375,0.01706584627606,0.00015118927144419994,3.7678292177500267e-05,0.0188521664326008,0.004698199999518852,0.24921273723715476,monotonic,converged
0.00225,-0.45,k0p002250000_wqm0p450000000,photon_geometry__impact_parameter__cos3,photon_geometry,0.0172925725870501,0.0171400254620404,0.017102008500588,0.0001525471250096999,3.801696145239869e-05,0.01902148057217818,0.004740429514053882,0.2492145391136105,monotonic,converged
0.0025,-0.7125,k0p002500000_wqm0p712500000,photon_geometry__impact_parameter__cos3,photon_geometry,-0.039713719120918,-0.0397078589580049,-0.0397063961280382,5.860162913096101e-06,1.4628299667002187e-06,0.0007307182943904624,0.0001824039082363497,0.2496227474207473,monotonic,converged
0.0025,-0.69,k0p002500000_wqm0p690000000,photon_geometry__impact_parameter__cos3,photon_geometry,-0.0015104113742831,-0.0015575894947206,-0.0015693341868895,4.717812043749997e-05,1.1744692168900051e-05,0.00588275722191897,0.0014644748886794181,0.24894362174642026,monotonic,converged
0.0025,-0.6666666666666666,k0p002500000_wqm0p666666667,photon_geometry__impact_parameter__cos3,photon_geometry,0.0103357141475856,0.0102502908637574,0.0102290122221903,8.542328382819993e-05,2.127864156709937e-05,0.010651641803452195,0.002653286760698945,0.24909650640326783,monotonic,converged
0.0025,-0.58,k0p002500000_wqm0p580000000,photon_geometry__impact_parameter__cos3,photon_geometry,0.0165332891798503,0.0163984309810781,0.0163648256920429,0.00013485819877220168,3.3605289035197605e-05,0.016815804347550083,0.0041903271036068225,0.24918981078757121,monotonic,converged
0.0025,-0.45,k0p002500000_wqm0p450000000,photon_geometry__impact_parameter__cos3,photon_geometry,0.0172937051067536,0.0171415170815998,0.0171035896876938,0.0001521880251538002,3.79273939059982e-05,0.018976703517664475,0.00472926111383889,0.24921404865901262,monotonic,converged
0.0,-0.7125,k0p000000000_wqm0p712500000,photon_geometry__impact_parameter__sin3,photon_geometry,0.1970160848321317,0.1982531854824626,0.1985621765305389,0.0012371006503308912,0.0003089910480763014,0.0375143597220029,0.009369974322875523,0.2497703384067049,monotonic,converged
0.0,-0.69,k0p000000000_wqm0p690000000,photon_geometry__impact_parameter__sin3,photon_geometry,0.1970160848321317,0.1982531854824626,0.1985621765305389,0.0012371006503308912,0.0003089910480763014,0.0375143597220029,0.009369974322875523,0.2497703384067049,monotonic,converged
0.0,-0.6666666666666666,k0p000000000_wqm0p666666667,photon_geometry__impact_parameter__sin3,photon_geometry,0.1970160848321317,0.1982531854824626,0.1985621765305389,0.0012371006503308912,0.0003089910480763014,0.0375143597220029,0.009369974322875523,0.2497703384067049,monotonic,converged
0.0,-0.58,k0p000000000_wqm0p580000000,photon_geometry__impact_parameter__sin3,photon_geometry,0.1970160848321317,0.1982531854824473,0.1985621765305389,0.001237100650315598,0.0003089910480915947,0.03751435972153914,0.009369974323339284,0.24977033842215485,monotonic,converged
0.0,-0.45,k0p000000000_wqm0p450000000,photon_geometry__impact_parameter__sin3,photon_geometry,0.1970160848321317,0.1982531854824626,0.1985621765305389,0.0012371006503308912,0.0003089910480763014,0.0375143597220029,0.009369974322875523,0.2497703384067049,monotonic,converged
0.00025,-0.58,k0p000250000_wqm0p580000000,photon_geometry__impact_parameter__sin3,photon_geometry,0.1996810361053917,0.2009272497665322,0.2012385177770899,0.0012462136611404995,0.00031126801055769704,0.03779070648939867,0.009439021889520754,0.24977098250779353,monotonic,converged
0.0005,-0.7125,k0p000500000_wqm0p712500000,photon_geometry__impact_parameter__sin3,photon_geometry,0.2173036395458919,0.2186101314442685,0.2189364612554132,0.0013064918983765883,0.0003263298111446933,0.03961860907313591,0.009895762256709567,0.24977561020484088,monotonic,converged
0.0005,-0.61,k0p000500000_wqm0p610000000,photon_geometry__impact_parameter__sin3,photon_geometry,0.2043400226793178,0.2056022053165047,0.2059174633660771,0.0012621826371868872,0.00031525804957241443,0.03827495642624576,0.00956001750848102,0.24977213303698395,monotonic,converged
0.0005,-0.55,k0p000500000_wqm0p550000000,photon_geometry__impact_parameter__sin3,photon_geometry,0.2007628606028441,0.2020126812561593,0.2023248505099628,0.0012498206533151923,0.000312169253803507,0.037900086435096444,0.00946635156824277,0.24977123955782563,monotonic,converged
0.0005,-0.5,k0p000500000_wqm0p500000000,photon_geometry__impact_parameter__sin3,photon_geometry,0.1990967399373591,0.2003408300332578,0.2006515674526093,0.001244090095898709,0.0003107374193514756,0.037726310605076425,0.009422932018926798,0.24977083281657694,monotonic,converged
0.0005,-0.475,k0p000500000_wqm0p475000000,photon_geometry__impact_parameter__sin3,photon_geometry,0.1985532329928696,0.1997954647429935,0.2001057378381889,0.0012422317501239177,0.0003102730951954069,0.03766995734726775,0.009408851658194859,0.24977070113081226,monotonic,converged
0.00075,-0.475,k0p000750000_wqm0p475000000,photon_geometry__impact_parameter__sin3,photon_geometry,0.1993140378714332,0.2005588044388427,0.2008697108803135,0.0012447665674094888,0.00031090644147080404,0.0377468242112978,0.009428057516665212,0.24977088042928267,monotonic,converged
0.001,-0.58,k0p001000000_wqm0p580000000,photon_geometry__impact_parameter__sin3,photon_geometry,0.2072793806095333,0.2085513170350971,0.2088690122257796,0.0012719364255638077,0.0003176951906825043,0.03857073440172918,0.00963392239914027,0.2497728536563299,monotonic,converged
0.00125,-0.7125,k0p001250000_wqm0p712500000,photon_geometry__impact_parameter__sin3,photon_geometry,0.2304008324550071,0.2317398982080436,0.2320743725062521,0.0013390657530365224,0.00033447429820848695,0.04060639232336552,0.010142739103242331,0.2497818329309213,monotonic,marginal
0.00125,-0.58,k0p001250000_wqm0p580000000,photon_geometry__impact_parameter__sin3,photon_geometry,0.2096681957289054,0.2109481167991347,0.2112678071084229,0.001279921070229284,0.0003196903092882175,0.03881286412023909,0.00969442321372053,0.24977345613268828,monotonic,converged
0.00125,-0.45,k0p001250000_wqm0p450000000,photon_geometry__impact_parameter__sin3,photon_geometry,0.1998205422354181,0.2010669267385128,0.2013782374416506,0.0012463845030947218,0.0003113107031377793,0.03779588717257476,0.009440316517250712,0.2497709995308892,monotonic,converged
0.0015,-0.7125,k0p001500000_wqm0p712500000,photon_geometry__impact_parameter__sin3,photon_geometry,0.2256980689943453,0.2270114216590519,0.2273394753286101,0.0013133526647065852,0.00032805366955820925,0.0398266578329545,0.009948037263288169,0.24978338139779035,monotonic,converged
0.0015,-0.61,k0p001500000_wqm0p610000000,photon_geometry__impact_parameter__sin3,photon_geometry,0.2172006139084425,0.2185056211907082,0.2188315799899585,0.0013050072822657077,0.00032595879925029214,0.03957358895062789,0.009884511536193024,0.24977546384597482,monotonic,converged
0.0015,-0.5,k0p001500000_wqm0p500000000,photon_geometry__impact_parameter__sin3,photon_geometry,0.2031426695694567,0.2044002764399681,0.2047143911801769,0.0012576068705114074,0.0003141147402087874,0.03813619895568588,0.009525347315130814,0.24977180673404895,monotonic,converged
0.00175,-0.7125,k0p001750000_wqm0p712500000,photon_geometry__impact_parameter__sin3,photon_geometry,0.2116040844801774,0.2128556359962263,0.21316825428024,0.0012515515160489155,0.0003126182840136882,0.03795257384362293,0.009479968148935924,0.24978459136912576,monotonic,converged
0.00175,-0.45,k0p001750000_wqm0p450000000,photon_geometry__impact_parameter__sin3,photon_geometry,0.2009221916766142,0.2021722110731805,0.2024844299916988,0.0012500193965662987,0.0003122189185182922,0.03790611320891823,0.009467857621913864,0.24977125905080522,monotonic,converged
0.002,-0.7125,k0p002000000_wqm0p712500000,photon_geometry__impact_parameter__sin3,photon_geometry,0.1796932157414552,0.1808180184541348,0.1810989777291134,0.0011248027126796178,0.00028095927497859274,0.034108989893798444,0.008519927061683209,0.24978538174864762,monotonic,converged
0.002,-0.69,k0p002000000_wqm0p690000000,photon_geometry__impact_parameter__sin3,photon_geometry,0.2235743515563972,0.2248765088807844,0.2252017666816886,0.001302157324387182,0.00032525780090419953,0.039487165630893176,0.009863254167915987,0.24978379709784418,monotonic,converged
0.002,-0.45,k0p002000000_wqm0p450000000,photon_geometry__impact_parameter__sin3,photon_geometry,0.2014686367312093,0.2027204564260591,0.2030331251731158,0.001251819694849804,0.0003126687470567102,0.03796070621022031,0.009481498411447782,0.24977139147361385,monotonic,converged
0.00225,-0.7125,k0p002250000_wqm0p712500000,photon_geometry__impact_parameter__sin3,photon_geometry,0.1058136180584349,0.1066682534769295,0.1068817293027276,0.0008546354184946064,0.0002134758257981012,0.025916323390498316,0.006473530604643656,0.2497858398779297,monotonic,converged
0.00225,-0.69,k0p002250000_wqm0p690000000,photon_geometry__impact_parameter__sin3,photon_geometry,0.2111905255695638,0.2124390913356931,0.2127509639814638,0.001248565766129306,0.00031187264577067775,0.037862032708999634,0.009457357101675303,0.24978471637702993,monotonic,converged
0.00225,-0.6666666666666666,k0p002250000_wqm0p666666667,photon_geometry__impact_parameter__sin3,photon_geometry,0.2299928078656134,0.231325231627636,0.2316580479924706,0.0013324237620225832,0.0003328163648346205,0.04040497779812008,0.010092463235255597,0.24978266998887372,monotonic,marginal
0.00225,-0.55,k0p002250000_wqm0p550000000,photon_geometry__impact_parameter__sin3,photon_geometry,0.2128014421426177,0.2140914035286702,0.2144136026497654,0.0012899613860525017,0.00032219912109518467,0.03911733087434997,0.009770501476694686,0.2497742371042346,monotonic,converged
0.00225,-0.475,k0p002250000_wqm0p475000000,photon_geometry__impact_parameter__sin3,photon_geometry,0.2037669630410832,0.2050264944406003,0.205341090052739,0.001259531399517122,0.0003145956121387017,0.03819455918158706,0.009539929477507168,0.24977194872578093,monotonic,converged
0.00225,-0.45,k0p002250000_wqm0p450000000,photon_geometry__impact_parameter__sin3,photon_geometry,0.2020121397429961,0.2032657482124882,0.203578863906842,0.0012536084694921013,0.0003131156943537994,0.03801494976378629,0.009495051829009477,0.24977152115178197,monotonic,converged
0.0025,-0.7125,k0p002500000_wqm0p712500000,photon_geometry__impact_parameter__sin3,photon_geometry,-0.1176602826507683,-0.117563358101206,-0.1175391471633605,9.692454956231056e-05,2.4210937845492442e-05,0.0029391807507344434,0.0007341826481943266,0.24979159516163435,monotonic,converged
0.0025,-0.69,k0p002500000_wqm0p690000000,photon_geometry__impact_parameter__sin3,photon_geometry,0.1879033130961314,0.1890584819149099,0.1893470261988827,0.0011551688187785014,0.0002885442839727914,0.03502982444937428,0.008749938060244149,0.24978538139378095,monotonic,converged
0.0025,-0.6666666666666666,k0p002500000_wqm0p666666667,photon_geometry__impact_parameter__sin3,photon_geometry,0.2262076200049798,0.2275205980117069,0.2278485583585085,0.0013129780067271113,0.00032796034680160346,0.0398152965470228,0.009945207304819856,0.2497835798629387,monotonic,converged
0.0025,-0.58,k0p002500000_wqm0p580000000,photon_geometry__impact_parameter__sin3,photon_geometry,0.220341814608503,0.2216564242739191,0.221984782614535,0.0013146096654161055,0.0003283583406158974,0.039864775650429694,0.009957276236408052,0.24977630185912572,monotonic,converged
0.0025,-0.45,k0p002500000_wqm0p450000000,photon_geometry__impact_parameter__sin3,photon_geometry,0.2025526838385186,0.2038080694898971,0.2041216292345192,0.0012553856513785044,0.000313559744622105,0.03806884177375341,0.009508517395853544,0.24977164927589676,monotonic,converged
0.0,-0.7125,k0p000000000_wqm0p712500000,photon_geometry__alpha_sky__mean,photon_geometry,0.0054396394547349,0.005441243823034,0.005441644815145,1.6043682990992195e-06,4.009921110003506e-07,0.0009948797113022935,0.00024865793960807646,0.2499376927514023,monotonic,converged
0.0,-0.69,k0p000000000_wqm0p690000000,photon_geometry__alpha_sky__mean,photon_geometry,0.0054396394547349,0.005441243823034,0.005441644815145,1.6043682990992195e-06,4.009921110003506e-07,0.0009948797113022935,0.00024865793960807646,0.2499376927514023,monotonic,converged
0.0,-0.6666666666666666,k0p000000000_wqm0p666666667,photon_geometry__alpha_sky__mean,photon_geometry,0.0054396394547349,0.005441243823034,0.005441644815145,1.6043682990992195e-06,4.009921110003506e-07,0.0009948797113022935,0.00024865793960807646,0.2499376927514023,monotonic,converged
0.0,-0.58,k0p000000000_wqm0p580000000,photon_geometry__alpha_sky__mean,photon_geometry,0.0054396394547349,0.0054412438230332,0.005441644815145,1.604368298299512e-06,4.009921118000581e-07,0.0009948797108063894,0.00024865794010398056,0.24993769337444163,monotonic,converged
0.0,-0.45,k0p000000000_wqm0p450000000,photon_geometry__alpha_sky__mean,photon_geometry,0.0054396394547349,0.005441243823034,0.005441644815145,1.6043682990992195e-06,4.009921110003506e-07,0.0009948797113022935,0.00024865793960807646,0.2499376927514023,monotonic,converged
0.00025,-0.58,k0p000250000_wqm0p580000000,photon_geometry__alpha_sky__mean,photon_geometry,0.0055390721342336,0.0055406635487326,0.0055410613049025,1.5914144989997991e-06,3.977561699002041e-07,0.0009868469716187592,0.00024665131048849556,0.24993876212023522,monotonic,converged
0.0005,-0.7125,k0p000500000_wqm0p712500000,photon_geometry__alpha_sky__mean,photon_geometry,0.0061508966264446,0.0061523572990646,0.0061527223892587,1.4606726200004985e-06,3.6509019410001925e-07,0.0009057730418315816,0.0002263949163726668,0.24994662671221607,monotonic,converged
0.0005,-0.61,k0p000500000_wqm0p610000000,photon_geometry__alpha_sky__mean,photon_geometry,0.0057087011778799,0.0057102669347427,0.0057106582804787,1.5657568628001106e-06,3.9134573599948486e-07,0.0009709364966303309,0.0002426761567584881,0.2499402974352125,monotonic,converged
0.0005,-0.55,k0p000500000_wqm0p550000000,photon_geometry__alpha_sky__mean,photon_geometry,0.0055846262896736,0.0055862130788235,0.0055866096793984,1.5867891499004097e-06,3.966005748994375e-07,0.0009839787611341363,0.00024593471815655376,0.24993905140095582,monotonic,converged
0.0005,-0.5,k0p000500000_wqm0p500000000,photon_geometry__alpha_sky__mean,photon_geometry,0.0055252619265865,0.0055268573732509,0.0055272561368641,1.5954466643999798e-06,3.9876361319999415e-07,0.000989347344850708,0.00024727603294144563,0.2499385420382964,monotonic,converged
0.0005,-0.475,k0p000500000_wqm0p475000000,photon_geometry__alpha_sky__mean,photon_geometry,0.0055054094980795,0.0055070075720687,0.0055074069920084,1.5980739892004076e-06,3.9941993970008666e-07,0.000990976566856911,0.00024768302547507936,0.24993832726101464,monotonic,converged
0.00075,-0.475,k0p000750000_wqm0p475000000,photon_geometry__alpha_sky__mean,photon_geometry,0.0055381878054628,0.0055397827123295,0.0055401813409098,1.5949068667003852e-06,3.986285803002018e-07,0.0009890126126200624,0.000247192298120434,0.24993846889937998,monotonic,converged
0.001,-0.58,k0p001000000_wqm0p580000000,photon_geometry__alpha_sky__mean,photon_geometry,0.0058323314357026,0.0058338826048386,0.0058342703065086,1.5511691359992863e-06,3.8770167000001104e-07,0.0009618905478688718,0.0002404164466086687,0.24994158341749614,monotonic,converged
0.00125,-0.7125,k0p001250000_wqm0p712500000,photon_geometry__alpha_sky__mean,photon_geometry,0.0069501726055392,0.0069513570463499,0.0069516531108526,1.184440810700002e-06,2.9606450270038e-07,0.0007344798151805154,0.00018359161492955634,0.2499614164133761,monotonic,converged
0.00125,-0.58,k0p001250000_wqm0p580000000,photon_geometry__alpha_sky__mean,photon_geometry,0.0059282557585593,0.0059297930150269,0.0059301772410329,1.5372564676000011e-06,3.8422600600034745e-07,0.0009532632074207361,0.0002382611636860938,0.2499426830190603,monotonic,converged
0.00125,-0.45,k0p001250000_wqm0p450000000,photon_geometry__alpha_sky__mean,photon_geometry,0.0055658774868332,0.005567470782832,0.0055678690087929,1.5932959988003773e-06,3.982259608997091e-07,0.000988013702461961,0.0002469426310875266,0.24993846793034122,monotonic,converged
0.0015,-0.7125,k0p001500000_wqm0p712500000,photon_geometry__alpha_sky__mean,photon_geometry,0.0070754381810822,0.007076499137274,0.0070767643419208,1.0609561917999943e-06,2.6520464679966743e-07,0.0006579061618177,0.00016445520806676242,0.24996757533383845,monotonic,converged
0.0015,-0.61,k0p001500000_wqm0p610000000,photon_geometry__alpha_sky__mean,photon_geometry,0.006223480161649,0.0062249623867026,0.0062253328629958,1.4822250536004541e-06,3.704762931997299e-07,0.000919137852723086,0.00022973487311475293,0.24994604719425748,monotonic,converged
0.0015,-0.5,k0p001500000_wqm0p500000000,photon_geometry__alpha_sky__mean,photon_geometry,0.0056949889474966,0.0056965662149852,0.0056969604369587,1.5772674885998483e-06,3.942219735002597e-07,0.000978074314099662,0.00024445973122578114,0.24993983350928853,monotonic,converged
0.00175,-0.7125,k0p001750000_wqm0p712500000,photon_geometry__alpha_sky__mean,photon_geometry,0.0070522648614779,0.0070531718753377,0.0070533986056223,9.070138598001043e-07,2.2673028460002548e-07,0.0005624454730823008,0.00014059699397763422,0.24997444322404763,monotonic,converged
0.00175,-0.45,k0p001750000_wqm0p450000000,photon_geometry__alpha_sky__mean,photon_geometry,0.0056160832378312,0.0056176720596448,0.0056180691680491,1.5888218136000942e-06,3.9710840429949684e-07,0.0009852392297409096,0.00024624962662688784,0.24993891756791353,monotonic,converged
0.002,-0.7125,k0p002000000_wqm0p712500000,photon_geometry__alpha_sky__mean,photon_geometry,0.0067495116243416,0.0067502136729362,0.0067503891754864,7.0204859460056e-07,1.755025501991997e-07,0.0004353451158992212,0.00010883032690999212,0.24998632793938463,monotonic,converged
0.002,-0.69,k0p002000000_wqm0p690000000,photon_geometry__alpha_sky__mean,photon_geometry,0.0071759559887418,0.0071769906530834,0.0071772492869199,1.0346643416004123e-06,2.5863383650015503e-07,0.0006416024064076427,0.0001603806038393719,0.249968831534391,monotonic,converged
0.002,-0.45,k0p002000000_wqm0p450000000,photon_geometry__alpha_sky__mean,photon_geometry,0.005641123262722,0.0056427098376407,0.0056431063848515,1.586574918699922e-06,3.9654721079983996e-07,0.0009838459149073611,0.0002459016267148746,0.24993916525844262,monotonic,converged
0.00225,-0.7125,k0p002250000_wqm0p712500000,photon_geometry__alpha_sky__mean,photon_geometry,0.0058190828200143,0.0058194884102407,0.0058195898138942,4.0559022640006964e-07,1.0140365350012892e-07,0.00025150926229001644,6.288109630179562e-05,0.2500150321672335,monotonic,converged
0.00225,-0.69,k0p002250000_wqm0p690000000,photon_geometry__alpha_sky__mean,photon_geometry,0.0071495632732169,0.0071504738201694,0.0071507014341213,9.105469525004517e-07,2.2761395189994926e-07,0.0005646363679333767,0.00014114496208989937,0.24997497523318146,monotonic,converged
0.00225,-0.6666666666666666,k0p002250000_wqm0p666666667,photon_geometry__alpha_sky__mean,photon_geometry,0.0071698988736056,0.0071710501078954,0.00717133787504,1.151234289799817e-06,2.877671446003052e-07,0.0007138882253659584,0.0001784463666497138,0.2499640144060891,monotonic,converged
0.00225,-0.55,k0p002250000_wqm0p550000000,photon_geometry__alpha_sky__mean,photon_geometry,0.0060785153172039,0.0060800369998013,0.0060804173348893,1.5216825974004658e-06,3.803350879993603e-07,0.0009436057444200819,0.0002358483789285687,0.24994377188061273,monotonic,converged
0.00225,-0.475,k0p002250000_wqm0p475000000,photon_geometry__alpha_sky__mean,photon_geometry,0.0057333251235014,0.0057349007351999,0.0057352945437667,1.5756116985001997e-06,3.938085667998942e-07,0.0009770475473795516,0.0002442033749147389,0.24994011352845022,monotonic,converged
0.00225,-0.45,k0p002250000_wqm0p450000000,photon_geometry__alpha_sky__mean,photon_geometry,0.0056661211056912,0.0056677054270949,0.0056681014114262,1.5843214036994485e-06,3.9598433129988536e-07,0.0009824484949045194,0.00024555258130259163,0.2499393938472632,monotonic,converged
0.0025,-0.7125,k0p002500000_wqm0p712500000,photon_geometry__alpha_sky__mean,photon_geometry,0.0029345754338837,0.0029345871049098,0.0029345900314477,1.1671026099984577e-08,2.9265379000373293e-09,7.237282788168648e-06,1.8147660875243325e-06,0.2507524081401203,monotonic,converged
0.0025,-0.69,k0p002500000_wqm0p690000000,photon_geometry__alpha_sky__mean,photon_geometry,0.0069513118580698,0.0069520665124336,0.0069522551634537,7.546543637996367e-07,1.8865102010059975e-07,0.0004679663117324953,0.00011698378266383385,0.24998334224260477,monotonic,converged
0.0025,-0.6666666666666666,k0p002500000_wqm0p666666667,photon_geometry__alpha_sky__mean,photon_geometry,0.0072505043342257,0.007251579073528,0.0072518477233287,1.0747393023001484e-06,2.6864980070054334e-07,0.0006664531625300301,0.0001665915714692429,0.24996741081821536,monotonic,converged
0.0025,-0.58,k0p002500000_wqm0p580000000,photon_geometry__alpha_sky__mean,photon_geometry,0.0063916433298251,0.0063931066614805,0.0063934724178993,1.463331655399483e-06,3.657564188004267e-07,0.0009074219277959637,0.00022680804684774286,0.2499477254187991,monotonic,converged
0.0025,-0.45,k0p002500000_wqm0p450000000,photon_geometry__alpha_sky__mean,photon_geometry,0.0056910765521059,0.0056926586133811,0.0056930540331791,1.582061275200164e-06,3.954197979995702e-07,0.0009810469738260133,0.00024520251035743933,0.24993962256584615,monotonic,converged
0.0,-0.7125,k0p000000000_wqm0p712500000,photon_geometry__alpha_sky__amplitude,photon_geometry,0.1250661205958959,0.1250661205960423,0.1250661205960423,1.4641066137244252e-13,0.0,1.7226786209857764e-11,0.0,0.0,monotonic,converged
0.0,-0.69,k0p000000000_wqm0p690000000,photon_geometry__alpha_sky__amplitude,photon_geometry,0.1250661205958959,0.1250661205960423,0.1250661205960423,1.4641066137244252e-13,0.0,1.7226786209857764e-11,0.0,0.0,monotonic,converged
0.0,-0.6666666666666666,k0p000000000_wqm0p666666667,photon_geometry__alpha_sky__amplitude,photon_geometry,0.1250661205958959,0.1250661205960423,0.1250661205960423,1.4641066137244252e-13,0.0,1.7226786209857764e-11,0.0,0.0,monotonic,converged
0.0,-0.58,k0p000000000_wqm0p580000000,photon_geometry__alpha_sky__amplitude,photon_geometry,0.1250661205958959,0.1250661205960432,0.1250661205960423,1.4729883979214264e-13,8.881784197001252e-16,1.7331289936628467e-11,1.0450372677070113e-13,0.0008881784197001252,non-monotonic,converged
0.0,-0.45,k0p000000000_wqm0p450000000,photon_geometry__alpha_sky__amplitude,photon_geometry,0.1250661205958959,0.1250661205960423,0.1250661205960423,1.4641066137244252e-13,0.0,1.7226786209857764e-11,0.0,0.0,monotonic,converged
0.00025,-0.58,k0p000250000_wqm0p580000000,photon_geometry__alpha_sky__amplitude,photon_geometry,0.1248669272080946,0.1248669272082138,0.1248669272082138,1.1919631948131837e-13,0.0,1.402472670677425e-11,0.0,0.0,monotonic,converged
0.0005,-0.7125,k0p000500000_wqm0p712500000,photon_geometry__alpha_sky__amplitude,photon_geometry,0.1219264355547733,0.1219264355548404,0.1219264355548443,6.70991040507829e-14,3.899658373995862e-15,7.894929983380312e-12,4.588366753526097e-13,0.0038996583739958623,monotonic,converged
0.0005,-0.61,k0p000500000_wqm0p610000000,photon_geometry__alpha_sky__amplitude,photon_geometry,0.1244179675903884,0.12441796759056,0.1244179675905607,1.7159884624362576e-13,7.077671781985373e-16,2.0190446586245618e-11,8.327640727040247e-14,0.0007077671781985373,monotonic,converged
0.0005,-0.55,k0p000500000_wqm0p550000000,photon_geometry__alpha_sky__amplitude,photon_geometry,0.1248281591864152,0.1248281591865672,0.1248281591865677,1.5200340985899174e-13,4.996003610813204e-16,1.7884833114367024e-11,5.878334630851938e-14,0.0004996003610813204,monotonic,converged
0.0005,-0.5,k0p000500000_wqm0p500000000,photon_geometry__alpha_sky__amplitude,photon_geometry,0.1249731944489564,0.1249731944491109,0.1249731944491115,1.5450141166439835e-13,5.967448757360216e-16,1.817874984590962e-11,7.021344142406482e-14,0.0005967448757360216,monotonic,converged
0.0005,-0.475,k0p000500000_wqm0p475000000,photon_geometry__alpha_sky__amplitude,photon_geometry,0.1250122501657962,0.1250122501659454,0.1250122501659456,1.491862189340054e-13,2.220446049250313e-16,1.7553360356016204e-11,2.6125931692675283e-14,0.0002220446049250313,monotonic,converged
0.00075,-0.475,k0p000750000_wqm0p475000000,photon_geometry__alpha_sky__amplitude,photon_geometry,0.1249854186194474,0.1249854186195962,0.1249854186195972,1.487976408753866e-13,9.992007221626409e-16,1.7507639975554025e-11,1.1756669261703876e-13,0.0009992007221626409,monotonic,converged
0.001,-0.58,k0p001000000_wqm0p580000000,photon_geometry__alpha_sky__amplitude,photon_geometry,0.1242766648044382,0.1242766648045772,0.1242766648045795,1.389999226830696e-13,2.2898349882893854e-15,1.6354833239614725e-11,2.6942367058071384e-13,0.0022898349882893854,monotonic,converged
0.00125,-0.7125,k0p001250000_wqm0p712500000,photon_geometry__alpha_sky__amplitude,photon_geometry,0.1173601784218882,0.1173601784220403,0.1173601784220384,1.5210055437364645e-13,1.9012569296705806e-15,1.7896263209482568e-11,2.2370329011853212e-13,0.0019012569296705806,non-monotonic,converged
0.00125,-0.58,k0p001250000_wqm0p580000000,photon_geometry__alpha_sky__amplitude,photon_geometry,0.1240826418752436,0.1240826418753823,0.1240826418753802,1.387084891391055e-13,2.095545958979983e-15,1.632054295426809e-11,2.46563480349623e-13,0.002095545958979983,non-monotonic,converged
0.00125,-0.45,k0p001250000_wqm0p450000000,photon_geometry__alpha_sky__amplitude,photon_geometry,0.1249961602327862,0.1249961602329337,0.1249961602329341,1.4749312882145205e-13,4.0245584642661925e-16,1.7354150126859558e-11,4.735325119297395e-14,0.00040245584642661925,monotonic,converged
0.0015,-0.7125,k0p001500000_wqm0p712500000,photon_geometry__alpha_sky__amplitude,photon_geometry,0.1159285163400062,0.1159285163402077,0.1159285163402108,2.015054789694659e-13,3.094746681142624e-15,2.370928301110282e-11,3.6413017296666175e-13,0.003094746681142624,monotonic,converged
0.0015,-0.61,k0p001500000_wqm0p610000000,photon_geometry__alpha_sky__amplitude,photon_geometry,0.1231532284808886,0.1231532284809978,0.1231532284810034,1.0920431225969196e-13,5.592748486549226e-15,1.2849059780603862e-11,6.580469045092587e-13,0.005592748486549226,monotonic,converged
0.0015,-0.5,k0p001500000_wqm0p500000000,photon_geometry__alpha_sky__amplitude,photon_geometry,0.1247891984468435,0.1247891984469846,0.1247891984469854,1.411093464298574e-13,7.91033905045424e-16,1.6603029590695143e-11,9.30736316551557e-14,0.000791033905045424,monotonic,converged
0.00175,-0.7125,k0p001750000_wqm0p712500000,photon_geometry__alpha_sky__amplitude,photon_geometry,0.1145799379714826,0.1145799379716074,0.1145799379716042,1.248029457556754e-13,3.191891195797325e-15,1.46844064820143e-11,3.755602680822072e-13,0.003191891195797325,non-monotonic,converged
0.00175,-0.45,k0p001750000_wqm0p450000000,photon_geometry__alpha_sky__amplitude,photon_geometry,0.1249683816740721,0.1249683816742052,0.1249683816742054,1.3310186286474845e-13,2.0816681711721685e-16,1.566086317902804e-11,2.4493060961883077e-14,0.00020816681711721685,monotonic,converged
0.002,-0.7125,k0p002000000_wqm0p712500000,photon_geometry__alpha_sky__amplitude,photon_geometry,0.1133526349744929,0.1133526349746637,0.1133592365558001,1.7080781233858033e-13,6.6015811363978605e-06,2.0097372954590462e-11,0.0007767468968292018,6601581.136397861,monotonic,converged
0.002,-0.69,k0p002000000_wqm0p690000000,photon_geometry__alpha_sky__amplitude,photon_geometry,0.1165671086740633,0.116567108674177,0.1165671086741767,1.1370071550942384e-13,2.914335439641036e-16,1.3378109897380536e-11,3.429028534663631e-14,0.0002914335439641036,non-monotonic,converged
0.002,-0.45,k0p002000000_wqm0p450000000,photon_geometry__alpha_sky__amplitude,photon_geometry,0.1249545376984199,0.1249545376985655,0.1249545376985659,1.4560574967958928e-13,4.0245584642661925e-16,1.7132079707471818e-11,4.735325119297395e-14,0.00040245584642661925,monotonic,converged
0.00225,-0.7125,k0p002250000_wqm0p712500000,photon_geometry__alpha_sky__amplitude,photon_geometry,0.1123038270774661,0.1123248663758675,0.112324866375868,2.1039298401401285e-05,4.996003610813204e-16,0.002475499339794395,5.878334630851938e-14,2.3746056144535954e-11,monotonic,converged
0.00225,-0.69,k0p002250000_wqm0p690000000,photon_geometry__alpha_sky__amplitude,photon_geometry,0.1156771824955856,0.1156771824957912,0.1156771824957922,2.0559942637277118e-13,9.992007221626409e-16,2.4190979876686518e-11,1.1756669261703876e-13,0.0009992007221626409,monotonic,converged
0.00225,-0.6666666666666666,k0p002250000_wqm0p666666667,photon_geometry__alpha_sky__amplitude,photon_geometry,0.1183670971486919,0.1183670971488561,0.1183670971488591,1.6420198534206065e-13,2.9976021664879227e-15,1.932012648673337e-11,3.527000778511163e-13,0.0029976021664879227,monotonic,converged
0.00225,-0.55,k0p002250000_wqm0p550000000,photon_geometry__alpha_sky__amplitude,photon_geometry,0.1240157521885911,0.1240157521887328,0.1240157521887327,1.4170609130559342e-13,9.71445146547012e-17,1.6673243032119207e-11,1.1430095115545437e-14,9.71445146547012e-05,non-monotonic,converged
0.00225,-0.475,k0p002250000_wqm0p475000000,photon_geometry__alpha_sky__amplitude,photon_geometry,0.1248259512166743,0.1248259512168186,0.1248259512168196,1.4430123762565472e-13,9.992007221626409e-16,1.697858985877735e-11,1.1756669261703876e-13,0.0009992007221626409,monotonic,converged
0.00225,-0.45,k0p002250000_wqm0p450000000,photon_geometry__alpha_sky__amplitude,photon_geometry,0.1249407243491005,0.1249407243492512,0.1249407243492516,1.5069889780505719e-13,4.0245584642661925e-16,1.7731343265672557e-11,4.735325119297395e-14,0.00040245584642661925,monotonic,converged
0.0025,-0.7125,k0p002500000_wqm0p712500000,photon_geometry__alpha_sky__amplitude,photon_geometry,0.1174411045332779,0.1174982338115049,0.1175006646924945,5.712927822699998e-05,2.4308809895984274e-06,0.0067218729368109294,0.0002860192469378569,0.04255052864381479,monotonic,converged
0.0025,-0.69,k0p002500000_wqm0p690000000,photon_geometry__alpha_sky__amplitude,photon_geometry,0.1148722700142322,0.1148722700143922,0.1148781159326535,1.5999701563629287e-13,5.84591826130465e-06,1.8825366655303333e-11,0.0006878350465996434,5845918.26130465,monotonic,converged
0.0025,-0.6666666666666666,k0p002500000_wqm0p666666667,photon_geometry__alpha_sky__amplitude,photon_geometry,0.1177262195788489,0.1177262195790412,0.1177262195790403,1.9229062786507711e-13,9.020562075079397e-16,2.2625056845856796e-11,1.0613659750149333e-13,0.0009020562075079397,non-monotonic,converged
0.0025,-0.58,k0p002500000_wqm0p580000000,photon_geometry__alpha_sky__amplitude,photon_geometry,0.1231375444443833,0.1231375444444189,0.1231375444444137,3.5610403514851896e-14,5.204170427930421e-15,4.189946295212798e-12,6.123265240470769e-13,0.005204170427930421,non-monotonic,converged
0.0025,-0.45,k0p002500000_wqm0p450000000,photon_geometry__alpha_sky__amplitude,photon_geometry,0.1249269419482257,0.1249269419483663,0.1249269419483672,1.4059586828096826e-13,9.020562075079397e-16,1.654261337365583e-11,1.0613659750149333e-13,0.0009020562075079397,monotonic,converged
0.0,-0.7125,k0p000000000_wqm0p712500000,photon_geometry__alpha_sky__reference,photon_geometry,-0.1266022405785931,-0.1266022405785931,-0.1266022405785931,0.0,0.0,0.0,0.0,0.0,monotonic,converged
0.0,-0.69,k0p000000000_wqm0p690000000,photon_geometry__alpha_sky__reference,photon_geometry,-0.1266022405785931,-0.1266022405785931,-0.1266022405785931,0.0,0.0,0.0,0.0,0.0,monotonic,converged
0.0,-0.6666666666666666,k0p000000000_wqm0p666666667,photon_geometry__alpha_sky__reference,photon_geometry,-0.1266022405785931,-0.1266022405785931,-0.1266022405785931,0.0,0.0,0.0,0.0,0.0,monotonic,converged
0.0,-0.58,k0p000000000_wqm0p580000000,photon_geometry__alpha_sky__reference,photon_geometry,-0.1266022405785931,-0.1266022405785931,-0.1266022405785931,0.0,0.0,0.0,0.0,0.0,monotonic,converged
0.0,-0.45,k0p000000000_wqm0p450000000,photon_geometry__alpha_sky__reference,photon_geometry,-0.1266022405785931,-0.1266022405785931,-0.1266022405785931,0.0,0.0,0.0,0.0,0.0,monotonic,converged
0.00025,-0.58,k0p000250000_wqm0p580000000,photon_geometry__alpha_sky__reference,photon_geometry,-0.126226316263792,-0.126226316263792,-0.126226316263792,0.0,0.0,0.0,0.0,0.0,monotonic,converged
0.0005,-0.7125,k0p000500000_wqm0p712500000,photon_geometry__alpha_sky__reference,photon_geometry,-0.1219669031551704,-0.1219669031551704,-0.1219669031551704,0.0,0.0,0.0,0.0,0.0,monotonic,converged
0.0005,-0.61,k0p000500000_wqm0p610000000,photon_geometry__alpha_sky__reference,photon_geometry,-0.1254634126379105,-0.1254634126379105,-0.1254634126379105,0.0,0.0,0.0,0.0,0.0,monotonic,converged
0.0005,-0.55,k0p000500000_wqm0p550000000,photon_geometry__alpha_sky__reference,photon_geometry,-0.1261049871142764,-0.1261049871142764,-0.1261049871142764,0.0,0.0,0.0,0.0,0.0,monotonic,converged
0.0005,-0.5,k0p000500000_wqm0p500000000,photon_geometry__alpha_sky__reference,photon_geometry,-0.1263554598247357,-0.1263554598247357,-0.1263554598247357,0.0,0.0,0.0,0.0,0.0,monotonic,converged
0.0005,-0.475,k0p000500000_wqm0p475000000,photon_geometry__alpha_sky__reference,photon_geometry,-0.1264292499556164,-0.1264292499556164,-0.1264292499556164,0.0,0.0,0.0,0.0,0.0,monotonic,converged
0.00075,-0.475,k0p000750000_wqm0p475000000,photon_geometry__alpha_sky__reference,photon_geometry,-0.1263425856443036,-0.1263425856443036,-0.1263425856443036,0.0,0.0,0.0,0.0,0.0,monotonic,converged
0.001,-0.58,k0p001000000_wqm0p580000000,photon_geometry__alpha_sky__reference,photon_geometry,-0.1250887540766049,-0.1250887540766049,-0.1250887540766049,0.0,0.0,0.0,0.0,0.0,monotonic,converged
0.00125,-0.7125,k0p001250000_wqm0p712500000,photon_geometry__alpha_sky__reference,photon_geometry,-0.1145999727906596,-0.1145999727906596,-0.1145999727906596,0.0,0.0,0.0,0.0,0.0,monotonic,converged
0.00125,-0.58,k0p001250000_wqm0p580000000,photon_geometry__alpha_sky__reference,photon_geometry,-0.1247062517089519,-0.1247062517089519,-0.1247062517089519,0.0,0.0,0.0,0.0,0.0,monotonic,converged
0.00125,-0.45,k0p001250000_wqm0p450000000,photon_geometry__alpha_sky__reference,photon_geometry,-0.1262999254460765,-0.1262999254460765,-0.1262999254460765,0.0,0.0,0.0,0.0,0.0,monotonic,converged
0.0015,-0.7125,k0p001500000_wqm0p712500000,photon_geometry__alpha_sky__reference,photon_geometry,-0.1120193804796034,-0.1120193804796034,-0.1120193804796034,0.0,0.0,0.0,0.0,0.0,monotonic,converged
0.0015,-0.61,k0p001500000_wqm0p610000000,photon_geometry__alpha_sky__reference,photon_geometry,-0.1231426864526284,-0.1231426864526284,-0.1231426864526284,0.0,0.0,0.0,0.0,0.0,monotonic,converged
0.0015,-0.5,k0p001500000_wqm0p500000000,photon_geometry__alpha_sky__reference,photon_geometry,-0.12585934670046,-0.12585934670046,-0.12585934670046,0.0,0.0,0.0,0.0,0.0,monotonic,converged
0.00175,-0.7125,k0p001750000_wqm0p712500000,photon_geometry__alpha_sky__reference,photon_geometry,-0.1093689753113898,-0.1093689753113898,-0.1093689753113898,0.0,0.0,0.0,0.0,0.0,monotonic,converged
0.00175,-0.45,k0p001750000_wqm0p450000000,photon_geometry__alpha_sky__reference,photon_geometry,-0.1261785774159866,-0.1261785774159866,-0.1261785774159866,0.0,0.0,0.0,0.0,0.0,monotonic,converged
0.002,-0.7125,k0p002000000_wqm0p712500000,photon_geometry__alpha_sky__reference,photon_geometry,-0.1066435166941516,-0.1066435166941516,-0.1066435166941516,0.0,0.0,0.0,0.0,0.0,monotonic,converged
0.002,-0.69,k0p002000000_wqm0p690000000,photon_geometry__alpha_sky__reference,photon_geometry,-0.1122310545442949,-0.1122310545442949,-0.1122310545442949,0.0,0.0,0.0,0.0,0.0,monotonic,converged
0.002,-0.45,k0p002000000_wqm0p450000000,photon_geometry__alpha_sky__reference,photon_geometry,-0.1261178125737299,-0.1261178125737299,-0.1261178125737299,0.0,0.0,0.0,0.0,0.0,monotonic,converged
0.00225,-0.7125,k0p002250000_wqm0p712500000,photon_geometry__alpha_sky__reference,photon_geometry,-0.1038370582253245,-0.1038370582253245,-0.1038370582253245,0.0,0.0,0.0,0.0,0.0,monotonic,converged
0.00225,-0.69,k0p002250000_wqm0p690000000,photon_geometry__alpha_sky__reference,photon_geometry,-0.1102778279531693,-0.1102778279531693,-0.1102778279531693,0.0,0.0,0.0,0.0,0.0,monotonic,converged
0.00225,-0.6666666666666666,k0p002250000_wqm0p666666667,photon_geometry__alpha_sky__reference,photon_geometry,-0.1149420383147611,-0.1149420383147611,-0.1149420383147611,0.0,0.0,0.0,0.0,0.0,monotonic,converged
0.00225,-0.55,k0p002250000_wqm0p550000000,photon_geometry__alpha_sky__reference,photon_geometry,-0.1243404736834276,-0.1243404736834276,-0.1243404736834276,0.0,0.0,0.0,0.0,0.0,monotonic,converged
0.00225,-0.475,k0p002250000_wqm0p475000000,photon_geometry__alpha_sky__reference,photon_geometry,-0.1258202172145973,-0.1258202172145973,-0.1258202172145973,0.0,0.0,0.0,0.0,0.0,monotonic,converged
0.00225,-0.45,k0p002250000_wqm0p450000000,photon_geometry__alpha_sky__reference,photon_geometry,-0.1260569870446241,-0.1260569870446241,-0.1260569870446241,0.0,0.0,0.0,0.0,0.0,monotonic,converged
0.0025,-0.7125,k0p002500000_wqm0p712500000,photon_geometry__alpha_sky__reference,photon_geometry,-0.1009428062334486,-0.1009428062334486,-0.1009428062334486,0.0,0.0,0.0,0.0,0.0,monotonic,converged
0.0025,-0.69,k0p002500000_wqm0p690000000,photon_geometry__alpha_sky__reference,photon_geometry,-0.1082835981425975,-0.1082835981425975,-0.1082835981425975,0.0,0.0,0.0,0.0,0.0,monotonic,converged
0.0025,-0.6666666666666666,k0p002500000_wqm0p666666667,photon_geometry__alpha_sky__reference,photon_geometry,-0.1135556592028234,-0.1135556592028234,-0.1135556592028234,0.0,0.0,0.0,0.0,0.0,monotonic,converged
0.0025,-0.58,k0p002500000_wqm0p580000000,photon_geometry__alpha_sky__reference,photon_geometry,-0.1227681475029405,-0.1227681475029405,-0.1227681475029405,0.0,0.0,0.0,0.0,0.0,monotonic,converged
0.0025,-0.45,k0p002500000_wqm0p450000000,photon_geometry__alpha_sky__reference,photon_geometry,-0.1259961007267624,-0.1259961007267624,-0.1259961007267624,0.0,0.0,0.0,0.0,0.0,monotonic,converged
0.0,-0.7125,k0p000000000_wqm0p712500000,photon_geometry__alpha_sky__cos1,photon_geometry,-0.1044851433295684,-0.1044819333544215,-0.1044811312928907,3.2099751468978033e-06,8.020615308024226e-07,0.0005475104237553311,0.00013680387807110485,0.249865339791666,monotonic,converged
0.0,-0.69,k0p000000000_wqm0p690000000,photon_geometry__alpha_sky__cos1,photon_geometry,-0.1044851433295684,-0.1044819333544215,-0.1044811312928907,3.2099751468978033e-06,8.020615308024226e-07,0.0005475104237553311,0.00013680387807110485,0.249865339791666,monotonic,converged
0.0,-0.6666666666666666,k0p000000000_wqm0p666666667,photon_geometry__alpha_sky__cos1,photon_geometry,-0.1044851433295684,-0.1044819333544215,-0.1044811312928907,3.2099751468978033e-06,8.020615308024226e-07,0.0005475104237553311,0.00013680387807110485,0.249865339791666,monotonic,converged
0.0,-0.58,k0p000000000_wqm0p580000000,photon_geometry__alpha_sky__cos1,photon_geometry,-0.1044851433295684,-0.10448193335442,-0.1044811312928907,3.2099751483966044e-06,8.020615293036215e-07,0.0005475104240109745,0.00013680387781546136,0.24986533920807907,monotonic,converged
0.0,-0.45,k0p000000000_wqm0p450000000,photon_geometry__alpha_sky__cos1,photon_geometry,-0.1044851433295684,-0.1044819333544215,-0.1044811312928907,3.2099751468978033e-06,8.020615308024226e-07,0.0005475104237553311,0.00013680387807110485,0.249865339791666,monotonic,converged
0.00025,-0.58,k0p000250000_wqm0p580000000,photon_geometry__alpha_sky__cos1,photon_geometry,-0.1042808202236754,-0.1042776361658205,-0.1042768405768058,3.1840578548908427e-06,7.955890147098854e-07,0.0005430898326666321,0.00013569989132154603,0.24986638150680215,monotonic,converged
0.0005,-0.7125,k0p000500000_wqm0p712500000,photon_geometry__alpha_sky__cos1,photon_geometry,-0.101628628163612,-0.1016257056905115,-0.1016249754397341,2.9224731004917626e-06,7.302507774031852e-07,0.0004984725464962435,0.0001245554542595364,0.24987425111981576,monotonic,converged
0.0005,-0.61,k0p000500000_wqm0p610000000,photon_geometry__alpha_sky__cos1,photon_geometry,-0.1038416800208402,-0.1038385472980974,-0.1038377645311716,3.1327227427990767e-06,7.827669257914893e-07,0.000534333843075232,0.000133512887679501,0.24986792322773188,monotonic,converged
0.0005,-0.55,k0p000500000_wqm0p550000000,photon_geometry__alpha_sky__cos1,photon_geometry,-0.1042362396996754,-0.1042330648960452,-0.1042322716184496,3.1748036301987304e-06,7.932775955982185e-07,0.0005415113829120905,0.000135305643391456,0.24986666515451933,monotonic,converged
0.0005,-0.5,k0p000500000_wqm0p500000000,photon_geometry__alpha_sky__cos1,photon_geometry,-0.1043822869539016,-0.1043790948285722,-0.1043782972244786,3.1921253293987206e-06,7.976040936052975e-07,0.0005444658640015515,0.0001360435938891481,0.24986615853066674,monotonic,converged
0.0005,-0.475,k0p000500000_wqm0p475000000,photon_geometry__alpha_sky__cos1,photon_geometry,-0.1044229272885677,-0.1044197299065851,-0.1044189309897119,3.1973819825947825e-06,7.989168731986629e-07,0.0005453624667125388,0.00013626750855470413,0.24986594581055188,monotonic,converged
0.00075,-0.475,k0p000750000_wqm0p475000000,photon_geometry__alpha_sky__cos1,photon_geometry,-0.1043922683952225,-0.1043890773499464,-0.1043882800159328,3.1910452761019226e-06,7.973340136052665e-07,0.0005442816443702002,0.00013599752760872603,0.24986609233550702,monotonic,converged
0.001,-0.58,k0p001000000_wqm0p580000000,photon_geometry__alpha_sky__cos1,photon_geometry,-0.1036941334731154,-0.1036910299370606,-0.1036902544589767,3.1035360548020696e-06,7.754780839003272e-07,0.0005293556064279173,0.00013226966406252924,0.24986920409719035,monotonic,converged
0.00125,-0.7125,k0p001250000_wqm0p712500000,photon_geometry__alpha_sky__cos1,photon_geometry,-0.0982637302154664,-0.0982613604195037,-0.098260768233482,2.3697959627005938e-06,5.921860217056318e-07,0.0004042049961059039,0.00010100639564121731,0.24988903307556617,monotonic,converged
0.00125,-0.58,k0p001250000_wqm0p580000000,photon_geometry__alpha_sky__cos1,photon_geometry,-0.1035080587671404,-0.1035049830671731,-0.1035042145410779,3.075699967311496e-06,7.685260951934003e-07,0.0005246077353821295,0.00013108389591521186,0.24987030703946642,monotonic,converged
0.00125,-0.45,k0p001250000_wqm0p450000000,photon_geometry__alpha_sky__cos1,photon_geometry,-0.1043992968347849,-0.1043961090124628,-0.1043953124837707,3.1878223221010193e-06,7.965286921013393e-07,0.0005437319202041162,0.00013586016769231028,0.2498660877612419,monotonic,converged
0.0015,-0.7125,k0p001500000_wqm0p712500000,photon_geometry__alpha_sky__cos1,photon_geometry,-0.0975857491412431,-0.0975836264098595,-0.0975830959495452,2.122731383599752e-06,5.304603142991526e-07,0.00036206434821672536,9.04781308814793e-05,0.24989516732898726,monotonic,converged
0.0015,-0.61,k0p001500000_wqm0p610000000,photon_geometry__alpha_sky__cos1,photon_geometry,-0.1026709888914412,-0.1026680232968647,-0.1026672822728673,2.9655945765066916e-06,7.410239973998367e-07,0.0005058275746585973,0.0001263929919274764,0.24987366893310228,monotonic,converged
0.0015,-0.5,k0p001500000_wqm0p500000000,photon_geometry__alpha_sky__cos1,photon_geometry,-0.1041836709558917,-0.104180515202993,-0.1041797266830436,3.1557528987063987e-06,7.885199494045425e-07,0.0005382619888841349,0.00013449415396727936,0.24986745626622775,monotonic,converged
0.00175,-0.7125,k0p001750000_wqm0p712500000,photon_geometry__alpha_sky__cos1,photon_geometry,-0.0973129889358358,-0.0973111742078932,-0.0973107207036991,1.814727942597849e-06,4.5350419410061793e-07,0.00030952964411970924,7.735208595830115e-05,0.2499020285384542,monotonic,converged
0.00175,-0.45,k0p001750000_wqm0p450000000,photon_geometry__alpha_sky__cos1,photon_geometry,-0.1043660316266968,-0.1043628527561692,-0.1043620584628152,3.1788705276009077e-06,7.942933540061592e-07,0.0005422050545506972,0.00013547889654480272,0.24986653187338587,monotonic,converged
0.002,-0.7125,k0p002000000_wqm0p712500000,photon_geometry__alpha_sky__cos1,photon_geometry,-0.0977094646832136,-0.0977080600442247,-0.0977077090054503,1.4046389888999755e-06,3.510387744098953e-07,0.0002395826923392594,5.987503931843771e-05,0.2499138762229622,monotonic,converged
0.002,-0.69,k0p002000000_wqm0p690000000,photon_geometry__alpha_sky__cos1,photon_geometry,-0.0983170515318219,-0.0983149814047181,-0.0983144640872601,2.0701271037926183e-06,5.173174579958806e-07,0.0003530918826335005,8.823641544922302e-05,0.24989647111431884,monotonic,converged
0.002,-0.45,k0p002000000_wqm0p450000000,photon_geometry__alpha_sky__cos1,photon_geometry,-0.1043496325887935,-0.1043464582138177,-0.1043456650429502,3.174374975795091e-06,7.931708674996374e-07,0.0005414382693384829,0.00013528743927964624,0.24986678434263127,monotonic,converged
0.00225,-0.7125,k0p002250000_wqm0p712500000,photon_geometry__alpha_sky__cos1,photon_geometry,-0.099403333733369,-0.0994025222399628,-0.0994023194135201,8.114934061942414e-07,2.028264427106352e-07,0.00013841262887329497,3.459515619758217e-05,0.24994219443119678,monotonic,converged
0.00225,-0.69,k0p002250000_wqm0p690000000,photon_geometry__alpha_sky__cos1,photon_geometry,-0.0982980676869007,-0.0982962458902601,-0.0982957906185877,1.821796640599782e-06,4.552716724032235e-07,0.00031073531882475395,7.765355645266718e-05,0.24990257543418043,monotonic,converged
0.00225,-0.6666666666666666,k0p002250000_wqm0p666666667,photon_geometry__alpha_sky__cos1,photon_geometry,-0.0993195921420903,-0.0993172887849076,-0.0993167131952551,2.3033571826952537e-06,5.755896524961557e-07,0.0003928728446312529,9.817563069044758e-05,0.2498916176876373,monotonic,converged
0.00225,-0.55,k0p002250000_wqm0p550000000,photon_geometry__alpha_sky__cos1,photon_geometry,-0.1034355140647787,-0.1034324695246817,-0.1034317087811907,3.0445400970025016e-06,7.607434909934208e-07,0.000519292942271184,0.0001297564535742427,0.24987139822609328,monotonic,converged
0.00225,-0.475,k0p002250000_wqm0p475000000,photon_geometry__alpha_sky__cos1,photon_geometry,-0.1042147861951873,-0.1042116337551331,-0.1042108460620798,3.1524400541937947e-06,7.87693053311278e-07,0.0005376969325145602,0.000134353114174226,0.24986773412658048,monotonic,converged
0.00225,-0.45,k0p002250000_wqm0p450000000,photon_geometry__alpha_sky__cos1,photon_geometry,-0.1043333904709499,-0.1043302206047014,-0.1043294285597006,3.1698662485007967e-06,7.920450008080948e-07,0.0005406692368449192,0.00013509540547216513,0.2498670097461356,monotonic,converged
0.0025,-0.7125,k0p002500000_wqm0p712500000,photon_geometry__alpha_sky__cos1,photon_geometry,-0.104618104932666,-0.1046180815811403,-0.1046180757319997,2.3351525699211173e-08,5.84914060242081e-09,3.9829603488564515e-06,9.976605123970724e-07,0.2504821602563809,monotonic,converged
0.0025,-0.69,k0p002500000_wqm0p690000000,photon_geometry__alpha_sky__cos1,photon_geometry,-0.0987038708719741,-0.0987023609808208,-0.0987019836425715,1.509891153300691e-06,3.773382492994193e-07,0.000257535060969868,6.436081755108906e-05,0.2499108948844032,monotonic,converged
0.0025,-0.6666666666666666,k0p002500000_wqm0p666666667,photon_geometry__alpha_sky__cos1,photon_geometry,-0.0991427476827991,-0.0991405973747758,-0.0991400600234996,2.1503080232937455e-06,5.373512762113508e-07,0.0003667679664672274,9.165348997429834e-05,0.24989502452223575,monotonic,converged
0.0025,-0.58,k0p002500000_wqm0p580000000,photon_geometry__alpha_sky__cos1,photon_geometry,-0.1026603787113985,-0.1026574509181522,-0.1026567193348134,2.9277932463017686e-06,7.315833387977477e-07,0.0004993799788449617,0.00012478274301425525,0.2498753420248662,monotonic,converged
0.0025,-0.45,k0p002500000_wqm0p450000000,photon_geometry__alpha_sky__cos1,photon_geometry,-0.1043173061906888,-0.1043141408464651,-0.1043133499306553,3.165344223690636e-06,7.909158098035052e-07,0.0005398979362563661,0.00013490280465218026,0.2498672352548552,monotonic,converged
0.0,-0.7125,k0p000000000_wqm0p712500000,photon_geometry__alpha_sky__sin1,photon_geometry,0.052483514289464,0.0524784421541497,0.0524771748155725,5.072135314303228e-06,1.2673385772002388e-06,0.002407693758880029,0.0006015934105914294,0.24986292728161105,monotonic,converged
0.0,-0.69,k0p000000000_wqm0p690000000,photon_geometry__alpha_sky__sin1,photon_geometry,0.052483514289464,0.0524784421541497,0.0524771748155725,5.072135314303228e-06,1.2673385772002388e-06,0.002407693758880029,0.0006015934105914294,0.24986292728161105,monotonic,converged
0.0,-0.6666666666666666,k0p000000000_wqm0p666666667,photon_geometry__alpha_sky__sin1,photon_geometry,0.052483514289464,0.0524784421541497,0.0524771748155725,5.072135314303228e-06,1.2673385772002388e-06,0.002407693758880029,0.0006015934105914294,0.24986292728161105,monotonic,converged
0.0,-0.58,k0p000000000_wqm0p580000000,photon_geometry__alpha_sky__sin1,photon_geometry,0.052483514289464,0.0524784421541496,0.0524771748155725,5.072135314400372e-06,1.2673385771030943e-06,0.0024076937589261422,0.0006015934105453158,0.24986292725767295,monotonic,converged
0.0,-0.45,k0p000000000_wqm0p450000000,photon_geometry__alpha_sky__sin1,photon_geometry,0.052483514289464,0.0524784421541497,0.0524771748155725,5.072135314303228e-06,1.2673385772002388e-06,0.002407693758880029,0.0006015934105914294,0.24986292728161105,monotonic,converged
0.00025,-0.58,k0p000250000_wqm0p580000000,photon_geometry__alpha_sky__sin1,photon_geometry,0.0523975814606942,0.0523924895040408,0.052391217211026,5.091956653394125e-06,1.2722930148034717e-06,0.0024171027575491336,0.0006039452343809931,0.24986328466787014,monotonic,converged
0.0005,-0.7125,k0p000500000_wqm0p712500000,photon_geometry__alpha_sky__sin1,photon_geometry,0.0512376428134532,0.0512324988144362,0.0512312135054611,5.143999017000189e-06,1.285308975099153e-06,0.00244180676607555,0.0006101237853122683,0.24986571164795884,monotonic,converged
0.0005,-0.61,k0p000500000_wqm0p610000000,photon_geometry__alpha_sky__sin1,photon_geometry,0.05221105917438,0.0522059370407087,0.0522046572042958,5.122133671299489e-06,1.2798364129040785e-06,0.0024314274971647086,0.0006075260127715778,0.2498639229341672,monotonic,converged
0.0005,-0.55,k0p000500000_wqm0p550000000,photon_geometry__alpha_sky__sin1,photon_geometry,0.0523810027934219,0.0523759022303912,0.0523746277861635,5.10056303069939e-06,1.27444422769879e-06,0.0024211881219253595,0.0006049663944134304,0.24986344057080262,monotonic,converged
0.0005,-0.5,k0p000500000_wqm0p500000000,photon_geometry__alpha_sky__sin1,photon_geometry,0.0524424702015675,0.0524373816300205,0.0524361101831917,5.0885715469975445e-06,1.27144682880026e-06,0.0024154958801613775,0.0006035435580390708,0.24986321152356858,monotonic,converged
0.0005,-0.475,k0p000500000_wqm0p475000000,photon_geometry__alpha_sky__sin1,photon_geometry,0.0524592337421717,0.0524541493463196,0.0524528789432119,5.084395852096579e-06,1.2704031077045985e-06,0.002413513718028658,0.0006030481136921999,0.24986313903563206,monotonic,converged
0.00075,-0.475,k0p000750000_wqm0p475000000,photon_geometry__alpha_sky__sin1,photon_geometry,0.0524473779500294,0.0524422875806218,0.0524410156843724,5.090369407600992e-06,1.2718962493982189e-06,0.002416349307265747,0.0006037568936663294,0.2498632510833124,monotonic,converged
0.001,-0.58,k0p001000000_wqm0p580000000,photon_geometry__alpha_sky__sin1,photon_geometry,0.0521572116185563,0.05215206852959,0.0521507834551331,5.143088966298726e-06,1.285074456902624e-06,0.0024413747737767645,0.0006100124617841805,0.24986432576285772,monotonic,converged
0.00125,-0.7125,k0p001250000_wqm0p712500000,photon_geometry__alpha_sky__sin1,photon_geometry,0.0500000780112974,0.0499951461859591,0.0499939138777998,4.931825338297391e-06,1.232308159300477e-06,0.002341089965289347,0.000584964808765612,0.24986857294624013,monotonic,converged
0.00125,-0.58,k0p001250000_wqm0p580000000,photon_geometry__alpha_sky__sin1,photon_geometry,0.0520833635139277,0.0520782063292448,0.0520769177310785,5.157184682899607e-06,1.2885981663032786e-06,0.002448065874621645,0.0006116851326823994,0.24986465397992483,monotonic,converged
0.00125,-0.45,k0p001250000_wqm0p450000000,photon_geometry__alpha_sky__sin1,photon_geometry,0.0524513965219573,0.0524463021665989,0.0524450292740203,5.094355358399583e-06,1.2728925786048562e-06,0.002418241399701433,0.0006042298415401461,0.24986332696758354,monotonic,converged
0.0015,-0.7125,k0p001500000_wqm0p712500000,photon_geometry__alpha_sky__sin1,photon_geometry,0.0498901440780833,0.0498854222046242,0.0498842423551032,4.721873459102854e-06,1.1798495209991433e-06,0.002241427831320577,0.0005600631986525512,0.24986894105021445,monotonic,converged
0.0015,-0.61,k0p001500000_wqm0p610000000,photon_geometry__alpha_sky__sin1,photon_geometry,0.0517436869993692,0.0517385015432456,0.0517372058754309,5.185456123601995e-06,1.295667814697754e-06,0.0024614860551010055,0.0006150410266525098,0.2498657367479062,monotonic,converged
0.0015,-0.5,k0p001500000_wqm0p500000000,photon_geometry__alpha_sky__sin1,photon_geometry,0.0523649451440126,0.0523598260527723,0.0523585469773134,5.119091240297913e-06,1.2790754588959397e-06,0.0024299832844849596,0.0006071647952364256,0.24986377441897326,monotonic,converged
0.00175,-0.7125,k0p001750000_wqm0p712500000,photon_geometry__alpha_sky__sin1,photon_geometry,0.0500584832705752,0.0500540953876896,0.0500529989923315,4.387882885599492e-06,1.0963953580994668e-06,0.0020828857243935114,0.0005204483116838444,0.24986887450841166,monotonic,converged
0.00175,-0.45,k0p001750000_wqm0p450000000,photon_geometry__alpha_sky__sin1,photon_geometry,0.052439215403997,0.0524341125570425,0.0524328375419322,5.102846954499474e-06,1.2750151103038676e-06,0.002422272278545494,0.000605237386885067,0.24986348241928233,monotonic,converged
0.002,-0.7125,k0p002000000_wqm0p712500000,photon_geometry__alpha_sky__sin1,photon_geometry,0.0506906594789472,0.0506868180810159,0.0506858582391994,3.841397931303447e-06,9.598418165002176e-07,0.0018234745824884425,0.0004556276613091724,0.24986784333861708,monotonic,converged
0.002,-0.69,k0p002000000_wqm0p690000000,photon_geometry__alpha_sky__sin1,photon_geometry,0.0503309686428516,0.0503262810742827,0.0503251097956865,4.687568568903511e-06,1.1712785961959238e-06,0.0022251436305030024,0.0005559946632374276,0.24986911209490906,monotonic,converged
0.002,-0.45,k0p002000000_wqm0p450000000,photon_geometry__alpha_sky__sin1,photon_geometry,0.0524332697619645,0.0524281627549459,0.0524268867000252,5.10700701860517e-06,1.276054920694436e-06,0.002424247020890317,0.0006057309748579135,0.24986355335829424,monotonic,converged
0.00225,-0.7125,k0p002250000_wqm0p712500000,photon_geometry__alpha_sky__sin1,photon_geometry,0.0522248327417765,0.0522219922699377,0.0522212825344014,2.8404718388011507e-06,7.09735536300049e-07,0.0013483446112469298,0.0003369046201086502,0.249865366241265,monotonic,converged
0.00225,-0.69,k0p002250000_wqm0p690000000,photon_geometry__alpha_sky__sin1,photon_geometry,0.0505735201363794,0.0505691079749306,0.0505680055127922,4.412161448801022e-06,1.1024621383998179e-06,0.0020944105243983643,0.0005233281538332565,0.24986894772388832,monotonic,converged
0.00225,-0.6666666666666666,k0p002250000_wqm0p666666667,photon_geometry__alpha_sky__sin1,photon_geometry,0.0506248217333654,0.0506199055099887,0.0506186770984285,4.916223376699724e-06,1.2284115601945977e-06,0.002333683864458587,0.0005831151307174679,0.24986894737464801,monotonic,converged
0.00225,-0.55,k0p002250000_wqm0p550000000,photon_geometry__alpha_sky__sin1,photon_geometry,0.0520683975291828,0.0520632194711196,0.0520619256550224,5.178058063194657e-06,1.2938160972031376e-06,0.0024579742671129493,0.0006141620342008644,0.24986511958981478,monotonic,converged
0.00225,-0.475,k0p002250000_wqm0p475000000,photon_geometry__alpha_sky__sin1,photon_geometry,0.0523803407302696,0.0523752167563427,0.0523739364604044,5.123973926900172e-06,1.2802959383009793e-06,0.0024323010487657497,0.0006077441450495249,0.24986386671087424,monotonic,converged
0.00225,-0.45,k0p002250000_wqm0p450000000,photon_geometry__alpha_sky__sin1,photon_geometry,0.052427421482234,0.0524223103726857,0.0524210332923098,5.111109548296133e-06,1.277080375901296e-06,0.0024261944522028646,0.0006062177485633794,0.24986362820711414,monotonic,converged
0.0025,-0.7125,k0p002500000_wqm0p712500000,photon_geometry__alpha_sky__sin1,photon_geometry,0.0561047848652973,0.0561044712852823,0.0561043929408071,3.1358001499615096e-07,7.834447519894372e-08,0.00014885341147872263,3.718936745384138e-05,0.24983886552816625,monotonic,converged
0.0025,-0.69,k0p002500000_wqm0p690000000,photon_geometry__alpha_sky__sin1,photon_geometry,0.0511091306678832,0.0511051256942195,0.0511041249783773,4.004973663700173e-06,1.000715842205957e-06,0.0019011224064503175,0.0004750301674518008,0.24986827036495443,monotonic,converged
0.0025,-0.6666666666666666,k0p002500000_wqm0p666666667,photon_geometry__alpha_sky__sin1,photon_geometry,0.0506855980453723,0.0506808161034257,0.0506796212434815,4.781941946599422e-06,1.1948599442021535e-06,0.0022699417635185224,0.0005671885019073995,0.2498691865240759,monotonic,converged
0.0025,-0.58,k0p002500000_wqm0p580000000,photon_geometry__alpha_sky__sin1,photon_geometry,0.0517686168038571,0.0517634139595067,0.0517621139444644,5.202844350404856e-06,1.3000150422964873e-06,0.0024697400788123167,0.0006171046137039802,0.24986621831101433,monotonic,converged
0.0025,-0.45,k0p002500000_wqm0p450000000,photon_geometry__alpha_sky__sin1,photon_geometry,0.0524216711353758,0.0524165559810299,0.0524152778896214,5.115154345897155e-06,1.2780914084992157e-06,0.0024281144786486198,0.0006066976759953568,0.2498637034333808,monotonic,converged
0.0,-0.7125,k0p000000000_wqm0p712500000,photon_geometry__alpha_sky__cos2,photon_geometry,-7.788311254481593e-05,-7.466941861583515e-05,-7.386712505375261e-05,3.2136939289807763e-06,8.022935620825443e-07,0.0011433349442919948,0.0002854317447089277,0.24964840455014703,monotonic,converged
0.0,-0.69,k0p000000000_wqm0p690000000,photon_geometry__alpha_sky__cos2,photon_geometry,-7.788311254481593e-05,-7.466941861583515e-05,-7.386712505375261e-05,3.2136939289807763e-06,8.022935620825443e-07,0.0011433349442919948,0.0002854317447089277,0.24964840455014703,monotonic,converged
0.0,-0.6666666666666666,k0p000000000_wqm0p666666667,photon_geometry__alpha_sky__cos2,photon_geometry,-7.788311254481593e-05,-7.466941861583515e-05,-7.386712505375261e-05,3.2136939289807763e-06,8.022935620825443e-07,0.0011433349442919948,0.0002854317447089277,0.24964840455014703,monotonic,converged
0.0,-0.58,k0p000000000_wqm0p580000000,photon_geometry__alpha_sky__cos2,photon_geometry,-7.788311254481593e-05,-7.46694186172907e-05,-7.386712505375261e-05,3.2136939275252213e-06,8.022935635380993e-07,0.0011433349437741526,0.0002854317452267701,0.24964840511614117,monotonic,converged
0.0,-0.45,k0p000000000_wqm0p450000000,photon_geometry__alpha_sky__cos2,photon_geometry,-7.788311254481593e-05,-7.466941861583515e-05,-7.386712505375261e-05,3.2136939289807763e-06,8.022935620825443e-07,0.0011433349442919948,0.0002854317447089277,0.24964840455014703,monotonic,converged
0.00025,-0.58,k0p000250000_wqm0p580000000,photon_geometry__alpha_sky__cos2,photon_geometry,1.8324587908200613e-05,2.151233436339631e-05,2.230815354300882e-05,3.187746455195698e-06,7.958191796125085e-07,0.0011341036191719984,0.0002831283555610224,0.2496494595156416,monotonic,converged
0.0005,-0.7125,k0p000500000_wqm0p712500000,photon_geometry__alpha_sky__cos2,photon_geometry,0.00067441533264,0.0006773411913774,0.000678071653383,2.9258587373999587e-06,7.304620056000112e-07,0.001040931902806429,0.00025987625297751353,0.24965730445658169,monotonic,converged
0.0005,-0.61,k0p000500000_wqm0p610000000,photon_geometry__alpha_sky__cos2,photon_geometry,0.0001840319877134,0.0001871683397257,0.0001879513330952,3.136352012299997e-06,7.829933695000001e-07,0.0011158190333328888,0.00027856532086806545,0.24965098510284997,monotonic,converged
0.0005,-0.55,k0p000500000_wqm0p550000000,photon_geometry__alpha_sky__cos2,photon_geometry,6.510922440407525e-05,6.828770593161672e-05,6.908121303337563e-05,3.178481527541462e-06,7.935071017589173e-07,0.0011308074385843266,0.00028230578830279793,0.2496497446605237,monotonic,converged
0.0005,-0.5,k0p000500000_wqm0p500000000,photon_geometry__alpha_sky__cos2,photon_geometry,9.514795641490284e-06,1.271061892210336e-05,1.3508453766647268e-05,3.1958232806130762e-06,7.978348445439078e-07,0.0011369771089761638,0.0002838454680810637,0.24964923729789396,monotonic,converged
0.0005,-0.475,k0p000500000_wqm0p475000000,photon_geometry__alpha_sky__cos2,photon_geometry,-9.11372206155829e-06,-5.912636037687463e-06,-5.113488033545483e-06,3.2010860238708265e-06,7.991480041419803e-07,0.0011388494335977343,0.00028431265048520286,0.2496490247942891,monotonic,converged
0.00075,-0.475,k0p000750000_wqm0p475000000,photon_geometry__alpha_sky__cos2,photon_geometry,2.5344849594105595e-05,2.8539591635833365e-05,2.933715631490749e-05,3.1947420417277703e-06,7.975646790741256e-07,0.0011365924369358211,0.00028374935139130757,0.24964916373742313,monotonic,converged
0.001,-0.58,k0p001000000_wqm0p580000000,photon_geometry__alpha_sky__cos2,photon_geometry,0.0003121023659809,0.0003152094975283,0.0003159851999447,3.1071315474000033e-06,7.757024163999524e-07,0.0011054232771261936,0.00027597142062719146,0.2496522611181517,monotonic,converged
0.00125,-0.7125,k0p001250000_wqm0p712500000,photon_geometry__alpha_sky__cos2,photon_geometry,0.0019953604570783,0.0019977329981627,0.0019983253553313,2.3725410843999928e-06,5.923571686000315e-07,0.0008440782440732429,0.0002107427357206586,0.24967203834526494,monotonic,converged
0.00125,-0.58,k0p001250000_wqm0p580000000,photon_geometry__alpha_sky__cos2,photon_geometry,0.0004119108719401,0.0004149901351836,0.000415758883582,3.079263243499985e-06,7.687483984000049e-07,0.0010955085788409262,0.00027349739168782165,0.24965335458823,monotonic,converged
0.00125,-0.45,k0p001250000_wqm0p450000000,photon_geometry__alpha_sky__cos2,photon_geometry,5.835806579594409e-05,6.154958117996887e-05,6.234634030821949e-05,3.1915153840247814e-06,7.967591282506139e-07,0.0011354444898734615,0.0002834627608116576,0.2496491579638982,monotonic,converged
0.0015,-0.7125,k0p001500000_wqm0p712500000,photon_geometry__alpha_sky__cos2,photon_geometry,0.0025187218538402,0.0025208470440243,0.0025213776575598,2.1251901840997622e-06,5.306135355000706e-07,0.0007560782869942468,0.00018877622152522683,0.2496781414999996,monotonic,converged
0.0015,-0.61,k0p001500000_wqm0p610000000,photon_geometry__alpha_sky__cos2,photon_geometry,0.0007312953054883,0.0007342643357863,0.0007350055741368,2.9690302980000215e-06,7.412383504999936e-07,0.001056291036228735,0.00026371015003435,0.24965671485376947,monotonic,converged
0.0015,-0.5,k0p001500000_wqm0p500000000,photon_geometry__alpha_sky__cos2,photon_geometry,0.0001855662912217,0.000188725700134,0.0001895144481893,3.159408912299991e-06,7.887480552999887e-07,0.0011240219798671904,0.00028061266374325786,0.24965051286311488,monotonic,converged
0.00175,-0.7125,k0p001750000_wqm0p712500000,photon_geometry__alpha_sky__cos2,photon_geometry,0.0030990406357944,0.0031008574652786,0.0031013111004354,1.816829484200047e-06,4.536351567996366e-07,0.0006463728914485373,0.00016138964636650853,0.24968504790606308,monotonic,converged
0.00175,-0.45,k0p001750000_wqm0p450000000,photon_geometry__alpha_sky__cos2,photon_geometry,0.0001130176755861,0.000116200228856,0.0001169947520033,3.182553269900012e-06,7.945231472999953e-07,0.0011322560411661413,0.0002826672665262313,0.24964959889735241,monotonic,converged
0.002,-0.7125,k0p002000000_wqm0p712500000,photon_geometry__alpha_sky__cos2,photon_geometry,0.0037328373769312,0.0037342436426257,0.0037345947825376,1.4062656945000584e-06,3.5113991190020497e-07,0.0005003067326921491,0.00012492494322209561,0.24969670615838974,monotonic,converged
0.002,-0.69,k0p002000000_wqm0p690000000,photon_geometry__alpha_sky__cos2,photon_geometry,0.0027329239436244,0.0027349964687804,0.0027355139356714,2.0725251559999477e-06,5.174668910000457e-07,0.00073734166543062,0.000184099043676548,0.24967942584531833,monotonic,converged
0.002,-0.45,k0p002000000_wqm0p450000000,photon_geometry__alpha_sky__cos2,photon_geometry,0.0001403834436691,0.0001435614962164,0.0001443548965422,3.1780525473000098e-06,7.934003258000066e-07,0.0011306548204099447,0.00028226780065128827,0.24964984498889384,monotonic,converged
0.00225,-0.7125,k0p002250000_wqm0p712500000,photon_geometry__alpha_sky__cos2,photon_geometry,0.0043410606232247,0.0043418730562453,0.0043420759402492,8.124330205996205e-07,2.0288400389995714e-07,0.0002890390568845614,7.21799824198759e-05,0.2497239757072128,monotonic,converged
0.00225,-0.69,k0p002250000_wqm0p690000000,photon_geometry__alpha_sky__cos2,photon_geometry,0.0032078238712739,0.003209647778029,0.0032101031810812,1.823906755100014e-06,4.5540305220002214e-07,0.0006488907700359107,0.00016201860999334492,0.24968549018562636,monotonic,converged
0.00225,-0.6666666666666666,k0p002250000_wqm0p666666667,photon_geometry__alpha_sky__cos2,photon_geometry,0.0023393179666368,0.0023416239920314,0.0023421997479205,2.3060253945997138e-06,5.757558891000651e-07,0.000820413976668517,0.0002048365033937084,0.24967456579115704,monotonic,converged
0.00225,-0.55,k0p002250000_wqm0p550000000,photon_geometry__alpha_sky__cos2,photon_geometry,0.0005791975284885,0.0005822455958384,0.0005830065593862,3.0480673499000323e-06,7.60963547799965e-07,0.00108441002494642,0.00027072777767858056,0.2496544401569481,monotonic,converged
0.00225,-0.475,k0p002250000_wqm0p475000000,photon_geometry__alpha_sky__cos2,photon_geometry,0.0002331781027308,0.0002363341950063,0.0002371221159267,3.1560922754999936e-06,7.879209204000013e-07,0.0011228420209679418,0.00028031839420306586,0.2496507869926514,monotonic,converged
0.00225,-0.45,k0p002250000_wqm0p450000000,photon_geometry__alpha_sky__cos2,photon_geometry,0.0001677735290802,0.0001709470676562,0.0001717393417848,3.173538575999992e-06,7.922741286000028e-07,0.0011290488861676385,0.0002818671338045433,0.2496500703005807,monotonic,converged
0.0025,-0.7125,k0p002500000_wqm0p712500000,photon_geometry__alpha_sky__cos2,photon_geometry,0.0042600729974442,0.0042600963763808,0.0042601022183044,2.3378936600017275e-08,5.841923599383958e-09,8.31751740081366e-06,2.0783794414355076e-06,0.24987978278617007,monotonic,converged
0.0025,-0.69,k0p002500000_wqm0p690000000,photon_geometry__alpha_sky__cos2,photon_geometry,0.0037183843197347,0.0037198959594287,0.0037202734063628,1.5116396940000748e-06,3.7744693409972815e-07,0.0005377956095144623,0.00013428418477579244,0.24969371709268537,monotonic,converged
0.0025,-0.6666666666666666,k0p002500000_wqm0p666666667,photon_geometry__alpha_sky__cos2,photon_geometry,0.0026820297535914,0.0026841825525696,0.002684720059035,2.1527989782000635e-06,5.375064653996738e-07,0.0007659006595543643,0.00019122851716909696,0.24967796382413662,monotonic,converged
0.0025,-0.58,k0p002500000_wqm0p580000000,photon_geometry__alpha_sky__cos2,photon_geometry,0.0009276446013507,0.0009305757864744,0.0009313075813983,2.9311851237000773e-06,7.317949238999427e-07,0.001042826869694472,0.00026035046492920404,0.24965837810209252,monotonic,converged
0.0025,-0.45,k0p002500000_wqm0p450000000,photon_geometry__alpha_sky__cos2,photon_geometry,0.0001951881908804,0.0001983572022395,0.0001991483468639,3.1690113590999904e-06,7.911446244000071e-07,0.0011274382395421204,0.0002814652904273835,0.2496502961809183,monotonic,converged
0.0,-0.7125,k0p000000000_wqm0p712500000,photon_geometry__alpha_sky__sin2,photon_geometry,-0.0081040061111646,-0.0081141543040644,-0.0081166892256746,1.0148192899800054e-05,2.5349216101998306e-06,0.016620832055720628,0.004151725018784223,0.24979044399616954,monotonic,converged
0.0,-0.69,k0p000000000_wqm0p690000000,photon_geometry__alpha_sky__sin2,photon_geometry,-0.0081040061111646,-0.0081141543040644,-0.0081166892256746,1.0148192899800054e-05,2.5349216101998306e-06,0.016620832055720628,0.004151725018784223,0.24979044399616954,monotonic,converged
0.0,-0.6666666666666666,k0p000000000_wqm0p666666667,photon_geometry__alpha_sky__sin2,photon_geometry,-0.0081040061111646,-0.0081141543040644,-0.0081166892256746,1.0148192899800054e-05,2.5349216101998306e-06,0.016620832055720628,0.004151725018784223,0.24979044399616954,monotonic,converged
0.0,-0.58,k0p000000000_wqm0p580000000,photon_geometry__alpha_sky__sin2,photon_geometry,-0.0081040061111646,-0.0081141543040642,-0.0081166892256746,1.0148192899598826e-05,2.5349216104010586e-06,0.016620832055391055,0.004151725019113796,0.24979044402095155,monotonic,converged
0.0,-0.45,k0p000000000_wqm0p450000000,photon_geometry__alpha_sky__sin2,photon_geometry,-0.0081040061111646,-0.0081141543040644,-0.0081166892256746,1.0148192899800054e-05,2.5349216101998306e-06,0.016620832055720628,0.004151725018784223,0.24979044399616954,monotonic,converged
0.00025,-0.58,k0p000250000_wqm0p580000000,photon_geometry__alpha_sky__sin2,photon_geometry,-0.0081701784723362,-0.0081803663232848,-0.0081829111547266,1.0187850948599822e-05,2.544831441800982e-06,0.01668578448373089,0.004167955459845947,0.24979080030128764,monotonic,converged
0.0005,-0.7125,k0p000500000_wqm0p712500000,photon_geometry__alpha_sky__sin2,photon_geometry,-0.008512894269144,-0.0085231862443539,-0.0085257571102214,1.0291975209899759e-05,2.5708658674995777e-06,0.016856320447826166,0.004210594954529972,0.24979324328596175,monotonic,converged
0.0005,-0.61,k0p000500000_wqm0p610000000,photon_geometry__alpha_sky__sin2,photon_geometry,-0.0082810693418544,-0.0082913175699924,-0.0082938774896802,1.0248228138000706e-05,2.55991968780081e-06,0.016784670968737328,0.004192667170123299,0.2497914423185564,monotonic,converged
0.0005,-0.55,k0p000500000_wqm0p550000000,photon_geometry__alpha_sky__sin2,photon_geometry,-0.0081979889635476,-0.0082081940338585,-0.0082107431681302,1.0205070310900441e-05,2.5491342717006565e-06,0.016713986561847756,0.0041750026862667445,0.249790956263949,monotonic,converged
0.0005,-0.5,k0p000500000_wqm0p500000000,photon_geometry__alpha_sky__sin2,photon_geometry,-0.0081568988812479,-0.0081670799593887,-0.0081696230982937,1.0181078140799119e-05,2.543138905001033e-06,0.016674691897877167,0.004165183402773535,0.24979072646636424,monotonic,converged
0.0005,-0.475,k0p000500000_wqm0p475000000,photon_geometry__alpha_sky__sin2,photon_geometry,-0.0081431680255246,-0.0081533407490658,-0.0081558818003228,1.0172723541198442e-05,2.541051257000382e-06,0.016661008634440345,0.004161764227837378,0.24979065308414175,monotonic,converged
0.00075,-0.475,k0p000750000_wqm0p475000000,photon_geometry__alpha_sky__sin2,photon_geometry,-0.0081624905995825,-0.0081726752748476,-0.0081752193126793,1.0184675265100668e-05,2.544037831699736e-06,0.016680583311204637,0.004166655675703019,0.24979076558457064,monotonic,converged
0.001,-0.58,k0p001000000_wqm0p580000000,photon_geometry__alpha_sky__sin2,photon_geometry,-0.0083549620796318,-0.0083652522343997,-0.0083678226311875,1.029015476789949e-05,2.5703967878008827e-06,0.016853338906082486,0.004209826690172985,0.2497918491779471,monotonic,converged
0.00125,-0.7125,k0p001250000_wqm0p712500000,photon_geometry__alpha_sky__sin2,photon_geometry,-0.0085190836058382,-0.008528951069124,-0.0085314159231605,9.867463285800557e-06,2.4648540365001387e-06,0.01616104972664755,0.00403696750614004,0.24979611933769286,monotonic,converged
0.00125,-0.58,k0p001250000_wqm0p580000000,photon_geometry__alpha_sky__sin2,photon_geometry,-0.0084116099219012,-0.0084219282788843,-0.0084245057237709,1.031835698309981e-05,2.5774448865999167e-06,0.016899528832414402,0.004221370150925803,0.24979218017184826,monotonic,converged
0.00125,-0.45,k0p001250000_wqm0p450000000,photon_geometry__alpha_sky__sin2,photon_geometry,-0.0081752700849778,-0.008185462735116,-0.0081880087658007,1.0192650138201101e-05,2.546030684700412e-06,0.016693644654024654,0.00416991959425118,0.24979084440052807,monotonic,converged
0.0015,-0.7125,k0p001500000_wqm0p712500000,photon_geometry__alpha_sky__sin2,photon_geometry,-0.0082276681319775,-0.0082371155292051,-0.0082394754558681,9.447397227599005e-06,2.3599266630001947e-06,0.015473060497962893,0.003865116195250512,0.2497964895671011,monotonic,converged
0.0015,-0.61,k0p001500000_wqm0p610000000,photon_geometry__alpha_sky__sin2,photon_geometry,-0.0085730135177063,-0.008583388439159,-0.0085859800247054,1.037492145269936e-05,2.5915855463992665e-06,0.01699217079919782,0.004244529893158009,0.24979326910711067,monotonic,converged
0.0015,-0.5,k0p001500000_wqm0p500000000,photon_geometry__alpha_sky__sin2,photon_geometry,-0.0082588145137513,-0.008269056654654,-0.0082716150522935,1.0242140902699814e-05,2.5583976395009145e-06,0.016774701221747026,0.004190174341161232,0.24979129498467692,monotonic,converged
0.00175,-0.7125,k0p001750000_wqm0p712500000,photon_geometry__alpha_sky__sin2,photon_geometry,-0.007657464720294,-0.0076662438780246,-0.007668436880291,8.77915773059984e-06,2.1930022663999016e-06,0.014378609834452036,0.003591725416292158,0.2497964307847176,monotonic,converged
0.00175,-0.45,k0p001750000_wqm0p450000000,photon_geometry__alpha_sky__sin2,photon_geometry,-0.0082031135326834,-0.0082133231727187,-0.0082158734488658,1.0209640035299672e-05,2.550276147100447e-06,0.016721470911281244,0.004176872863492963,0.2497909954007102,monotonic,converged
0.002,-0.7125,k0p002000000_wqm0p712500000,photon_geometry__alpha_sky__sin2,photon_geometry,-0.0066051116513851,-0.006612797417101,-0.0066147172860169,7.685765715899871e-06,1.919868915900569e-06,0.012587839277878139,0.0031443843386944775,0.24979539929624112,monotonic,converged
0.002,-0.69,k0p002000000_wqm0p690000000,photon_geometry__alpha_sky__sin2,photon_geometry,-0.0081833601267157,-0.0081927388873712,-0.0081950816705352,9.37876065550125e-06,2.3427831639995927e-06,0.015360646696906784,0.00383703836695637,0.24979666824372992,monotonic,converged
0.002,-0.45,k0p002000000_wqm0p450000000,photon_geometry__alpha_sky__sin2,photon_geometry,-0.0082168913237328,-0.0082271092869032,-0.0082296616428738,1.021796317040094e-05,2.5523559705996346e-06,0.016735102641783527,0.00418027922336677,0.2497910716681007,monotonic,converged
0.00225,-0.7125,k0p002250000_wqm0p712500000,photon_geometry__alpha_sky__sin2,photon_geometry,-0.004567990567973,-0.0045736737081021,-0.0045750933163165,5.683140129099547e-06,1.4196082143997507e-06,0.009307915070943428,0.002325051361304394,0.2497929282318572,monotonic,converged
0.00225,-0.69,k0p002250000_wqm0p690000000,photon_geometry__alpha_sky__sin2,photon_geometry,-0.0077048820408671,-0.0077137097745274,-0.0077159149115403,8.827733660299493e-06,2.2051370129000727e-06,0.014458168074767346,0.003611599849662661,0.24979650471526124,monotonic,converged
0.00225,-0.6666666666666666,k0p002250000_wqm0p666666667,photon_geometry__alpha_sky__sin2,photon_geometry,-0.0085375992554246,-0.0085474355024534,-0.0085498925625747,9.836247028801107e-06,2.457060121299412e-06,0.016109923366504526,0.004024202538338693,0.2497965041041564,monotonic,converged
0.00225,-0.55,k0p002250000_wqm0p550000000,photon_geometry__alpha_sky__sin2,photon_geometry,-0.0084903503813202,-0.0085007105008999,-0.0085032983826529,1.0360119579699498e-05,2.587881753000551e-06,0.01696792811405477,0.0042384637759037384,0.24979265278669827,monotonic,converged
0.00225,-0.475,k0p002250000_wqm0p475000000,photon_geometry__alpha_sky__sin2,photon_geometry,-0.0082747108267324,-0.0082849627367245,-0.0082875235755568,1.0251909992100086e-05,2.56083883229917e-06,0.01679070115354399,0.004194172556007566,0.24979138855808336,monotonic,converged
0.00225,-0.45,k0p002250000_wqm0p450000000,photon_geometry__alpha_sky__sin2,photon_geometry,-0.0082305724616085,-0.0082407986329549,-0.0082433530400386,1.0226171346400942e-05,2.5544070836984456e-06,0.016748546090890857,0.004183638561002468,0.24979114833602495,monotonic,converged
0.0025,-0.7125,k0p002500000_wqm0p712500000,photon_geometry__alpha_sky__sin2,photon_geometry,0.0002220805626325,0.0002214531585335,0.0002212964469894,6.274040990000092e-07,1.567115440999974e-07,0.0010275699588599,0.00025666404663336984,0.24977768610337867,monotonic,converged
0.0025,-0.69,k0p002500000_wqm0p690000000,photon_geometry__alpha_sky__sin2,photon_geometry,-0.0069275485475377,-0.0069355615908973,-0.006937563215757,8.013043359600056e-06,2.0016248597001796e-06,0.013123858528324189,0.003278285204086683,0.24979583534914054,monotonic,converged
0.0025,-0.6666666666666666,k0p002500000_wqm0p666666667,photon_geometry__alpha_sky__sin2,photon_geometry,-0.0083442602752557,-0.0083538278557595,-0.008356217806184,9.5675805037998e-06,2.3899504245014636e-06,0.0156698981092857,0.003914289471963003,0.2497967405189103,monotonic,converged
0.0025,-0.58,k0p002500000_wqm0p580000000,photon_geometry__alpha_sky__sin2,photon_geometry,-0.0086517319879712,-0.0086621416991539,-0.0086647419799946,1.0409711182698955e-05,2.6002808406998257e-06,0.017049149836283185,0.004258771150460824,0.24979375460690192,monotonic,converged
0.0025,-0.45,k0p002500000_wqm0p450000000,photon_geometry__alpha_sky__sin2,photon_geometry,-0.0082441564161563,-0.0082543906802153,-0.0082569471095644,1.023426405899995e-05,2.556429349100456e-06,0.016761800432655093,0.004186950651534327,0.24979122429935224,monotonic,converged
0.0,-0.7125,k0p000000000_wqm0p712500000,photon_geometry__alpha_sky__cos3,photon_geometry,-0.0049184775858408,-0.0049152576811634,-0.0049144550007138,3.2199046773994516e-06,8.026804495997117e-07,0.002820305726117662,0.0007030656168607832,0.24928702244937098,monotonic,converged
0.0,-0.69,k0p000000000_wqm0p690000000,photon_geometry__alpha_sky__cos3,photon_geometry,-0.0049184775858408,-0.0049152576811634,-0.0049144550007138,3.2199046773994516e-06,8.026804495997117e-07,0.002820305726117662,0.0007030656168607832,0.24928702244937098,monotonic,converged
0.0,-0.6666666666666666,k0p000000000_wqm0p666666667,photon_geometry__alpha_sky__cos3,photon_geometry,-0.0049184775858408,-0.0049152576811634,-0.0049144550007138,3.2199046773994516e-06,8.026804495997117e-07,0.002820305726117662,0.0007030656168607832,0.24928702244937098,monotonic,converged
0.0,-0.58,k0p000000000_wqm0p580000000,photon_geometry__alpha_sky__cos3,photon_geometry,-0.0049184775858408,-0.0049152576811622,-0.0049144550007138,3.2199046785998803e-06,8.02680448399283e-07,0.0028203057271691144,0.0007030656158093309,0.24928702198361807,monotonic,converged
0.0,-0.45,k0p000000000_wqm0p450000000,photon_geometry__alpha_sky__cos3,photon_geometry,-0.0049184775858408,-0.0049152576811634,-0.0049144550007138,3.2199046773994516e-06,8.026804495997117e-07,0.002820305726117662,0.0007030656168607832,0.24928702244937098,monotonic,converged
0.00025,-0.58,k0p000250000_wqm0p580000000,photon_geometry__alpha_sky__cos3,photon_geometry,-0.0048863057931346,-0.0048831118858908,-0.0048823156829531,3.193907243800344e-06,7.962029376995874e-07,0.002797534644924307,0.0006973919818519138,0.24928805908345888,monotonic,converged
0.0005,-0.7125,k0p000500000_wqm0p712500000,photon_geometry__alpha_sky__cos3,photon_geometry,-0.0045603536120597,-0.004557422099094,-0.0045566912848734,2.931512965700586e-06,7.308142205997986e-07,0.002567704212297046,0.0006401181828620115,0.2492959195986859,monotonic,converged
0.0005,-0.61,k0p000500000_wqm0p610000000,photon_geometry__alpha_sky__cos3,photon_geometry,-0.0048219965840834,-0.0048188541706805,-0.004818070799729,3.142413402899835e-06,7.833709515002799e-07,0.002752431330105438,0.0006861524801333105,0.2492895908531262,monotonic,converged
0.0005,-0.55,k0p000500000_wqm0p550000000,photon_geometry__alpha_sky__cos3,photon_geometry,-0.0048761496846384,-0.004872965060211,-0.0048721711704734,3.1846244274002372e-06,7.938897376002368e-07,0.0027894038513540872,0.0006953658561930873,0.2492883401790419,monotonic,converged
0.0005,-0.5,k0p000500000_wqm0p500000000,photon_geometry__alpha_sky__cos3,photon_geometry,-0.0048984756365446,-0.0048952736368415,-0.004894475417271,3.201999703100235e-06,7.98219570499574e-07,0.002804622807956602,0.0006991583450219789,0.24928783401407664,monotonic,converged
0.0005,-0.475,k0p000500000_wqm0p475000000,photon_geometry__alpha_sky__cos3,photon_geometry,-0.0049052054766178,-0.0049019982039993,-0.0049011986706364,3.207272618499686e-06,7.995333628999651e-07,0.0028092413401755176,0.000700309092202714,0.2492876216035464,monotonic,converged
0.00075,-0.475,k0p000750000_wqm0p475000000,photon_geometry__alpha_sky__cos3,photon_geometry,-0.0048985790604416,-0.0048953781440951,-0.0048945801948072,3.2009163464996257e-06,7.979492879003208e-07,0.0028036738988644876,0.0006989216052303652,0.2492877668524269,monotonic,converged
0.001,-0.58,k0p001000000_wqm0p580000000,photon_geometry__alpha_sky__cos3,photon_geometry,-0.0047894563151135,-0.0047863431786762,-0.0047855671022069,3.1131364372997267e-06,7.760764692997177e-07,0.002726787715775829,0.0006797632630662002,0.24929086306698178,monotonic,converged
0.00125,-0.7125,k0p001250000_wqm0p712500000,photon_geometry__alpha_sky__cos3,photon_geometry,-0.0039969534746476,-0.003994576349658,-0.0039939837071155,2.3771249895998547e-06,5.926425424998896e-07,0.0020821172958699215,0.0005190939868143233,0.24931063578598367,monotonic,converged
0.00125,-0.58,k0p001250000_wqm0p580000000,photon_geometry__alpha_sky__cos3,photon_geometry,-0.004757049918006,-0.0047539647037864,-0.0047531955846889,3.085214219600285e-06,7.691190975003814e-07,0.002702330721437959,0.0006736693200802093,0.24929195924684514,monotonic,converged
0.00125,-0.45,k0p001250000_wqm0p450000000,photon_geometry__alpha_sky__cos3,photon_geometry,-0.0048973005700862,-0.0048941028865867,-0.0048933057432405,3.197683499499976e-06,7.971433461997912e-07,0.0028008422569936052,0.0006982156830927085,0.2492877566915053,monotonic,converged
0.0015,-0.7125,k0p001500000_wqm0p712500000,photon_geometry__alpha_sky__cos3,photon_geometry,-0.0037940104427223,-0.0037918811469464,-0.0037913502779364,2.129295775899886e-06,5.308690099996988e-07,0.0018650443634308878,0.0004649867181564472,0.2493167064943536,monotonic,converged
0.0015,-0.61,k0p001500000_wqm0p610000000,photon_geometry__alpha_sky__cos3,photon_geometry,-0.0046270504109004,-0.0046240756429177,-0.0046233340471672,2.974767982700209e-06,7.415957505004303e-07,0.002605591163728751,0.0006495616955002858,0.24929532481631755,monotonic,converged
0.0015,-0.5,k0p001500000_wqm0p500000000,photon_geometry__alpha_sky__cos3,photon_geometry,-0.0048585341422477,-0.0048553686273143,-0.0048545794989111,3.165514933400025e-06,7.891284031997028e-07,0.0027726658976717014,0.0006911954163760203,0.2492891108721176,monotonic,converged
0.00175,-0.7125,k0p001750000_wqm0p712500000,photon_geometry__alpha_sky__cos3,photon_geometry,-0.0035746679032691,-0.0035728475643225,-0.0035723937107578,1.820338946599987e-06,4.5385356469990895e-07,0.001594429919185474,0.0003975290996427446,0.24932365785372698,monotonic,converged
0.00175,-0.45,k0p001750000_wqm0p450000000,photon_geometry__alpha_sky__cos3,photon_geometry,-0.0048888700992089,-0.0048856813951878,-0.0048848864889052,3.188704021099553e-06,7.949062826003231e-07,0.0027929771563500933,0.0006962562451865016,0.24928819901140195,monotonic,converged
0.002,-0.7125,k0p002000000_wqm0p712500000,photon_geometry__alpha_sky__cos3,photon_geometry,-0.0033266321013278,-0.0033252231201808,-0.0033248718115453,1.4089811469996348e-06,3.513086355004004e-07,0.0012341227443056785,0.00030771027580126295,0.2493352279755461,monotonic,converged
0.002,-0.69,k0p002000000_wqm0p690000000,photon_geometry__alpha_sky__cos3,photon_geometry,-0.0037767911907875,-0.0037747146620081,-0.0037741969459214,2.0765287794002017e-06,5.17716086700145e-07,0.0018188258950946504,0.0004534661085069473,0.24931804068214528,monotonic,converged
0.002,-0.45,k0p002000000_wqm0p450000000,photon_geometry__alpha_sky__cos3,photon_geometry,-0.004884663506995,-0.0048814793123787,-0.0048806855294633,3.184194616299464e-06,7.937829154007134e-07,0.0027890273809830332,0.0006952722909198334,0.24928844215031498,monotonic,converged
0.00225,-0.7125,k0p002250000_wqm0p712500000,photon_geometry__alpha_sky__cos3,photon_geometry,-0.0030332139249831,-0.0030323999243921,-0.0030321969439499,8.140005909999283e-07,2.0298044220001116e-07,0.0007129808978427276,0.00017779001578672142,0.24936154155695084,monotonic,converged
0.00225,-0.69,k0p002250000_wqm0p690000000,photon_geometry__alpha_sky__cos3,photon_geometry,-0.0036076301438005,-0.0036058027140825,-0.0036053470919036,1.8274297179997172e-06,4.55622178900314e-07,0.0016006407065176633,0.0003990782239977935,0.2493240502836041,monotonic,converged
0.00225,-0.6666666666666666,k0p002250000_wqm0p666666667,photon_geometry__alpha_sky__cos3,photon_geometry,-0.0039748520519116,-0.0039725415712398,-0.0039719655381694,2.310480671800265e-06,5.760330704001129e-07,0.00202374371965114,0.0005045457954968632,0.2493130877183592,monotonic,converged
0.00225,-0.55,k0p002250000_wqm0p550000000,photon_geometry__alpha_sky__cos3,photon_geometry,-0.0047274841518844,-0.0047244301938397,-0.0047236688633758,3.0539580446993855e-06,7.613304639003324e-07,0.0026749535230791745,0.0006668472771498603,0.24929303309249407,monotonic,converged
0.00225,-0.475,k0p002250000_wqm0p475000000,photon_geometry__alpha_sky__cos3,photon_geometry,-0.0048589546655968,-0.0048557924736843,-0.0048550041728194,3.1621919124999107e-06,7.883008649005319e-07,0.00276975527272731,0.0006904705778365085,0.24928938113605215,monotonic,converged
0.00225,-0.45,k0p002250000_wqm0p450000000,photon_geometry__alpha_sky__cos3,photon_geometry,-0.0048804626756098,-0.0048772830036262,-0.0048764903474496,3.179671983600564e-06,7.926561765994947e-07,0.0027850660193354778,0.0006942853834765104,0.24928866269467043,monotonic,converged
0.0025,-0.7125,k0p002500000_wqm0p712500000,photon_geometry__alpha_sky__cos3,photon_geometry,-0.0028028871842757,-0.0028028637618048,-0.0028028579221103,2.3422470900313908e-08,5.839694499666648e-09,2.0515678387514142e-05,5.1149724871636256e-06,0.24932017311582547,monotonic,converged
0.0025,-0.69,k0p002500000_wqm0p690000000,photon_geometry__alpha_sky__cos3,photon_geometry,-0.0034207579590793,-0.0034192434000293,-0.0034188657717335,1.5145590500000722e-06,3.776282957996917e-07,0.0013265981416283456,0.0003307635944825831,0.2493321708385511,monotonic,converged
0.0025,-0.6666666666666666,k0p002500000_wqm0p666666667,photon_geometry__alpha_sky__cos3,photon_geometry,-0.0038580150266226,-0.0038558580688825,-0.0038553203036652,2.1569577401000205e-06,5.37765217300222e-07,0.001889273402438437,0.00047102708732472596,0.24931652915707345,monotonic,converged
0.0025,-0.58,k0p002500000_wqm0p580000000,photon_geometry__alpha_sky__cos3,photon_geometry,-0.0045938650752879,-0.0045909282256446,-0.0045901960779112,2.936849643299551e-06,7.321477334008494e-07,0.0025723785936526333,0.000641286203087906,0.24929697544143983,monotonic,converged
0.0025,-0.45,k0p002500000_wqm0p450000000,photon_geometry__alpha_sky__cos3,photon_geometry,-0.0048762676035397,-0.0048730924675389,-0.0048723009414255,3.1751360008002577e-06,7.915261134002274e-07,0.002781092964370507,0.0006932955642020024,0.24928888501177024,monotonic,converged
0.0,-0.7125,k0p000000000_wqm0p712500000,photon_geometry__alpha_sky__sin3,photon_geometry,-0.0072278881702895,-0.0072431202741852,-0.0072469232679124,1.5232103895699775e-05,3.802993727200152e-06,0.020444898236379204,0.005104470155836183,0.24966962891277203,monotonic,converged
0.0,-0.69,k0p000000000_wqm0p690000000,photon_geometry__alpha_sky__sin3,photon_geometry,-0.0072278881702895,-0.0072431202741852,-0.0072469232679124,1.5232103895699775e-05,3.802993727200152e-06,0.020444898236379204,0.005104470155836183,0.24966962891277203,monotonic,converged
0.0,-0.6666666666666666,k0p000000000_wqm0p666666667,photon_geometry__alpha_sky__sin3,photon_geometry,-0.0072278881702895,-0.0072431202741852,-0.0072469232679124,1.5232103895699775e-05,3.802993727200152e-06,0.020444898236379204,0.005104470155836183,0.24966962891277203,monotonic,converged
0.0,-0.58,k0p000000000_wqm0p580000000,photon_geometry__alpha_sky__sin3,photon_geometry,-0.0072278881702895,-0.0072431202741855,-0.0072469232679124,1.5232103895999882e-05,3.8029937269000447e-06,0.020444898236782017,0.005104470155433372,0.24966962888815067,monotonic,converged
0.0,-0.45,k0p000000000_wqm0p450000000,photon_geometry__alpha_sky__sin3,photon_geometry,-0.0072278881702895,-0.0072431202741852,-0.0072469232679124,1.5232103895699775e-05,3.802993727200152e-06,0.020444898236379204,0.005104470155836183,0.24966962891277203,monotonic,converged
0.00025,-0.58,k0p000250000_wqm0p580000000,photon_geometry__alpha_sky__sin3,photon_geometry,-0.007239878924799,-0.0072551705536308,-0.0072589884144927,1.5291628831799742e-05,3.817860861899704e-06,0.020524794045219792,0.005124425183590733,0.2496699929022775,monotonic,converged
0.0005,-0.7125,k0p000500000_wqm0p712500000,photon_geometry__alpha_sky__sin3,photon_geometry,-0.0072044584809288,-0.0072199063959387,-0.0072237633147161,1.5447915009900344e-05,3.8569187773996455e-06,0.020734565133238795,0.005176849662388232,0.24967244931939375,monotonic,converged
0.0005,-0.61,k0p000500000_wqm0p610000000,photon_geometry__alpha_sky__sin3,photon_geometry,-0.0072539667857901,-0.0072693490384673,-0.0072731895353342,1.5382252677199892e-05,3.840496866899801e-06,0.02064643156224845,0.0051548077769523635,0.24967063976216683,monotonic,converged
0.0005,-0.55,k0p000500000_wqm0p550000000,photon_geometry__alpha_sky__sin3,photon_geometry,-0.007246082511205,-0.0072613999856014,-0.007265224301757,1.5317474396399702e-05,3.8243161556003255e-06,0.020559484587099375,0.0051330896349166205,0.2496701516601988,monotonic,converged
0.0005,-0.5,k0p000500000_wqm0p500000000,photon_geometry__alpha_sky__sin3,photon_geometry,-0.007239591847484,-0.0072548733105528,-0.007258688632204,1.528146306880012e-05,3.815321651200361e-06,0.020511149312263298,0.005121016993579409,0.24966991930177368,monotonic,converged
0.0005,-0.475,k0p000500000_wqm0p475000000,photon_geometry__alpha_sky__sin3,photon_geometry,-0.0072370630225867,-0.0072523319457215,-0.0072561441354015,1.5268923134800078e-05,3.8121896799997446e-06,0.020494317909570847,0.005116813186087395,0.24966984549887572,monotonic,converged
0.00075,-0.475,k0p000750000_wqm0p475000000,photon_geometry__alpha_sky__sin3,photon_geometry,-0.0072414853131595,-0.0072567721752978,-0.0072605888455562,1.528686213829976e-05,3.816670258400233e-06,0.0205183960739219,0.0051228271267790655,0.24966995998727126,monotonic,converged
0.001,-0.58,k0p001000000_wqm0p580000000,photon_geometry__alpha_sky__sin3,photon_geometry,-0.0072669782209903,-0.0072824234039394,-0.0072862796189864,1.5445182949099662e-05,3.856215047000171e-06,0.020730898095157383,0.005175905098426377,0.2496710501719864,monotonic,converged
0.00125,-0.7125,k0p001250000_wqm0p712500000,photon_geometry__alpha_sky__sin3,photon_geometry,-0.0068347609683012,-0.0068495717040682,-0.0068532695796218,1.4810735766999927e-05,3.6978755535996624e-06,0.019879327743273917,0.004963378000952525,0.24967534441057054,monotonic,converged
0.00125,-0.58,k0p001250000_wqm0p580000000,photon_geometry__alpha_sky__sin3,photon_geometry,-0.0072728875766679,-0.007288375090092,-0.0072922418789866,1.548751342410077e-05,3.866788894599758e-06,0.020787715082464013,0.0051900975724024495,0.24967138292080418,monotonic,converged
0.00125,-0.45,k0p001250000_wqm0p450000000,photon_geometry__alpha_sky__sin3,photon_geometry,-0.0072453052726551,-0.0072606041048373,-0.0072644237648524,1.5298832182199414e-05,3.819660015100257e-06,0.020534462556338853,0.005126840050528934,0.24967003818399486,monotonic,converged
0.0015,-0.7125,k0p001500000_wqm0p712500000,photon_geometry__alpha_sky__sin3,photon_geometry,-0.0065689266999136,-0.006583106930242,-0.0065866473894743,1.4180230328399504e-05,3.5404592323004178e-06,0.019033048094846065,0.004752090007399854,0.24967572107836297,monotonic,converged
0.0015,-0.61,k0p001500000_wqm0p610000000,photon_geometry__alpha_sky__sin3,photon_geometry,-0.0072672562078681,-0.0072828286223451,-0.0072867166256386,1.5572414476999752e-05,3.8880032935005235e-06,0.02090167132899219,0.005218572051676093,0.24967247688167127,monotonic,converged
0.0015,-0.5,k0p001500000_wqm0p500000000,photon_geometry__alpha_sky__sin3,photon_geometry,-0.0072605107953644,-0.0072758839112731,-0.0072797221246999,1.5373115908700122e-05,3.83821342680047e-06,0.020634167970595828,0.005151742888426173,0.24967049293034382,monotonic,converged
0.00175,-0.7125,k0p001750000_wqm0p712500000,photon_geometry__alpha_sky__sin3,photon_geometry,-0.006177007429595,-0.0061901846547847,-0.0061934746871912,1.3177225189699854e-05,3.2900324064997696e-06,0.01768679034006086,0.00441596106525161,0.2496756607811078,monotonic,converged
0.00175,-0.45,k0p001750000_wqm0p450000000,photon_geometry__alpha_sky__sin3,photon_geometry,-0.0072518578379121,-0.0072671821709943,-0.0072710082002408,1.5324333082199562e-05,3.826029246500363e-06,0.020568690481056875,0.005135388986953658,0.24967019614997812,monotonic,converged
0.002,-0.7125,k0p002000000_wqm0p712500000,photon_geometry__alpha_sky__sin3,photon_geometry,-0.0055672060770685,-0.0055787421569364,-0.0055816224236242,1.1536079867899979e-05,2.8802666877996916e-06,0.015484005398134307,0.0038659636074516407,0.24967464864856329,monotonic,converged
0.002,-0.69,k0p002000000_wqm0p690000000,photon_geometry__alpha_sky__sin3,photon_geometry,-0.0065346560251758,-0.0065487332345466,-0.0065522479743918,1.4077209370800571e-05,3.514739845199462e-06,0.018894770874000745,0.004717568824011029,0.24967589474728247,monotonic,converged
0.002,-0.45,k0p002000000_wqm0p450000000,photon_geometry__alpha_sky__sin3,photon_geometry,-0.0072550446090437,-0.0072703814350494,-0.0072742105845277,1.5336826005700813e-05,3.829149478299862e-06,0.020585458785120903,0.005139577037537575,0.24967026925105223,monotonic,converged
0.00225,-0.7125,k0p002250000_wqm0p712500000,photon_geometry__alpha_sky__sin3,photon_geometry,-0.0044815759168381,-0.0044901061221537,-0.0044922358773654,8.530205315600108e-06,2.12975521169962e-06,0.01144944787713143,0.002858608953152535,0.2496722098593227,monotonic,converged
0.00225,-0.69,k0p002250000_wqm0p690000000,photon_geometry__alpha_sky__sin3,photon_geometry,-0.006215892151213,-0.0062291422871964,-0.0062324505247022,1.3250135983400128e-05,3.3082375057993593e-06,0.01778465297070879,0.0044403963898208155,0.24967573992779732,monotonic,converged
0.00225,-0.6666666666666666,k0p002250000_wqm0p666666667,photon_geometry__alpha_sky__sin3,photon_geometry,-0.006819428291501,-0.0068341921728621,-0.006837878355724,1.4763881361099657e-05,3.686182861900242e-06,0.019816438626503417,0.004947683787366475,0.24967573036808013,monotonic,converged
0.00225,-0.55,k0p002250000_wqm0p550000000,photon_geometry__alpha_sky__sin3,photon_geometry,-0.0072864564394615,-0.0073020066371224,-0.0073058890838374,1.5550197660899392e-05,3.882446715000251e-06,0.020871851381109845,0.005211113877627491,0.2496718562467262,monotonic,converged
0.00225,-0.475,k0p002250000_wqm0p475000000,photon_geometry__alpha_sky__sin3,photon_geometry,-0.0072656679445255,-0.0072810557234444,-0.0072848975992506,1.5387778918899385e-05,3.841875806200219e-06,0.02065384901750935,0.005156658622630954,0.24967058770785944,monotonic,converged
0.00225,-0.45,k0p002250000_wqm0p450000000,photon_geometry__alpha_sky__sin3,photon_geometry,-0.0072581714556324,-0.0072735206018334,-0.0072773528284726,1.534914620100053e-05,3.832226639200083e-06,0.02060199524921541,0.005143707277318814,0.2496703457649182,monotonic,converged
0.0025,-0.7125,k0p002500000_wqm0p712500000,photon_geometry__alpha_sky__sin3,photon_geometry,-0.0018033172003458,-0.001804258912623,-0.001804494028261,9.417122771998576e-07,2.3511563799994903e-07,0.001263988993715796,0.00031557789558193505,0.2496682306182262,monotonic,converged
0.0025,-0.69,k0p002500000_wqm0p690000000,photon_geometry__alpha_sky__sin3,photon_geometry,-0.0057623452690722,-0.0057743725820059,-0.0057773755023673,1.2027312933700178e-05,3.002920361400152e-06,0.01614335029949524,0.004030592334530335,0.24967508353308554,monotonic,converged
0.0025,-0.6666666666666666,k0p002500000_wqm0p666666667,photon_geometry__alpha_sky__sin3,photon_geometry,-0.0066543403238102,-0.0066687009453118,-0.00667228644745,1.4360621501599904e-05,3.5855021382003374e-06,0.019275173490265963,0.004812547685058857,0.24967597243621245,monotonic,converged
0.0025,-0.58,k0p002500000_wqm0p580000000,photon_geometry__alpha_sky__sin3,photon_geometry,-0.0072763785855471,-0.0072920032181409,-0.0072959042664869,1.5624632593799932e-05,3.9010483459996775e-06,0.020971759748253594,0.005236081436634315,0.2496729649532794,monotonic,converged
0.0025,-0.45,k0p002500000_wqm0p450000000,photon_geometry__alpha_sky__sin3,photon_geometry,-0.0072612381876526,-0.0072765994806724,-0.0072804347411893,1.5361293019800458e-05,3.8352605168994955e-06,0.0206182990031788,0.005147779421341126,0.24967042240232687,monotonic,converged
0.0,-0.7125,k0p000000000_wqm0p712500000,photon_geometry__beta_sky__mean,photon_geometry,0.0060377164801511,0.0060405572915754,0.0060412672942515,2.840811424300628e-06,7.100026760999134e-07,0.001857885043244672,0.0004643403435039575,0.24992953422619635,monotonic,converged
0.0,-0.69,k0p000000000_wqm0p690000000,photon_geometry__beta_sky__mean,photon_geometry,0.0060377164801511,0.0060405572915754,0.0060412672942515,2.840811424300628e-06,7.100026760999134e-07,0.001857885043244672,0.0004643403435039575,0.24992953422619635,monotonic,converged
0.0,-0.6666666666666666,k0p000000000_wqm0p666666667,photon_geometry__beta_sky__mean,photon_geometry,0.0060377164801511,0.0060405572915754,0.0060412672942515,2.840811424300628e-06,7.100026760999134e-07,0.001857885043244672,0.0004643403435039575,0.24992953422619635,monotonic,converged
0.0,-0.58,k0p000000000_wqm0p580000000,photon_geometry__beta_sky__mean,photon_geometry,0.0060377164801511,0.0060405572915755,0.0060412672942515,2.8408114244003746e-06,7.100026760001668e-07,0.001857885043309906,0.00046434034343872347,0.24992953418230882,monotonic,converged
0.0,-0.45,k0p000000000_wqm0p450000000,photon_geometry__beta_sky__mean,photon_geometry,0.0060377164801511,0.0060405572915754,0.0060412672942515,2.840811424300628e-06,7.100026760999134e-07,0.001857885043244672,0.0004643403435039575,0.24992953422619635,monotonic,converged
0.00025,-0.58,k0p000250000_wqm0p580000000,photon_geometry__beta_sky__mean,photon_geometry,0.0060309159666447,0.0060337718134338,0.0060344855771076,2.8558467891001693e-06,7.137636737998207e-07,0.0018677181420353362,0.00046680002854836546,0.24993066032954658,monotonic,converged
0.0005,-0.7125,k0p000500000_wqm0p712500000,photon_geometry__beta_sky__mean,photon_geometry,0.0059106183027221,0.0059135334246323,0.0059142620236946,2.9151219101998527e-06,7.285990622999533e-07,0.0019064839537979842,0.00047650234323541157,0.24993776752547633,monotonic,converged
0.0005,-0.61,k0p000500000_wqm0p610000000,photon_geometry__beta_sky__mean,photon_geometry,0.0060174689415894,0.0060203488959444,0.006021068688477,2.879954355000311e-06,7.197925326000304e-07,0.0018834844423718446,0.0004707428902592589,0.24993192386896448,monotonic,converged
0.0005,-0.55,k0p000500000_wqm0p550000000,photon_geometry__beta_sky__mean,photon_geometry,0.0060241253688424,0.006026987540325,0.0060277028851654,2.8621714825999983e-06,7.153448404002491e-07,0.0018718544790536694,0.00046783410837242034,0.24993081118620797,monotonic,converged
0.0005,-0.5,k0p000500000_wqm0p500000000,photon_geometry__beta_sky__mean,photon_geometry,0.0060257611058992,0.0060286140122938,0.0060293270404794,2.8529063946002367e-06,7.130281855999634e-07,0.0018657951298579232,0.0004663190207228164,0.24993045230980193,monotonic,converged
0.0005,-0.475,k0p000500000_wqm0p475000000,photon_geometry__beta_sky__mean,photon_geometry,0.0060263846737812,0.006029234433485,0.0060299466745744,2.849759703799949e-06,7.122410894001147e-07,0.0018637372003087948,0.00046580426136751926,0.24993022690663794,monotonic,converged
0.00075,-0.475,k0p000750000_wqm0p475000000,photon_geometry__beta_sky__mean,photon_geometry,0.0060204890367434,0.0060233431778815,0.0060240565139785,2.8541411380995224e-06,7.133360970003333e-07,0.001866602649660168,0.0004665203941686207,0.24993021104601718,monotonic,converged
0.001,-0.58,k0p001000000_wqm0p580000000,photon_geometry__beta_sky__mean,photon_geometry,0.0059975800108122,0.006000476043205,0.006001199858139,2.8960323927998757e-06,7.238149340007063e-07,0.0018939994472387685,0.0004733735328060735,0.24993330040100972,monotonic,converged
0.00125,-0.7125,k0p001250000_wqm0p712500000,photon_geometry__beta_sky__mean,photon_geometry,0.0051688654318444,0.0051717045182931,0.0051724141409257,2.8390864487007686e-06,7.096226325997712e-07,0.0018567569126199052,0.00046409179580781106,0.24994752552339886,monotonic,converged
0.00125,-0.58,k0p001250000_wqm0p580000000,photon_geometry__beta_sky__mean,photon_geometry,0.0059817941471056,0.0059847018336703,0.0059854285646126,2.907686564699967e-06,7.267309423001148e-07,0.0019016212525720501,0.00047528059645665774,0.24993441560132645,monotonic,converged
0.00125,-0.45,k0p001250000_wqm0p450000000,photon_geometry__beta_sky__mean,photon_geometry,0.0060104040637165,0.0060132610255467,0.0060139750663206,2.856961830199553e-06,7.14040773899631e-07,0.001868447376705201,0.0004669812514646475,0.24993010629398457,monotonic,converged
0.0015,-0.7125,k0p001500000_wqm0p712500000,photon_geometry__beta_sky__mean,photon_geometry,0.0046627919578536,0.0046655251346228,0.0046662082930389,2.7331767692003947e-06,6.831584161001367e-07,0.0017874921920561235,0.0004467842506482571,0.24995032293502123,monotonic,converged
0.0015,-0.61,k0p001500000_wqm0p610000000,photon_geometry__beta_sky__mean,photon_geometry,0.0059183343216188,0.005921270936256,0.0059220049056469,2.936614637199901e-06,7.339693909001743e-07,0.0019205401546743804,0.00048001452750019995,0.2499372514195541,monotonic,converged
0.0015,-0.5,k0p001500000_wqm0p500000000,photon_geometry__beta_sky__mean,photon_geometry,0.0059983222716091,0.0060011979686717,0.0060019166962542,2.8756970625997552e-06,7.187275824997036e-07,0.0018807001815764773,0.0004700464150035364,0.2499316050522869,monotonic,converged
0.00175,-0.7125,k0p001750000_wqm0p712500000,photon_geometry__beta_sky__mean,photon_geometry,0.0039255466694038,0.0039281026694863,0.0039287415478558,2.5560000824998916e-06,6.388783695002523e-07,0.0016716189899784635,0.0004178251879000652,0.24995240566479104,monotonic,converged
0.00175,-0.45,k0p001750000_wqm0p450000000,photon_geometry__beta_sky__mean,photon_geometry,0.0059989057238296,0.0060017689068627,0.0060024845039441,2.8631830330996116e-06,7.155970814000379e-07,0.0018725160310763213,0.0004679990734865395,0.24993060978897672,monotonic,converged
0.002,-0.7125,k0p002000000_wqm0p712500000,photon_geometry__beta_sky__mean,photon_geometry,0.0028175966645018,0.0028198531589707,0.0028204171808724,2.2564944689002463e-06,5.640219016998446e-07,0.0014757429120682273,0.0003688692062650849,0.2499549232109279,monotonic,converged
0.002,-0.69,k0p002000000_wqm0p690000000,photon_geometry__beta_sky__mean,photon_geometry,0.0045086598602973,0.0045113769841119,0.0045120561312217,2.717123814599369e-06,6.791471097999935e-07,0.0017769935915513493,0.00044416086427520916,0.24995074061434758,monotonic,converged
0.002,-0.45,k0p002000000_wqm0p450000000,photon_geometry__beta_sky__mean,photon_geometry,0.005993031618177,0.0059958978599819,0.0059966142224795,2.866241804899694e-06,7.163624976000774e-07,0.0018745164617735015,0.000468499654164914,0.249930936174154,monotonic,converged
0.00225,-0.7125,k0p002250000_wqm0p712500000,photon_geometry__beta_sky__mean,photon_geometry,0.0010372539404848,0.0010389457114891,0.0010393685817313,1.691771004299963e-06,4.228702422000557e-07,0.0011064148850562,0.00027655630060349784,0.24995714025435428,monotonic,converged
0.00225,-0.69,k0p002250000_wqm0p690000000,photon_geometry__beta_sky__mean,photon_geometry,0.0038970094438023,0.0038995798900284,0.0039002223799731,2.570446226100257e-06,6.424899446997451e-07,0.0016810667392722384,0.00042018715092523957,0.24995268843826246,monotonic,converged
0.00225,-0.6666666666666666,k0p002250000_wqm0p666666667,photon_geometry__beta_sky__mean,photon_geometry,0.0049848605798276,0.0049876967132187,0.0049884056017343,2.836133391100233e-06,7.088885155999425e-07,0.0018548256187997864,0.000463611684744364,0.2499489332287507,monotonic,converged
0.00225,-0.55,k0p002250000_wqm0p550000000,photon_geometry__beta_sky__mean,photon_geometry,0.0059421842002382,0.005945108116935,0.0059458389069809,2.9239166968002273e-06,7.307900459002301e-07,0.001912235726810298,0.0004779352421691909,0.24993531679612016,monotonic,converged
0.00225,-0.475,k0p002250000_wqm0p475000000,photon_geometry__beta_sky__mean,photon_geometry,0.0059818002802776,0.0059846793665364,0.0059853989421683,2.8790862587994848e-06,7.195756319003724e-07,0.0018829167091763863,0.0004706010376314087,0.2499319461864333,monotonic,converged
0.00225,-0.45,k0p002250000_wqm0p450000000,photon_geometry__beta_sky__mean,photon_geometry,0.0059870735165711,0.0059899427826248,0.0059906599017297,2.8692660536998663e-06,7.171191049003267e-07,0.001876494314497138,0.0004689944738402781,0.2499311989474154,monotonic,converged
0.0025,-0.7125,k0p002500000_wqm0p712500000,photon_geometry__beta_sky__mean,photon_geometry,-0.0022649240229972,-0.0022647304804659,-0.0022646821030951,1.9354253129972784e-07,4.837737080029547e-08,0.00012657643202135536,3.1638704657595394e-05,0.24995731158117543,monotonic,converged
0.0025,-0.69,k0p002500000_wqm0p690000000,photon_geometry__beta_sky__mean,photon_geometry,0.0030540847438554,0.0030564326769242,0.0030570195533279,2.3479330687999414e-06,5.868764036999485e-07,0.0015355435752434326,0.0003838160052935533,0.24995448613869925,monotonic,converged
0.0025,-0.6666666666666666,k0p002500000_wqm0p666666667,photon_geometry__beta_sky__mean,photon_geometry,0.0046515406026826,0.0046543084906845,0.004655000325108,2.7678880019001845e-06,6.918344234996265e-07,0.0018101932694714966,0.00045245834229851883,0.24995029532433208,monotonic,converged
0.0025,-0.58,k0p002500000_wqm0p580000000,photon_geometry__beta_sky__mean,photon_geometry,0.0058619776813488,0.0058649290264103,0.0058656666819419,2.951345061499508e-06,7.376555316001426e-07,0.0019301738229822389,0.00048242525621495526,0.24993876223519507,monotonic,converged
0.0025,-0.45,k0p002500000_wqm0p450000000,photon_geometry__beta_sky__mean,photon_geometry,0.0059810308834323,0.0059839031391993,0.0059846210062332,2.872255766999711e-06,7.178670338994428e-07,0.0018784495810719825,0.00046948361792389454,0.24993144487592392,monotonic,converged
0.0,-0.7125,k0p000000000_wqm0p712500000,photon_geometry__beta_sky__amplitude,photon_geometry,0.122475542287267,0.1224755422870318,0.1224755422870298,2.352007477668394e-13,1.9984014443252818e-15,3.7343747537262805e-11,3.172940550723297e-13,0.0019984014443252818,monotonic,converged
0.0,-0.69,k0p000000000_wqm0p690000000,photon_geometry__beta_sky__amplitude,photon_geometry,0.122475542287267,0.1224755422870318,0.1224755422870298,2.352007477668394e-13,1.9984014443252818e-15,3.7343747537262805e-11,3.172940550723297e-13,0.0019984014443252818,monotonic,converged
0.0,-0.6666666666666666,k0p000000000_wqm0p666666667,photon_geometry__beta_sky__amplitude,photon_geometry,0.122475542287267,0.1224755422870318,0.1224755422870298,2.352007477668394e-13,1.9984014443252818e-15,3.7343747537262805e-11,3.172940550723297e-13,0.0019984014443252818,monotonic,converged
0.0,-0.58,k0p000000000_wqm0p580000000,photon_geometry__beta_sky__amplitude,photon_geometry,0.122475542287267,0.1224755422870318,0.1224755422870298,2.352007477668394e-13,1.9984014443252818e-15,3.7343747537262805e-11,3.172940550723297e-13,0.0019984014443252818,monotonic,converged
0.0,-0.45,k0p000000000_wqm0p450000000,photon_geometry__beta_sky__amplitude,photon_geometry,0.122475542287267,0.1224755422870318,0.1224755422870298,2.352007477668394e-13,1.9984014443252818e-15,3.7343747537262805e-11,3.172940550723297e-13,0.0019984014443252818,monotonic,converged
0.00025,-0.58,k0p000250000_wqm0p580000000,photon_geometry__beta_sky__amplitude,photon_geometry,0.1223089169220612,0.12230891692182,0.1223089169218187,2.4119595209981526e-13,1.304512053934559e-15,3.82956297024798e-11,2.0712250817221523e-13,0.001304512053934559,monotonic,converged
0.0005,-0.7125,k0p000500000_wqm0p712500000,photon_geometry__beta_sky__amplitude,photon_geometry,0.1197139835388666,0.1197139835388453,0.1197214719406877,2.130240428499519e-14,7.488401842406511e-06,3.3822664898335148e-12,0.0011889630050735285,7488401.842406511,non-monotonic,converged
0.0005,-0.61,k0p000500000_wqm0p610000000,photon_geometry__beta_sky__amplitude,photon_geometry,0.1219249902343908,0.1219249902342487,0.1219249902342481,1.4209466936421222e-13,5.967448757360216e-16,2.2560929374205443e-11,9.474753033409846e-14,0.0005967448757360216,monotonic,converged
0.0005,-0.55,k0p000500000_wqm0p550000000,photon_geometry__beta_sky__amplitude,photon_geometry,0.122283408688642,0.1222834086884599,0.1222834086884593,1.821043316141413e-13,5.967448757360216e-16,2.8913420768466047e-11,9.474753033409846e-14,0.0005967448757360216,monotonic,converged
0.0005,-0.5,k0p000500000_wqm0p500000000,photon_geometry__beta_sky__amplitude,photon_geometry,0.1224073468072819,0.1224073468071169,0.122407346807115,1.6499301924710608e-13,1.9012569296705806e-15,2.6196590421909223e-11,3.018700385063137e-13,0.0019012569296705806,monotonic,converged
0.0005,-0.475,k0p000500000_wqm0p475000000,photon_geometry__beta_sky__amplitude,photon_geometry,0.1224399529636258,0.1224399529634337,0.1224399529634334,1.920963388357677e-13,3.0531133177191805e-16,3.049989104382769e-11,4.8475480636050374e-14,0.00030531133177191805,monotonic,converged
0.00075,-0.475,k0p000750000_wqm0p475000000,photon_geometry__beta_sky__amplitude,photon_geometry,0.1224224152504874,0.1224224152503019,0.1224224152503005,1.8550438962705584e-13,1.4016565685892601e-15,2.9453261348276604e-11,2.2254652473823127e-13,0.0014016565685892601,monotonic,converged
0.001,-0.58,k0p001000000_wqm0p580000000,photon_geometry__beta_sky__amplitude,photon_geometry,0.12182632097909,0.121826320978962,0.1218263209789598,1.2800871473928055e-13,2.192690473634684e-15,2.032444697213312e-11,3.4814208820436177e-13,0.002192690473634684,monotonic,converged
0.00125,-0.7125,k0p001250000_wqm0p712500000,photon_geometry__beta_sky__amplitude,photon_geometry,0.1161772791702044,0.1162157730089696,0.1162157730089651,3.849383876519674e-05,4.496403249731884e-15,0.006111818139339601,7.139116239127418e-13,1.1680838788666608e-10,non-monotonic,converged
0.00125,-0.58,k0p001250000_wqm0p580000000,photon_geometry__beta_sky__amplitude,photon_geometry,0.1216718166198601,0.1216718166198219,0.1216718166198207,3.8191672047105385e-14,1.2073675392798577e-15,6.0638419413823016e-12,1.916984916061992e-13,0.0012073675392798577,monotonic,converged
0.00125,-0.45,k0p001250000_wqm0p450000000,photon_geometry__beta_sky__amplitude,photon_geometry,0.1224399636117388,0.1224399636115273,0.122439963611526,2.1149748619109232e-13,1.304512053934559e-15,3.3580287495154896e-11,2.0712250817221523e-13,0.001304512053934559,monotonic,converged
0.0015,-0.7125,k0p001500000_wqm0p712500000,photon_geometry__beta_sky__amplitude,photon_geometry,0.115358179523804,0.1153691100252823,0.1153755460671478,1.0930501478295662e-05,6.436041865495734e-06,0.0017354786986723202,0.0010218756736376866,0.588814875353667,monotonic,converged
0.0015,-0.61,k0p001500000_wqm0p610000000,photon_geometry__beta_sky__amplitude,photon_geometry,0.1209014612618331,0.1209014612618322,0.1209090972024634,9.020562075079397e-16,7.635940631203764e-06,1.4322301097014884e-13,0.0012123883186965108,7635940.631203764,non-monotonic,converged
0.0015,-0.5,k0p001500000_wqm0p500000000,photon_geometry__beta_sky__amplitude,photon_geometry,0.1222753038247279,0.1222753038245945,0.1222753038245933,1.3339329640871256e-13,1.2073675392798577e-15,2.117937817607801e-11,1.916984916061992e-13,0.0012073675392798577,monotonic,converged
0.00175,-0.7125,k0p001750000_wqm0p712500000,photon_geometry__beta_sky__amplitude,photon_geometry,0.1148370750735865,0.114837075073917,0.1148395141086451,3.304995166431013e-13,2.4390347281022517e-06,5.247470778852453e-11,0.00038725513411700356,2439034.728102252,monotonic,converged
0.00175,-0.45,k0p001750000_wqm0p450000000,photon_geometry__beta_sky__amplitude,photon_geometry,0.1224262970369942,0.122426297036835,0.1224262970368349,1.5920598173124745e-13,9.71445146547012e-17,2.5277759720762267e-11,1.5424016566016028e-14,9.71445146547012e-05,monotonic,converged
0.002,-0.7125,k0p002000000_wqm0p712500000,photon_geometry__beta_sky__amplitude,photon_geometry,0.114791189339632,0.1147911893398087,0.1147978321623206,1.7669199436909366e-13,6.642822511906954e-06,2.8054082702645153e-11,0.0010547070499342772,6642822.511906954,monotonic,converged
0.002,-0.69,k0p002000000_wqm0p690000000,photon_geometry__beta_sky__amplitude,photon_geometry,0.1161847165387643,0.1161869152968546,0.1161977554951342,2.1987580902937953e-06,1.0840198279599145e-05,0.00034910546755932605,0.0017211409047411842,4.93014594349972,monotonic,converged
0.002,-0.45,k0p002000000_wqm0p450000000,photon_geometry__beta_sky__amplitude,photon_geometry,0.1224195878534721,0.1224195878533146,0.1224195878533122,1.5749901383088627e-13,2.400857290751901e-15,2.5006737715387986e-11,3.811935522743961e-13,0.002400857290751901,monotonic,converged
0.00225,-0.7125,k0p002250000_wqm0p712500000,photon_geometry__beta_sky__amplitude,photon_geometry,0.1155843794816956,0.1156181652998862,0.1156266587603492,3.378581819059312e-05,8.49346046299937e-06,0.00536430720067317,0.0013485401141768397,0.25139129131299764,monotonic,converged
0.00225,-0.69,k0p002250000_wqm0p690000000,photon_geometry__beta_sky__amplitude,photon_geometry,0.1159783597710943,0.115978359771372,0.1159794265156473,2.776945340343673e-13,1.0667442753020673e-06,4.409065306942582e-11,0.00016937118305079309,1066744.2753020674,monotonic,converged
0.00225,-0.6666666666666666,k0p002250000_wqm0p666666667,photon_geometry__beta_sky__amplitude,photon_geometry,0.1174222467616731,0.1174467541641787,0.1174467541641807,2.4507402505605236e-05,1.9984014443252818e-15,0.003891136659440656,3.172940550723297e-13,8.154276830717638e-11,monotonic,converged
0.00225,-0.55,k0p002250000_wqm0p550000000,photon_geometry__beta_sky__amplitude,photon_geometry,0.1216575328934868,0.121657532893438,0.121660419161989,4.879430193227563e-14,2.8862685509944974e-06,7.747263178016051e-12,0.00045826420671046933,2886268.5509944973,non-monotonic,converged
0.00225,-0.475,k0p002250000_wqm0p475000000,photon_geometry__beta_sky__amplitude,photon_geometry,0.1223209416776363,0.1223209416775193,0.1223209416775193,1.1700362900768368e-13,0.0,1.8577126238297303e-11,0.0,0.0,monotonic,converged
0.00225,-0.45,k0p002250000_wqm0p450000000,photon_geometry__beta_sky__amplitude,photon_geometry,0.1224129624474465,0.1224129624472861,0.1224129624472857,1.603994714827195e-13,4.0245584642661925e-16,2.5467254781430463e-11,6.38994972020664e-14,0.00040245584642661925,monotonic,converged
0.0025,-0.7125,k0p002500000_wqm0p712500000,photon_geometry__beta_sky__amplitude,photon_geometry,0.1182358460725066,0.1182861607458297,0.1182882264363966,5.0314673323101355e-05,2.0656905668908765e-06,0.007988658521869961,0.0003279778136443243,0.041055430363739244,monotonic,converged
0.0025,-0.69,k0p002500000_wqm0p690000000,photon_geometry__beta_sky__amplitude,photon_geometry,0.1160787144570069,0.1160787144574385,0.1160809205029842,4.315992008230296e-13,2.206045545696811e-06,6.85267021718712e-11,0.00035026252550809185,2206045.545696811,monotonic,converged
0.0025,-0.6666666666666666,k0p002500000_wqm0p666666667,photon_geometry__beta_sky__amplitude,photon_geometry,0.117179740436128,0.1171868781112281,0.1171953634226349,7.137675100105101e-06,8.485311406791762e-06,0.0011332767411333547,0.0013472462564804964,1.1888060590859366,monotonic,converged
0.0025,-0.58,k0p002500000_wqm0p580000000,photon_geometry__beta_sky__amplitude,photon_geometry,0.1209566043787302,0.1209566043787283,0.1209684513002213,1.9012569296705806e-15,1.1846921493002815e-05,3.018700385063137e-13,0.0018809823077902824,11846921.493002815,non-monotonic,converged
0.0025,-0.45,k0p002500000_wqm0p450000000,photon_geometry__beta_sky__amplitude,photon_geometry,0.122406421609984,0.1224064216098688,0.1224064216098688,1.151995165926678e-13,0.0,1.8290680216357006e-11,0.0,0.0,monotonic,converged
0.0,-0.7125,k0p000000000_wqm0p712500000,photon_geometry__beta_sky__reference,photon_geometry,0.0259803420539647,0.0259803420539647,0.0259803420539647,0.0,0.0,0.0,0.0,0.0,monotonic,converged
0.0,-0.69,k0p000000000_wqm0p690000000,photon_geometry__beta_sky__reference,photon_geometry,0.0259803420539647,0.0259803420539647,0.0259803420539647,0.0,0.0,0.0,0.0,0.0,monotonic,converged
0.0,-0.6666666666666666,k0p000000000_wqm0p666666667,photon_geometry__beta_sky__reference,photon_geometry,0.0259803420539647,0.0259803420539647,0.0259803420539647,0.0,0.0,0.0,0.0,0.0,monotonic,converged
0.0,-0.58,k0p000000000_wqm0p580000000,photon_geometry__beta_sky__reference,photon_geometry,0.0259803420539647,0.0259803420539647,0.0259803420539647,0.0,0.0,0.0,0.0,0.0,monotonic,converged
0.0,-0.45,k0p000000000_wqm0p450000000,photon_geometry__beta_sky__reference,photon_geometry,0.0259803420539647,0.0259803420539647,0.0259803420539647,0.0,0.0,0.0,0.0,0.0,monotonic,converged
0.00025,-0.58,k0p000250000_wqm0p580000000,photon_geometry__beta_sky__reference,photon_geometry,0.025903197745615,0.025903197745615,0.025903197745615,0.0,0.0,0.0,0.0,0.0,monotonic,converged
0.0005,-0.7125,k0p000500000_wqm0p712500000,photon_geometry__beta_sky__reference,photon_geometry,0.0250291136140436,0.0250291136140436,0.0250291136140436,0.0,0.0,0.0,0.0,0.0,monotonic,converged
0.0005,-0.61,k0p000500000_wqm0p610000000,photon_geometry__beta_sky__reference,photon_geometry,0.0257466405072594,0.0257466405072594,0.0257466405072594,0.0,0.0,0.0,0.0,0.0,monotonic,converged
0.0005,-0.55,k0p000500000_wqm0p550000000,photon_geometry__beta_sky__reference,photon_geometry,0.0258782995069178,0.0258782995069178,0.0258782995069178,0.0,0.0,0.0,0.0,0.0,monotonic,converged
0.0005,-0.5,k0p000500000_wqm0p500000000,photon_geometry__beta_sky__reference,photon_geometry,0.0259296995979683,0.0259296995979683,0.0259296995979683,0.0,0.0,0.0,0.0,0.0,monotonic,converged
0.0005,-0.475,k0p000500000_wqm0p475000000,photon_geometry__beta_sky__reference,photon_geometry,0.025944842243404,0.025944842243404,0.025944842243404,0.0,0.0,0.0,0.0,0.0,monotonic,converged
0.00075,-0.475,k0p000750000_wqm0p475000000,photon_geometry__beta_sky__reference,photon_geometry,0.0259270576572745,0.0259270576572745,0.0259270576572745,0.0,0.0,0.0,0.0,0.0,monotonic,converged
0.001,-0.58,k0p001000000_wqm0p580000000,photon_geometry__beta_sky__reference,photon_geometry,0.0256697559471466,0.0256697559471466,0.0256697559471466,0.0,0.0,0.0,0.0,0.0,monotonic,converged
0.00125,-0.7125,k0p001250000_wqm0p712500000,photon_geometry__beta_sky__reference,photon_geometry,0.0235173285944182,0.0235173285944182,0.0235173285944182,0.0,0.0,0.0,0.0,0.0,monotonic,converged
0.00125,-0.58,k0p001250000_wqm0p580000000,photon_geometry__beta_sky__reference,photon_geometry,0.0255912617411781,0.0255912617411781,0.0255912617411781,0.0,0.0,0.0,0.0,0.0,monotonic,converged
0.00125,-0.45,k0p001250000_wqm0p450000000,photon_geometry__beta_sky__reference,photon_geometry,0.0259183032581662,0.0259183032581662,0.0259183032581662,0.0,0.0,0.0,0.0,0.0,monotonic,converged
0.0015,-0.7125,k0p001500000_wqm0p712500000,photon_geometry__beta_sky__reference,photon_geometry,0.0229877592073626,0.0229877592073626,0.0229877592073626,0.0,0.0,0.0,0.0,0.0,monotonic,converged
0.0015,-0.61,k0p001500000_wqm0p610000000,photon_geometry__beta_sky__reference,photon_geometry,0.0252703988559926,0.0252703988559926,0.0252703988559926,0.0,0.0,0.0,0.0,0.0,monotonic,converged
0.0015,-0.5,k0p001500000_wqm0p500000000,photon_geometry__beta_sky__reference,photon_geometry,0.0258278910627696,0.0258278910627696,0.0258278910627696,0.0,0.0,0.0,0.0,0.0,monotonic,converged
0.00175,-0.7125,k0p001750000_wqm0p712500000,photon_geometry__beta_sky__reference,photon_geometry,0.022443863360519,0.022443863360519,0.022443863360519,0.0,0.0,0.0,0.0,0.0,monotonic,converged
0.00175,-0.45,k0p001750000_wqm0p450000000,photon_geometry__beta_sky__reference,photon_geometry,0.0258934011449421,0.0258934011449421,0.0258934011449421,0.0,0.0,0.0,0.0,0.0,monotonic,converged
0.002,-0.7125,k0p002000000_wqm0p712500000,photon_geometry__beta_sky__reference,photon_geometry,0.0218845656197668,0.0218845656197668,0.0218845656197668,0.0,0.0,0.0,0.0,0.0,monotonic,converged
0.002,-0.69,k0p002000000_wqm0p690000000,photon_geometry__beta_sky__reference,photon_geometry,0.0230311973375213,0.0230311973375213,0.0230311973375213,0.0,0.0,0.0,0.0,0.0,monotonic,converged
0.002,-0.45,k0p002000000_wqm0p450000000,photon_geometry__beta_sky__reference,photon_geometry,0.0258809314494653,0.0258809314494653,0.0258809314494653,0.0,0.0,0.0,0.0,0.0,monotonic,converged
0.00225,-0.7125,k0p002250000_wqm0p712500000,photon_geometry__beta_sky__reference,photon_geometry,0.0213086457099204,0.0213086457099204,0.0213086457099204,0.0,0.0,0.0,0.0,0.0,monotonic,converged
0.00225,-0.69,k0p002250000_wqm0p690000000,photon_geometry__beta_sky__reference,photon_geometry,0.0226303711379656,0.0226303711379656,0.0226303711379656,0.0,0.0,0.0,0.0,0.0,monotonic,converged
0.00225,-0.6666666666666666,k0p002250000_wqm0p666666667,photon_geometry__beta_sky__reference,photon_geometry,0.0235875246610945,0.0235875246610945,0.0235875246610945,0.0,0.0,0.0,0.0,0.0,monotonic,converged
0.00225,-0.55,k0p002250000_wqm0p550000000,photon_geometry__beta_sky__reference,photon_geometry,0.0255161995765944,0.0255161995765944,0.0255161995765944,0.0,0.0,0.0,0.0,0.0,monotonic,converged
0.00225,-0.475,k0p002250000_wqm0p475000000,photon_geometry__beta_sky__reference,photon_geometry,0.0258198612094079,0.0258198612094079,0.0258198612094079,0.0,0.0,0.0,0.0,0.0,monotonic,converged
0.00225,-0.45,k0p002250000_wqm0p450000000,photon_geometry__beta_sky__reference,photon_geometry,0.0258684493002983,0.0258684493002983,0.0258684493002983,0.0,0.0,0.0,0.0,0.0,monotonic,converged
0.0025,-0.7125,k0p002500000_wqm0p712500000,photon_geometry__beta_sky__reference,photon_geometry,0.0207147094857617,0.0207147094857617,0.0207147094857617,0.0,0.0,0.0,0.0,0.0,monotonic,converged
0.0025,-0.69,k0p002500000_wqm0p690000000,photon_geometry__beta_sky__reference,photon_geometry,0.0222211305717948,0.0222211305717948,0.0222211305717948,0.0,0.0,0.0,0.0,0.0,monotonic,converged
0.0025,-0.6666666666666666,k0p002500000_wqm0p666666667,photon_geometry__beta_sky__reference,photon_geometry,0.0233030225592361,0.0233030225592361,0.0233030225592361,0.0,0.0,0.0,0.0,0.0,monotonic,converged
0.0025,-0.58,k0p002500000_wqm0p580000000,photon_geometry__beta_sky__reference,photon_geometry,0.02519353884166,0.02519353884166,0.02519353884166,0.0,0.0,0.0,0.0,0.0,monotonic,converged
0.0025,-0.45,k0p002500000_wqm0p450000000,photon_geometry__beta_sky__reference,photon_geometry,0.0258559546765285,0.0258559546765285,0.0258559546765285,0.0,0.0,0.0,0.0,0.0,monotonic,converged
0.0,-0.7125,k0p000000000_wqm0p712500000,photon_geometry__beta_sky__cos1,photon_geometry,0.0296019821976822,0.0296076660136405,0.0296090861558781,5.683815958300309e-06,1.420142237598676e-06,0.0023158567980431084,0.0005786334531694695,0.24985718186824546,monotonic,converged
0.0,-0.69,k0p000000000_wqm0p690000000,photon_geometry__beta_sky__cos1,photon_geometry,0.0296019821976822,0.0296076660136405,0.0296090861558781,5.683815958300309e-06,1.420142237598676e-06,0.0023158567980431084,0.0005786334531694695,0.24985718186824546,monotonic,converged
0.0,-0.6666666666666666,k0p000000000_wqm0p666666667,photon_geometry__beta_sky__cos1,photon_geometry,0.0296019821976822,0.0296076660136405,0.0296090861558781,5.683815958300309e-06,1.420142237598676e-06,0.0023158567980431084,0.0005786334531694695,0.24985718186824546,monotonic,converged
0.0,-0.58,k0p000000000_wqm0p580000000,photon_geometry__beta_sky__cos1,photon_geometry,0.0296019821976822,0.0296076660136404,0.0296090861558781,5.683815958199695e-06,1.42014223769929e-06,0.0023158567980021134,0.0005786334532104643,0.2498571818903702,monotonic,converged
0.0,-0.45,k0p000000000_wqm0p450000000,photon_geometry__beta_sky__cos1,photon_geometry,0.0296019821976822,0.0296076660136405,0.0296090861558781,5.683815958300309e-06,1.420142237598676e-06,0.0023158567980431084,0.0005786334531694695,0.24985718186824546,monotonic,converged
0.00025,-0.58,k0p000250000_wqm0p580000000,photon_geometry__beta_sky__cos1,photon_geometry,0.0295543768430366,0.029560090741523,0.0295615184064828,5.7138984864008036e-06,1.4276649598007896e-06,0.002328113849945381,0.0005816985677824986,0.24985829958279127,monotonic,converged
0.0005,-0.7125,k0p000500000_wqm0p712500000,photon_geometry__beta_sky__cos1,photon_geometry,0.0288282825211589,0.0288341150149633,0.0288355723535341,5.832493804397432e-06,1.457338570803185e-06,0.002376435219851367,0.0005937890074213876,0.24986542972483208,monotonic,converged
0.0005,-0.61,k0p000500000_wqm0p610000000,photon_geometry__beta_sky__cos1,photon_geometry,0.0294450718695498,0.0294508340013517,0.0294522737251924,5.76213180189869e-06,1.4397238407015678e-06,0.0023477663954196617,0.0005866119290728263,0.2498595815227902,monotonic,converged
0.0005,-0.55,k0p000500000_wqm0p550000000,photon_geometry__beta_sky__cos1,photon_geometry,0.0295453968781452,0.0295511234308467,0.0295525542584551,5.726552701500187e-06,1.4308276083986604e-06,0.0023332697786870586,0.0005829871811557913,0.2498584546377834,monotonic,converged
0.0005,-0.5,k0p000500000_wqm0p500000000,photon_geometry__beta_sky__cos1,photon_geometry,0.0295807907498396,0.0295864987652441,0.0295879249590867,5.708015404500694e-06,1.4261938426005094e-06,0.002325716802730663,0.0005810991647064698,0.24985809279280757,monotonic,converged
0.0005,-0.475,k0p000500000_wqm0p475000000,photon_geometry__beta_sky__cos1,photon_geometry,0.0295903143645197,0.0295960160841562,0.0295974407036578,5.701719636500013e-06,1.4246195016026642e-06,0.0023231516075817972,0.0005804577033486344,0.24985786612215177,monotonic,converged
0.00075,-0.475,k0p000750000_wqm0p475000000,photon_geometry__beta_sky__cos1,photon_geometry,0.0295844482088419,0.0295901586943405,0.0295915855040662,5.710485498598705e-06,1.4268097256985024e-06,0.002326723236480569,0.0005813501047562094,0.24985786690967465,monotonic,converged
0.001,-0.58,k0p001000000_wqm0p580000000,photon_geometry__beta_sky__cos1,photon_geometry,0.029409879168902,0.0294156734691303,0.0294171212385441,5.794300228300492e-06,1.4477694137982056e-06,0.0023608733414417563,0.0005898900779936744,0.24986095934881275,monotonic,converged
0.00125,-0.7125,k0p001250000_wqm0p712500000,photon_geometry__beta_sky__cos1,photon_geometry,0.0275861886003439,0.0275918689632442,0.0275932883452335,5.68036290030105e-06,1.419381989296864e-06,0.002314449858075261,0.0005783236918733844,0.24987523054585808,monotonic,converged
0.00125,-0.58,k0p001250000_wqm0p580000000,photon_geometry__beta_sky__cos1,photon_geometry,0.029361171951473,0.0293669895690134,0.0293684431709978,5.8176175403990005e-06,1.4536019844017811e-06,0.0023703739227645144,0.0005922665445051615,0.24986207400325014,monotonic,converged
0.00125,-0.45,k0p001250000_wqm0p450000000,photon_geometry__beta_sky__cos1,photon_geometry,0.0295884336904193,0.0295941498198386,0.0295955780390547,5.716129419301025e-06,1.4282192161013674e-06,0.0023290228380549293,0.00058192439814558,0.24985774662114135,monotonic,converged
0.0015,-0.7125,k0p001500000_wqm0p712500000,photon_geometry__beta_sky__cos1,photon_geometry,0.0271476784760086,0.0271531469377205,0.0271545133861654,5.468461711902878e-06,1.3664484448984437e-06,0.0022281112413315776,0.0005567560497225895,0.24987803095049127,monotonic,converged
0.0015,-0.61,k0p001500000_wqm0p610000000,photon_geometry__beta_sky__cos1,photon_geometry,0.0291239409580461,0.0291298164535269,0.0291312845338,5.875495480797688e-06,1.4680802731016629e-06,0.0023939561468745854,0.0005981656875378783,0.2498649310342672,monotonic,converged
0.0015,-0.5,k0p001500000_wqm0p500000000,photon_geometry__beta_sky__cos1,photon_geometry,0.0295379521539427,0.0295437057678919,0.0295451433616188,5.753613949197739e-06,1.4375937269009431e-06,0.002344295817338501,0.0005857440194568265,0.24985926056116356,monotonic,converged
0.00175,-0.7125,k0p001750000_wqm0p712500000,photon_geometry__beta_sky__cos1,photon_geometry,0.0266894562633537,0.0266945702360691,0.0266958481158974,5.113972715398846e-06,1.2778798283014092e-06,0.002083675573743418,0.000520668985267242,0.24988006378163588,monotonic,converged
0.00175,-0.45,k0p001750000_wqm0p450000000,photon_geometry__beta_sky__cos1,photon_geometry,0.0295829301585264,0.0295886587343238,0.0295900900664642,5.728575797399327e-06,1.4313321404016421e-06,0.0023340940841229648,0.0005831927514764188,0.24985828782285502,monotonic,converged
0.002,-0.7125,k0p002000000_wqm0p712500000,photon_geometry__beta_sky__cos1,photon_geometry,0.0261902505345846,0.0261947652641022,0.0261958934165156,4.514729517599708e-06,1.1281524134008902e-06,0.0018395154103099732,0.0004596629192378839,0.24988261400888562,monotonic,converged
0.002,-0.69,k0p002000000_wqm0p690000000,photon_geometry__beta_sky__cos1,photon_geometry,0.0272657958536446,0.0272712321969282,0.0272725906219945,5.4363432836004866e-06,1.3584250663015163e-06,0.0022150246669118113,0.000553486943895925,0.24987845605692366,monotonic,converged
0.002,-0.45,k0p002000000_wqm0p450000000,photon_geometry__beta_sky__cos1,photon_geometry,0.029580160561012,0.0295858952571997,0.0295873281203105,5.734696187701532e-06,1.4328631108007084e-06,0.002336587822061003,0.0005838165415907175,0.24985859126654106,monotonic,converged
0.00225,-0.7125,k0p002250000_wqm0p712500000,photon_geometry__beta_sky__cos1,photon_geometry,0.0255721140869441,0.0255754989337833,0.0255763447559689,3.384846839198097e-06,8.458221856001702e-07,0.0013791474988637325,0.0003446281640413275,0.24988492117432223,monotonic,converged
0.00225,-0.69,k0p002250000_wqm0p690000000,photon_geometry__beta_sky__cos1,photon_geometry,0.0269396699107597,0.0269448127860351,0.0269460978896683,5.142875275400416e-06,1.2851036331994192e-06,0.0020954518505531443,0.0005236123067617326,0.2498803809896718,monotonic,converged
0.00225,-0.6666666666666666,k0p002250000_wqm0p666666667,photon_geometry__beta_sky__cos1,photon_geometry,0.0277841162391996,0.0277897906941098,0.027791208607673,5.674454910200438e-06,1.4179135632008677e-06,0.002312042662075663,0.0005777253852811608,0.24987661117053142,monotonic,converged
0.00225,-0.55,k0p002250000_wqm0p550000000,photon_geometry__beta_sky__cos1,photon_geometry,0.0293434143175735,0.0293492644077897,0.0293507261287635,5.850090216200782e-06,1.4617209737992354e-06,0.0023836048344544657,0.00059557460671676,0.24986297984794487,monotonic,converged
0.00225,-0.475,k0p002250000_wqm0p475000000,photon_geometry__beta_sky__cos1,photon_geometry,0.029548808349603,0.0295545687445761,0.0295560080345628,5.760394973099853e-06,1.4392899867002318e-06,0.0023470587288079462,0.0005864351563297038,0.2498596004998775,monotonic,converged
0.00225,-0.45,k0p002250000_wqm0p450000000,photon_geometry__beta_sky__cos1,photon_geometry,0.0295773791432721,0.0295831198906176,0.0295845542670829,5.7407473454985924e-06,1.4343764653014512e-06,0.0023390533513855207,0.0005844331541506784,0.24985883874965648,monotonic,converged
0.0025,-0.7125,k0p002500000_wqm0p712500000,photon_geometry__beta_sky__cos1,photon_geometry,0.0244609365026637,0.024461323736202,0.0244614204998734,3.87233538297338e-07,9.676367140193376e-08,0.00015777735040603763,3.942611932966071e-05,0.24988453176706404,monotonic,converged
0.0025,-0.69,k0p002500000_wqm0p690000000,photon_geometry__beta_sky__cos1,photon_geometry,0.0265905054941208,0.0265952031718892,0.0265963770376896,4.697677768398384e-06,1.17386580040027e-06,0.0019140572240158673,0.00047828872605865,0.24988214566289532,monotonic,converged
0.0025,-0.6666666666666666,k0p002500000_wqm0p666666667,photon_geometry__beta_sky__cos1,photon_geometry,0.0275669320029885,0.0275724699140005,0.0275738537161109,5.537911011998381e-06,1.383802110399568e-06,0.0022564081874194668,0.0005638267579433677,0.24987799684780715,monotonic,converged
0.0025,-0.58,k0p002500000_wqm0p580000000,photon_geometry__beta_sky__cos1,photon_geometry,0.0291138788714948,0.029119783839569,0.0291212592928144,5.904968074201683e-06,1.4754532454003266e-06,0.0024059646823886404,0.0006011697869219741,0.249866422114365,monotonic,converged
0.0025,-0.45,k0p002500000_wqm0p450000000,photon_geometry__beta_sky__cos1,photon_geometry,0.0295745859563305,0.0295803326850639,0.0295817685575334,5.74672873339746e-06,1.4358724695004432e-06,0.002341490453137047,0.0005850426973729704,0.24985910003995557,monotonic,converged
0.0,-0.7125,k0p000000000_wqm0p712500000,photon_geometry__beta_sky__sin1,photon_geometry,0.1184063847785677,0.1184074259447826,0.1184076860372225,1.0411662148962497e-06,2.6009243990487985e-07,0.00017582213185401163,4.3921908537672146e-05,0.24980875885489387,monotonic,converged
0.0,-0.69,k0p000000000_wqm0p690000000,photon_geometry__beta_sky__sin1,photon_geometry,0.1184063847785677,0.1184074259447826,0.1184076860372225,1.0411662148962497e-06,2.6009243990487985e-07,0.00017582213185401163,4.3921908537672146e-05,0.24980875885489387,monotonic,converged
0.0,-0.6666666666666666,k0p000000000_wqm0p666666667,photon_geometry__beta_sky__sin1,photon_geometry,0.1184063847785677,0.1184074259447826,0.1184076860372225,1.0411662148962497e-06,2.6009243990487985e-07,0.00017582213185401163,4.3921908537672146e-05,0.24980875885489387,monotonic,converged
0.0,-0.58,k0p000000000_wqm0p580000000,photon_geometry__beta_sky__sin1,photon_geometry,0.1184063847785677,0.1184074259447827,0.1184076860372225,1.0411662149933942e-06,2.6009243980773533e-07,0.00017582213187041648,4.3921908521267314e-05,0.24980875873828226,monotonic,converged
0.0,-0.45,k0p000000000_wqm0p450000000,photon_geometry__beta_sky__sin1,photon_geometry,0.1184063847785677,0.1184074259447826,0.1184076860372225,1.0411662148962497e-06,2.6009243990487985e-07,0.00017582213185401163,4.3921908537672146e-05,0.24980875885489387,monotonic,converged
0.00025,-0.58,k0p000250000_wqm0p580000000,photon_geometry__beta_sky__sin1,photon_geometry,0.1182259690330216,0.1182270142308995,0.1182272753378257,1.045197877899695e-06,2.611069262054011e-07,0.00017650296030775986,4.4093225222311314e-05,0.24981578295020118,monotonic,converged
0.0005,-0.7125,k0p000500000_wqm0p712500000,photon_geometry__beta_sky__sin1,photon_geometry,0.1156064774258354,0.1156075330225531,0.1156077967831086,1.0555967177028336e-06,2.637605555078082e-07,0.00017825901631191897,4.4541344604619524e-05,0.24986867719880573,monotonic,converged
0.0005,-0.61,k0p000500000_wqm0p610000000,photon_geometry__beta_sky__sin1,photon_geometry,0.1178223416441685,0.1178233929687742,0.1178236556194437,1.0513246057053394e-06,2.6265066950525995e-07,0.00017753758314575214,4.435391773627612e-05,0.24982832902407548,monotonic,converged
0.0005,-0.55,k0p000500000_wqm0p550000000,photon_geometry__beta_sky__sin1,photon_geometry,0.118193374128481,0.1181944210789116,0.1181946826263512,1.04695043059988e-06,2.6154743960893345e-07,0.0001767989145440042,4.416761488710373e-05,0.24981836003360008,monotonic,converged
0.0005,-0.5,k0p000500000_wqm0p500000000,photon_geometry__beta_sky__sin1,photon_geometry,0.1183248115380034,0.1183258560508365,0.118326116984723,1.04451283310103e-06,2.609338865117161e-07,0.0001763872765339363,4.406400394389892e-05,0.24981395942933082,monotonic,converged
0.0005,-0.475,k0p000500000_wqm0p475000000,photon_geometry__beta_sky__sin1,photon_geometry,0.1183601404902736,0.1183611841536014,0.1183614448737585,1.0436633278015917e-06,2.6072015710254526e-07,0.00017624382025324686,4.402791137786799e-05,0.24981251152297856,monotonic,converged
0.00075,-0.475,k0p000750000_wqm0p475000000,photon_geometry__beta_sky__sin1,photon_geometry,0.1183373649282593,0.1183384098081897,0.1183386708340733,1.044879930398035e-06,2.6102588360221723e-07,0.0001764492683930975,4.407953952730996e-05,0.24981423798883995,monotonic,converged
0.001,-0.58,k0p001000000_wqm0p580000000,photon_geometry__beta_sky__sin1,photon_geometry,0.1177069118365751,0.117707967421647,0.117708231144881,1.0555850719073945e-06,2.637232340008122e-07,0.00017825704968204572,4.453504210764051e-05,0.24983607765907134,monotonic,converged
0.00125,-0.7125,k0p001250000_wqm0p712500000,photon_geometry__beta_sky__sin1,photon_geometry,0.1121856913473011,0.1121867029875329,0.1121869558460441,1.0116402318072204e-06,2.5285851119882796e-07,0.00017083606794075266,4.2700312265548855e-05,0.24994904635921306,monotonic,converged
0.00125,-0.58,k0p001250000_wqm0p580000000,photon_geometry__beta_sky__sin1,photon_geometry,0.1175419857603948,0.1175430442034038,0.1175433086476911,1.0584430089888297e-06,2.6444428730121317e-07,0.00017873967059614504,4.4656806650749025e-05,0.2498427265855785,monotonic,converged
0.00125,-0.45,k0p001250000_wqm0p450000000,photon_geometry__beta_sky__sin1,photon_geometry,0.1183497894496282,0.1183508351422011,0.1183510963721739,1.0456925728929978e-06,2.612299728060874e-07,0.0001765864996380758,4.4114004148231615e-05,0.24981527035558107,monotonic,converged
0.0015,-0.7125,k0p001500000_wqm0p712500000,photon_geometry__beta_sky__sin1,photon_geometry,0.1114434848898285,0.1114444533225695,0.1114446954083898,9.684327409997806e-07,2.4208582030671444e-07,0.00016353960265294684,4.088112388682833e-05,0.24997690604387496,monotonic,converged
0.0015,-0.61,k0p001500000_wqm0p610000000,photon_geometry__beta_sky__sin1,photon_geometry,0.1167535246151267,0.1167545887382138,0.1167548546256347,1.0641230871050178e-06,2.658874208999462e-07,0.00017969886753242388,4.490050916649449e-05,0.2498652873168101,monotonic,converged
0.0015,-0.5,k0p001500000_wqm0p500000000,photon_geometry__beta_sky__sin1,photon_geometry,0.1181673703554363,0.1181684210794881,0.1181686835756072,1.0507240518070615e-06,2.624961190911268e-07,0.00017743616738218073,4.432781874948321e-05,0.2498240319517569,monotonic,converged
0.00175,-0.7125,k0p001750000_wqm0p712500000,photon_geometry__beta_sky__sin1,photon_geometry,0.1110732485261698,0.1110741483072799,0.111074373259659,8.99781110091924e-07,2.2495237911313026e-07,0.00015194637581867338,3.7987793202878414e-05,0.2500078925752826,monotonic,converged
0.00175,-0.45,k0p001750000_wqm0p450000000,photon_geometry__beta_sky__sin1,photon_geometry,0.1183279396489964,0.1183289870708791,0.1183292487356384,1.047421882699462e-06,2.6166475929068067e-07,0.00017687852883808096,4.418742670606031e-05,0.24981792304768993,monotonic,converged
0.002,-0.7125,k0p002000000_wqm0p712500000,photon_geometry__beta_sky__sin1,photon_geometry,0.1113110285906203,0.1113118161317128,0.1113120130559244,7.875410925062276e-07,1.969242116039993e-07,0.00013299236166713335,3.325466597217221e-05,0.2500494431056524,monotonic,converged
0.002,-0.69,k0p002000000_wqm0p690000000,photon_geometry__beta_sky__sin1,photon_geometry,0.1122620810345926,0.11226304239593,0.1122632827205593,9.613613373982144e-07,2.403246292942418e-07,0.00016234545205658752,4.058371089552615e-05,0.24998366373318665,monotonic,converged
0.002,-0.45,k0p002000000_wqm0p450000000,photon_geometry__beta_sky__sin1,photon_geometry,0.1183171871185783,0.1183182353874006,0.1183184972652004,1.048268822301246e-06,2.6187779979258696e-07,0.00017702155184843872,4.422340293606135e-05,0.24981931563860812,monotonic,converged
0.00225,-0.7125,k0p002250000_wqm0p712500000,photon_geometry__beta_sky__sin1,photon_geometry,0.1126639487538798,0.112664530871999,0.1126646764713999,5.821181191939528e-07,1.4559940089697854e-07,9.830250659615127e-05,2.4587425807823212e-05,0.25012002907345865,monotonic,converged
0.00225,-0.69,k0p002250000_wqm0p690000000,photon_geometry__beta_sky__sin1,photon_geometry,0.1121791566757475,0.1121800614322595,0.1121802876294741,9.047565120018364e-07,2.2619721459782305e-07,0.00015278657381791262,3.819800904122851e-05,0.25000893787141254,monotonic,converged
0.00225,-0.6666666666666666,k0p002250000_wqm0p666666667,photon_geometry__beta_sky__sin1,photon_geometry,0.113392279325866,0.1133932877085624,0.1133935397642221,1.008382696399135e-06,2.5205565970520816e-07,0.00017028596670634353,4.2564734430664465e-05,0.24996031824552478,monotonic,converged
0.00225,-0.55,k0p002250000_wqm0p550000000,photon_geometry__beta_sky__sin1,photon_geometry,0.1175072698279517,0.1175083325129717,0.1175085980254146,1.0626850199951798e-06,2.655124429068456e-07,0.00017945602059657123,4.483718649120786e-05,0.24985055581949384,monotonic,converged
0.00225,-0.475,k0p002250000_wqm0p475000000,photon_geometry__beta_sky__sin1,photon_geometry,0.1182057403108219,0.1182067920309161,0.1182070547771726,1.0517200941945193e-06,2.627462565019112e-07,0.00017760436943625645,4.437005954849428e-05,0.24982527000507737,monotonic,converged
0.00225,-0.45,k0p002250000_wqm0p450000000,photon_geometry__beta_sky__sin1,photon_geometry,0.1183065506744217,0.1183075997784664,0.118307861866311,1.0491040447063726e-06,2.620878445935837e-07,0.00017716259617137255,4.42588732809186e-05,0.24982064068482157,monotonic,converged
0.0025,-0.7125,k0p002500000_wqm0p712500000,photon_geometry__beta_sky__sin1,photon_geometry,0.1165425338147035,0.116542598015546,0.1165426140874216,6.420084250335911e-08,1.6071875594270146e-08,1.0841620515787733e-05,2.714063700346464e-06,0.2503374561389788,monotonic,converged
0.0025,-0.69,k0p002500000_wqm0p690000000,photon_geometry__beta_sky__sin1,photon_geometry,0.1124846830910876,0.1124855042112434,0.1124857095240422,8.21120155800048e-07,2.0531279880386943e-07,0.00013866287076501896,3.4671249860145764e-05,0.2500398965408729,monotonic,converged
0.0025,-0.6666666666666666,k0p002500000_wqm0p666666667,photon_geometry__beta_sky__sin1,photon_geometry,0.1131961688791345,0.1131971496321977,0.1131973947977662,9.807530631927852e-07,2.4516556849929483e-07,0.00016562014011383457,4.140120212702265e-05,0.24997685727452373,monotonic,converged
0.0025,-0.58,k0p002500000_wqm0p580000000,photon_geometry__beta_sky__sin1,photon_geometry,0.11678917859265,0.1167902462378156,0.1167905130146666,1.0676451655949881e-06,2.667768509989621e-07,0.00018029364225696242,4.5050707563164205e-05,0.2498740776391658,monotonic,converged
0.0025,-0.45,k0p002500000_wqm0p450000000,photon_geometry__beta_sky__sin1,photon_geometry,0.1182960312076035,0.1182970811351209,0.118297343430052,1.0499275173991851e-06,2.62294931094309e-07,0.00017730165631595117,4.4293844056491974e-05,0.24982194175084546,monotonic,converged
0.0,-0.7125,k0p000000000_wqm0p712500000,photon_geometry__beta_sky__cos2,photon_geometry,-0.0055124673414074,-0.0055067769372912,-0.0055053563842018,5.69040411619974e-06,1.420553089400041e-06,0.010868350720857739,0.0027131762310597363,0.24964010646553836,monotonic,converged
0.0,-0.69,k0p000000000_wqm0p690000000,photon_geometry__beta_sky__cos2,photon_geometry,-0.0055124673414074,-0.0055067769372912,-0.0055053563842018,5.69040411619974e-06,1.420553089400041e-06,0.010868350720857739,0.0027131762310597363,0.24964010646553836,monotonic,converged
0.0,-0.6666666666666666,k0p000000000_wqm0p666666667,photon_geometry__beta_sky__cos2,photon_geometry,-0.0055124673414074,-0.0055067769372912,-0.0055053563842018,5.69040411619974e-06,1.420553089400041e-06,0.010868350720857739,0.0027131762310597363,0.24964010646553836,monotonic,converged
0.0,-0.58,k0p000000000_wqm0p580000000,photon_geometry__beta_sky__cos2,photon_geometry,-0.0055124673414074,-0.005506776937291,-0.0055053563842018,5.690404116400101e-06,1.4205530891996804e-06,0.010868350721240415,0.002713176230677059,0.24964010642153822,monotonic,converged
0.0,-0.45,k0p000000000_wqm0p450000000,photon_geometry__beta_sky__cos2,photon_geometry,-0.0055124673414074,-0.0055067769372912,-0.0055053563842018,5.69040411619974e-06,1.420553089400041e-06,0.010868350720857739,0.0027131762310597363,0.24964010646553836,monotonic,converged
0.00025,-0.58,k0p000250000_wqm0p580000000,photon_geometry__beta_sky__cos2,photon_geometry,-0.005538929467117,-0.0055332089458867,-0.0055317808679024,5.720521230300098e-06,1.42807798429994e-06,0.010925872709113533,0.002727548355646964,0.249641234916809,monotonic,converged
0.0005,-0.7125,k0p000500000_wqm0p712500000,photon_geometry__beta_sky__cos2,photon_geometry,-0.005661447934238,-0.0056556086807944,-0.0056541509206665,5.839253443599979e-06,1.4577601279005745e-06,0.011152644535798593,0.0027842395747960883,0.24964837405684615,monotonic,converged
0.0005,-0.61,k0p000500000_wqm0p610000000,photon_geometry__beta_sky__cos2,photon_geometry,-0.0055835542476237,-0.0055777854370722,-0.0055763452967109,5.768810551500664e-06,1.4401403612999616e-06,0.011018102587372233,0.0027505868149701298,0.24964251268839677,monotonic,converged
0.0005,-0.55,k0p000500000_wqm0p550000000,photon_geometry__beta_sky__cos2,photon_geometry,-0.0055487790441906,-0.0055430458541105,-0.0055416146125634,5.733190080100051e-06,1.4312415471005521e-06,0.010950069497257943,0.0027335905820587278,0.2496413911111029,monotonic,converged
0.0005,-0.5,k0p000500000_wqm0p500000000,photon_geometry__beta_sky__cos2,photon_geometry,-0.0055313950818827,-0.0055256804505119,-0.0055242538440725,5.714631370799805e-06,1.4266064394001174e-06,0.010914623409865433,0.002724737787935748,0.24964102613681854,monotonic,converged
0.0005,-0.475,k0p000500000_wqm0p475000000,photon_geometry__beta_sky__cos2,photon_geometry,-0.0055256618815478,-0.0055199535532373,-0.0055185285215944,5.708328310500416e-06,1.4250316429003165e-06,0.01090258492041027,0.0027217300154956346,0.24964079944017661,monotonic,converged
0.00075,-0.475,k0p000750000_wqm0p475000000,photon_geometry__beta_sky__cos2,photon_geometry,-0.0055321075469172,-0.0055263904423126,-0.0055249632198008,5.717104604600724e-06,1.4272225117998097e-06,0.01091934714684688,0.002725914451450776,0.24964079031390843,monotonic,converged
0.001,-0.58,k0p001000000_wqm0p580000000,photon_geometry__beta_sky__cos2,photon_geometry,-0.0056099273720946,-0.0056041263559822,-0.0056026781677434,5.801016112399332e-06,1.4481882388006628e-06,0.01107961339115016,0.002765957806810079,0.24964389181840838,monotonic,converged
0.00125,-0.7125,k0p001250000_wqm0p712500000,photon_geometry__beta_sky__cos2,photon_geometry,-0.0054892488927931,-0.0054835619468993,-0.0054821421545694,5.686945893800324e-06,1.4197923298995066e-06,0.010861745711241535,0.002711723223347596,0.24965813925666255,monotonic,converged
0.00125,-0.58,k0p001250000_wqm0p580000000,photon_geometry__beta_sky__cos2,photon_geometry,-0.0056305301796789,-0.0056247058193513,-0.0056232517968723,5.8243603275999825e-06,1.4540224790001235e-06,0.011124199524739788,0.0027771008763324972,0.24964500772899054,monotonic,converged
0.00125,-0.45,k0p001250000_wqm0p450000000,photon_geometry__beta_sky__cos2,photon_geometry,-0.005534405945505,-0.0055286831908058,-0.0055272545583953,5.722754699199507e-06,1.4286324105002024e-06,0.010930138508664361,0.002728607278400118,0.2496406862764951,monotonic,converged
0.0015,-0.7125,k0p001500000_wqm0p712500000,photon_geometry__beta_sky__cos2,photon_geometry,-0.0052364411680452,-0.0052309663691272,-0.0052295995257427,5.474798917999568e-06,1.3668433845002992e-06,0.010456556960093268,0.0026105937258379445,0.24966092909942506,monotonic,converged
0.0015,-0.61,k0p001500000_wqm0p610000000,photon_geometry__beta_sky__cos2,photon_geometry,-0.0056869575956008,-0.0056810752902714,-0.0056796067853369,5.882305329400241e-06,1.468504934499723e-06,0.011234871208020256,0.0028047615490113965,0.24964785951521692,monotonic,converged
0.0015,-0.5,k0p001500000_wqm0p500000000,photon_geometry__beta_sky__cos2,photon_geometry,-0.0055669448529355,-0.0055611845700874,-0.0055597465604733,5.760282848099596e-06,1.4380096141006216e-06,0.011001815155141821,0.0027465172080692797,0.2496421880698172,monotonic,converged
0.00175,-0.7125,k0p001750000_wqm0p712500000,photon_geometry__beta_sky__cos2,photon_geometry,-0.0048018048733354,-0.0047966849757519,-0.0047954067264632,5.119897583500191e-06,1.2782492887003158e-06,0.009778715440251324,0.0024413840027164646,0.24966305826501464,monotonic,converged
0.00175,-0.45,k0p001750000_wqm0p450000000,photon_geometry__beta_sky__cos2,photon_geometry,-0.0055427966425202,-0.0055370614262371,-0.0055356296800173,5.735216283100572e-06,1.431746219800016e-06,0.010953939430639058,0.002734554478433223,0.249641190345133,monotonic,converged
0.002,-0.7125,k0p002000000_wqm0p712500000,photon_geometry__beta_sky__cos2,photon_geometry,-0.0040678820777031,-0.0040633621168924,-0.0040622336385025,4.519960810699802e-06,1.128478389900156e-06,0.008632870061964082,0.002155330038411148,0.24966552524720662,monotonic,converged
0.002,-0.69,k0p002000000_wqm0p690000000,photon_geometry__beta_sky__cos2,photon_geometry,-0.0051794483628962,-0.005174005719704,-0.0051726469019196,5.442643192199621e-06,1.3588177844000085e-06,0.010395141338541426,0.002595265282575542,0.24966137525742305,monotonic,converged
0.002,-0.45,k0p002000000_wqm0p450000000,photon_geometry__beta_sky__cos2,photon_geometry,-0.005546907977281,-0.0055411666340166,-0.005539733356392,5.7413432644004905e-06,1.4332776245998616e-06,0.010965641619142345,0.0027374793751752564,0.24964151394447656,monotonic,converged
0.00225,-0.7125,k0p002250000_wqm0p712500000,photon_geometry__beta_sky__cos2,photon_geometry,-0.0027808956868366,-0.0027775069180606,-0.0027766608507339,3.388768775999893e-06,8.460673267002977e-07,0.0064723571151314415,0.0016159408457229844,0.249668060179366,monotonic,converged
0.00225,-0.69,k0p002250000_wqm0p690000000,photon_geometry__beta_sky__cos2,photon_geometry,-0.0048169305727376,-0.0048117817380908,-0.004810496263034,5.148834646800417e-06,1.2854750567996287e-06,0.009833983598075684,0.0024551848119959583,0.24966330150035934,monotonic,converged
0.00225,-0.6666666666666666,k0p002250000_wqm0p666666667,photon_geometry__beta_sky__cos2,photon_geometry,-0.0054526760220649,-0.0054469949914989,-0.0054455766681588,5.681030566000687e-06,1.4183233400999126e-06,0.010850447768979005,0.0027089175357336184,0.2496595157554977,monotonic,converged
0.00225,-0.55,k0p002250000_wqm0p550000000,photon_geometry__beta_sky__cos2,photon_geometry,-0.0056534592929069,-0.0056476024224307,-0.0056461402786366,5.856870476200066e-06,1.4621437940997087e-06,0.011186292073837843,0.0027926121298418234,0.2496459158592059,monotonic,converged
0.00225,-0.475,k0p002250000_wqm0p475000000,photon_geometry__beta_sky__cos2,photon_geometry,-0.0055685857113407,-0.0055628186396528,-0.0055613789332957,5.767071687899812e-06,1.4397063571001956e-06,0.01101478145602833,0.0027497578914418425,0.2496425283078962,monotonic,converged
0.00225,-0.45,k0p002250000_wqm0p450000000,photon_geometry__beta_sky__cos2,photon_geometry,-0.0055509627687594,-0.0055452153676589,-0.0055437805762436,5.747401100500427e-06,1.434791415300292e-06,0.010977211744215913,0.0027403706299814683,0.2496417755105633,monotonic,converged
0.0025,-0.7125,k0p002500000_wqm0p712500000,photon_geometry__beta_sky__cos2,photon_geometry,-0.0002609408344796,-0.0002605531514119,-0.0002604563607648,3.8768306769997214e-07,9.679064710003049e-08,0.000740452780199949,0.00018486467352769263,0.24966436546807547,monotonic,converged
0.0025,-0.69,k0p002500000_wqm0p690000000,photon_geometry__beta_sky__cos2,photon_geometry,-0.0042683909370805,-0.0042636878165491,-0.0042625136115898,4.703120531399964e-06,1.1742049593000195e-06,0.008982694791781888,0.0022426652053608113,0.24966507905985932,monotonic,converged
0.0025,-0.6666666666666666,k0p002500000_wqm0p666666667,photon_geometry__beta_sky__cos2,photon_geometry,-0.0052857110566466,-0.0052801667279756,-0.0052787825258922,5.544328670999826e-06,1.3842020834004681e-06,0.010589354864373936,0.0026437478610895544,0.24966089954960238,monotonic,converged
0.0025,-0.58,k0p002500000_wqm0p580000000,photon_geometry__beta_sky__cos2,photon_geometry,-0.005706222658138,-0.0057003108466301,-0.005698834966646,5.911811507899878e-06,1.475879984100259e-06,0.011291226343757163,0.0028188474775334427,0.2496493641801772,monotonic,converged
0.0025,-0.45,k0p002500000_wqm0p450000000,photon_geometry__beta_sky__cos2,photon_geometry,-0.005554960610754,-0.0055492072210682,-0.0055477709332202,5.753389685799956e-06,1.4362878479994012e-06,0.010988649604168912,0.0027432287319847652,0.24964202434337604,monotonic,converged
0.0,-0.7125,k0p000000000_wqm0p712500000,photon_geometry__beta_sky__sin2,photon_geometry,-0.000707310011726,-0.000705226874651,-0.0007047066395945,2.0831370749999512e-06,5.202350565000364e-07,0.0007799768310575778,0.0001947885694338995,0.24973635328344804,monotonic,converged
0.0,-0.69,k0p000000000_wqm0p690000000,photon_geometry__beta_sky__sin2,photon_geometry,-0.000707310011726,-0.000705226874651,-0.0007047066395945,2.0831370749999512e-06,5.202350565000364e-07,0.0007799768310575778,0.0001947885694338995,0.24973635328344804,monotonic,converged
0.0,-0.6666666666666666,k0p000000000_wqm0p666666667,photon_geometry__beta_sky__sin2,photon_geometry,-0.000707310011726,-0.000705226874651,-0.0007047066395945,2.0831370749999512e-06,5.202350565000364e-07,0.0007799768310575778,0.0001947885694338995,0.24973635328344804,monotonic,converged
0.0,-0.58,k0p000000000_wqm0p580000000,photon_geometry__beta_sky__sin2,photon_geometry,-0.000707310011726,-0.000705226874651,-0.0007047066395945,2.0831370749999512e-06,5.202350565000364e-07,0.0007799768310575778,0.0001947885694338995,0.24973635328344804,monotonic,converged
0.0,-0.45,k0p000000000_wqm0p450000000,photon_geometry__beta_sky__sin2,photon_geometry,-0.000707310011726,-0.000705226874651,-0.0007047066395945,2.0831370749999512e-06,5.202350565000364e-07,0.0007799768310575778,0.0001947885694338995,0.24973635328344804,monotonic,converged
0.00025,-0.58,k0p000250000_wqm0p580000000,photon_geometry__beta_sky__sin2,photon_geometry,-0.0008027172513786,-0.0008006260481242,-0.0008001037839049,2.0912032544000364e-06,5.222642192999555e-07,0.0007829970034325621,0.00019554833699282544,0.24974340404313902,monotonic,converged
0.0005,-0.7125,k0p000500000_wqm0p712500000,photon_geometry__beta_sky__sin2,photon_geometry,-0.0014429996566612,-0.0014408876485204,-0.0014403600765314,2.1120081407999605e-06,5.275719889999506e-07,0.0007907868553628418,0.0001975356941573009,0.24979638042499372,monotonic,converged
0.0005,-0.61,k0p000500000_wqm0p610000000,photon_geometry__beta_sky__sin2,photon_geometry,-0.0009665030506458,-0.0009643995895154,-0.0009638742375105,2.1034611303999678e-06,5.25352004900081e-07,0.0007875866482488656,0.00019670447849511768,0.249755984224052,monotonic,converged
0.0005,-0.55,k0p000500000_wqm0p550000000,photon_geometry__beta_sky__sin2,photon_geometry,-0.0008493699424351,-0.0008472752326888,-0.0008467520873592,2.0947097463000454e-06,5.231453295999116e-07,0.0007843099186857737,0.0001958782459689652,0.24974597579638919,monotonic,converged
0.0005,-0.5,k0p000500000_wqm0p500000000,photon_geometry__beta_sky__sin2,photon_geometry,-0.0007943187344233,-0.0007922289017096,-0.0007917069836024,2.0898327137000095e-06,5.219181071999292e-07,0.0007824838398943237,0.00019541874426356676,0.24974157203036745,monotonic,converged
0.0005,-0.475,k0p000500000_wqm0p475000000,photon_geometry__beta_sky__sin2,photon_geometry,-0.0007758149819045,-0.0007737268488981,-0.0007732053582884,2.0881330063999724e-06,5.214906096999644e-07,0.0007818474284312862,0.00019525867887501926,0.24974013058633454,monotonic,converged
0.00075,-0.475,k0p000750000_wqm0p475000000,photon_geometry__beta_sky__sin2,photon_geometry,-0.000810143965493,-0.0008080533984981,-0.0008075312963767,2.090566994900089e-06,5.221021213999656e-07,0.0007827587725093765,0.00019548764362421685,0.24974187513417506,monotonic,converged
0.001,-0.58,k0p001000000_wqm0p580000000,photon_geometry__beta_sky__sin2,photon_geometry,-0.001094064217004,-0.0010919522317101,-0.001091424734379,2.1119852938998075e-06,5.274973311000797e-07,0.0007907783009316454,0.00019750774043651433,0.2497637330258343,monotonic,converged
0.00125,-0.7125,k0p001250000_wqm0p712500000,photon_geometry__beta_sky__sin2,photon_geometry,-0.0027020790557426,-0.0027000549959579,-0.0026995492302467,2.02405978469997e-06,5.057657111997779e-07,0.0007578568667841518,0.00018937089710200378,0.24987686382729477,monotonic,converged
0.00125,-0.58,k0p001250000_wqm0p580000000,photon_geometry__beta_sky__sin2,photon_geometry,-0.0011930061270282,-0.0011908884237285,-0.0011903594841556,2.1177032996999925e-06,5.289395729000251e-07,0.0007929192603997098,0.0001980477505982269,0.24977038708631097,monotonic,converged
0.00125,-0.45,k0p001250000_wqm0p450000000,photon_geometry__beta_sky__sin2,photon_geometry,-0.0008430755580279,-0.0008409833649633,-0.0008404608546271,2.092193064599985e-06,5.22510336200036e-07,0.0007833676122764877,0.00019564048910422432,0.24974288704084627,monotonic,converged
0.0015,-0.7125,k0p001500000_wqm0p712500000,photon_geometry__beta_sky__sin2,photon_geometry,-0.003175265888228,-0.0031733282770052,-0.0031728440588151,1.9376112227998364e-06,4.842181900999165e-07,0.0007254884373756586,0.00018130298480457775,0.24990471999858888,monotonic,converged
0.0015,-0.61,k0p001500000_wqm0p610000000,photon_geometry__beta_sky__sin2,photon_geometry,-0.0015073241228899,-0.0015051950555481,-0.001504663229434,2.1290673418001248e-06,5.318261140998832e-07,0.0007971742322168026,0.00019912854133677323,0.24979299792848478,monotonic,converged
0.0015,-0.5,k0p001500000_wqm0p500000000,photon_geometry__beta_sky__sin2,photon_geometry,-0.0009696147555451,-0.0009675124959068,-0.0009669874530369,2.1022596383000374e-06,5.25042869900039e-07,0.0007871367805892233,0.000196588730885133,0.24975167687879293,monotonic,converged
0.00175,-0.7125,k0p001750000_wqm0p712500000,photon_geometry__beta_sky__sin2,photon_geometry,-0.00367265272516,-0.0036708524701235,-0.003670402522077,1.8002550364998836e-06,4.4994804650026754e-07,0.0006740589639136715,0.00016847141537713477,0.24993572431552347,monotonic,converged
0.00175,-0.45,k0p001750000_wqm0p450000000,photon_geometry__beta_sky__sin2,photon_geometry,-0.0008975515502271,-0.0008954558976733,-0.0008949325176934,2.0956525537999763e-06,5.233799799000786e-07,0.0007846629285836429,0.00019596610470842474,0.24974558828993448,monotonic,converged
0.002,-0.7125,k0p002000000_wqm0p712500000,photon_geometry__beta_sky__sin2,photon_geometry,-0.0041691931167052,-0.0041676174289557,-0.0041672235427405,1.5756877494998989e-06,3.9388621519975686e-07,0.0005899755481003123,0.00014748051177994453,0.24997732915342574,monotonic,converged
0.002,-0.69,k0p002000000_wqm0p690000000,photon_geometry__beta_sky__sin2,photon_geometry,-0.0033780779012996,-0.0033761544384007,-0.0033756737428879,1.9234628988997957e-06,4.806955127998822e-07,0.0007201909632090437,0.00017998400934670042,0.24991150756005528,monotonic,converged
0.002,-0.45,k0p002000000_wqm0p450000000,photon_geometry__beta_sky__sin2,photon_geometry,-0.0009248266029695,-0.0009227292556031,-0.0009222054494933,2.097347366400025e-06,5.238061097999997e-07,0.0007852975073527922,0.00019612565803448677,0.2497469509302517,monotonic,converged
0.00225,-0.7125,k0p002250000_wqm0p712500000,photon_geometry__beta_sky__sin2,photon_geometry,-0.0045582970361529,-0.0045571323531474,-0.0045568411270417,1.1646830054999266e-06,2.912261057004886e-07,0.00043608544570523255,0.00010904208742264915,0.2500475273746123,monotonic,converged
0.00225,-0.69,k0p002250000_wqm0p690000000,photon_geometry__beta_sky__sin2,photon_geometry,-0.003784128950477,-0.0037823187409865,-0.0037818663030574,1.8102094905001267e-06,4.5243792909984565e-07,0.0006777861519029776,0.0001694036875559708,0.2499367788503007,monotonic,converged
0.00225,-0.6666666666666666,k0p002250000_wqm0p666666667,photon_geometry__beta_sky__sin2,photon_geometry,-0.0030375988968509,-0.0030355813544239,-0.0030350771946072,2.017542427000009e-06,5.041598166999339e-07,0.0007554166106595354,0.00018876961141704656,0.2498880865913665,monotonic,converged
0.00225,-0.55,k0p002250000_wqm0p550000000,photon_geometry__beta_sky__sin2,photon_geometry,-0.0013599825404312,-0.0013578563498097,-0.001357325273727,2.1261906215000025e-06,5.310760827000483e-07,0.0007960971186603035,0.00019884771146654645,0.24977820771562823,monotonic,converged
0.00225,-0.475,k0p002250000_wqm0p475000000,photon_geometry__beta_sky__sin2,photon_geometry,-0.0010172223407561,-0.0010151180882969,-0.0010145925451031,2.104252459199981e-06,5.255431937999707e-07,0.0007878829408630993,0.00019677606423667017,0.24975291890583215,monotonic,converged
0.00225,-0.45,k0p002250000_wqm0p450000000,photon_geometry__beta_sky__sin2,photon_geometry,-0.0009521265887306,-0.0009500275701416,-0.0009495033439033,2.0990185890000035e-06,5.24226238300023e-07,0.0007859232534561891,0.00019628296429148625,0.24974825904222714,monotonic,converged
0.0025,-0.7125,k0p002500000_wqm0p712500000,photon_geometry__beta_sky__sin2,photon_geometry,-0.0043074620772618,-0.0043073336278916,-0.0043073014821535,1.284493702001857e-07,3.2145738100043675e-08,4.8094546404290206e-05,1.2036140701532805e-05,0.25025998998628957,monotonic,converged
0.0025,-0.69,k0p002500000_wqm0p690000000,photon_geometry__beta_sky__sin2,photon_geometry,-0.0041920650292793,-0.0041904221571843,-0.0041900114921758,1.6428720949999975e-06,4.1066500850069076e-07,0.0006151309896354526,0.0001537628972191422,0.24996773014194473,monotonic,converged
0.0025,-0.6666666666666666,k0p002500000_wqm0p666666667,photon_geometry__beta_sky__sin2,photon_geometry,-0.0033477619315964,-0.0033457996699078,-0.0033453092915968,1.9622616886003606e-06,4.903783109998401e-07,0.0007347181671087279,0.00018360948284357697,0.24990464515954366,monotonic,converged
0.0025,-0.58,k0p002500000_wqm0p580000000,photon_geometry__beta_sky__sin2,photon_geometry,-0.001703172945428,-0.0017010368310533,-0.0017005032259185,2.1361143747000537e-06,5.336051347999519e-07,0.0007998128115285578,0.00019979464965229324,0.2498017620778752,monotonic,converged
0.0025,-0.45,k0p002500000_wqm0p450000000,photon_geometry__beta_sky__sin2,photon_geometry,-0.0009794516799959,-0.0009773510140185,-0.0009768263735707,2.1006659774000687e-06,5.246404477998387e-07,0.000786540075459515,0.00019643805433185732,0.24974958105865572,monotonic,converged
0.0,-0.7125,k0p000000000_wqm0p712500000,photon_geometry__beta_sky__cos3,photon_geometry,-0.0044876606344441,-0.0044819592294661,-0.004480537991332,5.701404977999369e-06,1.4212381341006941e-06,0.009612873138944879,0.0023962833610417867,0.24927857950539914,monotonic,converged
0.0,-0.69,k0p000000000_wqm0p690000000,photon_geometry__beta_sky__cos3,photon_geometry,-0.0044876606344441,-0.0044819592294661,-0.004480537991332,5.701404977999369e-06,1.4212381341006941e-06,0.009612873138944879,0.0023962833610417867,0.24927857950539914,monotonic,converged
0.0,-0.6666666666666666,k0p000000000_wqm0p666666667,photon_geometry__beta_sky__cos3,photon_geometry,-0.0044876606344441,-0.0044819592294661,-0.004480537991332,5.701404977999369e-06,1.4212381341006941e-06,0.009612873138944879,0.0023962833610417867,0.24927857950539914,monotonic,converged
0.0,-0.58,k0p000000000_wqm0p580000000,photon_geometry__beta_sky__cos3,photon_geometry,-0.0044876606344441,-0.0044819592294663,-0.004480537991332,5.701404977799876e-06,1.4212381343001873e-06,0.009612873138608521,0.0023962833613781426,0.24927857954911162,monotonic,converged
0.0,-0.45,k0p000000000_wqm0p450000000,photon_geometry__beta_sky__cos3,photon_geometry,-0.0044876606344441,-0.0044819592294661,-0.004480537991332,5.701404977999369e-06,1.4212381341006941e-06,0.009612873138944879,0.0023962833610417867,0.24927857950539914,monotonic,converged
0.00025,-0.58,k0p000250000_wqm0p580000000,photon_geometry__beta_sky__cos3,photon_geometry,-0.0044832088410875,-0.0044774772608126,-0.004476048494155,5.7315802748994504e-06,1.4287666576006178e-06,0.00966375030030244,0.0024089768535418975,0.2492797080514907,monotonic,converged
0.0005,-0.7125,k0p000500000_wqm0p712500000,photon_geometry__beta_sky__cos3,photon_geometry,-0.0043761163808871,-0.0043702658403299,-0.0043688073773041,5.850540557199649e-06,1.4584630258001816e-06,0.009864323686465608,0.002459046515544749,0.24928688409918012,monotonic,converged
0.0005,-0.61,k0p000500000_wqm0p610000000,photon_geometry__beta_sky__cos3,photon_geometry,-0.0044704505646465,-0.0044646706022156,-0.0044632297673611,5.77996243089976e-06,1.4408348544998895e-06,0.00974532519800122,0.0024293244777250887,0.24928100687941607,monotonic,converged
0.0005,-0.55,k0p000500000_wqm0p550000000,photon_geometry__beta_sky__cos3,photon_geometry,-0.0044826925088602,-0.0044769482353214,-0.0044755163035597,5.744273538800353e-06,1.4319317617004362e-06,0.00968515182081701,0.0024143133880102467,0.24927987012252975,monotonic,converged
0.0005,-0.5,k0p000500000_wqm0p500000000,photon_geometry__beta_sky__cos3,photon_geometry,-0.004486485663746,-0.0044807599846617,-0.0044793326902578,5.725679084299905e-06,1.4272944039005891e-06,0.009653800577940835,0.0024064945552134454,0.2492794973113846,monotonic,converged
0.0005,-0.475,k0p000500000_wqm0p475000000,photon_geometry__beta_sky__cos3,photon_geometry,-0.0044874175881058,-0.0044816982242561,-0.0044802725054064,5.719363849699885e-06,1.4257188496995948e-06,0.009643152755292395,0.002403838086726093,0.24927927076617223,monotonic,converged
0.00075,-0.475,k0p000750000_wqm0p475000000,photon_geometry__beta_sky__cos3,photon_geometry,-0.0044872305103081,-0.004481502353495,-0.0044800744427098,5.728156813099815e-06,1.4279107851998887e-06,0.009657978160960836,0.002407533806987043,0.24927927635192815,monotonic,converged
0.001,-0.58,k0p001000000_wqm0p580000000,photon_geometry__beta_sky__cos3,photon_geometry,-0.0044661220998873,-0.0044603098698108,-0.0044588609832281,5.812230076500391e-06,1.448886582699864e-06,0.009799730170959331,0.002442900121278615,0.24928238621487175,monotonic,converged
0.00125,-0.7125,k0p001250000_wqm0p712500000,photon_geometry__beta_sky__cos3,photon_geometry,-0.0040702904459382,-0.004064592509916,-0.0040631720333382,5.697936022200541e-06,1.4204765778000339e-06,0.009607024294292126,0.002394999336466325,0.249296687829683,monotonic,converged
0.00125,-0.58,k0p001250000_wqm0p580000000,photon_geometry__beta_sky__cos3,photon_geometry,-0.0044591211074119,-0.0044532854881376,-0.0044518307645377,5.835619274299417e-06,1.4547235999001762e-06,0.009839165606984545,0.00245274164386348,0.24928350043446246,monotonic,converged
0.00125,-0.45,k0p001250000_wqm0p450000000,photon_geometry__beta_sky__cos3,photon_geometry,-0.0044883333265849,-0.0044825995085183,-0.0044811701871528,5.733818066600525e-06,1.4293213655000234e-06,0.009667523336565752,0.0024099121206710935,0.2492791624878746,monotonic,converged
0.0015,-0.7125,k0p001500000_wqm0p712500000,photon_geometry__beta_sky__cos3,photon_geometry,-0.0039112179344722,-0.0039057325557752,-0.0039043650538062,5.485378696999926e-06,1.3675019690001684e-06,0.009248641297505963,0.0023056813181983027,0.24929946400019481,monotonic,converged
0.0015,-0.61,k0p001500000_wqm0p610000000,photon_geometry__beta_sky__cos3,photon_geometry,-0.0044196961844617,-0.0044138025091049,-0.004412333296089,5.8936753567998684e-06,1.4692130159005279e-06,0.009937051261165314,0.002477171572697908,0.24928638361551647,monotonic,converged
0.0015,-0.5,k0p001500000_wqm0p500000000,photon_geometry__beta_sky__cos3,photon_geometry,-0.0044831282728816,-0.0044773568545224,-0.0044759181514679,5.771418359200482e-06,1.4387030545003412e-06,0.009730919437026137,0.002425730149128482,0.24928067330396156,monotonic,converged
0.00175,-0.7125,k0p001750000_wqm0p712500000,photon_geometry__beta_sky__cos3,photon_geometry,-0.0037023047061157,-0.0036971749143543,-0.0036958960489688,5.129791761400351e-06,1.2788653854997611e-06,0.008649102742540108,0.0021562353069174314,0.24930161787905625,monotonic,converged
0.00175,-0.45,k0p001750000_wqm0p450000000,photon_geometry__beta_sky__cos3,photon_geometry,-0.0044884426048945,-0.0044826963019384,-0.004481263865265,5.74630295610036e-06,1.4324366733996924e-06,0.009688573526716912,0.0024151646960878254,0.24927969937244543,monotonic,converged
0.002,-0.7125,k0p002000000_wqm0p712500000,photon_geometry__beta_sky__cos3,photon_geometry,-0.0034066630789488,-0.0034021343843926,-0.0034010053623576,4.528694556200051e-06,1.1290220350000137e-06,0.0076356207674722005,0.0019035914192043414,0.24930408111854566,monotonic,converged
0.002,-0.69,k0p002000000_wqm0p690000000,photon_geometry__beta_sky__cos3,photon_geometry,-0.0038951433069953,-0.0038896901466228,-0.0038883306739706,5.453160372499884e-06,1.3594726522001867e-06,0.009194319482556248,0.0022921434614615044,0.2492999580676124,monotonic,converged
0.002,-0.45,k0p002000000_wqm0p450000000,photon_geometry__beta_sky__cos3,photon_geometry,-0.0044884627886023,-0.0044827103463426,-0.0044812763775547,5.75244225969971e-06,1.4339687879000654e-06,0.009698924720306867,0.0024177479229210807,0.2492799967669596,monotonic,converged
0.00225,-0.7125,k0p002250000_wqm0p712500000,photon_geometry__beta_sky__cos3,photon_geometry,-0.00291973097725,-0.0029163356609133,-0.0029154891850321,3.3953163366996775e-06,8.464758811999908e-07,0.0057246845886632725,0.0014272035213340334,0.2493069267362534,monotonic,converged
0.00225,-0.69,k0p002250000_wqm0p690000000,photon_geometry__beta_sky__cos3,photon_geometry,-0.0037285956632944,-0.0037234368791574,-0.0037221507847097,5.158784136999588e-06,1.286094447700177e-06,0.008697985435439062,0.0021684238916810637,0.24930185360463353,monotonic,converged
0.00225,-0.6666666666666666,k0p002250000_wqm0p666666667,photon_geometry__beta_sky__cos3,photon_geometry,-0.0040599678451666,-0.0040542758355932,-0.0040528568289205,5.692009573400082e-06,1.419006672700486e-06,0.009597031985255477,0.0023925209980036537,0.24929801231041365,monotonic,converged
0.00225,-0.55,k0p002250000_wqm0p550000000,photon_geometry__beta_sky__cos3,photon_geometry,-0.0044556446803183,-0.0044497764882374,-0.0044483136394326,5.868192080899816e-06,1.4628488047997018e-06,0.00989408509767803,0.0024664411730547006,0.24928441070650703,monotonic,converged
0.00225,-0.475,k0p002250000_wqm0p475000000,photon_geometry__beta_sky__cos3,photon_geometry,-0.0044851775668662,-0.0044793993465755,-0.004477958945965,5.77822029069943e-06,1.4404006105006237e-06,0.00974238785662648,0.0024285923191619983,0.24928101353613658,monotonic,converged
0.00225,-0.45,k0p002250000_wqm0p450000000,photon_geometry__beta_sky__cos3,photon_geometry,-0.0044884599291317,-0.0044827014171276,-0.0044812659338213,5.758512004099513e-06,1.435483306300514e-06,0.009709158633373257,0.002420301481790568,0.24928024900852624,monotonic,converged
0.0025,-0.7125,k0p002500000_wqm0p712500000,photon_geometry__beta_sky__cos3,photon_geometry,-0.0018203025485033,-0.001819914117611,-0.0018198172812725,3.8843089229996e-07,9.683633850018393e-08,0.0006549152192021482,0.00016327123592066553,0.24930133112431105,monotonic,converged
0.0025,-0.69,k0p002500000_wqm0p690000000,photon_geometry__beta_sky__cos3,photon_geometry,-0.0035085734230272,-0.0035038612141578,-0.0035026864435475,4.7122088694001064e-06,1.1747706103000174e-06,0.007945035695683765,0.0019807259592595403,0.24930359473848474,monotonic,converged
0.0025,-0.6666666666666666,k0p002500000_wqm0p666666667,photon_geometry__beta_sky__cos3,photon_geometry,-0.0039645368930317,-0.0039589818505862,-0.0039575969815137,5.555042445500209e-06,1.3848690724998364e-06,0.00936609809618992,0.0023349631817700806,0.2492994583005629,monotonic,converged
0.0025,-0.58,k0p002500000_wqm0p580000000,photon_geometry__beta_sky__cos3,photon_geometry,-0.004413356664392,-0.0044074334256575,-0.0044059568341192,5.923238734499743e-06,1.4765915383003689e-06,0.009986896694086539,0.0024896121553360886,0.24928786504923423,monotonic,converged
0.0025,-0.45,k0p002500000_wqm0p450000000,photon_geometry__beta_sky__cos3,photon_geometry,-0.0044884339715952,-0.0044826694596838,-0.004481232479226,5.764511911400538e-06,1.4369804577996428e-06,0.009719274797363142,0.0024228257591373697,0.2492805080266572,monotonic,converged
0.0,-0.7125,k0p000000000_wqm0p712500000,photon_geometry__beta_sky__sin3,photon_geometry,0.0046093904258269,0.0046125171491138,0.0046132976271888,3.126723286899988e-06,7.804780749994314e-07,0.0033797484470535753,0.00084363703465233,0.24961533317303622,monotonic,converged
0.0,-0.69,k0p000000000_wqm0p690000000,photon_geometry__beta_sky__sin3,photon_geometry,0.0046093904258269,0.0046125171491138,0.0046132976271888,3.126723286899988e-06,7.804780749994314e-07,0.0033797484470535753,0.00084363703465233,0.24961533317303622,monotonic,converged
0.0,-0.6666666666666666,k0p000000000_wqm0p666666667,photon_geometry__beta_sky__sin3,photon_geometry,0.0046093904258269,0.0046125171491138,0.0046132976271888,3.126723286899988e-06,7.804780749994314e-07,0.0033797484470535753,0.00084363703465233,0.24961533317303622,monotonic,converged
0.0,-0.58,k0p000000000_wqm0p580000000,photon_geometry__beta_sky__sin3,photon_geometry,0.0046093904258269,0.0046125171491137,0.0046132976271888,3.126723286799374e-06,7.804780751000454e-07,0.0033797484469448194,0.000843637034761086,0.24961533321324725,monotonic,converged
0.0,-0.45,k0p000000000_wqm0p450000000,photon_geometry__beta_sky__sin3,photon_geometry,0.0046093904258269,0.0046125171491138,0.0046132976271888,3.126723286899988e-06,7.804780749994314e-07,0.0033797484470535753,0.00084363703465233,0.24961533317303622,monotonic,converged
0.00025,-0.58,k0p000250000_wqm0p580000000,photon_geometry__beta_sky__sin3,photon_geometry,0.0045850813053532,0.0045882201357092,0.0045890036580195,3.1388303559998568e-06,7.83522310300773e-07,0.003392835261662367,0.0008469276199034398,0.24962238204529735,monotonic,converged
0.0005,-0.7125,k0p000500000_wqm0p712500000,photon_geometry__beta_sky__sin3,photon_geometry,0.0043232831376782,0.0043264531938032,0.0043272446789918,3.170056124999869e-06,7.914851886002203e-07,0.0034265879268655865,0.000855534881594741,0.24967544970524866,monotonic,converged
0.0005,-0.61,k0p000500000_wqm0p610000000,photon_geometry__beta_sky__sin3,photon_geometry,0.0045353885278245,0.0045385457566535,0.004539333911377,3.157228829000179e-06,7.881547235003353e-07,0.0034127226021288294,0.0008519349038492008,0.24963496983838374,monotonic,converged
0.0005,-0.55,k0p000500000_wqm0p550000000,photon_geometry__beta_sky__sin3,photon_geometry,0.0045779167733856,0.0045810608667367,0.0045818457109247,3.1440933511003508e-06,7.848441880000875e-07,0.003398524156356781,0.0008483564684747769,0.24962496349715968,monotonic,converged
0.0005,-0.5,k0p000500000_wqm0p500000000,photon_geometry__beta_sky__sin3,photon_geometry,0.0045951203784076,0.0045982571516302,0.0045990401546866,3.1367732226004683e-06,7.830030563996115e-07,0.0033906116579808087,0.0008463663461976951,0.2496205497924014,monotonic,converged
0.0005,-0.475,k0p000500000_wqm0p475000000,photon_geometry__beta_sky__sin3,photon_geometry,0.004600232581034,0.0046033668031484,0.0046041491648597,3.134222114399912e-06,7.823617113001877e-07,0.003387854105364874,0.0008456731012556547,0.2496191025217053,monotonic,converged
0.00075,-0.475,k0p000750000_wqm0p475000000,photon_geometry__beta_sky__sin3,photon_geometry,0.0045956569828955,0.0045987948585121,0.0045995781376323,3.137875616599471e-06,7.832791201999034e-07,0.0033918032614788803,0.0008466647500264679,0.24962083138551752,monotonic,converged
0.001,-0.58,k0p001000000_wqm0p580000000,photon_geometry__beta_sky__sin3,photon_geometry,0.0045116368953346,0.0045148069183126,0.0045155982915356,3.1700229779999672e-06,7.913732230002343e-07,0.003426552097496895,0.0008554138553548236,0.24964274028686315,monotonic,converged
0.00125,-0.7125,k0p001250000_wqm0p712500000,photon_geometry__beta_sky__sin3,photon_geometry,0.0038632772116452,0.0038663152579336,0.0038670740282933,3.0380462884001085e-06,7.587703596996509e-07,0.0032838954020383625,0.0008201726566624714,0.2497560233353895,monotonic,converged
0.00125,-0.58,k0p001250000_wqm0p580000000,photon_geometry__beta_sky__sin3,photon_geometry,0.0044869698489677,0.0044901484542229,0.0044909419911478,3.17860525519964e-06,7.935369249001747e-07,0.0034358288819694143,0.0008577526514250895,0.24964940947042344,monotonic,converged
0.00125,-0.45,k0p001250000_wqm0p450000000,photon_geometry__beta_sky__sin3,photon_geometry,0.0045955117375756,0.0045986520535614,0.0045994359451046,3.1403159858004598e-06,7.838915432002366e-07,0.003394441113716024,0.0008473267323940755,0.24962186822751353,monotonic,converged
0.0015,-0.7125,k0p001500000_wqm0p712500000,photon_geometry__beta_sky__sin3,photon_geometry,0.0036938238478664,0.003696732136856,0.0036974585806993,2.9082889895998623e-06,7.264438433001591e-07,0.0031436376980863126,0.0007852301678091785,0.249783926527916,monotonic,converged
0.0015,-0.61,k0p001500000_wqm0p610000000,photon_geometry__beta_sky__sin3,photon_geometry,0.0043846896409497,0.0043878853027058,0.0043886831701206,3.1956617560996783e-06,7.978674148000076e-07,0.003454265653355803,0.0008624335794033539,0.24967204782455102,monotonic,converged
0.0015,-0.5,k0p001500000_wqm0p500000000,photon_geometry__beta_sky__sin3,photon_geometry,0.0045665635742569,0.0045697189997799,0.004570506690723,3.155425522999994e-06,7.876909430999668e-07,0.0034107733664292,0.0008514335927499786,0.24963065594749845,monotonic,converged
0.00175,-0.7125,k0p001750000_wqm0p712500000,photon_geometry__beta_sky__sin3,photon_geometry,0.003507477563523,0.0035101796839789,0.0035108547143163,2.702120455899855e-06,6.750303374000212e-07,0.002920785300330719,0.0007296561048751184,0.24981504282170275,monotonic,converged
0.00175,-0.45,k0p001750000_wqm0p450000000,photon_geometry__beta_sky__sin3,photon_geometry,0.0045899815837618,0.0045931270928561,0.0045939122890861,3.145509094300107e-06,7.851962299998058e-07,0.003400054466346427,0.0008487369989191658,0.24962453023030165,monotonic,converged
0.002,-0.7125,k0p002000000_wqm0p712500000,photon_geometry__beta_sky__sin3,photon_geometry,0.0032911697933523,0.0032935348455985,0.0032941257695244,2.3650522461998204e-06,5.909239259001622e-07,0.0025564403763466415,0.0006387435144182483,0.24985660543003319,monotonic,converged
0.002,-0.69,k0p002000000_wqm0p690000000,photon_geometry__beta_sky__sin3,photon_geometry,0.0036842555124206,0.0036871425648604,0.0036878637238335,2.8870524397999267e-06,7.21158973100277e-07,0.0031206826139227027,0.0007795176278073926,0.2497907426822678,monotonic,converged
0.002,-0.45,k0p002000000_wqm0p450000000,photon_geometry__beta_sky__sin3,photon_geometry,0.0045872210485679,0.0045903691011086,0.0045911549366232,3.148052540699782e-06,7.858355145998891e-07,0.003402803737142305,0.0008494280166192,0.249625920927357,monotonic,converged
0.00225,-0.7125,k0p002250000_wqm0p712500000,photon_geometry__beta_sky__sin3,photon_geometry,0.0030214241635761,0.0030231723111784,0.0030236092189424,1.748147602299941e-06,4.369077639997457e-07,0.0018896136952213263,0.0004722638370560172,0.24992612947838633,monotonic,converged
0.00225,-0.69,k0p002250000_wqm0p690000000,photon_geometry__beta_sky__sin3,photon_geometry,0.0035407518689297,0.0035434689310338,0.0035441476967293,2.717062104100245e-06,6.787656954996765e-07,0.002936936077891773,0.0007336937409490852,0.24981604008070685,monotonic,converged
0.00225,-0.6666666666666666,k0p002250000_wqm0p666666667,photon_geometry__beta_sky__sin3,photon_geometry,0.0038540630973601,0.0038570913604888,0.0038578477215283,3.02826312869979e-06,7.563610395001398e-07,0.0032733205555391665,0.0008175683660183749,0.24976727825659248,monotonic,converged
0.00225,-0.55,k0p002250000_wqm0p550000000,photon_geometry__beta_sky__sin3,photon_geometry,0.0044667079739694,0.0044698993179825,0.0044706960601774,3.1913440130997353e-06,7.96742194900113e-07,0.0034495985038002362,0.0008612173028542919,0.24965725776653003,monotonic,converged
0.00225,-0.475,k0p002250000_wqm0p475000000,photon_geometry__beta_sky__sin3,photon_geometry,0.0045682480333803,0.0045714064500073,0.004572194891554,3.1584166269998937e-06,7.884415467000749e-07,0.003414006520811934,0.0008522449377648851,0.24963190098482896,monotonic,converged
0.00225,-0.45,k0p002250000_wqm0p450000000,photon_geometry__beta_sky__sin3,photon_geometry,0.0045844635310615,0.0045876140917369,0.0045884005575415,3.150560675399712e-06,7.864658046006362e-07,0.003405514838694721,0.0008501093118461052,0.24962725229878557,monotonic,converged
0.0025,-0.7125,k0p002500000_wqm0p712500000,photon_geometry__beta_sky__sin3,photon_geometry,0.002704743855249,0.0027049366543255,0.0027049848781311,1.927990764998347e-07,4.822380560024278e-08,0.0002084010382766316,5.212624115836807e-05,0.25012467111212605,monotonic,converged
0.0025,-0.69,k0p002500000_wqm0p690000000,photon_geometry__beta_sky__sin3,photon_geometry,0.0033787386326616,0.0033812045261883,0.0033818206223045,2.4658935267002184e-06,6.160961161997928e-07,0.002665442078735221,0.0006659527245938192,0.24984700658354597,monotonic,converged
0.0025,-0.6666666666666666,k0p002500000_wqm0p666666667,photon_geometry__beta_sky__sin3,photon_geometry,0.0037572520056473,0.0037601972935633,0.0037609329790231,2.9452879159999265e-06,7.356854598000034e-07,0.0031836307043645383,0.000795219647576856,0.24978388557651007,monotonic,converged
0.0025,-0.58,k0p002500000_wqm0p580000000,photon_geometry__beta_sky__sin3,photon_geometry,0.0043620054337335,0.0043652116721805,0.0043660122085262,3.2062384470003813e-06,8.005363456992098e-07,0.0034656982463186605,0.0008653184893343557,0.24968085154370137,monotonic,converged
0.0025,-0.45,k0p002500000_wqm0p450000000,photon_geometry__beta_sky__sin3,photon_geometry,0.0045817090229979,0.004584862056548,0.0045856491437691,3.153033550099861e-06,7.870872210996235e-07,0.003408187826887377,0.0008507810154970887,0.2496285588444485,monotonic,converged
0.0,-0.7125,k0p000000000_wqm0p712500000,redshift__redshift__mean,redshift,0.1805060427661616,0.1805042932741863,0.1805038559479933,1.7494919753169302e-06,4.3732619298131326e-07,1.1590230034547215e-05,2.8972474571470856e-06,0.24997324889249017,monotonic,converged
0.0,-0.69,k0p000000000_wqm0p690000000,redshift__redshift__mean,redshift,0.1805060427661616,0.1805042932741863,0.1805038559479933,1.7494919753169302e-06,4.3732619298131326e-07,1.1590230034547215e-05,2.8972474571470856e-06,0.24997324889249017,monotonic,converged
0.0,-0.6666666666666666,k0p000000000_wqm0p666666667,redshift__redshift__mean,redshift,0.1805060427661616,0.1805042932741863,0.1805038559479933,1.7494919753169302e-06,4.3732619298131326e-07,1.1590230034547215e-05,2.8972474571470856e-06,0.24997324889249017,monotonic,converged
0.0,-0.58,k0p000000000_wqm0p580000000,redshift__redshift__mean,redshift,0.1805060427661616,0.180504293274184,0.1805038559479933,1.749491977620643e-06,4.373261906776005e-07,1.1590230049809108e-05,2.897247441885192e-06,0.24997324724653844,monotonic,converged
0.0,-0.45,k0p000000000_wqm0p450000000,redshift__redshift__mean,redshift,0.1805060427661616,0.1805042932741863,0.1805038559479933,1.7494919753169302e-06,4.3732619298131326e-07,1.1590230034547215e-05,2.8972474571470856e-06,0.24997324889249017,monotonic,converged
0.00025,-0.58,k0p000250000_wqm0p580000000,redshift__redshift__mean,redshift,0.1768525567083129,0.1768506768797846,0.1768502069731357,1.8798285283117e-06,4.6990664889778877e-07,1.2453698202696816e-05,3.1130901040583237e-06,0.24997314479518962,monotonic,converged
0.0005,-0.7125,k0p000500000_wqm0p712500000,redshift__redshift__mean,redshift,0.1328663666517057,0.132863442867326,0.1328627119879281,2.9237843797158547e-06,7.308793978921813e-07,1.93698136432914e-05,4.842011548836721e-06,0.24997718811371825,monotonic,converged
0.0005,-0.61,k0p000500000_wqm0p610000000,redshift__redshift__mean,redshift,0.1691413821291251,0.169139258652077,0.1691387278330048,2.123477048115996e-06,5.308190721975414e-07,1.4067848157055508e-05,3.5166295360571204e-06,0.24997636431648645,monotonic,converged
0.0005,-0.55,k0p000500000_wqm0p550000000,redshift__redshift__mean,redshift,0.1758589026541394,0.1758569727398716,0.1758564903106438,1.9299142677842163e-06,4.824292278160502e-07,1.278551180923348e-05,3.1960510849237138e-06,0.24997443454829707,monotonic,converged
0.0005,-0.5,k0p000500000_wqm0p500000000,redshift__redshift__mean,redshift,0.1784556374083921,0.1784537930356166,0.1784533319925287,1.8443727755057537e-06,4.610430879015137e-07,1.2218806967488654e-05,3.0543697942075407e-06,0.249972833054364,monotonic,converged
0.0005,-0.475,k0p000500000_wqm0p475000000,redshift__redshift__mean,redshift,0.1792051897249043,0.1792033723079333,0.1792029180031109,1.8174169710005739e-06,4.543048224003865e-07,1.2040227140093492e-05,3.0097293795650156e-06,0.24997280736861957,monotonic,converged
0.00075,-0.475,k0p000750000_wqm0p475000000,redshift__redshift__mean,redshift,0.1785528351109505,0.1785509836676341,0.1785505208542844,1.851443316380763e-06,4.628133496997755e-07,1.226564867717708e-05,3.0660976224872377e-06,0.24997435546905747,monotonic,converged
0.001,-0.58,k0p001000000_wqm0p580000000,redshift__redshift__mean,redshift,0.1657665598014378,0.1657642864254206,0.1657637181365447,2.2733760172144457e-06,5.682888759017679e-07,1.5060915606523395e-05,3.7648636808308573e-06,0.24997575042517117,monotonic,converged
0.00125,-0.7125,k0p001250000_wqm0p712500000,redshift__redshift__mean,redshift,0.0565447021488365,0.0565403020757999,0.0565392021372358,4.400073036599228e-06,1.0999385640989012e-06,2.9150095789239154e-05,7.2869959746264925e-06,0.2499818877890792,monotonic,converged
0.00125,-0.58,k0p001250000_wqm0p580000000,redshift__redshift__mean,redshift,0.1620278752552631,0.1620254703380009,0.1620248691676556,2.4049172621942727e-06,6.011703453101536e-07,1.5932364752822414e-05,3.982700515577172e-06,0.24997547930677633,monotonic,converged
0.00125,-0.45,k0p001250000_wqm0p450000000,redshift__redshift__mean,redshift,0.1785463491805133,0.1785444789789474,0.1785440114739213,1.8702015658900173e-06,4.675050261082614e-07,1.2389920425733287e-05,3.097179564896353e-06,0.24997574306156603,monotonic,converged
0.0015,-0.7125,k0p001500000_wqm0p712500000,redshift__redshift__mean,redshift,0.0295606370147497,0.0295559657488627,0.0295547980113977,4.6712658869976775e-06,1.1677374650020944e-06,3.094672450442556e-05,7.73615771337361e-06,0.24998308665161945,monotonic,converged
0.0015,-0.61,k0p001500000_wqm0p610000000,redshift__redshift__mean,redshift,0.1458601296830581,0.1458572573527588,0.1458565393338715,2.8723302992750277e-06,7.180188873190385e-07,1.9028934898524798e-05,4.7568118005626835e-06,0.24997782723674417,monotonic,converged
0.0015,-0.5,k0p001500000_wqm0p500000000,redshift__redshift__mean,redshift,0.1743233897470845,0.1743213546873019,0.1743208459728253,2.035059782606874e-06,5.087144765991702e-07,1.3482091571295394e-05,3.370188539801993e-06,0.2499752002113257,monotonic,converged
0.00175,-0.7125,k0p001750000_wqm0p712500000,redshift__redshift__mean,redshift,0.0016991278246052,0.0016944149624534,0.0016932368168218,4.712862151800071e-06,1.1781456315999948e-06,3.122229609002848e-05,7.805110899103828e-06,0.24998516690117994,monotonic,converged
0.00175,-0.45,k0p001750000_wqm0p450000000,redshift__redshift__mean,redshift,0.1777582031390565,0.1777562845045035,0.1777558048929117,1.918634552983134e-06,4.796115918026533e-07,1.2710784693526106e-05,3.1773844948451976e-06,0.24997547920574192,monotonic,converged
0.002,-0.7125,k0p002000000_wqm0p712500000,redshift__redshift__mean,redshift,-0.0270804291740646,-0.027084801238103,-0.0270858941945918,4.372064038402068e-06,1.092956488799035e-06,2.8964538646524342e-05,7.240740341570891e-06,0.24998638610940754,monotonic,converged
0.002,-0.69,k0p002000000_wqm0p690000000,redshift__redshift__mean,redshift,0.0314670867101714,0.0314623502861805,0.0314611662557633,4.736423990896188e-06,1.1840304172047733e-06,3.137839119593002e-05,7.844097084708377e-06,0.2499840427040698,monotonic,converged
0.002,-0.45,k0p002000000_wqm0p450000000,redshift__redshift__mean,redshift,0.177363201395113,0.1773612585150643,0.1773607728436815,1.9428800487053532e-06,4.856713827772197e-07,1.2871408964278332e-05,3.217530075589444e-06,0.249974970457311,monotonic,converged
0.00225,-0.7125,k0p002250000_wqm0p712500000,redshift__redshift__mean,redshift,-0.056747853843336,-0.0567511627409708,-0.0567519899344784,3.3088976348003007e-06,8.271935076006875e-07,2.192115499195543e-05,5.4800840309308335e-06,0.24999066121022825,monotonic,converged
0.00225,-0.69,k0p002250000_wqm0p690000000,redshift__redshift__mean,redshift,0.0108120147191043,0.0108072749469622,0.0108060900747572,4.73977214210039e-06,1.1848722050004923e-06,3.140057240235717e-05,7.849673854610904e-06,0.24998505613297817,monotonic,converged
0.00225,-0.6666666666666666,k0p002250000_wqm0p666666667,redshift__redshift__mean,redshift,0.0600228324242721,0.0600182501966042,0.0600171047204574,4.582227667901395e-06,1.145476146803548e-06,3.0356854155917456e-05,7.588678443714962e-06,0.24998237316483277,monotonic,converged
0.00225,-0.55,k0p002250000_wqm0p550000000,redshift__redshift__mean,redshift,0.1592777652911474,0.1592751989461339,0.1592745574188789,2.5663450134993937e-06,6.415272550130968e-07,1.700180936759242e-05,4.250061482955046e-06,0.2499770107442915,monotonic,converged
0.00225,-0.475,k0p002250000_wqm0p475000000,redshift__redshift__mean,redshift,0.17461113881155,0.1746090824107967,0.1746085683626438,2.0564007532919426e-06,5.140481529053442e-07,1.3623473619850185e-05,3.4055236749100987e-06,0.24997469587697918,monotonic,converged
0.00225,-0.45,k0p002250000_wqm0p450000000,redshift__redshift__mean,redshift,0.1769675757665561,0.1769656086237637,0.1769651168877862,1.967142792408394e-06,4.917359774925245e-07,1.303214750138226e-05,3.257707480692402e-06,0.24997472445327007,monotonic,converged
0.0025,-0.7125,k0p002500000_wqm0p712500000,redshift__redshift__mean,redshift,-0.0870054167501547,-0.0870057628134639,-0.0870058493230254,3.460633091895149e-07,8.650956150046962e-08,2.292638901242464e-06,5.731182149587248e-07,0.24998189407330187,monotonic,converged
0.0025,-0.69,k0p002500000_wqm0p690000000,redshift__redshift__mean,redshift,-0.0103741606421196,-0.0103786663017044,-0.0103797926547845,4.505659584800106e-06,1.1263530801004784e-06,2.984959735853346e-05,7.461989813425923e-06,0.24998628034400186,monotonic,converged
0.0025,-0.6666666666666666,k0p002500000_wqm0p666666667,redshift__redshift__mean,redshift,0.045420264847327,0.0454155373668055,0.0454143555738276,4.727480521500571e-06,1.1817929779014968e-06,3.1319141499981365e-05,7.829274246662142e-06,0.24998368000179058,monotonic,converged
0.0025,-0.58,k0p002500000_wqm0p580000000,redshift__redshift__mean,redshift,0.1429873616813137,0.142984304451358,0.1429835402124378,3.0572299556941296e-06,7.642389202033861e-07,2.0253878814496696e-05,5.063015441900838e-06,0.24997757161838005,monotonic,converged
0.0025,-0.45,k0p002500000_wqm0p450000000,redshift__redshift__mean,redshift,0.1765713226764155,0.1765693312557108,0.1765688334510913,1.991420704700042e-06,4.978046194981101e-07,1.3192986529047869e-05,3.2979116987365063e-06,0.24997461275923208,monotonic,converged
0.0,-0.7125,k0p000000000_wqm0p712500000,redshift__redshift__amplitude,redshift,0.2942907875421118,0.2942907875464881,0.2943132016548618,4.376277118467442e-12,2.241410837372504e-05,6.345501030608068e-11,0.0003249994091677659,5121729.672725658,monotonic,converged
0.0,-0.69,k0p000000000_wqm0p690000000,redshift__redshift__amplitude,redshift,0.2942907875421118,0.2942907875464881,0.2943132016548618,4.376277118467442e-12,2.241410837372504e-05,6.345501030608068e-11,0.0003249994091677659,5121729.672725658,monotonic,converged
0.0,-0.6666666666666666,k0p000000000_wqm0p666666667,redshift__redshift__amplitude,redshift,0.2942907875421118,0.2942907875464881,0.2943132016548618,4.376277118467442e-12,2.241410837372504e-05,6.345501030608068e-11,0.0003249994091677659,5121729.672725658,monotonic,converged
0.0,-0.58,k0p000000000_wqm0p580000000,redshift__redshift__amplitude,redshift,0.2942907875421118,0.2942907875464878,0.2943132016548618,4.375999562711286e-12,2.2414108374002595e-05,6.3450985811541e-11,0.0003249994091717904,5122054.527838034,monotonic,converged
0.0,-0.45,k0p000000000_wqm0p450000000,redshift__redshift__amplitude,redshift,0.2942907875421118,0.2942907875464881,0.2943132016548618,4.376277118467442e-12,2.241410837372504e-05,6.345501030608068e-11,0.0003249994091677659,5121729.672725658,monotonic,converged
0.00025,-0.58,k0p000250000_wqm0p580000000,redshift__redshift__amplitude,redshift,0.2922144279136884,0.2922144279179078,0.2922279002459464,4.2194026050879074e-12,1.3472328038610648e-05,6.118036599225218e-11,0.00019534565371315358,3192946.7982896985,monotonic,converged
0.0005,-0.7125,k0p000500000_wqm0p712500000,redshift__redshift__amplitude,redshift,0.2718111203906935,0.2718381155504248,0.2718447110319856,2.699515973131339e-05,6.5954815607893735e-06,0.00039142359877901537,9.563296360903623e-05,0.24432089405786542,monotonic,converged
0.0005,-0.61,k0p000500000_wqm0p610000000,redshift__redshift__amplitude,redshift,0.2880897489655818,0.2880897489695614,0.2880897489695756,3.979594431768874e-12,1.4210854715202004e-14,5.7703202709966566e-11,2.0605412043174002e-13,0.003570930394755196,monotonic,converged
0.0005,-0.55,k0p000500000_wqm0p550000000,redshift__redshift__amplitude,redshift,0.2915465116458506,0.2915465116499573,0.2915560895623421,4.106714968088454e-12,9.577912384761689e-06,5.954642120914111e-11,0.0001388775236652812,2332256.428602325,monotonic,converged
0.0005,-0.5,k0p000500000_wqm0p500000000,redshift__redshift__amplitude,redshift,0.2929967245258008,0.292996724529999,0.2930117387435456,4.198197345317567e-12,1.5014213546604704e-05,6.087289460942044e-11,0.00021770263846342976,3576347.730139631,monotonic,converged
0.0005,-0.475,k0p000500000_wqm0p475000000,redshift__redshift__amplitude,redshift,0.2934398814083001,0.2934398814125164,0.2934566785571217,4.216349491770188e-12,1.679714460528503e-05,6.113609655231567e-11,0.00024355472818283293,3983812.214350602,monotonic,converged
0.00075,-0.475,k0p000750000_wqm0p475000000,redshift__redshift__amplitude,redshift,0.293013260723305,0.2930132607274695,0.2930272565111104,4.1645020765201934e-12,1.399578364086329e-05,6.0384320972303e-11,0.00020293563938740384,3360733.9806054304,monotonic,converged
0.001,-0.58,k0p001000000_wqm0p580000000,redshift__redshift__amplitude,redshift,0.2859393672988704,0.2859393673026526,0.285939367302667,3.782252289141752e-12,1.4377388168895777e-14,5.4841787092252364e-11,2.0846881715554946e-13,0.003801276876788728,monotonic,converged
0.00125,-0.7125,k0p001250000_wqm0p712500000,redshift__redshift__amplitude,redshift,0.2378214324613319,0.2379094756484401,0.237909475648451,8.804318710819992e-05,1.0907941216942163e-14,0.0012766059356148563,1.581626354095192e-13,1.2389307537830205e-10,monotonic,converged
0.00125,-0.58,k0p001250000_wqm0p580000000,redshift__redshift__amplitude,redshift,0.2838327099293133,0.2838327099329812,0.2838352098782444,3.667899317605361e-12,2.4999452631901953e-06,5.318369534190321e-11,3.624863054740111e-05,681574.1236927734,monotonic,converged
0.00125,-0.45,k0p001250000_wqm0p450000000,redshift__redshift__amplitude,redshift,0.2929553789975464,0.2929553790016662,0.2929671295297034,4.1197600886278e-12,1.1750528037202113e-05,5.973557245250619e-11,0.00017037995024493953,2852236.000256013,monotonic,converged
0.0015,-0.7125,k0p001500000_wqm0p712500000,redshift__redshift__amplitude,redshift,0.226414893716039,0.2265378199418727,0.2265378199418802,0.00012292622583368051,7.494005416219807e-15,0.0017824019631314922,1.0866135257142539e-13,6.096343856159071e-11,monotonic,converged
0.0015,-0.61,k0p001500000_wqm0p610000000,redshift__redshift__amplitude,redshift,0.2755249030701447,0.2755370062539064,0.2755513452757702,1.2103183761713598e-05,1.4339021863762902e-05,0.00017549337702930443,0.0002079125145673657,1.1847314017590977,monotonic,converged
0.0015,-0.5,k0p001500000_wqm0p500000000,redshift__redshift__amplitude,redshift,0.2903920290106779,0.2903920290145866,0.2903923685411385,3.908706691646557e-12,3.3952655187352576e-07,5.667534680453168e-11,4.923056804928177e-06,86864.16727024839,monotonic,converged
0.00175,-0.7125,k0p001750000_wqm0p712500000,redshift__redshift__amplitude,redshift,0.2149823920589644,0.2150697299460578,0.2150856136775811,8.733788709339163e-05,1.5883731523308464e-05,0.0012663792478396058,0.0002303104488647011,0.18186530556119096,monotonic,converged
0.00175,-0.45,k0p001750000_wqm0p450000000,redshift__redshift__amplitude,redshift,0.292418256770331,0.2924182567743564,0.292425757817861,4.025391131534661e-12,7.501043504609672e-06,5.836724430901417e-11,0.00010876340323211812,1863432.2130455768,monotonic,converged
0.002,-0.7125,k0p002000000_wqm0p712500000,redshift__redshift__amplitude,redshift,0.203368334448892,0.2033998247397145,0.2034059997348243,3.14902908225001e-05,6.174995109797798e-06,0.0004566019643159597,8.953600691298001e-05,0.1960920318139999,monotonic,converged
0.002,-0.69,k0p002000000_wqm0p690000000,redshift__redshift__amplitude,redshift,0.2253241748608106,0.2254607074030414,0.2254607074030464,0.00013653254223078282,5.023759186428833e-15,0.0019796904171835695,7.284335116825184e-14,3.679532442849489e-11,monotonic,converged
0.002,-0.45,k0p002000000_wqm0p450000000,redshift__redshift__amplitude,redshift,0.2921490667286325,0.2921490667325953,0.2921544467302649,3.9627745529458025e-12,5.3799976696411456e-06,5.745931834086181e-11,7.800872712862431e-05,1357634.0510317003,monotonic,converged
0.00225,-0.7125,k0p002250000_wqm0p712500000,redshift__redshift__amplitude,redshift,0.1911069336081169,0.1911553322249595,0.1911553322249614,4.839861684260982e-05,1.887379141862766e-15,0.0007017687974072716,2.736656286984047e-14,3.899655124443825e-11,monotonic,converged
0.00225,-0.69,k0p002250000_wqm0p690000000,redshift__redshift__amplitude,redshift,0.2165947517229334,0.2166803484321694,0.2166962472273373,8.55967092359966e-05,1.5898795167890167e-05,0.001241132569922552,0.00023052886824178885,0.18574072893451998,monotonic,converged
0.00225,-0.6666666666666666,k0p002250000_wqm0p666666667,redshift__redshift__amplitude,redshift,0.2360985859318463,0.2361825682828008,0.2361911604991,8.398235095449791e-05,8.592216299202482e-06,0.0012177247466478502,0.0001245851574428865,0.10230978534832623,monotonic,converged
0.00225,-0.55,k0p002250000_wqm0p550000000,redshift__redshift__amplitude,redshift,0.2818138620095205,0.2818138620129297,0.2818218649451232,3.409161841716468e-12,8.002932193496015e-06,4.943206153201125e-11,0.0001160406736296886,2347477.9330120166,monotonic,converged
0.00225,-0.475,k0p002250000_wqm0p475000000,redshift__redshift__amplitude,redshift,0.2904373709949258,0.2904373709987387,0.2904373709987529,3.812894444621406e-12,1.4210854715202004e-14,5.5286091289433304e-11,2.0605412043174002e-13,0.003727051698283518,monotonic,converged
0.00225,-0.45,k0p002250000_wqm0p450000000,redshift__redshift__amplitude,redshift,0.291879459140357,0.2918794591442818,0.291882720655301,3.924804925503622e-12,3.261511019203578e-06,5.6908767487833255e-11,4.7291158611417e-05,830999.5225520841,monotonic,converged
0.0025,-0.7125,k0p002500000_wqm0p712500000,redshift__redshift__amplitude,redshift,0.1771237372149178,0.1771237372152796,0.1771237372152801,3.617939281497229e-13,4.996003610813204e-16,5.2459286324760374e-12,7.24409017142836e-15,0.0004996003610813204,monotonic,converged
0.0025,-0.69,k0p002500000_wqm0p690000000,redshift__redshift__amplitude,redshift,0.2077353751421841,0.2077864110077305,0.2077864110077347,5.103586554638939e-05,4.218847493575595e-15,0.0007400082962205082,6.117231700317281e-14,8.266436648832467e-11,monotonic,converged
0.0025,-0.6666666666666666,k0p002500000_wqm0p666666667,redshift__redshift__amplitude,redshift,0.2295308962114214,0.2296392783030555,0.2296392783030603,0.00010838209163410717,4.801714581503802e-15,0.0015715153669348275,6.96237555365059e-14,4.430357920858516e-11,monotonic,converged
0.0025,-0.58,k0p002500000_wqm0p580000000,redshift__redshift__amplitude,redshift,0.2731923581026744,0.2732190152204358,0.2732364281815856,2.665711776139723e-05,1.7412961149820827e-05,0.0003865220680705511,0.00025248392624830154,0.6532199506968801,monotonic,converged
0.0025,-0.45,k0p002500000_wqm0p450000000,redshift__redshift__amplitude,redshift,0.2916094353160066,0.2916094353198785,0.291610580975402,3.8719027983802334e-12,1.1456555235045407e-06,5.614169882856979e-11,1.6611741231930338e-05,295889.53627240146,monotonic,converged
0.0,-0.7125,k0p000000000_wqm0p712500000,redshift__redshift__reference,redshift,0.0293025998174556,0.0293025998174556,0.0293025998174556,0.0,0.0,0.0,0.0,0.0,monotonic,converged
0.0,-0.69,k0p000000000_wqm0p690000000,redshift__redshift__reference,redshift,0.0293025998174556,0.0293025998174556,0.0293025998174556,0.0,0.0,0.0,0.0,0.0,monotonic,converged
0.0,-0.6666666666666666,k0p000000000_wqm0p666666667,redshift__redshift__reference,redshift,0.0293025998174556,0.0293025998174556,0.0293025998174556,0.0,0.0,0.0,0.0,0.0,monotonic,converged
0.0,-0.58,k0p000000000_wqm0p580000000,redshift__redshift__reference,redshift,0.0293025998174556,0.0293025998174556,0.0293025998174556,0.0,0.0,0.0,0.0,0.0,monotonic,converged
0.0,-0.45,k0p000000000_wqm0p450000000,redshift__redshift__reference,redshift,0.0293025998174556,0.0293025998174556,0.0293025998174556,0.0,0.0,0.0,0.0,0.0,monotonic,converged
0.00025,-0.58,k0p000250000_wqm0p580000000,redshift__redshift__reference,redshift,0.0269531968973688,0.0269531968973688,0.0269531968973688,0.0,0.0,0.0,0.0,0.0,monotonic,converged
0.0005,-0.7125,k0p000500000_wqm0p712500000,redshift__redshift__reference,redshift,-0.0046183903677757,-0.0046183903677757,-0.0046183903677757,0.0,0.0,0.0,0.0,0.0,monotonic,converged
0.0005,-0.61,k0p000500000_wqm0p610000000,redshift__redshift__reference,redshift,0.0218065045973074,0.0218065045973074,0.0218065045973074,0.0,0.0,0.0,0.0,0.0,monotonic,converged
0.0005,-0.55,k0p000500000_wqm0p550000000,redshift__redshift__reference,redshift,0.0263917051662618,0.0263917051662618,0.0263917051662618,0.0,0.0,0.0,0.0,0.0,monotonic,converged
0.0005,-0.5,k0p000500000_wqm0p500000000,redshift__redshift__reference,redshift,0.0280800589831109,0.0280800589831109,0.0280800589831109,0.0,0.0,0.0,0.0,0.0,monotonic,converged
0.0005,-0.475,k0p000500000_wqm0p475000000,redshift__redshift__reference,redshift,0.0285487666531878,0.0285487666531878,0.0285487666531878,0.0,0.0,0.0,0.0,0.0,monotonic,converged
0.00075,-0.475,k0p000750000_wqm0p475000000,redshift__redshift__reference,redshift,0.0281705499369473,0.0281705499369473,0.0281705499369473,0.0,0.0,0.0,0.0,0.0,monotonic,converged
0.001,-0.58,k0p001000000_wqm0p580000000,redshift__redshift__reference,redshift,0.0198147479853012,0.0198147479853012,0.0198147479853012,0.0,0.0,0.0,0.0,0.0,monotonic,converged
0.00125,-0.7125,k0p001250000_wqm0p712500000,redshift__redshift__reference,redshift,-0.0592824691735868,-0.0592824691735868,-0.0592824691735868,0.0,0.0,0.0,0.0,0.0,monotonic,converged
0.00125,-0.58,k0p001250000_wqm0p580000000,redshift__redshift__reference,redshift,0.0174046410776862,0.0174046410776862,0.0174046410776862,0.0,0.0,0.0,0.0,0.0,monotonic,converged
0.00125,-0.45,k0p001250000_wqm0p450000000,redshift__redshift__reference,redshift,0.0282041127045558,0.0282041127045558,0.0282041127045558,0.0,0.0,0.0,0.0,0.0,monotonic,converged
0.0015,-0.7125,k0p001500000_wqm0p712500000,redshift__redshift__reference,redshift,-0.0786462420961592,-0.0786462420961592,-0.0786462420961592,0.0,0.0,0.0,0.0,0.0,monotonic,converged
0.0015,-0.61,k0p001500000_wqm0p610000000,redshift__redshift__reference,redshift,0.0064138999139913,0.0064138999139913,0.0064138999139913,0.0,0.0,0.0,0.0,0.0,monotonic,converged
0.0015,-0.5,k0p001500000_wqm0p500000000,redshift__redshift__reference,redshift,0.0256136507370858,0.0256136507370858,0.0256136507370858,0.0,0.0,0.0,0.0,0.0,monotonic,converged
0.00175,-0.7125,k0p001750000_wqm0p712500000,redshift__redshift__reference,redshift,-0.0986483247602945,-0.0986483247602945,-0.0986483247602945,0.0,0.0,0.0,0.0,0.0,monotonic,converged
0.00175,-0.45,k0p001750000_wqm0p450000000,redshift__redshift__reference,redshift,0.0277618751140913,0.0277618751140913,0.0277618751140913,0.0,0.0,0.0,0.0,0.0,monotonic,converged
0.002,-0.7125,k0p002000000_wqm0p712500000,redshift__redshift__reference,redshift,-0.1193364771746715,-0.1193364771746715,-0.1193364771746715,0.0,0.0,0.0,0.0,0.0,monotonic,converged
0.002,-0.69,k0p002000000_wqm0p690000000,redshift__redshift__reference,redshift,-0.0755861721785248,-0.0755861721785248,-0.0755861721785248,0.0,0.0,0.0,0.0,0.0,monotonic,converged
0.002,-0.45,k0p002000000_wqm0p450000000,redshift__redshift__reference,redshift,0.0275401428097661,0.0275401428097661,0.0275401428097661,0.0,0.0,0.0,0.0,0.0,monotonic,converged
0.00225,-0.7125,k0p002250000_wqm0p712500000,redshift__redshift__reference,redshift,-0.1407647617155211,-0.1407647617155211,-0.1407647617155211,0.0,0.0,0.0,0.0,0.0,monotonic,converged
0.00225,-0.69,k0p002250000_wqm0p690000000,redshift__redshift__reference,redshift,-0.0901430079840914,-0.0901430079840914,-0.0901430079840914,0.0,0.0,0.0,0.0,0.0,monotonic,converged
0.00225,-0.6666666666666666,k0p002250000_wqm0p666666667,redshift__redshift__reference,redshift,-0.0540162205778276,-0.0540162205778276,-0.0540162205778276,0.0,0.0,0.0,0.0,0.0,monotonic,converged
0.00225,-0.55,k0p002250000_wqm0p550000000,redshift__redshift__reference,redshift,0.0159848084276754,0.0159848084276754,0.0159848084276754,0.0,0.0,0.0,0.0,0.0,monotonic,converged
0.00225,-0.475,k0p002250000_wqm0p475000000,redshift__redshift__reference,redshift,0.0258828612913326,0.0258828612913326,0.0258828612913326,0.0,0.0,0.0,0.0,0.0,monotonic,converged
0.00225,-0.45,k0p002250000_wqm0p450000000,redshift__redshift__reference,redshift,0.0273180000380404,0.0273180000380404,0.0273180000380404,0.0,0.0,0.0,0.0,0.0,monotonic,converged
0.0025,-0.7125,k0p002500000_wqm0p712500000,redshift__redshift__reference,redshift,-0.162994791430834,-0.162994791430834,-0.162994791430834,0.0,0.0,0.0,0.0,0.0,monotonic,converged
0.0025,-0.69,k0p002500000_wqm0p690000000,redshift__redshift__reference,redshift,-0.10507829056257,-0.10507829056257,-0.10507829056257,0.0,0.0,0.0,0.0,0.0,monotonic,converged
0.0025,-0.6666666666666666,k0p002500000_wqm0p666666667,redshift__redshift__reference,redshift,-0.0641171001189068,-0.0641171001189068,-0.0641171001189068,0.0,0.0,0.0,0.0,0.0,monotonic,converged
0.0025,-0.58,k0p002500000_wqm0p580000000,redshift__redshift__reference,redshift,0.0051167753150596,0.0051167753150596,0.0051167753150596,0.0,0.0,0.0,0.0,0.0,monotonic,converged
0.0025,-0.45,k0p002500000_wqm0p450000000,redshift__redshift__reference,redshift,0.0270954456980658,0.0270954456980658,0.0270954456980658,0.0,0.0,0.0,0.0,0.0,monotonic,converged
0.0,-0.7125,k0p000000000_wqm0p712500000,redshift__redshift__cos1,redshift,-0.1491963660934047,-0.1491998664328489,-0.1492007411697128,3.5003394442123525e-06,8.747368638872821e-07,6.737913322814315e-05,1.683808460030418e-05,0.24990058188031408,monotonic,converged
0.0,-0.69,k0p000000000_wqm0p690000000,redshift__redshift__cos1,redshift,-0.1491963660934047,-0.1491998664328489,-0.1492007411697128,3.5003394442123525e-06,8.747368638872821e-07,6.737913322814315e-05,1.683808460030418e-05,0.24990058188031408,monotonic,converged
0.0,-0.6666666666666666,k0p000000000_wqm0p666666667,redshift__redshift__cos1,redshift,-0.1491963660934047,-0.1491998664328489,-0.1492007411697128,3.5003394442123525e-06,8.747368638872821e-07,6.737913322814315e-05,1.683808460030418e-05,0.24990058188031408,monotonic,converged
0.0,-0.58,k0p000000000_wqm0p580000000,redshift__redshift__cos1,redshift,-0.1491963660934047,-0.1491998664328443,-0.1492007411697128,3.500339439604927e-06,8.747368684947077e-07,6.737913313945337e-05,1.683808468899396e-05,0.2499005835255328,monotonic,converged
0.0,-0.45,k0p000000000_wqm0p450000000,redshift__redshift__cos1,redshift,-0.1491963660934047,-0.1491998664328489,-0.1492007411697128,3.5003394442123525e-06,8.747368638872821e-07,6.737913322814315e-05,1.683808460030418e-05,0.24990058188031408,monotonic,converged
0.00025,-0.58,k0p000250000_wqm0p580000000,redshift__redshift__cos1,redshift,-0.1474949085598664,-0.1474986696705458,-0.1474996095746153,3.761110679401103e-06,9.39904069491293e-07,7.239880062837266e-05,1.8092508606455528e-05,0.2499006675445557,monotonic,converged
0.0005,-0.7125,k0p000500000_wqm0p712500000,redshift__redshift__cos1,redshift,-0.1319611681306131,-0.1319670179598686,-0.1319684798597686,5.849829255499817e-06,1.4618998999960109e-06,0.00011260520045275346,2.814057027837916e-05,0.2499047127950924,monotonic,converged
0.0005,-0.61,k0p000500000_wqm0p610000000,redshift__redshift__cos1,redshift,-0.1441958593795814,-0.144200107977153,-0.1442011697177897,4.248597571587798e-06,1.0617406367152693e-06,8.17825889092295e-05,2.0437778951198097e-05,0.24990379032732737,monotonic,converged
0.0005,-0.55,k0p000500000_wqm0p550000000,redshift__redshift__cos1,redshift,-0.1469058067333477,-0.1469096680540937,-0.1469106330057545,3.86132074600698e-06,9.64951660797908e-07,7.432777567100824e-05,1.857465755760454e-05,0.24990196988835275,monotonic,converged
0.0005,-0.5,k0p000500000_wqm0p500000000,redshift__redshift__cos1,redshift,-0.1480676730827593,-0.1480713632546395,-0.1480722854298871,3.6901718801773953e-06,9.221752476085143e-07,7.10332774040917e-05,1.7751240946373903e-05,0.24990035086500717,monotonic,converged
0.0005,-0.475,k0p000500000_wqm0p475000000,redshift__redshift__cos1,redshift,-0.1484279676365367,-0.1484316038759927,-0.1484325125734156,3.636239455984125e-06,9.086974229188804e-07,6.999511523355032e-05,1.7491802066270448e-05,0.24990032529993197,monotonic,converged
0.00075,-0.475,k0p000750000_wqm0p475000000,redshift__redshift__cos1,redshift,-0.1480429516977225,-0.1480466560182368,-0.1480475817343244,3.7043205143028057e-06,9.257160875908443e-07,7.130562890568923e-05,1.7819399687179292e-05,0.24990172530064517,monotonic,converged
0.001,-0.58,k0p001000000_wqm0p580000000,redshift__redshift__cos1,redshift,-0.1423571483028158,-0.1423616968137131,-0.1423628335012012,4.548510897317559e-06,1.1366874881069133e-06,8.755571470268759e-05,2.188045443037116e-05,0.2499032131103091,monotonic,converged
0.00125,-0.7125,k0p001250000_wqm0p712500000,redshift__redshift__cos1,redshift,-0.1064466628340533,-0.1064554663824322,-0.1064576664720281,8.803548378899517e-06,2.2000895959078948e-06,0.00016946226746182062,4.2350215560275954e-05,0.24990941166190486,monotonic,converged
0.00125,-0.58,k0p001250000_wqm0p580000000,redshift__redshift__cos1,redshift,-0.1406348114216175,-0.1406396231163381,-0.1406408255730871,4.811694720607829e-06,1.2024567490054316e-06,9.262182276894613e-05,2.314646758795935e-05,0.24990295910824814,monotonic,converged
0.00125,-0.45,k0p001250000_wqm0p450000000,redshift__redshift__cos1,redshift,-0.147925852832581,-0.1479295946818507,-0.1479305297821893,3.741849269711661e-06,9.35100338578243e-07,7.2028031704298e-05,1.8000040081519264e-05,0.2499032620440908,monotonic,converged
0.0015,-0.7125,k0p001500000_wqm0p712500000,redshift__redshift__cos1,redshift,-0.0984149932212507,-0.0984243393635024,-0.0984266750640521,9.346142251689948e-06,2.3357005497076644e-06,0.00017990682731842825,4.496063339800264e-05,0.2499106569114469,monotonic,converged
0.0015,-0.61,k0p001500000_wqm0p610000000,redshift__redshift__cos1,redshift,-0.1340945184274129,-0.1341002653107925,-0.1341017014872166,5.7468833795926155e-06,1.4361764240911068e-06,0.00011062356295770759,2.7645411012339045e-05,0.24990526677312083,monotonic,converged
0.0015,-0.5,k0p001500000_wqm0p500000000,redshift__redshift__cos1,redshift,-0.1457986454129538,-0.1458027171076289,-0.1458037346348168,4.0716946751173655e-06,1.0175271878964942e-06,7.83773294994788e-05,1.9586700389842662e-05,0.2499026250948358,monotonic,converged
0.00175,-0.7125,k0p001750000_wqm0p712500000,redshift__redshift__cos1,redshift,-0.0909075292232985,-0.0909169585847093,-0.0909193151034895,9.429361410795423e-06,2.356518780194383e-06,0.00018150873904666738,4.536137005451695e-05,0.2499128708224576,monotonic,converged
0.00175,-0.45,k0p001750000_wqm0p450000000,redshift__redshift__cos1,redshift,-0.1474156474316915,-0.1474194861885596,-0.1474204455043727,3.838756868101978e-06,9.593158130927204e-07,7.389343649912636e-05,1.8466171355213726e-05,0.24990272790239026,monotonic,converged
0.002,-0.7125,k0p002000000_wqm0p712500000,redshift__redshift__cos1,redshift,-0.0842393348996292,-0.084248082404314,-0.0842502685286142,8.747504684797347e-06,2.1861243001963793e-06,0.00016838346479376763,4.208139319738413e-05,0.2499140473735025,monotonic,converged
0.002,-0.69,k0p002000000_wqm0p690000000,redshift__redshift__cos1,redshift,-0.0972464629630047,-0.0972559394726598,-0.0972583077621616,9.47650965510416e-06,2.368289501800125e-06,0.00018241631040806896,4.5587948371250206e-05,0.24991158010634604,monotonic,converged
0.002,-0.45,k0p002000000_wqm0p450000000,redshift__redshift__cos1,redshift,-0.1471601282477463,-0.1471640155119557,-0.1471649869485294,3.887264209412322e-06,9.714365736823716e-07,7.482716954553041e-05,1.8699487682276488e-05,0.2499023789867974,monotonic,converged
0.00225,-0.7125,k0p002250000_wqm0p712500000,redshift__redshift__cos1,redshift,-0.0789540704997025,-0.0789606908502082,-0.0789623453949337,6.6203505056927625e-06,1.6545447255045254e-06,0.00012743720597659154,3.1848851023868804e-05,0.24991799513965335,monotonic,converged
0.00225,-0.69,k0p002250000_wqm0p690000000,redshift__redshift__cos1,redshift,-0.0915305004864531,-0.091539983692227,-0.0915423536655859,9.483205773902492e-06,2.3699733588955496e-06,0.00018254520610170528,4.5620361465288094e-05,0.24991267883458226,monotonic,converged
0.00225,-0.6666666666666666,k0p002250000_wqm0p666666667,redshift__redshift__cos1,redshift,-0.1043628517568964,-0.1043720197529641,-0.1043743109266974,9.167996067704909e-06,2.291173733293128e-06,0.0001764776354768598,4.410352272538466e-05,0.24990998211310253,monotonic,converged
0.00225,-0.55,k0p002250000_wqm0p550000000,redshift__redshift__cos1,redshift,-0.1388024232844184,-0.13880755795951,-0.1388088411379094,5.134675091583718e-06,1.283178399397178e-06,9.883897336045297e-05,2.4700303986636092e-05,0.24990449765759173,monotonic,converged
0.00225,-0.475,k0p002250000_wqm0p475000000,redshift__redshift__cos1,redshift,-0.145721914321333,-0.1457260287141598,-0.1457270569097428,4.114392826798374e-06,1.0281955830082623e-06,7.919923963035683e-05,1.979205967771254e-05,0.2499021426226711,monotonic,converged
0.00225,-0.45,k0p002250000_wqm0p450000000,redshift__redshift__cos1,redshift,-0.1469043355364317,-0.1469082713426043,-0.1469092549095207,3.935806172611356e-06,9.835669163849037e-07,7.576156903954271e-05,1.8932988458439314e-05,0.24990227497212342,monotonic,converged
0.0025,-0.7125,k0p002500000_wqm0p712500000,redshift__redshift__cos1,redshift,-0.0761357621262032,-0.0761364545211941,-0.0761366275703067,6.923949908976823e-07,1.730491126089584e-07,1.3328128623448908e-05,3.3310767139370017e-06,0.24992831387269593,monotonic,converged
0.0025,-0.69,k0p002500000_wqm0p690000000,redshift__redshift__cos1,redshift,-0.0863293351072772,-0.0863383499046557,-0.0863406028286128,9.014797378512074e-06,2.2529239570995285e-06,0.00017352866579719957,4.336724077125688e-05,0.24991398724830596,monotonic,converged
0.0025,-0.6666666666666666,k0p002500000_wqm0p666666667,redshift__redshift__cos1,redshift,-0.0997024992380287,-0.0997119578527956,-0.0997143216671213,9.458614766907902e-06,2.3638143256954347e-06,0.00018207184608536677,4.550180430100128e-05,0.2499112590953088,monotonic,converged
0.0025,-0.58,k0p002500000_wqm0p580000000,redshift__redshift__cos1,redshift,-0.1319723653782805,-0.1319784822009182,-0.1319800108263277,6.116822637708408e-06,1.5286254095026042e-06,0.00011774463991500632,2.9424990565729937e-05,0.2499051386710282,monotonic,converged
0.0025,-0.45,k0p002500000_wqm0p450000000,redshift__redshift__cos1,redshift,-0.14664827243495,-0.1466522568176382,-0.1466532525230536,3.984382688199117e-06,9.95705415424153e-07,7.669663364333667e-05,1.916664623848907e-05,0.2499020534280549,monotonic,converged
0.0,-0.7125,k0p000000000_wqm0p712500000,redshift__redshift__sin1,redshift,0.2581964220980429,0.2581911050592209,0.258189776339486,5.3170388220058484e-06,1.328719734905448e-06,9.546610675096658e-05,2.385683165028055e-05,0.24989844524102792,monotonic,converged
0.0,-0.69,k0p000000000_wqm0p690000000,redshift__redshift__sin1,redshift,0.2581964220980429,0.2581911050592209,0.258189776339486,5.3170388220058484e-06,1.328719734905448e-06,9.546610675096658e-05,2.385683165028055e-05,0.24989844524102792,monotonic,converged
0.0,-0.6666666666666666,k0p000000000_wqm0p666666667,redshift__redshift__sin1,redshift,0.2581964220980429,0.2581911050592209,0.258189776339486,5.3170388220058484e-06,1.328719734905448e-06,9.546610675096658e-05,2.385683165028055e-05,0.24989844524102792,monotonic,converged
0.0,-0.58,k0p000000000_wqm0p580000000,redshift__redshift__sin1,redshift,0.2581964220980429,0.2581911050592207,0.258189776339486,5.317038822172382e-06,1.3287197347389146e-06,9.546610675395665e-05,2.3856831647290482e-05,0.2498984452018802,monotonic,converged
0.0,-0.45,k0p000000000_wqm0p450000000,redshift__redshift__sin1,redshift,0.2581964220980429,0.2581911050592209,0.258189776339486,5.3170388220058484e-06,1.328719734905448e-06,9.546610675096658e-05,2.385683165028055e-05,0.24989844524102792,monotonic,converged
0.00025,-0.58,k0p000250000_wqm0p580000000,redshift__redshift__sin1,redshift,0.2565085928013186,0.2565030866522662,0.2565017106473985,5.506149052425524e-06,1.3760048676592085e-06,9.88615338014943e-05,2.4705824422821783e-05,0.24990330892932547,monotonic,converged
0.0005,-0.7125,k0p000500000_wqm0p712500000,redshift__redshift__sin1,redshift,0.2398688468648051,0.2398619852930621,0.2398602703506087,6.861571743010941e-06,1.7149424534068647e-06,0.0001231978103651653,3.079136429305617e-05,0.24993434706176038,monotonic,converged
0.0005,-0.61,k0p000500000_wqm0p610000000,redshift__redshift__sin1,redshift,0.2531556481917286,0.2531498022459616,0.2531483412756404,5.845945766969063e-06,1.4609703212209446e-06,0.00010496249911511666,2.623135796346443e-05,0.24991171308426477,monotonic,converged
0.0005,-0.55,k0p000500000_wqm0p550000000,redshift__redshift__sin1,redshift,0.2559675002727102,0.2559619157875941,0.2559605201958052,5.584485116116866e-06,1.3955917889107994e-06,0.00010026803829942214,2.505750271175738e-05,0.24990518550816992,monotonic,converged
0.0005,-0.5,k0p000500000_wqm0p500000000,redshift__redshift__sin1,redshift,0.2571444082450858,0.2571389418391622,0.2571375757729588,5.466405923582052e-06,1.3660662033787574e-06,9.814795582928061e-05,2.4527378182927368e-05,0.2499020787105388,monotonic,converged
0.0005,-0.475,k0p000500000_wqm0p475000000,redshift__redshift__sin1,redshift,0.2575036011921454,0.2574981725566654,0.2574968159347165,5.428635479975963e-06,1.3566219488891917e-06,9.746979692880264e-05,2.4357808947594224e-05,0.24990109464767354,monotonic,converged
0.00075,-0.475,k0p000750000_wqm0p475000000,redshift__redshift__sin1,redshift,0.2571564062035563,0.2571509218118666,0.2571495512488334,5.484391689680734e-06,1.3705630332316865e-06,9.847088577654156e-05,2.4608117642079694e-05,0.2499024706441913,monotonic,converged
0.001,-0.58,k0p001000000_wqm0p580000000,redshift__redshift__sin1,redshift,0.2514198909478689,0.2514138239141986,0.2514123076632163,6.06703367028727e-06,1.5162509822697068e-06,0.00010893207731194482,2.7223908453617562e-05,0.24991636187803015,monotonic,converged
0.00125,-0.7125,k0p001250000_wqm0p712500000,redshift__redshift__sin1,redshift,0.2123425957463092,0.2123342418979814,0.2123321536981683,8.353848327813385e-06,2.0881998130939383e-06,0.00014999126448799494,3.749310714999987e-05,0.2499686050249997,monotonic,converged
0.00125,-0.58,k0p001250000_wqm0p580000000,redshift__redshift__sin1,redshift,0.2497158763063546,0.249709625534805,0.2497080633406695,6.250771549615175e-06,1.5621941354959645e-06,0.0001122310451377048,2.80488063182375e-05,0.24992020954471453,monotonic,converged
0.00125,-0.45,k0p001250000_wqm0p450000000,redshift__redshift__sin1,redshift,0.2571062698359835,0.2571007436887456,0.2570993626866175,5.526147237921997e-06,1.3810021280979967e-06,9.922059623743711e-05,2.4795548988408416e-05,0.24990324517978216,monotonic,converged
0.0015,-0.7125,k0p001500000_wqm0p712500000,redshift__redshift__sin1,redshift,0.2032091584802512,0.2032007854301429,0.2031986923535189,8.373050108312352e-06,2.093076623993495e-06,0.00015033602767071543,3.758066907413225e-05,0.24997779744750262,monotonic,converged
0.0015,-0.61,k0p001500000_wqm0p610000000,redshift__redshift__sin1,redshift,0.2429978071343683,0.2429909493256118,0.2429892353345168,6.857808756505213e-06,1.7139910949981463e-06,0.00012313024688039787,3.07742828899584e-05,0.24993276363565556,monotonic,converged
0.0015,-0.5,k0p001500000_wqm0p500000000,redshift__redshift__sin1,redshift,0.2550297285465613,0.2550239644845484,0.255022523994139,5.7640620129140174e-06,1.4404904093989757e-06,0.00010349229672098785,2.586364625142e-05,0.2499089021200063,monotonic,converged
0.00175,-0.7125,k0p001750000_wqm0p712500000,redshift__redshift__sin1,redshift,0.1940729752900442,0.1940650134400112,0.1940630230797175,7.961850032989215e-06,1.9903602936910403e-06,0.0001429530328119352,3.5736422966103566e-05,0.24998716195911252,monotonic,converged
0.00175,-0.45,k0p001750000_wqm0p450000000,redshift__redshift__sin1,redshift,0.2566681650698015,0.2566625553590415,0.2566611534639914,5.609710760023923e-06,1.4018950501015759e-06,0.0001007209584481572,2.5170676195318832e-05,0.2499050503801015,monotonic,converged
0.002,-0.7125,k0p002000000_wqm0p712500000,redshift__redshift__sin1,redshift,0.184830311015179,0.1848234084440342,0.184821682820531,6.902571144801195e-06,1.72562350320149e-06,0.00012393394440500622,3.098313987981433e-05,0.24999720640346845,monotonic,converged
0.002,-0.69,k0p002000000_wqm0p690000000,redshift__redshift__sin1,redshift,0.2025008563840675,0.202492477863179,0.2024903833988068,8.378520888502328e-06,2.0944643722153877e-06,0.0001504342541654075,3.760558574755324e-05,0.24998020534741142,monotonic,converged
0.002,-0.45,k0p002000000_wqm0p450000000,redshift__redshift__sin1,redshift,0.2564486817376135,0.2564430302702801,0.2564416179354251,5.651467333389615e-06,1.4123348550110215e-06,0.00010147068731490635,2.535812029029507e-05,0.2499058689885299,monotonic,converged
0.00225,-0.7125,k0p002250000_wqm0p712500000,redshift__redshift__sin1,redshift,0.1751646196983801,0.1751598464804108,0.1751586531322774,4.773217969294974e-06,1.193348133393668e-06,8.570193889057233e-05,2.1426268287175825e-05,0.2500091429032165,monotonic,converged
0.00225,-0.69,k0p002250000_wqm0p690000000,redshift__redshift__sin1,redshift,0.1955463948952828,0.1955383926364783,0.1955363921730832,8.002258804512552e-06,2.00046339510207e-06,0.00014367856223255113,3.591782163369075e-05,0.24998734032120895,monotonic,converged
0.00225,-0.6666666666666666,k0p002250000_wqm0p666666667,redshift__redshift__sin1,redshift,0.2111878364976352,0.2111793201465145,0.2111771912932449,8.516351120702037e-06,2.1288532696117635e-06,0.00015290896162968817,3.82230298287029e-05,0.24997246349282431,monotonic,converged
0.00225,-0.55,k0p002250000_wqm0p550000000,redshift__redshift__sin1,redshift,0.2480935790939691,0.2480870781496332,0.2480854534023991,6.500944335879888e-06,1.6247472341135438e-06,0.00011672283515828697,2.9171931612247814e-05,0.24992480325454716,monotonic,converged
0.00225,-0.475,k0p002250000_wqm0p475000000,redshift__redshift__sin1,redshift,0.2550625191637272,0.2550567011874661,0.2550552472188251,5.81797626109104e-06,1.453968640985348e-06,0.00010446031360861404,2.6105644540037622e-05,0.24990968950992015,monotonic,converged
0.00225,-0.45,k0p002250000_wqm0p450000000,redshift__redshift__sin1,redshift,0.2562289134865228,0.2562232202832593,0.2562217975135403,5.693203263545943e-06,1.4227697189839184e-06,0.0001022200455379768,2.5545475671987124e-05,0.24990671386950683,monotonic,converged
0.0025,-0.7125,k0p002500000_wqm0p712500000,redshift__redshift__sin1,redshift,0.1639979413319201,0.1639975161450243,0.1639974098572709,4.251868958027316e-07,1.0628775340415508e-07,7.634124734207374e-06,1.908370119624889e-06,0.24997890210959844,monotonic,converged
0.0025,-0.69,k0p002500000_wqm0p690000000,redshift__redshift__sin1,redshift,0.1885251746956498,0.1885179518575145,0.1885161461834583,7.222838135312326e-06,1.8056740561933626e-06,0.00012968425839150673,3.242042760578828e-05,0.24999508813100138,monotonic,converged
0.0025,-0.6666666666666666,k0p002500000_wqm0p666666667,redshift__redshift__sin1,redshift,0.2059711878409195,0.2059626985517081,0.2059605764156072,8.489289211405238e-06,2.122136100901617e-06,0.0001524230717935785,3.810242473879965e-05,0.2499780662497112,monotonic,converged
0.0025,-0.58,k0p002500000_wqm0p580000000,redshift__redshift__sin1,redshift,0.2411465989478292,0.2411394707105207,0.2411376890995028,7.128237308501317e-06,1.7816110178814348e-06,0.0001279857241258377,3.198838175072859e-05,0.24993710797992655,monotonic,converged
0.0025,-0.45,k0p002500000_wqm0p450000000,redshift__redshift__sin1,redshift,0.2560088621181823,0.2560031272024415,0.2560016940035637,5.734915740795987e-06,1.4331988777982474e-06,0.00010296898266996068,2.5732728618979137e-05,0.2499075736375726,monotonic,converged
0.0,-0.7125,k0p000000000_wqm0p712500000,redshift__redshift__cos2,redshift,0.0247196008899832,0.0247160964987111,0.0247152215089367,3.5043912720994497e-06,8.749897743992596e-07,0.0007029978868202476,0.00017552719277933088,0.24968381281096533,monotonic,converged
0.0,-0.69,k0p000000000_wqm0p690000000,redshift__redshift__cos2,redshift,0.0247196008899832,0.0247160964987111,0.0247152215089367,3.5043912720994497e-06,8.749897743992596e-07,0.0007029978868202476,0.00017552719277933088,0.24968381281096533,monotonic,converged
0.0,-0.6666666666666666,k0p000000000_wqm0p666666667,redshift__redshift__cos2,redshift,0.0247196008899832,0.0247160964987111,0.0247152215089367,3.5043912720994497e-06,8.749897743992596e-07,0.0007029978868202476,0.00017552719277933088,0.24968381281096533,monotonic,converged
0.0,-0.58,k0p000000000_wqm0p580000000,redshift__redshift__cos2,redshift,0.0247196008899832,0.0247160964987069,0.0247152215089367,3.50439127630095e-06,8.749897701977594e-07,0.0007029978876630889,0.00017552719193648954,0.24968381131268888,monotonic,converged
0.0,-0.45,k0p000000000_wqm0p450000000,redshift__redshift__cos2,redshift,0.0247196008899832,0.0247160964987111,0.0247152215089367,3.5043912720994497e-06,8.749897743992596e-07,0.0007029978868202476,0.00017552719277933088,0.24968381281096533,monotonic,converged
0.00025,-0.58,k0p000250000_wqm0p580000000,redshift__redshift__cos2,redshift,0.0247261430377591,0.0247223775718593,0.0247214373960477,3.7654658998007018e-06,9.401758115992753e-07,0.0007553707234488495,0.00018860382801884947,0.2496837938829925,monotonic,converged
0.0005,-0.7125,k0p000500000_wqm0p712500000,redshift__redshift__cos2,redshift,0.0240426539004183,0.024036797300609,0.0240353349778325,5.85659980929798e-06,1.4623227765006575e-06,0.001174862328492726,0.00029334904179041855,0.24968801422611517,monotonic,converged
0.0005,-0.61,k0p000500000_wqm0p610000000,redshift__redshift__cos2,redshift,0.0246798818989698,0.024675628384204,0.0246745663365911,4.253514765798633e-06,1.062047612899325e-06,0.0008532756931915738,0.0002130519024844569,0.2496870638463428,monotonic,converged
0.0005,-0.55,k0p000500000_wqm0p550000000,redshift__redshift__cos2,redshift,0.024753530710011,0.0247496649181898,0.0247486996875854,3.865791821201087e-06,9.652306043987646e-07,0.0007754965899008316,0.00019362994097974842,0.24968509662242266,monotonic,converged
0.0005,-0.5,k0p000500000_wqm0p500000000,redshift__redshift__cos2,redshift,0.0247712838055292,0.024767589360637,0.0247666669187849,3.6944448922014705e-06,9.224418521004696e-07,0.0007411235648454117,0.0001850463097269073,0.24968347857823878,monotonic,converged
0.0005,-0.475,k0p000500000_wqm0p475000000,redshift__redshift__cos2,redshift,0.0247736240715436,0.024769983621449,0.0247690746613119,3.6404500945996787e-06,9.089601370991518e-07,0.0007302919465510863,0.0001823418123061723,0.24968344943047638,monotonic,converged
0.00075,-0.475,k0p000750000_wqm0p475000000,redshift__redshift__cos2,redshift,0.0248000847196293,0.0247963761116549,0.0247954501279464,3.708607974401562e-06,9.259837084989175e-07,0.0007439647478311121,0.00018575682329979325,0.2496849801571002,monotonic,converged
0.001,-0.58,k0p001000000_wqm0p580000000,redshift__redshift__cos2,redshift,0.0247131161434641,0.0247085623683662,0.0247074253521777,4.553775097899948e-06,1.1370161885002061e-06,0.0009135093721884722,0.00022809096237623938,0.24968650494499844,monotonic,converged
0.00125,-0.7125,k0p001250000_wqm0p712500000,redshift__redshift__cos2,redshift,0.0216090098138145,0.0216001960792459,0.0215979953525541,8.813734568600268e-06,2.200726691801297e-06,0.0017680779044426064,0.0004414764487409445,0.2496928713557572,monotonic,converged
0.00125,-0.58,k0p001250000_wqm0p580000000,redshift__redshift__cos2,redshift,0.0246968519363559,0.0246920346728964,0.0246908318683295,4.817263459501453e-06,1.2028045669014442e-06,0.0009663664155449968,0.00024128843018230824,0.2496862745858464,monotonic,converged
0.00125,-0.45,k0p001250000_wqm0p450000000,redshift__redshift__cos2,redshift,0.0248532527203697,0.0248495065384387,0.0248485711677687,3.7461819310004307e-06,9.353706699986863e-07,0.0007515022657728959,0.00018763989330699798,0.249686397304493,monotonic,converged
0.0015,-0.7125,k0p001500000_wqm0p712500000,redshift__redshift__cos2,redshift,0.0201604396745143,0.020151082717579,0.0201487463404123,9.356956935300392e-06,2.336377166699266e-06,0.0018770509460387572,0.00046868859196212795,0.24969412415322395,monotonic,converged
0.0015,-0.61,k0p001500000_wqm0p610000000,redshift__redshift__cos2,redshift,0.0244504998019988,0.0244447462694782,0.0244433096776449,5.7535325206012344e-06,1.4365918333016092e-06,0.0011541865304644148,0.0002881872897797802,0.2496886613845867,monotonic,converged
0.0015,-0.5,k0p001500000_wqm0p500000000,redshift__redshift__cos2,redshift,0.0248659443646192,0.0248618679576468,0.0248608501362167,4.076406972398916e-06,1.0178214301000132e-06,0.0008177470107950996,0.0002041799157010245,0.2496859212025726,monotonic,converged
0.00175,-0.7125,k0p001750000_wqm0p712500000,redshift__redshift__cos2,redshift,0.018186333178666,0.0181768929005027,0.0181745356994075,9.44027816330087e-06,2.3572010952009614e-06,0.0018937655885154553,0.00047286597302358043,0.2496961481881533,monotonic,converged
0.00175,-0.45,k0p001750000_wqm0p450000000,redshift__redshift__cos2,redshift,0.024905391329163,0.0249015481319848,0.0249005885388256,3.843197178200752e-06,9.595931592006057e-07,0.00077096399492231,0.0001924990421292338,0.24968616355246517,monotonic,converged
0.002,-0.7125,k0p002000000_wqm0p712500000,redshift__redshift__cos2,redshift,0.0154276421612155,0.0154188845330241,0.0154166977750082,8.757628191399802e-06,2.1867580158995564e-06,0.001756822693038819,0.00043867426460163824,0.24969751719386812,monotonic,converged
0.002,-0.69,k0p002000000_wqm0p690000000,redshift__redshift__cos2,redshift,0.0199439507121912,0.0199344632376869,0.0199320942623822,9.487474504299431e-06,2.3689753047007045e-06,0.0019032334034400598,0.00047522793655864525,0.24969503777081645,monotonic,converged
0.002,-0.45,k0p002000000_wqm0p450000000,redshift__redshift__cos2,redshift,0.0249311702436832,0.0249272784806485,0.0249263067631728,3.8917630347003185e-06,9.717174756992963e-07,0.0007807065412990895,0.00019493123882644025,0.24968567382831997,monotonic,converged
0.00225,-0.7125,k0p002250000_wqm0p712500000,redshift__redshift__cos2,redshift,0.0113453500208262,0.0113387220092355,0.0113370669905639,6.628011590700464e-06,1.6550186716004361e-06,0.0013296112734840484,0.0003320047729961765,0.24970063026481973,monotonic,converged
0.00225,-0.69,k0p002250000_wqm0p690000000,redshift__redshift__cos2,redshift,0.0183482851361358,0.0183387909557076,0.018336420295714,9.49418042819894e-06,2.3706599935995054e-06,0.0019045786443005952,0.0004755658933231298,0.24969611769314387,monotonic,converged
0.00225,-0.6666666666666666,k0p002250000_wqm0p666666667,redshift__redshift__cos2,redshift,0.0214602312797999,0.0214510526740987,0.0214487608364501,9.178605701199577e-06,2.2918376485978054e-06,0.0018412728234064799,0.00045975374859728846,0.24969344181527253,monotonic,converged
0.00225,-0.55,k0p002250000_wqm0p550000000,redshift__redshift__cos2,redshift,0.024785148813414,0.0247800081959654,0.0247787246463813,5.1406174485998934e-06,1.2835495840982092e-06,0.0010312327941485815,0.0002574862722761746,0.24968782387177998,monotonic,converged
0.00225,-0.475,k0p002250000_wqm0p475000000,redshift__redshift__cos2,redshift,0.0249508202512977,0.0249467010967935,0.0249456726038735,4.119154504201444e-06,1.0284929200000958e-06,0.0008263223730165547,0.00020632066833578587,0.2496854436877899,monotonic,converged
0.00225,-0.45,k0p002250000_wqm0p450000000,redshift__redshift__cos2,redshift,0.0249567531556655,0.0249528127926301,0.0249518289412867,3.94036303540124e-06,9.838513433980955e-07,0.0007904559371682733,0.00019736535154071545,0.24968545653253796,monotonic,converged
0.0025,-0.7125,k0p002500000_wqm0p712500000,redshift__redshift__cos2,redshift,0.0044631967845096,0.0044625035926018,0.0044623304688827,6.931919077999421e-07,1.7312371910008229e-07,0.00013905765895036904,3.4729457767684496e-05,0.249748615285403,monotonic,converged
0.0025,-0.69,k0p002500000_wqm0p690000000,redshift__redshift__cos2,redshift,0.0162639105622017,0.0162548853299366,0.016252631752757,9.025232265102295e-06,2.253577179599925e-06,0.0018105053682055787,0.00045207851293841534,0.24969741646581126,monotonic,converged
0.0025,-0.6666666666666666,k0p002500000_wqm0p666666667,redshift__redshift__cos2,redshift,0.0205633314597713,0.0205538619003259,0.0205514974012412,9.46955944540126e-06,2.3644990847018765e-06,0.0018996395557302037,0.0004743299851155025,0.2496947295526148,monotonic,converged
0.0025,-0.58,k0p002500000_wqm0p580000000,redshift__redshift__cos2,redshift,0.0245097787134567,0.0245036548111624,0.0245021257434058,6.123902294298544e-06,1.5290677566025257e-06,0.0012284845035030582,0.00030673840853751765,0.24968846384536758,monotonic,converged
0.0025,-0.45,k0p002500000_wqm0p450000000,redshift__redshift__cos2,redshift,0.0249821382387026,0.0249781492447919,0.0249771532514708,3.988993910700178e-06,9.959933210991478e-07,0.000800211526631573,0.00019980109116077922,0.24968534507597773,monotonic,converged
0.0,-0.7125,k0p000000000_wqm0p712500000,redshift__redshift__sin2,redshift,-0.0172340893920183,-0.0172447275962612,-0.0172473852920571,1.0638204242900684e-05,2.6576957958997227e-06,0.0032867083376833146,0.0008211038942252672,0.2498256035715157,monotonic,converged
0.0,-0.69,k0p000000000_wqm0p690000000,redshift__redshift__sin2,redshift,-0.0172340893920183,-0.0172447275962612,-0.0172473852920571,1.0638204242900684e-05,2.6576957958997227e-06,0.0032867083376833146,0.0008211038942252672,0.2498256035715157,monotonic,converged
0.0,-0.6666666666666666,k0p000000000_wqm0p666666667,redshift__redshift__sin2,redshift,-0.0172340893920183,-0.0172447275962612,-0.0172473852920571,1.0638204242900684e-05,2.6576957958997227e-06,0.0032867083376833146,0.0008211038942252672,0.2498256035715157,monotonic,converged
0.0,-0.58,k0p000000000_wqm0p580000000,redshift__redshift__sin2,redshift,-0.0172340893920183,-0.0172447275962609,-0.0172473852920571,1.0638204242598842e-05,2.6576957962015646e-06,0.0032867083375900594,0.0008211038943185222,0.2498256036069775,monotonic,converged
0.0,-0.45,k0p000000000_wqm0p450000000,redshift__redshift__sin2,redshift,-0.0172340893920183,-0.0172447275962612,-0.0172473852920571,1.0638204242900684e-05,2.6576957958997227e-06,0.0032867083376833146,0.0008211038942252672,0.2498256035715157,monotonic,converged
0.00025,-0.58,k0p000250000_wqm0p580000000,redshift__redshift__sin2,redshift,-0.0172651950107969,-0.0172762115818798,-0.0172789638570518,1.1016571082902299e-05,2.7522751719979976e-06,0.003403606022606603,0.0008503245048562891,0.24983047368246228,monotonic,converged
0.0005,-0.7125,k0p000500000_wqm0p712500000,redshift__redshift__sin2,redshift,-0.0169037638413588,-0.0169174922989359,-0.0169209225146122,1.3728457577098785e-05,3.4302156763019176e-06,0.004241452312056676,0.0010597764628252188,0.24986169473430533,monotonic,converged
0.0005,-0.61,k0p000500000_wqm0p610000000,redshift__redshift__sin2,redshift,-0.0172712646956728,-0.0172829611220037,-0.0172858833444746,1.1696426330899679e-05,2.922222470901764e-06,0.003613649546963819,0.000902830284170173,0.24983891559952992,monotonic,converged
0.0005,-0.55,k0p000500000_wqm0p550000000,redshift__redshift__sin2,redshift,-0.0173046253111395,-0.0173157986143026,-0.0173185900670867,1.117330316309853e-05,2.7914527841003955e-06,0.0034520289164523548,0.0008624285575147445,0.2498323676851065,monotonic,converged
0.0005,-0.5,k0p000500000_wqm0p500000000,redshift__redshift__sin2,redshift,-0.0173071928244762,-0.0173181298787133,-0.0173208622746383,1.093705423709998e-05,2.7323959249994645e-06,0.003379039030460427,0.0008441827458370874,0.24982923790674866,monotonic,converged
0.0005,-0.475,k0p000500000_wqm0p475000000,redshift__redshift__sin2,redshift,-0.0173049369046941,-0.0173157983891684,-0.0173185118947745,1.0861484474298383e-05,2.713505606100064e-06,0.0033556915026441126,0.0008383465194204354,0.24982824516492694,monotonic,converged
0.00075,-0.475,k0p000750000_wqm0p475000000,redshift__redshift__sin2,redshift,-0.0173402091838367,-0.0173511822246513,-0.017353923615105,1.0973040814599155e-05,2.7413904536977007e-06,0.003390157202438574,0.0008469616351863639,0.24982960512189106,monotonic,converged
0.001,-0.58,k0p001000000_wqm0p580000000,redshift__redshift__sin2,redshift,-0.0173449387698952,-0.0173570775413208,-0.017360110335748,1.2138771425598827e-05,3.032794427201141e-06,0.0037503135249891727,0.0009369918552760898,0.2498436061499138,monotonic,converged
0.00125,-0.7125,k0p001250000_wqm0p712500000,redshift__redshift__sin2,redshift,-0.0154379019909682,-0.0154546161467614,-0.0154587929492124,1.6714155793200527e-05,4.176802450999578e-06,0.005163893637359911,0.0012904369127635087,0.24989610619153974,monotonic,converged
0.00125,-0.58,k0p001250000_wqm0p580000000,redshift__redshift__sin2,redshift,-0.0173658316574926,-0.0173783380456037,-0.0173814627352041,1.2506388111101219e-05,3.124689600397801e-06,0.003863889914173328,0.0009653831725550256,0.2498474837530581,monotonic,converged
0.00125,-0.45,k0p001250000_wqm0p450000000,redshift__redshift__sin2,redshift,-0.0174024224629093,-0.0174134790453985,-0.0174162413160442,1.1056582489201577e-05,2.762270645700199e-06,0.003415967678736117,0.0008534126394705538,0.2498304198786536,monotonic,converged
0.0015,-0.7125,k0p001500000_wqm0p712500000,redshift__redshift__sin2,redshift,-0.0144320790283436,-0.0144488316001639,-0.0144530181572641,1.675257182029953e-05,4.186557100200813e-06,0.005175762395816135,0.0012934506438527825,0.249905336631827,monotonic,converged
0.0015,-0.61,k0p001500000_wqm0p610000000,redshift__redshift__sin2,redshift,-0.0172706648969769,-0.017284385826411,-0.0172878141391943,1.3720929434100915e-05,3.4283127832990257e-06,0.004239126467412841,0.0010591885577469254,0.24986009874655923,monotonic,converged
0.0015,-0.5,k0p001500000_wqm0p500000000,redshift__redshift__sin2,redshift,-0.0174504381189529,-0.0174619707144112,-0.0174648519730836,1.153259545830232e-05,2.8812586723991895e-06,0.0035630334577591944,0.0008901743833238024,0.24983610001900922,monotonic,converged
0.00175,-0.7125,k0p001750000_wqm0p712500000,redshift__redshift__sin2,redshift,-0.012984881647721,-0.0130008114974833,-0.0130047926021213,1.5929849762300052e-05,3.981104637999777e-06,0.004921579698635134,0.0012299754270684892,0.24991476362956985,monotonic,converged
0.00175,-0.45,k0p001750000_wqm0p450000000,redshift__redshift__sin2,redshift,-0.0174694581730419,-0.0174806819497484,-0.0174834860102493,1.1223776706498906e-05,2.804060500901512e-06,0.003467622884394561,0.0008663237532623757,0.24983217095524327,monotonic,converged
0.002,-0.7125,k0p002000000_wqm0p712500000,redshift__redshift__sin2,redshift,-0.010908511912469,-0.0109223223872335,-0.0109257739675076,1.38104747644998e-05,3.4515802740994056e-06,0.004266791792998128,0.0010663771258797108,0.24992480946214726,monotonic,converged
0.002,-0.69,k0p002000000_wqm0p690000000,redshift__redshift__sin2,redshift,-0.0143095801546386,-0.0143263436703472,-0.0143305330031669,1.6763515708600324e-05,4.1893328197005475e-06,0.005179143546253145,0.001294308211560127,0.24990776949916657,monotonic,converged
0.002,-0.45,k0p002000000_wqm0p450000000,redshift__redshift__sin2,redshift,-0.0175029022067758,-0.0175142095267325,-0.0175170344688812,1.1307319956702089e-05,2.8249421486978288e-06,0.003493433847479163,0.0008727752073188742,0.249833042623281,monotonic,converged
0.00225,-0.7125,k0p002250000_wqm0p712500000,redshift__redshift__sin2,redshift,-0.0079078300555881,-0.0079173801802965,-0.0079197671112793,9.550124708400387e-06,2.386930982799587e-06,0.002950542571690313,0.000737450210911059,0.24993715324994847,monotonic,converged
0.00225,-0.69,k0p002250000_wqm0p690000000,redshift__redshift__sin2,redshift,-0.0131327944669016,-0.0131488051663444,-0.0131528064792203,1.6010699442799148e-05,4.0013128759005395e-06,0.004946558474463088,0.001236218828913556,0.24991493283575067,monotonic,converged
0.00225,-0.6666666666666666,k0p002250000_wqm0p666666667,redshift__redshift__sin2,redshift,-0.0154253416471901,-0.0154423809306761,-0.0154466390480079,1.7039283486000242e-05,4.25811733179883e-06,0.005264342911912022,0.0013155594137607028,0.24990002280890333,monotonic,converged
0.00225,-0.55,k0p002250000_wqm0p550000000,redshift__redshift__sin2,redshift,-0.0175130302093766,-0.0175260371336508,-0.0175292869415124,1.3006924274201748e-05,3.2498078616008397e-06,0.0040185322149801,0.0010040388726058021,0.24985213975963466,monotonic,converged
0.00225,-0.475,k0p002250000_wqm0p475000000,redshift__redshift__sin2,redshift,-0.0175493047688854,-0.0175609452341134,-0.0175638534518487,1.1640465227998747e-05,2.908217735301394e-06,0.0035963601793891,0.0008985034748503102,0.24983689898461048,monotonic,converged
0.00225,-0.45,k0p002250000_wqm0p450000000,redshift__redshift__sin2,redshift,-0.0175362936015999,-0.0175476844240646,-0.0175505302379345,1.1390822464700523e-05,2.845813869899877e-06,0.0035192322231250403,0.000879223594521287,0.24983392364501192,monotonic,converged
0.0025,-0.7125,k0p002500000_wqm0p712500000,redshift__redshift__sin2,redshift,-0.0035541840877187,-0.003555034798589,-0.0035552474200836,8.507108702998471e-07,2.126214946000099e-07,0.0002628299331852224,6.569011302249581e-05,0.24993391059534473,monotonic,converged
0.0025,-0.69,k0p002500000_wqm0p690000000,redshift__redshift__sin2,redshift,-0.0115624018203057,-0.0115768530749739,-0.011580464771829,1.4451254668200117e-05,3.611696855100252e-06,0.004464762860673126,0.0011158456724276887,0.24992271868599517,monotonic,converged
0.0025,-0.6666666666666666,k0p002500000_wqm0p666666667,redshift__redshift__sin2,redshift,-0.0147980343935028,-0.0148150195308048,-0.0148192642124966,1.698513730200024e-05,4.2446816918007e-06,0.005247614269526226,0.0013114084284068133,0.2499056449370491,monotonic,converged
0.0025,-0.58,k0p002500000_wqm0p580000000,redshift__redshift__sin2,redshift,-0.0174093420761341,-0.0174236040688457,-0.0174271676344969,1.4261992711598476e-05,3.563565651201056e-06,0.0044062897540692566,0.0011009753780108662,0.24986449812886308,monotonic,converged
0.0025,-0.45,k0p002500000_wqm0p450000000,redshift__redshift__sin2,redshift,-0.017569629758669,-0.0175811040392414,-0.0175839707134711,1.1474280572399548e-05,2.866674229700522e-06,0.0035450168811517664,0.0008856684715812107,0.24983476842949742,monotonic,converged
0.0,-0.7125,k0p000000000_wqm0p712500000,redshift__redshift__cos3,redshift,-0.0104791496271456,-0.0104826607958864,-0.010483536207765,3.511168740800291e-06,8.754118785998105e-07,0.0005893253063814896,0.00014693180865133827,0.24932207570299805,monotonic,converged
0.0,-0.69,k0p000000000_wqm0p690000000,redshift__redshift__cos3,redshift,-0.0104791496271456,-0.0104826607958864,-0.010483536207765,3.511168740800291e-06,8.754118785998105e-07,0.0005893253063814896,0.00014693180865133827,0.24932207570299805,monotonic,converged
0.0,-0.6666666666666666,k0p000000000_wqm0p666666667,redshift__redshift__cos3,redshift,-0.0104791496271456,-0.0104826607958864,-0.010483536207765,3.511168740800291e-06,8.754118785998105e-07,0.0005893253063814896,0.00014693180865133827,0.24932207570299805,monotonic,converged
0.0,-0.58,k0p000000000_wqm0p580000000,redshift__redshift__cos3,redshift,-0.0104791496271456,-0.0104826607958827,-0.010483536207765,3.511168737100126e-06,8.754118822999757e-07,0.0005893253057604426,0.00014693180927238532,0.24932207701956766,monotonic,converged
0.0,-0.45,k0p000000000_wqm0p450000000,redshift__redshift__cos3,redshift,-0.0104791496271456,-0.0104826607958864,-0.010483536207765,3.511168740800291e-06,8.754118785998105e-07,0.0005893253063814896,0.00014693180865133827,0.24932207570299805,monotonic,converged
0.00025,-0.58,k0p000250000_wqm0p580000000,redshift__redshift__cos3,redshift,-0.0102826504448984,-0.010286423190967,-0.0102873638203356,3.772746068600105e-06,9.406293686002598e-07,0.0006332292455618495,0.00015787811175244936,0.24932220496601953,monotonic,converged
0.0005,-0.7125,k0p000500000_wqm0p712500000,redshift__redshift__cos3,redshift,-0.0084998209388028,-0.0085056888579638,-0.0085071518862219,5.867919161000462e-06,1.4630282581008791e-06,0.0009848895090670614,0.00024555914001830593,0.24932658715281913,monotonic,converged
0.0005,-0.61,k0p000500000_wqm0p610000000,redshift__redshift__cos3,redshift,-0.0099001647526593,-0.009904426491376,-0.0099054890512352,4.261738716699118e-06,1.0625598592002572e-06,0.0007153032680406333,0.00017834329842807196,0.24932543495375312,monotonic,converged
0.0005,-0.55,k0p000500000_wqm0p550000000,redshift__redshift__cos3,redshift,-0.0102150709230534,-0.0102189441887738,-0.0102199098849792,3.873265720398533e-06,9.656962054009621e-07,0.0006501007715312813,0.00016208540635094865,0.24932351021390767,monotonic,converged
0.0005,-0.5,k0p000500000_wqm0p500000000,redshift__redshift__cos3,redshift,-0.0103504679872123,-0.0103541695751435,-0.01035509246201,3.7015879312003036e-06,9.228868664990647e-07,0.0006212858460215824,0.0001549001559039424,0.24932188121755702,monotonic,converged
0.0005,-0.475,k0p000500000_wqm0p475000000,redshift__redshift__cos3,redshift,-0.0103923898015907,-0.0103960372904937,-0.0103969466891335,3.647488903000401e-06,9.093986397985809e-07,0.0006122056995739407,0.00015263625065768134,0.24932183866289914,monotonic,converged
0.00075,-0.475,k0p000750000_wqm0p475000000,redshift__redshift__cos3,redshift,-0.0103488719552749,-0.0103525877352081,-0.0103535141655675,3.7157799331992425e-06,9.264303594009454e-07,0.0006236678750676387,0.00015549490659643846,0.24932325811967554,monotonic,converged
0.001,-0.58,k0p001000000_wqm0p580000000,redshift__redshift__cos3,redshift,-0.0096860725465554,-0.0096906351252549,-0.0096917726899414,4.5625786994994005e-06,1.1375646865006972e-06,0.0007657971713883742,0.00019093233817295407,0.24932494569913044,monotonic,converged
0.00125,-0.7125,k0p001250000_wqm0p712500000,redshift__redshift__cos3,redshift,-0.0055644154844975,-0.0055732462523246,-0.0055754480415747,8.830767827100114e-06,2.2017892500995895e-06,0.0014821830961343652,0.00036955504568164367,0.24933157492179506,monotonic,converged
0.00125,-0.58,k0p001250000_wqm0p580000000,redshift__redshift__cos3,redshift,-0.0094851058631212,-0.0094899324388885,-0.0094911358237315,4.8265757672995985e-06,1.2033848429994498e-06,0.0008101072471353193,0.00020197979466342848,0.24932475962616593,monotonic,converged
0.00125,-0.45,k0p001250000_wqm0p450000000,redshift__redshift__cos3,redshift,-0.0103376121869264,-0.0103413656117688,-0.0103423014336217,3.753424842401279e-06,9.35821852898755e-07,0.0006299863118295635,0.0001570712036050849,0.24932478794488305,monotonic,converged
0.0015,-0.7125,k0p001500000_wqm0p712500000,redshift__redshift__cos3,redshift,-0.0046765699396652,-0.004685944977927,-0.0046882824834725,9.375038261799813e-06,2.3375055455002527e-06,0.0015735351114780306,0.00039233408402251436,0.2493329072612766,monotonic,converged
0.0015,-0.61,k0p001500000_wqm0p610000000,redshift__redshift__cos3,redshift,-0.0087190213943507,-0.008724786049114,-0.0087262233340523,5.764654763299251e-06,1.437284938300351e-06,0.0009675572965457983,0.00024123830244293355,0.24932714920776247,monotonic,converged
0.0015,-0.5,k0p001500000_wqm0p500000000,redshift__redshift__cos3,redshift,-0.010091002336419,-0.0100950866252322,-0.0100961049376851,4.084288813200471e-06,1.018312452898823e-06,0.000685519533202851,0.00017091667834793434,0.2493243008691317,monotonic,converged
0.00175,-0.7125,k0p001750000_wqm0p712500000,redshift__redshift__cos3,redshift,-0.0039039659922864,-0.0039134245082344,-0.0039157828471179,9.458515948000418e-06,2.358338883499435e-06,0.0015875462617894727,0.0003958308152267568,0.24933497987049444,monotonic,converged
0.00175,-0.45,k0p001750000_wqm0p450000000,redshift__redshift__cos3,redshift,-0.0102806879873238,-0.010284538618776,-0.0102854986748198,3.850631452200978e-06,9.600560437993122e-07,0.0006463017666913133,0.00016113874436762972,0.2493243136136944,monotonic,converged
0.002,-0.7125,k0p002000000_wqm0p712500000,redshift__redshift__cos3,redshift,-0.0033404926754984,-0.0033492672255857,-0.0033514550400928,8.774550087299951e-06,2.18781450710007e-06,0.0014727473386480262,0.00036720948205090875,0.24933637455288496,monotonic,converged
0.002,-0.69,k0p002000000_wqm0p690000000,redshift__redshift__cos3,redshift,-0.0045212029671605,-0.0045307087760501,-0.0045330788950043,9.50580888959933e-06,2.370118954200459e-06,0.0015954840538339266,0.0003978080183427468,0.2493337475776204,monotonic,converged
0.002,-0.45,k0p002000000_wqm0p450000000,redshift__redshift__cos3,redshift,-0.010252161811567,-0.0102560610998489,-0.0102570332861114,3.899288281900004e-06,9.721862625003408e-07,0.0006544684778882791,0.00016317471739546796,0.24932402844208895,monotonic,converged
0.00225,-0.7125,k0p002250000_wqm0p712500000,redshift__redshift__cos3,redshift,-0.0032028069621558,-0.0032094477812356,-0.003211103592624,6.64081907980011e-06,1.6558113884001906e-06,0.001114615396677069,0.00027791645056525764,0.24933842776063564,monotonic,converged
0.00225,-0.69,k0p002250000_wqm0p690000000,redshift__redshift__cos3,redshift,-0.0039382160211604,-0.0039477285466076,-0.0039501003515174,9.512525447199355e-06,2.3718049098004138e-06,0.0015966113814156143,0.000398090994290027,0.24933493455186628,monotonic,converged
0.00225,-0.6666666666666666,k0p002250000_wqm0p666666667,redshift__redshift__cos3,redshift,-0.0052779910736378,-0.0052871874148913,-0.0052894803597885,9.196341253499794e-06,2.2929448972005065e-06,0.0015435420587539793,0.0003848548884467927,0.2493322979209688,monotonic,converged
0.00225,-0.55,k0p002250000_wqm0p550000000,redshift__redshift__cos3,redshift,-0.0092733053420159,-0.0092784558958265,-0.0092797400647232,5.150553810598715e-06,1.284168896701146e-06,0.0008644847133645867,0.0002155388374531634,0.24932637225507806,monotonic,converged
0.00225,-0.475,k0p002250000_wqm0p475000000,redshift__redshift__cos3,redshift,-0.0100859225392898,-0.0100900496580365,-0.0100910786471481,4.127118746701311e-06,1.0289891116000566e-06,0.0006927082403103677,0.00017270868141720325,0.24932384424908985,monotonic,converged
0.00225,-0.45,k0p002250000_wqm0p450000000,redshift__redshift__cos3,redshift,-0.0102235936629772,-0.0102275416436584,-0.0102285259696496,3.947980681200114e-06,9.843259912000607e-07,0.0006626411591959415,0.0001652122866105892,0.24932391282645375,monotonic,converged
0.0025,-0.7125,k0p002500000_wqm0p712500000,redshift__redshift__cos3,redshift,-0.0042247690816429,-0.0042254636187259,-0.0042256368358323,6.945370830003378e-07,1.7321710639971177e-07,0.00011657322944245272,2.90732892194347e-05,0.24939936346008976,monotonic,converged
0.0025,-0.69,k0p002500000_wqm0p690000000,redshift__redshift__cos3,redshift,-0.003484135169905,-0.0034931778387013,-0.0034954325047834,9.042668796299929e-06,2.254666082100211e-06,0.001517749203267044,0.00037843005497901686,0.24933635554835018,monotonic,converged
0.0025,-0.6666666666666666,k0p002500000_wqm0p666666667,redshift__redshift__cos3,redshift,-0.0047615921417422,-0.0047710800010398,-0.004773445642084,9.487859297599953e-06,2.3656410442001938e-06,0.0015924713393831696,0.0003970564322249421,0.2493334871437866,monotonic,converged
0.0025,-0.58,k0p002500000_wqm0p580000000,redshift__redshift__cos3,redshift,-0.0084686825696024,-0.0084748183072174,-0.0084763481129045,6.135737614999456e-06,1.5298056871004828e-06,0.0010298409779678696,0.0002567672680547813,0.24932710345382303,monotonic,converged
0.0025,-0.45,k0p002500000_wqm0p450000000,redshift__redshift__cos3,redshift,-0.0101949841090439,-0.0101989808158817,-0.0101999772897474,3.996706837800998e-06,9.964738656997874e-07,0.0006708195064322704,0.00016725122304171142,0.24932373229757596,monotonic,converged
0.0,-0.7125,k0p000000000_wqm0p712500000,redshift__redshift__sin3,redshift,-0.0038463641461664,-0.0038623317283214,-0.0038663189128307,1.5967582154999965e-05,3.9871845093002005e-06,0.006168161724380985,0.0015402205944253888,0.2497049628801618,monotonic,converged
0.0,-0.69,k0p000000000_wqm0p690000000,redshift__redshift__sin3,redshift,-0.0038463641461664,-0.0038623317283214,-0.0038663189128307,1.5967582154999965e-05,3.9871845093002005e-06,0.006168161724380985,0.0015402205944253888,0.2497049628801618,monotonic,converged
0.0,-0.6666666666666666,k0p000000000_wqm0p666666667,redshift__redshift__sin3,redshift,-0.0038463641461664,-0.0038623317283214,-0.0038663189128307,1.5967582154999965e-05,3.9871845093002005e-06,0.006168161724380985,0.0015402205944253888,0.2497049628801618,monotonic,converged
0.0,-0.58,k0p000000000_wqm0p580000000,redshift__redshift__sin3,redshift,-0.0038463641461664,-0.0038623317283224,-0.0038663189128307,1.5967582156000033e-05,3.987184508300132e-06,0.0061681617247673045,0.0015402205940390696,0.24970496280189136,monotonic,converged
0.0,-0.45,k0p000000000_wqm0p450000000,redshift__redshift__sin3,redshift,-0.0038463641461664,-0.0038623317283214,-0.0038663189128307,1.5967582154999965e-05,3.9871845093002005e-06,0.006168161724380985,0.0015402205944253888,0.2497049628801618,monotonic,converged
0.00025,-0.58,k0p000250000_wqm0p580000000,redshift__redshift__sin3,redshift,-0.0040194664619103,-0.0040360019569083,-0.0040401310332711,1.6535494997999868e-05,4.129076362800049e-06,0.006387542356149301,0.0015950323931851142,0.24970987341470588,monotonic,converged
0.0005,-0.7125,k0p000500000_wqm0p712500000,redshift__redshift__sin3,redshift,-0.005248970623739,-0.0052695765607635,-0.0052747227112643,2.0605937024499588e-05,5.146150500800334e-06,0.007959924728473936,0.001987920790938353,0.24974115443921713,monotonic,converged
0.0005,-0.61,k0p000500000_wqm0p610000000,redshift__redshift__sin3,redshift,-0.0043299670392558,-0.0043475229705842,-0.0043519070088357,1.7555931328400512e-05,4.384038251499696e-06,0.006781729544556791,0.001693522330345738,0.249718352703258,monotonic,converged
0.0005,-0.55,k0p000500000_wqm0p550000000,redshift__redshift__sin3,redshift,-0.0040894675133139,-0.0041062382574709,-0.004110426109713,1.6770744157000063e-05,4.187852242099922e-06,0.006478417408123494,0.0016177370910845886,0.2497117720534735,monotonic,converged
0.0005,-0.5,k0p000500000_wqm0p500000000,redshift__redshift__sin3,redshift,-0.0039807560364086,-0.0039971721795321,-0.0040012714322319,1.641614312350003e-05,4.099252699799917e-06,0.006341437588572296,0.0015835117274504683,0.24970863551571723,monotonic,converged
0.0005,-0.475,k0p000500000_wqm0p475000000,redshift__redshift__sin3,redshift,-0.0039460481891351,-0.0039623509046263,-0.0039664218173018,1.6302715491200298e-05,4.070912675500395e-06,0.00629762131299301,0.0015725641806362122,0.24970764396261147,monotonic,converged
0.00075,-0.475,k0p000750000_wqm0p475000000,redshift__redshift__sin3,redshift,-0.0039957305519843,-0.004012200707813,-0.0040163134544766,1.647015582869997e-05,4.112746663600432e-06,0.006362302306699969,0.0015887243482603417,0.24970903167982117,monotonic,converged
0.001,-0.58,k0p001000000_wqm0p580000000,redshift__redshift__sin3,redshift,-0.0045261873667249,-0.0045444072422512,-0.0045489571651037,1.821987552630064e-05,4.549922852499673e-06,0.0070382063955201045,0.0017576023542729593,0.24972304810380275,monotonic,converged
0.00125,-0.7125,k0p001250000_wqm0p712500000,redshift__redshift__sin3,redshift,-0.0064420982062484,-0.0064671855645674,-0.0064734517755258,2.5087358319000365e-05,6.266210958399618e-06,0.009691065425370864,0.0024205920605452676,0.24977563913749298,monotonic,converged
0.00125,-0.58,k0p001250000_wqm0p580000000,redshift__redshift__sin3,redshift,-0.0046899192854114,-0.0047086909403744,-0.0047133787281413,1.8771654962999526e-05,4.68778776690007e-06,0.007251354808893437,0.0018108585755270527,0.24972693010499525,monotonic,converged
0.00125,-0.45,k0p001250000_wqm0p450000000,redshift__redshift__sin3,redshift,-0.0040311890525149,-0.0040477846031754,-0.004051928675164,1.6595550660500162e-05,4.144071988600173e-06,0.006410741425060975,0.0016008250951856798,0.24970982122718413,monotonic,converged
0.0015,-0.7125,k0p001500000_wqm0p712500000,redshift__redshift__sin3,redshift,-0.0063693915517303,-0.0063945365694624,-0.0064008174148914,2.5145017732100365e-05,6.280845429000245e-06,0.009713338840436545,0.002426245250899269,0.24978488764325105,monotonic,converged
0.0015,-0.61,k0p001500000_wqm0p610000000,redshift__redshift__sin3,redshift,-0.0052280883780568,-0.0052486830144211,-0.0052538263101329,2.059463636430031e-05,5.143295711799653e-06,0.007955559365012844,0.0019868180065547025,0.24973957397544916,monotonic,converged
0.0015,-0.5,k0p001500000_wqm0p500000000,redshift__redshift__sin3,redshift,-0.0042467040288281,-0.0042640140561115,-0.0042683366388224,1.7310027283399913e-05,4.322582710899678e-06,0.006686738587033006,0.0016697824986291702,0.24971553424672976,monotonic,converged
0.00175,-0.7125,k0p001750000_wqm0p712500000,redshift__redshift__sin3,redshift,-0.0058958992769177,-0.0059198094197387,-0.0059257820369338,2.391014282100007e-05,5.972617195099637e-06,0.009236315576231068,0.0023071789090909726,0.24979429189582006,monotonic,converged
0.00175,-0.45,k0p001750000_wqm0p450000000,redshift__redshift__sin3,redshift,-0.0041047519470117,-0.0041215984457078,-0.0041258052125698,1.684649869610009e-05,4.206766861999771e-06,0.006507680839743202,0.0016250436722165936,0.24971164263192708,monotonic,converged
0.002,-0.7125,k0p002000000_wqm0p712500000,redshift__redshift__sin3,redshift,-0.0048373844844376,-0.0048581135159748,-0.0048632917195574,2.0729031537199648e-05,5.17820358260021e-06,0.008007475250171429,0.002000302665062266,0.24980441432141073,monotonic,converged
0.002,-0.69,k0p002000000_wqm0p690000000,redshift__redshift__sin3,redshift,-0.0063343371316024,-0.0063594985771836,-0.0063657835868066,2.5161445581200516e-05,6.285009622999417e-06,0.009719684799959398,0.0024278538489818876,0.2497873026697357,monotonic,converged
0.002,-0.45,k0p002000000_wqm0p450000000,redshift__redshift__sin3,redshift,-0.0041414468228614,-0.0041584187195776,-0.0041626568139334,1.69718967162006e-05,4.238094355799374e-06,0.006556121189721606,0.0016371452569336627,0.24971247625811216,monotonic,converged
0.00225,-0.7125,k0p002250000_wqm0p712500000,redshift__redshift__sin3,redshift,-0.0028532540088983,-0.0028675884031421,-0.0028711693845151,1.4334394243799894e-05,3.5809813730002145e-06,0.005537273023461943,0.001383307255052682,0.24981741900597643,monotonic,converged
0.00225,-0.69,k0p002250000_wqm0p690000000,redshift__redshift__sin3,redshift,-0.0059120099166575,-0.0059360414104077,-0.0059420443450683,2.4031493750200326e-05,6.002934660599528e-06,0.009283192564208656,0.0023188903271667586,0.24979448730895004,monotonic,converged
0.00225,-0.6666666666666666,k0p002250000_wqm0p666666667,redshift__redshift__sin3,redshift,-0.0065263515874824,-0.0065519269532111,-0.0065583151563783,2.5575365728699832e-05,6.388203167200478e-06,0.009879579165053111,0.0024677167702034882,0.2497795431340341,monotonic,converged
0.00225,-0.55,k0p002250000_wqm0p550000000,redshift__redshift__sin3,redshift,-0.0049054506296957,-0.0049249735727473,-0.0049298490680957,1.9522943051600468e-05,4.87549534839999e-06,0.007541571974342034,0.0018833686592920754,0.24973157661289713,monotonic,converged
0.00225,-0.475,k0p002250000_wqm0p475000000,redshift__redshift__sin3,redshift,-0.0042912565450713,-0.0043087284810307,-0.0043130915088406,1.7471935959400067e-05,4.363027809899632e-06,0.006749282739833036,0.0016854061484196424,0.24971633481476227,monotonic,converged
0.00225,-0.45,k0p002250000_wqm0p450000000,redshift__redshift__sin3,redshift,-0.0041780812967748,-0.0041951785295692,-0.0041994479365477,1.709723279439985e-05,4.269406978499833e-06,0.006604537611990682,0.0016492410970524798,0.24971333255158493,monotonic,converged
0.0025,-0.7125,k0p002500000_wqm0p712500000,redshift__redshift__sin3,redshift,0.0008418741403217,0.0008405972596284,0.0008402782409401,1.276880693299896e-06,3.1901868830007483e-07,0.0004932497946501714,0.00012323461645184525,0.24984220528514808,monotonic,converged
0.0025,-0.69,k0p002500000_wqm0p690000000,redshift__redshift__sin3,redshift,-0.0051261835277229,-0.0051478743491644,-0.0051532927663848,2.1690821441499447e-05,5.418417220399811e-06,0.00837900774751577,0.002093095459360547,0.24980230624337507,monotonic,converged
0.0025,-0.6666666666666666,k0p002500000_wqm0p666666667,redshift__redshift__sin3,redshift,-0.006442509518941,-0.0064680036124513,-0.0064743716588807,2.5494093510299368e-05,6.368046429399907e-06,0.009848184293749047,0.0024599303678926702,0.2497851679577184,monotonic,converged
0.0025,-0.58,k0p002500000_wqm0p580000000,redshift__redshift__sin3,redshift,-0.00545438927386,-0.0054757960287266,-0.005481142236436,2.140675486659964e-05,5.34620770939985e-06,0.008269274880168391,0.002065201446506086,0.24974395898471227,monotonic,converged
0.0025,-0.45,k0p002500000_wqm0p450000000,redshift__redshift__sin3,redshift,-0.0042146533324786,-0.0042318758312178,-0.0042361765337232,1.722249873920001e-05,4.300702505399823e-06,0.006652926942233948,0.0016613303331869816,0.2497142006235729,monotonic,converged
0.0,-0.7125,k0p000000000_wqm0p712500000,timing__excess_time_delay__mean,timing,5.525391563737023,5.525400579821171,5.525402833775025,9.016084147717152e-06,2.253953853781354e-06,8.474998858896404e-07,2.118686563461009e-07,0.24999254852252564,monotonic,converged
0.0,-0.69,k0p000000000_wqm0p690000000,timing__excess_time_delay__mean,timing,5.525391563737023,5.525400579821171,5.525402833775025,9.016084147717152e-06,2.253953853781354e-06,8.474998858896404e-07,2.118686563461009e-07,0.24999254852252564,monotonic,converged
0.0,-0.6666666666666666,k0p000000000_wqm0p666666667,timing__excess_time_delay__mean,timing,5.525391563737023,5.525400579821171,5.525402833775025,9.016084147717152e-06,2.253953853781354e-06,8.474998858896404e-07,2.118686563461009e-07,0.24999254852252564,monotonic,converged
0.0,-0.58,k0p000000000_wqm0p580000000,timing__excess_time_delay__mean,timing,5.525391563737023,5.525400579821387,5.525402833775025,9.016084363544508e-06,2.253953637953998e-06,8.474999061771241e-07,2.1186863605861725e-07,0.24999251860015845,monotonic,converged
0.0,-0.45,k0p000000000_wqm0p450000000,timing__excess_time_delay__mean,timing,5.525391563737023,5.525400579821171,5.525402833775025,9.016084147717152e-06,2.253953853781354e-06,8.474998858896404e-07,2.118686563461009e-07,0.24999254852252564,monotonic,converged
0.00025,-0.58,k0p000250000_wqm0p580000000,timing__excess_time_delay__mean,timing,5.846895808161976,5.846904336036624,5.84690646793139,8.527874647334954e-06,2.1318947664994425e-06,8.016088439378068e-07,2.003952649215759e-07,0.24999133484750283,monotonic,converged
0.0005,-0.7125,k0p000500000_wqm0p712500000,timing__excess_time_delay__mean,timing,8.638208687793318,8.63821287859357,8.638213926231224,4.190800252601434e-06,1.0476376530732523e-06,3.9392963482547726e-07,9.847654224235241e-08,0.24998510783780079,monotonic,converged
0.0005,-0.61,k0p000500000_wqm0p610000000,timing__excess_time_delay__mean,timing,6.439824501858452,6.439832084497336,6.439833980087247,7.582638883896209e-06,1.8955899108163976e-06,7.127579427562803e-07,1.781829236273505e-07,0.24999079342182537,monotonic,converged
0.0005,-0.55,k0p000500000_wqm0p550000000,timing__excess_time_delay__mean,timing,5.983229450092392,5.983237791354091,5.983239876588109,8.341261698241453e-06,2.085234018345261e-06,7.840674755930675e-07,1.960092168226119e-07,0.24999024053937555,monotonic,converged
0.0005,-0.5,k0p000500000_wqm0p500000000,timing__excess_time_delay__mean,timing,5.7852593470386005,5.785268016468112,5.785270183747814,8.66942951116556e-06,2.16727970236974e-06,8.149148123580259e-07,2.0372140170346055e-07,0.24999104030760613,monotonic,converged
0.0005,-0.475,k0p000500000_wqm0p475000000,timing__excess_time_delay__mean,timing,5.72180291999057,5.721811691753984,5.721813884619526,8.771763413406575e-06,2.1928655424829913e-06,8.245340626945326e-07,2.0612643655241561e-07,0.24999141439809727,monotonic,converged
0.00075,-0.475,k0p000750000_wqm0p475000000,timing__excess_time_delay__mean,timing,5.820378346300243,5.8203869941111686,5.8203891559848335,8.647810925133115e-06,2.161873664974223e-06,8.128826941018723e-07,2.0321324139786097e-07,0.2499908570724152,monotonic,converged
0.001,-0.58,k0p001000000_wqm0p580000000,timing__excess_time_delay__mean,timing,6.828847967495438,6.828854957593951,6.828856705049805,6.990098512460463e-06,1.7474558546837216e-06,6.570599380627516e-07,1.642585199048542e-07,0.2499901613072732,monotonic,converged
0.00125,-0.7125,k0p001250000_wqm0p712500000,timing__excess_time_delay__mean,timing,13.9422363446455,13.942232247542927,13.94223122321507,4.097102573652478e-06,1.024327858090146e-06,3.851221779610168e-07,9.628545260026036e-08,0.25001274429333603,monotonic,converged
0.00125,-0.58,k0p001250000_wqm0p580000000,timing__excess_time_delay__mean,timing,7.162109359533891,7.162115813380361,7.162117426772504,6.453846470577673e-06,1.6133921425520725e-06,6.066529612801733e-07,1.5165670975401591e-07,0.24998923508753074,monotonic,converged
0.00125,-0.45,k0p001250000_wqm0p450000000,timing__excess_time_delay__mean,timing,5.898346866583212,5.898355452814933,5.898357599299003,8.586231720286719e-06,2.146484070486565e-06,8.070943309693354e-07,2.0176664003983345e-07,0.24999139790451497,monotonic,converged
0.0015,-0.7125,k0p001500000_wqm0p712500000,timing__excess_time_delay__mean,timing,15.90971681228466,15.909709852950108,15.909708113063417,6.959334552192331e-06,1.7398866916096267e-06,6.541681668248627e-07,1.635470286702477e-07,0.2500076233670254,monotonic,converged
0.0015,-0.61,k0p001500000_wqm0p610000000,timing__excess_time_delay__mean,timing,8.342309936213852,8.34231438636083,8.342315498830217,4.450146978030034e-06,1.1124693877206937e-06,4.1830788114677433e-07,1.045706388385611e-07,0.24998486414333115,monotonic,converged
0.0015,-0.5,k0p001500000_wqm0p500000000,timing__excess_time_delay__mean,timing,6.310288080147855,6.310296031066885,6.310298018725875,7.950919029831027e-06,1.9876589893996766e-06,7.473757853297889e-07,1.8683729422936512e-07,0.24999109938639613,monotonic,converged
0.00175,-0.7125,k0p001750000_wqm0p712500000,timing__excess_time_delay__mean,timing,17.991052535820845,17.991042853676035,17.991040433094337,9.682144810341242e-06,2.420581697748503e-06,9.101086999070232e-07,2.2753145146142278e-07,0.25000469887241755,monotonic,converged
0.00175,-0.45,k0p001750000_wqm0p450000000,timing__excess_time_delay__mean,timing,6.048510553601994,6.048518963223486,6.048521065556437,8.409621492511121e-06,2.102332950393304e-06,7.904932050886881e-07,1.9761649363171537e-07,0.24999138811009025,monotonic,converged
0.002,-0.7125,k0p002000000_wqm0p712500000,timing__excess_time_delay__mean,timing,20.19412380756095,20.19411190884793,20.19410893416696,1.189871301932044e-05,2.9746809708797173e-06,1.1184631554998223e-06,2.796160441799965e-07,0.25000022826414947,monotonic,converged
0.002,-0.69,k0p002000000_wqm0p690000000,timing__excess_time_delay__mean,timing,16.163840368072563,16.163832592040606,16.16383064798296,7.77603195700749e-06,1.944057647307318e-06,7.309366337166077e-07,1.8273882622013903e-07,0.2500063860405564,monotonic,converged
0.002,-0.45,k0p002000000_wqm0p450000000,timing__excess_time_delay__mean,timing,6.123804266465838,6.123812586798099,6.123814666813397,8.320332261391172e-06,2.080015297778459e-06,7.821001364409769e-07,1.9551866404910276e-07,0.2499918551847204,monotonic,converged
0.00225,-0.7125,k0p002250000_wqm0p712500000,timing__excess_time_delay__mean,timing,22.52244517384509,22.522432871912194,22.522429796526996,1.2301932894587253e-05,3.0753851980591662e-06,1.1563652860343499e-06,2.8908210723407714e-07,0.2499920316922156,monotonic,converged
0.00225,-0.69,k0p002250000_wqm0p690000000,timing__excess_time_delay__mean,timing,17.748685958920383,17.74867606326043,17.748673589305884,9.895659953684799e-06,2.473954545223478e-06,9.301788386340659e-07,2.3254842794517703e-07,0.2500039973890032,monotonic,converged
0.00225,-0.6666666666666666,k0p002250000_wqm0p666666667,timing__excess_time_delay__mean,timing,14.399786103766274,14.399780604430688,14.399779229536964,5.499335586023335e-06,1.3748937242041848e-06,5.169302110832327e-07,1.2923817649466598e-07,0.25001087907755676,monotonic,converged
0.00225,-0.55,k0p002250000_wqm0p550000000,timing__excess_time_delay__mean,timing,7.631193952194954,7.631199734529987,7.631201180041612,5.782335033011066e-06,1.445511625064455e-06,5.435317816874357e-07,1.3587616499835565e-07,0.24998752524924628,monotonic,converged
0.00225,-0.475,k0p002250000_wqm0p475000000,timing__excess_time_delay__mean,timing,6.417064312800124,6.4170721921720375,6.4170741619409855,7.879371913155353e-06,1.9697689479514224e-06,7.406504517786685e-07,1.851556541916781e-07,0.24999060453825106,monotonic,converged
0.00225,-0.45,k0p002250000_wqm0p450000000,timing__excess_time_delay__mean,timing,6.199239740734609,6.19924797114463,6.19925002867321,8.230410021070611e-06,2.057528579513246e-06,7.736475657725995e-07,1.934049425208242e-07,0.24999101797429074,monotonic,converged
0.0025,-0.7125,k0p002500000_wqm0p712500000,timing__excess_time_delay__mean,timing,24.958656958544005,24.958654856873864,24.9586543316439,2.101670141030354e-06,5.252299644098457e-07,1.9755419043553137e-07,4.937091619934254e-08,0.24991075152847209,monotonic,converged
0.0025,-0.69,k0p002500000_wqm0p690000000,timing__excess_time_delay__mean,timing,19.40046039102289,19.400448690105264,19.400445764864912,1.170091762503489e-05,2.925240352169567e-06,1.0998706522201205e-06,2.7496869195605185e-07,0.25000093547456664,monotonic,converged
0.0025,-0.6666666666666666,k0p002500000_wqm0p666666667,timing__excess_time_delay__mean,timing,15.536158633089611,15.536151378094006,15.536149564287491,7.254995605165959e-06,1.8138065147610405e-06,6.819599115060172e-07,1.704953934658078e-07,0.2500079412135701,monotonic,converged
0.0025,-0.58,k0p002500000_wqm0p580000000,timing__excess_time_delay__mean,timing,8.874823678275362,8.874827284671955,8.874828186192907,3.606396592914507e-06,9.015209521123779e-07,3.38996470185087e-07,8.474176721562797e-08,0.2499783173829516,monotonic,converged
0.0025,-0.45,k0p002500000_wqm0p450000000,timing__excess_time_delay__mean,timing,6.27481736447636,6.274825504285563,6.274827539162441,8.139809203555615e-06,2.034876877665681e-06,7.651312097529067e-07,1.9127571275582938e-07,0.2499907340305729,monotonic,converged
0.0,-0.7125,k0p000000000_wqm0p712500000,timing__excess_time_delay__amplitude,timing,1.4965280652038118,1.4966422865322926,1.4968601186024555,0.00011422132848082356,0.0002178320701629044,0.002298154832029882,0.00438282264156994,1.9071050307340445,monotonic,converged
0.0,-0.69,k0p000000000_wqm0p690000000,timing__excess_time_delay__amplitude,timing,1.4965280652038118,1.4966422865322926,1.4968601186024555,0.00011422132848082356,0.0002178320701629044,0.002298154832029882,0.00438282264156994,1.9071050307340445,monotonic,converged
0.0,-0.6666666666666666,k0p000000000_wqm0p666666667,timing__excess_time_delay__amplitude,timing,1.4965280652038118,1.4966422865322926,1.4968601186024555,0.00011422132848082356,0.0002178320701629044,0.002298154832029882,0.00438282264156994,1.9071050307340445,monotonic,converged
0.0,-0.58,k0p000000000_wqm0p580000000,timing__excess_time_delay__amplitude,timing,1.4965280652038118,1.4966422865351916,1.4968601186024555,0.00011422133137983792,0.00021783206726389004,0.0022981548903586013,0.004382822583241221,1.9071049569497598,monotonic,converged
0.0,-0.45,k0p000000000_wqm0p450000000,timing__excess_time_delay__amplitude,timing,1.4965280652038118,1.4966422865322926,1.4968601186024555,0.00011422132848082356,0.0002178320701629044,0.002298154832029882,0.00438282264156994,1.9071050307340445,monotonic,converged
0.00025,-0.58,k0p000250000_wqm0p580000000,timing__excess_time_delay__amplitude,timing,1.50236535715036,1.502459003810415,1.5026872966556653,9.364666005517996e-05,0.00022829284525016647,0.0018841885939490152,0.00459329542395931,2.437810863896781,monotonic,converged
0.0005,-0.7125,k0p000500000_wqm0p712500000,timing__excess_time_delay__amplitude,timing,1.5099111049804603,1.5099111047986966,1.5102076280775236,1.817637151901863e-10,0.00029652327882701,3.657120486233536e-09,0.005966104711871265,1631366.7362968808,non-monotonic,converged
0.0005,-0.61,k0p000500000_wqm0p610000000,timing__excess_time_delay__amplitude,timing,1.5094494532131506,1.5095030459708738,1.5097695187564284,5.3592757723208706e-05,0.0002664727855545834,0.001078296468457524,0.005361483077388147,4.972179019613794,monotonic,converged
0.0005,-0.55,k0p000500000_wqm0p550000000,timing__excess_time_delay__amplitude,timing,1.5067641838609305,1.5068500763562582,1.50708548156895,8.589249532775511e-05,0.00023540521269183046,0.001728173326277891,0.0047363976082941414,2.740695933836284,monotonic,converged
0.0005,-0.5,k0p000500000_wqm0p500000000,timing__excess_time_delay__amplitude,timing,1.5046027081241249,1.5047024465868262,1.5049275145818155,9.973846270128206e-05,0.00022506799498933638,0.0020067568206814015,0.004528410823963227,2.256581752853138,monotonic,converged
0.0005,-0.475,k0p000500000_wqm0p475000000,timing__excess_time_delay__amplitude,timing,1.5036287721650012,1.5037328082173858,1.5039557985030785,0.00010403605238451519,0.00022299028569272572,0.0020932251416855836,0.004486606918133495,2.143394338614061,monotonic,converged
0.00075,-0.475,k0p000750000_wqm0p475000000,timing__excess_time_delay__amplitude,timing,1.507176410617582,1.5072752870299766,1.5075007922410606,9.887641239458844e-05,0.00022550521108399835,0.001989412204714048,0.0045372076948624945,2.2806775207829078,monotonic,converged
0.001,-0.58,k0p001000000_wqm0p580000000,timing__excess_time_delay__amplitude,timing,1.5194447172503374,1.5194735903225265,1.519761595307564,2.887307218912838e-05,0.0002880049850375599,0.0005809316985674281,0.00579471502228136,9.974864578006452,monotonic,converged
0.00125,-0.7125,k0p001250000_wqm0p712500000,timing__excess_time_delay__amplitude,timing,1.5107897707243154,1.510926399762468,1.5111517038356652,0.00013662903815259142,0.0002253040731972078,0.0027490022082757434,0.004533160762362409,1.6490204150129597,monotonic,converged
0.00125,-0.58,k0p001250000_wqm0p580000000,timing__excess_time_delay__amplitude,timing,1.5249820795116946,1.5249883149431651,1.5252953652282315,6.235431470491548e-06,0.0003070502850663903,0.00012545806596976484,0.00617791007762572,49.24282890758562,monotonic,converged
0.00125,-0.45,k0p001250000_wqm0p450000000,timing__excess_time_delay__amplitude,timing,1.5120550211245884,1.5121513936352144,1.5123782411960534,9.637251062599717e-05,0.00022684756083890534,0.0019390332253679773,0.004564216026988762,2.3538616911128973,monotonic,converged
0.0015,-0.7125,k0p001500000_wqm0p712500000,timing__excess_time_delay__amplitude,timing,1.503670803764039,1.5036922946998743,1.5038290441889686,2.1490935835366543e-05,0.00013674948909425666,0.0004324017124628671,0.0027514257041087215,6.363123976630881,monotonic,converged
0.0015,-0.61,k0p001500000_wqm0p610000000,timing__excess_time_delay__amplitude,timing,1.5332238725115488,1.5332238723690637,1.533516499356387,1.424851348019729e-10,0.00029262698732335224,2.8668279855680247e-09,0.005887710586490107,2053736.9581047723,non-monotonic,converged
0.0015,-0.5,k0p001500000_wqm0p500000000,timing__excess_time_delay__amplitude,timing,1.5206814356495857,1.5207512207667122,1.521001987460842,6.978511712651958e-05,0.00025076669412982255,0.0014040898163341505,0.0050454735336348784,3.5934122411113183,monotonic,converged
0.00175,-0.7125,k0p001750000_wqm0p712500000,timing__excess_time_delay__amplitude,timing,1.4910821156414755,1.4910821151432074,1.4910821154747893,4.982680934517703e-10,3.3158187306980835e-10,1.0025248715302335e-08,6.671490289458806e-09,0.6654688057040998,non-monotonic,converged
0.00175,-0.45,k0p001750000_wqm0p450000000,timing__excess_time_delay__amplitude,timing,1.518264830458179,1.5183538949553324,1.5185868224407315,8.906449715340159e-05,0.0002329274853991592,0.0017919946057164409,0.004686545264376948,2.6152675066246993,monotonic,converged
0.002,-0.7125,k0p002000000_wqm0p712500000,timing__excess_time_delay__amplitude,timing,1.4713710387689716,1.4714563595175818,1.4714563594889487,8.53207486102292e-05,2.8633095894292637e-11,0.0017166696736846715,5.76103329917855e-10,3.3559358492149686e-07,non-monotonic,converged
0.002,-0.69,k0p002000000_wqm0p690000000,timing__excess_time_delay__amplitude,timing,1.514431952747728,1.5144319526062515,1.5145206567145664,1.4147638616179847e-10,8.870410831485209e-05,2.8465317712571432e-09,0.0017847435138079696,626988.7910015334,non-monotonic,converged
0.002,-0.45,k0p002000000_wqm0p450000000,timing__excess_time_delay__amplitude,timing,1.5213694597777376,1.521454833389129,1.5216914302102469,8.537361139127064e-05,0.00023659682111798475,0.0017177332828835902,0.004760372996243808,2.771310915191957,monotonic,converged
0.00225,-0.7125,k0p002250000_wqm0p712500000,timing__excess_time_delay__amplitude,timing,1.4426942847362767,1.4426942847029274,1.4428618016877,3.33493233029003e-11,0.00016751698477257548,6.70994721501198e-10,0.0033704735632347697,5023099.9667092785,non-monotonic,converged
0.00225,-0.69,k0p002250000_wqm0p690000000,timing__excess_time_delay__amplitude,timing,1.5056112501360648,1.5056112496287142,1.5056112499792604,5.073506059716237e-10,3.5054625868724543e-10,1.0207990592954175e-08,7.053057331471525e-09,0.6909349364349662,non-monotonic,converged
0.00225,-0.6666666666666666,k0p002250000_wqm0p666666667,timing__excess_time_delay__amplitude,timing,1.533758810505133,1.533889210383542,1.534060048552477,0.00013039987840901546,0.0001708381689349281,0.0026236703306432,0.003437296419633723,1.3101098790834214,monotonic,converged
0.00225,-0.55,k0p002250000_wqm0p550000000,timing__excess_time_delay__amplitude,timing,1.54155614705369,1.5415561468978822,1.5418626063998389,1.5580781109747477e-10,0.0003064595019566241,3.1348827640520444e-09,0.0061660234092035535,1966907.177489967,non-monotonic,converged
0.00225,-0.475,k0p002250000_wqm0p475000000,timing__excess_time_delay__amplitude,timing,1.5284209877462305,1.5284879546549277,1.528741643898456,6.696690869723021e-05,0.00025368924352831,0.0013473869272539725,0.005104275782840968,3.7882776503136206,monotonic,converged
0.00225,-0.45,k0p002250000_wqm0p450000000,timing__excess_time_delay__amplitude,timing,1.524473882141656,1.5245555406543403,1.5247957961963508,8.16585126843794e-05,0.00024025554201045907,0.001642984791001503,0.004833987155787576,2.9421983589032226,monotonic,converged
0.0025,-0.7125,k0p002500000_wqm0p712500000,timing__excess_time_delay__amplitude,timing,1.4017162708226891,1.4029072113235657,1.402907211294833,0.0011909405008765361,2.873257187729905e-11,0.02396194916616649,5.781048055972024e-10,2.41259507558537e-08,non-monotonic,converged
0.0025,-0.69,k0p002500000_wqm0p690000000,timing__excess_time_delay__amplitude,timing,1.4924234168159458,1.4924636531531377,1.4924790229562197,4.023633719185682e-05,1.5369803082032618e-05,0.0008095627495365187,0.00030924335840001383,0.38198812701925605,monotonic,converged
0.0025,-0.6666666666666666,k0p002500000_wqm0p666666667,timing__excess_time_delay__amplitude,timing,1.531726123894579,1.531750787641747,1.5318677931070113,2.4663747168141015e-05,0.00011700546526416389,0.0004962392793386454,0.0023541721931196707,4.744026301700974,monotonic,converged
0.0025,-0.58,k0p002500000_wqm0p580000000,timing__excess_time_delay__amplitude,timing,1.5513236711814784,1.5513236709992595,1.5516113515929677,1.8221890663028262e-10,0.0002876805937082061,3.6662790244984063e-09,0.00578818820709773,1578763.6915849927,non-monotonic,converged
0.0025,-0.45,k0p002500000_wqm0p450000000,timing__excess_time_delay__amplitude,timing,1.5275780804679329,1.5276559993517864,1.5278999028721003,7.791888385355605e-05,0.00024390352031389284,0.0015677427483649755,0.0049073851723986685,3.130223486931552,monotonic,converged
0.0,-0.7125,k0p000000000_wqm0p712500000,timing__excess_time_delay__reference,timing,4.171339576778607,4.171339576778607,4.171339576778607,0.0,0.0,0.0,0.0,0.0,monotonic,converged
0.0,-0.69,k0p000000000_wqm0p690000000,timing__excess_time_delay__reference,timing,4.171339576778607,4.171339576778607,4.171339576778607,0.0,0.0,0.0,0.0,0.0,monotonic,converged
0.0,-0.6666666666666666,k0p000000000_wqm0p666666667,timing__excess_time_delay__reference,timing,4.171339576778607,4.171339576778607,4.171339576778607,0.0,0.0,0.0,0.0,0.0,monotonic,converged
0.0,-0.58,k0p000000000_wqm0p580000000,timing__excess_time_delay__reference,timing,4.171339576778607,4.171339576778607,4.171339576778607,0.0,0.0,0.0,0.0,0.0,monotonic,converged
0.0,-0.45,k0p000000000_wqm0p450000000,timing__excess_time_delay__reference,timing,4.171339576778607,4.171339576778607,4.171339576778607,0.0,0.0,0.0,0.0,0.0,monotonic,converged
0.00025,-0.58,k0p000250000_wqm0p580000000,timing__excess_time_delay__reference,timing,4.485945467950401,4.485945467950401,4.485945467950401,0.0,0.0,0.0,0.0,0.0,monotonic,converged
0.0005,-0.7125,k0p000500000_wqm0p712500000,timing__excess_time_delay__reference,timing,7.265906124977263,7.265906124977263,7.265906124977263,0.0,0.0,0.0,0.0,0.0,monotonic,converged
0.0005,-0.61,k0p000500000_wqm0p610000000,timing__excess_time_delay__reference,timing,5.070181987537794,5.070181987537794,5.070181987537794,0.0,0.0,0.0,0.0,0.0,monotonic,converged
0.0005,-0.55,k0p000500000_wqm0p550000000,timing__excess_time_delay__reference,timing,4.617376335122586,4.617376335122586,4.617376335122586,0.0,0.0,0.0,0.0,0.0,monotonic,converged
0.0005,-0.5,k0p000500000_wqm0p500000000,timing__excess_time_delay__reference,timing,4.422169861626742,4.422169861626742,4.422169861626742,0.0,0.0,0.0,0.0,0.0,monotonic,converged
0.0005,-0.475,k0p000500000_wqm0p475000000,timing__excess_time_delay__reference,timing,4.359903088320124,4.359903088320124,4.359903088320124,0.0,0.0,0.0,0.0,0.0,monotonic,converged
0.00075,-0.475,k0p000750000_wqm0p475000000,timing__excess_time_delay__reference,timing,4.454563485779502,4.454563485779502,4.454563485779502,0.0,0.0,0.0,0.0,0.0,monotonic,converged
0.001,-0.58,k0p001000000_wqm0p580000000,timing__excess_time_delay__reference,timing,5.448023579492656,5.448023579492656,5.448023579492656,0.0,0.0,0.0,0.0,0.0,monotonic,converged
0.00125,-0.7125,k0p001250000_wqm0p712500000,timing__excess_time_delay__reference,timing,12.579586674123888,12.579586674123888,12.579586674123888,0.0,0.0,0.0,0.0,0.0,monotonic,converged
0.00125,-0.58,k0p001250000_wqm0p580000000,timing__excess_time_delay__reference,timing,5.774962271443897,5.774962271443897,5.774962271443897,0.0,0.0,0.0,0.0,0.0,monotonic,converged
0.00125,-0.45,k0p001250000_wqm0p450000000,timing__excess_time_delay__reference,timing,4.527343365486985,4.527343365486985,4.527343365486985,0.0,0.0,0.0,0.0,0.0,monotonic,converged
0.0015,-0.7125,k0p001500000_wqm0p712500000,timing__excess_time_delay__reference,timing,14.567004552605894,14.567004552605894,14.567004552605894,0.0,0.0,0.0,0.0,0.0,monotonic,converged
0.0015,-0.61,k0p001500000_wqm0p610000000,timing__excess_time_delay__reference,timing,6.945383483297405,6.945383483297405,6.945383483297405,0.0,0.0,0.0,0.0,0.0,monotonic,converged
0.0015,-0.5,k0p001500000_wqm0p500000000,timing__excess_time_delay__reference,timing,4.929295447881941,4.929295447881941,4.929295447881941,0.0,0.0,0.0,0.0,0.0,monotonic,converged
0.00175,-0.7125,k0p001750000_wqm0p712500000,timing__excess_time_delay__reference,timing,16.682156745303402,16.682156745303402,16.682156745303402,0.0,0.0,0.0,0.0,0.0,monotonic,converged
0.00175,-0.45,k0p001750000_wqm0p450000000,timing__excess_time_delay__reference,timing,4.670742023273292,4.670742023273292,4.670742023273292,0.0,0.0,0.0,0.0,0.0,monotonic,converged
0.002,-0.7125,k0p002000000_wqm0p712500000,timing__excess_time_delay__reference,timing,18.93973339739935,18.93973339739935,18.93973339739935,0.0,0.0,0.0,0.0,0.0,monotonic,converged
0.002,-0.69,k0p002000000_wqm0p690000000,timing__excess_time_delay__reference,timing,14.814703318493857,14.814703318493857,14.814703318493857,0.0,0.0,0.0,0.0,0.0,monotonic,converged
0.002,-0.45,k0p002000000_wqm0p450000000,timing__excess_time_delay__reference,timing,4.7426567746014,4.7426567746014,4.7426567746014,0.0,0.0,0.0,0.0,0.0,monotonic,converged
0.00225,-0.7125,k0p002250000_wqm0p712500000,timing__excess_time_delay__reference,timing,21.356978608458903,21.356978608458903,21.356978608458903,0.0,0.0,0.0,0.0,0.0,monotonic,converged
0.00225,-0.69,k0p002250000_wqm0p690000000,timing__excess_time_delay__reference,timing,16.426417015965114,16.426417015965114,16.426417015965114,0.0,0.0,0.0,0.0,0.0,monotonic,converged
0.00225,-0.6666666666666666,k0p002250000_wqm0p666666667,timing__excess_time_delay__reference,timing,13.01815156569387,13.01815156569387,13.01815156569387,0.0,0.0,0.0,0.0,0.0,monotonic,converged
0.00225,-0.55,k0p002250000_wqm0p550000000,timing__excess_time_delay__reference,timing,6.226134651803761,6.226134651803761,6.226134651803761,0.0,0.0,0.0,0.0,0.0,monotonic,converged
0.00225,-0.475,k0p002250000_wqm0p475000000,timing__excess_time_delay__reference,timing,5.027893228471669,5.027893228471669,5.027893228471669,0.0,0.0,0.0,0.0,0.0,monotonic,converged
0.00225,-0.45,k0p002250000_wqm0p450000000,timing__excess_time_delay__reference,timing,4.814715729377767,4.814715729377767,4.814715729377767,0.0,0.0,0.0,0.0,0.0,monotonic,converged
0.0025,-0.7125,k0p002500000_wqm0p712500000,timing__excess_time_delay__reference,timing,23.954305019508386,23.954305019508386,23.954305019508386,0.0,0.0,0.0,0.0,0.0,monotonic,converged
0.0025,-0.69,k0p002500000_wqm0p690000000,timing__excess_time_delay__reference,timing,18.117932944764675,18.117932944764675,18.117932944764675,0.0,0.0,0.0,0.0,0.0,monotonic,converged
0.0025,-0.6666666666666666,k0p002500000_wqm0p666666667,timing__excess_time_delay__reference,timing,14.165503791868446,14.165503791868446,14.165503791868446,0.0,0.0,0.0,0.0,0.0,monotonic,converged
0.0025,-0.58,k0p002500000_wqm0p580000000,timing__excess_time_delay__reference,timing,7.458771144378758,7.458771144378758,7.458771144378758,0.0,0.0,0.0,0.0,0.0,monotonic,converged
0.0025,-0.45,k0p002500000_wqm0p450000000,timing__excess_time_delay__reference,timing,4.886919331269041,4.886919331269041,4.886919331269041,0.0,0.0,0.0,0.0,0.0,monotonic,converged
0.0,-0.7125,k0p000000000_wqm0p712500000,timing__excess_time_delay__cos1,timing,-1.0448324707093624,-1.0448144312571277,-1.0448099229127672,1.8039452234663855e-05,4.5083443604987394e-06,0.0005166561734202561,0.00012912054731242087,0.2499158124012044,monotonic,converged
0.0,-0.69,k0p000000000_wqm0p690000000,timing__excess_time_delay__cos1,timing,-1.0448324707093624,-1.0448144312571277,-1.0448099229127672,1.8039452234663855e-05,4.5083443604987394e-06,0.0005166561734202561,0.00012912054731242087,0.2499158124012044,monotonic,converged
0.0,-0.6666666666666666,k0p000000000_wqm0p666666667,timing__excess_time_delay__cos1,timing,-1.0448324707093624,-1.0448144312571277,-1.0448099229127672,1.8039452234663855e-05,4.5083443604987394e-06,0.0005166561734202561,0.00012912054731242087,0.2499158124012044,monotonic,converged
0.0,-0.58,k0p000000000_wqm0p580000000,timing__excess_time_delay__cos1,timing,-1.0448324707093624,-1.044814431257613,-1.0448099229127672,1.803945174927435e-05,4.508344845888246e-06,0.0005166561595185323,0.0001291205612141448,0.2499158460328262,monotonic,converged
0.0,-0.45,k0p000000000_wqm0p450000000,timing__excess_time_delay__cos1,timing,-1.0448324707093624,-1.0448144312571277,-1.0448099229127672,1.8039452234663855e-05,4.5083443604987394e-06,0.0005166561734202561,0.00012912054731242087,0.2499158124012044,monotonic,converged
0.00025,-0.58,k0p000250000_wqm0p580000000,timing__excess_time_delay__cos1,timing,-1.0464017903122151,-1.0463847276899834,-1.0463804634843048,1.7062622231778235e-05,4.264205678561339e-06,0.000488679423083946,0.00012212833072220396,0.24991502599286766,monotonic,converged
0.0005,-0.7125,k0p000500000_wqm0p712500000,timing__excess_time_delay__cos1,timing,-1.0334385467278662,-1.0334301615905674,-1.0334280661052593,8.385137298727585e-06,2.0954853081622815e-06,0.00024015324268213757,6.0015426560077286e-05,0.24990471038324727,monotonic,converged
0.0005,-0.61,k0p000500000_wqm0p610000000,timing__excess_time_delay__cos1,timing,-1.0468091259698395,-1.046793954525376,-1.046790162981981,1.517144446361307e-05,3.791543395026409e-06,0.00043451543538369086,0.00010859111886263399,0.24991314466595324,monotonic,converged
0.0005,-0.55,k0p000500000_wqm0p550000000,timing__excess_time_delay__cos1,timing,-1.0484841309069068,-1.0484674416657844,-1.048463270789611,1.668924112241399e-05,4.170876173326121e-06,0.00047798565851271067,0.0001194553412979809,0.2499140699528003,monotonic,converged
0.0005,-0.5,k0p000500000_wqm0p500000000,timing__excess_time_delay__cos1,timing,-1.0485765374001106,-1.0485591915745012,-1.0485548565898202,1.734582560941611e-05,4.334984680998133e-06,0.0004967904661182193,0.0001241554659190936,0.24991515414780283,monotonic,converged
0.0005,-0.475,k0p000500000_wqm0p475000000,timing__excess_time_delay__cos1,timing,-1.048407537079318,-1.0483899864890307,-1.0483856003300946,1.755059028729633e-05,4.386158936053874e-06,0.0005026549975656842,0.00012562111434626295,0.24991518030186793,monotonic,converged
0.00075,-0.475,k0p000750000_wqm0p475000000,timing__excess_time_delay__cos1,timing,-1.0501933193515507,-1.0501760167381982,-1.050171692569988,1.7302613352532248e-05,4.324168210168011e-06,0.0004955528520822693,0.0001238456784401665,0.24991416741882905,monotonic,converged
0.001,-0.58,k0p001000000_wqm0p580000000,timing__excess_time_delay__cos1,timing,-1.0509768640143609,-1.0509628781146656,-1.0509593828674284,1.3985899695256876e-05,3.495247237195187e-06,0.00040056102172026905,0.00010010509405917323,0.24991221968941701,monotonic,converged
0.00125,-0.7125,k0p001250000_wqm0p712500000,timing__excess_time_delay__cos1,timing,-1.0184036698314745,-1.018411866873261,-1.0184139157229648,8.197041786450754e-06,2.0488497038950726e-06,0.00023476612192335243,5.8679766666838486e-05,0.2499498913475963,monotonic,converged
0.00125,-0.58,k0p001250000_wqm0p580000000,timing__excess_time_delay__cos1,timing,-1.0524662858110532,-1.0524533728344776,-1.052450145740996,1.291297657557422e-05,3.2270934815503693e-06,0.0003698321311653672,9.242507742244282e-05,0.2499108910066977,monotonic,converged
0.00125,-0.45,k0p001250000_wqm0p450000000,timing__excess_time_delay__cos1,timing,-1.053156676951011,-1.0531394975663426,-1.053135204183625,1.7179384668386533e-05,4.293382717568406e-06,0.0004920235397961679,0.00012296397124659627,0.24991481362362644,monotonic,converged
0.0015,-0.7125,k0p001500000_wqm0p712500000,timing__excess_time_delay__cos1,timing,-1.0171803249612374,-1.0171942487091978,-1.0171977288120762,1.392374796038709e-05,3.480102878317126e-06,0.0003987809744609875,9.967135436436104e-05,0.24994009430635925,monotonic,converged
0.0015,-0.61,k0p001500000_wqm0p610000000,timing__excess_time_delay__cos1,timing,-1.0503597830406763,-1.0503508789857603,-1.050348653824707,8.904054916047954e-06,2.2251610531931476e-06,0.0002550152233563581,6.372938490767766e-05,0.24990423735849784,monotonic,converged
0.0015,-0.5,k0p001500000_wqm0p500000000,timing__excess_time_delay__cos1,timing,-1.0560335406395396,-1.056017632347893,-1.0560136566452496,1.590829164666019e-05,3.97570264332181e-06,0.0004556189944627791,0.00011386550365472998,0.24991386451960573,monotonic,converged
0.00175,-0.7125,k0p001750000_wqm0p712500000,timing__excess_time_delay__cos1,timing,-1.0212999218995462,-1.0213192934490127,-1.021324135071343,1.937154946651809e-05,4.841622330165052e-06,0.0005548079005060176,0.00013866574404307303,0.24993469616528832,monotonic,converged
0.00175,-0.45,k0p001750000_wqm0p450000000,timing__excess_time_delay__cos1,timing,-1.05648392915704,-1.056467103079719,-1.0564628980026762,1.682607732100827e-05,4.205077042795935e-06,0.00048190469473573114,0.00012043486607057712,0.24991428260855952,monotonic,converged
0.002,-0.7125,k0p002000000_wqm0p712500000,timing__excess_time_delay__cos1,timing,-1.036216630925678,-1.036240437207795,-1.0362463871392318,2.3806282116956012e-05,5.949931436877165e-06,0.0006818201828919756,0.00017040810154882866,0.24993114874662975,monotonic,converged
0.002,-0.69,k0p002000000_wqm0p690000000,timing__excess_time_delay__cos1,timing,-1.0268196270594363,-1.02683518479618,-1.0268390732904986,1.5557736743776474e-05,3.888494318537994e-06,0.00044557898036802826,0.00011136782696327155,0.24993958842332897,monotonic,converged
0.002,-0.45,k0p002000000_wqm0p450000000,timing__excess_time_delay__cos1,timing,-1.0581471207291149,-1.0581304732970322,-1.0581263128667202,1.66474320826282e-05,4.160430312039054e-06,0.00047678823310150036,0.0001191561682050039,0.24991423850772243,monotonic,converged
0.00225,-0.7125,k0p002250000_wqm0p712500000,timing__excess_time_delay__cos1,timing,-1.0754562923995807,-1.0754809053939791,-1.0754870567839503,2.4612994398376387e-05,6.151389971176258e-06,0.0007049247026383614,0.0001761779438965812,0.24992448588791125,monotonic,converged
0.00225,-0.69,k0p002250000_wqm0p690000000,timing__excess_time_delay__cos1,timing,-1.0321732871207752,-1.032193085785725,-1.0321980341650734,1.9798664949943756e-05,4.94837934827963e-06,0.0005670406362013517,0.00014172330209679532,0.24993500121298268,monotonic,converged
0.00225,-0.6666666666666666,k0p002250000_wqm0p666666667,timing__excess_time_delay__cos1,timing,-1.0348244651083354,-1.0348354677374187,-1.0348382177816453,1.1002629083378679e-05,2.7500442265626646e-06,0.00031511911591514986,7.87622211777657e-05,0.24994428201865576,monotonic,converged
0.00225,-0.55,k0p002250000_wqm0p550000000,timing__excess_time_delay__cos1,timing,-1.0609785935616214,-1.0609670241441236,-1.060964132842154,1.1569417497803158e-05,2.891301969620841e-06,0.0003313521328341884,8.280789196893199e-05,0.24990903562516018,monotonic,converged
0.00225,-0.475,k0p002250000_wqm0p475000000,timing__excess_time_delay__cos1,timing,-1.0608868942266778,-1.0608711290846382,-1.0608671891646777,1.576514203960322e-05,3.939919960505023e-06,0.0004515191400300292,0.00011284067519883553,0.2499133817258131,monotonic,converged
0.00225,-0.45,k0p002250000_wqm0p450000000,timing__excess_time_delay__cos1,timing,-1.0598100521430502,-1.05979358468712,-1.059789469233379,1.646745593020249e-05,4.115453741126984e-06,0.00047163365362704767,0.00011786802360289993,0.24991436191299884,monotonic,converged
0.0025,-0.7125,k0p002500000_wqm0p712500000,timing__excess_time_delay__cos1,timing,-1.1858210363566897,-1.1858252409198,-1.1858262915881794,4.204563110343784e-06,1.0506683794098137e-06,0.00012042014686676368,3.0091507068959033e-05,0.24988764631098767,monotonic,converged
0.0025,-0.69,k0p002500000_wqm0p690000000,timing__excess_time_delay__cos1,timing,-1.0442821702665992,-1.044305580864295,-1.0443114319126994,2.341059769572773e-05,5.851048404448278e-06,0.0006704876437275667,0.00016757605717817255,0.2499316113366919,monotonic,converged
0.0025,-0.6666666666666666,k0p002500000_wqm0p666666667,timing__excess_time_delay__cos1,timing,-1.0366842205278577,-1.0366987358264583,-1.036702363781506,1.4515298600636939e-05,3.627955047713627e-06,0.00041572319012253106,0.00010390589181475514,0.24994009062648084,monotonic,converged
0.0025,-0.58,k0p002500000_wqm0p580000000,timing__excess_time_delay__cos1,timing,-1.0597946244767589,-1.0597874086231391,-1.0597856054075792,7.215853619735313e-06,1.8032155599811972e-06,0.00020666455226225555,5.1644719526546636e-05,0.24989636084765,monotonic,converged
0.0025,-0.45,k0p002500000_wqm0p450000000,timing__excess_time_delay__cos1,timing,-1.0614727459463855,-1.0614564597367062,-1.061452389583606,1.628620967930594e-05,4.070153100110829e-06,0.00046644269809154417,0.00011657059752053157,0.24991407947317332,monotonic,converged
0.0,-0.7125,k0p000000000_wqm0p712500000,timing__excess_time_delay__sin1,timing,-0.845218132789661,-0.8453306630911761,-0.84535878917281,0.00011253030151514576,2.8126081633939037e-05,0.001967609886184746,0.0004917889274039593,0.24994229336667576,monotonic,converged
0.0,-0.69,k0p000000000_wqm0p690000000,timing__excess_time_delay__sin1,timing,-0.845218132789661,-0.8453306630911761,-0.84535878917281,0.00011253030151514576,2.8126081633939037e-05,0.001967609886184746,0.0004917889274039593,0.24994229336667576,monotonic,converged
0.0,-0.6666666666666666,k0p000000000_wqm0p666666667,timing__excess_time_delay__sin1,timing,-0.845218132789661,-0.8453306630911761,-0.84535878917281,0.00011253030151514576,2.8126081633939037e-05,0.001967609886184746,0.0004917889274039593,0.24994229336667576,monotonic,converged
0.0,-0.58,k0p000000000_wqm0p580000000,timing__excess_time_delay__sin1,timing,-0.845218132789661,-0.8453306630910692,-0.84535878917281,0.00011253030140823128,2.8126081740853515e-05,0.00196760988431533,0.0004917889292733756,0.24994229455423966,monotonic,converged
0.0,-0.45,k0p000000000_wqm0p450000000,timing__excess_time_delay__sin1,timing,-0.845218132789661,-0.8453306630911761,-0.84535878917281,0.00011253030151514576,2.8126081633939037e-05,0.001967609886184746,0.0004917889274039593,0.24994229336667576,monotonic,converged
0.00025,-0.58,k0p000250000_wqm0p580000000,timing__excess_time_delay__sin1,timing,-0.8512017580751442,-0.8513162147114612,-0.8513448223228226,0.00011445663631703962,2.860761136136425e-05,0.0020012921508661217,0.0005002085498471301,0.2499427930253208,monotonic,converged
0.0005,-0.7125,k0p000500000_wqm0p712500000,timing__excess_time_delay__sin1,timing,-0.8746722891196446,-0.8747973638936184,-0.8748286259709451,0.00012507477397383227,3.1262077326732474e-05,0.0021869519451177505,0.0005466223015715622,0.24994710230915967,monotonic,converged
0.0005,-0.61,k0p000500000_wqm0p610000000,timing__excess_time_delay__sin1,timing,-0.8600402059195353,-0.8601578100013794,-0.8601872044030923,0.00011760408184402493,2.9394401712901086e-05,0.0020563257271717064,0.0005139657019492267,0.24994372008180868,monotonic,converged
0.0005,-0.55,k0p000500000_wqm0p550000000,timing__excess_time_delay__sin1,timing,-0.8547514209964076,-0.8548668548121575,-0.8548957066798479,0.0001154338157499657,2.8851867690415922e-05,0.00201837828577302,0.0005044794098851313,0.2499429435210756,monotonic,converged
0.0005,-0.5,k0p000500000_wqm0p500000000,timing__excess_time_delay__sin1,timing,-0.851825281644228,-0.8519396372756242,-0.85196821962112,0.000114355631396168,2.8582345495853367e-05,0.0019995260640594177,0.000499766772245072,0.2499426145165873,monotonic,converged
0.0005,-0.475,k0p000500000_wqm0p475000000,timing__excess_time_delay__sin1,timing,-0.8507303490345959,-0.8508443305987234,-0.8508728194374897,0.00011398156412756322,2.848883876627184e-05,0.001992985439481905,0.000498131792483424,0.24994251468937878,monotonic,converged
0.00075,-0.475,k0p000750000_wqm0p475000000,timing__excess_time_delay__sin1,timing,-0.8534839890987658,-0.8535986967613333,-0.8536273670931108,0.00011470766256749254,2.867033177755829e-05,0.002005681384036501,0.0005013052261139435,0.24994260309932675,monotonic,converged
0.001,-0.58,k0p001000000_wqm0p580000000,timing__excess_time_delay__sin1,timing,-0.8686814051859085,-0.868801556653454,-0.8688315878243204,0.00012015146754551509,3.0031170866307022e-05,0.0021008671637687023,0.0005250997099860787,0.24994427017656515,monotonic,converged
0.00125,-0.7125,k0p001250000_wqm0p712500000,timing__excess_time_delay__sin1,timing,-0.8895441795550842,-0.8896798163255254,-0.8897137192424766,0.00013563677044114986,3.3902916951156215e-05,0.0023716301019086608,0.0005927977945977246,0.24995373187439632,monotonic,converged
0.00125,-0.58,k0p001250000_wqm0p580000000,timing__excess_time_delay__sin1,timing,-0.8743262155578121,-0.8744482279171748,-0.8744787242667433,0.00012201235936271093,3.0496349568531755e-05,0.0021334051476480224,0.0005332334322014838,0.24994475746407016,monotonic,converged
0.00125,-0.45,k0p001250000_wqm0p450000000,timing__excess_time_delay__sin1,timing,-0.8567365315367914,-0.8568519582394736,-0.856880808298631,0.00011542670268216426,2.885005915742589e-05,0.0020182539126722752,0.0005044477874035174,0.24994267779498652,monotonic,converged
0.0015,-0.7125,k0p001500000_wqm0p712500000,timing__excess_time_delay__sin1,timing,-0.879605929652065,-0.8797403055617184,-0.8797738935937559,0.00013437590965348356,3.358803203745708e-05,0.0023495837542359763,0.0005872919827331624,0.2499557556415496,monotonic,converged
0.0015,-0.61,k0p001500000_wqm0p610000000,timing__excess_time_delay__sin1,timing,-0.887200649748006,-0.8873278542212722,-0.8873596485492782,0.00012720447326619588,3.179432800592963e-05,0.002224190069656956,0.0005559287877732001,0.24994661893214137,monotonic,converged
0.0015,-0.5,k0p001500000_wqm0p500000000,timing__excess_time_delay__sin1,timing,-0.8649686174551081,-0.8650866198640886,-0.8651161137710346,0.00011800240898052206,2.949390694595433e-05,0.002063290539325897,0.0005157055664803488,0.2499432613347979,monotonic,converged
0.00175,-0.7125,k0p001750000_wqm0p712500000,timing__excess_time_delay__sin1,timing,-0.8562174448482519,-0.8563458248672349,-0.8563779144714949,0.00012838001898296536,3.2089604260043814e-05,0.002244744669998682,0.0005610917391643193,0.2499579335963625,monotonic,converged
0.00175,-0.45,k0p001750000_wqm0p450000000,timing__excess_time_delay__sin1,timing,-0.8613433071218285,-0.8614598950689176,-0.8614890353862061,0.00011658794708913067,2.9140317288511852e-05,0.0020385584523798872,0.0005095229961302386,0.24994279439738554,monotonic,converged
0.002,-0.7125,k0p002000000_wqm0p712500000,timing__excess_time_delay__sin1,timing,-0.81176312591613,-0.811877426245269,-0.8119059967888506,0.00011430032913906096,2.857054358151867e-05,0.0019985590954620974,0.0004995604139308386,0.24996029142452383,monotonic,converged
0.002,-0.69,k0p002000000_wqm0p690000000,timing__excess_time_delay__sin1,timing,-0.8829688079171112,-0.8831036974493809,-0.883137413938517,0.00013488953226969969,3.371648913608194e-05,0.0023585645258488463,0.0005895380751527305,0.24995630549499426,monotonic,converged
0.002,-0.45,k0p002000000_wqm0p450000000,timing__excess_time_delay__sin1,timing,-0.8636463995092635,-0.8637635685770961,-0.8637928541486003,0.00011716906783265646,2.928557150416733e-05,0.002048719439284152,0.0005120627887628503,0.2499428564712459,monotonic,converged
0.00225,-0.7125,k0p002250000_wqm0p712500000,timing__excess_time_delay__sin1,timing,-0.7309297752695699,-0.7310139087151237,-0.7310349390762553,8.413344555380231e-05,2.103036113154655e-05,0.00147108642740255,0.0003677191468903781,0.24996433930781892,monotonic,converged
0.00225,-0.69,k0p002250000_wqm0p690000000,timing__excess_time_delay__sin1,timing,-0.8637641493370344,-0.8638937890959216,-0.8639261935784154,0.00012963975888724555,3.240448249375305e-05,0.0022667714188504082,0.0005665974342282154,0.24995790467287832,monotonic,converged
0.00225,-0.6666666666666666,k0p002250000_wqm0p666666667,timing__excess_time_delay__sin1,timing,-0.9015927377619696,-0.901731231316571,-0.9017658484004272,0.00013849355460138213,3.4617083856214315e-05,0.0024215814188489468,0.0006052851144027741,0.24995447590215036,monotonic,converged
0.00225,-0.55,k0p002250000_wqm0p550000000,timing__excess_time_delay__sin1,timing,-0.8869553771690275,-0.8870807641650271,-0.8871121040529527,0.00012538699599962122,3.133988792558551e-05,0.002192411195971569,0.0005479828320375059,0.2499452808142894,monotonic,converged
0.00225,-0.475,k0p002250000_wqm0p475000000,timing__excess_time_delay__sin1,timing,-0.8699637103902029,-0.8700827777199268,-0.8701125378025754,0.00011906732972388756,2.976008264854446e-05,0.002081910844740854,0.000520359690185936,0.24994331121355387,monotonic,converged
0.00225,-0.45,k0p002250000_wqm0p450000000,timing__excess_time_delay__sin1,timing,-0.8659492367762259,-0.8660669872319724,-0.8660964181325084,0.00011775045574646814,2.943090053597608e-05,0.002058885097702567,0.0005146038895675794,0.2499429862024873,monotonic,converged
0.0025,-0.7125,k0p002500000_wqm0p712500000,timing__excess_time_delay__sin1,timing,-0.5739266067385543,-0.5739353321485909,-0.573937513187039,8.725410036602987e-06,2.181038448068051e-06,0.00015256515638789906,3.813579768992389e-05,0.24996400615198847,monotonic,converged
0.0025,-0.69,k0p002500000_wqm0p690000000,timing__excess_time_delay__sin1,timing,-0.8315192261959191,-0.831638582448529,-0.8316684166965423,0.00011935625260983684,2.983424801339396e-05,0.0020869627064979495,0.0005216564831663648,0.2499596574208727,monotonic,converged
0.0025,-0.6666666666666666,k0p002500000_wqm0p666666667,timing__excess_time_delay__sin1,timing,-0.8957558992952406,-0.8958933879353838,-0.8959277540066878,0.00013748864014317963,3.4366071304026136e-05,0.002404010332696093,0.000600896120748692,0.24995571465568042,monotonic,converged
0.0025,-0.58,k0p002500000_wqm0p580000000,timing__excess_time_delay__sin1,timing,-0.9007920038555026,-0.9009228909012752,-0.9009556057541132,0.00013088704577257637,3.2714852837956165e-05,0.002288580424722086,0.0005720243081404871,0.24994721704392403,monotonic,converged
0.0025,-0.45,k0p002500000_wqm0p450000000,timing__excess_time_delay__sin1,timing,-0.86825177454745,-0.8683701067072199,-0.8683996830088555,0.0001183321597699738,2.9576301635581004e-05,0.0020690562833483206,0.0005171462504889733,0.24994305599656472,monotonic,converged
0.0,-0.7125,k0p000000000_wqm0p712500000,timing__excess_time_delay__cos2,timing,0.1872398036740448,0.1872578639535716,0.1872623736023113,1.806027952680478e-05,4.5096487396867335e-06,0.0004060399815719668,0.00010138811464356122,0.24969983066948576,monotonic,converged
0.0,-0.69,k0p000000000_wqm0p690000000,timing__excess_time_delay__cos2,timing,0.1872398036740448,0.1872578639535716,0.1872623736023113,1.806027952680478e-05,4.5096487396867335e-06,0.0004060399815719668,0.00010138811464356122,0.24969983066948576,monotonic,converged
0.0,-0.6666666666666666,k0p000000000_wqm0p666666667,timing__excess_time_delay__cos2,timing,0.1872398036740448,0.1872578639535716,0.1872623736023113,1.806027952680478e-05,4.5096487396867335e-06,0.0004060399815719668,0.00010138811464356122,0.24969983066948576,monotonic,converged
0.0,-0.58,k0p000000000_wqm0p580000000,timing__excess_time_delay__cos2,timing,0.1872398036740448,0.1872578639541073,0.1872623736023113,1.8060280062487388e-05,4.509648204004124e-06,0.0004060399936154436,0.00010138810260008446,0.2496997936023714,monotonic,converged
0.0,-0.45,k0p000000000_wqm0p450000000,timing__excess_time_delay__cos2,timing,0.1872398036740448,0.1872578639535716,0.1872623736023113,1.806027952680478e-05,4.5096487396867335e-06,0.0004060399815719668,0.00010138811464356122,0.24969983066948576,monotonic,converged
0.00025,-0.58,k0p000250000_wqm0p580000000,timing__excess_time_delay__cos2,timing,0.1887983101180046,0.1888153924607492,0.1888196578977757,1.708234274458431e-05,4.265437026501617e-06,0.0003840535315592743,9.58976282214562e-05,0.24969859756817647,monotonic,converged
0.0005,-0.7125,k0p000500000_wqm0p712500000,timing__excess_time_delay__cos2,timing,0.1989652803438195,0.1989736750994994,0.1989757711872632,8.394755679902444e-06,2.0960877638032116e-06,0.00018873497702567407,4.712526379919529e-05,0.24969014510111037,monotonic,converged
0.0005,-0.61,k0p000500000_wqm0p610000000,timing__excess_time_delay__cos2,timing,0.1914520670760676,0.1914672560089983,0.191471048653956,1.5188932930704224e-05,3.7926449577008192e-06,0.0003414849719312236,8.526808715492256e-05,0.24969791986071901,monotonic,converged
0.0005,-0.55,k0p000500000_wqm0p550000000,timing__excess_time_delay__cos2,timing,0.1896082269115902,0.1896249354410902,0.1896291075217572,1.670852949997581e-05,4.172080667025346e-06,0.00037564928052169103,9.379874517675521e-05,0.24969765693811574,monotonic,converged
0.0005,-0.5,k0p000500000_wqm0p500000000,timing__excess_time_delay__cos2,timing,0.1887299339292713,0.188747299810167,0.1887516360450415,1.7365880895708896e-05,4.336234874502409e-06,0.00039042817407168416,9.748933984778574e-05,0.24969852669978243,monotonic,converged
0.0005,-0.475,k0p000500000_wqm0p475000000,timing__excess_time_delay__cos2,timing,0.1884301279632122,0.1884476988409682,0.1884520862672715,1.7570877756001302e-05,4.387426303292807e-06,0.0003950370131127356,9.864025042875686e-05,0.24969875519134438,monotonic,converged
0.00075,-0.475,k0p000750000_wqm0p475000000,timing__excess_time_delay__cos2,timing,0.1890309296483641,0.1890482522284096,0.1890525776467491,1.7322580045497915e-05,4.325418339501397e-06,0.0003894546633131368,9.724615725108421e-05,0.24969827405274767,monotonic,converged
0.001,-0.58,k0p001000000_wqm0p580000000,timing__excess_time_delay__cos2,timing,0.1936788573629611,0.1936928593761249,0.1936963556359043,1.400201316381633e-05,3.49625977938417e-06,0.0003148000648920341,7.860461153355781e-05,0.24969693561059644,monotonic,converged
0.00125,-0.7125,k0p001250000_wqm0p712500000,timing__excess_time_delay__cos2,timing,0.2199912036956268,0.2199829970208052,0.2199809475704095,8.206674821598092e-06,2.049450395696928e-06,0.00018450645176245242,4.607673982378644e-05,0.24972969445593762,monotonic,converged
0.00125,-0.58,k0p001250000_wqm0p580000000,timing__excess_time_delay__cos2,timing,0.1953746166445888,0.1953875444861357,0.1953907725150887,1.29278415469114e-05,3.2280289530006723e-06,0.00029065001655607833,7.257411573529828e-05,0.24969589403514023,monotonic,converged
0.00125,-0.45,k0p001250000_wqm0p450000000,timing__excess_time_delay__cos2,timing,0.1896466331707714,0.1896638323926829,0.1896681270188173,1.7199221911484708e-05,4.294626134410118e-06,0.0003866812657925096,9.655387193128799e-05,0.2496988617573682,monotonic,converged
0.0015,-0.7125,k0p001500000_wqm0p712500000,timing__excess_time_delay__cos2,timing,0.2278276930232723,0.2278137530052497,0.2278102718906729,1.3940018022601253e-05,3.4811145767921214e-06,0.0003134062599977543,7.826410972835308e-05,0.24972095237955325,monotonic,converged
0.0015,-0.61,k0p001500000_wqm0p610000000,timing__excess_time_delay__cos2,timing,0.2006336572695766,0.2006425715182783,0.2006447973165776,8.91424870169688e-06,2.2257982993101333e-06,0.0002004144716139562,5.0041479097455316e-05,0.2496899485075438,monotonic,converged
0.0015,-0.5,k0p001500000_wqm0p500000000,timing__excess_time_delay__cos2,timing,0.191787470834999,0.1918033974628167,0.1918073743165176,1.5926627817686168e-05,3.9768537009043925e-06,0.0003580701868982079,8.940955764461032e-05,0.24969841365214704,monotonic,converged
0.00175,-0.7125,k0p001750000_wqm0p712500000,timing__excess_time_delay__cos2,timing,0.2358346317080637,0.2358152376601248,0.2358103946314365,1.9394047938908754e-05,4.843028688306106e-06,0.0004360264112209758,0.00010888332467023692,0.2497172691106903,monotonic,converged
0.00175,-0.45,k0p001750000_wqm0p450000000,timing__excess_time_delay__cos2,timing,0.1906247008288771,0.1906415462913238,0.1906457525823019,1.6845462446679615e-05,4.206290978109317e-06,0.000378727873578553,9.456787801667002e-05,0.24969875368060396,monotonic,converged
0.002,-0.7125,k0p002000000_wqm0p712500000,timing__excess_time_delay__cos2,timing,0.2433041662532954,0.2432803322487598,0.243274380585175,2.3834004535594477e-05,5.951663584802258e-06,0.0005358476732353825,0.00013380819320702958,0.24971311790739362,monotonic,converged
0.002,-0.69,k0p002000000_wqm0p690000000,timing__excess_time_delay__cos2,timing,0.2316067904971015,0.2315912145667067,0.2315873249482894,1.5575930394806647e-05,3.889618417296514e-06,0.0003501856369989667,8.744829160240998e-05,0.24971981247382805,monotonic,converged
0.002,-0.45,k0p002000000_wqm0p450000000,timing__excess_time_delay__cos2,timing,0.1911170246228186,0.191133691255023,0.1911378528921127,1.6666632204398457e-05,4.161637089689085e-06,0.0003747073251605409,9.356394759552911e-05,0.24969874169244557,monotonic,converged
0.00225,-0.7125,k0p002250000_wqm0p712500000,timing__excess_time_delay__cos2,timing,0.2474340136375269,0.2474093719618118,0.2474032187369825,2.4641675715086908e-05,6.153224829302806e-06,0.0005540061292188893,0.00013833979106414783,0.249708051532205,monotonic,converged
0.00225,-0.69,k0p002250000_wqm0p690000000,timing__excess_time_delay__cos2,timing,0.2381681028344421,0.2381482811087009,0.2381433312933204,1.9821725741192564e-05,4.949815380489442e-06,0.0004456416714222547,0.00011128415498196601,0.24971667175290252,monotonic,converged
0.00225,-0.6666666666666666,k0p002250000_wqm0p666666667,timing__excess_time_delay__cos2,timing,0.22646746550652,0.2264564500249608,0.2264536991733811,1.1015481559212281e-05,2.75085157969146e-06,0.00024765540991049145,6.184598212155954e-05,0.24972594842128482,monotonic,converged
0.00225,-0.55,k0p002250000_wqm0p550000000,timing__excess_time_delay__cos2,timing,0.1984822833479781,0.1984938660808585,0.1984967582194688,1.1582732880405233e-05,2.892138610294248e-06,0.0002604086297962642,6.502246580871228e-05,0.24969397465661522,monotonic,converged
0.00225,-0.475,k0p002250000_wqm0p475000000,timing__excess_time_delay__cos2,timing,0.1927149201334569,0.1927307034437889,0.1927346445036237,1.5783310332001532e-05,3.941059834811078e-06,0.00035484805353310905,8.86048225513717e-05,0.24969792470090144,monotonic,converged
0.00225,-0.45,k0p002250000_wqm0p450000000,timing__excess_time_delay__cos2,timing,0.1916115429831909,0.1916280294601318,0.1916321461061586,1.6486476940885675e-05,4.1166460268138305e-06,0.0003706569869712424,9.255243665442444e-05,0.24969834620062126,monotonic,converged
0.0025,-0.7125,k0p002500000_wqm0p712500000,timing__excess_time_delay__cos2,timing,0.2322662036166463,0.2322619939963995,0.2322609428361444,4.2096202468033805e-06,1.0511602550888899e-06,9.464272825346615e-05,2.363269571614368e-05,0.24970429479644857,monotonic,converged
0.0025,-0.69,k0p002500000_wqm0p690000000,timing__excess_time_delay__cos2,timing,0.244413735675048,0.2443902978604862,0.2443844451168738,2.3437814561821924e-05,5.8527436123945176e-06,0.000526940337697699,0.00013158422631250142,0.24971370931179337,monotonic,converged
0.0025,-0.6666666666666666,k0p002500000_wqm0p666666667,timing__excess_time_delay__cos2,timing,0.2317188706291884,0.2317043383907084,0.2317007093807293,1.4532238479997295e-05,3.6290099791058683e-06,0.0003267208481385821,8.15891660399636e-05,0.24972133399138546,monotonic,converged
0.0025,-0.58,k0p002500000_wqm0p580000000,timing__excess_time_delay__cos2,timing,0.2043773825382861,0.2043846066657894,0.2043864104024521,7.2241275032858265e-06,1.8037366626977303e-06,0.00016241634543663519,4.055248426224339e-05,0.2496822850755773,monotonic,converged
0.0025,-0.45,k0p002500000_wqm0p450000000,timing__excess_time_delay__cos2,timing,0.1921082568229667,0.1921245618146561,0.1921286331405148,1.6304991689392034e-05,4.071325858695518e-06,0.00036657674734578744,9.153352660930104e-05,0.24969812535042918,monotonic,converged
0.0,-0.7125,k0p000000000_wqm0p712500000,timing__excess_time_delay__sin2,timing,0.0640887065580846,0.0638635590031442,0.0638073014131551,0.00022514755494040806,5.625758998908936e-05,0.011821567646450815,0.0029538535555420084,0.24986986869113278,monotonic,converged
0.0,-0.69,k0p000000000_wqm0p690000000,timing__excess_time_delay__sin2,timing,0.0640887065580846,0.0638635590031442,0.0638073014131551,0.00022514755494040806,5.625758998908936e-05,0.011821567646450815,0.0029538535555420084,0.24986986869113278,monotonic,converged
0.0,-0.6666666666666666,k0p000000000_wqm0p666666667,timing__excess_time_delay__sin2,timing,0.0640887065580846,0.0638635590031442,0.0638073014131551,0.00022514755494040806,5.625758998908936e-05,0.011821567646450815,0.0029538535555420084,0.24986986869113278,monotonic,converged
0.0,-0.58,k0p000000000_wqm0p580000000,timing__excess_time_delay__sin2,timing,0.0640887065580846,0.0638635590030332,0.0638073014131551,0.0002251475550514026,5.6257589878094816e-05,0.011821567652278679,0.0029538535497141433,0.24986986807496467,monotonic,converged
0.0,-0.45,k0p000000000_wqm0p450000000,timing__excess_time_delay__sin2,timing,0.0640887065580846,0.0638635590031442,0.0638073014131551,0.00022514755494040806,5.625758998908936e-05,0.011821567646450815,0.0029538535555420084,0.24986986869113278,monotonic,converged
0.00025,-0.58,k0p000250000_wqm0p580000000,timing__excess_time_delay__sin2,timing,0.0621672934240448,0.061938291721986,0.0618810709805109,0.0002290017020587995,5.7220741475100256e-05,0.01202393298366932,0.0030044246596726797,0.24987037633636455,monotonic,converged
0.0005,-0.7125,k0p000500000_wqm0p712500000,timing__excess_time_delay__sin2,timing,0.0518971377940282,0.0516468916671653,0.0515843614837723,0.00025024612686289777,6.253018339300032e-05,0.01313938993365955,0.003283201512541324,0.24987473003831423,monotonic,converged
0.0005,-0.61,k0p000500000_wqm0p610000000,timing__excess_time_delay__sin2,timing,0.0590197506552972,0.0587844516845941,0.0587256572155082,0.00023529897070310307,5.879446908589603e-05,0.012354576535566706,0.003087054592798241,0.24987133989668855,monotonic,converged
0.0005,-0.55,k0p000500000_wqm0p550000000,timing__excess_time_delay__sin2,timing,0.0612507468237137,0.061019790024714,0.0609620807217145,0.00023095679899970412,5.770930299949656e-05,0.012126587044240356,0.003030077006248829,0.24987055262906763,monotonic,converged
0.0005,-0.5,k0p000500000_wqm0p500000000,timing__excess_time_delay__sin2,timing,0.0623673882966143,0.0621385886948612,0.0620814184884402,0.0002287996017531005,5.717020642100057e-05,0.01201332153183356,0.0030017712728272633,0.24987021823007105,monotonic,converged
0.0005,-0.475,k0p000500000_wqm0p475000000,timing__excess_time_delay__sin2,timing,0.0627531588425592,0.0625251076556513,0.062468124481057,0.0002280511869079127,5.698317459429392e-05,0.011974025361274048,0.0029919510045501455,0.2498701075267974,monotonic,converged
0.00075,-0.475,k0p000750000_wqm0p475000000,timing__excess_time_delay__sin2,timing,0.062088032852946,0.0618585289510776,0.0618011827540314,0.00022950390186839836,5.734619704619859e-05,0.012050301420238748,0.0030110118132429487,0.2498702487380015,monotonic,converged
0.001,-0.58,k0p001000000_wqm0p580000000,timing__excess_time_delay__sin2,timing,0.0566425704910944,0.0564021747794669,0.056342106649517,0.0002403957116274974,6.006812994990146e-05,0.012622185338292142,0.0031539292611305818,0.24987188641276342,monotonic,converged
0.00125,-0.7125,k0p001250000_wqm0p712500000,timing__excess_time_delay__sin2,timing,0.0479195888702495,0.0476482106069915,0.0475803982316333,0.00027137826325799447,6.781237535820328e-05,0.014248951083345505,0.003560547583009259,0.2498813815966361,monotonic,converged
0.00125,-0.58,k0p001250000_wqm0p580000000,timing__excess_time_delay__sin2,timing,0.0548957561743512,0.0546516372486468,0.0545906386695276,0.00024411892570439658,6.099857911920359e-05,0.012817675922606643,0.003202783301759184,0.24987238880883295,monotonic,converged
0.00125,-0.45,k0p001250000_wqm0p450000000,timing__excess_time_delay__sin2,timing,0.061507916000048,0.0612769734224067,0.0612192677408811,0.00023094257764130072,5.770568152559802e-05,0.012125840339482958,0.0030298868576208206,0.24987025829089993,monotonic,converged
0.0015,-0.7125,k0p001500000_wqm0p712500000,timing__excess_time_delay__sin2,timing,0.0544134702138444,0.0541446146913117,0.0540774321344389,0.00026885552253269607,6.718255687280378e-05,0.014116492393547763,0.0035274784171810715,0.2498834922188871,monotonic,converged
0.0015,-0.61,k0p001500000_wqm0p610000000,timing__excess_time_delay__sin2,timing,0.0501217659599794,0.0498672588016794,0.0498036640186208,0.00025450715829999915,6.359478305860422e-05,0.013363119084929613,0.003339099241329258,0.24987424119380627,monotonic,converged
0.0015,-0.5,k0p001500000_wqm0p500000000,timing__excess_time_delay__sin2,timing,0.0589754705050825,0.0587393745637592,0.0586803810607983,0.00023609594132329575,5.899350296090233e-05,0.0123964221692061,0.003097505039030913,0.2498708899028473,monotonic,converged
0.00175,-0.7125,k0p001750000_wqm0p712500000,timing__excess_time_delay__sin2,timing,0.0684884582337796,0.0682315990388615,0.0681674136378114,0.0002568591949180937,6.418540105010417e-05,0.013486614807524042,0.0033701101512259948,0.24988554943719796,monotonic,converged
0.00175,-0.45,k0p001750000_wqm0p450000000,timing__excess_time_delay__sin2,timing,0.0604809718344516,0.0602477059273084,0.0601894196689438,0.00023326590714319723,5.828625836460516e-05,0.012247828770043236,0.0030603705480970597,0.24987045504607067,monotonic,converged
0.002,-0.7125,k0p002000000_wqm0p712500000,timing__excess_time_delay__sin2,timing,0.0953504136392899,0.095121724639569,0.0950645780421286,0.00022868899972089407,5.714659744039674e-05,0.012007514276205538,0.003000531662824189,0.24988782805531493,monotonic,converged
0.002,-0.69,k0p002000000_wqm0p690000000,timing__excess_time_delay__sin2,timing,0.056220260873462,0.0559503776207418,0.0558829381417695,0.0002698832527201975,6.743947897230179e-05,0.014170454258410401,0.003540968334848122,0.24988389717616133,monotonic,converged
0.002,-0.45,k0p002000000_wqm0p450000000,timing__excess_time_delay__sin2,timing,0.0599687844490094,0.0597343558746377,0.0596757790852524,0.00023442857437170478,5.857678938529787e-05,0.012308875621277093,0.003075625131321027,0.2498705183115596,monotonic,converged
0.00225,-0.7125,k0p002250000_wqm0p712500000,timing__excess_time_delay__sin2,timing,0.146948696838111,0.1467803649133889,0.1467383001544812,0.00016833192472209824,4.206475890769501e-05,0.008838413704675802,0.0022086466499295476,0.24989174796842825,monotonic,converged
0.00225,-0.69,k0p002250000_wqm0p690000000,timing__excess_time_delay__sin2,timing,0.0684174130043808,0.0681580333596199,0.0680932181386927,0.0002593796447609015,6.481522092720293e-05,0.013618953212549691,0.003403179390126559,0.24988553356586712,monotonic,converged
0.00225,-0.6666666666666666,k0p002250000_wqm0p666666667,timing__excess_time_delay__sin2,timing,0.0479417504907126,0.047664656420845,0.0475954155779148,0.0002770940698676033,6.924084293019606e-05,0.01454906446679933,0.003635550511810967,0.24988208142916812,monotonic,converged
0.00225,-0.55,k0p002250000_wqm0p550000000,timing__excess_time_delay__sin2,timing,0.0519640869463869,0.0517132161433577,0.051650530325582,0.00025087080302919895,6.268581777570115e-05,0.01317218909756346,0.0032913732307893787,0.24987291075241275,monotonic,converged
0.00225,-0.475,k0p002250000_wqm0p475000000,timing__excess_time_delay__sin2,timing,0.0581398864994906,0.0579016598828327,0.0578421339780103,0.0002382266166579064,5.952590482239534e-05,0.012508295125620798,0.0031254592605297954,0.24987092398610766,monotonic,converged
0.00225,-0.45,k0p002250000_wqm0p450000000,timing__excess_time_delay__sin2,timing,0.0594574990849305,0.0592219072067977,0.0591630397292038,0.00023559187813279592,5.88674775938991e-05,0.012369955894206325,0.0030908879678324635,0.24987057304546512,monotonic,converged
0.0025,-0.7125,k0p002500000_wqm0p712500000,timing__excess_time_delay__sin2,timing,0.2610339516184684,0.2610164938688792,0.2610121312093171,1.7457749589167015e-05,4.3626595621071296e-06,0.0009166342835824302,0.00022906522411729214,0.2498981635533524,monotonic,converged
0.0025,-0.69,k0p002500000_wqm0p690000000,timing__excess_time_delay__sin2,timing,0.0886263412539928,0.0883875365377853,0.0883278622838109,0.00023880471620749133,5.967425397440662e-05,0.012538648743867328,0.003133248461421891,0.24988725064607678,monotonic,converged
0.0025,-0.6666666666666666,k0p002500000_wqm0p666666667,timing__excess_time_delay__sin2,timing,0.0526906363157568,0.0524155528278953,0.0523468140511807,0.00027508348786150355,6.87387767146011e-05,0.014443497114757084,0.0036091890897105836,0.2498833254186782,monotonic,converged
0.0025,-0.58,k0p002500000_wqm0p580000000,timing__excess_time_delay__sin2,timing,0.0471117814413993,0.0468499062872133,0.0467844702722308,0.000261875154185999,6.543601498249646e-05,0.013749982099312214,0.0034357747204249913,0.24987485042593996,monotonic,converged
0.0025,-0.45,k0p002500000_wqm0p450000000,timing__excess_time_delay__sin2,timing,0.0589471502552419,0.0587103945497974,0.0586512362446771,0.00023675570544449964,5.915830512030068e-05,0.012431063656614557,0.00310615811934584,0.24987066313453044,monotonic,converged
0.0,-0.7125,k0p000000000_wqm0p712500000,timing__excess_time_delay__cos3,timing,-0.0238207621363742,-0.0238026670286316,-0.0237981552056857,1.8095107742598787e-05,4.511822945901106e-06,0.002035812220036962,0.0005076081567773783,0.2493393800181444,monotonic,converged
0.0,-0.69,k0p000000000_wqm0p690000000,timing__excess_time_delay__cos3,timing,-0.0238207621363742,-0.0238026670286316,-0.0237981552056857,1.8095107742598787e-05,4.511822945901106e-06,0.002035812220036962,0.0005076081567773783,0.2493393800181444,monotonic,converged
0.0,-0.6666666666666666,k0p000000000_wqm0p666666667,timing__excess_time_delay__cos3,timing,-0.0238207621363742,-0.0238026670286316,-0.0237981552056857,1.8095107742598787e-05,4.511822945901106e-06,0.002035812220036962,0.0005076081567773783,0.2493393800181444,monotonic,converged
0.0,-0.58,k0p000000000_wqm0p580000000,timing__excess_time_delay__cos3,timing,-0.0238207621363742,-0.0238026670291367,-0.0237981552056857,1.8095107237499353e-05,4.511823451000541e-06,0.0020358121632101326,0.0005076082136042077,0.2493394148916937,monotonic,converged
0.0,-0.45,k0p000000000_wqm0p450000000,timing__excess_time_delay__cos3,timing,-0.0238207621363742,-0.0238026670286316,-0.0237981552056857,1.8095107742598787e-05,4.511822945901106e-06,0.002035812220036962,0.0005076081567773783,0.2493393800181444,monotonic,converged
0.00025,-0.58,k0p000250000_wqm0p580000000,timing__excess_time_delay__cos3,timing,-0.0235719730768337,-0.0235548578213915,-0.0235505903240506,1.7115255442200217e-05,4.267497340899873e-06,0.0019255727389927751,0.0004801200058691373,0.2493388050976862,monotonic,converged
0.0005,-0.7125,k0p000500000_wqm0p712500000,timing__excess_time_delay__cos3,timing,-0.0211248438421117,-0.0211164329058194,-0.0211143358106943,8.410936292300997e-06,2.097095125098286e-06,0.0009462826709513452,0.00023593625100139272,0.24932956952936086,monotonic,converged
0.0005,-0.61,k0p000500000_wqm0p610000000,timing__excess_time_delay__cos3,timing,-0.0230665850732927,-0.0230513668522522,-0.0230475723781967,1.5218221040499275e-05,3.7944740555011236e-06,0.001712144564275611,0.00042690194281722304,0.24933755695906462,monotonic,converged
0.0005,-0.55,k0p000500000_wqm0p550000000,timing__excess_time_delay__cos3,timing,-0.0234920557387713,-0.0234753150103316,-0.0234711409127623,1.674072843969865e-05,4.174097569299012e-06,0.0018834361206718166,0.000469611950372675,0.24933786987432613,monotonic,converged
0.0005,-0.5,k0p000500000_wqm0p500000000,timing__excess_time_delay__cos3,timing,-0.023671311771192,-0.0236539124244293,-0.0236495740939912,1.739934676269969e-05,4.338330438100058e-06,0.0019575347803415383,0.0004880891700716651,0.2493386962894761,monotonic,converged
0.0005,-0.475,k0p000500000_wqm0p475000000,timing__excess_time_delay__cos3,timing,-0.0237255860368656,-0.023707981303823,-0.0237035917596113,1.760473304259977e-05,4.389544211700486e-06,0.001980642014871243,0.0004938510382856084,0.24933886819406506,monotonic,converged
0.00075,-0.475,k0p000750000_wqm0p475000000,timing__excess_time_delay__cos3,timing,-0.0236772015656632,-0.0236598455767799,-0.023655518071882,1.7355988883298312e-05,4.327504897899681e-06,0.0019526567491092391,0.0004868712294358907,0.24933784683764368,monotonic,converged
0.001,-0.58,k0p001000000_wqm0p580000000,timing__excess_time_delay__cos3,timing,-0.0227898116172245,-0.0227757825986803,-0.0227722846494957,1.4029018544199634e-05,3.497949184600585e-06,0.0015783518834856611,0.00039354104967907023,0.2493366997541556,monotonic,converged
0.00125,-0.7125,k0p001250000_wqm0p712500000,timing__excess_time_delay__cos3,timing,-0.016532372797159,-0.0165405953210019,-0.0165426457598463,8.222523842901786e-06,2.050438844398289e-06,0.0009250850979746992,0.0002306871290982983,0.2493685495565161,monotonic,converged
0.00125,-0.58,k0p001250000_wqm0p580000000,timing__excess_time_delay__cos3,timing,-0.0225176741486998,-0.0225047213713282,-0.0225014917863001,1.295277737160122e-05,3.2295850280993077e-06,0.0014572680545275867,0.0003633484121442827,0.24933533059713717,monotonic,converged
0.00125,-0.45,k0p001250000_wqm0p450000000,timing__excess_time_delay__cos3,timing,-0.023676673182262,-0.0236594408020351,-0.0236551441041466,1.7232380226901017e-05,4.296697888497847e-06,0.0019387500060947416,0.0004834052491778455,0.2493386190371069,monotonic,converged
0.0015,-0.7125,k0p001500000_wqm0p712500000,timing__excess_time_delay__cos3,timing,-0.0149323648841609,-0.0149463317907644,-0.0149498145865223,1.3966906603499543e-05,3.4827957578996427e-06,0.0015713639036578442,0.0003918361948811854,0.24936056757385308,monotonic,converged
0.0015,-0.61,k0p001500000_wqm0p610000000,timing__excess_time_delay__cos3,timing,-0.0214275736592859,-0.0214186422044946,-0.0214164153278559,8.931454791298588e-06,2.226876638700137e-06,0.0010048442410778352,0.00025053747886275257,0.24932966585350208,monotonic,converged
0.0015,-0.5,k0p001500000_wqm0p500000000,timing__excess_time_delay__cos3,timing,-0.0233609137666154,-0.0233449564130778,-0.0233409776414922,1.5957353537598973e-05,3.9787715856026695e-06,0.0017953015695406094,0.0004476365617672991,0.24933781007156505,monotonic,converged
0.00175,-0.7125,k0p001750000_wqm0p712500000,timing__excess_time_delay__cos3,timing,-0.0133642433852975,-0.0133836749420824,-0.0133885203097337,1.9431556784899745e-05,4.845367651299878e-06,0.0021861710535114862,0.0005451340116569761,0.24935560773314938,monotonic,converged
0.00175,-0.45,k0p001750000_wqm0p450000000,timing__excess_time_delay__cos3,timing,-0.0236170492220389,-0.0236001712490837,-0.0235959629259305,1.6877972955197523e-05,4.208323153200716e-06,0.0018988769826860227,0.00047346254153444843,0.24933818559679435,monotonic,converged
0.002,-0.7125,k0p002000000_wqm0p712500000,timing__excess_time_delay__cos3,timing,-0.0119695713916215,-0.0119934514200385,-0.011999405958649,2.3880028417000085e-05,5.954538610500673e-06,0.0026866517932750728,0.0006699226465173948,0.2493522414010891,monotonic,converged
0.002,-0.69,k0p002000000_wqm0p690000000,timing__excess_time_delay__cos3,timing,-0.0145788370927822,-0.0145944430850001,-0.0145983345798521,1.560599221789999e-05,3.891494852000313e-06,0.001755771234686202,0.00043781738614701233,0.24935901528496146,monotonic,converged
0.002,-0.45,k0p002000000_wqm0p450000000,timing__excess_time_delay__cos3,timing,-0.0235868177159674,-0.0235701189601849,-0.0235659553168085,1.6698755782498104e-05,4.163643376402237e-06,0.0018787139355568238,0.0004684357886193092,0.2493385393878348,monotonic,converged
0.00225,-0.7125,k0p002250000_wqm0p712500000,timing__excess_time_delay__cos3,timing,-0.0113966226312833,-0.0114213118812847,-0.0114274681456135,2.4689250001399404e-05,6.156264328800384e-06,0.0027776942569990937,0.0006926180450887717,0.24934999355798346,monotonic,converged
0.00225,-0.69,k0p002250000_wqm0p690000000,timing__excess_time_delay__cos3,timing,-0.013367624571938,-0.0133874845780609,-0.0133924367842327,1.986000612289908e-05,4.952206171800894e-06,0.002234374270114192,0.0005571540100289448,0.24935572230719893,monotonic,converged
0.00225,-0.6666666666666666,k0p002250000_wqm0p666666667,timing__excess_time_delay__cos3,timing,-0.0159512230322662,-0.0159622598110855,-0.015965011984237,1.1036778819299708e-05,2.7521731514983105e-06,0.0012417062948611396,0.00030963660527357645,0.24936380410973372,monotonic,converged
0.00225,-0.55,k0p002250000_wqm0p550000000,timing__excess_time_delay__cos3,timing,-0.0222483155831216,-0.0222367105148064,-0.0222338169788244,1.1605068315202055e-05,2.893535981998707e-06,0.0013056423994002157,0.0003255408033521666,0.24933381720884149,monotonic,converged
0.00225,-0.475,k0p002250000_wqm0p475000000,timing__excess_time_delay__cos3,timing,-0.0233759938172606,-0.0233601800611189,-0.0233562370982042,1.5813756141701274e-05,3.9429629146991996e-06,0.0017791459689499695,0.00044360786346687677,0.24933753115754118,monotonic,converged
0.00225,-0.45,k0p002250000_wqm0p450000000,timing__excess_time_delay__cos3,timing,-0.0235563087987815,-0.023539790552244,-0.023535671920129,1.6518246537502307e-05,4.118632115000104e-06,0.0018584055222542063,0.0004633717416235558,0.24933833658732124,monotonic,converged
0.0025,-0.7125,k0p002500000_wqm0p712500000,timing__excess_time_delay__cos3,timing,-0.0169749047309886,-0.0169791224817778,-0.016980174230418,4.217750789202446e-06,1.0517486402003562e-06,0.0004745232092492473,0.00011832826665555035,0.24936244286714632,monotonic,converged
0.0025,-0.69,k0p002500000_wqm0p690000000,timing__excess_time_delay__cos3,timing,-0.0122623220989409,-0.0122858051951062,-0.0122916607707962,2.3483096165300907e-05,5.855575689999934e-06,0.0026419944450000125,0.0006587887021523299,0.24935279610412914,monotonic,converged
0.0025,-0.6666666666666666,k0p002500000_wqm0p666666667,timing__excess_time_delay__cos3,timing,-0.0149956877711896,-0.0150102480868567,-0.0150138788486238,1.456031566709863e-05,3.6307617671000464e-06,0.0016381261158723492,0.0004084832916526037,0.24936009974731077,monotonic,converged
0.0025,-0.58,k0p002500000_wqm0p580000000,timing__excess_time_delay__cos3,timing,-0.0210790902769291,-0.021071852230032,-0.0210700476206618,7.238046897100475e-06,1.8046093701977461e-06,0.0008143253155452892,0.00020302978354712722,0.24932269655791586,monotonic,converged
0.0025,-0.45,k0p002500000_wqm0p450000000,timing__excess_time_delay__cos3,timing,-0.0235255241341786,-0.0235091876992452,-0.0235051144046714,1.6336434933400534e-05,4.073294573799652e-06,0.0018379505854480796,0.0004582709861201761,0.24933803430218598,monotonic,converged
0.0,-0.7125,k0p000000000_wqm0p712500000,timing__excess_time_delay__sin3,timing,-0.1665915389848944,-0.1669294776669427,-0.1670138776127365,0.0003379386820482888,8.439994579381715e-05,0.016132046013780488,0.004028967032876939,0.24974928967071328,monotonic,converged
0.0,-0.69,k0p000000000_wqm0p690000000,timing__excess_time_delay__sin3,timing,-0.1665915389848944,-0.1669294776669427,-0.1670138776127365,0.0003379386820482888,8.439994579381715e-05,0.016132046013780488,0.004028967032876939,0.24974928967071328,monotonic,converged
0.0,-0.6666666666666666,k0p000000000_wqm0p666666667,timing__excess_time_delay__sin3,timing,-0.1665915389848944,-0.1669294776669427,-0.1670138776127365,0.0003379386820482888,8.439994579381715e-05,0.016132046013780488,0.004028967032876939,0.24974928967071328,monotonic,converged
0.0,-0.58,k0p000000000_wqm0p580000000,timing__excess_time_delay__sin3,timing,-0.1665915389848944,-0.1669294776668434,-0.1670138776127365,0.0003379386819490071,8.439994589309885e-05,0.016132046009041116,0.00402896703761631,0.24974929003787227,monotonic,converged
0.0,-0.45,k0p000000000_wqm0p450000000,timing__excess_time_delay__sin3,timing,-0.1665915389848944,-0.1669294776669427,-0.1670138776127365,0.0003379386820482888,8.439994579381715e-05,0.016132046013780488,0.004028967032876939,0.24974928967071328,monotonic,converged
0.00025,-0.58,k0p000250000_wqm0p580000000,timing__excess_time_delay__sin3,timing,-0.16832648885881,-0.1686702125042866,-0.168756057411332,0.00034372364547660683,8.584490704541259e-05,0.01640820053876123,0.004097944580098173,0.24974978642036724,monotonic,converged
0.0005,-0.7125,k0p000500000_wqm0p712500000,timing__excess_time_delay__sin3,timing,-0.1773919783754932,-0.1777675892216171,-0.1778613995716209,0.0003756108461238916,9.381035000380344e-05,0.01793038730049792,0.004478187799211348,0.24975410314126287,monotonic,converged
0.0005,-0.61,k0p000500000_wqm0p610000000,timing__excess_time_delay__sin3,timing,-0.1711068960089434,-0.171460071694104,-0.1715482775801566,0.0003531756851605783,8.820588605260027e-05,0.016859408841349448,0.004210649706811305,0.24975073245060944,monotonic,converged
0.0005,-0.55,k0p000500000_wqm0p550000000,timing__excess_time_delay__sin3,timing,-0.1692393280949589,-0.1695859862870007,-0.1696725641552557,0.0003466581920417988,8.657786825500002e-05,0.016548285834508743,0.00413293366121701,0.24974995613131443,monotonic,converged
0.0005,-0.5,k0p000500000_wqm0p500000000,timing__excess_time_delay__sin3,timing,-0.1682967346850059,-0.1686401549996839,-0.1687259240903253,0.0003434203146780168,8.57690906413966e-05,0.016393720555674975,0.004094325362224763,0.24974961286670466,monotonic,converged
0.0005,-0.475,k0p000500000_wqm0p475000000,timing__excess_time_delay__sin3,timing,-0.1679654705638581,-0.1683077675239583,-0.1683932560222923,0.00034229696010018573,8.548849833400762e-05,0.016340095419808544,0.004080930837553969,0.24974951080192556,monotonic,converged
0.00075,-0.475,k0p000750000_wqm0p475000000,timing__excess_time_delay__sin3,timing,-0.1686527393635147,-0.1689972168474089,-0.1690832499659661,0.0003444774838942122,8.603311855720497e-05,0.01644418622695193,0.004106929159046504,0.24974961377628221,monotonic,converged
0.001,-0.58,k0p001000000_wqm0p580000000,timing__excess_time_delay__sin3,timing,-0.173448962179963,-0.1738097878997568,-0.1738999045811402,0.0003608257197937892,9.01166813834231e-05,0.017224595537237482,0.004301864592342954,0.24975126893649519,monotonic,converged
0.00125,-0.7125,k0p001250000_wqm0p712500000,timing__excess_time_delay__sin3,timing,-0.1863428690033071,-0.1867501984814412,-0.1868519333874949,0.0004073294781340997,0.0001017349060536965,0.019444527167474534,0.00485647921604711,0.24976072568998717,monotonic,converged
0.00125,-0.58,k0p001250000_wqm0p580000000,timing__excess_time_delay__sin3,timing,-0.1751212130574266,-0.1754876271943376,-0.1755791397694258,0.00036641413691101965,9.151257508818733e-05,0.017491367608232535,0.004368499821370643,0.24975175865119617,monotonic,converged
0.00125,-0.45,k0p001250000_wqm0p450000000,timing__excess_time_delay__sin3,timing,-0.1693720423261748,-0.1697186791589189,-0.1698052515965401,0.0003466368327440794,8.657243762122402e-05,0.016547266214110325,0.004132674421187347,0.2497496787513637,monotonic,converged
0.0015,-0.7125,k0p001500000_wqm0p712500000,timing__excess_time_delay__sin3,timing,-0.1852049568022437,-0.1856084997535165,-0.1857092897747051,0.00040354295127281725,0.00010079002118859592,0.01926377122326482,0.00481137361869691,0.24976280931358982,monotonic,converged
0.0015,-0.61,k0p001500000_wqm0p610000000,timing__excess_time_delay__sin3,timing,-0.1796293266399764,-0.1800113331709214,-0.1801067406817513,0.0003820065309450005,9.540751082989796e-05,0.018235695592518253,0.00455443083768743,0.2497536117874233,monotonic,converged
0.0015,-0.5,k0p001500000_wqm0p500000000,timing__excess_time_delay__sin3,timing,-0.1717018026585174,-0.1720561745663386,-0.1721446790441829,0.0003543719078211993,8.850447784430893e-05,0.016916512452237967,0.004224903465789074,0.24975026487981222,monotonic,converged
0.00175,-0.7125,k0p001750000_wqm0p712500000,timing__excess_time_delay__sin3,timing,-0.1799911769223677,-0.1803767137050813,-0.1804730072823398,0.00038553678271358027,9.629357725851606e-05,0.01840421783337502,0.004596728642458092,0.24976495518990122,monotonic,converged
0.00175,-0.45,k0p001750000_wqm0p450000000,timing__excess_time_delay__sin3,timing,-0.1704864973061433,-0.1708366214625984,-0.1709240648997199,0.0003501241564551061,8.744343712149827e-05,0.016713739215159642,0.004174252981922801,0.24974979734856004,monotonic,converged
0.002,-0.7125,k0p002000000_wqm0p712500000,timing__excess_time_delay__sin3,timing,-0.1677686304391844,-0.1681118847012196,-0.1681976183738632,0.0003432542620351864,8.573367264361198e-05,0.01638579376594314,0.004092634627188117,0.24976724873069042,monotonic,converged
0.002,-0.69,k0p002000000_wqm0p690000000,timing__excess_time_delay__sin3,timing,-0.1858448207907539,-0.1862499062335589,-0.1863510817108647,0.0004050854428049866,0.00010117547730581489,0.019337404535148504,0.00482977398583328,0.24976330081187853,monotonic,converged
0.002,-0.45,k0p002000000_wqm0p450000000,timing__excess_time_delay__sin3,timing,-0.1710441445158573,-0.1713960137814389,-0.1714838930915033,0.00035186926558158915,8.787931006440375e-05,0.01679704480348963,0.004195060077247001,0.24974988912189283,monotonic,converged
0.00225,-0.7125,k0p002250000_wqm0p712500000,timing__excess_time_delay__sin3,timing,-0.1414163382708754,-0.141668998673527,-0.1417321059123212,0.0002526604026515944,6.310723879418556e-05,0.012061150314995333,0.0030125254494688574,0.2497709895650217,monotonic,converged
0.00225,-0.69,k0p002250000_wqm0p690000000,timing__excess_time_delay__sin3,timing,-0.1813180282349133,-0.1817073481357702,-0.181804586592089,0.00038931990085688817,9.723845631881556e-05,0.018584811056954822,0.004641833962706785,0.2497649262336576,monotonic,converged
0.00225,-0.6666666666666666,k0p002250000_wqm0p666666667,timing__excess_time_delay__sin3,timing,-0.1891823735230095,-0.1895982821807677,-0.1897021601412184,0.00041590865775820163,0.00010387796045069342,0.01985406809252532,0.004958781361314543,0.24976147649969177,monotonic,converged
0.00225,-0.55,k0p002250000_wqm0p550000000,timing__excess_time_delay__sin3,timing,-0.1783040295380673,-0.178680578023704,-0.1787746218654223,0.00037654848563670185,9.404384171832203e-05,0.017975147029314145,0.004489333901396572,0.249752277078752,monotonic,converged
0.00225,-0.475,k0p002250000_wqm0p475000000,timing__excess_time_delay__sin3,timing,-0.1727779135566596,-0.1731354835314808,-0.1732247867419233,0.000357569974821198,8.93032104424818e-05,0.017069177319386144,0.00426303224982863,0.24975030548115135,monotonic,converged
0.00225,-0.45,k0p002250000_wqm0p450000000,timing__excess_time_delay__sin3,timing,-0.1716020499500328,-0.1719556652367345,-0.1720439806467026,0.00035361528670169173,8.831540996809273e-05,0.016880393927300504,0.004215878006908899,0.24974997769990417,monotonic,converged
0.0025,-0.7125,k0p002500000_wqm0p712500000,timing__excess_time_delay__sin3,timing,-0.0754290570136356,-0.0754552604765062,-0.0754618056910561,2.6203462870605376e-05,6.545214549888434e-06,0.0012508644058941787,0.0003124463338996455,0.2497843350785041,monotonic,converged
0.0025,-0.69,k0p002500000_wqm0p690000000,timing__excess_time_delay__sin3,timing,-0.1724339837170424,-0.1727924213435949,-0.1728819471116162,0.00035843762655249356,8.952576802129242e-05,0.017110596068989944,0.004273656393476013,0.24976665782095642,monotonic,converged
0.0025,-0.6666666666666666,k0p002500000_wqm0p666666667,timing__excess_time_delay__sin3,timing,-0.1883384915292041,-0.1887513823421545,-0.188854507077384,0.00041289081295040053,0.00010312473522949839,0.019710006421316758,0.004922824945039823,0.24976272659737403,monotonic,converged
0.0025,-0.58,k0p002500000_wqm0p580000000,timing__excess_time_delay__sin3,timing,-0.183093684194443,-0.1834867498224376,-0.1835849196206108,0.00039306562799459877,9.816979817320326e-05,0.018763619360799656,0.00468629306267864,0.24975421706054704,monotonic,converged
0.0025,-0.45,k0p002500000_wqm0p450000000,timing__excess_time_delay__sin3,timing,-0.1721601971947072,-0.1725155593837838,-0.1726043111086435,0.0003553621890765857,8.875172485969807e-05,0.016963785119224917,0.004236706199364444,0.24975005104037895,monotonic,converged
0.0,-0.7125,k0p000000000_wqm0p712500000,timing__arrival_time_relative__mean,timing,112.71611569832936,112.71733496949923,112.7176397758288,0.0012192711698730818,0.00030480632956653153,0.0003530497181037325,8.825911035106244e-05,0.24999059856246736,monotonic,converged
0.0,-0.69,k0p000000000_wqm0p690000000,timing__arrival_time_relative__mean,timing,112.71611569832936,112.71733496949923,112.7176397758288,0.0012192711698730818,0.00030480632956653153,0.0003530497181037325,8.825911035106244e-05,0.24999059856246736,monotonic,converged
0.0,-0.6666666666666666,k0p000000000_wqm0p666666667,timing__arrival_time_relative__mean,timing,112.71611569832936,112.71733496949923,112.7176397758288,0.0012192711698730818,0.00030480632956653153,0.0003530497181037325,8.825911035106244e-05,0.24999059856246736,monotonic,converged
0.0,-0.58,k0p000000000_wqm0p580000000,timing__arrival_time_relative__mean,timing,112.71611569832936,112.71733496949945,112.7176397758288,0.0012192711700862446,0.0003048063293533687,0.00035304971816545546,8.825911028933945e-05,0.24999059834393392,monotonic,converged
0.0,-0.45,k0p000000000_wqm0p450000000,timing__arrival_time_relative__mean,timing,112.71611569832936,112.71733496949923,112.7176397758288,0.0012192711698730818,0.00030480632956653153,0.0003530497181037325,8.825911035106244e-05,0.24999059856246736,monotonic,converged
0.00025,-0.58,k0p000250000_wqm0p580000000,timing__arrival_time_relative__mean,timing,112.8460844434626,112.84730880635418,112.84761488595451,0.0012243628915769023,0.00030607960033535164,0.0003545240668430565,8.862779608489183e-05,0.2499909156354293,monotonic,converged
0.0005,-0.7125,k0p000500000_wqm0p712500000,timing__arrival_time_relative__mean,timing,112.7986083164148,112.79984826905437,112.80015824898165,0.0012399526395654448,0.00030997992728032386,0.0003590382030488983,8.975716694386012e-05,0.24999336054396382,monotonic,converged
0.0005,-0.61,k0p000500000_wqm0p610000000,timing__arrival_time_relative__mean,timing,113.03324739350474,113.03447973741088,113.03478781291616,0.0012323439061390218,0.00030807550528777483,0.00035683503343601823,8.920572632569971e-05,0.24999150298311335,monotonic,converged
0.0005,-0.55,k0p000500000_wqm0p550000000,timing__arrival_time_relative__mean,timing,112.9240820595516,112.92530861473232,112.92561524252868,0.001226555180721789,0.00030662779636259074,0.00035515886169733377,8.878653062866235e-05,0.24999103275740925,monotonic,converged
0.0005,-0.5,k0p000500000_wqm0p500000000,timing__arrival_time_relative__mean,timing,112.83789437867873,112.83911768228592,112.83942349696753,0.0012233036071904735,0.00030581468161017256,0.00035421734257756,8.855108674938395e-05,0.2499908279617751,monotonic,converged
0.0005,-0.475,k0p000500000_wqm0p475000000,timing__arrival_time_relative__mean,timing,112.8031816973648,112.80440385089224,112.80470937798616,0.001222153527436376,0.0003055270939142929,0.000353884327787238,8.846781343211936e-05,0.24999076388968514,monotonic,converged
0.00075,-0.475,k0p000750000_wqm0p475000000,timing__arrival_time_relative__mean,timing,112.84722266816192,112.84844623330204,112.84875211338723,0.0012235651401226733,0.00030588008519316645,0.00035429307152963355,8.857002487989135e-05,0.2499908465539475,monotonic,converged
0.001,-0.58,k0p001000000_wqm0p580000000,timing__arrival_time_relative__mean,timing,113.26969370356382,113.2709317819732,113.27124129149117,0.0012380784093863895,0.00030950951796171466,0.0003584955047117877,8.962095616365638e-05,0.2499918548091896,monotonic,converged
0.00125,-0.7125,k0p001250000_wqm0p712500000,timing__arrival_time_relative__mean,timing,113.94613189868764,113.947339611787,113.9476415363062,0.0012077130993617402,0.0003019245191921982,0.0003497029863539143,8.742465911049658e-05,0.2499968902811116,monotonic,converged
0.00125,-0.58,k0p001250000_wqm0p580000000,timing__arrival_time_relative__mean,timing,113.4229945651864,113.42423666335289,113.42454717815046,0.0012420981664860165,0.0003105147975759337,0.00035965945752715404,8.991204291546762e-05,0.24999215517272844,monotonic,converged
0.00125,-0.45,k0p001250000_wqm0p450000000,timing__arrival_time_relative__mean,timing,112.86335187892976,112.8645760432746,112.8648820732216,0.0012241643448334116,0.00030602994699791,0.00035446657604564256,8.861341856394338e-05,0.24999090055964304,monotonic,converged
0.0015,-0.7125,k0p001500000_wqm0p712500000,timing__arrival_time_relative__mean,timing,114.82112383252446,114.82229211941116,114.82258418874736,0.0011682868866955687,0.0002920693361971871,0.0003382868111735083,8.457101205951977e-05,0.24999795814133308,monotonic,converged
0.0015,-0.61,k0p001500000_wqm0p610000000,timing__arrival_time_relative__mean,timing,113.81356635746184,113.81481791758702,113.8151307991051,0.0012515601251834596,0.0003128815180843958,0.0003623992433380407,9.059734576604667e-05,0.24999319792050115,monotonic,converged
0.0015,-0.5,k0p001500000_wqm0p500000000,timing__arrival_time_relative__mean,timing,113.09007096240896,113.09130189197566,113.09160961365905,0.0012309295667023434,0.00030772168338444317,0.00035642550014124326,8.910327436397311e-05,0.24999130064673694,monotonic,converged
0.00175,-0.7125,k0p001750000_wqm0p712500000,timing__arrival_time_relative__mean,timing,116.13307403462264,116.13417575910653,116.13445118915512,0.0011017244838882334,0.0002754300485889871,0.00031901313512170516,7.975297326333186e-05,0.24999902663225979,monotonic,converged
0.00175,-0.45,k0p001750000_wqm0p450000000,timing__arrival_time_relative__mean,timing,112.92331685834124,112.92454290384092,112.9248494042099,0.0012260454996777526,0.0003065003689783907,0.00035501127947496516,8.87496330104933e-05,0.24999102321973343,monotonic,converged
0.002,-0.7125,k0p002000000_wqm0p712500000,timing__arrival_time_relative__mean,timing,118.12984684051304,118.13083267570552,118.13107913471028,0.000985835192480522,0.0002464590047566162,0.00028545646399415545,7.136417583178582e-05,0.25000020960550734,monotonic,converged
0.002,-0.69,k0p002000000_wqm0p690000000,timing__arrival_time_relative__mean,timing,116.16965526330031,116.17082069165096,116.1711120466553,0.001165428350645925,0.00029135500433596917,0.0003374590991997879,8.436417155638399e-05,0.24999821239502973,monotonic,converged
0.002,-0.45,k0p002000000_wqm0p450000000,timing__arrival_time_relative__mean,timing,112.95353235237896,112.95475932201856,112.955066053494,0.001226969639603226,0.00030673147543325285,0.00035527887158100235,8.881655173272431e-05,0.24999108823299232,monotonic,converged
0.00225,-0.7125,k0p002250000_wqm0p712500000,timing__arrival_time_relative__mean,timing,121.32127698659352,121.32203267954054,121.32222160423524,0.0007556929470240448,0.00018892469469733442,0.00021881693630760554,5.470465623547111e-05,0.25000192927739895,monotonic,converged
0.00225,-0.69,k0p002250000_wqm0p690000000,timing__arrival_time_relative__mean,timing,117.4395055029795,117.44061611395584,117.44089376564445,0.0011106109763403538,0.0002776516886058289,0.0003215862900790873,8.039626689731124e-05,0.24999904964088954,monotonic,converged
0.00225,-0.6666666666666666,k0p002250000_wqm0p666666667,timing__arrival_time_relative__mean,timing,115.99463213609371,115.99584407407067,115.99614705531192,0.001211937976961508,0.000302981241247835,0.00035092633345050483,8.773064143262053e-05,0.2499973158753964,monotonic,converged
0.00225,-0.55,k0p002250000_wqm0p550000000,timing__arrival_time_relative__mean,timing,113.7419063450522,113.74315429888,113.74346627799768,0.0012479538278000746,0.0003119791176828812,0.0003613550110900701,9.033604851302904e-05,0.24999251633599787,monotonic,converged
0.00225,-0.475,k0p002250000_wqm0p475000000,timing__arrival_time_relative__mean,timing,113.11878203210408,113.12001364586718,113.12032153865974,0.0012316137630961066,0.000307892792562825,0.00035662361467877536,8.915282039498354e-05,0.24999135426095362,monotonic,converged
0.00225,-0.45,k0p002250000_wqm0p450000000,timing__arrival_time_relative__mean,timing,112.98390441234812,112.98513229515754,112.985439254984,0.0012278828094167693,0.0003069598264602291,0.0003555432872033991,8.888267259877502e-05,0.24999114256354124,monotonic,converged
0.0025,-0.7125,k0p002500000_wqm0p712500000,timing__arrival_time_relative__mean,timing,127.07709059879492,127.0771806833218,127.07720320527456,9.008452687453428e-05,2.2521952757870167e-05,2.608469518874383e-05,6.521411535663005e-06,0.25000911409833726,monotonic,converged
0.0025,-0.69,k0p002500000_wqm0p690000000,timing__arrival_time_relative__mean,timing,119.15044116993334,119.15146635303988,119.15172264876811,0.001025183106534655,0.0002562957282350453,0.00029684996718526885,7.421247778211018e-05,0.24999995279026924,monotonic,converged
0.0025,-0.6666666666666666,k0p002500000_wqm0p666666667,timing__arrival_time_relative__mean,timing,116.81800956529912,116.81919680850795,116.81949361687975,0.0011872432088324558,0.000296808371800239,0.00034377576584747815,8.594323771783267e-05,0.24999795289806093,monotonic,converged
0.0025,-0.58,k0p002500000_wqm0p580000000,timing__arrival_time_relative__mean,timing,114.29391007713971,114.2951676096162,114.29548198466486,0.0012575324764867446,0.00031437504866005384,0.0003641285854205413,9.102980948842785e-05,0.24999358230361185,monotonic,converged
0.0025,-0.45,k0p002500000_wqm0p450000000,timing__arrival_time_relative__mean,timing,113.01443397175834,113.01566275667145,113.01596994208803,0.0012287849131098483,0.00030718541658814047,0.00035580449854211626,8.894799402442178e-05,0.24999120131667776,monotonic,converged
0.0,-0.7125,k0p000000000_wqm0p712500000,timing__arrival_time_relative__amplitude,timing,92.65689907927882,92.656899079225,92.65689907922469,5.381650680646999e-11,3.126388037344441e-13,1.0412931807978692e-11,6.049234216412232e-14,0.005809347768682334,monotonic,converged
0.0,-0.69,k0p000000000_wqm0p690000000,timing__arrival_time_relative__amplitude,timing,92.65689907927882,92.656899079225,92.65689907922469,5.381650680646999e-11,3.126388037344441e-13,1.0412931807978692e-11,6.049234216412232e-14,0.005809347768682334,monotonic,converged
0.0,-0.6666666666666666,k0p000000000_wqm0p666666667,timing__arrival_time_relative__amplitude,timing,92.65689907927882,92.656899079225,92.65689907922469,5.381650680646999e-11,3.126388037344441e-13,1.0412931807978692e-11,6.049234216412232e-14,0.005809347768682334,monotonic,converged
0.0,-0.58,k0p000000000_wqm0p580000000,timing__arrival_time_relative__amplitude,timing,92.65689907927882,92.65689907922494,92.65689907922469,5.3873350225330796e-11,2.5579538487363607e-13,1.0423930415644897e-11,4.9493734497918264e-14,0.00474808757583751,monotonic,converged
0.0,-0.45,k0p000000000_wqm0p450000000,timing__arrival_time_relative__amplitude,timing,92.65689907927882,92.656899079225,92.65689907922469,5.381650680646999e-11,3.126388037344441e-13,1.0412931807978692e-11,6.049234216412232e-14,0.005809347768682334,monotonic,converged
0.00025,-0.58,k0p000250000_wqm0p580000000,timing__arrival_time_relative__amplitude,timing,92.7600606537352,92.76006065368334,92.76006065368315,5.185540885577211e-11,1.8474111129762605e-13,1.0033479843494653e-11,3.574547491516319e-14,0.00356261989586188,monotonic,converged
0.0005,-0.7125,k0p000500000_wqm0p712500000,timing__arrival_time_relative__amplitude,timing,92.8102563121425,92.81025631210228,92.81025631210208,4.021671884402167e-11,1.9895196601282805e-13,7.781514923839371e-12,3.84951268317142e-14,0.0049469964664310955,monotonic,converged
0.0005,-0.61,k0p000500000_wqm0p610000000,timing__arrival_time_relative__amplitude,timing,92.91508722487146,92.91508722482163,92.91508722482142,4.9823256631498225e-11,2.1316282072803006e-13,9.640279619427857e-12,4.124477874826522e-14,0.004278379920136908,monotonic,converged
0.0005,-0.55,k0p000500000_wqm0p550000000,timing__arrival_time_relative__amplitude,timing,92.82361627757088,92.82361627751824,92.82361627751814,5.263700586510822e-11,9.947598300641403e-14,1.018471069890496e-11,1.92475634158571e-14,0.0018898488120950325,monotonic,converged
0.0005,-0.5,k0p000500000_wqm0p500000000,timing__arrival_time_relative__amplitude,timing,92.75388627988012,92.75388627982612,92.753886279826,5.4001247917767614e-11,1.1368683772161603e-13,1.0448677282893856e-11,2.1997215332408117e-14,0.002105263157894737,monotonic,converged
0.0005,-0.475,k0p000500000_wqm0p475000000,timing__arrival_time_relative__amplitude,timing,92.72591246069337,92.72591246063942,92.72591246063914,5.3944404498906806e-11,2.8421709430404007e-13,1.0437678675227652e-11,5.4993038331020295e-14,0.005268703898840885,monotonic,converged
0.00075,-0.475,k0p000750000_wqm0p475000000,timing__arrival_time_relative__amplitude,timing,92.7611727363842,92.7611727363304,92.7611727363302,5.3802295951754786e-11,1.9895196601282805e-13,1.0410182156062141e-11,3.84951268317142e-14,0.0036978341257263604,monotonic,converged
0.001,-0.58,k0p001000000_wqm0p580000000,timing__arrival_time_relative__amplitude,timing,93.11634084885137,93.11634084880298,93.11634084880276,4.838796030526282e-11,2.1316282072803006e-13,9.362564775856205e-12,4.124477874826522e-14,0.004405286343612335,monotonic,converged
0.00125,-0.7125,k0p001250000_wqm0p712500000,timing__arrival_time_relative__amplitude,timing,94.68595863271447,94.68595863269204,94.68595863269192,2.2438939595303964e-11,1.1368683772161603e-13,4.341700376234052e-12,2.1997215332408117e-14,0.00506649778340722,monotonic,converged
0.00125,-0.58,k0p001250000_wqm0p580000000,timing__arrival_time_relative__amplitude,timing,93.25193174314344,93.25193174309706,93.2519317430968,4.638422979041934e-11,2.5579538487363607e-13,8.974863855622512e-12,4.9493734497918264e-14,0.0055147058823529415,monotonic,converged
0.00125,-0.45,k0p001250000_wqm0p450000000,timing__arrival_time_relative__amplitude,timing,92.77358067396904,92.7735806739164,92.77358067391611,5.263700586510822e-11,2.8421709430404007e-13,1.018471069890496e-11,5.4993038331020295e-14,0.005399568034557235,monotonic,converged
0.0015,-0.7125,k0p001500000_wqm0p712500000,timing__arrival_time_relative__amplitude,timing,96.11513910524484,96.11513910522734,96.11513910522726,1.7493562154413667e-11,8.526512829121202e-14,3.384821509274299e-12,1.649791149930609e-14,0.00487408610885459,monotonic,converged
0.0015,-0.61,k0p001500000_wqm0p610000000,timing__arrival_time_relative__amplitude,timing,93.637648633781,93.6376486337395,93.63764863373927,4.149569576838985e-11,2.2737367544323206e-13,8.028983596328963e-12,4.3994430664816234e-14,0.005479452054794521,monotonic,converged
0.0015,-0.5,k0p001500000_wqm0p500000000,timing__arrival_time_relative__amplitude,timing,92.96013370916508,92.96013370911456,92.96013370911446,5.051958851254312e-11,9.947598300641403e-14,9.775012563338857e-12,1.92475634158571e-14,0.001969057665260197,monotonic,converged
0.00175,-0.7125,k0p001750000_wqm0p712500000,timing__arrival_time_relative__amplitude,timing,98.28923447466164,98.28923447464936,98.28923447464926,1.2278178473934531e-11,9.947598300641403e-14,2.3756992559000766e-12,1.92475634158571e-14,0.008101851851851851,monotonic,converged
0.00175,-0.45,k0p001750000_wqm0p450000000,timing__arrival_time_relative__amplitude,timing,92.8219615070916,92.82196150703912,92.8219615070388,5.2480686463241e-11,3.268496584496461e-13,1.0154464527822897e-11,6.324199408067334e-14,0.006227998916869754,monotonic,converged
0.002,-0.7125,k0p002000000_wqm0p712500000,timing__arrival_time_relative__amplitude,timing,101.7010602563412,101.70106025633362,101.70106025633358,7.574385563202668e-12,4.263256414560601e-14,1.4655644715216908e-12,8.248955749653045e-15,0.005628517823639775,monotonic,converged
0.002,-0.69,k0p002000000_wqm0p690000000,timing__arrival_time_relative__amplitude,timing,97.48226650307528,97.48226650305854,97.48226650305844,1.674038685450796e-11,9.947598300641403e-14,3.2390899576970954e-12,1.92475634158571e-14,0.005942275042444821,monotonic,converged
0.002,-0.45,k0p002000000_wqm0p450000000,timing__arrival_time_relative__amplitude,timing,92.8465233503728,92.8465233503205,92.8465233503203,5.2310156206658576e-11,1.9895196601282805e-13,1.0121468704824285e-11,3.84951268317142e-14,0.0038033143167617496,monotonic,converged
0.00225,-0.7125,k0p002250000_wqm0p712500000,timing__arrival_time_relative__amplitude,timing,107.49785425197123,107.49785425196828,107.49785425196828,2.9558577807620168e-12,0.0,5.71927598642611e-13,0.0,0.0,monotonic,converged
0.00225,-0.69,k0p002250000_wqm0p690000000,timing__arrival_time_relative__amplitude,timing,99.45040894949692,99.45040894948418,99.4504089494842,1.2732925824820995e-11,1.4210854715202004e-14,2.463688117229709e-12,2.7496519165510146e-15,0.0011160714285714285,non-monotonic,converged
0.00225,-0.6666666666666666,k0p002250000_wqm0p666666667,timing__arrival_time_relative__amplitude,timing,96.66688737492558,96.66688737490384,96.6668873749038,2.1742607714259066e-11,4.263256414560601e-14,4.2069674323230525e-12,8.248955749653045e-15,0.00196078431372549,monotonic,converged
0.00225,-0.55,k0p002250000_wqm0p550000000,timing__arrival_time_relative__amplitude,timing,93.53177212046891,93.53177212042388,93.5317721204237,4.503419859247515e-11,1.8474111129762605e-13,8.713646923550165e-12,3.574547491516319e-14,0.0041022404544020195,monotonic,converged
0.00225,-0.475,k0p002250000_wqm0p475000000,timing__arrival_time_relative__amplitude,timing,92.9835762865289,92.98357628647908,92.98357628647886,4.9823256631498225e-11,2.1316282072803006e-13,9.640279619427857e-12,4.124477874826522e-14,0.004278379920136908,monotonic,converged
0.00225,-0.45,k0p002250000_wqm0p450000000,timing__arrival_time_relative__amplitude,timing,92.871334650358,92.87133465030531,92.87133465030506,5.267963842925383e-11,2.5579538487363607e-13,1.0192959654654612e-11,4.9493734497918264e-14,0.0048556784461828975,monotonic,converged
0.0025,-0.7125,k0p002500000_wqm0p712500000,timing__arrival_time_relative__amplitude,timing,119.51630339761176,119.51630339761049,119.51630339786492,1.2789769243681803e-12,2.544311428209767e-10,2.474686724895913e-13,4.9229767913929365e-11,198.93333333333334,non-monotonic,converged
0.0025,-0.69,k0p002500000_wqm0p690000000,timing__arrival_time_relative__amplitude,timing,102.20221272574106,102.2022127257324,102.2022127257324,8.668621376273222e-12,0.0,1.677287669096119e-12,0.0,0.0,monotonic,converged
0.0025,-0.6666666666666666,k0p002500000_wqm0p666666667,timing__arrival_time_relative__amplitude,timing,97.82513678589994,97.82513678588154,97.82513678588144,1.8403056856186595e-11,9.947598300641403e-14,3.560799231933564e-12,1.92475634158571e-14,0.005405405405405406,monotonic,converged
0.0025,-0.58,k0p002500000_wqm0p580000000,timing__arrival_time_relative__amplitude,timing,94.07592040406053,94.07592040401966,94.07592040401951,4.087041816092096e-11,1.4210854715202004e-13,7.907998912000719e-12,2.7496519165510148e-14,0.0034770514603616135,monotonic,converged
0.0025,-0.45,k0p002500000_wqm0p450000000,timing__arrival_time_relative__amplitude,timing,92.896396805049,92.89639680499542,92.89639680499522,5.3574922276311554e-11,1.9895196601282805e-13,1.0366187725397326e-11,3.84951268317142e-14,0.003713527851458886,monotonic,converged
0.0,-0.7125,k0p000000000_wqm0p712500000,timing__arrival_time_relative__cos1,timing,-15.656326684150546,-15.653887200961195,-15.653277529537574,0.002439483189350611,0.0006096714236214495,0.0025040876348802073,0.0006258172550214144,0.24991827214998918,monotonic,converged
0.0,-0.69,k0p000000000_wqm0p690000000,timing__arrival_time_relative__cos1,timing,-15.656326684150546,-15.653887200961195,-15.653277529537574,0.002439483189350611,0.0006096714236214495,0.0025040876348802073,0.0006258172550214144,0.24991827214998918,monotonic,converged
0.0,-0.6666666666666666,k0p000000000_wqm0p666666667,timing__arrival_time_relative__cos1,timing,-15.656326684150546,-15.653887200961195,-15.653277529537574,0.002439483189350611,0.0006096714236214495,0.0025040876348802073,0.0006258172550214144,0.24991827214998918,monotonic,converged
0.0,-0.58,k0p000000000_wqm0p580000000,timing__arrival_time_relative__cos1,timing,-15.656326684150546,-15.653887200961671,-15.653277529537574,0.002439483188874547,0.0006096714240975132,0.002504087634391536,0.0006258172555100856,0.24991827239390996,monotonic,converged
0.0,-0.45,k0p000000000_wqm0p450000000,timing__arrival_time_relative__cos1,timing,-15.656326684150546,-15.653887200961195,-15.653277529537574,0.002439483189350611,0.0006096714236214495,0.0025040876348802073,0.0006258172550214144,0.24991827214998918,monotonic,converged
0.00025,-0.58,k0p000250000_wqm0p580000000,timing__arrival_time_relative__cos1,timing,-15.677830174938032,-15.67538050442668,-15.67476828621384,0.002449670511351698,0.0006122182128400766,0.002514544746110499,0.0006284314904540873,0.24991859517558634,monotonic,converged
0.0005,-0.7125,k0p000500000_wqm0p712500000,timing__arrival_time_relative__cos1,timing,-15.625793517650155,-15.623312655655354,-15.62269263603403,0.0024808619948011312,0.0006200196213246301,0.0025465622686580056,0.0006364395023994454,0.24992104463042958,monotonic,converged
0.0005,-0.61,k0p000500000_wqm0p610000000,timing__arrival_time_relative__cos1,timing,-15.705151920164024,-15.702686281456613,-15.702070071055113,0.002465638707411344,0.0006162104014997283,0.002530935825368129,0.0006325294036114245,0.2499191790133288,monotonic,converged
0.0005,-0.55,k0p000500000_wqm0p550000000,timing__arrival_time_relative__cos1,timing,-15.689570074853131,-15.687116018080816,-15.68650270336814,0.0024540567723150275,0.0006133147126767824,0.0025190471677256914,0.0006295570287216718,0.24991871402315347,monotonic,converged
0.0005,-0.5,k0p000500000_wqm0p500000000,timing__arrival_time_relative__cos1,timing,-15.676476004502222,-15.674028453386896,-15.673416765060084,0.0024475511153259077,0.0006116883268116879,0.0025123692224566516,0.0006278875715382382,0.2499185095589873,monotonic,converged
0.0005,-0.475,k0p000500000_wqm0p475000000,timing__arrival_time_relative__cos1,timing,-15.671221141024546,-15.668775890939592,-15.668164777845716,0.002445250084953443,0.0006111130938766252,0.0025100072542625987,0.0006272971048007937,0.24991844295887658,monotonic,converged
0.00075,-0.475,k0p000750000_wqm0p475000000,timing__arrival_time_relative__cos1,timing,-15.67852337706971,-15.676075302645458,-15.675463483501373,0.0024480744242527663,0.0006118191440851461,0.002512906390090636,0.000628021853224755,0.24991852291087666,monotonic,converged
0.001,-0.58,k0p001000000_wqm0p580000000,timing__arrival_time_relative__cos1,timing,-15.734785436001957,-15.732308323871829,-15.731689245168164,0.002477112130128134,0.0006190787036643997,0.002542713096914942,0.000635473666566385,0.24991953175425147,monotonic,converged
0.00125,-0.7125,k0p001250000_wqm0p712500000,timing__arrival_time_relative__cos1,timing,-15.171375446426948,-15.168959088432748,-15.168355181186085,0.0024163579941998137,0.0006039072466634821,0.0024803500188621532,0.0006199004262813279,0.24992457579261482,monotonic,converged
0.00125,-0.58,k0p001250000_wqm0p580000000,timing__arrival_time_relative__cos1,timing,-15.750988080913997,-15.748502926181814,-15.747881836726265,0.0024851547321826928,0.0006210894555493951,0.0025509686899212805,0.0006375376688739268,0.24991983296102327,monotonic,converged
0.00125,-0.45,k0p001250000_wqm0p450000000,timing__arrival_time_relative__cos1,timing,-15.682386817511093,-15.679937544241438,-15.67932542534899,0.002449273269654384,0.0006121188924481658,0.0025141369843244593,0.0006283295397760253,0.249918577903127,monotonic,converged
0.0015,-0.7125,k0p001500000_wqm0p712500000,timing__arrival_time_relative__cos1,timing,-14.801047695406126,-14.798710220298634,-14.798126025316025,0.0023374751074918265,0.0005841949826095316,0.0023993780892044994,0.0005996661254718474,0.24992564872119152,monotonic,converged
0.0015,-0.61,k0p001500000_wqm0p610000000,timing__arrival_time_relative__cos1,timing,-15.7671259010259,-15.764621815075026,-15.76399599171278,0.0025040859508731472,0.0006258233622453702,0.0025704012610670564,0.0006423969428684417,0.24992087912443758,monotonic,converged
0.0015,-0.5,k0p001500000_wqm0p500000000,timing__arrival_time_relative__cos1,timing,-15.71464016432336,-15.71217735537412,-15.711561852682175,0.002462808949239559,0.0006155026919447693,0.002528031127160492,0.0006318029518968172,0.2499189765145274,monotonic,converged
0.00175,-0.7125,k0p001750000_wqm0p712500000,timing__arrival_time_relative__cos1,timing,-14.207788730210815,-14.205584431338732,-14.205033518138128,0.002204298872083399,0.000550913200603631,0.0022626749687231023,0.0005655029473234711,0.24992672617163478,monotonic,converged
0.00175,-0.45,k0p001750000_wqm0p450000000,timing__arrival_time_relative__cos1,timing,-15.692426568166908,-15.68997353109002,-15.689360471257976,0.0024530370768882648,0.0006130598320446268,0.00251800046786703,0.0006292953981262499,0.2499186978544603,monotonic,converged
0.002,-0.7125,k0p002000000_wqm0p712500000,timing__arrival_time_relative__cos1,timing,-13.215660734298742,-13.213688303318378,-13.21319533779408,0.0019724309803645923,0.0004929655242982278,0.0020246665564850304,0.0005060206519176856,0.2499278956808446,monotonic,converged
0.002,-0.69,k0p002000000_wqm0p690000000,timing__arrival_time_relative__cos1,timing,-14.80471399912243,-14.802382243263215,-14.80179947709099,0.002331755859215079,0.000582766172225746,0.0023935073789847555,0.000598199476129788,0.24992589593917355,monotonic,converged
0.002,-0.45,k0p002000000_wqm0p450000000,timing__arrival_time_relative__cos1,timing,-15.697362716892384,-15.694907830813197,-15.694294308730134,0.002454886079187091,0.0006135220830625343,0.002519898436999823,0.0006297698908643866,0.24991875927118198,monotonic,converged
0.00225,-0.7125,k0p002250000_wqm0p712500000,timing__arrival_time_relative__cos1,timing,-11.396408432272665,-11.394896463264496,-11.39451857747666,0.0015119690081686343,0.0003778857878362629,0.0015520102430732583,0.0003878932770877774,0.24992958572211435,monotonic,converged
0.00225,-0.69,k0p002250000_wqm0p690000000,timing__arrival_time_relative__cos1,timing,-14.325560424520116,-14.323338345739971,-14.3227829888318,0.0022220787801447983,0.0005553569081708787,0.0022809257392634435,0.0005700643368918619,0.24992674118182692,monotonic,converged
0.00225,-0.6666666666666666,k0p002250000_wqm0p666666667,timing__arrival_time_relative__cos1,timing,-15.247343092006334,-15.24491828103922,-15.24431226014066,0.0024248109671134443,0.0006060208985605442,0.0024890268505137927,0.0006220700536855992,0.24992500726024292,monotonic,converged
0.00225,-0.55,k0p002250000_wqm0p550000000,timing__arrival_time_relative__cos1,timing,-15.785646432295684,-15.783149561751786,-15.78252554337138,0.002496870543897245,0.0006240183804067101,0.002562994769615154,0.0006405441599826637,0.24992019787806455,monotonic,converged
0.00225,-0.475,k0p002250000_wqm0p475000000,timing__arrival_time_relative__cos1,timing,-15.720240080853916,-15.717775902988382,-15.717160058044138,0.0024641778655336566,0.0006158449442441594,0.002529436296247207,0.0006321542680094485,0.2499190309506284,monotonic,converged
0.00225,-0.45,k0p002250000_wqm0p450000000,timing__arrival_time_relative__cos1,timing,-15.702242575681348,-15.699785862628294,-15.699171883798725,0.0024567130530535053,0.0006139788295698168,0.0025217737943247307,0.0006302387333168181,0.24991882092484846,monotonic,converged
0.0025,-0.7125,k0p002500000_wqm0p712500000,timing__arrival_time_relative__cos1,timing,-7.322454120312958,-7.3222738814789725,-7.322228833315552,0.00018023883398576857,4.5048163420879916e-05,0.00018501207037591204,4.6241166772014845e-05,0.24993594568214342,monotonic,converged
0.0025,-0.69,k0p002500000_wqm0p690000000,timing__arrival_time_relative__cos1,timing,-13.59957833962078,-13.597527182503216,-13.597014541641684,0.0020511571175649834,0.0005126408615314659,0.002105477585462795,0.0005262170479793304,0.24992764188637284,monotonic,converged
0.0025,-0.6666666666666666,k0p002500000_wqm0p666666667,timing__arrival_time_relative__cos1,timing,-15.02640853712426,-15.024033134749422,-15.023439460780464,0.0023754023748381314,0.0005936739689573756,0.0024383097783431157,0.000609396142308386,0.24992564428072137,monotonic,converged
0.0025,-0.58,k0p002500000_wqm0p580000000,timing__arrival_time_relative__cos1,timing,-15.806695396494211,-15.80417936128698,-15.803550550583475,0.002516035207230871,0.0006288107035050672,0.0025826669676814787,0.0006454633974118592,0.24992126568734757,monotonic,converged
0.0025,-0.45,k0p002500000_wqm0p450000000,timing__arrival_time_relative__cos1,timing,-15.707065784474066,-15.704607266493047,-15.703992836432768,0.002458517981018815,0.0006144300602795028,0.0025236265219104395,0.0006307019138976622,0.24991888000139076,monotonic,converged
0.0,-0.7125,k0p000000000_wqm0p712500000,timing__arrival_time_relative__sin1,timing,-58.15832439275465,-58.18106883132219,-58.1867543757909,0.022744438567542602,0.0056855444687045065,0.003845249106927731,0.0009612167267070948,0.2499751511482921,monotonic,converged
0.0,-0.69,k0p000000000_wqm0p690000000,timing__arrival_time_relative__sin1,timing,-58.15832439275465,-58.18106883132219,-58.1867543757909,0.022744438567542602,0.0056855444687045065,0.003845249106927731,0.0009612167267070948,0.2499751511482921,monotonic,converged
0.0,-0.6666666666666666,k0p000000000_wqm0p666666667,timing__arrival_time_relative__sin1,timing,-58.15832439275465,-58.18106883132219,-58.1867543757909,0.022744438567542602,0.0056855444687045065,0.003845249106927731,0.0009612167267070948,0.2499751511482921,monotonic,converged
0.0,-0.58,k0p000000000_wqm0p580000000,timing__arrival_time_relative__sin1,timing,-58.15832439275465,-58.18106883132209,-58.1867543757909,0.02274443856743602,0.005685544468811088,0.003845249106909712,0.0009612167267251138,0.24997515115414956,monotonic,converged
0.0,-0.45,k0p000000000_wqm0p450000000,timing__arrival_time_relative__sin1,timing,-58.15832439275465,-58.18106883132219,-58.1867543757909,0.022744438567542602,0.0056855444687045065,0.003845249106927731,0.0009612167267070948,0.2499751511482921,monotonic,converged
0.00025,-0.58,k0p000250000_wqm0p580000000,timing__arrival_time_relative__sin1,timing,-58.29528427989237,-58.31805404633976,-58.3237459212374,0.022769766447389372,0.00569187489764289,0.003849531121059315,0.0009622869697095545,0.24997511111035053,monotonic,converged
0.0005,-0.7125,k0p000500000_wqm0p712500000,timing__arrival_time_relative__sin1,timing,-58.958464975307,-58.9812470974713,-58.98694205457677,0.022782122164294094,0.005694957105475851,0.0038516200189343823,0.0009628080578376199,0.24997482957937203,monotonic,converged
0.0005,-0.61,k0p000500000_wqm0p610000000,timing__arrival_time_relative__sin1,timing,-58.529593856434616,-58.552401685822026,-58.558103073887466,0.02280782938741055,0.005701388065439517,0.0038559661660787312,0.0009638952969437222,0.249975040088057,monotonic,converged
0.0005,-0.55,k0p000500000_wqm0p550000000,timing__arrival_time_relative__sin1,timing,-58.36392943787519,-58.38671480722838,-58.39241058209952,0.02278536935318698,0.005695774871142589,0.003852168999299552,0.0009629463119734767,0.2499750951083847,monotonic,converged
0.0005,-0.5,k0p000500000_wqm0p500000000,timing__arrival_time_relative__sin1,timing,-58.27341435765927,-58.29618260736993,-58.30187410333052,0.022768249710658495,0.005691495960590487,0.0038492746965913057,0.0009622229053732111,0.2499751203065086,monotonic,converged
0.0005,-0.475,k0p000500000_wqm0p475000000,timing__arrival_time_relative__sin1,timing,-58.24122399389128,-58.2639853759044,-58.26967515529431,0.022761382013115394,0.005689779389911109,0.0038481136212028836,0.0009619326963248649,0.24997512833942098,monotonic,converged
0.00075,-0.475,k0p000750000_wqm0p475000000,timing__arrival_time_relative__sin1,timing,-58.28324037966446,-58.30601041837725,-58.31170236146805,0.02277003871278538,0.005691943090802454,0.0038495771511368538,0.0009622984986679473,0.2499751169771366,monotonic,converged
0.001,-0.58,k0p001000000_wqm0p580000000,timing__arrival_time_relative__sin1,timing,-58.743393027693976,-58.76625026405284,-58.77196400162977,0.022857236358866828,0.005713737576925837,0.0038643190701218044,0.0009659831457104767,0.2499749964176816,monotonic,converged
0.00125,-0.7125,k0p001250000_wqm0p712500000,timing__arrival_time_relative__sin1,timing,-61.48722687104475,-61.51046946291716,-61.5162795181182,0.0232425918724104,0.005810055201045827,0.0039294685324795025,0.0009822669179842547,0.24997449651656636,monotonic,converged
0.00125,-0.58,k0p001250000_wqm0p580000000,timing__arrival_time_relative__sin1,timing,-58.90615300166246,-58.929043525911005,-58.93476558379575,0.02289052424854532,0.005722057884746334,0.0038699468295267073,0.0009673898041391349,0.24997496005841668,monotonic,converged
0.00125,-0.45,k0p001250000_wqm0p450000000,timing__arrival_time_relative__sin1,timing,-58.30396586626003,-58.326738951661305,-58.33243165617761,0.022773085401276205,0.005692704516306435,0.0038500922342488706,0.0009624272277517838,0.24997510947670779,monotonic,converged
0.0015,-0.7125,k0p001500000_wqm0p712500000,timing__arrival_time_relative__sin1,timing,-62.95258439119705,-62.97617781254405,-62.982075564644255,0.02359342134700171,0.0058977521002034905,0.003988780909870136,0.0009970932423256941,0.24997443200212194,monotonic,converged
0.0015,-0.61,k0p001500000_wqm0p610000000,timing__arrival_time_relative__sin1,timing,-59.43744928823279,-59.46043450894208,-59.4661802358258,0.022985220709287546,0.005745726883723989,0.003885956522622315,0.0009713913624502106,0.24997484063323946,monotonic,converged
0.0015,-0.5,k0p001500000_wqm0p500000000,timing__arrival_time_relative__sin1,timing,-58.51301265672234,-58.53583154120088,-58.54153569322091,0.022818884478539303,0.005704152020030051,0.0038578351759100183,0.0009643625801386571,0.24997506014786525,monotonic,converged
0.00175,-0.7125,k0p001750000_wqm0p712500000,timing__arrival_time_relative__sin1,timing,-64.96107146117856,-64.98519856285031,-64.99122972059094,0.024127101671751916,0.0060311577406224615,0.004079006649495959,0.0010196472358286253,0.24997439902546434,monotonic,converged
0.00175,-0.45,k0p001750000_wqm0p450000000,timing__arrival_time_relative__sin1,timing,-58.36347264455844,-58.38625760798272,-58.391953281331695,0.022784963424278715,0.00569567334897414,0.0038521003716318544,0.0009629291483039315,0.24997509291171674,monotonic,converged
0.002,-0.7125,k0p002000000_wqm0p712500000,timing__arrival_time_relative__sin1,timing,-67.81174755149398,-67.83671215338752,-67.84295266514604,0.02496460189354366,0.006240511758520029,0.004220597173717214,0.0010550413102069286,0.24997441517919614,monotonic,converged
0.002,-0.69,k0p002000000_wqm0p690000000,timing__arrival_time_relative__sin1,timing,-63.98436804969872,-64.00829706180137,-64.0142787027454,0.023929012102648528,0.005981640944028754,0.0040455169796399845,0.0010112757643889394,0.24997442094012273,monotonic,converged
0.002,-0.45,k0p002000000_wqm0p450000000,timing__arrival_time_relative__sin1,timing,-58.39349826841033,-58.4162892620211,-58.42198644257859,0.022790993610769306,0.005697180557490356,0.003853119854664979,0.0009631839619008344,0.24997508466670348,monotonic,converged
0.00225,-0.7125,k0p002250000_wqm0p712500000,timing__arrival_time_relative__sin1,timing,-72.109781137622,-72.13616865974761,-72.14276486917583,0.026387522125617124,0.006596209428224142,0.0044611607178716055,0.0011151767205712828,0.2499745674043609,monotonic,converged
0.00225,-0.69,k0p002250000_wqm0p690000000,timing__arrival_time_relative__sin1,timing,-65.73906059263436,-65.76347272823378,-65.7695751371728,0.02441213559941957,0.006102408939014481,0.004127195416721554,0.0010316931962585049,0.24997439958344214,monotonic,converged
0.00225,-0.6666666666666666,k0p002250000_wqm0p666666667,timing__arrival_time_relative__sin1,timing,-62.98605544248231,-63.00978429755894,-63.01571590540941,0.023728855076626587,0.005931607850470755,0.004011677778761467,0.0010028170060973507,0.24997446490005795,monotonic,converged
0.00225,-0.55,k0p002250000_wqm0p550000000,timing__arrival_time_relative__sin1,timing,-59.1817190909984,-59.20467831323189,-59.21041754283269,0.022959222233488674,0.0057392296007989785,0.0038815611353477416,0.0009702929105675377,0.24997491389005547,monotonic,converged
0.00225,-0.475,k0p002250000_wqm0p475000000,timing__arrival_time_relative__sin1,timing,-58.54350411471554,-58.56632875474834,-58.57203434530526,0.022824640032801824,0.005705590556921436,0.003858808228721241,0.0009646057838862658,0.2499750510291421,monotonic,converged
0.00225,-0.45,k0p002250000_wqm0p450000000,timing__arrival_time_relative__sin1,timing,-58.42370685976257,-58.44650394474366,-58.45220264781489,0.022797084981093008,0.005698703071232103,0.0038541496816368614,0.000963441363049179,0.24997507689945359,monotonic,converged
0.0025,-0.7125,k0p002500000_wqm0p712500000,timing__arrival_time_relative__sin1,timing,-79.40586187186027,-79.4351993920787,-79.44253305836828,0.02933752021843361,0.007333666289582652,0.00495989703524234,0.0012398535873629397,0.24997567057404865,monotonic,converged
0.0025,-0.69,k0p002500000_wqm0p690000000,timing__arrival_time_relative__sin1,timing,-68.02825277011321,-68.05334039095256,-68.05961165413814,0.025087620839343572,0.006271263185581688,0.004241395158686927,0.0010602402469533534,0.24997440872299864,monotonic,converged
0.0025,-0.6666666666666666,k0p002500000_wqm0p666666667,timing__arrival_time_relative__sin1,timing,-64.07326980593099,-64.09728298126306,-64.10328566109773,0.02401317533207248,0.006002679834665514,0.004059745890229161,0.0010148326679894177,0.24997443077210263,monotonic,converged
0.0025,-0.58,k0p002500000_wqm0p580000000,timing__arrival_time_relative__sin1,timing,-59.83598338450155,-59.85907619355581,-59.86484881372396,0.023092809054254815,0.005772620168151832,0.003904145759792214,0.0009759380289955914,0.2499747932176417,monotonic,converged
0.0025,-0.45,k0p002500000_wqm0p450000000,timing__arrival_time_relative__sin1,timing,-58.45409954006679,-58.47690277802776,-58.48260301900642,0.022803237960964395,0.005700240978661952,0.0038551899245201993,0.0009637013667047366,0.24997506882223833,monotonic,converged
0.0,-0.7125,k0p000000000_wqm0p712500000,timing__arrival_time_relative__cos2,timing,-1.834986488700348,-1.8325441811105103,-1.831934333354202,0.0024423075898376556,0.000609847756308346,0.006870058161004283,0.001715463511897287,0.2497014540043597,monotonic,converged
0.0,-0.69,k0p000000000_wqm0p690000000,timing__arrival_time_relative__cos2,timing,-1.834986488700348,-1.8325441811105103,-1.831934333354202,0.0024423075898376556,0.000609847756308346,0.006870058161004283,0.001715463511897287,0.2497014540043597,monotonic,converged
0.0,-0.6666666666666666,k0p000000000_wqm0p666666667,timing__arrival_time_relative__cos2,timing,-1.834986488700348,-1.8325441811105103,-1.831934333354202,0.0024423075898376556,0.000609847756308346,0.006870058161004283,0.001715463511897287,0.2497014540043597,monotonic,converged
0.0,-0.58,k0p000000000_wqm0p580000000,timing__arrival_time_relative__cos2,timing,-1.834986488700348,-1.832544181109983,-1.831934333354202,0.0024423075903650115,0.00060984775578099,0.006870058162487702,0.0017154635104138678,0.24970145373451758,monotonic,converged
0.0,-0.45,k0p000000000_wqm0p450000000,timing__arrival_time_relative__cos2,timing,-1.834986488700348,-1.8325441811105103,-1.831934333354202,0.0024423075898376556,0.000609847756308346,0.006870058161004283,0.001715463511897287,0.2497014540043597,monotonic,converged
0.00025,-0.58,k0p000250000_wqm0p580000000,timing__arrival_time_relative__cos2,timing,-1.8320572689362775,-1.8296047622137748,-1.8289923669345327,0.0024525067225027453,0.0006123952792420617,0.0068987476818871225,0.0017226295342254911,0.24970177395359872,monotonic,converged
0.0005,-0.7125,k0p000500000_wqm0p712500000,timing__arrival_time_relative__cos2,timing,-1.7726228846048502,-1.7701391504573976,-1.7695189515171532,0.002483734147452621,0.0006201989402443431,0.0069865884708674745,0.001744580743474281,0.2497042370176512,monotonic,converged
0.0005,-0.61,k0p000500000_wqm0p610000000,timing__arrival_time_relative__cos2,timing,-1.8246348814349775,-1.8221663881046724,-1.821549999475685,0.002468493330305188,0.0006163886289873854,0.006943717007559671,0.0017338625767471456,0.24970236760217587,monotonic,converged
0.0005,-0.55,k0p000500000_wqm0p550000000,timing__arrival_time_relative__cos2,timing,-1.831075063176947,-1.8286181651289768,-1.8280046730334047,0.002456898047970224,0.0006134920955720435,0.006911100205169205,0.0017257148098108713,0.24970189384898672,monotonic,converged
0.0005,-0.5,k0p000500000_wqm0p500000000,timing__arrival_time_relative__cos2,timing,-1.832935639603895,-1.830485254733505,-1.8298733894944423,0.0024503848703898434,0.0006118652390627588,0.006892779044895885,0.001721138564425196,0.2497016882761826,monotonic,converged
0.0005,-0.475,k0p000500000_wqm0p475000000,timing__arrival_time_relative__cos2,timing,-1.8333600865156068,-1.8309120053354468,-1.8303007154943092,0.0024480811801599334,0.0006112898411376744,0.006886298908679516,0.0017195200061291404,0.2497016218627761,monotonic,converged
0.00075,-0.475,k0p000750000_wqm0p475000000,timing__arrival_time_relative__cos2,timing,-1.83250402133096,-1.8300531125839896,-1.8294411164874749,0.002450908746970404,0.0006119960965147442,0.006894252676879265,0.001721506658235198,0.24970170646754578,monotonic,converged
0.001,-0.58,k0p001000000_wqm0p580000000,timing__arrival_time_relative__cos2,timing,-1.8208115814315136,-1.818331601412276,-1.8177123436556988,0.0024799800192376598,0.0006192577565771185,0.006976028343515799,0.0017419332528138395,0.24970272009186464,monotonic,converged
0.00125,-0.7125,k0p001250000_wqm0p712500000,timing__arrival_time_relative__cos2,timing,-1.5906984894547034,-1.5882793341877437,-1.5876752522880522,0.0024191552669596827,0.000604081899691522,0.0068049321279870425,0.00169924451865073,0.2497077835151577,monotonic,converged
0.00125,-0.58,k0p001250000_wqm0p580000000,timing__arrival_time_relative__cos2,timing,-1.816202086650961,-1.8137140547390307,-1.8130927856480756,0.002488031911930255,0.0006212690909550567,0.006998677812949734,0.0017475910103441192,0.24970302349259907,monotonic,converged
0.00125,-0.45,k0p001250000_wqm0p450000000,timing__arrival_time_relative__cos2,timing,-1.831436422149994,-1.8289843131579229,-1.8283720172238207,0.002452108992071045,0.0006122959341021694,0.0068976288911133665,0.001722350082574146,0.24970176125206647,monotonic,converged
0.0015,-0.7125,k0p001500000_wqm0p712500000,timing__arrival_time_relative__cos2,timing,-1.4946035664555348,-1.4922633854489664,-1.4916790215125255,0.002340181006568409,0.0005843639364409015,0.006582782483786653,0.00164377912399202,0.24970886217805865,monotonic,converged
0.0015,-0.61,k0p001500000_wqm0p610000000,timing__arrival_time_relative__cos2,timing,-1.793159986620757,-1.7906530016463753,-1.7900269972885678,0.002506984974381732,0.0006260043578074637,0.007051991589606115,0.0017609110191830035,0.24970407250320587,monotonic,converged
0.0015,-0.5,k0p001500000_wqm0p500000000,timing__arrival_time_relative__cos2,timing,-1.828175531861699,-1.8257098715604203,-1.8250941908495,0.002465660301278705,0.0006156807109203299,0.006935747874488661,0.0017318712475983794,0.24970216318972835,monotonic,converged
0.00175,-0.7125,k0p001750000_wqm0p712500000,timing__arrival_time_relative__cos2,timing,-1.3681465697831503,-1.3659397191618017,-1.3653886466344345,0.0022068506213486216,0.0005510725273671913,0.006207732467605058,0.0015501324770463836,0.24970993597673913,monotonic,converged
0.00175,-0.45,k0p001750000_wqm0p450000000,timing__arrival_time_relative__cos2,timing,-1.829911029836653,-1.8274551527275915,-1.8268419155856457,0.0024558771090614773,0.0006132371419458327,0.006908228368013596,0.0017249976412413938,0.24970188438304372,monotonic,converged
0.002,-0.7125,k0p002000000_wqm0p712500000,timing__arrival_time_relative__cos2,timing,-1.18761851650778,-1.1856438023151925,-1.185150694228151,0.0019747141925874345,0.000493108087041616,0.005554747244321535,0.0013870821397490925,0.249711117129059,monotonic,converged
0.002,-0.69,k0p002000000_wqm0p690000000,timing__arrival_time_relative__cos2,timing,-1.479486210158218,-1.4771517550604374,-1.4765688203426208,0.00233445509778063,0.0005829347178165634,0.006566675861279181,0.0016397588215883224,0.24970911557509085,monotonic,converged
0.002,-0.45,k0p002000000_wqm0p450000000,timing__arrival_time_relative__cos2,timing,-1.8291256106512208,-1.8266678823755136,-1.8260541828435937,0.002457728275707227,0.0006136995319199201,0.006913435583752896,0.0017262983152548817,0.24970194548594843,monotonic,converged
0.00225,-0.7125,k0p002250000_wqm0p712500000,timing__arrival_time_relative__cos2,timing,-0.8760162231962879,-0.8745025040852824,-0.8741245090530958,0.001513719111005507,0.00037799503218660657,0.004257996976016765,0.0010632763319813005,0.2497127964087859,monotonic,converged
0.00225,-0.69,k0p002250000_wqm0p690000000,timing__arrival_time_relative__cos2,timing,-1.3772914299498784,-1.375066778896196,-1.3745112613750317,0.0022246510536823028,0.0005555175211644503,0.00625780396798947,0.00156263596597609,0.2497099579931615,monotonic,converged
0.00225,-0.6666666666666666,k0p002250000_wqm0p666666667,timing__arrival_time_relative__cos2,timing,-1.576033103057465,-1.5736054850273096,-1.572999288868046,0.002427618030155454,0.0006061961592636056,0.006828737350392145,0.0017051917983005628,0.24970821263211143,monotonic,converged
0.00225,-0.55,k0p002250000_wqm0p550000000,timing__arrival_time_relative__cos2,timing,-1.8110307861023784,-1.8085310248215,-1.807906825960852,0.0024997612808783654,0.0006241988606481286,0.007031671792578136,0.0017558322688463251,0.249703387848618,monotonic,converged
0.00225,-0.475,k0p002250000_wqm0p475000000,timing__arrival_time_relative__cos2,timing,-1.8267587396825176,-1.824291708879194,-1.823675685817338,0.0024670308033236665,0.0006160230618559304,0.006939603010835058,0.001732834259320914,0.2497022173480783,monotonic,converged
0.00225,-0.45,k0p002250000_wqm0p450000000,timing__arrival_time_relative__cos2,timing,-1.8283249932357608,-1.8258654358495796,-1.8252512794401567,0.0024595573861811992,0.0006141564094228613,0.006918580756863513,0.001727583483032569,0.24970200446366633,monotonic,converged
0.0025,-0.7125,k0p002500000_wqm0p712500000,timing__arrival_time_relative__cos2,timing,-0.0400693157413209,-0.039888868429587,-0.0398438073849592,0.00018044731173390283,4.506104462780047e-05,0.0005075869770732633,0.00012675389401266062,0.24971856989618044,monotonic,converged
0.0025,-0.69,k0p002500000_wqm0p690000000,timing__arrival_time_relative__cos2,timing,-1.2414039668549226,-1.239350435337936,-1.238837646216341,0.0020535315169865065,0.0005127891215950253,0.005776455437412955,0.001442443656297319,0.24971086021972888,monotonic,converged
0.0025,-0.6666666666666666,k0p002500000_wqm0p666666667,timing__arrival_time_relative__cos2,timing,-1.5167759624536237,-1.5143978102609874,-1.5138039645970989,0.0023781521926362625,0.000593845663888537,0.006689593050078104,0.001670450628966697,0.24970885619823974,monotonic,converged
0.0025,-0.58,k0p002500000_wqm0p580000000,timing__arrival_time_relative__cos2,timing,-1.786045865234746,-1.7835269171562285,-1.7828979245880752,0.002518948078517491,0.0006289925681532971,0.007085643051666339,0.001769316667578239,0.24970445938031646,monotonic,converged
0.0025,-0.45,k0p002500000_wqm0p450000000,timing__arrival_time_relative__cos2,timing,-1.8275091398611587,-1.8250477754882612,-1.8244331677240624,0.0024613643728974566,0.0006146077641988601,0.006923663697230445,0.001728853115725544,0.24970206401231004,monotonic,converged
0.0,-0.7125,k0p000000000_wqm0p712500000,timing__arrival_time_relative__sin2,timing,-29.50246960764777,-29.54797603373778,-29.55934821883542,0.045506426090007324,0.011372185097641818,0.026515619328735317,0.0066263285626642935,0.24990283954948983,monotonic,converged
0.0,-0.69,k0p000000000_wqm0p690000000,timing__arrival_time_relative__sin2,timing,-29.50246960764777,-29.54797603373778,-29.55934821883542,0.045506426090007324,0.011372185097641818,0.026515619328735317,0.0066263285626642935,0.24990283954948983,monotonic,converged
0.0,-0.6666666666666666,k0p000000000_wqm0p666666667,timing__arrival_time_relative__sin2,timing,-29.50246960764777,-29.54797603373778,-29.55934821883542,0.045506426090007324,0.011372185097641818,0.026515619328735317,0.0066263285626642935,0.24990283954948983,monotonic,converged
0.0,-0.58,k0p000000000_wqm0p580000000,timing__arrival_time_relative__sin2,timing,-29.50246960764777,-29.54797603373788,-29.55934821883542,0.0455064260901068,0.011372185097542342,0.026515619328793278,0.00662632856260633,0.24990283954675757,monotonic,converged
0.0,-0.45,k0p000000000_wqm0p450000000,timing__arrival_time_relative__sin2,timing,-29.50246960764777,-29.54797603373778,-29.55934821883542,0.045506426090007324,0.011372185097641818,0.026515619328735317,0.0066263285626642935,0.24990283954948983,monotonic,converged
0.00025,-0.58,k0p000250000_wqm0p580000000,timing__arrival_time_relative__sin2,timing,-29.5405477928625,-29.586104894260384,-29.597489741436664,0.045557101397882604,0.011384847176280743,0.02654514674471674,0.006633706484552428,0.24990279949658709,monotonic,converged
0.0005,-0.7125,k0p000500000_wqm0p712500000,timing__arrival_time_relative__sin2,timing,-29.59616524419769,-29.641747066599105,-29.653138078784693,0.045581822401416616,0.011391012185587357,0.02655955114373141,0.006637298703365853,0.24990251783424397,monotonic,converged
0.0005,-0.61,k0p000500000_wqm0p610000000,timing__arrival_time_relative__sin2,timing,-29.59954829122476,-29.64518154784312,-29.65658542318348,0.04563325661835904,0.011403875340359804,0.02658952075976365,0.006644793788008145,0.2499027285239123,monotonic,converged
0.0005,-0.55,k0p000500000_wqm0p550000000,timing__arrival_time_relative__sin2,timing,-29.562594008595045,-29.60818232783633,-29.61957497571277,0.04558831924128626,0.011392647876437678,0.02656333671310314,0.006638251785373235,0.2499027835647893,monotonic,converged
0.0005,-0.5,k0p000500000_wqm0p500000000,timing__arrival_time_relative__sin2,timing,-29.536926479590512,-29.582480546333414,-29.593864635563165,0.045554066742901966,0.011384089229750316,0.02654337851628892,0.006633264845351129,0.249902808765677,monotonic,converged
0.0005,-0.475,k0p000500000_wqm0p475000000,timing__arrival_time_relative__sin2,timing,-29.52693897336534,-29.57247929941364,-29.583859955170784,0.04554032604830027,0.011380655757143643,0.026535372107992866,0.006631264234438857,0.24990281679303897,monotonic,converged
0.00075,-0.475,k0p000750000_wqm0p475000000,timing__arrival_time_relative__sin2,timing,-29.539395801452358,-29.58495344754913,-29.59633843112648,0.045557646096771265,0.011384983577350738,0.026545464129086847,0.006633785962532985,0.24990280562712408,monotonic,converged
0.001,-0.58,k0p001000000_wqm0p580000000,timing__arrival_time_relative__sin2,timing,-29.66880221407216,-29.714534322772007,-29.72596289951734,0.04573210869984834,0.011428576745334595,0.02664711974935336,0.006659186767362336,0.2499026847929384,monotonic,converged
0.00125,-0.7125,k0p001250000_wqm0p712500000,timing__arrival_time_relative__sin2,timing,-30.224693098243407,-30.27119621544345,-30.28281744601526,0.046503117200042965,0.011621230571812191,0.027096369880531407,0.006771442023685924,0.24990218444542153,monotonic,converged
0.00125,-0.58,k0p001250000_wqm0p580000000,timing__arrival_time_relative__sin2,timing,-29.71659748134498,-29.762396191506586,-29.77384141047329,0.04579871016160553,0.011445218966702697,0.026685926993921368,0.006668883833128572,0.24990264848763313,monotonic,converged
0.00125,-0.45,k0p001250000_wqm0p450000000,timing__arrival_time_relative__sin2,timing,-29.543856913688572,-29.5894206555494,-29.600807162120784,0.045563741860828344,0.011386506571383848,0.02654901600017722,0.0066346733785199495,0.24990279784665698,monotonic,converged
0.0015,-0.7125,k0p001500000_wqm0p712500000,timing__arrival_time_relative__sin2,timing,-30.675901728892452,-30.72310677571505,-30.734903417003515,0.047205046822597296,0.011796641288466247,0.027505369229994723,0.006873650089416688,0.24990212027115574,monotonic,converged
0.0015,-0.61,k0p001500000_wqm0p610000000,timing__arrival_time_relative__sin2,timing,-29.85541893272196,-29.901407108903094,-29.91289967042861,0.045988176181133156,0.011492561525518141,0.026796324783446495,0.006696469327650064,0.249902528864213,monotonic,converged
0.0015,-0.5,k0p001500000_wqm0p500000000,timing__arrival_time_relative__sin2,timing,-29.609488871945683,-29.65514424728041,-29.666553651068465,0.04565537533472863,0.011409403788054107,0.026602408861811835,0.0066480150960109095,0.24990274867755444,monotonic,converged
0.00175,-0.7125,k0p001750000_wqm0p712500000,timing__arrival_time_relative__sin2,timing,-31.354738836657237,-31.40301165598846,-31.415075134268672,0.04827281933122407,0.01206347828021137,0.02812753738955172,0.0070291302864759824,0.24990208666781577,monotonic,converged
0.00175,-0.45,k0p001750000_wqm0p450000000,timing__arrival_time_relative__sin2,timing,-29.56090881550244,-29.606496322523995,-29.61788876733755,0.045587507021554785,0.011392444813555613,0.02656286345007061,0.006638133464983275,0.24990278165833926,monotonic,converged
0.002,-0.7125,k0p002000000_wqm0p712500000,timing__arrival_time_relative__sin2,timing,-32.41683733899976,-32.46678580501217,-32.47926803168782,0.049948466012409654,0.01248222667565102,0.029103900803367073,0.0072731260031696,0.2499021025500527,monotonic,converged
0.002,-0.69,k0p002000000_wqm0p690000000,timing__arrival_time_relative__sin2,timing,-31.10815818280755,-31.156034670155886,-31.167999105290946,0.04787648734833638,0.011964435135059404,0.027896603236092447,0.006971419968184322,0.24990210848196542,monotonic,converged
0.002,-0.45,k0p002000000_wqm0p450000000,timing__arrival_time_relative__sin2,timing,-29.569542877870536,-29.615142449896965,-29.626537909411905,0.04559957202642906,0.011395459514940143,0.02656989346987073,0.006639890066878222,0.2499027733930364,monotonic,converged
0.00225,-0.7125,k0p002250000_wqm0p712500000,timing__arrival_time_relative__sin2,timing,-34.22345604254461,-34.276251446835936,-34.28944513741195,0.05279540429132368,0.013193690576017048,0.030762750731655894,0.007687680772004443,0.24990225481018394,monotonic,converged
0.00225,-0.69,k0p002250000_wqm0p690000000,timing__arrival_time_relative__sin2,timing,-31.72308175690269,-31.77192486401393,-31.784130858430405,0.04884310711123874,0.012205994416476074,0.02845983185831069,0.007112171385109453,0.2499020872828029,monotonic,converged
0.00225,-0.6666666666666666,k0p002250000_wqm0p666666667,timing__arrival_time_relative__sin2,timing,-30.85350809464843,-30.90098411348614,-30.912848472788404,0.04747601883770969,0.01186435930226537,0.02766325881656101,0.006913107924933019,0.24990215255457854,monotonic,converged
0.00225,-0.55,k0p002250000_wqm0p550000000,timing__arrival_time_relative__sin2,timing,-29.810361382524047,-29.8562975416751,-29.867777107384235,0.04593615915105431,0.01147956570913422,0.026766015574688728,0.006688896943929563,0.2499026022481626,monotonic,converged
0.00225,-0.475,k0p002250000_wqm0p475000000,timing__arrival_time_relative__sin2,timing,-29.61733447725125,-29.663001368145245,-29.674413649283267,0.045666890893993894,0.011412281138021285,0.02660911873142962,0.00664969166617826,0.2499027394817068,monotonic,converged
0.00225,-0.45,k0p002250000_wqm0p450000000,timing__arrival_time_relative__sin2,timing,-29.57824956659533,-29.62386132614336,-29.635259830982235,0.04561175954803076,0.011398504838876278,0.026576994877542524,0.006641664511877783,0.2499027652479238,monotonic,converged
0.0025,-0.7125,k0p002500000_wqm0p712500000,timing__arrival_time_relative__sin2,timing,-37.91006028961983,-37.968757965909056,-37.98342671252255,0.05869767628922773,0.014668746613494932,0.03420187814547501,0.00854716431617371,0.24990336144170255,monotonic,converged
0.0025,-0.69,k0p002500000_wqm0p690000000,timing__arrival_time_relative__sin2,timing,-32.580742235494434,-32.63093683428562,-32.64348056974748,0.050194598791186706,0.01254373546186116,0.029247317099198953,0.00730896585482692,0.24990209632004512,monotonic,converged
0.0025,-0.6666666666666666,k0p002500000_wqm0p666666667,timing__arrival_time_relative__sin2,timing,-31.21868168347477,-31.266726562228936,-31.2787330792087,0.04804487875416541,0.012006516979763404,0.02799472129982177,0.006995940157324538,0.24990211841719884,monotonic,converged
0.0025,-0.58,k0p002500000_wqm0p580000000,timing__arrival_time_relative__sin2,timing,-29.99937076795598,-30.04557420386306,-30.05712055714776,0.046203435907081314,0.011546353284696664,0.026921752012971395,0.006727812633023674,0.24990248145002192,monotonic,converged
0.0025,-0.45,k0p002500000_wqm0p450000000,timing__arrival_time_relative__sin2,timing,-29.58702930170657,-29.63265337193521,-29.644054952882698,0.04562407022864079,0.011401580947488554,0.026584168047329302,0.0066434568944484474,0.24990275725840747,monotonic,converged
0.0,-0.7125,k0p000000000_wqm0p712500000,timing__arrival_time_relative__cos3,timing,-0.7656215378374399,-0.7631745131688703,-0.7625643713750944,0.0024470246685696084,0.0006101417937759424,0.031777589422287464,0.007923432755307488,0.24934027090646232,monotonic,converged
0.0,-0.69,k0p000000000_wqm0p690000000,timing__arrival_time_relative__cos3,timing,-0.7656215378374399,-0.7631745131688703,-0.7625643713750944,0.0024470246685696084,0.0006101417937759424,0.031777589422287464,0.007923432755307488,0.24934027090646232,monotonic,converged
0.0,-0.6666666666666666,k0p000000000_wqm0p666666667,timing__arrival_time_relative__cos3,timing,-0.7656215378374399,-0.7631745131688703,-0.7625643713750944,0.0024470246685696084,0.0006101417937759424,0.031777589422287464,0.007923432755307488,0.24934027090646232,monotonic,converged
0.0,-0.58,k0p000000000_wqm0p580000000,timing__arrival_time_relative__cos3,timing,-0.7656215378374399,-0.7631745131693712,-0.7625643713750944,0.002447024668068676,0.000610141794276875,0.031777589415782244,0.007923432761812706,0.2493402711622159,monotonic,converged
0.0,-0.45,k0p000000000_wqm0p450000000,timing__arrival_time_relative__cos3,timing,-0.7656215378374399,-0.7631745131688703,-0.7625643713750944,0.0024470246685696084,0.0006101417937759424,0.031777589422287464,0.007923432755307488,0.24934027090646232,monotonic,converged
0.00025,-0.58,k0p000250000_wqm0p580000000,timing__arrival_time_relative__cos3,timing,-0.7670214297378364,-0.7645641862891944,-0.763951495740291,0.0024572434486419548,0.0006126905489034495,0.03191029270137843,0.007956531438381743,0.2493405971809856,monotonic,converged
0.0005,-0.7125,k0p000500000_wqm0p712500000,timing__arrival_time_relative__cos3,timing,-0.763051873052336,-0.7605633420080609,-0.7599428440463604,0.002488531044275155,0.0006204979617004946,0.0323166001574547,0.008057920182639821,0.2493430665162667,monotonic,converged
0.0005,-0.61,k0p000500000_wqm0p610000000,timing__arrival_time_relative__cos3,timing,-0.7687295770108872,-0.7662563160951622,-0.7656396302752853,0.002473260915724973,0.0006166858198769498,0.032118298978996665,0.008008414887803971,0.24934118998770666,monotonic,converged
0.0005,-0.55,k0p000500000_wqm0p550000000,timing__arrival_time_relative__cos3,timing,-0.7677289307961809,-0.7652672875412276,-0.7646534996464616,0.0024616432549532385,0.0006137878947660713,0.0319674295338319,0.007970781808116277,0.24934071723472817,monotonic,converged
0.0005,-0.5,k0p000500000_wqm0p500000000,timing__arrival_time_relative__cos3,timing,-0.7668627215920162,-0.7644076040853998,-0.7637954438313039,0.002455117506616422,0.0006121602540958282,0.03188268476031813,0.00794964491578726,0.24934051117556943,monotonic,converged
0.0005,-0.475,k0p000500000_wqm0p475000000,timing__arrival_time_relative__cos3,timing,-0.7665123196628708,-0.7640595102985238,-0.763447925722666,0.0024528093643469973,0.0006115845758578597,0.03185271072764568,0.007942169034190939,0.2493404439609516,monotonic,converged
0.00075,-0.475,k0p000750000_wqm0p475000000,timing__arrival_time_relative__cos3,timing,-0.7669424611014249,-0.7644868186799046,-0.7638745275091878,0.0024556424215202988,0.0006122911707168166,0.031889501418323786,0.007951345027226168,0.24934052504995596,monotonic,converged
0.001,-0.58,k0p001000000_wqm0p580000000,timing__arrival_time_relative__cos3,timing,-0.7703934922999085,-0.7679087225219904,-0.767289166188585,0.0024847697779181166,0.00061955633340538,0.03226775554238521,0.008045691994777681,0.24934154419910887,monotonic,converged
0.00125,-0.7125,k0p001250000_wqm0p712500000,timing__arrival_time_relative__cos3,timing,-0.7258145025737787,-0.723390675371125,-0.7227863022213975,0.002423827202653661,0.0006043731497274996,0.03147634213329083,0.007848519901158823,0.24934663208079277,monotonic,converged
0.00125,-0.58,k0p001250000_wqm0p580000000,timing__arrival_time_relative__cos3,timing,-0.7712251036997625,-0.7687322665013258,-0.7681106978680593,0.002492837198436737,0.0006215686332664561,0.03237252080291996,0.00807182415421242,0.24934184777740118,monotonic,converged
0.00125,-0.45,k0p001250000_wqm0p450000000,timing__arrival_time_relative__cos3,timing,-0.7670864612916997,-0.7646296163263343,-0.7640170251730266,0.002456844965365357,0.0006125911533076955,0.03190511791171732,0.007955240665765993,0.24934058190220287,monotonic,converged
0.0015,-0.7125,k0p001500000_wqm0p712500000,timing__arrival_time_relative__cos3,timing,-0.6979125826942724,-0.695567882317683,-0.6949832366413566,0.0023447003765894037,0.000584645676326323,0.030448784126518243,0.007592334682377139,0.24934771289487634,monotonic,converged
0.0015,-0.61,k0p001500000_wqm0p610000000,timing__arrival_time_relative__cos3,timing,-0.7712726610948907,-0.7687608342872919,-0.7681345281001579,0.0025118268075987604,0.0006263061871339959,0.03261912395775993,0.008133347049180477,0.24934290263934555,monotonic,converged
0.0015,-0.5,k0p001500000_wqm0p500000000,timing__arrival_time_relative__cos3,timing,-0.769116277435485,-0.7666458549898305,-0.766029877429085,0.002470422445654541,0.0006159775607454954,0.03208143799527051,0.007999217282167613,0.24934098288695378,monotonic,converged
0.00175,-0.7125,k0p001750000_wqm0p712500000,timing__arrival_time_relative__cos3,timing,-0.6548974672804447,-0.652686354923614,-0.6521350167093877,0.002211112356830691,0.0005513382142263712,0.028713981327774807,0.007159796805295022,0.24934880062659256,monotonic,converged
0.00175,-0.45,k0p001750000_wqm0p450000000,timing__arrival_time_relative__cos3,timing,-0.7676336644690621,-0.7651730440827648,-0.7645595112650367,0.002460620386297352,0.0006135328177280241,0.031954146341146024,0.007967469322757945,0.24934070332207767,monotonic,converged
0.002,-0.7125,k0p002000000_wqm0p712500000,timing__arrival_time_relative__cos3,timing,-0.5839185633527768,-0.5819400357368393,-0.5814466899117269,0.001978527615937531,0.0004933458251124012,0.02569358578500641,0.0064066951490054265,0.2493499818442655,monotonic,converged
0.002,-0.69,k0p002000000_wqm0p690000000,timing__arrival_time_relative__cos3,timing,-0.6954120846462587,-0.6930731212662977,-0.6924899054964475,0.002338963379960979,0.0005832157698502094,0.03037428225258262,0.007573765608883993,0.24934796963770303,monotonic,converged
0.002,-0.45,k0p002000000_wqm0p450000000,timing__arrival_time_relative__cos3,timing,-0.7678988939619061,-0.765436418874023,-0.7648224234481477,0.002462475087883109,0.0006139954258753688,0.031978231895431634,0.007973476851802724,0.2493407664900261,monotonic,converged
0.00225,-0.7125,k0p002250000_wqm0p712500000,timing__arrival_time_relative__cos3,timing,-0.4477203028018042,-0.4462036605770755,-0.4458254833618332,0.0015166422247286926,0.0003781772152423035,0.019695442607084637,0.004911090774519546,0.24935163288754833,monotonic,converged
0.00225,-0.69,k0p002250000_wqm0p690000000,timing__arrival_time_relative__cos3,timing,-0.6602465785059708,-0.6580176312975146,-0.6574618459466882,0.0022289472084562334,0.0005557853508263433,0.02894558855251733,0.007217548279072092,0.24934881755736138,monotonic,converged
0.00225,-0.6666666666666666,k0p002250000_wqm0p666666667,timing__arrival_time_relative__cos3,timing,-0.7267037581516257,-0.7242714518956458,-0.7236649634629904,0.002432306255979899,0.0006064884326554276,0.03158645294612884,0.007875989420881715,0.24934706769115003,monotonic,converged
0.00225,-0.55,k0p002250000_wqm0p550000000,timing__arrival_time_relative__cos3,timing,-0.772941917989728,-0.7704373287964765,-0.7698128289779304,0.002504589193251472,0.0006244998185461759,0.03252513473890197,0.008109889157616753,0.249342215573264,monotonic,converged
0.00225,-0.475,k0p002250000_wqm0p475000000,timing__arrival_time_relative__cos3,timing,-0.769306160576381,-0.7668343649883097,-0.7662180449089606,0.0024717955880713127,0.0006163200793490864,0.03209926991846236,0.008003665302530551,0.24934103868596483,monotonic,converged
0.00225,-0.45,k0p002250000_wqm0p450000000,timing__arrival_time_relative__cos3,timing,-0.7681585195543874,-0.7656942118375082,-0.7650797593122003,0.0024643077168792216,0.0006144525253078958,0.032002030810313796,0.007979412843490333,0.24934082748644448,monotonic,converged
0.0025,-0.7125,k0p002500000_wqm0p712500000,timing__arrival_time_relative__cos3,timing,-0.0667130264435532,-0.066532230707032,-0.0664871480012566,0.00018079573652120262,4.50827057753983e-05,0.002347852376915018,0.0005854537277770163,0.24935712889507922,monotonic,converged
0.0025,-0.69,k0p002500000_wqm0p690000000,timing__arrival_time_relative__cos3,timing,-0.6077142131459227,-0.6056567160056471,-0.6051436796609001,0.002057497140275588,0.0005130363447469755,0.026719101037680593,0.006662400478214366,0.24934972433461444,monotonic,converged
0.0025,-0.6666666666666666,k0p002500000_wqm0p666666667,timing__arrival_time_relative__cos3,timing,-0.7094530280761001,-0.7070702832232203,-0.7064761512473391,0.0023827448528798145,0.0005941319758812069,0.030942837890205604,0.0077155258116958884,0.249347711385519,monotonic,converged
0.0025,-0.58,k0p002500000_wqm0p580000000,timing__arrival_time_relative__cos3,timing,-0.7729162866666902,-0.7703924737037017,-0.7697631778678806,0.0025238129629885364,0.0006292958358210532,0.03277477875340638,0.008172171270985205,0.2493432932826693,monotonic,converged
0.0025,-0.45,k0p002500000_wqm0p450000000,timing__arrival_time_relative__cos3,timing,-0.7684125241334193,-0.7659464059193707,-0.7653315018175343,0.0024661182140486293,0.0006149041018363999,0.032025542316527295,0.007985277113556696,0.24934088655341102,monotonic,converged
0.0,-0.7125,k0p000000000_wqm0p712500000,timing__arrival_time_relative__sin3,timing,-19.69753774923438,-19.76584131467128,-19.78290233355469,0.0683035654368993,0.017061018883410384,0.0625582787416828,0.015625948193165828,0.24978225915851812,monotonic,marginal
0.0,-0.69,k0p000000000_wqm0p690000000,timing__arrival_time_relative__sin3,timing,-19.69753774923438,-19.76584131467128,-19.78290233355469,0.0683035654368993,0.017061018883410384,0.0625582787416828,0.015625948193165828,0.24978225915851812,monotonic,marginal
0.0,-0.6666666666666666,k0p000000000_wqm0p666666667,timing__arrival_time_relative__sin3,timing,-19.69753774923438,-19.76584131467128,-19.78290233355469,0.0683035654368993,0.017061018883410384,0.0625582787416828,0.015625948193165828,0.24978225915851812,monotonic,marginal
0.0,-0.58,k0p000000000_wqm0p580000000,timing__arrival_time_relative__sin3,timing,-19.69753774923438,-19.76584131467118,-19.78290233355469,0.06830356543679983,0.01706101888350986,0.06255827874159169,0.015625948193256935,0.24978225916033828,monotonic,marginal
0.0,-0.45,k0p000000000_wqm0p450000000,timing__arrival_time_relative__sin3,timing,-19.69753774923438,-19.76584131467128,-19.78290233355469,0.0683035654368993,0.017061018883410384,0.0625582787416828,0.015625948193165828,0.24978225915851812,monotonic,marginal
0.00025,-0.58,k0p000250000_wqm0p580000000,timing__arrival_time_relative__sin3,timing,-19.719860427644505,-19.788240055008927,-19.805320070064905,0.06837962736442194,0.017080015055977782,0.06262794279557447,0.01564334652150923,0.24978221897805414,monotonic,marginal
0.0005,-0.7125,k0p000500000_wqm0p712500000,timing__arrival_time_relative__sin3,timing,-19.73179993568732,-19.800216668687582,-19.81730593274768,0.0684167330002623,0.01708926406009681,0.06266192732764013,0.01565181755481562,0.24978193653343975,monotonic,marginal
0.0005,-0.61,k0p000500000_wqm0p610000000,timing__arrival_time_relative__sin3,timing,-19.753386032002688,-19.821879965827534,-19.83898852772541,0.06849393382484692,0.017108561897874353,0.06273263448139646,0.01566949217409907,0.2497821477391628,monotonic,marginal
0.0005,-0.55,k0p000500000_wqm0p550000000,timing__arrival_time_relative__sin3,timing,-19.733549367657176,-19.80197585194674,-19.819067569935267,0.06842648428956366,0.017091717988527932,0.06267085839690867,0.015654065073489418,0.24978220298737083,monotonic,marginal
0.0005,-0.5,k0p000500000_wqm0p500000000,timing__arrival_time_relative__sin3,timing,-19.718528002673445,-19.786903075143844,-19.803981953095604,0.06837507247039909,0.017078877951760774,0.06262377103194695,0.015642305063686187,0.24978222815273146,monotonic,marginal
0.0005,-0.475,k0p000500000_wqm0p475000000,timing__arrival_time_relative__sin3,timing,-19.712515128932534,-19.780869577081717,-19.797943303998583,0.0683544481491829,0.01707372691686615,0.06260488150506431,0.01563758730298534,0.2497822362577328,monotonic,marginal
0.00075,-0.475,k0p000750000_wqm0p475000000,timing__arrival_time_relative__sin3,timing,-19.72015930715111,-19.78853975214432,-19.80561997183276,0.06838044499320972,0.017080219688438092,0.06262869165032732,0.015643533941513,0.24978222487633975,monotonic,marginal
0.001,-0.58,k0p001000000_wqm0p580000000,timing__arrival_time_relative__sin3,timing,-19.796525871184137,-19.865168178573477,-19.882313798530674,0.06864230738933941,0.017145619957197766,0.06286852775059912,0.01570343313149933,0.24978210391366581,monotonic,marginal
0.00125,-0.7125,k0p001250000_wqm0p712500000,timing__arrival_time_relative__sin3,timing,-20.12593547083445,-20.195735035624672,-20.213169682756664,0.0697995647902232,0.017434647131992165,0.06392844359243384,0.01596814907200778,0.24978160228348917,monotonic,marginal
0.00125,-0.58,k0p001250000_wqm0p580000000,timing__arrival_time_relative__sin3,timing,-19.82557360699401,-19.89431588090149,-19.911486468198675,0.06874227390748189,0.01717058729718346,0.06296008568416805,0.01572630036843305,0.24978206744066722,monotonic,marginal
0.00125,-0.45,k0p001250000_wqm0p450000000,timing__arrival_time_relative__sin3,timing,-19.72297028695462,-19.791359881437995,-19.808442385989565,0.06838959448337434,0.017082504551570565,0.06263707154019692,0.015645626615648143,0.24978221731850392,monotonic,marginal
0.0015,-0.7125,k0p001500000_wqm0p712500000,timing__arrival_time_relative__sin3,timing,-20.42604623526282,-20.496899372121234,-20.514597177607087,0.07085313685841399,0.017697805485852314,0.06489339549054843,0.01620917212181027,0.2497815378480403,monotonic,marginal
0.0015,-0.61,k0p001500000_wqm0p610000000,timing__arrival_time_relative__sin3,timing,-19.90786762614329,-19.976894282070145,-19.9941358946222,0.06902665592685508,0.017241612552055585,0.06322054719189867,0.015791351404401213,0.2497819475758157,monotonic,marginal
0.0015,-0.5,k0p001500000_wqm0p500000000,timing__arrival_time_relative__sin3,timing,-19.76304688314824,-19.831574016365472,-19.84869087226004,0.06852713321723058,0.01711685589456735,0.06276304133980139,0.01567708852948234,0.24978216789409569,monotonic,marginal
0.00175,-0.7125,k0p001750000_wqm0p712500000,timing__arrival_time_relative__sin3,timing,-20.882999214318165,-20.95545504060414,-20.973553165909475,0.07245582628597447,0.018098125305336055,0.06636127628570693,0.016575819436527976,0.24978150458052775,monotonic,marginal
0.00175,-0.45,k0p001750000_wqm0p450000000,timing__arrival_time_relative__sin3,timing,-19.73349473992888,-19.80192000518956,-19.81901141853028,0.06842526526068227,0.01709141334071873,0.06266974190543317,0.015653786050828677,0.24978220070620027,monotonic,marginal
0.002,-0.7125,k0p002000000_wqm0p712500000,timing__arrival_time_relative__sin3,timing,-21.600440951984183,-21.675411865749204,-21.69413821458447,0.07497091376502141,0.018726348835265583,0.06866480967474048,0.01715120056701555,0.2497815205235312,monotonic,marginal
0.002,-0.69,k0p002000000_wqm0p690000000,timing__arrival_time_relative__sin3,timing,-20.71545360703119,-20.78731455273993,-20.80526408945172,0.07186094570873891,0.01794953671178945,0.06581643349850141,0.016439729225226917,0.2497815264572371,monotonic,marginal
0.002,-0.45,k0p002000000_wqm0p450000000,timing__arrival_time_relative__sin3,timing,-19.73883342143975,-19.80727679582827,-19.824372731954963,0.06844337438851866,0.0170959361266938,0.06268632780193377,0.015657928407145038,0.24978219264364082,monotonic,marginal
0.00225,-0.7125,k0p002250000_wqm0p712500000,timing__arrival_time_relative__sin3,timing,-22.817815641421426,-22.89705971063582,-22.91685342678431,0.07924406921439342,0.01979371614849157,0.07257853288960418,0.01812878733680488,0.24978167255570916,monotonic,marginal
0.00225,-0.69,k0p002250000_wqm0p690000000,timing__arrival_time_relative__sin3,timing,-21.129487451165552,-21.202799259619905,-21.22111119348073,0.0733118084543527,0.018311933860825746,0.06714525836255453,0.016771643697327906,0.24978150514766795,monotonic,marginal
0.00225,-0.6666666666666666,k0p002250000_wqm0p666666667,timing__arrival_time_relative__sin3,timing,-20.54562058772938,-20.616880444089013,-20.63467984293064,0.07125985635963161,0.01779939884162829,0.06526590418411518,0.016302220053177892,0.24978157059142725,monotonic,marginal
0.00225,-0.55,k0p002250000_wqm0p550000000,timing__arrival_time_relative__sin3,timing,-19.88544154426128,-19.954390124373774,-19.97161224006564,0.06894858011249383,0.01722211569186527,0.06314903864726334,0.015773494503277946,0.24978202109117162,monotonic,marginal
0.00225,-0.475,k0p002250000_wqm0p475000000,timing__arrival_time_relative__sin3,timing,-19.76826305248959,-19.83680747016522,-19.853928642779408,0.06854441767562847,0.017121172614189106,0.06277887193311578,0.01568104215251241,0.24978215870490472,monotonic,marginal
0.00225,-0.45,k0p002250000_wqm0p450000000,timing__arrival_time_relative__sin3,timing,-19.744223464717752,-19.81268513211782,-19.829785636961464,0.06846166740006865,0.01710050484364345,0.06270308211495168,0.015662112830997582,0.24978218458679116,monotonic,marginal
0.0025,-0.7125,k0p002500000_wqm0p712500000,timing__arrival_time_relative__sin3,timing,-25.314947729670507,-25.403050903256204,-25.425057559172096,0.08810317358569719,0.02200665591589157,0.08069246247902914,0.020155587869427973,0.24978278330105655,monotonic,marginal
0.0025,-0.69,k0p002500000_wqm0p690000000,timing__arrival_time_relative__sin3,timing,-21.708472120073505,-21.78381247061562,-21.80263109745722,0.0753403505421133,0.018818626841600405,0.06900317164356178,0.01723571670032566,0.24978151423759679,monotonic,marginal
0.0025,-0.6666666666666666,k0p002500000_wqm0p666666667,timing__arrival_time_relative__sin3,timing,-20.78937670022183,-20.861490395572957,-20.87950306519382,0.07211369535112766,0.018012669620862454,0.06604792335527943,0.016497551772238918,0.24978153640799083,monotonic,marginal
0.0025,-0.58,k0p002500000_wqm0p580000000,timing__arrival_time_relative__sin3,timing,-20.001191651648107,-20.07054140497504,-20.08786371812816,0.06934975332693227,0.017322313153119495,0.06351646757446514,0.01586526395440772,0.2497819000373041,monotonic,marginal
0.0025,-0.45,k0p002500000_wqm0p450000000,timing__arrival_time_relative__sin3,timing,-19.74966516747377,-19.818145312818533,-19.83525043257052,0.06848014534476476,0.017105119751985143,0.06272000580564746,0.01566633956089902,0.2497821765107105,monotonic,marginal
0.0,-0.7125,k0p000000000_wqm0p712500000,delta_r,ringdown,0.0,0.0,0.0,0.0,0.0,0.0,0.0,0.0,monotonic,converged
0.0,-0.69,k0p000000000_wqm0p690000000,delta_r,ringdown,0.0,0.0,0.0,0.0,0.0,0.0,0.0,0.0,monotonic,converged
0.0,-0.6666666666666666,k0p000000000_wqm0p666666667,delta_r,ringdown,0.0,0.0,0.0,0.0,0.0,0.0,0.0,0.0,monotonic,converged
0.0,-0.58,k0p000000000_wqm0p580000000,delta_r,ringdown,0.0,0.0,0.0,0.0,0.0,0.0,0.0,0.0,monotonic,converged
0.0,-0.45,k0p000000000_wqm0p450000000,delta_r,ringdown,0.0,0.0,0.0,0.0,0.0,0.0,0.0,0.0,monotonic,converged
0.00025,-0.58,k0p000250000_wqm0p580000000,delta_r,ringdown,0.0010652990539405,0.0010652990539405,0.0010652990539405,0.0,0.0,0.0,0.0,0.0,monotonic,converged
0.0005,-0.7125,k0p000500000_wqm0p712500000,delta_r,ringdown,0.0022570739811498,0.0022570739811498,0.0022570739811498,0.0,0.0,0.0,0.0,0.0,monotonic,converged
0.0005,-0.61,k0p000500000_wqm0p610000000,delta_r,ringdown,0.0021840258108168,0.0021840258108168,0.0021840258108168,0.0,0.0,0.0,0.0,0.0,monotonic,converged
0.0005,-0.55,k0p000500000_wqm0p550000000,delta_r,ringdown,0.0020678729273446,0.0020678729273446,0.0020678729273446,0.0,0.0,0.0,0.0,0.0,monotonic,converged
0.0005,-0.5,k0p000500000_wqm0p500000000,delta_r,ringdown,0.0019485571585149,0.0019485571585149,0.0019485571585149,0.0,0.0,0.0,0.0,0.0,monotonic,converged
0.0005,-0.475,k0p000500000_wqm0p475000000,delta_r,ringdown,0.0018841624951411,0.0018841624951411,0.0018841624951411,0.0,0.0,0.0,0.0,0.0,monotonic,converged
0.00075,-0.475,k0p000750000_wqm0p475000000,delta_r,ringdown,0.0028262437427117,0.0028262437427117,0.0028262437427117,0.0,0.0,0.0,0.0,0.0,monotonic,converged
0.001,-0.58,k0p001000000_wqm0p580000000,delta_r,ringdown,0.0042611962157622,0.0042611962157622,0.0042611962157622,0.0,0.0,0.0,0.0,0.0,monotonic,converged
0.00125,-0.7125,k0p001250000_wqm0p712500000,delta_r,ringdown,0.0056426849528745,0.0056426849528745,0.0056426849528745,0.0,0.0,0.0,0.0,0.0,monotonic,converged
0.00125,-0.58,k0p001250000_wqm0p580000000,delta_r,ringdown,0.0053264952697028,0.0053264952697028,0.0053264952697028,0.0,0.0,0.0,0.0,0.0,monotonic,converged
0.00125,-0.45,k0p001250000_wqm0p450000000,delta_r,ringdown,0.0045444115548564,0.0045444115548564,0.0045444115548564,0.0,0.0,0.0,0.0,0.0,monotonic,converged
0.0015,-0.7125,k0p001500000_wqm0p712500000,delta_r,ringdown,0.0067712219434494,0.0067712219434494,0.0067712219434494,0.0,0.0,0.0,0.0,0.0,monotonic,converged
0.0015,-0.61,k0p001500000_wqm0p610000000,delta_r,ringdown,0.0065520774324505,0.0065520774324505,0.0065520774324505,0.0,0.0,0.0,0.0,0.0,monotonic,converged
0.0015,-0.5,k0p001500000_wqm0p500000000,delta_r,ringdown,0.0058456714755449,0.0058456714755449,0.0058456714755449,0.0,0.0,0.0,0.0,0.0,monotonic,converged
0.00175,-0.7125,k0p001750000_wqm0p712500000,delta_r,ringdown,0.0078997589340244,0.0078997589340244,0.0078997589340244,0.0,0.0,0.0,0.0,0.0,monotonic,converged
0.00175,-0.45,k0p001750000_wqm0p450000000,delta_r,ringdown,0.006362176176799,0.006362176176799,0.006362176176799,0.0,0.0,0.0,0.0,0.0,monotonic,converged
0.002,-0.7125,k0p002000000_wqm0p712500000,delta_r,ringdown,0.0090282959245993,0.0090282959245993,0.0090282959245993,0.0,0.0,0.0,0.0,0.0,monotonic,converged
0.002,-0.69,k0p002000000_wqm0p690000000,delta_r,ringdown,0.0090390740829702,0.0090390740829702,0.0090390740829702,0.0,0.0,0.0,0.0,0.0,monotonic,converged
0.002,-0.45,k0p002000000_wqm0p450000000,delta_r,ringdown,0.0072710584877703,0.0072710584877703,0.0072710584877703,0.0,0.0,0.0,0.0,0.0,monotonic,converged
0.00225,-0.7125,k0p002250000_wqm0p712500000,delta_r,ringdown,0.0101568329151742,0.0101568329151742,0.0101568329151742,0.0,0.0,0.0,0.0,0.0,monotonic,converged
0.00225,-0.69,k0p002250000_wqm0p690000000,delta_r,ringdown,0.0101689583433415,0.0101689583433415,0.0101689583433415,0.0,0.0,0.0,0.0,0.0,monotonic,converged
0.00225,-0.6666666666666666,k0p002250000_wqm0p666666667,delta_r,ringdown,0.010125,0.010125,0.010125,0.0,0.0,0.0,0.0,0.0,monotonic,converged
0.00225,-0.55,k0p002250000_wqm0p550000000,delta_r,ringdown,0.009305428173051,0.009305428173051,0.009305428173051,0.0,0.0,0.0,0.0,0.0,monotonic,converged
0.00225,-0.475,k0p002250000_wqm0p475000000,delta_r,ringdown,0.0084787312281351,0.0084787312281351,0.0084787312281351,0.0,0.0,0.0,0.0,0.0,monotonic,converged
0.00225,-0.45,k0p002250000_wqm0p450000000,delta_r,ringdown,0.0081799407987416,0.0081799407987416,0.0081799407987416,0.0,0.0,0.0,0.0,0.0,monotonic,converged
0.0025,-0.7125,k0p002500000_wqm0p712500000,delta_r,ringdown,0.0112853699057491,0.0112853699057491,0.0112853699057491,0.0,0.0,0.0,0.0,0.0,monotonic,converged
0.0025,-0.69,k0p002500000_wqm0p690000000,delta_r,ringdown,0.0112988426037128,0.0112988426037128,0.0112988426037128,0.0,0.0,0.0,0.0,0.0,monotonic,converged
0.0025,-0.6666666666666666,k0p002500000_wqm0p666666667,delta_r,ringdown,0.01125,0.01125,0.01125,0.0,0.0,0.0,0.0,0.0,monotonic,converged
0.0025,-0.58,k0p002500000_wqm0p580000000,delta_r,ringdown,0.0106529905394056,0.0106529905394056,0.0106529905394056,0.0,0.0,0.0,0.0,0.0,monotonic,converged
0.0025,-0.45,k0p002500000_wqm0p450000000,delta_r,ringdown,0.0090888231097129,0.0090888231097129,0.0090888231097129,0.0,0.0,0.0,0.0,0.0,monotonic,converged
0.0,-0.7125,k0p000000000_wqm0p712500000,r_photon,ringdown,3.0,3.0,3.0,0.0,0.0,0.0,0.0,0.0,monotonic,converged
0.0,-0.69,k0p000000000_wqm0p690000000,r_photon,ringdown,3.0,3.0,3.0,0.0,0.0,0.0,0.0,0.0,monotonic,converged
0.0,-0.6666666666666666,k0p000000000_wqm0p666666667,r_photon,ringdown,3.0,3.0,3.0,0.0,0.0,0.0,0.0,0.0,monotonic,converged
0.0,-0.58,k0p000000000_wqm0p580000000,r_photon,ringdown,3.0,3.0,3.0,0.0,0.0,0.0,0.0,0.0,monotonic,converged
0.0,-0.45,k0p000000000_wqm0p450000000,r_photon,ringdown,3.0,3.0,3.0,0.0,0.0,0.0,0.0,0.0,monotonic,converged
0.00025,-0.58,k0p000250000_wqm0p580000000,r_photon,ringdown,3.0010652990539404,3.0010652990539404,3.0010652990539404,0.0,0.0,0.0,0.0,0.0,monotonic,converged
0.0005,-0.7125,k0p000500000_wqm0p712500000,r_photon,ringdown,3.00225707398115,3.00225707398115,3.00225707398115,0.0,0.0,0.0,0.0,0.0,monotonic,converged
0.0005,-0.61,k0p000500000_wqm0p610000000,r_photon,ringdown,3.002184025810817,3.002184025810817,3.002184025810817,0.0,0.0,0.0,0.0,0.0,monotonic,converged
0.0005,-0.55,k0p000500000_wqm0p550000000,r_photon,ringdown,3.0020678729273444,3.0020678729273444,3.0020678729273444,0.0,0.0,0.0,0.0,0.0,monotonic,converged
0.0005,-0.5,k0p000500000_wqm0p500000000,r_photon,ringdown,3.001948557158515,3.001948557158515,3.001948557158515,0.0,0.0,0.0,0.0,0.0,monotonic,converged
0.0005,-0.475,k0p000500000_wqm0p475000000,r_photon,ringdown,3.0018841624951413,3.0018841624951413,3.0018841624951413,0.0,0.0,0.0,0.0,0.0,monotonic,converged
0.00075,-0.475,k0p000750000_wqm0p475000000,r_photon,ringdown,3.002826243742712,3.002826243742712,3.002826243742712,0.0,0.0,0.0,0.0,0.0,monotonic,converged
0.001,-0.58,k0p001000000_wqm0p580000000,r_photon,ringdown,3.0042611962157624,3.0042611962157624,3.0042611962157624,0.0,0.0,0.0,0.0,0.0,monotonic,converged
0.00125,-0.7125,k0p001250000_wqm0p712500000,r_photon,ringdown,3.005642684952875,3.005642684952875,3.005642684952875,0.0,0.0,0.0,0.0,0.0,monotonic,converged
0.00125,-0.58,k0p001250000_wqm0p580000000,r_photon,ringdown,3.0053264952697027,3.0053264952697027,3.0053264952697027,0.0,0.0,0.0,0.0,0.0,monotonic,converged
0.00125,-0.45,k0p001250000_wqm0p450000000,r_photon,ringdown,3.0045444115548565,3.0045444115548565,3.0045444115548565,0.0,0.0,0.0,0.0,0.0,monotonic,converged
0.0015,-0.7125,k0p001500000_wqm0p712500000,r_photon,ringdown,3.006771221943449,3.006771221943449,3.006771221943449,0.0,0.0,0.0,0.0,0.0,monotonic,converged
0.0015,-0.61,k0p001500000_wqm0p610000000,r_photon,ringdown,3.006552077432451,3.006552077432451,3.006552077432451,0.0,0.0,0.0,0.0,0.0,monotonic,converged
0.0015,-0.5,k0p001500000_wqm0p500000000,r_photon,ringdown,3.005845671475545,3.005845671475545,3.005845671475545,0.0,0.0,0.0,0.0,0.0,monotonic,converged
0.00175,-0.7125,k0p001750000_wqm0p712500000,r_photon,ringdown,3.0078997589340246,3.0078997589340246,3.0078997589340246,0.0,0.0,0.0,0.0,0.0,monotonic,converged
0.00175,-0.45,k0p001750000_wqm0p450000000,r_photon,ringdown,3.006362176176799,3.006362176176799,3.006362176176799,0.0,0.0,0.0,0.0,0.0,monotonic,converged
0.002,-0.7125,k0p002000000_wqm0p712500000,r_photon,ringdown,3.0090282959245997,3.0090282959245997,3.0090282959245997,0.0,0.0,0.0,0.0,0.0,monotonic,converged
0.002,-0.69,k0p002000000_wqm0p690000000,r_photon,ringdown,3.0090390740829704,3.0090390740829704,3.0090390740829704,0.0,0.0,0.0,0.0,0.0,monotonic,converged
0.002,-0.45,k0p002000000_wqm0p450000000,r_photon,ringdown,3.0072710584877704,3.0072710584877704,3.0072710584877704,0.0,0.0,0.0,0.0,0.0,monotonic,converged
0.00225,-0.7125,k0p002250000_wqm0p712500000,r_photon,ringdown,3.0101568329151744,3.0101568329151744,3.0101568329151744,0.0,0.0,0.0,0.0,0.0,monotonic,converged
0.00225,-0.69,k0p002250000_wqm0p690000000,r_photon,ringdown,3.0101689583433417,3.0101689583433417,3.0101689583433417,0.0,0.0,0.0,0.0,0.0,monotonic,converged
0.00225,-0.6666666666666666,k0p002250000_wqm0p666666667,r_photon,ringdown,3.010125,3.010125,3.010125,0.0,0.0,0.0,0.0,0.0,monotonic,converged
0.00225,-0.55,k0p002250000_wqm0p550000000,r_photon,ringdown,3.009305428173051,3.009305428173051,3.009305428173051,0.0,0.0,0.0,0.0,0.0,monotonic,converged
0.00225,-0.475,k0p002250000_wqm0p475000000,r_photon,ringdown,3.008478731228135,3.008478731228135,3.008478731228135,0.0,0.0,0.0,0.0,0.0,monotonic,converged
0.00225,-0.45,k0p002250000_wqm0p450000000,r_photon,ringdown,3.0081799407987417,3.0081799407987417,3.0081799407987417,0.0,0.0,0.0,0.0,0.0,monotonic,converged
0.0025,-0.7125,k0p002500000_wqm0p712500000,r_photon,ringdown,3.011285369905749,3.011285369905749,3.011285369905749,0.0,0.0,0.0,0.0,0.0,monotonic,converged
0.0025,-0.69,k0p002500000_wqm0p690000000,r_photon,ringdown,3.011298842603713,3.011298842603713,3.011298842603713,0.0,0.0,0.0,0.0,0.0,monotonic,converged
0.0025,-0.6666666666666666,k0p002500000_wqm0p666666667,r_photon,ringdown,3.01125,3.01125,3.01125,0.0,0.0,0.0,0.0,0.0,monotonic,converged
0.0025,-0.58,k0p002500000_wqm0p580000000,r_photon,ringdown,3.010652990539405,3.010652990539405,3.010652990539405,0.0,0.0,0.0,0.0,0.0,monotonic,converged
0.0025,-0.45,k0p002500000_wqm0p450000000,r_photon,ringdown,3.009088823109713,3.009088823109713,3.009088823109713,0.0,0.0,0.0,0.0,0.0,monotonic,converged
0.0,-0.7125,k0p000000000_wqm0p712500000,Omega,ringdown,0.1924500897298752,0.1924500897298752,0.1924500897298752,0.0,0.0,0.0,0.0,0.0,monotonic,converged
0.0,-0.69,k0p000000000_wqm0p690000000,Omega,ringdown,0.1924500897298752,0.1924500897298752,0.1924500897298752,0.0,0.0,0.0,0.0,0.0,monotonic,converged
0.0,-0.6666666666666666,k0p000000000_wqm0p666666667,Omega,ringdown,0.1924500897298752,0.1924500897298752,0.1924500897298752,0.0,0.0,0.0,0.0,0.0,monotonic,converged
0.0,-0.58,k0p000000000_wqm0p580000000,Omega,ringdown,0.1924500897298752,0.1924500897298752,0.1924500897298752,0.0,0.0,0.0,0.0,0.0,monotonic,converged
0.0,-0.45,k0p000000000_wqm0p450000000,Omega,ringdown,0.1924500897298752,0.1924500897298752,0.1924500897298752,0.0,0.0,0.0,0.0,0.0,monotonic,converged
0.00025,-0.58,k0p000250000_wqm0p580000000,Omega,ringdown,0.192287377905653,0.192287377905653,0.192287377905653,0.0,0.0,0.0,0.0,0.0,monotonic,converged
0.0005,-0.7125,k0p000500000_wqm0p712500000,Omega,ringdown,0.1919464675963109,0.1919464675963109,0.1919464675963109,0.0,0.0,0.0,0.0,0.0,monotonic,converged
0.0005,-0.61,k0p000500000_wqm0p610000000,Omega,ringdown,0.192090845316829,0.192090845316829,0.192090845316829,0.0,0.0,0.0,0.0,0.0,monotonic,converged
0.0005,-0.55,k0p000500000_wqm0p550000000,Omega,ringdown,0.1921553028184549,0.1921553028184549,0.1921553028184549,0.0,0.0,0.0,0.0,0.0,monotonic,converged
0.0005,-0.5,k0p000500000_wqm0p500000000,Omega,ringdown,0.1922000897298752,0.1922000897298752,0.1922000897298752,0.0,0.0,0.0,0.0,0.0,monotonic,converged
0.0005,-0.475,k0p000500000_wqm0p475000000,Omega,ringdown,0.1922198629100304,0.1922198629100304,0.1922198629100304,0.0,0.0,0.0,0.0,0.0,monotonic,converged
0.00075,-0.475,k0p000750000_wqm0p475000000,Omega,ringdown,0.192104749500108,0.192104749500108,0.192104749500108,0.0,0.0,0.0,0.0,0.0,monotonic,converged
0.001,-0.58,k0p001000000_wqm0p580000000,Omega,ringdown,0.1917992424329863,0.1917992424329863,0.1917992424329863,0.0,0.0,0.0,0.0,0.0,monotonic,converged
0.00125,-0.7125,k0p001250000_wqm0p712500000,Omega,ringdown,0.1911910343959643,0.1911910343959643,0.1911910343959643,0.0,0.0,0.0,0.0,0.0,monotonic,converged
0.00125,-0.58,k0p001250000_wqm0p580000000,Omega,ringdown,0.1916365306087641,0.1916365306087641,0.1916365306087641,0.0,0.0,0.0,0.0,0.0,monotonic,converged
0.00125,-0.45,k0p001250000_wqm0p450000000,Omega,ringdown,0.1919200458441167,0.1919200458441167,0.1919200458441167,0.0,0.0,0.0,0.0,0.0,monotonic,converged
0.0015,-0.7125,k0p001500000_wqm0p712500000,Omega,ringdown,0.1909392233291822,0.1909392233291822,0.1909392233291822,0.0,0.0,0.0,0.0,0.0,monotonic,converged
0.0015,-0.61,k0p001500000_wqm0p610000000,Omega,ringdown,0.1913723564907366,0.1913723564907366,0.1913723564907366,0.0,0.0,0.0,0.0,0.0,monotonic,converged
0.0015,-0.5,k0p001500000_wqm0p500000000,Omega,ringdown,0.1917000897298752,0.1917000897298752,0.1917000897298752,0.0,0.0,0.0,0.0,0.0,monotonic,converged
0.00175,-0.7125,k0p001750000_wqm0p712500000,Omega,ringdown,0.1906874122624,0.1906874122624,0.1906874122624,0.0,0.0,0.0,0.0,0.0,monotonic,converged
0.00175,-0.45,k0p001750000_wqm0p450000000,Omega,ringdown,0.1917080282898133,0.1917080282898133,0.1917080282898133,0.0,0.0,0.0,0.0,0.0,monotonic,converged
0.002,-0.7125,k0p002000000_wqm0p712500000,Omega,ringdown,0.1904356011956178,0.1904356011956178,0.1904356011956178,0.0,0.0,0.0,0.0,0.0,monotonic,converged
0.002,-0.69,k0p002000000_wqm0p690000000,Omega,ringdown,0.1905795836886466,0.1905795836886466,0.1905795836886466,0.0,0.0,0.0,0.0,0.0,monotonic,converged
0.002,-0.45,k0p002000000_wqm0p450000000,Omega,ringdown,0.1916020195126615,0.1916020195126615,0.1916020195126615,0.0,0.0,0.0,0.0,0.0,monotonic,converged
0.00225,-0.7125,k0p002250000_wqm0p712500000,Omega,ringdown,0.1901837901288356,0.1901837901288356,0.1901837901288356,0.0,0.0,0.0,0.0,0.0,monotonic,converged
0.00225,-0.69,k0p002250000_wqm0p690000000,Omega,ringdown,0.190345770433493,0.190345770433493,0.190345770433493,0.0,0.0,0.0,0.0,0.0,monotonic,converged
0.00225,-0.6666666666666666,k0p002250000_wqm0p666666667,Omega,ringdown,0.1905015325713602,0.1905015325713602,0.1905015325713602,0.0,0.0,0.0,0.0,0.0,monotonic,converged
0.00225,-0.55,k0p002250000_wqm0p550000000,Omega,ringdown,0.1911235486284837,0.1911235486284837,0.1911235486284837,0.0,0.0,0.0,0.0,0.0,monotonic,converged
0.00225,-0.475,k0p002250000_wqm0p475000000,Omega,ringdown,0.1914140690405736,0.1914140690405736,0.1914140690405736,0.0,0.0,0.0,0.0,0.0,monotonic,converged
0.00225,-0.45,k0p002250000_wqm0p450000000,Omega,ringdown,0.1914960107355098,0.1914960107355098,0.1914960107355098,0.0,0.0,0.0,0.0,0.0,monotonic,converged
0.0025,-0.7125,k0p002500000_wqm0p712500000,Omega,ringdown,0.1899319790620535,0.1899319790620535,0.1899319790620535,0.0,0.0,0.0,0.0,0.0,monotonic,converged
0.0025,-0.69,k0p002500000_wqm0p690000000,Omega,ringdown,0.1901119571783394,0.1901119571783394,0.1901119571783394,0.0,0.0,0.0,0.0,0.0,monotonic,converged
0.0025,-0.6666666666666666,k0p002500000_wqm0p666666667,Omega,ringdown,0.1902850262204141,0.1902850262204141,0.1902850262204141,0.0,0.0,0.0,0.0,0.0,monotonic,converged
0.0025,-0.58,k0p002500000_wqm0p580000000,Omega,ringdown,0.1908229714876529,0.1908229714876529,0.1908229714876529,0.0,0.0,0.0,0.0,0.0,monotonic,converged
0.0025,-0.45,k0p002500000_wqm0p450000000,Omega,ringdown,0.1913900019583581,0.1913900019583581,0.1913900019583581,0.0,0.0,0.0,0.0,0.0,monotonic,converged
0.0,-0.7125,k0p000000000_wqm0p712500000,lambda,ringdown,0.1924500897298752,0.1924500897298752,0.1924500897298752,0.0,0.0,0.0,0.0,0.0,monotonic,converged
0.0,-0.69,k0p000000000_wqm0p690000000,lambda,ringdown,0.1924500897298752,0.1924500897298752,0.1924500897298752,0.0,0.0,0.0,0.0,0.0,monotonic,converged
0.0,-0.6666666666666666,k0p000000000_wqm0p666666667,lambda,ringdown,0.1924500897298752,0.1924500897298752,0.1924500897298752,0.0,0.0,0.0,0.0,0.0,monotonic,converged
0.0,-0.58,k0p000000000_wqm0p580000000,lambda,ringdown,0.1924500897298752,0.1924500897298752,0.1924500897298752,0.0,0.0,0.0,0.0,0.0,monotonic,converged
0.0,-0.45,k0p000000000_wqm0p450000000,lambda,ringdown,0.1924500897298752,0.1924500897298752,0.1924500897298752,0.0,0.0,0.0,0.0,0.0,monotonic,converged
0.00025,-0.58,k0p000250000_wqm0p580000000,lambda,ringdown,0.1922279230050822,0.1922279230050822,0.1922279230050822,0.0,0.0,0.0,0.0,0.0,monotonic,converged
0.0005,-0.7125,k0p000500000_wqm0p712500000,lambda,ringdown,0.1917917218266774,0.1917917218266774,0.1917917218266774,0.0,0.0,0.0,0.0,0.0,monotonic,converged
0.0005,-0.61,k0p000500000_wqm0p610000000,lambda,ringdown,0.1919626489480335,0.1919626489480335,0.1919626489480335,0.0,0.0,0.0,0.0,0.0,monotonic,converged
0.0005,-0.55,k0p000500000_wqm0p550000000,lambda,ringdown,0.1920458631775901,0.1920458631775901,0.1920458631775901,0.0,0.0,0.0,0.0,0.0,monotonic,converged
0.0005,-0.5,k0p000500000_wqm0p500000000,lambda,ringdown,0.1921063397298752,0.1921063397298752,0.1921063397298752,0.0,0.0,0.0,0.0,0.0,monotonic,converged
0.0005,-0.475,k0p000500000_wqm0p475000000,lambda,ringdown,0.1921337436902322,0.1921337436902322,0.1921337436902322,0.0,0.0,0.0,0.0,0.0,monotonic,converged
0.00075,-0.475,k0p000750000_wqm0p475000000,lambda,ringdown,0.1919755706704107,0.1919755706704107,0.1919755706704107,0.0,0.0,0.0,0.0,0.0,monotonic,converged
0.001,-0.58,k0p001000000_wqm0p580000000,lambda,ringdown,0.1915614228307031,0.1915614228307031,0.1915614228307031,0.0,0.0,0.0,0.0,0.0,monotonic,converged
0.00125,-0.7125,k0p001250000_wqm0p712500000,lambda,ringdown,0.1908041699718806,0.1908041699718806,0.1908041699718806,0.0,0.0,0.0,0.0,0.0,monotonic,converged
0.00125,-0.58,k0p001250000_wqm0p580000000,lambda,ringdown,0.19133925610591,0.19133925610591,0.19133925610591,0.0,0.0,0.0,0.0,0.0,monotonic,converged
0.00125,-0.45,k0p001250000_wqm0p450000000,lambda,ringdown,0.1917232670515288,0.1917232670515288,0.1917232670515288,0.0,0.0,0.0,0.0,0.0,monotonic,converged
0.0015,-0.7125,k0p001500000_wqm0p712500000,lambda,ringdown,0.1904749860202817,0.1904749860202817,0.1904749860202817,0.0,0.0,0.0,0.0,0.0,monotonic,converged
0.0015,-0.61,k0p001500000_wqm0p610000000,lambda,ringdown,0.19098776738435,0.19098776738435,0.19098776738435,0.0,0.0,0.0,0.0,0.0,monotonic,converged
0.0015,-0.5,k0p001500000_wqm0p500000000,lambda,ringdown,0.1914188397298752,0.1914188397298752,0.1914188397298752,0.0,0.0,0.0,0.0,0.0,monotonic,converged
0.00175,-0.7125,k0p001750000_wqm0p712500000,lambda,ringdown,0.1901458020686828,0.1901458020686828,0.1901458020686828,0.0,0.0,0.0,0.0,0.0,monotonic,converged
0.00175,-0.45,k0p001750000_wqm0p450000000,lambda,ringdown,0.1914325379801902,0.1914325379801902,0.1914325379801902,0.0,0.0,0.0,0.0,0.0,monotonic,converged
0.002,-0.7125,k0p002000000_wqm0p712500000,lambda,ringdown,0.1898166181170839,0.1898166181170839,0.1898166181170839,0.0,0.0,0.0,0.0,0.0,monotonic,converged
0.002,-0.69,k0p002000000_wqm0p690000000,lambda,ringdown,0.1899794318253184,0.1899794318253184,0.1899794318253184,0.0,0.0,0.0,0.0,0.0,monotonic,converged
0.002,-0.45,k0p002000000_wqm0p450000000,lambda,ringdown,0.191287173444521,0.191287173444521,0.191287173444521,0.0,0.0,0.0,0.0,0.0,monotonic,converged
0.00225,-0.7125,k0p002250000_wqm0p712500000,lambda,ringdown,0.189487434165485,0.189487434165485,0.189487434165485,0.0,0.0,0.0,0.0,0.0,monotonic,converged
0.00225,-0.69,k0p002250000_wqm0p690000000,lambda,ringdown,0.1896705995872488,0.1896705995872488,0.1896705995872488,0.0,0.0,0.0,0.0,0.0,monotonic,converged
0.00225,-0.6666666666666666,k0p002250000_wqm0p666666667,lambda,ringdown,0.1898520135185219,0.1898520135185219,0.1898520135185219,0.0,0.0,0.0,0.0,0.0,monotonic,converged
0.00225,-0.55,k0p002250000_wqm0p550000000,lambda,ringdown,0.1906310702445921,0.1906310702445921,0.1906310702445921,0.0,0.0,0.0,0.0,0.0,monotonic,converged
0.00225,-0.475,k0p002250000_wqm0p475000000,lambda,ringdown,0.1910265325514817,0.1910265325514817,0.1910265325514817,0.0,0.0,0.0,0.0,0.0,monotonic,converged
0.00225,-0.45,k0p002250000_wqm0p450000000,lambda,ringdown,0.1911418089088517,0.1911418089088517,0.1911418089088517,0.0,0.0,0.0,0.0,0.0,monotonic,converged
0.0025,-0.7125,k0p002500000_wqm0p712500000,lambda,ringdown,0.189158250213886,0.189158250213886,0.189158250213886,0.0,0.0,0.0,0.0,0.0,monotonic,converged
0.0025,-0.69,k0p002500000_wqm0p690000000,lambda,ringdown,0.1893617673491792,0.1893617673491792,0.1893617673491792,0.0,0.0,0.0,0.0,0.0,monotonic,converged
0.0025,-0.6666666666666666,k0p002500000_wqm0p666666667,lambda,ringdown,0.1895633383839271,0.1895633383839271,0.1895633383839271,0.0,0.0,0.0,0.0,0.0,monotonic,converged
0.0025,-0.58,k0p002500000_wqm0p580000000,lambda,ringdown,0.1902284224819449,0.1902284224819449,0.1902284224819449,0.0,0.0,0.0,0.0,0.0,monotonic,converged
0.0025,-0.45,k0p002500000_wqm0p450000000,lambda,ringdown,0.1909964443731824,0.1909964443731824,0.1909964443731824,0.0,0.0,0.0,0.0,0.0,monotonic,converged
